year,UNITID,LCOLELYN,XLPBOOKS,LPBOOKS,XLEBOOKS,LEBOOKS,XLEDATAB,LEDATAB,XLPMEDIA,LPMEDIA,XLEMEDIA,LEMEDIA,XLPSERIA,LPSERIA,XLESERIA,LESERIA,XLPCOLLC,LPCLLCT,XLECOLLC,LECLLCT,XLTCLLCT,LTCLLCT,XLPCRCLT,LPCRCLT,XLECRCLT,LECRCLT,XLTCRCLT,LTCRCLT,LILLDYN,XLILLDPR,LILLDPR,XLILLDRC,LILLDRC,XLBRANCH,LBRANCH,XSALWAG,LSALWAG,LFRNGBYN,XLFRNGBN,LFRNGBN,XLEXMSBB,LEXMSBB,XLEXMSCS,LEXMSCS,XLEXMSOT,LEXMSOT,XLEXMSTL,LEXMSTL,XLEXOMPS,LEXOMPS,XLEXOMOT,LEXOMOT,XLEXOMTL,LEXOMTL,XLEXPTOT,LEXPTOT,LSWMSOM ,LEXP100K,LILSYN,XLSTOTAL,LSTOTAL,XLSLIBRN,LSLIBRN,XLSOPROF,LSOPROF,XLSOPAID,LSOPAID,XLSSTAST,LSSTAST
2018,100858,2,R,1593390,R,1043354,R,245,R,608151,R,56424,R,76345,R,94890,R,2277886,R,1194913,R,3472799,R,47796,R,338708,R,386504,1,R,32813,R,7917,R,2,R,5039856,1,R,1377025,R,1091765,R,7410063,R,32582,R,8534410,R,20868,R,1406607,R,1427475,R,16378766,15001741,,,,,,,,,,,,
2018,110404,2,R,276995,R,74744,R,197,R,8210,R,355,R,6183,R,5495,R,291388,R,80791,R,372179,R,20408,R,2276424,R,2296832,1,R,7050,R,14334,R,5,R,2640525,1,R,708343,R,253750,R,2921804,R,0,R,3175554,R,0,R,1282646,R,1282646,R,7807068,7098725,,,,,,,,,,,,
2018,110635,2,R,7381824,R,1502169,R,8163,R,19733247,R,20352,R,306084,R,165644,R,27421155,R,1696328,R,29117483,R,323937,R,4572356,R,4896293,1,R,24335,R,11677,R,28,R,31470028,1,R,12722636,R,8233069,R,13525794,R,458865,R,22217728,R,389257,R,4712060,R,5101317,R,71511709,58789073,,,,,,,,,,,,
2018,110644,2,R,2312614,R,1344519,R,723,R,249998,Z,0,R,106593,Z,0,R,2669205,R,1345242,R,4014447,R,79442,R,248136,R,327578,1,R,19663,R,14598,R,4,R,10143670,1,R,4529970,R,1776981,R,7833226,R,61775,R,9671982,R,81978,R,2054123,R,2136101,R,26481723,21951753,,,,,,,,,,,,
2018,110653,2,R,1991992,R,1326283,R,1652,R,336229,R,150824,R,4309,R,177370,R,2332530,R,1656129,R,3988659,R,76184,R,2346,R,78530,1,R,11402,R,14095,R,3,R,11556743,1,R,4947519,R,1436981,R,8001793,R,222148,R,9660922,R,9647,R,2417547,R,2427194,R,28592378,23644859,,,,,,,,,,,,
2018,110662,2,R,13047310,R,1230997,R,1945,R,4856960,Z,0,R,6278,R,141490,R,17910548,R,1374432,R,19284980,R,588405,R,27373649,R,27962054,1,R,28012,R,27558,R,12,R,30922638,1,R,11933319,R,6944384,R,10574068,R,1775024,R,19293476,R,567694,R,9182921,R,9750615,R,71900048,59966729,,,,,,,,,,,,
2018,110671,2,R,5019368,R,1072469,R,2088,R,80238,R,61953,R,2308,R,118486,R,5101914,R,1254996,R,6356910,R,48720,R,125541,R,174261,1,R,10678,R,12457,R,3,R,7923162,1,R,3233754,R,770738,R,3940808,R,1070108,R,5781654,R,25730,R,1044378,R,1070108,R,18008678,14774924,,,,,,,,,,,,
2018,110680,2,R,1246614,R,1458478,R,3685,R,209760,R,159347,R,65404,R,155473,R,1521778,R,1776983,R,3298761,R,154581,R,2110120,R,2264701,1,R,21558,R,14806,R,1,R,17089075,2,Z,0,R,1995603,R,7869098,R,0,R,9864701,R,144755,R,5037159,R,5181914,R,32135690,32135690,,,,,,,,,,,,
2018,110705,2,R,2583659,R,928871,R,717,R,301631,R,0,R,120180,R,59717,R,3005470,R,989305,R,3994775,R,163636,R,2337709,R,2501345,1,R,8149,R,23117,R,1,R,10368933,2,Z,0,R,1340249,R,4400761,R,53219,R,5794229,R,0,R,3790176,R,3790176,R,19953338,19953338,,,,,,,,,,,,
2018,110714,2,R,1373943,R,1121475,R,538,R,497359,R,154113,R,44167,R,72348,R,1915469,R,1348474,R,3263943,R,147985,R,567525,R,715510,1,R,9271,R,9909,R,0,R,5178192,1,R,2127965,R,672710,R,2696082,R,152565,R,3521357,R,31355,R,1641153,R,1672508,R,12500022,10372057,,,,,,,,,,,,
2018,121150,2,R,311392,R,356075,R,128,R,29444,R,92999,R,312,R,66464,R,341148,R,515666,R,856814,R,23111,R,66858,R,89969,1,R,6724,R,7199,R,5,R,2128472,1,R,699148,R,283597,R,1220817,R,77356,R,1581770,R,843,R,290838,R,291681,R,4701071,4001923,,,,,,,,,,,,
2018,122931,2,R,587119,R,553596,R,356,R,120437,R,3021,R,13833,R,95500,R,721389,R,652473,R,1373862,R,34935,R,186380,R,221315,1,R,20670,R,10409,R,1,R,3491391,2,R,0,R,522530,R,4121814,R,68761,R,4713105,R,95186,R,463789,R,558975,R,8763471,8763471,,,,,,,,,,,,
2018,123961,2,R,4012295,R,2858683,R,1011,Z,0,Z,0,R,77299,R,172964,R,4089594,R,3032658,R,7122252,R,128545,R,2700062,R,2828607,1,R,21658,R,23805,R,24,R,15261039,1,R,6540380,R,5334619,R,16820757,R,0,R,22155376,R,33184,R,3425006,R,3458190,R,47414985,40874605,,,,,,,,,,,,
2018,126614,2,R,2165496,R,2641057,R,1019,R,117969,R,62285,R,96212,R,202761,R,2379677,R,2907122,R,5286799,R,174804,R,164508,R,339312,1,R,73488,R,23072,R,4,R,9754207,1,R,23917,R,2545666,R,10054922,R,347110,R,12947698,R,65423,R,3328194,R,3393617,R,26119439,26095522,,,,,,,,,,,,
2018,126775,2,R,409392,R,732071,R,162,R,631524,R,20140,R,527,R,197641,R,1041443,R,950014,R,1991457,R,12665,R,212055,R,224720,1,R,4483,R,1580,R,0,R,1292900,1,R,523070,R,226659,R,1539583,R,12513,R,1778755,R,5379,R,290051,R,295430,R,3890155,3367085,,,,,,,,,,,,
2018,129020,2,R,1667824,R,728582,R,833,R,171732,R,105667,R,52410,R,223918,R,1891966,R,1059000,R,2950966,R,82737,R,784913,R,867650,1,R,23909,R,32513,R,7,R,9232617,1,R,5404604,R,899452,R,10525937,R,1526898,R,12952287,R,32462,R,1030728,R,1063190,R,28652698,23248094,,,,,,,,,,,,
2018,130794,2,R,8422495,R,1937655,R,2164,R,257587,R,107618,R,343492,R,246552,R,9023574,R,2293989,R,11317563,R,313266,R,12095765,R,12409031,1,R,53655,R,60947,R,11,R,41116569,2,Z,0,R,26169100,R,15616256,R,118277,R,41903633,R,832872,R,20964260,R,21797132,R,104817334,104817334,,,,,,,,,,,,
2018,130943,2,R,2891602,R,670435,R,438,R,67245,R,1114033,R,1309,R,100413,R,2960156,R,1885319,R,4845475,R,65206,R,651336,R,716542,1,R,29071,R,14243,R,3,R,8358844,1,R,4012322,R,2782873,R,9027485,R,31471,R,11841829,R,93631,R,2448589,R,2542220,R,26755215,22742893,,,,,,,,,,,,
2018,131159,2,R,798418,R,907079,R,591,R,64481,R,115610,R,6035,R,178649,R,868934,R,1201929,R,2070863,R,69315,R,751244,R,820559,1,R,26358,R,20228,R,1,R,6787249,1,R,1771297,R,1239282,R,5438076,R,134377,R,6811735,R,43578,R,1665704,R,1709282,R,17079563,15308266,,,,,,,,,,,,
2018,131469,2,R,1117470,R,1294371,R,773,R,151590,R,28066,R,20717,R,208133,R,1289777,R,1531343,R,2821120,R,94219,R,1161164,R,1255383,1,R,16192,R,44855,R,4,R,16490707,1,R,4046381,R,1711557,R,9138800,R,1959630,R,12809987,R,16286,R,4754400,R,4770686,R,38117761,34071380,,,,,,,,,,,,
2018,131496,2,R,1904901,R,2321116,R,1519,R,209692,R,87376,R,43612,R,268319,R,2158205,R,2678330,R,4836535,R,191472,R,1599481,R,1790953,1,R,33564,R,32283,R,6,R,13008452,1,R,4737004,R,2643219,R,9870349,R,194555,R,12708123,R,94262,R,3467279,R,3561541,R,34015120,29278116,,,,,,,,,,,,
2018,131520,2,R,1366064,R,439180,R,156,R,172439,R,172439,R,3796,R,65499,R,1542299,R,677274,R,2219573,R,7363,R,233399,R,240762,1,R,10912,R,4710,R,5,R,3555482,1,R,889244,R,121899,R,2846258,R,237997,R,3206154,R,57100,R,50000,R,107100,R,7757980,6868736,,,,,,,,,,,,
2018,133951,2,R,1150687,R,453920,Z,0,R,427778,R,94302,R,60706,R,132570,R,1639171,R,680792,R,2319963,R,60251,R,586576,R,646827,1,R,13239,R,8855,R,4,R,7625152,1,R,2553213,R,1403305,R,7544264,R,132033,R,9079602,R,10118,R,575645,R,585763,R,19843730,17290517,,,,,,,,,,,,
2018,134097,2,R,1825076,R,1737122,R,446,R,371790,R,127933,R,15684,R,319943,R,2212550,R,2185444,R,4397994,R,84231,R,364868,R,449099,1,R,12109,R,11735,R,8,R,8803666,1,R,2314866,R,1302254,R,9089631,R,244543,R,10636428,R,12006,R,842909,R,854915,R,22609875,20295009,,,,,,,,,,,,
2018,134130,2,R,5166684,R,1493534,R,1092,R,827509,R,157019,R,2932,R,145820,R,5997125,R,1797465,R,7794590,R,109408,R,1511582,R,1620990,1,R,8818,R,21449,R,8,R,15772311,1,R,4608062,R,1516389,R,11896414,R,273196,R,13685999,R,8225,R,4469316,R,4477541,R,38543913,33935851,,,,,,,,,,,,
2018,135726,2,R,1763634,R,1078897,R,674,R,242049,R,155368,R,54157,R,117625,R,2059840,R,1352564,R,3412404,R,96059,R,247202,R,343261,1,R,16157,R,6404,R,6,R,9672205,1,R,2726345,R,1812542,R,11483617,R,401198,R,13697357,R,32349,R,5176191,R,5208540,R,31304447,28578102,,,,,,,,,,,,
2018,137351,2,R,1165150,R,721020,R,941,R,995663,R,68625,R,435,R,65050,R,2161248,R,855636,R,3016884,R,99604,R,871091,R,970695,1,R,15208,R,14223,R,2,R,6077772,1,R,1914625,R,1334873,R,8254624,R,194679,R,9784176,R,0,R,1292315,R,1292315,R,19068888,17154263,,,,,,,,,,,,
2018,139658,2,R,2351020,R,1135147,R,1111,R,278916,R,85007,R,68031,R,336390,R,2697967,R,1557655,R,4255622,R,125328,R,1322760,R,1448088,1,R,21603,R,11226,R,8,R,20269692,1,R,5273011,R,6885642,R,14442365,R,36247,R,21364254,R,229319,R,6172422,R,6401741,R,53308698,48035687,,,,,,,,,,,,
2018,139755,2,R,418628,R,1257098,R,421,R,2236239,R,45679,R,17192,R,215344,R,2672059,R,1518542,R,4190601,R,8190,R,1305573,R,1313763,1,R,4628,R,4508,R,1,R,5974587,1,R,1750360,R,949313,R,8032509,R,10602,R,8992424,R,0,R,897478,R,897478,R,17614849,15864489,,,,,,,,,,,,
2018,139959,2,R,4017355,R,1233829,R,629,R,794253,R,255283,R,92728,R,126601,R,4904336,R,1616342,R,6520678,R,225341,R,755592,R,980933,1,R,31179,R,8285,R,15,R,11364689,1,R,3812501,R,2040513,R,11587951,R,743537,R,14372001,R,150090,R,2366357,R,2516447,R,32065638,28253137,,,,,,,,,,,,
2018,144050,2,R,5595968,R,1843420,R,1372,R,93730,R,131700,R,193053,R,165166,R,5882751,R,2141658,R,8024409,R,174693,R,1468636,R,1643329,1,R,55328,R,42903,R,5,R,12604874,1,R,3231638,R,4951200,R,12334887,R,540172,R,17826259,R,331329,R,2302901,R,2634230,R,36297001,33065363,,,,,,,,,,,,
2018,145600,2,R,2749951,R,854165,R,635,R,9300,R,0,R,1900,R,60000,R,2761151,R,914800,R,3675951,R,117450,R,4227172,R,4344622,1,R,40626,R,34864,R,4,R,7577887,2,Z,0,R,611312,R,6290453,R,0,R,6901765,R,3727,R,2282641,R,2286368,R,16766020,16766020,,,,,,,,,,,,
2018,145637,2,R,5731123,R,1426033,R,1026,R,358564,R,388782,R,230967,R,140215,R,6320654,R,1956056,R,8276710,R,316273,R,3308204,R,3624477,1,R,70058,R,40918,R,14,R,22239739,2,Z,0,R,4980071,R,14197569,R,653895,R,19831535,R,377063,R,3172748,R,3549811,R,45621085,45621085,,,,,,,,,,,,
2018,147767,2,R,2546344,R,1975809,R,960,R,373705,R,183388,R,100901,R,173089,R,3020950,R,2333246,R,5354196,R,108234,R,3240606,R,3348840,1,R,32056,R,37876,R,2,R,17608560,1,R,4590808,R,4748235,R,13344380,R,0,R,18092615,R,595043,R,3810180,R,4405223,R,44697206,40106398,,,,,,,,,,,,
2018,151351,2,R,4692626,R,2207064,R,1962,R,346233,R,3439980,R,153391,R,220794,R,5192250,R,5869800,R,11062050,R,245019,R,2160237,R,2405256,1,R,31111,R,20049,R,15,R,16887116,1,R,6085383,R,6393231,R,11212253,R,661023,R,18266507,R,197882,R,5013053,R,5210935,R,46449941,40364558,,,,,,,,,,,,
2018,152080,2,R,2389977,R,1005872,R,673,R,217859,R,99479,R,56183,R,126961,R,2664019,R,1232985,R,3897004,R,117516,R,1156145,R,1273661,1,R,22494,R,23029,R,10,R,12349066,1,R,3775880,R,5235826,R,8865451,R,526070,R,14627347,R,188487,R,1844430,R,2032917,R,32785210,29009330,,,,,,,,,,,,
2018,160755,2,R,1858898,R,1234550,R,877,R,34347,R,5580,R,58086,R,170958,R,1951331,R,1411965,R,3363296,R,65053,R,211209,R,276262,1,R,10475,R,6571,R,6,R,5627936,1,R,1263498,R,2368518,R,9832779,R,790218,R,12991515,R,0,R,1261686,R,1261686,R,21144635,19881137,,,,,,,,,,,,
2018,162928,2,R,2426919,R,1755896,R,836,R,851830,R,143523,R,51824,R,154044,R,3330573,R,2054299,R,5384872,R,132025,R,1425219,R,1557244,1,R,57764,R,39636,R,11,R,15400533,1,R,4894788,R,3868453,R,18034238,R,400588,R,22303279,R,70852,R,9464383,R,9535235,R,52133835,47239047,,,,,,,,,,,,
2018,163286,2,R,2149249,R,2810173,R,874,R,337489,R,302012,R,16840,R,103737,R,2503578,R,3216796,R,5720374,R,120132,R,1092136,R,1212268,1,R,36548,R,51147,R,6,R,13385471,2,Z,0,R,1635128,R,10245410,R,765371,R,12645909,R,201106,R,3666536,R,3867642,R,29899022,29899022,,,,,,,,,,,,
2018,164924,2,R,1482343,R,875636,R,994,R,298999,R,38756,R,41441,R,87469,R,1822783,R,1002855,R,2825638,R,156692,R,262330,R,419022,1,R,42050,R,48800,R,7,R,10844334,1,R,3790365,R,2813391,R,10403373,R,155518,R,13372282,R,178504,R,1211961,R,1390465,R,29397446,25607081,,,,,,,,,,,,
2018,164988,2,R,1175852,R,2562033,R,783,R,163904,R,57677,R,294676,R,126184,R,1634432,R,2746677,R,4381109,R,52922,R,2030250,R,2083172,1,R,16070,R,13913,R,20,R,11635837,1,R,2760589,R,1154982,R,10647340,R,183589,R,11985911,R,175827,R,2357367,R,2533194,R,28915531,26154942,,,,,,,,,,,,
2018,165015,2,R,1019705,R,1092062,R,445,R,148285,R,44119,R,11941,R,37330,R,1179931,R,1173956,R,2353887,R,32478,R,448568,R,481046,1,R,10019,R,11928,R,0,R,3301140,1,R,791508,R,386297,R,3471786,R,321847,R,4179930,R,66518,R,622846,R,689364,R,8961942,8170434,,,,,,,,,,,,
2018,166027,2,R,15378357,R,2047212,R,1491,R,767175,R,259894,R,591997,R,195617,R,16737529,R,2504214,R,19241743,R,510266,R,2660009,R,3170275,1,R,43700,R,73605,R,33,R,56575771,1,R,20066014,R,15607082,R,20562571,R,9596432,R,45766085,R,1604369,R,65244399,R,66848768,R,189256638,169190624,,,,,,,,,,,,
2018,166629,2,R,1839787,R,1581203,R,558,R,49846,R,420000,R,2297,R,126215,R,1891930,R,2127976,R,4019906,R,115541,R,2462395,R,2577936,1,R,21579,R,25030,R,2,R,8993771,1,R,141829,R,634466,R,7066430,R,720429,R,8421325,R,21238,R,2653950,R,2675188,R,20232113,20090284,,,,,,,,,,,,
2018,166683,2,R,1327012,R,758981,R,336,R,377965,R,8110012,R,50139,R,58996,R,1755116,R,8928325,R,10683441,R,83048,R,1923801,R,2006849,1,R,22745,R,24941,R,4,R,12891086,1,R,3166987,R,1245135,R,9811225,R,350657,R,11407017,R,0,R,3473603,R,3473603,R,30938693,27771706,,,,,,,,,,,,
2018,167358,2,R,527386,R,948464,R,397,R,128091,R,123499,R,8126,R,135374,R,663603,R,1207734,R,1871337,R,56910,R,1785419,R,1842329,1,R,11687,R,23382,R,1,R,5727231,1,R,1723527,R,454591,R,7375281,R,129407,R,7959279,R,0,R,1300140,R,1300140,R,16710177,14986650,,,,,,,,,,,,
2018,168148,2,R,874362,R,600956,R,628,R,84385,R,189422,R,15949,R,81697,R,974696,R,872703,R,1847399,R,124525,R,1412724,R,1537249,1,R,18688,R,9178,R,6,R,5756380,1,R,1526774,R,1904274,R,9794650,R,114302,R,11813226,R,41437,R,882422,R,923859,R,20020239,18493465,,,,,,,,,,,,
2018,168421,2,R,192701,R,750858,R,215,R,5262,R,189526,R,5371,R,143312,R,203334,R,1083911,R,1287245,R,5852,R,574989,R,580841,1,R,2152,R,3303,R,0,R,1350240,1,R,343374,R,76953,R,2580472,R,14935,R,2672360,R,20400,R,330100,R,350500,R,4716474,4373100,,,,,,,,,,,,
2018,170976,2,R,11979630,R,3689586,R,4091,R,1624854,R,476051,R,320457,R,221979,R,13924941,R,4391707,R,18316648,R,524590,R,6350012,R,6874602,1,R,71024,R,44222,R,10,R,34503244,1,R,10666147,R,8171244,R,18090563,R,1638525,R,27900332,R,280669,R,8812193,R,9092862,R,82162585,71496438,,,,,,,,,,,,
2018,171100,2,R,3563089,R,3012669,R,1558,R,870221,R,173137,R,136425,R,194857,R,4569735,R,3382221,R,7951956,R,163147,R,2411964,R,2575111,1,R,58756,R,17467,R,2,R,13867680,2,Z,0,R,4796417,R,13991591,R,50895,R,18838903,R,715,R,3759371,R,3760086,R,36466669,36466669,,,,,,,,,,,,
2018,174066,2,R,4057073,R,1283286,R,896,R,1031223,R,68297,R,153623,R,285695,R,5241919,R,1638174,R,6880093,R,172332,R,490078,R,662410,1,R,111746,R,43334,R,23,R,19525923,1,R,5649558,R,4082122,R,14849918,R,1135186,R,20067226,R,0,R,4334895,R,4334895,R,49577602,43928044,,,,,,,,,,,,
2018,179867,2,R,1989032,R,2020798,R,955,R,65839,R,66351,R,57385,R,170031,R,2112256,R,2258135,R,4370391,R,113634,R,1270040,R,1383674,1,R,37363,R,37763,R,11,R,11362729,1,R,3766098,R,2306822,R,12227449,R,65822,R,14600093,R,51862,R,11090227,R,11142089,R,40871009,37104911,,,,,,,,,,,,
2018,182670,2,R,2600138,R,991009,R,2430,R,1278571,R,85085,R,12000,R,134666,R,3890709,R,1213190,R,5103899,R,180588,R,1431103,R,1611691,1,R,49791,R,28638,R,7,R,9167871,1,R,2925038,R,1607956,R,10124420,R,333706,R,12066082,R,45492,R,1848274,R,1893766,R,26052757,23127719,,,,,,,,,,,,
2018,185828,2,R,138456,R,185262,R,35,R,80684,R,4,R,50,R,185301,R,219190,R,370602,R,589792,R,8015,R,21059,R,29074,1,R,1804,R,2011,R,1,R,1863764,1,R,897920,R,141629,R,1452058,R,2091,R,1595778,R,0,R,162576,R,162576,R,4520038,3622118,,,,,,,,,,,,
2018,186131,2,R,7295084,R,2299157,R,1961,R,494425,R,163858,R,160811,R,256100,R,7950320,R,2721076,R,10671396,R,188645,R,2212712,R,2401357,1,R,54063,R,58401,R,9,R,22138657,1,R,5919754,R,15801693,R,16099444,R,1547560,R,33448697,R,726758,R,4118259,R,4845017,R,66352125,60432371,,,,,,,,,,,,
2018,186371,2,R,342904,R,29770,R,9,R,5154,R,0,R,40807,R,0,R,388865,R,29779,R,418644,R,15946,R,6586,R,22532,1,R,1913,R,237,R,1,R,2535111,1,R,769296,R,196860,R,1288521,R,160186,R,1645567,R,1341,R,387164,R,388505,R,5338479,4569183,,,,,,,,,,,,
2018,186380,2,R,1996209,R,752139,R,748,R,151832,R,47548,R,68784,R,162434,R,2216825,R,962869,R,3179694,R,126247,R,63916,R,190163,1,R,41057,R,40130,R,9,R,14905254,1,R,7171823,R,1240164,R,9314473,R,182359,R,10736996,R,40000,R,2759628,R,2799628,R,35613701,28441878,,,,,,,,,,,,
2018,186399,2,R,412418,R,35011,R,9,R,113124,R,0,R,67131,R,46482,R,592673,R,81502,R,674175,R,22822,R,14697,R,37519,1,R,1335,R,284,R,1,R,4643586,1,R,1595860,R,260676,R,2139464,R,180411,R,2580551,R,1345,R,657997,R,659342,R,9479339,7883479,,,,,,,,,,,,
2018,186867,2,R,65412,R,238466,R,72,R,0,R,1,R,898,R,39142,R,66310,R,277681,R,343991,R,1187,R,273243,R,274430,1,R,344,R,1031,R,0,R,902519,1,R,222830,R,6645,R,970804,R,7242,R,984691,R,38267,R,144610,R,182877,R,2292917,2070087,,,,,,,,,,,,
2018,190415,2,R,5082076,R,1661587,R,4207,R,533575,R,429748,R,240579,R,148820,R,5856230,R,2244362,R,8100592,R,226162,R,2832031,R,3058193,1,R,46933,R,45922,R,15,R,24121245,1,R,6563909,R,4801843,R,13308941,R,327945,R,18438729,R,150946,R,13756528,R,13907474,R,63031357,56467448,,,,,,,,,,,,
2018,191241,2,R,1046246,R,992051,R,444,R,53689,R,28188,R,16353,R,94307,R,1116288,R,1114990,R,2231278,R,58689,R,228712,R,287401,1,R,10528,R,8026,R,3,R,6581506,1,R,3389634,R,898405,R,4944529,R,1254653,R,7097587,R,79242,R,1069633,R,1148875,R,18217602,14827968,,,,,,,,,,,,
2018,193900,2,R,3371495,R,1586192,R,1152,R,282917,R,433243,R,51377,R,197567,R,3705789,R,2218154,R,5923943,R,205242,R,9390713,R,9595955,1,R,30172,R,43382,R,9,R,22157048,1,R,6475279,R,12397706,R,12889187,R,680479,R,25967372,R,47071,R,6697880,R,6744951,R,61344650,54869371,,,,,,,,,,,,
2018,194824,2,R,314697,R,259949,R,202,R,19253,R,56516,R,3910,R,54784,R,337860,R,371451,R,709311,R,9687,R,603839,R,613526,1,R,4559,R,4721,R,1,R,753115,1,R,208084,R,122033,R,2312430,R,28792,R,2463255,R,0,R,624903,R,624903,R,4049357,3841273,,,,,,,,,,,,
2018,195003,2,R,321653,R,394406,R,254,R,65540,R,12049,R,5985,R,73743,R,393178,R,480452,R,873630,R,33980,R,842135,R,876115,1,R,3562,R,5103,R,0,R,2710543,2,Z,0,R,163770,R,2455858,R,33097,R,2652725,R,13635,R,330097,R,343732,R,5707000,5707000,,,,,,,,,,,,
2018,195030,2,R,3244749,R,934370,R,599,R,156248,R,56240,R,48259,R,106024,R,3449256,R,1097233,R,4546489,R,116289,R,662499,R,778788,1,R,15152,R,18655,R,7,R,8234225,1,R,2346962,R,2372966,R,9785265,R,84200,R,12242431,R,0,R,2506688,R,2506688,R,25330306,22983344,,,,,,,,,,,,
2018,196079,2,R,1648321,R,1058592,R,425,R,135826,R,1610,R,111045,R,63101,R,1895192,R,1123728,R,3018920,R,84960,R,180047,R,265007,1,R,18500,R,12592,R,4,R,5072238,2,Z,0,R,829534,R,5785477,R,337143,R,6952154,R,139576,R,661974,R,801550,R,12825942,12825942,,,,,,,,,,,,
2018,196088,2,R,1881573,R,968597,R,411,R,353974,R,10894,R,3127,R,191292,R,2238674,R,1171194,R,3409868,R,69584,R,520664,R,590248,1,R,26445,R,36469,R,9,R,9257510,2,Z,0,R,943503,R,9039572,R,193125,R,10176200,R,31658,R,1641713,R,1673371,R,21107081,21107081,,,,,,,,,,,,
2018,196097,2,R,1199754,R,352524,R,670,R,50290,R,5838,R,1187,R,170894,R,1251231,R,529926,R,1781157,R,53056,R,12786,R,65842,1,R,15639,R,9966,R,7,R,5965672,2,Z,0,R,152436,R,8551214,R,315372,R,9019022,R,147915,R,342597,R,490512,R,15475206,15475206,,,,,,,,,,,,
2018,196413,2,R,1487263,R,545994,R,586,R,112766,Z,0,R,33881,R,125294,R,1633910,R,671874,R,2305784,R,131188,R,70893,R,202081,1,R,28864,R,14602,R,3,R,10293408,1,R,3835344,R,2638023,R,9067330,R,318905,R,12024258,R,147915,R,2599664,R,2747579,R,28900589,25065245,,,,,,,,,,,,
2018,197708,2,R,1478633,R,470572,R,1189,R,13658,Z,0,R,4281,R,102641,R,1496572,R,574402,R,2070974,R,17872,R,97951,R,115823,1,R,5836,R,2969,R,4,R,3862039,1,R,1327818,R,362310,R,5756015,R,234968,R,6353293,R,9988,R,297214,R,307202,R,11850352,10522534,,,,,,,,,,,,
2018,198419,2,R,4341868,R,1901634,R,1212,R,397573,R,322307,R,134628,R,280273,R,4874069,R,2505426,R,7379495,R,292556,R,1560035,R,1852591,1,R,36910,R,33935,R,7,R,19087329,1,R,5394899,R,7923040,R,14687719,R,540809,R,23151568,R,72123,R,5146350,R,5218473,R,52852269,47457370,,,,,,,,,,,,
2018,199120,2,R,5160753,R,1515171,R,1248,R,10759131,R,53799,R,151574,R,191333,R,16071458,R,1761551,R,17833009,R,264573,R,5058485,R,5323058,1,R,29749,R,17488,R,10,R,19106867,1,R,5812127,R,4083614,R,11391518,R,138138,R,15613270,R,339158,R,5601231,R,5940389,R,46472653,40660526,,,,,,,,,,,,
2018,199193,2,R,1462299,R,1211885,R,635,R,270996,R,51142,R,47189,R,55481,R,1780484,R,1319143,R,3099627,R,112783,R,2946335,R,3059118,1,R,18122,R,24201,R,4,R,14573308,2,Z,0,R,2293558,R,9199604,R,190032,R,11683194,R,76976,R,5857288,R,5934264,R,32190766,32190766,,,,,,,,,,,,
2018,199847,2,R,993535,R,1522921,R,628,R,271039,R,47829,R,133777,R,128607,R,1398351,R,1699985,R,3098336,R,58150,R,278623,R,336773,1,R,12744,R,7769,R,2,R,5890420,1,R,1388505,R,1410394,R,6635347,R,151637,R,8197378,R,55325,R,4166087,R,4221412,R,19697715,18309210,,,,,,,,,,,,
2018,201645,2,R,1167191,R,1443882,R,538,R,63253,R,81018,R,39306,R,33763,R,1269750,R,1559201,R,2828951,R,63330,R,3764,R,67094,1,R,17141,R,14659,R,5,R,5511197,1,R,1568752,R,1267251,R,6467710,R,150419,R,7885380,R,36810,R,1535498,R,1572308,R,16537637,14968885,,,,,,,,,,,,
2018,204796,2,R,4216919,R,1359976,R,2075,R,109540,R,147977,R,141507,R,54781,R,4467966,R,1564809,R,6032775,R,306987,R,541562,R,848549,1,R,75898,R,59105,R,11,R,17798911,1,R,5813267,R,4138715,R,13744437,R,0,R,17883152,R,765486,R,10573715,R,11339201,R,52834531,47021264,,,,,,,,,,,,
2018,211440,2,R,617175,R,1104121,R,723,R,48998,R,85378,R,23888,R,138140,R,690061,R,1328362,R,2018423,R,26103,R,1100124,R,1126227,1,R,5934,R,6431,R,3,R,4671509,1,R,1242137,R,463851,R,7129451,R,109645,R,7702947,R,6248,R,1828161,R,1834409,R,15451002,14208865,,,,,,,,,,,,
2018,212054,2,R,301898,R,565607,R,520,R,7887,R,86327,R,5948,R,66815,R,315733,R,719269,R,1035002,R,98415,R,1199347,R,1297762,1,R,14360,R,14467,R,4,R,4336075,1,R,1456690,R,159147,R,5618771,R,60734,R,5838652,R,11000,R,670528,R,681528,R,12312945,10856255,,,,,,,,,,,,
2018,213543,2,R,777022,R,415362,R,200,R,2231,R,20760,R,8275,R,60349,R,787528,R,496671,R,1284199,R,26707,R,340241,R,366948,1,R,9909,R,10851,R,0,R,2846633,2,Z,0,R,326755,R,4129862,R,315616,R,4772233,R,7529,R,315616,R,323145,R,7942011,7942011,,,,,,,,,,,,
2018,214777,2,R,3325427,R,2226680,R,869,R,2241752,R,266350,R,89615,R,180000,R,5656794,R,2673899,R,8330693,R,358391,R,1515314,R,1873705,1,R,67621,R,48955,R,27,R,27192295,1,R,10767373,R,3622076,R,19029979,R,412613,R,23064668,R,160482,R,6967683,R,7128165,R,68152501,57385128,,,,,,,,,,,,
2018,215062,2,R,4814887,R,1941794,R,1977,R,5568334,R,4046677,R,5298,R,339820,R,10388519,R,6330268,R,16718787,R,156267,R,1030718,R,1186985,1,R,74491,R,81502,R,14,R,22294824,1,R,7110540,R,5364420,R,15932278,R,776522,R,22073220,R,253825,R,11553078,R,11806903,R,63285487,56174947,,,,,,,,,,,,
2018,215293,2,R,3207535,R,1721255,R,571,R,470764,R,58969,R,108985,R,261311,R,3787284,R,2042106,R,5829390,R,76509,R,2788433,R,2864942,1,R,35210,R,19720,R,16,R,13012064,1,R,4272569,R,2292381,R,14033413,R,1232463,R,17558257,R,8032,R,2754235,R,2762267,R,37605157,33332588,,,,,,,,,,,,
2018,216597,2,R,589729,R,816871,R,859,R,4612,Z,0,R,11326,R,83579,R,605667,R,901309,R,1506976,R,34378,R,374184,R,408562,1,R,10092,R,14890,R,1,R,4164474,2,Z,0,R,744144,R,4228280,R,95280,R,5067704,R,8178,R,490892,R,499070,R,9731248,9731248,,,,,,,,,,,,
2018,217156,2,R,2273368,R,1974864,R,556,R,241994,R,0,R,60115,R,142173,R,2575477,R,2117593,R,4693070,R,110746,R,1272005,R,1382751,1,R,34814,R,35730,R,7,R,9572811,1,R,2827855,R,4343440,R,7918767,R,727295,R,12989502,R,148986,R,2196055,R,2345041,R,27735209,24907354,,,,,,,,,,,,
2018,217882,2,R,657490,R,655414,Z,0,R,68872,R,107895,R,31302,R,90634,R,757664,R,853943,R,1611607,R,51792,R,1485300,R,1537092,1,R,8279,R,10630,R,4,R,4391236,1,R,1593111,R,811734,R,7947927,R,22100,R,8781761,R,11000,R,1415492,R,1426492,R,16192600,14599489,,,,,,,,,,,,
2018,217925,2,R,76279,R,365720,R,130,R,2370,R,251,R,7,R,65156,R,78656,R,431257,R,509913,R,10997,R,70950,R,81947,1,R,906,R,552,R,0,R,199065,2,Z,0,R,17500,R,181000,R,76905,R,275405,R,0,R,0,R,0,R,474470,474470,,,,,,,,,,,,
2018,221999,2,R,1941442,R,1857106,R,772,R,434859,R,1112079,R,45031,R,124261,R,2421332,R,3094218,R,5515550,R,103310,R,1390660,R,1493970,1,R,16660,R,15401,R,8,R,9795713,1,R,2239805,R,4039796,R,11713253,R,507443,R,16260492,R,39398,R,7520514,R,7559912,R,35855922,33616117,,,,,,,,,,,,
2018,223232,2,R,1808249,R,627434,R,819,R,1861555,R,40208,R,44690,R,150179,R,3714494,R,818640,R,4533134,R,86040,R,1538391,R,1624431,1,R,56950,R,22132,R,4,R,8964403,1,R,3103127,R,794388,R,9161350,R,42692,R,9998430,R,66697,R,3209047,R,3275744,R,25341704,22238577,,,,,,,,,,,,
2018,227757,2,R,1816533,R,168632,R,750,R,468632,R,45586,R,43952,R,77906,R,2329117,R,292874,R,2621991,R,68813,R,227556,R,296369,1,R,14452,R,10921,R,1,R,6108274,1,R,1746966,R,3593862,R,8716525,R,523451,R,12833838,R,39740,R,936198,R,975938,R,21665016,19918050,,,,,,,,,,,,
2018,228246,2,R,1777458,R,1749832,R,697,R,2555333,R,82254,R,27756,R,146294,R,4360547,R,1979077,R,6339624,R,63466,R,324859,R,388325,1,R,6217,R,8138,R,6,R,6416262,1,R,1692423,R,1363049,R,6015588,R,0,R,7378637,R,51549,R,1803736,R,1855285,R,17342607,15650184,,,,,,,,,,,,
2018,228723,2,R,3757737,R,1977914,R,1680,R,365241,R,0,R,0,R,0,R,4122978,R,1979594,R,6102572,R,225090,R,2318883,R,2543973,1,R,49226,R,43208,R,14,R,17258063,2,Z,0,R,4757528,R,20252059,R,2243182,R,27252769,R,430564,R,8815458,R,9246022,R,53756854,53756854,,,,,,,,,,,,
2018,228778,2,R,11468797,R,1486594,R,941,R,870228,R,81967,R,252967,R,471535,R,12591992,R,2041037,R,14633029,R,245271,R,2608797,R,2854068,1,R,44956,R,29689,R,15,R,22519937,1,R,562316,R,12253997,R,11512775,R,615194,R,24381966,R,133745,R,7655415,R,7789160,R,55253379,54691063,,,,,,,,,,,,
2018,228875,2,R,965914,R,1190518,R,554,R,581030,R,173832,R,11126,R,143171,R,1558070,R,1508075,R,3066145,R,40727,R,381133,R,421860,1,R,7602,R,8172,R,0,R,3358076,2,Z,0,R,1582940,R,5365691,R,19433,R,6968064,R,7460,R,614595,R,622055,R,10948195,10948195,,,,,,,,,,,,
2018,231624,2,R,1071883,R,2177094,R,540,R,205329,R,184116,R,40428,R,153205,R,1317640,R,2514955,R,3832595,R,66154,R,942503,R,1008657,1,R,13576,R,11336,R,5,R,5131775,1,R,1733726,R,660301,R,4275457,R,290257,R,5226015,R,11135,R,1253671,R,1264806,R,13356322,11622596,,,,,,,,,,,,
2018,234076,2,R,3224721,R,785258,R,1414,R,659606,R,70455,R,119364,R,207644,R,4003691,R,1064771,R,5068462,R,159832,R,4587466,R,4747298,1,R,20940,R,28033,R,12,R,20296101,1,R,6776754,R,3684194,R,11239969,R,507104,R,15431267,R,106820,R,9891359,R,9998179,R,52502301,45725547,,,,,,,,,,,,
2018,236948,2,R,5118519,R,1154379,R,283,R,650825,R,136371,R,156494,R,183555,R,5925838,R,1474588,R,7400426,R,202003,R,1277168,R,1479171,1,R,51245,R,95784,R,12,R,20329055,1,R,6691023,R,3506138,R,12801813,R,1026060,R,17334011,R,0,R,5516556,R,5516556,R,49870645,43179622,,,,,,,,,,,,
2018,239105,2,R,1282342,R,2494422,R,439,R,665339,R,769,R,1131,R,55302,R,1948812,R,2550932,R,4499744,R,47551,R,84824,R,132375,1,R,8488,R,7253,R,1,R,4730050,2,Z,0,R,2969565,R,6234725,R,312729,R,9517019,R,13178,R,344049,R,357227,R,14604296,14604296,,,,,,,,,,,,
2018,240444,2,R,5246693,R,1844813,R,933,R,583956,R,83989,R,304769,R,174585,R,6135418,R,2104320,R,8239738,R,202205,R,2668955,R,2871160,1,R,88245,R,89756,R,27,R,16484760,1,R,997518,R,3395221,R,7799986,R,376634,R,11571841,R,124165,R,4808248,R,4932413,R,33986532,32989014,,,,,,,,,,,,
2018,243744,2,R,9750355,R,2086960,R,2508,R,2863510,R,155781,R,468913,R,189659,R,13082778,R,2434908,R,15517686,R,391453,R,3865493,R,4256946,1,R,16257,R,13724,R,19,R,46931212,1,R,9975843,R,12124135,R,19257558,R,2476855,R,33858548,R,374897,R,22859467,R,23234364,R,113999967,104024124,,,,,,,,,,,,
2018,243780,2,R,946376,R,2458521,R,599,R,16729,R,20999,R,44788,R,136167,R,1007893,R,2616286,R,3624179,R,63713,R,2020983,R,2084696,1,R,28701,R,17441,R,0,R,9845111,1,R,3465343,R,1131846,R,13340200,R,1025331,R,15497377,R,58327,R,4058510,R,4116837,R,32924668,29459325,,,,,,,,,,,,
2018,445188,2,R,136417,R,1718807,R,715,R,3062,R,16,R,20,R,145267,R,139499,R,1864805,R,2004304,R,17567,R,510618,R,528185,1,R,6694,R,7032,R,0,R,2414377,2,Z,0,R,256275,R,1231573,R,55383,R,1543231,R,0,R,535220,R,535220,R,4492828,4492828,,,,,,,,,,,,
2019,100858,2,R,1603837,R,1107767,R,254,R,608369,R,22175,R,76733,R,118657,R,2288939,R,1248853,R,3537792,R,43647,R,315780,R,359427,1,R,30703,R,7911,R,2,R,4866578,1,R,1443521,R,736113,R,7718622,R,35087,R,8489822,R,16217,R,1852714,R,1868931,R,16668852,15225331,1 ,,,,,,,,,,,
2019,110404,2,R,264985,R,111989,R,236,R,6637,R,433,R,6030,R,101154,R,277652,R,213812,R,491464,R,15492,R,2101779,R,2117271,1,R,11358,R,18344,R,5,R,2197273,1,R,678096,R,625730,R,2524535,R,0,R,3150265,R,0,R,1437521,R,1437521,R,7463155,6785059,1 ,,,,,,,,,,,
2019,110635,2,R,8187820,R,1720328,R,8968,R,19915811,R,31845,R,307104,R,188786,R,28410735,R,1949927,R,30360662,R,343777,R,4264592,R,4608369,1,R,22225,R,10094,R,28,R,32217198,1,R,11407494,R,8104999,R,12979596,R,504404,R,21588999,R,362674,R,4872714,R,5235388,R,70449079,59041585,1 ,,,,,,,,,,,
2019,110644,2,R,2852116,R,1303991,R,706,R,252190,Z,0,R,116139,Z,0,R,3220445,R,1304697,R,4525142,R,71591,R,419622,R,491213,1,R,19990,R,11976,R,4,R,10725701,1,R,4939934,R,1846749,R,6948184,R,65501,R,8860434,R,73336,R,2467539,R,2540875,R,27066944,22127010,1 ,,,,,,,,,,,
2019,110653,2,R,1517542,R,1567334,R,1690,R,248054,R,192846,R,4361,R,216668,R,1769957,R,1978538,R,3748495,R,69526,R,1745,R,71271,1,R,10123,R,13911,R,3,R,11915408,1,R,5208997,R,1597935,R,7200165,R,288883,R,9086983,R,6884,R,2799018,R,2805902,R,29017290,23808293,1 ,,,,,,,,,,,
2019,110662,2,R,13729692,R,1318900,R,2101,R,4857000,R,0,R,5630,R,130356,R,18592322,R,1451357,R,20043679,R,527638,R,27635449,R,28163087,1,R,25268,R,26119,R,12,R,30704067,1,R,11237932,R,6667225,R,10104335,R,1707643,R,18479203,R,517935,R,9448474,R,9966409,R,70387611,59149679,1 ,,,,,,,,,,,
2019,110671,2,R,3961920,R,1143167,R,1664,R,80339,R,80289,R,2308,R,118486,R,4044567,R,1343606,R,5388173,R,41226,R,110077,R,151303,1,R,10058,R,12848,R,3,R,7022358,1,R,2964262,R,468867,R,3394327,R,302944,R,4166138,R,12370,R,1828272,R,1840642,R,15993400,13029138,1 ,,,,,,,,,,,
2019,110680,2,R,1450408,R,1556783,R,5191,R,220346,R,159676,R,65336,Z,0,R,1736090,R,1721650,R,3457740,R,133533,R,1748126,R,1881659,1,R,19136,R,14225,R,1,R,17828447,1,R,7000453,R,1396087,R,6628171,R,0,R,8024258,R,226576,R,4802920,R,5029496,R,37882654,30882201,1 ,,,,,,,,,,,
2019,110705,2,R,3019866,R,928871,R,717,R,337058,R,10404,R,120180,R,59717,R,3477104,R,999709,R,4476813,R,138833,R,2337709,R,2476542,1,R,11068,R,22338,R,1,R,10309044,2,Z,0,R,1590249,R,4400761,R,53219,R,6044229,R,0,R,4155433,R,4155433,R,20508706,20508706,1 ,,,,,,,,,,,
2019,110714,2,R,754455,R,1062295,R,2293,R,57087,R,166519,R,16268,R,75089,R,827810,R,1306196,R,2134006,R,75810,R,425286,R,501096,1,R,8517,R,8959,R,0,R,5238268,1,R,2085287,R,706132,R,2155839,R,163099,R,3025070,R,14612,R,1589194,R,1603806,R,11952431,9867144,1 ,,,,,,,,,,,
2019,121150,2,R,321729,R,501421,R,129,R,29445,R,110832,R,294,R,63672,R,351468,R,676054,R,1027522,R,21217,R,97490,R,118707,1,R,4215,R,5993,R,5,R,2246404,1,R,739275,R,239854,R,1285639,R,59888,R,1585381,R,332,R,342642,R,342974,R,4914034,4174759,1 ,,,,,,,,,,,
2019,122931,2,R,571201,R,668268,R,283,R,20622,R,4401,R,13614,R,107027,R,605437,R,779979,R,1385416,R,27214,R,292651,R,319865,1,R,21230,R,10244,R,1,R,3688958,2,Z,0,R,500670,R,4078067,R,53002,R,4631739,R,93394,R,159144,R,252538,R,8573235,8573235,1 ,,,,,,,,,,,
2019,123961,2,R,5009597,R,1682067,R,1011,R,123825,R,192182,R,77174,R,200713,R,5210596,R,2075973,R,7286569,R,110764,R,1520923,R,1631687,1,R,16086,R,20127,R,23,R,17203663,1,R,5271705,R,2849537,R,18225779,R,0,R,21075316,R,33184,R,8698540,R,8731724,R,52282408,47010703,1 ,,,,,,,,,,,
2019,126614,2,R,3081901,R,2701550,R,1167,R,626442,R,124940,R,97009,R,172463,R,3805352,R,3000120,R,6805472,R,190727,R,295022,R,485749,1,R,74631,R,19373,R,4,R,10712725,1,R,34742,R,3188374,R,10289262,R,352034,R,13829670,R,71729,R,3074035,R,3145764,R,27722901,27688159,1 ,,,,,,,,,,,
2019,126775,2,R,406665,R,822340,R,168,R,746826,R,30493,R,1768,R,116813,R,1155259,R,969814,R,2125073,R,14249,R,278890,R,293139,1,R,4203,R,1699,R,0,R,1320333,1,R,499947,R,212379,R,1845198,R,28395,R,2085972,R,2290,R,320069,R,322359,R,4228611,3728664,1 ,,,,,,,,,,,
2019,129020,2,R,1403176,R,1071782,R,879,R,147508,R,108018,R,51627,R,251701,R,1602311,R,1432380,R,3034691,R,76164,R,851608,R,927772,1,R,24935,R,27624,R,12,R,9307449,1,R,5553073,R,2741638,R,9489659,R,1271342,R,13502639,R,26695,R,1076645,R,1103340,R,29466501,23913428,1 ,,,,,,,,,,,
2019,130794,2,R,8362230,R,2037993,R,2343,R,261793,R,143350,R,337547,R,219834,R,8961570,R,2403520,R,11365090,R,345743,R,9517277,R,9863020,1,R,50686,R,65086,R,11,R,43867811,2,Z,0,R,21916388,R,16596831,R,113967,R,38627186,R,865935,R,23258323,R,24124258,R,106619255,106619255,1 ,,,,,,,,,,,
2019,130943,2,R,2975607,R,706732,R,474,R,1136750,R,87271,R,1203,R,113782,R,4113560,R,908259,R,5021819,R,61123,R,776989,R,838112,1,R,38472,R,14754,R,3,R,8467681,1,R,4265880,R,2697685,R,9261782,R,25886,R,11985353,R,22126,R,2892940,R,2915066,R,27633980,23368100,1 ,,,,,,,,,,,
2019,131159,2,R,756367,R,718904,R,587,R,51288,R,149516,R,12788,R,209415,R,820443,R,1078422,R,1898865,R,69643,R,797105,R,866748,1,R,25487,R,21929,R,1,R,6857638,1,R,1673305,R,1031705,R,5491805,R,167091,R,6690601,R,64439,R,1919891,R,1984330,R,17205874,15532569,1 ,,,,,,,,,,,
2019,131469,2,R,1161463,R,1461076,R,802,R,171696,R,917928,R,34480,R,246226,R,1367639,R,2626032,R,3993671,R,61189,R,1737695,R,1798884,1,R,16136,R,27151,R,4,R,16373812,1,R,4102412,R,1811545,R,9199972,R,1887797,R,12899314,R,10436,R,5349122,R,5359558,R,38735096,34632684,1 ,,,,,,,,,,,
2019,131496,2,R,1848301,R,2808631,R,1340,R,212081,R,168696,R,40142,R,449100,R,2100524,R,3427767,R,5528291,R,143246,R,1232719,R,1375965,1,R,34985,R,36007,R,6,R,13013657,1,R,4405832,R,2762291,R,10496864,R,141973,R,13401128,R,105622,R,2651929,R,2757551,R,33578168,29172336,1 ,,,,,,,,,,,
2019,131520,2,R,1512878,R,420882,R,156,R,172439,R,172439,R,3796,R,65499,R,1689113,R,658976,R,2348089,R,4211,R,409872,R,414083,1,R,2741,R,736,R,5,R,3598100,1,R,951526,R,84156,R,1888416,R,966731,R,2939303,R,107100,R,0,R,107100,R,7596029,6644503,1 ,,,,,,,,,,,
2019,133951,2,R,1154866,R,473816,Z,0,R,431317,R,106809,R,59835,R,115482,R,1646018,R,696107,R,2342125,R,45816,R,1059341,R,1105157,1,R,12664,R,7110,R,4,R,7511014,1,R,2749883,R,1336234,R,7707819,R,133272,R,9177325,R,20277,R,490598,R,510875,R,19949097,17199214,1 ,,,,,,,,,,,
2019,134097,2,R,1896599,R,1825069,R,409,R,363643,R,101613,R,23664,R,334556,R,2283906,R,2261647,R,4545553,R,69126,R,348367,R,417493,1,R,11713,R,16557,R,8,R,9261769,2,Z,0,R,2577172,R,6627545,R,1349951,R,10554668,R,50397,R,707035,R,757432,R,20573869,20573869,1 ,,,,,,,,,,,
2019,134130,2,R,3731990,R,1496176,R,1304,R,1162083,R,264709,R,85350,R,63236,R,4979423,R,1825425,R,6804848,R,91203,R,1577341,R,1668544,1,R,8302,R,22303,R,8,R,15581539,1,R,4988296,R,1308856,R,13117578,R,913369,R,15339803,R,0,R,6616224,R,6616224,R,42525862,37537566,1 ,,,,,,,,,,,
2019,135726,2,R,1771329,R,1079617,R,667,R,180264,R,166148,R,31793,R,122530,R,1983386,R,1368962,R,3352348,R,95078,R,717645,R,812723,1,R,16317,R,6902,R,6,R,10325515,1,R,2876345,R,1722947,R,11597538,R,484305,R,13804790,R,33127,R,6345856,R,6378983,R,33385633,30509288,1 ,,,,,,,,,,,
2019,137351,2,R,1017113,R,985338,R,939,R,982221,R,71504,R,351,R,64732,R,1999685,R,1122513,R,3122198,R,89079,R,760380,R,849459,1,R,14207,R,13234,R,2,R,6219454,1,R,2013126,R,991322,R,5632279,R,240575,R,6864176,R,0,R,2111167,R,2111167,R,17207923,15194797,1 ,,,,,,,,,,,
2019,139658,2,R,2378073,R,1316213,R,1048,R,282324,R,150632,R,68803,R,374653,R,2729200,R,1842546,R,4571746,R,106421,R,1228736,R,1335157,1,R,21486,R,9693,R,8,R,20852451,1,R,5348631,R,6009775,R,15902495,R,36868,R,21949138,R,179546,R,6247641,R,6427187,R,54577407,49228776,1 ,,,,,,,,,,,
2019,139755,2,R,419708,R,1969579,Z,0,R,2237111,R,152385,R,19830,R,267794,R,2676649,R,2389758,R,5066407,R,25163,R,1021955,R,1047118,1,R,6543,R,7124,R,1,R,5870612,1,R,1848144,R,219415,R,9515413,R,0,R,9734828,R,0,R,1373166,R,1373166,R,18826750,16978606,1 ,,,,,,,,,,,
2019,139959,2,R,4006142,R,1256379,R,524,R,771146,R,302736,R,95787,R,129213,R,4873075,R,1688852,R,6561927,R,123845,R,781269,R,905114,1,R,28035,R,9162,R,15,R,11782596,1,R,4319209,R,2066176,R,11688946,R,794126,R,14549248,R,129248,R,3794444,R,3923692,R,34574745,30255536,1 ,,,,,,,,,,,
2019,144050,2,R,5447169,R,2153933,R,1616,R,96432,R,134596,R,193920,R,198434,R,5737521,R,2488579,R,8226100,R,158994,R,1111282,R,1270276,1,R,49925,R,43245,R,5,R,12023328,1,R,2877771,R,4592418,R,13545411,R,505157,R,18642986,R,296185,R,2177026,R,2473211,R,36017296,33139525,1 ,,,,,,,,,,,
2019,145600,2,R,2252819,R,850000,R,642,R,9000,R,0,R,1800,R,60000,R,2263619,R,910642,R,3174261,R,113132,R,4228457,R,4341589,1,R,36579,R,28197,R,4,R,8085953,2,Z,0,R,537428,R,8014740,R,0,R,8552168,R,1040,R,2392988,R,2394028,R,19032149,19032149,1 ,,,,,,,,,,,
2019,145637,2,R,5443425,R,1588130,R,1104,R,343379,R,383535,R,232051,R,168470,R,6018855,R,2141239,R,8160094,R,322962,R,2827369,R,3150331,1,R,56091,R,35014,R,14,R,22595035,2,Z,0,R,5216665,R,14736507,R,878332,R,20831504,R,391460,R,4599634,R,4991094,R,48417633,48417633,1 ,,,,,,,,,,,
2019,147767,2,R,2577346,R,2151485,R,1016,R,218675,R,208488,R,103053,R,178879,R,2899074,R,2539868,R,5438942,R,102906,R,1576546,R,1679452,1,R,24595,R,38646,R,2,R,17129285,1,R,4629751,R,2897792,R,13038435,R,0,R,15936227,R,506543,R,3306104,R,3812647,R,41507910,36878159,1 ,,,,,,,,,,,
2019,151351,2,R,5034705,R,2355747,R,2213,R,362597,R,4249193,R,157807,R,276269,R,5555109,R,6883422,R,12438531,R,227913,R,2168712,R,2396625,1,R,36489,R,19031,R,15,R,17887725,1,R,6151458,R,5997564,R,12123748,R,1009961,R,19131273,R,172665,R,4548783,R,4721448,R,47891904,41740446,1 ,,,,,,,,,,,
2019,152080,2,R,2501266,R,1194011,R,742,R,250581,R,114514,R,55317,R,144501,R,2807164,R,1453768,R,4260932,R,101719,R,1153063,R,1254782,1,R,22075,R,23887,R,9,R,12653293,1,R,3926418,R,5231864,R,8987280,R,338897,R,14558041,R,109385,R,2309370,R,2418755,R,33556507,29630089,1 ,,,,,,,,,,,
2019,160755,2,R,1863132,R,1274114,R,885,R,38097,R,6263,R,57985,R,197712,R,1959214,R,1478974,R,3438188,R,61678,R,273124,R,334802,1,R,10677,R,5876,R,6,R,5812646,1,R,1350204,R,3219992,R,9028116,R,299878,R,12547986,R,50813,R,1314878,R,1365691,R,21076527,19726323,1 ,,,,,,,,,,,
2019,162928,2,R,2354643,R,1817057,R,880,R,153538,R,169842,R,52559,R,171703,R,2560740,R,2159482,R,4720222,R,119943,R,1180360,R,1300303,1,R,59157,R,43126,R,11,R,15352196,1,R,4927879,R,3358270,R,19095662,R,317933,R,22771865,R,73971,R,7958830,R,8032801,R,51084741,46156862,1 ,,,,,,,,,,,
2019,163286,2,R,2116578,R,1450004,R,444,R,347200,R,315998,R,16840,R,148173,R,2480618,R,1914619,R,4395237,R,105608,R,1550151,R,1655759,1,R,23889,R,41960,R,6,R,13484661,2,Z,0,R,1002857,R,9380466,R,747336,R,11130659,R,219746,R,3890864,R,4110610,R,28725930,28725930,1 ,,,,,,,,,,,
2019,164924,2,R,1459144,R,1013709,R,1048,R,299251,R,57204,R,41733,R,104778,R,1800128,R,1176739,R,2976867,R,147319,R,252173,R,399492,1,R,40804,R,41565,R,7,R,10838825,1,R,3771965,R,2805156,R,10930096,R,121355,R,13856607,R,203875,R,1378005,R,1581880,R,30049277,26277312,1 ,,,,,,,,,,,
2019,164988,2,R,1227843,R,4385607,R,430,R,162642,R,147582,R,344241,R,588550,R,1734726,R,5122169,R,6856895,R,59961,R,2082736,R,2142697,1,R,15758,R,13143,R,20,R,11824176,1,R,2739855,R,563427,R,11397795,R,223051,R,12184273,R,86556,R,1759014,R,1845570,R,28593874,25854019,1 ,,,,,,,,,,,
2019,165015,2,R,1028456,R,1095012,R,641,R,151921,R,150742,R,11942,R,49626,R,1192319,R,1296021,R,2488340,R,25664,R,444297,R,469961,1,R,13137,R,14704,R,0,R,3494501,1,R,868833,R,537024,R,3822586,R,371298,R,4730908,R,70178,R,284937,R,355115,R,9449357,8580524,1 ,,,,,,,,,,,
2019,166027,2,R,14163142,R,2312321,R,1629,R,621223,R,416000,R,591654,R,236639,R,15376019,R,2966589,R,18342608,R,399670,R,2654138,R,3053808,1,R,37523,R,102666,R,33,R,57314350,1,R,20471475,R,17330169,R,21181297,R,9119769,R,47631235,R,1493933,R,66601511,R,68095444,R,193512504,173041029,1 ,,,,,,,,,,,
2019,166629,2,R,1942690,R,1834155,R,578,R,403810,R,141678,R,71479,R,168025,R,2417979,R,2144436,R,4562415,R,73971,R,2623866,R,2697837,1,R,22719,R,21140,R,2,R,9748378,1,R,187607,R,1170039,R,7283976,R,451647,R,8905662,R,12008,R,2562412,R,2574420,R,21416067,21228460,1 ,,,,,,,,,,,
2019,166683,2,R,1356319,R,736408,R,350,R,377242,R,11940781,R,49935,R,84269,R,1783496,R,12761808,R,14545304,R,81237,R,2175787,R,2257024,1,R,22821,R,26468,R,4,R,12893027,1,R,3080131,R,1465414,R,10189400,R,440975,R,12095789,R,0,R,3519592,R,3519592,R,31588539,28508408,1 ,,,,,,,,,,,
2019,167358,2,R,525602,R,1106157,R,401,R,131240,R,132649,R,8032,R,174998,R,664874,R,1414205,R,2079079,R,47165,R,1271884,R,1319049,1,R,12387,R,19554,R,1,R,5763416,1,R,1730168,R,351536,R,7590631,R,114894,R,8057061,R,0,R,1568671,R,1568671,R,17119316,15389148,1 ,,,,,,,,,,,
2019,168148,2,R,885931,R,1173501,R,981,R,92171,R,209592,R,16275,R,196320,R,994377,R,1580394,R,2574771,R,138099,R,672263,R,810362,1,R,34640,R,10963,R,6,R,6463410,1,R,1593323,R,1963893,R,9922803,R,126491,R,12013187,R,43056,R,1693991,R,1737047,R,21806967,20213644,1 ,,,,,,,,,,,
2019,168421,2,R,180101,R,756454,R,252,R,5435,R,155320,R,5481,R,159716,R,191017,R,1071742,R,1262759,R,5745,R,520062,R,525807,1,R,1865,R,2643,R,0,R,1342281,1,R,360059,R,133834,R,2567065,R,14935,R,2715834,R,20400,R,345610,R,366010,R,4784184,4424125,1 ,,,,,,,,,,,
2019,170976,2,R,5100626,R,3138222,R,2774,R,1118526,R,278360,R,356309,R,291791,R,6575461,R,3711147,R,10286608,R,481858,R,4892037,R,5373895,1,R,67703,R,39849,R,10,R,36239270,1,R,12634814,R,7849934,R,19681649,R,1698521,R,29230104,R,299824,R,9181581,R,9481405,R,87585593,74950779,1 ,,,,,,,,,,,
2019,171100,2,R,3563315,R,3217507,R,1631,R,873714,R,189914,R,138000,R,179413,R,4575029,R,3588465,R,8163494,R,148500,R,2667370,R,2815870,1,R,63960,R,17277,R,2,R,13877379,2,Z,0,R,5185643,R,14433491,R,189120,R,19808254,R,140809,R,3336469,R,3477278,R,37162911,37162911,1 ,,,,,,,,,,,
2019,174066,2,R,4093542,R,1958109,R,613,R,1045944,R,75712,R,154999,R,313296,R,5294485,R,2347730,R,7642215,R,87872,R,1950347,R,2038219,1,R,99696,R,43707,R,23,R,19676174,1,R,5936350,R,4472733,R,15082373,R,926334,R,20481440,R,0,R,3615319,R,3615319,R,49709283,43772933,1 ,,,,,,,,,,,
2019,179867,2,R,1884580,R,2058258,R,965,R,310574,R,66897,R,56127,R,181890,R,2251281,R,2308010,R,4559291,R,112021,R,1077599,R,1189620,1,R,34835,R,38211,R,11,R,11492122,1,R,3919570,R,2264909,R,12640327,R,119729,R,15024965,R,112530,R,12076313,R,12188843,R,42625500,38705930,1 ,,,,,,,,,,,
2019,182670,2,R,1572224,R,1055503,R,2429,R,110273,R,135234,R,43919,R,253830,R,1726416,R,1446996,R,3173412,R,173177,R,1225740,R,1398917,1,R,45376,R,27809,R,7,R,9006397,1,R,3034188,R,1644503,R,10029906,R,330405,R,12004814,R,52777,R,2433925,R,2486702,R,26532101,23497913,1 ,,,,,,,,,,,
2019,185828,2,R,140063,R,168865,R,37,R,80633,R,12,R,54,R,60525,R,220750,R,229439,R,450189,R,6344,R,24422,R,30766,1,R,2633,R,3268,R,1,R,1971719,1,R,895309,R,68833,R,1492410,R,1334,R,1562577,R,0,R,237319,R,237319,R,4666924,3771615,1 ,,,,,,,,,,,
2019,186131,2,R,7463469,R,2543313,R,2005,R,498152,R,191065,R,162163,R,275004,R,8123784,R,3011387,R,11135171,R,149780,R,1990269,R,2140049,1,R,70878,R,66222,R,9,R,23684114,1,R,6513537,R,12991806,R,18432176,R,1460185,R,32884167,R,728139,R,5640454,R,6368593,R,69450411,62936874,1 ,,,,,,,,,,,
2019,186371,2,R,290838,R,75727,R,45,R,5486,R,438,R,8767,R,11001,R,305091,R,87211,R,392302,R,12082,R,9599,R,21681,1,R,3848,R,3470,R,1,R,2582496,1,R,1229691,R,123983,R,1544353,R,29840,R,1698176,R,0,R,177835,R,177835,R,5688198,4458507,1 ,,,,,,,,,,,
2019,186380,2,R,1709937,R,938970,R,316,R,256608,R,4515,R,62109,R,107352,R,2028654,R,1051153,R,3079807,R,135817,R,93153,R,228970,1,R,32467,R,31314,R,10,R,14596663,1,R,6547996,R,1019533,R,9350829,R,99371,R,10469733,R,49419,R,1706444,R,1755863,R,33370255,26822259,1 ,,,,,,,,,,,
2019,186399,2,R,356223,R,169367,R,85,R,114336,R,1156,R,16233,R,24586,R,486792,R,195194,R,681986,R,28052,R,21419,R,49471,1,R,3261,R,4370,R,1,R,4726748,1,R,2194161,R,245991,R,2610332,R,38772,R,2895095,R,0,R,455439,R,455439,R,10271443,8077282,1 ,,,,,,,,,,,
2019,186867,2,R,65683,R,266869,R,81,Z,0,R,1,R,898,R,52297,R,66581,R,319248,R,385829,R,1269,R,266837,R,268106,1,R,556,R,2044,R,0,R,942022,1,R,230579,R,8393,R,1058656,R,5865,R,1072914,R,79159,R,169824,R,248983,R,2494498,2263919,1 ,,,,,,,,,,,
2019,190415,2,R,5152167,R,1698149,R,4269,R,535410,R,448517,R,240369,R,160209,R,5927946,R,2311144,R,8239090,R,213043,R,3000508,R,3213551,1,R,47510,R,45837,R,15,R,23528436,1,R,6242235,R,5143747,R,12626308,R,318600,R,18088655,R,52592,R,13575585,R,13628177,R,61487503,55245268,1 ,,,,,,,,,,,
2019,191241,2,R,1144485,R,1305630,Z,0,R,110819,R,28896,R,16326,R,101483,R,1271630,R,1436009,R,2707639,R,52896,R,212247,R,265143,1,R,10447,R,8326,R,3,R,6338689,1,R,3246262,R,1023681,R,6369850,R,1278955,R,8672486,R,107341,R,1405763,R,1513104,R,19770541,16524279,1 ,,,,,,,,,,,
2019,193900,2,R,3514631,R,2074548,R,1269,R,301174,R,415103,R,51854,R,233733,R,3867659,R,2724653,R,6592312,R,180395,R,3789273,R,3969668,1,R,38260,R,41159,R,9,R,22194125,1,R,6675327,R,13612186,R,13088872,R,781516,R,27482574,R,47984,R,6270282,R,6318266,R,62670292,55994965,1 ,,,,,,,,,,,
2019,194824,2,R,311899,R,264811,R,203,R,14670,R,56515,R,3872,R,59959,R,330441,R,381488,R,711929,R,9050,R,51816,R,60866,1,R,4155,R,4017,R,1,R,900341,1,R,208084,R,56877,R,2363468,R,5535,R,2425880,R,0,R,687001,R,687001,R,4221306,4013222,1 ,,,,,,,,,,,
2019,195003,2,R,319213,R,374271,R,255,R,63563,R,72706,R,6478,R,86036,R,389254,R,533268,R,922522,R,30370,R,331484,R,361854,1,R,4198,R,6347,R,0,R,3669098,2,Z,0,R,197372,R,2529429,R,52370,R,2779171,R,8132,R,366722,R,374854,R,6823123,6823123,1 ,,,,,,,,,,,
2019,195030,2,R,2336851,R,1116792,Z,0,R,184266,R,58960,R,47767,R,123565,R,2568884,R,1299317,R,3868201,R,109628,R,1001383,R,1111011,1,R,14213,R,17614,R,7,R,8314859,1,R,2420629,R,1812553,R,10942510,R,97483,R,12852546,R,0,R,2577604,R,2577604,R,26165638,23745009,1 ,,,,,,,,,,,
2019,196079,2,R,1481602,R,817118,R,358,R,65609,R,69320,R,42649,R,175748,R,1589860,R,1062544,R,2652404,R,85719,R,336107,R,421826,1,R,16343,R,16071,R,4,R,5556669,2,Z,0,R,796483,R,5750323,R,354866,R,6901672,R,127176,R,505746,R,632922,R,13091263,13091263,1 ,,,,,,,,,,,
2019,196088,2,R,1977337,R,1253746,R,429,R,310973,R,16746,R,99335,R,182999,R,2387645,R,1453920,R,3841565,R,64004,R,484139,R,548143,1,R,25668,R,30880,R,9,R,9525149,2,Z,0,R,618857,R,9354986,R,164906,R,10138749,R,25187,R,1631822,R,1657009,R,21320907,21320907,1 ,,,,,,,,,,,
2019,196097,2,R,1663661,R,354833,R,643,R,50290,R,5838,R,1127,R,170894,R,1715078,R,532208,R,2247286,R,44800,R,12786,R,57586,1,R,13612,R,8803,R,7,R,5494460,2,Z,0,R,558306,R,9301391,R,398693,R,10258390,R,149380,R,346643,R,496023,R,16248873,16248873,1 ,,,,,,,,,,,
2019,196413,2,R,1513202,R,738980,R,629,R,115380,Z,0,R,33963,R,153380,R,1662545,R,892989,R,2555534,R,133964,R,51627,R,185591,1,R,32444,R,16047,R,3,R,10084817,1,R,3306562,R,2860172,R,9400409,R,637094,R,12897675,R,28039,R,2491934,R,2519973,R,28809027,25502465,1 ,,,,,,,,,,,
2019,197708,2,R,1020730,R,302274,R,434,R,26530,R,0,R,4275,R,63978,R,1051535,R,366686,R,1418221,R,23151,R,98108,R,121259,1,R,2199,R,1533,R,3,R,3157002,1,R,1086177,R,429547,R,4412078,R,43286,R,4884911,R,11076,R,331055,R,342131,R,9470221,8384044,1 ,,,,,,,,,,,
2019,198419,2,R,4232350,R,2232048,R,1217,R,396213,R,1169498,R,153131,R,306560,R,4781694,R,3709323,R,8491017,R,275626,R,1573230,R,1848856,1,R,32278,R,41955,R,7,R,17941765,1,R,4847583,R,7770707,R,15759929,R,842236,R,24372872,R,64274,R,4875317,R,4939591,R,52101811,47254228,1 ,,,,,,,,,,,
2019,199120,2,R,5397480,R,1627253,R,1317,R,10766638,R,50919,R,154189,R,224277,R,16318307,R,1903766,R,18222073,R,279021,R,5839810,R,6118831,1,R,27386,R,18009,R,10,R,18948568,1,R,6108069,R,3482773,R,11863489,R,176855,R,15523117,R,697891,R,4316516,R,5014407,R,45594161,39486092,1 ,,,,,,,,,,,
2019,199193,2,R,1471874,R,1289637,R,678,R,272694,R,61487,R,47212,R,57028,R,1791780,R,1408830,R,3200610,R,97815,R,2574938,R,2672753,1,R,18662,R,27155,R,4,R,14913207,2,Z,0,R,1820308,R,9077789,R,236695,R,11134792,R,103644,R,6131068,R,6234712,R,32282711,32282711,1 ,,,,,,,,,,,
2019,199847,2,R,999684,R,1604216,R,669,R,275826,R,53516,R,112209,R,151675,R,1387719,R,1810076,R,3197795,R,56846,R,270705,R,327551,1,R,12627,R,7149,R,2,R,6035579,1,R,1355249,R,998391,R,8317504,R,187776,R,9503671,R,72540,R,3295108,R,3367648,R,20262147,18906898,1 ,,,,,,,,,,,
2019,201645,2,R,1152213,R,1532477,R,633,R,61257,R,23240,R,36364,R,28682,R,1249834,R,1585032,R,2834866,R,58469,R,4395,R,62864,1,R,15070,R,11140,R,5,R,5705469,1,R,1615158,R,1191417,R,6354211,R,152542,R,7698170,R,38979,R,1747668,R,1786647,R,16805444,15190286,1 ,,,,,,,,,,,
2019,204796,2,R,4241337,R,1366145,R,3787,R,115770,R,139759,R,201205,R,76675,R,4558312,R,1586366,R,6144678,R,220686,R,1197484,R,1418170,1,R,39958,R,19687,R,12,R,17314181,1,R,4984038,R,3717043,R,14800991,R,0,R,18518034,R,1028721,R,9770017,R,10798738,R,51614991,46630953,1 ,,,,,,,,,,,
2019,211440,2,R,660253,R,918854,R,738,R,57898,R,364973,R,15331,R,136030,R,733482,R,1420595,R,2154077,R,23629,R,1114130,R,1137759,1,R,5042,R,6060,R,3,R,5212752,1,R,1297202,R,815981,R,7531027,R,26630,R,8373638,R,17485,R,1839823,R,1857308,R,16740900,15443698,1 ,,,,,,,,,,,
2019,212054,2,R,292022,R,885237,R,398,R,6002,R,71833,R,4349,R,157400,R,302373,R,1114868,R,1417241,R,89903,R,1409580,R,1499483,1,R,20091,R,12164,R,4,R,4240956,1,R,1434316,R,213619,R,5828197,R,88936,R,6130752,R,22334,R,428545,R,450879,R,12256903,10822587,1 ,,,,,,,,,,,
2019,213543,2,R,740435,R,471889,R,209,R,2554,R,68285,R,8195,R,60385,R,751184,R,600768,R,1351952,R,23945,R,305344,R,329289,1,R,8818,R,9120,R,0,R,2962946,2,R,0,R,564548,R,3486658,R,0,R,4051206,R,5768,R,483026,R,488794,R,7502946,7502946,1 ,,,,,,,,,,,
2019,214777,2,R,3333023,R,2667315,R,882,R,2247483,R,376380,R,89198,R,200000,R,5669704,R,3244577,R,8914281,R,272324,R,1538867,R,1811191,1,R,65257,R,51672,R,27,R,26585922,1,R,10224880,R,4583739,R,18740611,R,469359,R,23793709,R,262658,R,6631148,R,6893806,R,67498317,57273437,1 ,,,,,,,,,,,
2019,215062,2,R,5276664,R,2013904,R,2103,R,5586569,R,4497785,R,3651,R,282857,R,10866884,R,6796649,R,17663533,R,152479,R,952592,R,1105071,1,R,74495,R,82610,R,14,R,23787188,1,R,7255578,R,6402454,R,15828636,R,944627,R,23175717,R,216981,R,11753240,R,11970221,R,66188704,58933126,1 ,,,,,,,,,,,
2019,215293,2,R,3848436,R,1748499,R,584,R,472159,R,41520,R,108837,R,278771,R,4429432,R,2069374,R,6498806,R,72072,R,2720649,R,2792721,1,R,35202,R,20421,R,16,R,13332319,1,R,4440056,R,2561525,R,14953696,R,642083,R,18157304,R,5103,R,3521129,R,3526232,R,39455911,35015855,1 ,,,,,,,,,,,
2019,216597,2,R,590659,R,882342,R,965,R,4744,Z,0,R,10166,R,96640,R,605569,R,979947,R,1585516,R,29181,R,521102,R,550283,1,R,9147,R,13021,R,1,R,4418780,2,Z,0,R,923752,R,4388942,R,100690,R,5413384,R,28395,R,569676,R,598071,R,10430235,10430235,1 ,,,,,,,,,,,
2019,217156,2,R,2337022,R,2030160,R,556,R,248770,R,0,R,61798,R,146154,R,2647590,R,2176870,R,4824460,R,98823,R,1307621,R,1406444,1,R,34094,R,39484,R,7,R,10796589,1,R,3031588,R,3373041,R,8873466,R,984099,R,13230606,R,106183,R,2201920,R,2308103,R,29366886,26335298,1 ,,,,,,,,,,,
2019,217882,2,R,659867,R,701260,R,206,R,73032,R,119795,R,24060,R,112231,R,756959,R,933492,R,1690451,R,64750,R,1551312,R,1616062,1,R,6534,R,10654,R,4,R,4386440,1,R,1682277,R,830783,R,7965381,R,130371,R,8926535,R,12479,R,969095,R,981574,R,15976826,14294549,1 ,,,,,,,,,,,
2019,217925,2,R,78053,R,366520,R,130,R,2300,R,251,R,7,R,66205,R,80360,R,433106,R,513466,R,12044,R,89928,R,101972,1,R,342,R,532,R,0,R,224379,2,Z,0,R,29595,R,182855,R,41684,R,254134,R,0,R,0,R,0,R,478513,478513,1 ,,,,,,,,,,,
2019,221999,2,R,1932705,R,2405233,R,779,R,264864,R,133550,R,63841,R,191381,R,2261410,R,2730943,R,4992353,R,85636,R,44818,R,130454,1,R,15549,R,15606,R,8,R,10311386,1,R,2487593,R,2948101,R,12288331,R,0,R,15236432,R,51809,R,9494739,R,9546548,R,37581959,35094366,1 ,,,,,,,,,,,
2019,223232,2,R,1179275,R,642438,R,984,R,259091,R,40311,R,44917,R,152200,R,1483283,R,835933,R,2319216,R,52458,R,161072,R,213530,1,R,25336,R,19787,R,8,R,9003926,1,R,2782001,R,656840,R,9477938,R,54525,R,10189303,R,66051,R,3425337,R,3491388,R,25466618,22684617,1 ,,,,,,,,,,,
2019,227757,2,R,1844943,R,182532,R,796,R,472755,R,143502,R,43947,R,73432,R,2361645,R,400262,R,2761907,R,63576,R,211599,R,275175,1,R,12407,R,10911,R,1,R,6143274,1,R,1707830,R,3865542,R,8191397,R,598293,R,12655232,R,54610,R,1536855,R,1591465,R,22097801,20389971,1 ,,,,,,,,,,,
2019,228246,2,R,1800912,R,2352945,R,697,R,2566224,R,84213,R,28717,R,168455,R,4395853,R,2606310,R,7002163,R,64849,R,264677,R,329526,1,R,6381,R,7284,R,6,R,6540024,1,R,1875408,R,1587418,R,5275083,R,0,R,6862501,R,48511,R,3090431,R,3138942,R,18416875,16541467,1 ,,,,,,,,,,,
2019,228723,2,R,3904311,R,1911696,R,1303,R,401351,R,0,R,115870,R,164422,R,4421532,R,2077421,R,6498953,R,205233,R,20506161,R,20711394,1,R,46414,R,33431,R,15,R,15896320,2,Z,0,R,3618738,R,21145338,R,756626,R,25520702,R,156902,R,6533974,R,6690876,R,48107898,48107898,1 ,,,,,,,,,,,
2019,228778,2,R,11650889,R,1650357,R,970,R,909297,R,82701,R,253115,R,487265,R,12813301,R,2221293,R,15034594,R,260273,R,2102979,R,2363252,1,R,39263,R,30098,R,15,R,23563233,1,R,4299132,R,8549214,R,12894120,R,437090,R,21880424,R,143263,R,6342855,R,6486118,R,56228907,51929775,1 ,,,,,,,,,,,
2019,228875,2,R,970323,R,1383493,R,598,R,582133,R,136136,R,11804,R,154528,R,1564260,R,1674755,R,3239015,R,43570,R,393507,R,437077,1,R,7447,R,8613,R,0,R,3474993,2,Z,0,R,1356913,R,5689170,R,8648,R,7054731,R,8814,R,505662,R,514476,R,11044200,11044200,1 ,,,,,,,,,,,
2019,231624,2,R,1054123,R,2598640,R,645,R,189667,R,292579,R,40730,R,201557,R,1284520,R,3093421,R,4377941,R,58020,R,1433131,R,1491151,1,R,14648,R,9310,R,5,R,4603072,1,R,1924789,R,853289,R,4881363,R,223279,R,5957931,R,25274,R,1321953,R,1347227,R,13833019,11908230,1 ,,,,,,,,,,,
2019,234076,2,R,3238260,R,993540,R,1456,R,660460,R,83148,R,121969,R,290269,R,4020689,R,1368413,R,5389102,R,164219,R,3993893,R,4158112,1,R,20742,R,26325,R,12,R,21223282,1,R,7138343,R,1654264,R,12533659,R,469302,R,14657225,R,131000,R,8247886,R,8378886,R,51397736,44259393,1 ,,,,,,,,,,,
2019,236948,2,R,4887340,R,1349382,R,621,R,583547,R,169920,R,175904,R,193793,R,5646791,R,1713716,R,7360507,R,186121,R,1101061,R,1287182,1,R,48314,R,92815,R,12,R,20093354,1,R,6843432,R,5349977,R,13367721,R,1164406,R,19882104,R,0,R,5790459,R,5790459,R,52609349,45765917,1 ,,,,,,,,,,,
2019,239105,2,R,1282381,R,2489360,R,488,R,665670,R,572,R,1035,R,62547,R,1949086,R,2552967,R,4502053,R,47450,R,116247,R,163697,1,R,8683,R,6747,R,1,R,4104990,2,Z,0,R,2920266,R,6157523,R,236400,R,9314189,R,14261,R,493093,R,507354,R,13926533,13926533,1 ,,,,,,,,,,,
2019,240444,2,R,5231321,R,1805614,R,707,R,584793,R,183216,R,320850,R,152137,R,6136964,R,2141674,R,8278638,R,165853,R,1876733,R,2042586,1,R,82787,R,96953,R,20,R,17135295,1,R,1091260,R,1853240,R,10675987,R,164722,R,12693949,R,74858,R,4397300,R,4472158,R,35392662,34301402,1 ,,,,,,,,,,,
2019,243744,2,R,9820841,R,2201637,R,2586,R,2881154,R,190588,R,479954,R,224608,R,13181949,R,2619419,R,15801368,R,387259,R,4001245,R,4388504,1,R,18562,R,14493,R,19,R,47034721,1,R,10141236,R,12731822,R,19743561,R,2503118,R,34978501,R,382166,R,23022143,R,23404309,R,115558767,105417531,1 ,,,,,,,,,,,
2019,243780,2,R,950167,R,2387052,R,631,R,16833,R,21613,R,44751,R,184456,R,1011751,R,2593752,R,3605503,R,44727,R,2146626,R,2191353,1,R,29054,R,19463,R,0,R,9243405,1,R,3301440,R,1324296,R,13475621,R,1069250,R,15869167,R,58181,R,2905989,R,2964170,R,31378182,28076742,1 ,,,,,,,,,,,
2019,445188,2,R,142067,R,1957441,R,738,R,3198,R,16,R,20,R,155150,R,145285,R,2113345,R,2258630,R,18330,R,525418,R,543748,1,R,6246,R,7663,R,0,R,2273154,2,Z,0,R,223004,R,1051682,R,156648,R,1431334,R,0,R,626606,R,626606,R,4331094,4331094,1 ,,,,,,,,,,,
2020,100858,2,R,1655073,R,1351443,R,264,R,596614,R,47593,R,66278,R,157743,R,2317965,R,1557043,R,3875008,R,56058,R,1567182,R,1623240,1,R,23487,R,8564,R,2,R,5168453,1,R,1493833,R,1090949,R,8116030,R,91690,R,9298669,R,15126,R,1985145,R,2000271,R,17961226,16467393,1 ,1,R,113.70,R,33.00,R,27.00,R,26.70,R,27.00
2020,110404,2,R,275751,R,117332,R,251,R,14446,R,5997,R,6033,R,77393,R,296230,R,200973,R,497203,R,4304,R,1538399,R,1542703,1,R,3443,R,10522,R,5,R,2103255,1,R,781544,R,236379,R,3134628,R,273126,R,3644133,R,0,R,1333714,R,1333714,R,7862646,7081102,1 ,1,R,38.79,R,11.60,R,7.75,R,17.75,R,1.69
2020,110635,2,R,7828872,R,1987782,R,13088,R,19947589,R,83110,R,304709,R,236654,R,28081170,R,2320634,R,30401804,R,192850,R,6486618,R,6679468,1,R,14906,R,11340,R,28,R,32056940,1,R,12103503,R,8258645,R,11239766,R,1487162,R,20985573,R,341606,R,2633109,R,2974715,R,68120731,56017228,1 ,1,R,488.00,R,104.00,R,140.00,R,117.00,R,127.00
2020,110644,2,R,2779649,R,1494091,R,784,R,252307,R,0,R,111370,R,0,R,3143326,R,1494875,R,4638201,R,46917,R,149121,R,196038,1,R,22827,R,15474,R,4,R,11304389,1,R,4732971,R,2297527,R,7387379,R,55272,R,9740178,R,45987,R,2391989,R,2437976,R,28215514,23482543,1 ,1,R,163.00,R,36.00,R,44.00,R,55.00,R,28.00
2020,110653,2,R,1684812,R,1722331,R,1607,R,252542,R,255770,R,7279,R,246625,R,1944633,R,2226333,R,4170966,R,39146,R,148992,R,188138,1,R,6428,R,13299,R,3,R,12379056,1,R,5356094,R,2211980,R,8149927,R,192622,R,10554529,R,4352,R,2012754,R,2017106,R,30306785,24950691,1 ,1,R,194.95,R,51.00,R,15.00,R,105.00,R,23.95
2020,110662,2,R,14054297,R,1565948,R,2249,R,4808458,R,0,R,6616,R,141304,R,18869371,R,1709501,R,20578872,R,324777,R,23798962,R,24123739,1,R,15299,R,25473,R,12,R,31951705,1,R,12560496,R,7878072,R,11794849,R,2183493,R,21856414,R,338330,R,7971513,R,8309843,R,74678458,62117962,1 ,1,R,454.00,R,100.00,R,85.00,R,186.00,R,83.00
2020,110671,2,R,4590523,R,1623533,R,1745,R,24395,R,80487,R,2308,R,110560,R,4617226,R,1816325,R,6433551,R,27878,R,130639,R,158517,1,R,5563,R,8610,R,3,R,7701969,1,R,2926764,R,781812,R,4347067,R,132483,R,5261362,R,7039,R,890961,R,898000,R,16788095,13861331,1 ,1,R,112.00,R,44.00,R,51.00,R,0.00,R,17.00
2020,110680,2,R,1397004,R,1909050,R,8970,R,235989,R,161459,R,63692,R,207307,R,1696685,R,2286786,R,3983471,R,82396,R,2079479,R,2161875,1,R,16504,R,16319,R,1,R,16574668,1,R,6841764,R,2693934,R,6739176,R,0,R,9433110,R,79774,R,4640650,R,4720424,R,37569966,30728202,1 ,1,R,260.00,R,57.00,R,66.00,R,100.00,R,37.00
2020,110705,2,R,3325621,R,928871,R,717,R,324013,R,10404,R,117374,R,58687,R,3767008,R,998679,R,4765687,R,48039,R,2553306,R,2601345,1,R,7565,R,15521,R,1,R,10387699,2,Z,0,R,2544187,R,2544187,R,26909,R,5115283,R,26909,R,4235729,R,4262638,R,19765620,19765620,1 ,1,R,164.00,R,32.00,R,7.00,R,89.00,R,36.00
2020,110714,2,R,758800,R,1349912,R,2506,R,57297,R,211549,R,16304,R,69816,R,832401,R,1633783,R,2466184,R,41654,R,1369079,R,1410733,1,R,5548,R,6110,R,0,R,5411980,1,R,2244089,R,691192,R,2116066,R,173693,R,2980951,R,10936,R,1315890,R,1326826,R,11963846,9719757,1 ,1,R,85.27,R,21.00,R,2.00,R,36.74,R,25.53
2020,121150,2,R,328631,R,508176,R,133,R,29890,R,172546,R,194,R,65130,R,358715,R,745985,R,1104700,R,14040,R,562075,R,576115,1,R,4154,R,6662,R,5,R,2263401,1,R,754402,R,185382,R,1435450,R,53625,R,1674457,R,187,R,393904,R,394091,R,5086351,4331949,1 ,1,R,39.91,R,18.00,R,1.00,R,14.20,R,6.71
2020,122931,2,R,555492,R,867776,R,291,R,20670,R,7783,R,13515,R,103891,R,589677,R,979741,R,1569418,R,16120,R,61993,R,78113,1,R,15462,R,6945,R,1,R,3148335,2,Z,0,R,519448,R,4174925,R,81158,R,4775531,R,90063,R,165829,R,255892,R,8179758,8179758,1 ,1,R,50.00,R,21.00,R,16.00,R,7.00,R,6.00
2020,123961,2,R,3468916,R,1688006,R,1830,R,334466,R,500000,R,119652,R,219488,R,3923034,R,2409324,R,6332358,R,72649,R,1520923,R,1593572,1,R,11444,R,22134,R,23,R,18114278,1,R,5794903,R,2234514,R,20439342,R,122339,R,22796195,R,0,R,9051203,R,9051203,R,55756579,49961676,1 ,1,R,238.00,R,64.00,R,103.00,R,19.00,R,52.00
2020,126614,2,R,2363606,R,4933423,R,1232,R,630444,R,124940,R,97746,R,183229,R,3091796,R,5242824,R,8334620,R,116981,R,3068063,R,3185044,1,R,57784,R,15781,R,4,R,10786567,1,R,37693,R,3010759,R,11145394,R,416020,R,14572173,R,41451,R,2648910,R,2690361,R,28086794,28049101,1 ,1,R,184.00,R,56.00,R,44.00,R,52.00,R,32.00
2020,126775,2,R,305670,R,720683,R,185,R,754240,R,37291,R,1768,R,215230,R,1061678,R,973389,R,2035067,R,6240,R,288659,R,294899,1,R,4885,R,1317,R,0,R,1530723,1,R,498688,R,278978,R,1766341,R,20000,R,2065319,R,2262,R,295805,R,298067,R,4392797,3894109,1 ,1,R,28.70,R,12.50,R,3.50,R,5.00,R,7.70
2020,129020,2,R,1818425,R,1116868,R,919,R,145907,R,177114,R,57834,R,216400,R,2022166,R,1511301,R,3533467,R,56929,R,2916052,R,2972981,1,R,22119,R,22922,R,5,R,9910128,1,R,6499871,R,1493385,R,10579123,R,1117325,R,13189833,R,9463,R,890085,R,899548,R,30499380,23999509,1 ,1,R,199.18,R,60.00,R,81.00,R,14.00,R,44.18
2020,130794,2,R,8589982,R,2271528,Z,0,R,269020,R,208800,R,352333,R,282076,R,9211335,R,2762404,R,11973739,R,213622,R,12221910,R,12435532,1,R,34948,R,45860,R,11,R,42149781,2,Z,0,R,23966486,R,14957133,R,0,R,38923619,R,656901,R,22654823,R,23311724,R,104385124,104385124,1 ,1,R,550.87,R,242.22,R,0.00,R,252.28,R,56.37
2020,130943,2,R,3274454,R,899739,R,500,R,1150763,R,89990,R,1136,R,137100,R,4426353,R,1127329,R,5553682,R,65227,R,335734,R,400961,1,R,34378,R,13762,R,4,R,8715152,1,R,4141907,R,2509875,R,9720247,R,28703,R,12258825,R,14810,R,2283432,R,2298242,R,27414126,23272219,1 ,1,R,149.07,R,51.00,R,29.75,R,49.32,R,19.00
2020,131159,2,R,775426,R,847780,R,541,R,53917,R,282206,R,14289,R,174047,R,843632,R,1304574,R,2148206,R,46586,P,996381,P,1042967,1,R,19284,R,15991,R,1,R,6862244,1,R,1612243,R,1289066,R,5666677,R,153184,R,7108927,R,78572,R,2208773,R,2287345,R,17870759,16258516,1 ,1,R,136.75,R,23.50,R,48.75,R,36.00,R,28.50
2020,131469,2,R,1147430,R,1027704,R,946,R,152932,R,4993,R,38631,R,298221,R,1338993,R,1331864,R,2670857,R,51251,R,3518649,R,3569900,1,R,12529,R,15833,R,4,R,17410241,1,R,4149151,R,1542870,R,8166097,R,1764558,R,11473525,R,12390,R,6542710,R,6555100,R,39588017,35438866,1 ,1,R,211.50,R,59.00,R,52.50,R,82.00,R,18.00
2020,131496,2,R,1836571,R,2899741,R,1164,R,172108,R,203357,R,40827,R,502142,R,2049506,R,3606404,R,5655910,R,86708,R,1454647,R,1541355,1,R,21964,R,28074,R,6,R,12413793,1,R,3788178,R,1827961,R,10852823,R,217565,R,12898349,R,54888,R,2199326,R,2254214,R,31354534,27566356,1 ,1,R,214.00,R,83.00,R,13.00,R,85.00,R,33.00
2020,131520,2,R,1533742,R,564247,R,268,R,172439,R,172439,R,40780,R,105478,R,1746961,R,842432,R,2589393,R,1899,R,191582,R,193481,1,R,793,R,203,R,5,R,1807317,1,R,551379,R,49237,R,2410406,R,193429,R,2653072,R,77000,R,268479,R,345479,R,5357247,4805868,1 ,1,R,48.00,R,12.00,R,7.00,R,17.00,R,12.00
2020,133951,2,R,1207370,R,692346,R,787,R,430481,R,119288,R,62633,R,155701,R,1700484,R,968122,R,2668606,R,27692,R,126980,R,154672,1,R,8798,R,3311,R,4,R,7587831,1,R,2753438,R,922448,R,8176141,R,208737,R,9307326,R,7677,R,396848,R,404525,R,20053120,17299682,1 ,1,R,213.00,R,56.00,R,31.00,R,56.00,R,70.00
2020,134097,2,R,1407878,R,2361474,R,632,R,413701,R,110278,R,72589,R,378681,R,1894168,R,2851065,R,4745233,R,58614,R,2105386,R,2164000,1,R,10609,R,14389,R,8,R,9528089,2,Z,0,R,2556491,R,6733248,R,1196740,R,10486479,R,35292,R,1005078,R,1040370,R,21054938,21054938,1 ,1,R,201.00,R,72.00,R,31.00,R,64.00,R,34.00
2020,134130,2,R,3927613,R,1500458,R,1089,R,850203,R,292615,R,102039,R,80702,R,4879855,R,1874864,R,6754719,R,76234,R,2000875,R,2077109,1,R,12820,R,39996,R,8,R,15468141,1,R,5107068,R,1574734,R,12787836,R,314624,R,14677194,R,58761,R,4716883,R,4775644,R,40028047,34920979,1 ,1,R,349.02,R,109.50,R,25.00,R,166.52,R,48.00
2020,135726,2,R,1762894,R,1140883,R,736,R,215623,R,113044,R,51856,R,154404,R,2030373,R,1409067,R,3439440,R,41889,R,2761441,R,2803330,1,R,12933,R,7627,R,6,R,10552172,1,R,3326255,R,1557321,R,12167311,R,550685,R,14275317,R,52732,R,7419796,R,7472528,R,35626272,32300017,1 ,1,R,232.00,R,71.00,R,33.00,R,76.00,R,52.00
2020,137351,2,R,1032445,R,1088669,R,948,R,996997,R,71705,R,455,R,64034,R,2029897,R,1225356,R,3255253,R,59165,R,2191399,R,2250564,1,R,13632,R,11819,R,3,R,7691510,1,R,2597080,R,124028,R,8793998,R,344885,R,9262911,R,0,R,1293673,R,1293673,R,20845174,18248094,1 ,1,R,199.00,R,45.00,R,41.00,R,49.00,R,64.00
2020,139658,2,R,2408455,R,1666025,R,1082,R,177205,R,174602,R,69456,R,400970,R,2655116,R,2242679,R,4897795,R,63563,R,2357748,R,2421311,1,R,19000,R,7366,R,8,R,18750918,1,R,4958723,R,5632394,R,16531202,R,36789,R,22200385,R,209793,R,6553018,R,6762811,R,52672837,47714114,1 ,1,R,388.30,R,112.60,R,99.00,R,71.30,R,105.40
2020,139755,2,R,461627,R,2225533,R,447,R,2219809,R,155961,R,23091,R,399597,R,2704527,R,2781538,R,5486065,R,41055,R,1243336,R,1284391,1,R,4922,R,5308,R,1,R,6021427,1,R,1894846,R,0,R,2736213,R,6712924,R,9449137,R,0,R,1385881,R,1385881,R,18751291,16856445,1 ,1,R,97.00,R,26.00,R,20.00,R,46.00,R,5.00
2020,139959,2,R,4050052,R,934357,R,529,R,690333,R,180464,R,93651,R,158080,R,4834036,R,1273430,R,6107466,R,92565,R,720546,R,813111,1,R,21922,R,8821,R,15,R,11937019,1,R,4505089,R,1930327,R,12867584,R,785251,R,15583162,R,128560,R,2527997,R,2656557,R,34681827,30176738,1 ,1,R,262.00,R,85.00,R,22.00,R,113.00,R,42.00
2020,144050,2,R,5468643,R,2229385,R,1643,R,96989,R,149819,R,194357,R,259609,R,5759989,R,2640456,R,8400445,R,117190,R,3950430,R,4067620,1,R,37985,R,32534,R,5,R,12301139,1,R,2869524,R,4595594,R,13156715,R,512354,R,18264663,R,226317,R,2469854,R,2696171,R,36131497,33261973,1 ,1,R,210.00,R,66.00,R,9.00,R,119.00,R,16.00
2020,145600,2,R,2475589,R,1145044,R,737,R,9000,Z,0,R,1800,R,60000,R,2486389,R,1205781,R,3692170,R,65598,R,4061975,R,4127573,1,R,32791,R,22972,R,5,R,8843167,2,Z,0,R,83437,R,8911644,R,690,R,8995771,R,0,R,2126194,R,2126194,R,19965132,19965132,1 ,1,R,151.00,R,52.00,R,4.00,R,66.00,R,29.00
2020,145637,2,R,5501427,R,1734063,R,1271,R,318176,R,333469,R,276829,R,212290,R,6096432,R,2281093,R,8377525,R,217249,R,3566091,R,3783340,1,R,49716,R,25423,R,14,R,22951628,2,Z,0,R,4133925,R,15940609,R,743062,R,20817596,R,326254,R,2770564,R,3096818,R,46866042,46866042,1 ,1,R,399.50,R,186.50,R,0.00,R,152.00,R,61.00
2020,147767,2,R,2598535,R,2244760,R,1026,R,220436,R,19442,R,103923,R,189096,R,2922894,R,2454324,R,5377218,R,60412,R,7356877,R,7417289,1,R,11440,R,19313,R,2,R,12362863,1,R,3460799,R,2821036,R,12020399,R,0,R,14841435,R,275580,R,2536602,R,2812182,R,33477279,30016480,1 ,1,R,186.00,R,69.00,R,35.00,R,80.00,R,2.00
2020,151351,2,R,5084681,R,2572499,R,2389,R,362148,R,4459119,R,160013,R,281702,R,5606842,R,7315709,R,12922551,R,149435,R,1460254,R,1609689,1,R,26020,R,17500,R,15,R,18248313,1,R,6459391,R,4537923,R,12055353,R,1049698,R,17642974,R,208330,R,6470191,R,6678521,R,49029199,42569808,1 ,1,R,392.96,R,91.00,R,97.00,R,113.50,R,91.46
2020,152080,2,R,2283379,R,1475268,R,1693,R,375152,R,169473,R,65421,R,183028,R,2723952,R,1829462,R,4553414,R,84339,R,3326658,R,3410997,1,R,23279,R,16950,R,7,R,11927184,1,R,4033550,R,4363190,R,9111895,R,233211,R,13708296,R,118803,R,2616029,R,2734832,R,32403862,28370312,1 ,1,R,206.00,R,67.00,R,47.00,R,69.00,R,23.00
2020,160755,2,R,1889465,R,1329076,R,913,R,40001,R,6458,R,59599,R,226866,R,1989065,R,1563313,R,3552378,R,38791,R,266893,R,305684,1,R,7832,R,5281,R,6,R,6336111,1,R,1259445,R,2460600,R,10029772,R,553591,R,13043963,R,23046,R,1286791,R,1309837,R,21949356,20689911,1 ,1,R,139.00,R,49.00,R,0.00,R,73.00,R,17.00
2020,162928,2,R,2370961,R,1944453,R,876,R,154017,R,249656,R,52029,R,190585,R,2577007,R,2385570,R,4962577,R,116425,R,1608546,R,1724971,1,R,49133,R,33161,R,11,R,14936666,1,R,4778186,R,4394842,R,18550059,R,296653,R,23241554,R,82300,R,8559500,R,8641800,R,51598206,46820020,1 ,1,R,245.00,R,51.00,R,81.00,R,89.00,R,24.00
2020,163286,2,R,2368458,R,3937338,R,440,R,480443,R,317799,R,19953,R,148156,R,2868854,R,4403733,R,7272587,R,87426,R,5024158,R,5111584,1,R,23361,R,44037,R,6,R,13291847,1,R,4081542,R,931601,R,9993782,R,1074484,R,11999867,R,86633,R,3303041,R,3389674,R,32762930,28681388,1 ,1,R,241.49,R,68.81,R,69.80,R,70.39,R,32.49
2020,164924,2,R,1480340,R,1095829,R,995,R,299410,R,64636,R,42173,R,137247,R,1821923,R,1298707,R,3120630,R,113366,R,256471,R,369837,1,R,40548,R,39481,R,7,R,11004236,1,R,3744754,R,2520118,R,11185536,R,172840,R,13878494,R,154605,R,1219011,R,1373616,R,30001100,26256346,1 ,1,R,186.00,R,89.00,R,0.00,R,61.00,R,36.00
2020,164988,2,R,802559,R,1480303,R,425,R,154958,R,117122,R,315615,R,742822,R,1273132,R,2340672,R,3613804,R,46061,R,4178082,R,4224143,1,R,12404,R,9969,R,12,R,11689231,1,R,2390990,R,681238,R,11058408,R,295113,R,12034759,R,16913,R,1679886,R,1696799,R,27811779,25420789,1 ,1,R,253.00,R,81.00,R,26.00,R,77.00,R,69.00
2020,165015,2,R,1035335,R,1577093,R,651,R,153472,R,155758,R,11948,R,131675,R,1200755,R,1865177,R,3065932,R,19784,R,603780,R,623564,1,R,12704,R,12061,R,0,R,3840360,1,R,1005521,R,545236,R,3615693,R,286236,R,4447165,R,69919,R,619789,R,689708,R,9982754,8977233,1 ,1,R,75.00,R,34.00,R,16.00,R,8.00,R,17.00
2020,166027,2,R,14351850,R,2344431,R,1504,R,630790,R,463909,R,597794,R,322501,R,15580434,R,3132345,R,18712779,R,281925,R,6274140,R,6556065,1,R,22789,R,101809,R,33,R,60523154,1,R,21173187,R,14648299,R,21853508,R,9480164,R,45981971,R,1170996,R,64422133,R,65593129,R,193271441,172098254,1 ,1,R,878.90,R,438.40,R,67.26,R,298.18,R,75.06
2020,166629,2,R,2049001,R,1834936,R,601,R,404932,R,132442,R,69929,R,177290,R,2523862,R,2145269,R,4669131,R,60327,R,3305306,R,3365633,1,R,14580,R,21385,R,2,R,9138047,1,R,273887,R,1031492,R,7332891,R,277177,R,8641560,R,7314,R,2433160,R,2440474,R,20493968,20220081,1 ,1,R,166.64,R,51.50,R,13.00,R,53.54,R,48.60
2020,166683,2,R,1349688,R,1316340,R,356,R,369818,R,13960729,R,50111,R,93623,R,1769617,R,15371048,R,17140665,R,54434,R,6475535,R,6529969,1,R,13804,R,21499,R,4,R,12668320,1,R,3058213,R,1737124,R,9289186,R,479346,R,11505656,R,0,R,3696172,R,3696172,R,30928361,27870148,1 ,1,R,147.00,R,27.00,R,59.00,R,61.00,R,0.00
2020,167358,2,R,521283,R,1218004,R,384,R,131161,R,133739,R,8081,R,186585,R,660525,R,1538712,R,2199237,R,50433,R,2729919,R,2780352,1,R,13010,R,12978,R,1,R,6113161,1,R,1836834,R,504017,R,8077554,R,111706,R,8693277,R,0,R,1375653,R,1375653,R,18018925,16182091,1 ,1,R,81.00,R,49.00,R,23.00,R,9.00,R,0.00
2020,168148,2,R,818975,R,1108786,R,979,R,87046,R,197778,R,14310,R,129997,R,920331,R,1437540,R,2357871,R,88088,R,781498,R,869586,1,R,30954,R,8496,R,6,R,6496470,1,R,1816915,R,2148224,R,9652602,R,233933,R,12034759,R,33010,R,871131,R,904141,R,21252285,19435370,1 ,1,R,127.00,R,57.00,R,0.00,R,37.00,R,33.00
2020,168421,2,R,181688,R,1305503,R,290,R,6258,R,164143,R,5481,R,184101,R,193427,R,1654037,R,1847464,R,4656,R,441541,R,446197,1,R,1964,R,2554,R,0,R,1322349,1,R,331676,R,314996,R,2502124,R,16685,R,2833805,R,22328,R,259465,R,281793,R,4769623,4437947,1 ,1,R,23.00,R,17.00,R,1.00,R,0.00,R,5.00
2020,170976,2,R,11920962,R,3685370,R,3069,R,435912,R,238401,R,581085,R,309242,R,12937959,R,4236082,R,17174041,R,156661,R,2120967,R,2277628,1,R,57688,R,30832,R,10,R,36176054,1,R,12333548,R,6210483,R,19590021,R,1702513,R,27503017,R,178160,R,9199740,R,9377900,R,85390519,73056971,1 ,1,R,619.00,R,228.00,R,0.00,R,320.00,R,71.00
2020,171100,2,R,3622426,R,3284131,R,1772,R,966577,R,208887,R,142505,R,469051,R,4731508,R,3963841,R,8695349,R,127057,R,1499489,R,1626546,1,R,41352,R,15530,R,3,R,14947479,2,Z,0,R,4847512,R,15934190,R,157158,R,20938860,R,103769,R,2250975,R,2354744,R,38241083,38241083,1 ,1,R,266.00,R,94.00,R,123.00,R,2.00,R,47.00
2020,174066,2,R,4104417,R,2167046,R,137,R,1047176,R,61275,R,153767,R,400554,R,5305360,R,2629012,R,7934372,R,101459,R,587688,R,689147,1,R,82380,R,38784,R,12,R,20027483,1,R,6270671,R,4018657,R,16290899,R,735838,R,21045394,R,0,R,3260546,R,3260546,R,50604094,44333423,1 ,1,R,336.00,R,90.00,R,51.00,R,136.00,R,59.00
2020,179867,2,R,2026540,R,2154381,R,979,R,754215,R,67197,R,66529,R,196099,R,2847284,R,2418656,R,5265940,R,88813,R,6597011,R,6685824,1,R,27055,R,27859,R,11,R,11310806,1,R,4018530,R,1826792,R,13677506,R,197617,R,15701915,R,80838,R,10904143,R,10984981,R,42016232,37997702,1 ,1,R,219.60,R,97.20,R,25.00,R,74.10,R,23.30
2020,182670,2,R,1575716,R,1549743,R,4064,R,111365,R,149563,R,43907,R,217024,R,1730988,R,1920394,R,3651382,R,168130,R,1620699,R,1788829,1,R,36717,R,18690,R,7,R,8893819,1,R,2973412,R,1338221,R,10439494,R,410142,R,12187857,R,24231,R,2308109,R,2332340,R,26387428,23414016,1 ,1,R,169.00,R,47.00,R,23.00,R,81.00,R,18.00
2020,185828,2,R,139980,R,217080,R,48,R,80575,R,13,R,54,R,69545,R,220609,R,286686,R,507295,R,4023,R,472280,R,476303,1,R,1943,R,2611,R,1,R,1806629,1,R,779815,R,108731,R,1566858,R,1486,R,1677075,R,0,R,221876,R,221876,R,4485395,3705580,1 ,1,R,36.00,R,15.00,R,0.00,R,11.00,R,10.00
2020,186131,2,R,7755544,R,2754947,R,2037,R,500675,R,210455,R,163048,R,345330,R,8419267,R,3312769,R,11732036,R,109216,R,3137827,R,3247043,1,R,54279,R,55365,R,9,R,25272288,1,R,6432165,R,10642005,R,19640546,R,1266288,R,31548839,R,880061,R,7618276,R,8498337,R,71751629,65319464,1 ,1,R,372.00,R,78.00,R,103.00,R,144.00,R,47.00
2020,186371,2,R,226838,R,92131,R,50,R,5650,R,6394,R,7849,R,13046,R,240337,R,111621,R,351958,R,9177,R,347135,R,356312,1,R,3508,R,2779,R,1,R,2687330,1,R,1158046,R,177855,R,1539264,R,19998,R,1737117,R,0,R,183687,R,183687,R,5766180,4608134,1 ,1,R,36.19,R,12.78,R,0.00,R,21.50,R,1.91
2020,186380,2,R,1744346,R,1088327,R,487,R,255388,R,61653,R,63771,R,125808,R,2063505,R,1276275,R,3339780,R,91708,R,3333569,R,3425277,1,R,29474,R,24969,R,10,R,14126000,1,R,5868627,R,1198839,R,9543877,R,88879,R,10831595,R,52565,R,1808290,R,1860855,R,32687077,26818450,1 ,1,R,228.24,R,52.45,R,0.00,R,127.23,R,48.56
2020,186399,2,R,412830,R,210615,R,116,R,114570,R,14779,R,16205,R,29806,R,543605,R,255316,R,798921,R,18191,R,792684,R,810875,1,R,4347,R,4684,R,1,R,4731592,1,R,2054383,R,311130,R,2813267,R,21243,R,3145640,R,0,R,524431,R,524431,R,10456046,8401663,1 ,1,R,64.45,R,27.77,R,0.00,R,34.38,R,2.30
2020,186867,2,R,56690,R,266173,R,81,R,0,R,1,R,898,R,42527,R,57588,R,308782,R,366370,R,521,R,666819,R,667340,1,R,197,R,2299,R,0,R,939045,1,R,237859,R,2780,R,1092928,R,8543,R,1104251,R,21016,R,176801,R,197817,R,2478972,2241113,1 ,1,R,32.00,R,8.00,R,4.00,R,0.00,R,20.00
2020,190415,2,R,5202750,R,1726497,R,4322,R,515608,R,480752,R,239616,R,167065,R,5957974,R,2378636,R,8336610,R,157481,R,9414907,R,9572388,1,R,34796,R,37586,R,15,R,23566278,1,R,6366931,R,4191284,R,12236152,R,234029,R,16661465,R,367921,R,12596486,R,12964407,R,59559081,53192150,1 ,1,R,370.89,R,110.37,R,67.77,R,152.51,R,40.24
2020,191241,2,R,1056944,R,1355777,R,530,R,108892,R,27235,R,16200,R,100628,R,1182036,R,1484170,R,2666206,R,35844,R,1492689,R,1528533,1,R,8830,R,7148,R,3,R,5745785,1,R,2744650,R,842948,R,4578961,R,388043,R,5809952,R,12184,R,705783,R,717967,R,15018354,12273704,1 ,1,R,102.00,R,50.00,R,0.00,R,49.00,R,3.00
2020,193900,2,R,3549208,R,2348542,R,1341,R,311402,R,273939,R,52740,R,232600,R,3913350,R,2856422,R,6769772,R,102466,R,10379894,R,10482360,1,R,13471,R,9801,R,9,R,21718560,1,R,6425524,R,15238599,R,13359391,R,221121,R,28819111,R,15692,R,5546978,R,5562670,R,62525865,56100341,1 ,1,R,319.00,R,75.00,R,146.00,R,55.00,R,43.00
2020,194824,2,R,261887,R,293551,R,239,R,13831,R,238371,R,3387,R,65236,R,279105,R,597397,R,876502,R,6079,R,19341,R,25420,1,R,3949,R,4057,R,1,R,853403,1,R,240372,R,30705,R,2305992,R,23786,R,2360483,R,18562,R,415073,R,433635,R,3887893,3647521,1 ,1,R,19.00,R,8.00,R,0.00,R,9.00,R,2.00
2020,195003,2,R,316312,R,801156,R,256,R,12066,R,83187,R,5748,R,90140,R,334126,R,974739,R,1308865,R,13314,R,1482687,R,1496001,1,R,3223,R,6774,R,0,R,3403038,2,Z,0,R,110090,R,2538858,R,53880,R,2702828,R,5354,R,328127,R,333481,R,6439347,6439347,1 ,1,R,67.00,R,24.00,R,18.00,R,7.00,R,18.00
2020,195030,2,R,1821444,R,1295459,R,640,R,155436,R,72369,R,38378,R,122866,R,2015258,R,1491334,R,3506592,R,59418,R,1665526,R,1724944,1,R,20778,R,13450,R,7,R,8266555,1,R,2476120,R,1465117,R,11507509,R,32003,R,13004629,R,14963,R,2251545,R,2266508,R,26013812,23537692,1 ,1,R,165.00,R,72.00,R,7.00,R,51.00,R,35.00
2020,196079,2,R,1478739,R,852682,R,260,R,66241,R,4412,R,41597,R,177629,R,1586577,R,1034983,R,2621560,R,48004,R,1268413,R,1316417,1,R,14579,R,11252,R,3,R,5366206,2,Z,0,R,1284911,R,5237225,R,308023,R,6830159,R,137779,R,381868,R,519647,R,12716012,12716012,1 ,1,R,110.29,R,24.75,R,34.25,R,19.45,R,31.84
2020,196088,2,R,1977000,R,1573878,R,444,R,316393,R,92836,R,99200,R,198979,R,2392593,R,1866137,R,4258730,R,39877,R,439124,R,479001,1,R,13830,R,32297,R,9,R,9613797,2,Z,0,R,602876,R,7983761,R,84665,R,8671302,R,19150,R,1841166,R,1860316,R,20145415,20145415,1 ,1,R,144.81,R,45.11,R,50.10,R,25.60,R,24.00
2020,196097,2,R,1838577,R,395781,R,468,R,38385,R,1948,R,1157,R,190921,R,1878119,R,589118,R,2467237,R,21355,R,18275,R,39630,1,R,9322,R,8114,R,6,R,5582644,2,Z,0,R,195463,R,7365396,R,82701,R,7643560,R,149455,R,332181,R,481636,R,13707840,13707840,1 ,1,R,88.00,R,31.00,R,41.00,R,2.00,R,14.00
2020,196413,2,R,1534544,R,951422,R,704,R,115744,R,69125,R,33924,R,165056,R,1684212,R,1186307,R,2870519,R,100484,R,95188,R,195672,1,R,20777,R,10047,R,3,R,10392246,1,R,3365462,R,3185564,R,9883192,R,558182,R,13626938,R,42332,R,2780608,R,2822940,R,30207586,26842124,1 ,1,R,191.00,R,61.00,R,32.00,R,74.00,R,24.00
2020,197708,2,R,506696,R,289875,R,338,R,14054,R,0,R,6190,R,53124,R,526940,R,343337,R,870277,R,21168,R,103201,R,124369,1,R,2191,R,1063,R,3,R,5670437,1,R,1114151,R,163393,R,1348447,R,25260,R,1537100,R,6332,R,640269,R,646601,R,8968289,7854138,1 ,1,R,67.00,R,34.00,R,11.00,R,8.50,R,13.50
2020,198419,2,R,4136891,R,2482115,R,1166,R,395996,R,1269897,R,152058,R,248129,R,4684945,R,4001307,R,8686252,R,229459,R,3261977,R,3491436,1,R,21377,R,14195,R,7,R,20226593,1,R,4071614,R,6254802,R,15944701,R,653881,R,22853384,R,63592,R,4653051,R,4716643,R,51868234,47796620,1 ,1,R,342.52,R,128.92,R,106.75,R,82.00,R,24.85
2020,199120,2,R,3804477,R,1736610,R,1329,R,11375243,R,109832,R,151790,R,185195,R,15331510,R,2032966,R,17364476,R,150824,R,2563258,R,2714082,1,R,21526,R,18361,R,10,R,17460540,1,R,5988917,R,5374625,R,10006837,R,99255,R,15480717,R,606509,R,4031601,R,4638110,R,43568284,37579367,1 ,1,R,376.78,R,141.30,R,9.00,R,160.75,R,65.73
2020,199193,2,R,1477924,R,1347460,R,685,R,272686,R,75990,R,47216,R,57536,R,1797826,R,1481671,R,3279497,R,64862,R,6582467,R,6647329,1,R,14940,R,33548,R,4,R,15175537,2,Z,0,R,1460916,R,9861741,R,240139,R,11562796,R,42822,R,6066600,R,6109422,R,32847755,32847755,1 ,1,R,252.00,R,101.00,R,28.00,R,77.00,R,46.00
2020,199847,2,R,980755,R,1660800,R,807,R,274377,R,60428,R,105814,R,160483,R,1360946,R,1882518,R,3243464,R,38099,R,2798716,R,2836815,1,R,10761,R,6309,R,2,R,6092798,1,R,1366386,R,663673,R,8531968,R,198188,R,9393829,R,53116,R,2115510,R,2168626,R,19021639,17655253,1 ,1,R,116.92,R,47.80,R,11.00,R,39.94,R,18.18
2020,201645,2,R,1189765,R,1609603,R,745,R,66973,R,26054,R,34856,R,34728,R,1291594,R,1671130,R,2962724,R,58213,R,4512,R,62725,1,R,5326,R,3203,R,4,R,5447870,1,R,1618476,R,951865,R,6596539,R,143169,R,7691573,R,31355,R,1967641,R,1998996,R,16756915,15138439,1 ,1,R,113.53,R,46.00,R,14.00,R,25.00,R,28.53
2020,204796,2,R,4258299,R,1406330,R,3825,R,114907,R,149132,R,201529,R,78141,R,4574735,R,1637428,R,6212163,R,154220,R,1556729,R,1710949,1,R,32567,R,19506,R,12,R,17600059,1,R,4822761,R,2761062,R,16778049,R,694379,R,20233490,R,123511,R,10639265,R,10762776,R,53419086,48596325,1 ,1,R,312.40,R,73.00,R,41.00,R,139.25,R,59.15
2020,211440,2,R,736660,R,1248912,R,720,R,57301,R,371295,R,14957,R,182217,R,808918,R,1803144,R,2612062,R,21019,R,2009755,R,2030774,1,R,3328,R,4552,R,3,R,5078543,1,R,1481529,R,556397,R,8909370,R,168898,R,9634665,R,15974,R,2055905,R,2071879,R,18266616,16785087,1 ,1,R,79.00,R,27.00,R,22.00,R,20.00,R,10.00
2020,212054,2,R,293135,R,1034248,R,398,R,6474,R,74606,R,4842,R,165638,R,304451,R,1274890,R,1579341,R,17697,R,2748704,R,2766401,1,R,17787,R,11366,R,4,R,4074940,1,R,1291500,R,241404,R,4961381,R,83320,R,5286105,R,14786,R,664320,R,679106,R,11331651,10040151,1 ,1,R,93.44,R,34.00,R,13.00,R,23.81,R,22.63
2020,213543,2,R,741169,R,537637,R,231,R,2155,R,76067,R,9526,R,64150,R,752850,R,678085,R,1430935,R,17045,R,329610,R,346655,1,R,7220,R,7361,R,0,R,2722910,2,Z,0,R,414328,R,3329013,R,0,R,3743341,R,4868,R,441261,R,446129,R,6912380,6912380,1 ,1,R,44.78,R,16.00,R,3.33,R,18.45,R,7.00
2020,215062,2,R,5382778,R,2081280,R,2211,R,5596787,R,4765642,R,2892,R,304659,R,10982457,R,7153792,R,18136249,R,106864,R,10057934,R,10164798,1,R,58608,R,76409,R,14,R,23125647,1,R,6902295,R,9007365,R,18811186,R,539367,R,28357918,R,160926,R,11557486,R,11718412,R,70104272,63201977,1 ,1,R,340.49,R,93.30,R,72.63,R,127.56,R,47.00
2020,215293,2,R,3883381,R,1802418,R,615,R,482840,R,41621,R,108890,R,288349,R,4475111,R,2133003,R,6608114,R,49895,R,7457560,R,7507455,1,R,26354,R,19325,R,16,R,13743187,1,R,4252676,R,3564798,R,16317610,R,705872,R,20588280,R,0,R,2963335,R,2963335,R,41547478,37294802,1 ,1,R,280.00,R,105.00,R,10.00,R,131.00,R,34.00
2020,216597,2,R,539293,R,933188,R,1649,R,4667,R,85564,R,10148,R,136290,R,554108,R,1156691,R,1710799,R,21198,R,552239,R,573437,1,R,8924,R,8452,R,1,R,4468883,2,Z,0,R,937763,R,4460920,R,100961,R,5499644,R,19194,R,508858,R,528052,R,10496579,10496579,1 ,1,R,67.00,R,30.00,R,10.00,R,19.00,R,8.00
2020,217156,2,R,2284960,R,2595431,R,331,R,223024,Z,0,R,60865,R,158595,R,2568849,R,2754357,R,5323206,R,75561,R,101,R,75662,1,R,21011,R,26689,R,7,R,10075574,1,R,2966561,R,1985246,R,10102301,R,951474,R,13039021,R,23231,R,1766813,R,1790044,R,27871200,24904639,1 ,1,R,146.00,R,43.00,R,23.00,R,67.00,R,13.00
2020,217882,2,R,716333,R,968015,R,472,R,54885,R,49013,R,23520,R,244826,R,794738,R,1262326,R,2057064,R,48482,R,1644681,R,1693163,1,R,5438,R,9651,R,4,R,4566929,1,R,1925705,R,479994,R,8332267,R,157788,R,8970049,R,6560,R,1876225,R,1882785,R,17345468,15419763,1 ,1,R,110.00,R,32.00,R,54.00,R,8.00,R,16.00
2020,217925,2,R,88015,R,375066,R,132,R,2300,R,251,R,11,R,66241,R,90326,R,441690,R,532016,R,21151,R,8546,R,29697,1,R,256,R,785,R,0,R,220924,2,Z,0,R,33169,R,177823,R,10513,R,221505,R,3552,R,66304,R,69856,R,512285,512285,1 ,1,R,12.00,R,2.00,R,4.00,R,0.00,R,6.00
2020,221999,2,R,1930155,R,2657448,R,791,R,166015,R,264949,R,62540,R,306043,R,2158710,R,3229231,R,5387941,R,60268,R,3994348,R,4054616,1,R,15421,R,15106,R,9,R,10540370,1,R,2500030,R,2096871,R,12300346,R,75447,R,14472664,R,42858,R,8649520,R,8692378,R,36205442,33705412,1 ,1,R,184.00,R,69.00,R,19.00,R,74.00,R,22.00
2020,223232,2,R,1300426,R,1009040,R,1002,R,200486,R,80769,R,48149,R,195664,R,1549061,R,1286475,R,2835536,R,37609,R,988260,R,1025869,1,R,18454,R,18439,R,8,R,8493451,1,R,2937219,R,1632380,R,8974976,R,47333,R,10654689,R,54311,R,3067892,R,3122203,R,25207562,22270343,1 ,1,R,178.00,R,36.00,R,33.00,R,56.00,R,53.00
2020,227757,2,R,1887554,R,1066596,R,773,R,474366,R,150264,R,43945,R,127754,R,2405865,R,1345387,R,3751252,R,52628,R,1137213,R,1189841,1,R,9454,R,8235,R,1,R,6125964,1,R,1436424,R,3696552,R,8845136,R,535359,R,13077047,R,34708,R,1180950,R,1215658,R,21855093,20418669,1 ,1,R,106.00,R,35.00,R,29.00,R,36.00,R,6.00
2020,228246,2,R,1839848,R,2597770,R,741,R,2283474,R,96515,R,28871,R,167121,R,4152193,R,2862147,R,7014340,R,40141,R,538698,R,578839,1,R,6017,R,7093,R,6,R,7314075,1,R,1748645,R,1587418,R,5346771,R,0,R,6934189,R,55864,R,2106948,R,2162812,R,18159721,16411076,1 ,1,R,127.00,R,62.00,R,6.00,R,41.00,R,18.00
2020,228723,2,R,3597765,R,1890938,R,1201,R,378118,R,0,R,115000,R,163350,R,4090883,R,2055489,R,6146372,R,117411,R,441664,R,559075,1,R,35811,R,22247,R,17,R,13817539,1,R,4441881,R,6143396,R,20206961,R,1224736,R,27575093,R,193302,R,4059579,R,4252881,R,50087394,45645513,1 ,1,R,360.00,R,80.00,R,78.00,R,94.00,R,108.00
2020,228778,2,R,5217672,R,1648965,R,988,R,697354,R,195407,R,213636,R,183622,R,6128662,R,2028982,R,8157644,R,138857,R,390301,R,529158,1,R,29539,R,19858,R,15,R,20731512,1,R,4862718,R,6992717,R,12896627,R,1352227,R,21241571,R,87656,R,3179883,R,3267539,R,50103340,45240622,1 ,1,R,410.00,R,150.00,R,0.00,R,205.00,R,55.00
2020,228875,2,R,964582,R,1501355,R,598,R,595796,R,154226,R,12536,R,181774,R,1572914,R,1837953,R,3410867,R,32861,R,842248,R,875109,1,R,5522,R,6845,R,0,R,3491207,2,Z,0,R,1006469,R,6003913,R,1588,R,7011970,R,3746,R,567729,R,571475,R,11074652,11074652,1 ,1,R,68.01,R,26.00,R,3.00,R,28.63,R,10.38
2020,231624,2,R,1184936,R,2496719,R,710,R,196943,R,276104,R,39889,R,214666,R,1421768,R,2988199,R,4409967,R,41656,R,1056816,R,1098472,1,R,10966,R,7708,R,5,R,4747942,1,R,1674588,R,607627,R,5094761,R,187043,R,5889431,R,25371,R,1269992,R,1295363,R,13607324,11932736,1 ,1,R,108.68,R,33.75,R,26.00,R,31.00,R,17.93
2020,234076,2,R,3483646,R,1179226,R,1456,R,543365,R,125397,R,122045,R,395645,R,4149056,R,1701724,R,5850780,R,132636,R,3562995,R,3695631,1,R,18470,R,31761,R,12,R,22089971,1,R,7568466,R,2681070,R,12579641,R,323529,R,15584240,R,131000,R,6938818,R,7069818,R,52312495,44744029,1 ,1,R,332.00,R,67.00,R,110.00,R,103.00,R,52.00
2020,236948,2,R,5234198,R,1597734,R,633,R,586840,R,174936,R,175552,R,264996,R,5996590,R,2038299,R,8034889,R,121776,R,5695040,R,5816816,1,R,37369,R,81519,R,12,R,20145414,1,R,6727709,R,3534471,R,13703752,R,1019587,R,18257810,R,0,R,5529017,R,5529017,R,50659950,43932241,1 ,1,R,354.00,R,120.00,R,44.00,R,128.00,R,62.00
2020,239105,2,R,1284630,R,2494240,R,598,R,665882,R,81891,R,964,R,63148,R,1951476,R,2639877,R,4591353,R,27385,R,729966,R,757351,1,R,7340,R,7005,R,1,R,4427415,2,Z,0,R,2067914,R,6307046,R,33427,R,8408387,R,10579,R,806872,R,817451,R,13653253,13653253,1 ,1,R,94.00,R,37.00,R,2.00,R,31.00,R,24.00
2020,240444,2,R,5264195,R,1902698,R,879,R,591336,R,177826,R,321501,R,162432,R,6177032,R,2243835,R,8420867,R,130137,R,7228006,R,7358143,1,R,70440,R,85813,R,16,R,17269397,1,R,952345,R,4039594,R,11610478,R,186562,R,15836634,R,74903,R,4970648,R,5045551,R,39103927,38151582,1 ,1,R,336.80,R,113.50,R,43.80,R,91.25,R,88.25
2020,243744,2,R,9858435,R,4161176,R,2683,R,3018390,R,198753,R,508843,R,306307,R,13385668,R,4668919,R,18054587,R,290445,R,5321655,R,5612100,1,R,10351,R,8204,R,19,R,48253827,1,R,10446013,R,12954681,R,21058433,R,2546117,R,36559231,R,395754,R,24065915,R,24461669,R,119720740,109274727,1 ,1,R,379.00,R,96.00,R,64.00,R,196.00,R,23.00
2020,243780,2,R,953285,R,2912857,R,667,R,17023,R,22789,R,44779,R,215686,R,1015087,R,3151999,R,4167086,R,34057,R,4029740,R,4063797,1,R,28276,R,33534,R,0,R,9721057,1,R,3423143,R,1475002,R,13407556,R,1117917,R,16000475,R,17173,R,3069611,R,3086784,R,32231459,28808316,1 ,1,R,196.18,R,54.50,R,43.00,R,61.90,R,36.78
2020,445188,2,R,149096,R,2417702,R,883,R,2784,R,16,R,20,R,199605,R,151900,R,2618206,R,2770106,R,8651,R,535739,R,544390,1,R,4118,R,6689,R,0,R,2126764,2,Z,0,R,417522,R,1078184,R,171586,R,1667292,R,0,R,465058,R,465058,R,4259114,4259114,1 ,1,R,49.00,R,12.00,R,20.00,R,0.00,R,17.00
2021,100858,2,R,1660975,R,1427985,R,305,R,598031,R,50257,R,66293,R,238038,R,2325299,R,1716585,R,4041884,R,37789,R,1406266,R,1444055,1,R,15245,R,8162,R,2,R,5109582,1,R,1353819,R,963842,R,8258047,R,89594,R,9311483,R,20821,R,1963311,R,1984132,R,17759016,16405197,1 ,1,R,119.60,R,33.00,R,27.00,R,28.30,R,31.30
2021,110404,2,R,276273,R,183678,R,245,R,7379,R,6397,R,1952,R,168780,R,285604,R,359100,R,644704,R,1838,R,1657922,R,1659760,1,R,3455,R,6405,R,5,R,2279873,1,R,772341,R,192302,R,3141437,R,461152,R,3794891,R,0,R,727809,R,727809,R,7574914,6802573,1 ,1,R,36.10,R,11.10,R,6.00,R,19.00,R,0.00
2021,110635,2,R,7718398,R,2079573,R,0,R,19948826,R,85567,R,326828,R,251314,R,27994052,R,2416454,R,30410506,R,37211,P,6430172,P,6467383,1,R,1791,R,6887,R,28,R,29455520,1,R,12056911,R,7922703,R,13786143,R,1595763,R,23304609,R,244195,R,2648443,R,2892638,R,67709678,55652767,1 ,1,R,377.00,R,99.00,R,145.00,R,108.00,R,25.00
2021,110644,2,R,2197043,R,1552357,R,1531,R,252198,R,0,R,242692,R,0,R,2691933,R,1553888,R,4245821,R,12137,R,2912119,R,2924256,1,R,7054,R,8951,R,3,R,11858407,1,R,4804615,R,2340518,R,8943633,R,93817,R,11377968,R,17224,R,1970482,R,1987706,R,30028696,25224081,1 ,1,R,156.00,R,40.00,R,46.00,R,50.00,R,20.00
2021,110653,2,R,1757187,R,1766259,R,1529,R,253488,R,253111,R,6212,R,256332,R,2016887,R,2277231,R,4294118,R,6015,R,24969542,R,24975557,1,R,639,R,6366,R,0,R,11931322,1,R,5254146,R,1071751,R,9128940,R,176138,R,10376829,R,0,R,2572703,R,2572703,R,30135000,24880854,1 ,1,R,164.39,R,52.00,R,16.00,R,94.00,R,2.39
2021,110662,2,R,14166096,R,1627107,R,2239,R,4865431,R,0,R,5794,R,169851,R,19037321,R,1799197,R,20836518,R,18518,R,21577252,R,21595770,1,R,9483,R,14840,R,12,R,30674283,1,R,11327772,R,4561758,R,11351972,R,958813,R,16872543,R,267505,R,6944711,R,7212216,R,66086814,54759042,1 ,1,R,382.00,R,107.00,R,67.00,R,180.00,R,28.00
2021,110671,2,R,4524786,R,1738569,R,2086,R,24395,R,80503,R,2308,R,110560,R,4551489,R,1931718,R,6483207,R,3294,R,126420,R,129714,1,R,323,R,4246,R,3,R,6639328,1,R,2844601,R,391745,R,4233424,R,65306,R,4690475,R,5835,R,643558,R,649393,R,14823797,11979196,1 ,1,R,92.00,R,31.00,R,59.00,R,0.00,R,2.00
2021,110680,2,R,1461384,R,1966552,R,8994,R,244563,R,190154,R,63693,R,299900,R,1769640,R,2465600,R,4235240,R,9024,R,9024,R,18048,1,R,5186,R,11094,R,2,R,16647971,1,R,7219647,R,1706045,R,7947055,R,0,R,9653100,R,54087,R,4196363,R,4250450,R,37771168,30551521,1 ,1,R,236.41,R,53.74,R,62.64,R,104.03,R,16.00
2021,110705,2,R,3848817,R,1476798,R,717,R,324013,R,10404,R,117374,R,58687,R,4290204,R,1546606,R,5836810,R,8495,R,2117234,R,2125729,1,R,2575,R,7885,R,1,R,10132903,2,Z,0,R,2029961,R,4503064,R,0,R,6533025,R,0,R,499350,R,499350,R,17165278,17165278,1 ,1,R,135.75,R,37.00,R,10.00,R,77.00,R,11.75
2021,110714,2,R,673789,R,1591918,R,2819,R,51735,R,264907,R,16188,R,84406,R,741712,R,1944050,R,2685762,R,32,R,898437,R,898469,1,R,405,R,2343,R,0,R,5296584,1,R,2342385,R,671042,R,2636628,R,242954,R,3550624,R,8749,R,841679,R,850428,R,12040021,9697636,1 ,1,R,64.39,R,22.00,R,2.00,R,36.24,R,4.15
2021,121150,2,R,330845,R,531372,R,128,R,30307,R,206477,R,101,R,50992,R,361253,R,788969,R,1150222,R,1720,R,477203,R,478923,1,R,2938,R,6333,R,5,R,2232089,1,R,759530,R,462785,R,1588161,R,64835,R,2115781,R,30427,R,226953,R,257380,R,5364780,4605250,1 ,1,R,34.72,R,18.00,R,1.00,R,14.20,R,1.52
2021,122931,2,R,562054,R,911802,R,363,R,19919,R,9620,R,13415,R,107195,R,595388,R,1028980,R,1624368,R,2338,R,38556,R,40894,1,R,14960,R,2978,R,1,R,3362737,2,Z,0,R,211058,R,4247694,R,70044,R,4528796,R,73817,R,157554,R,231371,R,8122904,8122904,1 ,1,R,44.00,R,19.50,R,16.00,R,6.50,R,2.00
2021,123961,2,R,3461030,R,1879359,R,1832,R,328467,R,1204018,R,124172,R,266228,R,3913669,R,3351437,R,7265106,R,11934,R,6894096,R,6906030,1,R,10821,R,10236,R,22,R,16249276,1,R,5283688,R,1282702,R,20087169,R,224094,R,21593965,R,0,R,6178888,R,6178888,R,49305817,44022129,1 ,1,R,260.00,R,64.00,R,40.00,R,93.00,R,63.00
2021,126614,2,R,3089850,R,5670384,R,1591,R,638869,R,133241,R,98689,R,204429,R,3827408,R,6009645,R,9837053,R,43966,R,237649,R,281615,1,R,11105,R,10067,R,2,R,9698899,1,R,3192551,R,4136846,R,10286303,R,442367,R,14865516,R,20769,R,1894620,R,1915389,R,29672355,26479804,1 ,1,R,153.00,R,56.00,R,45.00,R,45.00,R,7.00
2021,126775,2,R,305920,R,905351,R,183,R,441839,R,29885,R,1761,R,144288,R,749520,R,1079707,R,1829227,R,2391,R,274689,R,277080,1,R,4676,R,1144,R,0,R,1384242,1,R,606262,R,102234,R,1749303,R,14369,R,1865906,R,3701,R,283081,R,286782,R,4143192,3536930,1 ,1,R,20.00,R,8.00,R,3.00,R,5.00,R,4.00
2021,129020,2,R,1408112,R,1207226,R,1026,R,92207,R,200424,R,55745,R,170170,R,1556064,R,1578846,R,3134910,R,4444,R,2449620,R,2454064,1,R,15340,R,19659,R,5,R,9861440,1,R,6985785,R,2219181,R,8678294,R,971762,R,11869237,R,8107,R,1035574,R,1043681,R,29760143,22774358,1 ,1,R,128.74,R,60.66,R,45.00,R,13.00,R,10.08
2021,130794,2,R,8788525,R,2375415,R,1147,R,277672,R,178206,R,358585,R,270184,R,9424782,R,2824952,R,12249734,R,71423,R,7819369,R,7890792,1,R,27893,R,19816,R,11,R,40523776,2,Z,0,R,15788241,R,14285243,R,0,R,30073484,R,534408,R,22424124,R,22958532,R,93555792,93555792,1 ,1,R,501.05,R,229.75,R,0.00,R,246.30,R,25.00
2021,130943,2,R,3343094,R,982747,R,506,R,3495484,R,1240753,R,768,R,124789,R,6839346,R,2348795,R,9188141,R,10515,P,332812,P,343327,1,R,21645,R,14305,R,4,R,7911334,1,R,3613905,R,2129763,R,7359252,R,9516,R,9498531,R,8580,R,1899844,R,1908424,R,22932194,19318289,1 ,1,R,122.78,R,47.00,R,29.75,R,45.03,R,1.00
2021,131159,2,R,799504,R,892528,R,570,R,52973,R,359418,R,13381,R,147329,R,865858,R,1399845,R,2265703,R,34968,R,173968,R,208936,1,R,9181,R,7433,R,1,R,6197485,1,R,1533905,R,1373811,R,5662937,R,210254,R,7247002,R,69191,R,974343,R,1043534,R,16021926,14488021,1 ,1,R,115.75,R,21.00,R,43.75,R,26.00,R,25.00
2021,131469,2,R,1129492,R,1502450,R,856,R,166026,R,49064,R,34596,R,258311,R,1330114,R,1810681,R,3140795,R,9478,R,3092521,R,3101999,1,R,6343,R,13784,R,4,R,13717498,1,R,3085446,R,1220109,R,9240396,R,78830,R,10539335,R,5371,R,2761316,R,2766687,R,30108966,27023520,1 ,1,R,176.50,R,65.00,R,43.50,R,54.00,R,14.00
2021,131496,2,R,1839683,R,3059760,R,1270,R,171794,R,148082,R,40637,R,461309,R,2052114,R,3670421,R,5722535,R,18899,R,2022382,R,2041281,1,R,15761,R,15941,R,6,R,11354394,1,R,4123482,R,1218296,R,11226027,R,157895,R,12602218,R,15184,R,1574031,R,1589215,R,29669309,25545827,1 ,1,R,174.00,R,75.00,R,11.00,R,75.00,R,13.00
2021,131520,2,R,1495646,R,638862,R,234,R,172439,R,172439,R,40780,R,158610,R,1708865,R,970145,R,2679010,R,282,R,189466,R,189748,1,R,370,R,28,R,4,R,1995859,1,R,477055,R,119546,R,1398999,R,870560,R,2389105,R,59813,R,201000,R,260813,R,5122832,4645777,1 ,1,R,52.00,R,15.00,R,7.00,R,15.00,R,15.00
2021,133951,2,R,1356769,R,782932,Z,0,R,422476,R,223132,R,78921,R,184180,R,1858166,R,1190244,R,3048410,R,4133,R,1380857,R,1384990,1,R,3773,R,3439,R,4,R,7090105,1,R,2525151,R,1065003,R,7177362,R,193691,R,8436056,R,0,R,1214102,R,1214102,R,19265414,16740263,1 ,1,R,166.75,R,50.50,R,30.00,R,44.25,R,42.00
2021,134097,2,R,1717698,R,1642108,R,652,R,427718,R,119064,R,67984,R,371783,R,2213400,R,2133607,R,4347007,R,21627,R,1956677,R,1978304,1,R,6286,R,8417,R,8,R,9441254,1,R,125575,R,3428191,R,5928535,R,480369,R,9837095,R,0,R,876126,R,876126,R,20280050,20154475,1 ,1,R,233.22,R,75.50,R,33.00,R,58.50,R,66.22
2021,134130,2,R,4369176,R,1507996,R,1162,R,882073,R,310527,R,102422,R,94772,R,5353671,R,1914457,R,7268128,R,36779,R,4831918,R,4868697,1,R,3381,R,15555,R,8,R,15332992,1,R,5535239,R,1572628,R,13357632,R,367049,R,15297309,R,78075,R,2866192,R,2944267,R,39109807,33574568,1 ,1,R,375.50,R,110.50,R,26.00,R,186.00,R,53.00
2021,135726,2,R,1762243,R,1214864,R,767,R,229381,R,168291,R,50611,R,155882,R,2042235,R,1539804,R,3582039,R,12466,R,1811315,R,1823781,1,R,12344,R,5682,R,6,R,9931794,1,R,2852850,R,1625840,R,10953963,R,469789,R,13049592,R,31195,R,6077462,R,6108657,R,31942893,29090043,1 ,1,R,197.00,R,70.00,R,35.00,R,71.00,R,21.00
2021,137351,2,R,1023168,R,1159670,R,946,R,995745,R,74980,R,397,R,75333,R,2019310,R,1310929,R,3330239,R,13404,R,2316058,R,2329462,1,R,10247,R,9707,R,3,R,7551987,1,R,2715487,R,300186,R,7372983,R,405154,R,8078323,R,0,R,2280159,R,2280159,R,20625956,17910469,1 ,1,R,164.00,R,42.00,R,43.00,R,44.00,R,35.00
2021,139658,2,R,2447513,R,1811178,R,1095,R,177797,R,248826,R,66125,R,430963,R,2691435,R,2492062,R,5183497,R,31835,R,2069982,R,2101817,1,R,16280,R,6640,R,8,R,18478968,1,R,4907532,R,6171332,R,15058756,R,33023,R,21263111,R,190847,R,6596401,R,6787248,R,51436859,46529327,1 ,1,R,394.00,R,113.00,R,97.00,R,69.00,R,115.00
2021,139755,2,R,411568,R,441213,R,607,R,16767,R,297234,R,23019,R,313792,R,451354,R,1052846,R,1504200,R,7908,R,2952226,R,2960134,1,R,5130,R,3028,R,1,R,5877896,1,R,1894846,R,2260150,R,2468037,R,7527688,R,12255875,R,0,R,2009567,R,2009567,R,22038184,20143338,1 ,1,R,91.00,R,26.00,R,25.00,R,35.00,R,5.00
2021,139959,2,R,4229493,R,1484647,R,543,R,636797,R,206178,R,94506,R,168934,R,4960796,R,1860302,R,6821098,R,65763,R,850764,R,916527,1,R,20243,R,8093,R,15,R,11343422,1,R,4722514,R,2290362,R,12424286,R,518053,R,15232701,R,54346,R,1800045,R,1854391,R,33153028,28430514,1 ,1,R,271.00,R,84.00,R,30.00,R,115.00,R,42.00
2021,144050,2,R,5562134,R,2302083,R,1729,R,97573,R,151131,R,197314,R,270135,R,5857021,R,2725078,R,8582099,R,44908,R,379307,R,424215,1,R,24202,R,21461,R,5,R,12084121,1,R,2259773,R,4425283,R,12444222,R,366444,R,17235949,R,144339,R,2469503,R,2613842,R,34193685,31933912,1 ,1,R,205.00,R,66.00,R,8.00,R,125.00,R,6.00
2021,145600,2,R,1895501,R,1464203,R,690,R,10547,R,0,R,3464,R,65000,R,1909512,R,1529893,R,3439405,R,7603,R,4000000,R,4007603,1,R,22468,R,13030,R,5,R,9168941,2,Z,0,R,389262,R,8801579,R,152,R,9190993,R,0,R,1683968,R,1683968,R,20043902,20043902,1 ,1,R,144.00,R,58.00,R,4.00,R,67.00,R,15.00
2021,145637,2,R,5879486,R,1828886,R,1324,R,346422,R,385789,R,270684,R,225428,R,6496592,R,2441427,R,8938019,R,33581,R,9092426,R,9126007,1,R,21959,R,10681,R,14,R,22474674,2,Z,0,R,4501927,R,16445685,R,914524,R,21862136,R,476323,R,3093668,R,3569991,R,47906801,47906801,1 ,1,R,370.30,R,188.52,R,0.00,R,148.00,R,33.78
2021,147767,2,R,2848930,R,2292553,R,1048,R,221953,R,244909,R,103377,R,196716,R,3174260,R,2735226,R,5909486,R,17614,R,5579458,R,5597072,1,R,6537,R,13692,R,2,R,11948123,1,R,3152813,R,3162103,R,10075696,R,0,R,13237799,R,246002,R,2550500,R,2796502,R,31135237,27982424,1 ,1,R,198.00,R,69.00,R,36.00,R,82.00,R,11.00
2021,151351,2,R,5138304,R,2734806,R,2519,R,366474,R,3671807,R,157628,R,309804,R,5662406,R,6718936,R,12381342,R,56500,R,3144587,R,3201087,1,R,21800,R,12836,R,15,R,16839487,1,R,6102355,R,5158926,R,12141815,R,1101622,R,18402363,R,88278,R,13177269,R,13265547,R,54609752,48507397,1 ,1,R,337.81,R,90.00,R,84.50,R,105.00,R,58.31
2021,152080,2,R,2293784,R,1859450,R,1852,R,374168,R,200065,R,47277,R,197256,R,2715229,R,2258623,R,4973852,R,54894,R,3418300,R,3473194,1,R,23609,R,13197,R,6,R,11538074,1,R,3735583,R,4061236,R,9136134,R,258444,R,13455814,R,44690,R,1411711,R,1456401,R,30185872,26450289,1 ,1,R,186.00,R,66.00,R,47.00,R,62.00,R,11.00
2021,160755,2,R,1829754,R,1327028,R,872,R,40715,R,7077,R,58382,R,206679,R,1928851,R,1541656,R,3470507,R,26765,R,1849853,R,1876618,1,R,8155,R,4312,R,6,R,6242644,1,R,1350067,R,2265632,R,10082438,R,821753,R,13169823,R,46215,R,538769,R,584984,R,21347518,19997451,1 ,1,R,131.00,R,51.00,R,0.00,R,65.00,R,15.00
2021,162928,2,R,2189759,R,2260434,R,1013,R,532827,R,312288,R,50827,R,204697,R,2773413,R,2778432,R,5551845,R,77038,R,2051341,R,2128379,1,R,26667,R,22053,R,11,R,14753774,1,R,3965416,R,2740337,R,20222188,R,224243,R,23186768,R,67994,R,8238396,R,8306390,R,50212348,46246932,1 ,1,R,216.00,R,57.00,R,65.00,R,81.00,R,13.00
2021,163286,2,R,2159225,R,3999507,R,451,R,120652,R,324567,R,987419,R,433715,R,3267296,R,4758240,R,8025536,R,8185,R,3693957,R,3702142,1,R,9009,R,31795,R,6,R,12615441,1,R,3899244,R,716078,R,9570342,R,321243,R,10607663,R,34106,R,2403070,R,2437176,R,29559524,25660280,1 ,1,R,197.42,R,63.31,R,62.49,R,60.07,R,11.55
2021,164924,2,R,1495059,R,1179094,R,923,R,299590,R,68534,R,42435,R,118676,R,1837084,R,1367227,R,3204311,R,50327,R,276352,R,326679,1,R,33936,R,35859,R,7,R,10419899,1,R,3676898,R,3270156,R,10067932,R,166080,R,13504168,R,106566,R,925434,R,1032000,R,28632965,24956067,1 ,1,R,184.00,R,93.00,R,0.00,R,67.00,R,24.00
2021,164988,2,R,1304308,R,2559201,R,466,R,173217,R,143674,R,358317,R,730087,R,1835842,R,3433428,R,5269270,R,11236,R,429348,R,440584,1,R,1685,R,1294,R,12,R,9719524,1,R,1600931,R,1362321,R,10947521,R,215975,R,12525817,R,7005,R,917590,R,924595,R,24770867,23169936,1 ,1,R,191.00,R,74.00,R,18.00,R,76.00,R,23.00
2021,165015,2,R,998146,R,1558511,R,458,R,152823,R,132687,R,11619,R,134293,R,1162588,R,1825949,R,2988537,R,9144,R,900596,R,909740,1,R,4279,R,7279,R,0,R,4240971,1,R,998528,R,579455,R,3531199,R,359388,R,4470042,R,65616,R,842697,R,908313,R,10617854,9619326,1 ,1,R,77.00,R,34.00,R,21.00,R,4.00,R,18.00
2021,166027,2,R,14440248,R,3039176,R,1602,R,639136,R,672286,R,593788,R,367722,R,15673172,R,4080786,R,19753958,R,65682,R,469099,R,534781,1,R,15843,R,70924,R,29,R,54765322,1,R,20175307,R,13209383,R,19677876,R,9024496,R,41911755,R,418308,R,61481682,R,61899990,R,178752374,158577067,1 ,1,R,729.11,R,387.09,R,69.26,R,265.76,R,7.00
2021,166629,2,R,2123737,R,1885182,R,587,R,105004,R,141339,R,59432,R,182591,R,2288173,R,2209699,R,4497872,R,9806,R,2286235,R,2296041,1,R,7906,R,18534,R,2,R,7971749,1,R,195360,R,782955,R,7172411,R,287903,R,8243269,R,0,R,852254,R,852254,R,17262632,17067272,1 ,1,R,115.70,R,44.50,R,18.00,R,48.50,R,4.70
2021,166683,2,R,1351391,R,1304351,R,324,R,377154,R,481616,R,52750,R,84293,R,1781295,R,1870584,R,3651879,R,10820,R,6133956,R,6144776,1,R,834,R,20604,R,4,R,12158258,1,R,3192127,R,2408516,R,8069897,R,335599,R,10814012,R,0,R,2668216,R,2668216,R,28832613,25640486,1 ,1,R,145.00,R,26.00,R,60.00,R,59.00,R,0.00
2021,167358,2,R,521531,R,1353353,R,392,R,131164,R,223670,R,4082,R,168491,R,656777,R,1745906,R,2402683,R,4139,R,4137990,R,4142129,1,R,10760,R,6497,R,1,R,6072963,1,R,1822574,R,328771,R,7877116,R,107346,R,8313233,R,0,R,1270012,R,1270012,R,17478782,15656208,1 ,1,R,84.00,R,48.00,R,27.00,R,9.00,R,0.00
2021,168148,2,R,823755,R,1377862,R,952,R,87231,R,228559,R,14342,R,109899,R,925328,R,1717272,R,2642600,R,34308,R,791763,R,826071,1,R,22938,R,6024,R,6,R,6376485,1,R,1855334,R,1690164,R,10424289,R,431121,R,12545574,R,9247,R,329017,R,338264,R,21115657,19260323,1 ,1,R,113.98,R,53.75,R,0.00,R,33.83,R,26.40
2021,168421,2,R,182190,R,1174588,R,288,R,6001,R,171043,R,5196,R,231006,R,193387,R,1576925,R,1770312,R,1186,R,468975,R,470161,1,R,2044,R,1968,R,0,R,1058486,1,R,291870,R,104321,R,2291032,R,0,R,2395353,R,17245,R,266258,R,283503,R,4029212,3737342,1 ,1,R,18.23,R,15.80,R,0.00,R,0.20,R,2.23
2021,170976,2,R,11963205,R,3689860,R,2135,R,438313,R,238637,R,581710,R,309471,R,12983228,R,4240103,R,17223331,R,39644,R,10173989,R,10213633,1,R,35684,R,19042,R,10,R,35561533,1,R,11602028,R,7410099,R,19249975,R,1732234,R,28392308,R,73519,R,6938895,R,7012414,R,82568283,70966255,1 ,1,R,552.00,R,220.00,R,0.00,R,308.00,R,24.00
2021,171100,2,R,3653771,R,3283826,R,1979,R,1051562,R,259100,R,141491,R,230669,R,4846824,R,3775574,R,8622398,R,146653,R,3269305,R,3415958,1,R,40099,R,9582,R,3,R,15525020,2,Z,0,R,5284828,R,15947075,R,164167,R,21396070,R,670,R,18958,R,19628,R,36940718,36940718,1 ,1,R,236.00,R,89.00,R,124.00,R,0.00,R,23.00
2021,174066,2,R,4133437,R,2560036,R,77,R,1066463,R,262027,R,158040,R,380799,R,5357940,R,3202939,R,8560879,R,57162,R,587735,R,644897,1,R,74537,R,30719,R,12,R,18344868,1,R,6524862,R,5512956,R,18456679,R,551440,R,24521075,R,70476,R,1933926,R,2004402,R,51395207,44870345,1 ,1,R,311.00,R,103.00,R,37.00,R,131.00,R,40.00
2021,179867,2,R,2093702,R,2320176,R,1062,R,950520,R,72631,R,62483,R,188775,R,3106705,R,2582644,R,5689349,R,23266,R,4138060,R,4161326,1,R,16489,R,11542,R,11,R,11196723,1,R,3936360,R,1978626,R,12960297,R,232410,R,15171333,R,49559,R,10961917,R,11011476,R,41315892,37379532,1 ,1,R,197.00,R,93.00,R,28.00,R,74.00,R,2.00
2021,182670,2,R,1587461,R,1819894,R,3628,R,112238,R,85957,R,43792,R,233762,R,1743491,R,2143241,R,3886732,R,81448,R,1946910,R,2028358,1,R,20433,R,14188,R,5,R,8480697,1,R,2944023,R,1531126,R,10253503,R,416867,R,12201496,R,6446,R,2008909,R,2015355,R,25641571,22697548,1 ,1,R,140.75,R,54.00,R,20.00,R,65.50,R,1.25
2021,185828,2,R,140674,R,250160,R,114,R,80549,R,26,R,4349,R,84603,R,225572,R,334903,R,560475,R,1024,R,309513,R,310537,1,R,1445,R,1056,R,1,R,1684580,1,R,822550,R,120815,R,1570592,R,941,R,1692348,R,0,R,193665,R,193665,R,4393143,3570593,1 ,1,R,30.37,R,15.00,R,0.00,R,8.60,R,6.77
2021,186131,2,R,7823350,R,2815381,R,2089,R,503294,R,212611,R,163885,R,365822,R,8490529,R,3395903,R,11886432,R,57660,R,2359505,R,2417165,1,R,18089,R,38543,R,9,R,24756374,1,R,6651570,R,13265995,R,20760378,R,1742631,R,35769004,R,986615,R,5766182,R,6752797,R,73929745,67278175,1 ,1,R,362.67,R,77.10,R,123.19,R,142.53,R,19.85
2021,186371,2,R,288216,R,112911,R,49,R,5741,R,7169,R,8018,R,14668,R,301975,R,134797,R,436772,R,2263,R,326573,R,328836,1,R,1398,R,377,R,1,R,2469989,1,R,1242568,R,184875,R,1653403,R,7900,R,1846178,R,0,R,162883,R,162883,R,5721618,4479050,1 ,1,R,33.21,R,12.64,R,0.00,R,19.81,R,0.76
2021,186380,2,R,1756429,R,1254933,R,453,R,258567,R,66855,R,64811,R,136778,R,2079807,R,1459019,R,3538826,R,14343,R,3034461,R,3048804,1,R,28433,R,20518,R,10,R,12010718,1,R,6233414,R,975131,R,9751515,R,45881,R,10772527,R,18500,R,1437944,R,1456444,R,30473103,24239689,1 ,1,R,171.81,R,47.91,R,0.00,R,105.03,R,18.87
2021,186399,2,R,346794,R,258951,R,112,R,114665,R,16570,R,15902,R,33552,R,477361,R,309185,R,786546,R,3270,R,746805,R,750075,1,R,1048,R,267,R,1,R,4317384,1,R,2182081,R,243081,R,2874646,R,14924,R,3132651,R,153,R,392187,R,392340,R,10024456,7842375,1 ,1,R,54.63,R,22.85,R,0.00,R,31.06,R,0.72
2021,186867,2,R,58131,R,321034,R,73,R,0,R,0,R,898,R,52297,R,59029,R,373404,R,432433,R,181,R,812086,R,812267,1,R,103,R,1591,R,0,R,904429,1,R,242410,R,3072,R,1062596,R,8270,R,1073938,R,40775,R,104270,R,145045,R,2365822,2123412,1 ,1,R,32.00,R,8.00,R,0.00,R,4.00,R,20.00
2021,190415,2,R,5230343,R,2032841,R,4392,R,515905,R,511927,R,239664,R,302123,R,5985912,R,2851283,R,8837195,R,59235,R,4745033,R,4804268,1,R,20458,R,21242,R,15,R,21897171,1,R,5409235,R,3377513,R,12013895,R,185448,R,15576856,R,21176,R,10838336,R,10859512,R,53742774,48333539,1 ,1,R,324.06,R,106.39,R,64.27,R,140.54,R,12.86
2021,191241,2,R,1099406,R,1557165,R,483,R,148920,R,36474,R,16214,R,105891,R,1264540,R,1700013,R,2964553,R,21233,R,1557165,R,1578398,1,R,3916,R,5176,R,3,R,5411530,1,R,2621309,R,764317,R,4403035,R,485928,R,5653280,R,24954,R,567742,R,592696,R,14278815,11657506,1 ,1,R,74.30,R,44.00,R,0.00,R,29.00,R,1.30
2021,193900,2,R,3071277,R,2819473,R,1397,R,249873,R,340797,R,52863,R,258363,R,3374013,R,3420030,R,6794043,R,25299,R,10550111,R,10575410,1,R,17453,R,11131,R,9,R,20175601,1,R,5925615,R,13249909,R,14867505,R,208361,R,28325775,R,15069,R,4384667,R,4399736,R,58826727,52901112,1 ,1,R,300.38,R,83.00,R,125.25,R,58.00,R,34.13
2021,194824,2,R,257853,R,329223,R,168,R,12659,R,206121,R,3931,R,65731,R,274443,R,601243,R,875686,R,4036,R,19357,R,23393,1,R,4749,R,2268,R,1,R,774471,1,R,210648,R,61717,R,2254480,R,28746,R,2344943,R,18859,R,732822,R,751681,R,4081743,3871095,1 ,1,R,29.50,R,7.50,R,0.00,R,9.00,R,13.00
2021,195003,2,R,312388,R,533022,R,244,R,13600,R,88593,R,5199,R,93993,R,331187,R,715852,R,1047039,R,9272,R,918481,R,927753,1,R,1482,R,4961,R,0,R,3319074,2,Z,0,R,62512,R,2504698,R,54643,R,2621853,R,838,R,232636,R,233474,R,6174401,6174401,1 ,1,R,60.23,R,25.00,R,16.00,R,8.00,R,11.23
2021,195030,2,R,1743680,R,1300211,R,663,R,159063,R,67315,R,38109,R,133615,R,1940852,R,1501804,R,3442656,R,22310,R,6459655,R,6481965,1,R,7645,R,12596,R,7,R,7820350,1,R,2303504,R,1453114,R,11618240,R,100198,R,13171552,R,12999,R,1679982,R,1692981,R,24988387,22684883,1 ,1,R,165.00,R,74.00,R,7.00,R,53.00,R,31.00
2021,196079,2,R,1694157,R,1252165,R,366,R,65525,R,82325,R,40559,R,178764,R,1800241,R,1513620,R,3313861,R,16564,R,1301977,R,1318541,1,R,19308,R,11281,R,3,R,4854121,2,Z,0,R,1198363,R,5086954,R,410912,R,6696229,R,36154,R,362845,R,398999,R,11949349,11949349,1 ,1,R,94.85,R,24.00,R,34.00,R,16.70,R,20.15
2021,196088,2,R,1975468,R,2105905,R,441,R,315488,R,101425,R,98941,R,215460,R,2389897,R,2423231,R,4813128,R,17016,R,225929,R,242945,1,R,14100,R,25293,R,8,R,8791977,2,Z,0,R,785167,R,7825171,R,94016,R,8704354,R,8014,R,1267015,R,1275029,R,18771360,18771360,1 ,1,R,123.25,R,48.85,R,44.80,R,20.60,R,9.00
2021,196097,2,R,1445527,R,367712,R,484,R,36999,R,1951,R,1168,R,179394,R,1483694,R,549541,R,2033235,R,4359,R,40872,R,45231,1,R,4678,R,1000,R,6,R,5156476,2,Z,0,R,390567,R,7200040,R,98736,R,7689343,R,58104,R,121676,R,179780,R,13025599,13025599,1 ,1,R,70.50,R,25.00,R,39.00,R,0.50,R,6.00
2021,196413,2,R,1570532,R,1082029,R,717,R,121837,R,78203,R,33930,R,156732,R,1726299,R,1317681,R,3043980,R,23083,R,79984,R,103067,1,R,23732,R,10426,R,3,R,10134352,1,R,3388720,R,2624266,R,9940561,R,492308,R,13057135,R,11037,R,2768511,R,2779548,R,29359755,25971035,1 ,1,R,192.00,R,58.00,R,32.00,R,70.00,R,32.00
2021,197708,2,R,763134,R,296456,R,437,R,19228,R,2443,R,6286,R,91339,R,788648,R,390675,R,1179323,R,14394,P,103201,P,117595,1,R,836,R,743,R,3,R,3255033,1,R,1117780,R,115824,R,1388119,R,30954,R,1534897,R,1027,R,738272,R,739299,R,6647009,5529229,1 ,1,R,60.00,R,27.00,R,11.00,R,8.50,R,13.50
2021,198419,2,R,3411287,R,2606083,R,1235,R,347652,R,1310003,R,149156,R,325240,R,3908095,R,4242561,R,8150656,R,122897,R,3081268,R,3204165,1,R,20905,R,14652,R,7,R,19667085,1,R,3566008,R,7263219,R,15341511,R,658589,R,23263319,R,26836,R,4922234,R,4949070,R,51445482,47879474,1 ,1,R,315.23,R,122.90,R,107.00,R,75.00,R,10.33
2021,199120,2,R,3876572,R,1864540,R,1330,R,11380195,R,116445,R,130446,R,166416,R,15387213,R,2148731,R,17535944,R,54509,R,504940,R,559449,1,R,12851,R,21894,R,10,R,17401759,1,R,6258948,R,3109412,R,10439182,R,138937,R,13687531,R,436436,R,3503132,R,3939568,R,41287806,35028858,1 ,1,R,338.43,R,144.00,R,4.00,R,151.25,R,39.18
2021,199193,2,R,1479212,R,1425290,R,681,R,271977,R,118527,R,47182,R,56515,R,1798371,R,1601013,R,3399384,R,22072,R,6111636,R,6133708,1,R,11097,R,22997,R,4,R,14065575,2,Z,0,R,1525052,R,10187480,R,191721,R,11904253,R,72659,R,5579641,R,5652300,R,31622128,31622128,1 ,1,R,222.00,R,101.00,R,28.00,R,75.00,R,18.00
2021,199847,2,R,975291,R,1731100,R,397,R,186403,R,90409,R,13862,R,161032,R,1175556,R,1982938,R,3158494,R,17838,R,2537067,R,2554905,1,R,13514,R,5508,R,2,R,6083518,1,R,1342759,R,1122731,R,8238035,R,358354,R,9719120,R,18292,R,1484510,R,1502802,R,18648199,17305440,1 ,1,R,103.26,R,47.80,R,12.00,R,38.93,R,4.53
2021,201645,2,R,1184207,R,2100421,R,753,R,78018,R,60988,R,44662,R,34958,R,1306887,R,2197120,R,3504007,R,22787,R,13132,R,35919,1,R,3484,R,3046,R,4,R,3020367,1,R,1411453,R,681603,R,5764954,R,122178,R,6568735,R,34937,R,918167,R,953104,R,11953659,10542206,1 ,1,R,89.40,R,41.00,R,14.00,R,24.00,R,10.40
2021,204796,2,R,4273687,R,1712505,R,5408,R,115009,R,169490,R,201875,R,79875,R,4590571,R,1967278,R,6557849,R,71015,R,3766386,R,3837401,1,R,36164,R,12702,R,12,R,17022204,1,R,4779168,R,4067931,R,15486106,R,490209,R,20044246,R,81134,R,17472423,R,17553557,R,59399175,54620007,1 ,1,R,343.00,R,80.00,R,72.00,R,104.00,R,87.00
2021,211440,2,R,665370,R,1768738,R,734,R,56547,R,447861,R,13855,R,247988,R,735772,R,2465321,R,3201093,R,4169,R,1438068,R,1442237,1,R,1486,R,3183,R,3,R,4589179,1,R,1325817,R,604841,R,7548316,R,954949,R,9108106,R,13437,R,1163748,R,1177185,R,16200287,14874470,1 ,1,R,75.00,R,24.00,R,19.00,R,17.00,R,15.00
2021,212054,2,R,293120,R,1086033,R,377,R,7130,R,73969,R,3967,R,110065,R,304217,R,1270444,R,1574661,R,9998,R,2762552,R,2772550,1,R,15161,R,10440,R,4,R,3821308,1,R,1388917,R,567516,R,5443950,R,383,R,6011849,R,33908,R,688658,R,722566,R,11944640,10555723,1 ,1,R,92.81,R,34.00,R,14.00,R,22.81,R,22.00
2021,213543,2,R,741287,R,763200,R,241,R,2156,R,69300,R,9501,R,73393,R,752944,R,906134,R,1659078,R,6150,R,45653,R,51803,1,R,5235,R,4010,R,0,R,2516640,2,Z,0,R,159208,R,4149990,R,106744,R,4415942,R,0,R,228658,R,228658,R,7161240,7161240,1 ,1,R,43.50,R,14.00,R,3.00,R,18.00,R,8.50
2021,215062,2,R,5195303,R,2626412,R,2342,R,5608651,R,4791863,R,91167,R,289147,R,10895121,R,7709764,R,18604885,R,30161,R,9329363,R,9359524,1,R,32610,R,50441,R,14,R,23753611,1,R,7360226,R,9210512,R,17296262,R,518137,R,27024911,R,113826,R,9596988,R,9710814,R,67849562,60489336,1 ,1,R,322.58,R,111.75,R,79.53,R,126.59,R,4.71
2021,215293,2,R,3542833,R,2261563,R,627,R,542881,R,189903,R,102347,R,215881,R,4188061,R,2667974,R,6856035,R,21656,R,3598565,R,3620221,1,R,18274,R,7925,R,10,R,12128720,1,R,3897131,R,5694396,R,15213782,R,991945,R,21900123,R,0,R,1818766,R,1818766,R,39744740,35847609,1 ,1,R,258.00,R,92.00,R,7.00,R,112.00,R,47.00
2021,216597,2,R,506381,R,1121664,R,1367,R,9814,R,87569,R,9908,R,218370,R,526103,R,1428970,R,1955073,R,17234,R,609348,R,626582,1,R,4404,R,6218,R,1,R,4426938,2,Z,0,R,1099897,R,4668535,R,94670,R,5863102,R,22881,R,590662,R,613543,R,10903583,10903583,1 ,1,R,70.28,R,30.57,R,10.00,R,20.46,R,9.25
2021,217156,2,R,2697294,R,2588593,R,551,R,173959,R,58023,R,532,R,274909,R,2871785,R,2922076,R,5793861,R,33359,R,101,R,33460,1,R,14036,R,17253,R,6,R,10845337,1,R,2458938,R,1483046,R,10190176,R,721923,R,12395145,R,0,R,1017608,R,1017608,R,26717028,24258090,1 ,1,R,126.00,R,32.00,R,25.00,R,67.00,R,2.00
2021,217882,2,R,721652,R,1129053,R,525,R,60884,R,51315,R,21558,R,250133,R,804094,R,1431026,R,2235120,R,21148,R,3165610,R,3186758,1,R,2836,R,5555,R,4,R,4524232,1,R,1980227,R,1048748,R,8789276,R,167148,R,10005172,R,1960,R,959450,R,961410,R,17471041,15490814,1 ,1,R,114.00,R,29.00,R,57.00,R,8.00,R,20.00
2021,217925,2,R,76436,R,555128,R,154,R,1667,R,1815,R,24,R,55702,R,78127,R,612799,R,690926,R,12556,R,25160,R,37716,1,R,284,R,630,R,0,R,240000,2,Z,0,R,41095,R,284812,R,0,R,325907,R,0,R,72899,R,72899,R,638806,638806,1 ,1,R,12.00,R,3.00,R,3.00,R,0.00,R,6.00
2021,221999,2,R,1933535,R,2687912,R,807,R,167582,R,280215,R,62202,R,335188,R,2163319,R,3304122,R,5467441,R,17261,R,3071624,R,3088885,1,R,13457,R,11962,R,9,R,9208307,1,R,2300441,R,3251277,R,12643167,R,86183,R,15980627,R,32673,R,8252009,R,8284682,R,35774057,33473616,1 ,1,R,156.00,R,66.00,R,16.00,R,64.00,R,10.00
2021,223232,2,R,1262208,R,1107726,R,1038,R,193951,R,78237,R,44951,R,153706,R,1501110,R,1340707,R,2841817,R,25990,R,938208,R,964198,1,R,17167,R,14171,R,8,R,7982180,1,R,2181267,R,2309292,R,8877941,R,43957,R,11231190,R,1309,R,4197869,R,4199178,R,25593815,23412548,1 ,1,R,168.40,R,27.30,R,36.00,R,47.20,R,57.90
2021,227757,2,R,1910805,R,1079386,R,678,R,522396,R,148652,R,41237,R,124333,R,2474438,R,1353049,R,3827487,R,26134,R,803527,R,829661,1,R,9509,R,5219,R,1,R,6017095,1,R,1439636,R,3608732,R,8970201,R,497357,R,13076290,R,7947,R,1177789,R,1185736,R,21718757,20279121,1 ,1,R,104.00,R,39.00,R,25.00,R,34.00,R,6.00
2021,228246,2,R,1548747,R,1995929,R,676,R,2546632,R,109340,R,58264,R,238835,R,4153643,R,2344780,R,6498423,R,20462,R,620200,R,640662,1,R,7636,R,5651,R,6,R,6922555,1,R,2053074,R,1512037,R,6925701,R,174321,R,8612059,R,4490,R,1067837,R,1072327,R,18660015,16606941,1 ,1,R,119.50,R,66.00,R,4.50,R,38.00,R,11.00
2021,228723,2,R,2121425,R,2056428,R,1418,R,523545,R,47506,R,92618,R,328856,R,2737588,R,2434208,R,5171796,R,35331,R,208411,R,243742,1,R,23218,R,16082,R,11,R,15926785,1,R,4201888,R,5518524,R,16105713,R,233110,R,21857347,R,315323,R,7036589,R,7351912,R,49337932,45136044,1 ,1,R,280.00,R,91.00,R,67.00,R,88.00,R,34.00
2021,228778,2,R,5210114,R,1812743,R,997,R,695954,R,113722,R,213801,R,168128,R,6119869,R,2095590,R,8215459,R,34254,R,381631,R,415885,1,R,17819,R,9230,R,15,R,19145632,1,R,4564827,R,8557290,R,13305146,R,1211155,R,23073591,R,90294,R,3527116,R,3617410,R,50401460,45836633,1 ,1,R,407.00,R,150.00,R,0.00,R,219.00,R,38.00
2021,228875,2,R,953858,R,1578791,R,589,R,595354,R,157659,R,12508,R,176995,R,1561720,R,1914034,R,3475754,R,21036,R,152155,R,173191,1,R,3908,R,4676,R,0,R,3296071,2,Z,0,R,523824,R,4369724,R,20509,R,4914057,R,0,R,379023,R,379023,R,8589151,8589151,1 ,1,R,58.88,R,25.00,R,2.00,R,25.88,R,6.00
2021,231624,2,R,1193559,R,2528859,R,819,R,197344,R,207596,R,39867,R,261187,R,1430770,R,2998461,R,4429231,R,24102,R,849481,R,873583,1,R,7330,R,6184,R,5,R,4158842,1,R,1592070,R,712989,R,5023328,R,156015,R,5892332,R,19952,R,873655,R,893607,R,12536851,10944781,1 ,1,R,82.61,R,30.80,R,9.00,R,30.40,R,12.41
2021,234076,2,R,3491094,R,1370425,R,1655,R,550499,R,215215,R,113744,R,356896,R,4155337,R,1944191,R,6099528,R,38475,R,4234194,R,4272669,1,R,17214,R,12402,R,9,R,20315512,1,R,6967370,R,2895050,R,12444052,R,121342,R,15460444,R,56237,R,7555528,R,7611765,R,50355091,43387721,1 ,1,R,284.39,R,88.00,R,88.00,R,91.00,R,17.39
2021,236948,2,R,5328078,R,1740951,R,657,R,586482,R,256073,R,163721,R,253404,R,6078281,R,2251085,R,8329366,R,15901,R,5723619,R,5739520,1,R,10213,R,46422,R,12,R,18920958,1,R,6128538,R,4705150,R,13715769,R,1020664,R,19441583,R,0,R,5210300,R,5210300,R,49701379,43572841,1 ,1,R,310.00,R,117.00,R,44.00,R,119.00,R,30.00
2021,239105,2,R,1278386,R,2520539,R,593,R,665925,R,94581,R,14374,R,63871,R,1958685,R,2679584,R,4638269,R,18851,R,474090,R,492941,1,R,6711,R,6998,R,1,R,4158545,2,Z,0,R,2044143,R,6174879,R,39825,R,8258847,R,14227,R,490246,R,504473,R,12921865,12921865,1 ,1,R,77.58,R,35.95,R,2.00,R,31.35,R,8.28
2021,240444,2,R,4743387,R,2647106,R,1477,R,743393,R,460903,R,228917,R,332317,R,5715697,R,3441803,R,9157500,R,48440,R,10895899,R,10944339,1,R,60747,R,42275,R,15,R,16793420,1,R,421535,R,1539393,R,8446403,R,72314,R,10058110,R,20426,R,1480899,R,1501325,R,28774390,28352855,1 ,1,R,326.16,R,118.05,R,46.30,R,86.10,R,75.71
2021,243744,2,R,6625926,R,2871124,R,2847,R,472721,R,194154,R,327981,R,265398,R,7426628,R,3333523,R,10760151,R,53171,R,3507897,R,3561068,1,R,10142,R,3792,R,19,R,33522949,1,R,10303045,R,6998321,R,15419618,R,1205887,R,23623826,R,238540,R,7020781,R,7259321,R,74709141,64406096,1 ,1,R,373.63,R,106.00,R,85.63,R,172.00,R,10.00
2021,243780,2,R,953952,R,3336385,R,673,R,14002,R,24440,R,44710,R,196904,R,1012664,R,3558402,R,4571066,R,9527,R,3574056,R,3583583,1,R,21307,R,13500,R,0,R,9709534,1,R,3226834,R,743455,R,12876635,R,1142410,R,14762500,R,15796,R,713596,R,729392,R,28428260,25201426,1 ,1,R,181.45,R,53.50,R,46.00,R,55.40,R,26.55
2021,445188,2,R,149487,R,2631396,R,896,R,3400,R,16,R,20,R,199625,R,152907,R,2831933,R,2984840,R,350,R,561109,R,561459,1,R,571,R,3631,R,0,R,2729524,2,Z,0,R,153039,R,1142792,R,172359,R,1468190,R,0,R,418535,R,418535,R,4616249,4616249,1 ,1,R,49.00,R,12.00,R,20.00,R,0.00,R,17.00
2022,100858,2,R,1669761,R,1485650,R,358,R,609736,R,62732,R,66353,R,255636,R,2345850,R,1804376,R,4150226,R,45212,R,2254953,R,2300165,1,R,17673,R,6774,R,2,R,6239588,1,R,1479586,R,1066416,R,8449947,R,79742,R,9596105,R,19124,R,1918804,R,1937928,R,19253207,17773621,1 ,1,R,160.54,R,27.00,R,35.00,R,23.25,R,75.29
2022,110404,2,R,276709,R,205076,R,180,R,7385,R,5966,R,1958,R,172873,R,286052,R,384095,R,670147,R,4973,R,1646333,R,1651306,1,R,3902,R,5422,R,5,R,2431457,1,R,1198420,R,93531,R,3031208,R,271141,R,3395880,R,0,R,521504,R,521504,R,7547261,6348841,1 ,1,R,56.35,R,11.10,R,6.00,R,22.25,R,17.00
2022,110635,2,R,6376691,R,2098896,R,948,R,20101891,R,154303,R,288823,R,290955,R,26767405,R,2545102,R,29312507,R,188975,R,4309632,R,4498607,1,R,14215,R,18271,R,27,R,32133819,1,R,11255246,R,6477524,R,13201276,R,1892033,R,21570833,R,431099,R,4165708,R,4596807,R,69556705,58301459,1 ,1,R,426.00,R,108.00,R,131.00,R,102.00,R,85.00
2022,110644,2,R,3104486,R,1436226,R,802,R,252375,R,0,R,373338,R,0,R,3730199,R,1437028,R,5167227,R,37503,R,3289944,R,3327447,1,R,28459,R,13595,R,3,R,11717258,1,R,4204606,R,2078535,R,8135975,R,12849,R,10227359,R,34175,R,2105528,R,2139703,R,28288926,24084320,1 ,1,R,142.04,R,41.00,R,39.10,R,47.50,R,14.44
2022,110653,2,R,1776605,R,1839326,R,4234,R,253231,R,220603,R,6262,R,193562,R,2036098,R,2257725,R,4293823,R,29795,R,3106230,R,3136025,1,R,6445,R,12731,R,0,R,11966904,1,R,4101652,R,1375701,R,9262381,R,192347,R,10830429,R,9089,R,1823844,R,1832933,R,28731918,24630266,1 ,1,R,177.94,R,52.00,R,17.00,R,94.00,R,14.94
2022,110662,2,R,14315503,R,1500915,R,2239,R,4685212,R,0,R,6356,R,421830,R,19007071,R,1924984,R,20932055,R,93611,R,20402838,R,20496449,1,R,15429,R,23151,R,12,R,30575841,1,R,11739825,R,5706887,R,11494308,R,2229734,R,19430929,R,278366,R,7861229,R,8139595,R,69886190,58146365,1 ,1,R,386.00,R,106.00,R,65.00,R,160.00,R,55.00
2022,110671,2,R,4981818,R,1710748,R,10435,R,24395,R,80503,R,2308,R,110560,R,5008521,R,1912246,R,6920767,R,4515,R,121652,R,126167,1,R,6093,R,7102,R,3,R,6768568,1,R,2546131,R,669925,R,4714485,R,95413,R,5479823,R,13482,R,1100707,R,1114189,R,15908711,13362580,1 ,1,R,109.00,R,31.00,R,64.00,R,0.00,R,14.00
2022,110680,2,R,1454496,R,1707691,R,9038,R,222960,R,243640,R,63829,R,338193,R,1741285,R,2298562,R,4039847,R,31147,R,463306,R,494453,1,R,9859,R,14308,R,2,R,17737044,1,R,6615360,R,1104029,R,7497990,R,0,R,8602019,R,54088,R,4196363,R,4250451,R,37204874,30589514,1 ,1,R,259.72,R,55.00,R,63.61,R,118.61,R,22.50
2022,110705,2,R,3571612,R,1200142,Z,0,Z,0,Z,0,Z,0,Z,0,R,3571612,R,1200142,R,4771754,R,7901,R,2749055,R,2756956,1,R,2258,R,8349,R,1,R,10304259,2,Z,0,R,2029961,R,4765474,R,136391,R,6931826,R,0,R,802182,R,802182,R,18038267,18038267,1 ,1,R,144.00,R,44.00,R,10.00,R,75.00,R,15.00
2022,110714,2,R,670288,R,1817556,R,3057,R,51831,R,230822,R,15923,R,248521,R,738042,R,2299956,R,3037998,R,14805,R,1162138,R,1176943,1,R,3006,R,5687,R,0,R,5544781,1,R,1958442,R,722529,R,2580223,R,211351,R,3514103,R,20189,R,1343561,R,1363750,R,12381076,10422634,1 ,1,R,76.20,R,22.00,R,2.00,R,35.65,R,16.55
2022,121150,2,R,329876,R,579026,R,130,R,28903,R,222895,R,123,R,50585,R,358902,R,852636,R,1211538,R,7270,R,465246,R,472516,1,R,2871,R,6664,R,5,R,2282606,1,R,741511,R,487974,R,1376154,R,65887,R,1930015,R,43821,R,414762,R,458583,R,5412715,4671204,1 ,1,R,32.77,R,16.00,R,0.75,R,13.20,R,2.82
2022,122931,2,R,551860,R,935783,R,362,R,20086,R,9231,R,14050,R,109589,R,585996,R,1054965,R,1640961,R,6951,R,372569,R,379520,1,R,17759,R,2380,R,1,R,2943825,2,Z,0,R,299198,R,4452541,R,76939,R,4828678,R,66132,R,671688,R,737820,R,8510323,8510323,1 ,1,R,50.60,R,19.50,R,16.00,R,6.60,R,8.50
2022,123961,2,R,3032090,R,2278940,R,1775,R,124230,R,2437107,R,73489,R,299710,R,3229809,R,5017532,R,8247341,R,41172,R,13443567,R,13484739,1,R,10221,R,12255,R,22,R,16870622,1,R,5469261,R,816518,R,21394319,R,157647,R,22368484,R,0,R,4638261,R,4638261,R,49346628,43877367,1 ,1,R,298.00,R,63.00,R,48.00,R,96.00,R,91.00
2022,126614,2,R,3116319,R,5971777,R,1747,R,815188,R,163402,R,99486,R,246901,R,4030993,R,6383827,R,10414820,R,70712,R,232113,R,302825,1,R,26122,R,11477,R,4,R,9943508,1,R,3188560,R,3895010,R,10630668,R,519708,R,15045386,R,33030,R,2023764,R,2056794,R,30234248,27045688,1 ,1,R,157.00,R,52.00,R,43.00,R,40.00,R,22.00
2022,126775,2,R,269979,R,1332691,R,177,R,690489,R,41222,R,1763,R,246918,R,962231,R,1621008,R,2583239,R,4090,R,933997,R,938087,1,R,4786,R,1569,R,0,R,1263204,1,R,598121,R,572607,R,1800972,R,47266,R,2420845,R,1675,R,309121,R,310796,R,4592966,3994845,1 ,1,R,29.40,R,12.00,R,4.00,R,5.00,R,8.40
2022,129020,2,R,1409293,R,1515662,R,1012,R,94892,R,216994,R,52502,R,172035,R,1556687,R,1905703,R,3462390,R,16564,R,3772013,R,3788577,1,R,15325,R,19868,R,5,R,10360602,1,R,7401514,R,1710371,R,8788198,R,1020678,R,11519247,R,25381,R,1813747,R,1839128,R,31120491,23718977,1 ,1,R,147.84,R,62.66,R,41.75,R,15.90,R,27.53
2022,130794,2,R,8520538,R,2343670,R,1169,R,287421,R,178353,R,336945,R,261273,R,9144904,R,2784465,R,11929369,R,166964,R,7126534,R,7293498,1,R,29988,R,36506,R,11,R,40914711,2,Z,0,R,14154576,R,15122676,R,0,R,29277252,R,864922,R,24761891,R,25626813,R,95818776,95818776,1 ,1,R,528.00,R,246.00,R,0.00,R,255.00,R,27.00
2022,130943,2,R,3503037,R,1033213,R,516,R,3476328,R,1750228,R,311,R,129426,R,6979676,R,2913383,R,9893059,R,21460,R,1978247,R,1999707,1,R,25710,R,16872,R,4,R,7920969,1,R,3013876,R,2129763,R,7359252,R,32866,R,9521881,R,21076,R,1514979,R,1536055,R,21992781,18978905,1 ,1,R,132.75,R,47.00,R,31.75,R,40.50,R,13.50
2022,131159,2,R,795299,R,907802,R,573,R,51844,R,252004,R,13431,R,167431,R,860574,R,1327810,R,2188384,R,25584,R,145810,R,171394,1,R,12518,R,11224,R,1,R,5734601,1,R,1533704,R,1368214,R,5753616,R,240173,R,7362003,R,56396,R,1611279,R,1667675,R,16297983,14764279,1 ,1,R,137.78,R,21.08,R,42.70,R,27.00,R,47.00
2022,131469,2,R,1126065,R,1485197,R,836,R,164777,R,78552,R,37325,R,226469,R,1328167,R,1791054,R,3119221,R,26060,R,3133635,R,3159695,1,R,6912,R,16333,R,5,R,13469776,1,R,3158666,R,1320047,R,9313768,R,78975,R,10712790,R,18932,R,1308321,R,1327253,R,28668485,25509819,1 ,1,R,185.50,R,61.00,R,44.50,R,52.00,R,28.00
2022,131496,2,R,1848118,R,3296309,R,1292,R,171642,R,184425,R,40622,R,467213,R,2060382,R,3949239,R,6009621,R,49709,R,2480202,R,2529911,1,R,17556,R,17950,R,6,R,10467390,1,R,3686452,R,1472780,R,11392991,R,141090,R,13006861,R,34517,R,1896231,R,1930748,R,29091451,25404999,1 ,1,R,172.00,R,76.00,R,9.00,R,63.00,R,24.00
2022,131520,2,R,879792,R,564247,R,269,R,5815,R,257329,R,40780,R,180583,R,926387,R,1002428,R,1928815,R,4891,R,180000,R,184891,1,R,915,R,331,R,3,R,2642482,1,R,698939,R,78199,R,2454630,R,104367,R,2637196,R,176686,R,0,R,176686,R,6155303,5456364,1 ,1,R,56.00,R,19.00,R,17.00,R,4.00,R,16.00
2022,133951,2,R,1483050,R,593670,R,0,R,510654,R,230796,R,27775,R,162876,R,2021479,R,987342,R,3008821,R,18029,R,1420547,R,1438576,1,R,1418,R,5693,R,4,R,7240050,1,R,2902784,R,1198756,R,8410870,R,244745,R,9854371,R,4424,R,476680,R,481104,R,20478309,17575525,1 ,1,R,179.50,R,50.00,R,29.00,R,43.00,R,57.50
2022,134097,2,R,1517669,R,2124245,R,653,R,413743,R,353827,R,48613,R,119159,R,1980025,R,2597884,R,4577909,R,105053,R,2161066,R,2266119,1,R,6691,R,8243,R,8,R,9772293,1,R,197834,R,3486035,R,6741370,R,318154,R,10545559,R,3873,R,1087485,R,1091358,R,21607044,21409210,1 ,1,R,242.11,R,74.00,R,39.00,R,52.00,R,77.11
2022,134130,2,R,4426741,R,1748573,R,1171,R,870490,R,290871,R,109007,R,90814,R,5406238,R,2131429,R,7537667,R,47810,R,47782554,R,47830364,1,R,3483,R,13706,R,8,R,15428793,1,R,5755237,R,1717886,R,13355412,R,383114,R,15456412,R,92128,R,6447423,R,6539551,R,43179993,37424756,1 ,1,R,402.00,R,116.00,R,40.00,R,173.00,R,73.00
2022,135726,2,R,1790474,R,1361442,R,866,R,215814,R,169408,R,49990,R,155959,R,2056278,R,1687675,R,3743953,R,31451,R,1659479,R,1690930,1,R,9803,R,5379,R,6,R,10655483,1,R,3454821,R,1994409,R,11109844,R,497236,R,13601489,R,52283,R,7037407,R,7089690,R,34801483,31346662,1 ,1,R,197.00,R,69.00,R,34.00,R,66.00,R,28.00
2022,137351,2,R,1410299,R,1309084,R,946,R,418541,R,178420,R,27104,R,177713,R,1855944,R,1666163,R,3522107,R,19290,R,2347768,R,2367058,1,R,7821,R,7863,R,3,R,7671230,1,R,2758274,R,2331617,R,8059445,R,890243,R,11281305,R,0,R,1301916,R,1301916,R,23012725,20254451,1 ,1,R,169.63,R,44.45,R,35.49,R,40.88,R,48.81
2022,139658,2,R,2470306,R,1882258,R,1089,R,181101,R,278884,R,66328,R,463824,R,2717735,R,2626055,R,5343790,R,51205,R,2121893,R,2173098,1,R,15984,R,5935,R,8,R,18721475,1,R,4944960,R,6582078,R,14850233,R,38637,R,21470948,R,209544,R,6714926,R,6924470,R,52061853,47116893,1 ,1,R,364.00,R,116.00,R,98.00,R,65.00,R,85.00
2022,139755,2,R,465762,R,2721195,R,699,R,26314,R,306319,R,263019,R,383370,R,755095,R,3411583,R,4166678,R,35370,R,3165377,R,3200747,1,R,3867,R,2782,R,1,R,7654100,1,R,1999720,R,94445,R,14345705,R,0,R,14440150,R,0,R,1940690,R,1940690,R,26034660,24034940,1 ,1,R,87.00,R,23.00,R,27.00,R,32.00,R,5.00
2022,139959,2,R,4080285,R,1269667,Z,0,R,644890,R,215817,R,95759,R,238815,R,4820934,R,1724299,R,6545233,R,74869,R,808475,R,883344,1,R,17313,R,7814,R,15,R,12223162,2,Z,0,R,1812130,R,12591227,R,619471,R,15022828,R,172826,R,2025621,R,2198447,R,29444437,29444437,1 ,1,R,274.00,R,82.00,R,29.00,R,109.00,R,54.00
2022,144050,2,R,5766854,R,4111348,R,1907,R,97989,R,159207,R,195317,R,242294,R,6060160,R,4514756,R,10574916,R,103243,R,5908619,R,6011862,1,R,35650,R,27376,R,5,R,11970519,1,R,2846592,R,5777203,R,13476553,R,548868,R,19802624,R,241926,R,2484783,R,2726709,R,37346444,34499852,1 ,1,R,257.00,R,60.00,R,0.00,R,133.00,R,64.00
2022,145600,2,R,2333567,R,793972,R,659,R,8327,R,0,R,5096,R,65000,R,2346990,R,859631,R,3206621,R,7790,R,4000000,R,4007790,1,R,23990,R,16045,R,5,R,8754582,2,Z,0,R,238638,R,9497871,R,0,R,9736509,R,901,R,1611539,R,1612440,R,20103531,20103531,1 ,1,R,131.00,R,59.00,R,4.00,R,55.00,R,13.00
2022,145637,2,R,5949578,R,1930145,R,1311,R,359856,R,350852,R,269932,R,243576,R,6579366,R,2525884,R,9105250,R,133675,R,9079164,R,9212839,1,R,32897,R,12245,R,14,R,23166659,2,Z,0,R,4040812,R,16294159,R,1044973,R,21379944,R,335913,R,3240545,R,3576458,R,48123061,48123061,1 ,1,R,385.75,R,179.08,R,0.00,R,151.96,R,54.71
2022,147767,2,R,3209474,R,2538086,R,1125,R,236649,R,282983,R,130577,R,338110,R,3576700,R,3160304,R,6737004,R,47288,R,6801838,R,6849126,1,R,6571,R,16703,R,1,R,12339039,1,R,3160293,R,3228192,R,10268108,R,512688,R,14008988,R,356957,R,2469437,R,2826394,R,32334714,29174421,1 ,1,R,222.00,R,65.00,R,40.00,R,81.00,R,36.00
2022,151351,2,R,5174440,R,2707456,R,2754,R,371024,R,4764447,R,158833,R,316771,R,5704297,R,7791428,R,13495725,R,121904,R,3309359,R,3431263,1,R,20048,R,13207,R,15,R,17013338,1,R,6079255,R,6630140,R,11686714,R,1005074,R,19321928,R,67703,R,3475345,R,3543048,R,45957569,39878314,1 ,1,R,353.07,R,90.00,R,85.63,R,113.50,R,63.94
2022,152080,2,R,2306538,R,2155384,R,1935,R,364832,R,199991,R,54688,R,205550,R,2726058,R,2562860,R,5288918,R,57755,R,3418300,R,3476055,1,R,22553,R,13509,R,4,R,11155296,1,R,3607651,R,4878163,R,9338236,R,319181,R,14535580,R,113000,R,2299999,R,2412999,R,31711526,28103875,1 ,1,R,193.00,R,66.00,R,51.00,R,61.00,R,15.00
2022,160755,2,R,1845402,R,2217198,R,1039,R,85519,R,226809,R,56540,R,331765,R,1987461,R,2776811,R,4764272,R,28200,R,1147827,R,1176027,1,R,7444,R,3389,R,6,R,6105725,1,R,1316714,R,2082769,R,10217628,R,664358,R,12964755,R,10540,R,1039524,R,1050064,R,21437258,20120544,1 ,1,R,130.00,R,48.00,R,0.00,R,65.00,R,17.00
2022,162928,2,R,2706619,R,1994965,R,1178,R,203831,R,352133,R,52069,R,280798,R,2962519,R,2629074,R,5591593,R,117289,R,2688342,R,2805631,1,R,40354,R,24231,R,11,R,15280915,1,R,4669324,R,3384679,R,20270756,R,403103,R,24058538,R,74989,R,8075788,R,8150777,R,52159554,47490230,1 ,1,R,233.00,R,67.00,R,64.00,R,84.00,R,18.00
2022,163286,2,R,2088720,R,4611668,R,826,R,135282,R,337761,R,1144068,R,402306,R,3368070,R,5352561,R,8720631,R,33341,R,3085031,R,3118372,1,R,19755,R,34205,R,6,R,13204171,1,R,3899244,R,2296140,R,10156645,R,658949,R,13111734,R,84262,R,4967867,R,5052129,R,35267278,31368034,1 ,1,R,194.95,R,54.81,R,57.33,R,54.27,R,28.54
2022,164924,2,R,1597727,R,1311059,R,932,R,299835,R,71543,R,46014,R,129462,R,1943576,R,1512996,R,3456572,R,89639,R,712823,R,802462,1,R,20535,R,28069,R,7,R,10814443,1,R,3633614,R,2464811,R,12573918,R,1365,R,15040094,R,221060,R,1365981,R,1587041,R,31075192,27441578,1 ,1,R,178.00,R,87.00,R,0.00,R,57.00,R,34.00
2022,164988,2,R,1545010,R,5397453,R,597,R,181599,R,194184,R,346833,R,756459,R,2073442,R,6348693,R,8422135,R,34547,R,327285,R,361832,1,R,1760,R,953,R,12,R,11468294,1,R,2620844,R,1725116,R,11234221,R,220113,R,13179450,R,6503,R,1580135,R,1586638,R,28855226,26234382,1 ,1,R,215.00,R,76.00,R,17.00,R,76.00,R,46.00
2022,165015,2,R,1001558,R,1752651,R,533,R,152917,R,259878,R,11443,R,168135,R,1165918,R,2181197,R,3347115,R,31876,R,828207,R,860083,1,R,5879,R,8958,R,0,R,4353347,1,R,983559,R,437811,R,3575796,R,335757,R,4349364,R,82345,R,621519,R,703864,R,10390134,9406575,1 ,1,R,76.00,R,28.00,R,16.00,R,11.00,R,21.00
2022,166027,2,R,14534270,R,2905860,R,1669,R,646870,R,742932,R,597404,R,307197,R,15778544,R,3957658,R,19736202,R,205581,R,580428,R,786009,1,R,25658,R,96506,R,29,R,56138193,1,R,23953550,R,16632505,R,22319217,R,4469740,R,43421462,R,493642,R,38596923,R,39090565,R,162603770,138650220,1 ,1,R,811.54,R,391.10,R,75.76,R,262.19,R,82.49
2022,166629,2,R,2034599,R,1747273,R,590,R,106628,R,148512,R,51939,R,224374,R,2193166,R,2120749,R,4313915,R,42270,R,2030674,R,2072944,1,R,10041,R,13836,R,2,R,8162507,1,R,191804,R,1564052,R,7401422,R,258922,R,9224396,R,2584,R,1177208,R,1179792,R,18758499,18566695,1 ,1,R,132.83,R,44.50,R,18.75,R,45.50,R,24.08
2022,166683,2,R,1293740,R,1416391,R,339,R,427728,R,150966,R,52466,R,137173,R,1773934,R,1704869,R,3478803,R,34978,R,6241018,R,6275996,1,R,7168,R,13876,R,4,R,13091703,1,R,3198125,R,2418062,R,8328754,R,350093,R,11096909,R,0,R,3018627,R,3018627,R,30405364,27207239,1 ,1,R,155.00,R,29.00,R,64.00,R,54.00,R,8.00
2022,167358,2,R,519664,R,1476214,R,446,R,101357,R,237029,R,3797,R,191982,R,624818,R,1905671,R,2530489,R,10145,R,5274643,R,5284788,1,R,2585,R,860,R,1,R,6336842,1,R,1878919,R,510462,R,8550603,R,117280,R,9178345,R,0,R,1412510,R,1412510,R,18806616,16927697,1 ,1,R,80.00,R,46.00,R,24.00,R,10.00,R,0.00
2022,168148,2,R,823533,R,1793283,R,983,R,46527,R,313392,R,13853,R,119772,R,883913,R,2227430,R,3111343,R,51449,R,755254,R,806703,1,R,21661,R,7278,R,6,R,6529431,1,R,2240946,R,1711794,R,10127577,R,49395,R,11888766,R,49395,R,539400,R,588795,R,21247938,19006992,1 ,1,R,128.97,R,55.00,R,0.00,R,34.58,R,39.39
2022,168421,2,R,193959,R,1389407,R,274,R,6000,R,226827,R,5065,R,240685,R,205024,R,1857193,R,2062217,R,2069,R,493739,R,495808,1,R,2077,R,2004,R,0,R,1263161,1,R,336318,R,302920,R,2391825,R,0,R,2694745,R,20439,R,255400,R,275839,R,4570063,4233745,1 ,1,R,22.26,R,19.00,R,0.00,R,0.00,R,3.26
2022,170976,2,R,5365139,R,4084829,R,2871,R,822904,R,385046,R,228068,R,399140,R,6416111,R,4871886,R,11287997,R,104774,R,8841509,R,8946283,1,R,39390,R,23379,R,10,R,36214334,1,R,11697548,R,8092618,R,20576755,R,1243728,R,29913101,R,114050,R,10108944,R,10222994,R,88047977,76350429,1 ,1,R,558.00,R,215.00,R,0.00,R,308.00,R,35.00
2022,171100,2,R,4522650,R,3554174,R,2262,R,214823,R,311156,R,0,R,301317,R,4737473,R,4168909,R,8906382,R,72172,R,1414773,R,1486945,1,R,19540,R,12675,R,2,R,16073414,2,Z,0,R,8124987,R,16471338,R,281065,R,24877390,R,0,R,2220308,R,2220308,R,43171112,43171112,1 ,1,R,264.00,R,88.00,R,142.00,R,0.00,R,34.00
2022,174066,2,R,4154525,R,2873371,R,1064,R,1079251,R,296640,R,158511,R,391921,R,5392287,R,3562996,R,8955283,R,92685,R,3947867,R,4040552,1,R,33166,R,30279,R,9,R,18689534,1,R,6021299,R,4834886,R,16236358,R,890086,R,21961330,R,157105,R,3036064,R,3193169,R,49865332,43844033,1 ,1,R,279.00,R,94.00,R,42.00,R,114.00,R,29.00
2022,179867,2,R,2215113,R,2510634,R,1154,R,591678,R,73273,R,63439,R,201196,R,2870230,R,2786257,R,5656487,R,37123,R,216144,R,253267,1,R,15497,R,11702,R,11,R,11466784,1,R,3532826,R,2712105,R,13344392,R,274888,R,16331385,R,89397,R,10787934,R,10877331,R,42208326,38675500,1 ,1,R,197.00,R,89.00,R,28.00,R,69.00,R,11.00
2022,182670,2,R,1594076,R,2135355,R,3330,R,113228,R,101025,R,43660,R,211617,R,1750964,R,2451327,R,4202291,R,99774,R,1335293,R,1435067,1,R,25496,R,15226,R,5,R,8448318,1,R,3002588,R,1401377,R,10504678,R,373890,R,12279945,R,14123,R,2680295,R,2694418,R,26425269,23422681,1 ,1,R,152.85,R,56.00,R,23.00,R,62.00,R,11.85
2022,185828,2,R,140598,R,256771,R,119,R,80545,R,28,R,4351,R,93216,R,225494,R,350134,R,575628,R,3227,R,705061,R,708288,1,R,1610,R,1646,R,1,R,1851031,1,R,823144,R,162638,R,1590285,R,9797,R,1762720,R,0,R,224282,R,224282,R,4661177,3838033,1 ,1,R,33.60,R,16.00,R,0.00,R,9.11,R,8.49
2022,186131,2,R,5483520,R,4272399,R,2126,R,487360,R,342397,R,165761,R,376820,R,6136641,R,4993742,R,11130383,R,95016,R,2450478,R,2545494,1,R,32225,R,46821,R,9,R,26197673,1,R,7143666,R,13761471,R,20768686,R,945930,R,35476087,R,1165529,R,6074773,R,7240302,R,76057728,68914062,1 ,1,R,421.00,R,81.00,R,107.00,R,193.00,R,40.00
2022,186371,2,R,285147,R,130149,R,49,R,7656,R,9758,R,8154,R,15016,R,300957,R,154972,R,455929,R,5959,R,379577,R,385536,1,R,1468,R,642,R,1,R,2640025,1,R,1474877,R,196511,R,1629811,R,24268,R,1850590,R,0,R,165305,R,165305,R,6130797,4655920,1 ,1,R,33.34,R,12.71,R,0.00,R,19.35,R,1.28
2022,186380,2,R,1659293,R,1217318,R,455,R,269545,R,91272,R,58494,R,140449,R,1987332,R,1449494,R,3436826,R,60054,R,3550271,R,3610325,1,R,25954,R,18882,R,10,R,12395304,1,R,7016568,R,1291189,R,9376217,R,34755,R,10702161,R,18001,R,1882165,R,1900166,R,32014199,24997631,1 ,1,R,172.45,R,49.29,R,0.00,R,98.10,R,25.06
2022,186399,2,R,344863,R,306273,R,114,R,115729,R,22964,R,15976,R,35336,R,476568,R,364687,R,841255,R,7173,R,893235,R,900408,1,R,1217,R,420,R,1,R,4422962,1,R,2464462,R,327121,R,2852159,R,33945,R,3213225,R,48000,R,395211,R,443211,R,10543860,8079398,1 ,1,R,53.08,R,21.67,R,0.00,R,30.06,R,1.35
2022,186867,2,R,58112,R,388602,R,73,R,0,R,0,R,898,R,157530,R,59010,R,546205,R,605215,R,869,R,477730,R,478599,1,R,232,R,1936,R,0,R,989470,1,R,260628,R,3585,R,1101292,R,8991,R,1113868,R,37524,R,156591,R,194115,R,2558081,2297453,1 ,1,R,32.00,R,8.00,R,0.00,R,4.00,R,20.00
2022,190415,2,R,5270855,R,2151765,R,2412,R,521927,R,451597,R,239452,R,319788,R,6032234,R,2925562,R,8957796,R,101102,R,5467771,R,5568873,1,R,15599,R,26583,R,15,R,21756408,1,R,6130309,R,3827584,R,13102843,R,525374,R,17455801,R,30435,R,10756230,R,10786665,R,56129183,49998874,1 ,1,R,321.35,R,102.97,R,58.02,R,127.67,R,32.69
2022,191241,2,R,1099100,R,1640472,R,487,R,146459,R,36449,R,15918,R,123069,R,1261477,R,1800477,R,3061954,R,33034,R,879569,R,912603,1,R,7431,R,6060,R,3,R,5385536,1,R,2578802,R,742746,R,4834914,R,445809,R,6023469,R,3832,R,871213,R,875045,R,14862852,12284050,1 ,1,R,72.50,R,43.00,R,0.00,R,27.00,R,2.50
2022,193900,2,R,3133010,R,2658898,R,1410,R,255839,R,436503,R,52986,R,266962,R,3441835,R,3363773,R,6805608,R,76213,R,11398349,R,11474562,1,R,16715,R,19786,R,9,R,21281829,1,R,6495080,R,15460013,R,14027653,R,397384,R,29885050,R,79054,R,6143256,R,6222310,R,63884269,57389189,1 ,1,R,305.89,R,89.00,R,118.00,R,58.00,R,40.89
2022,194824,2,R,260886,R,313495,R,170,R,13499,R,212696,R,3176,R,170199,R,277561,R,696560,R,974121,R,3404,R,22969,R,26373,1,R,3695,R,2284,R,1,R,848067,1,R,230783,R,36310,R,2300787,R,49918,R,2387015,R,100687,R,634708,R,735395,R,4201260,3970477,1 ,1,R,16.81,R,5.00,R,0.00,R,9.00,R,2.81
2022,195003,2,R,204877,R,554795,R,256,R,7344,R,45123,R,5257,R,84754,R,217478,R,684928,R,902406,R,12832,R,978870,R,991702,1,R,2621,R,4943,R,0,R,3236363,2,Z,0,R,77241,R,1749881,R,60466,R,1887588,R,4709,R,434079,R,438788,R,5562739,5562739,1 ,1,R,62.03,R,24.00,R,15.00,R,8.00,R,15.03
2022,195030,2,R,1745083,R,1509324,R,688,R,153673,R,92689,R,40568,R,144694,R,1939324,R,1747395,R,3686719,R,38096,R,3784797,R,3822893,1,R,8274,R,10507,R,7,R,8214858,1,R,2550258,R,2630813,R,10352919,R,112897,R,13096629,R,11599,R,3000651,R,3012250,R,26873995,24323737,1 ,1,R,161.70,R,60.60,R,23.30,R,50.80,R,27.00
2022,196079,2,R,1709294,R,1502925,R,365,R,65990,R,91331,R,38404,R,180663,R,1813688,R,1775284,R,3588972,R,28659,R,1473909,R,1502568,1,R,17123,R,14820,R,4,R,5538714,2,Z,0,R,2039866,R,4789710,R,459525,R,7289101,R,130354,R,634531,R,764885,R,13592700,13592700,1 ,1,R,107.54,R,30.00,R,34.00,R,13.70,R,29.84
2022,196088,2,R,1896529,R,2502606,R,448,R,311732,R,113285,R,98410,R,220985,R,2306671,R,2837324,R,5143995,R,31843,R,3118023,R,3149866,1,R,12094,R,26873,R,8,R,9735896,2,Z,0,R,761483,R,7810369,R,83719,R,8655571,R,11405,R,2069169,R,2080574,R,20472041,20472041,1 ,1,R,140.95,R,53.25,R,47.10,R,18.60,R,22.00
2022,196097,2,R,1113127,R,272026,R,488,R,39668,R,310,R,912,R,128901,R,1153707,R,401725,R,1555432,R,13709,R,65676,R,79385,1,R,7443,R,5439,R,6,R,5208916,2,Z,0,R,284466,R,8201489,R,135394,R,8621349,R,148000,R,140000,R,288000,R,14118265,14118265,1 ,1,R,77.50,R,26.00,R,41.00,R,0.50,R,10.00
2022,196413,2,R,1589974,R,1295697,R,720,R,122285,R,85601,R,33975,R,158452,R,1746234,R,1540470,R,3286704,R,45197,P,82632,P,127829,1,R,23589,R,9931,R,3,R,9889215,1,R,3259417,R,3111876,R,9589921,R,513141,R,13214938,R,40215,R,3233361,R,3273576,R,29637146,26377729,1 ,1,R,179.00,R,55.00,R,32.00,R,62.00,R,30.00
2022,197708,2,R,722475,R,321374,R,447,R,24772,R,761,R,10106,R,586665,R,757353,R,909247,R,1666600,R,21581,R,839787,R,861368,1,R,1238,R,1048,R,3,R,3097148,1,R,1140136,R,115997,R,497546,R,45722,R,659265,R,3248,R,185110,R,188358,R,5084907,3944771,1 ,1,R,60.50,R,31.00,R,6.00,R,19.50,R,4.00
2022,198419,2,R,4333291,R,3184799,R,1200,R,420034,R,2115777,R,154940,R,344774,R,4908265,R,5646550,R,10554815,R,115105,R,3499215,R,3614320,1,R,21169,R,22504,R,7,R,19870727,1,R,5180356,R,4610386,R,14653772,R,555389,R,19819547,R,41410,R,3763554,R,3804964,R,48675594,43495238,1 ,1,R,313.30,R,119.90,R,100.00,R,70.00,R,23.40
2022,199120,2,R,4440291,R,1738210,R,1292,R,11384710,R,114038,R,143133,R,162150,R,15968134,R,2015690,R,17983824,R,123873,R,605353,R,729226,1,R,14255,R,24994,R,10,R,17273657,1,R,6244086,R,6494018,R,10469331,R,0,R,16963349,R,521409,R,3789515,R,4310924,R,44792016,38547930,1 ,1,R,314.76,R,147.00,R,3.00,R,128.50,R,36.26
2022,199193,2,R,1438208,R,1529775,R,719,R,240660,R,137992,R,47009,R,57433,R,1725877,R,1725919,R,3451796,R,39526,R,5367999,R,5407525,1,R,12257,R,22919,R,4,R,14687062,2,Z,0,R,2546075,R,11332985,R,186727,R,14065787,R,57861,R,6277398,R,6335259,R,35088108,35088108,1 ,1,R,247.00,R,104.00,R,31.00,R,76.00,R,36.00
2022,199847,2,R,979499,R,1882539,R,433,R,181642,R,142061,R,13138,R,167610,R,1174279,R,2192643,R,3366922,R,22715,R,2448469,R,2471184,1,R,6259,R,6194,R,2,R,5709856,1,R,1579484,R,1019159,R,9140464,R,131080,R,10290703,R,36866,R,1169683,R,1206549,R,18786592,17207108,1 ,1,R,194.32,R,46.00,R,9.00,R,31.48,R,107.84
2022,201645,2,R,1191033,R,1775070,R,817,R,36504,R,26845,R,35478,R,34946,R,1263015,R,1837678,R,3100693,R,25256,R,44305,R,69561,1,R,3029,R,2922,R,3,R,4724692,1,R,1472910,R,750121,R,6249252,R,108762,R,7108135,R,28976,R,1062584,R,1091560,R,14397297,12924387,1 ,1,R,96.90,R,44.00,R,15.00,R,22.00,R,15.90
2022,204796,2,R,4293313,R,2052860,R,5467,R,115568,R,180348,R,202865,R,81651,R,4611746,R,2320326,R,6932072,R,98603,R,5888365,R,5986968,1,R,50432,R,29518,R,12,R,17296924,1,R,5138992,R,3192892,R,16939024,R,610417,R,20742333,R,14185,R,19024541,R,19038726,R,62216975,57077983,1 ,1,R,370.00,R,85.00,R,58.00,R,122.00,R,105.00
2022,211440,2,R,645979,R,2146109,R,765,R,56180,R,457762,R,13209,R,279179,R,715368,R,2883815,R,3599183,R,10693,R,1355721,R,1366414,1,R,2430,R,3533,R,3,R,4880895,1,R,1402622,R,669460,R,7605089,R,691279,R,8965828,R,12067,R,1244315,R,1256382,R,16505727,15103105,1 ,1,R,131.00,R,25.00,R,19.00,R,33.00,R,54.00
2022,212054,2,R,356431,R,1179562,R,387,R,7178,R,121961,R,14488,R,124044,R,378097,R,1425954,R,1804051,R,8574,R,1179501,R,1188075,1,R,12574,R,11664,R,4,R,4272265,1,R,1473589,R,708497,R,6003868,R,59375,R,6771740,R,31101,R,353370,R,384471,R,12902065,11428476,1 ,1,R,98.96,R,35.00,R,16.00,R,33.78,R,14.18
2022,213543,2,R,741644,R,855724,R,245,R,10713,R,79476,R,5431,R,64473,R,757788,R,999918,R,1757706,R,9971,R,517325,R,527296,1,R,4851,R,3914,R,1,R,2372510,2,Z,0,R,157619,R,4130279,R,209817,R,4497715,R,0,R,273027,R,273027,R,7143252,7143252,1 ,1,R,38.75,R,15.00,R,4.00,R,14.00,R,5.75
2022,214777,2,R,3345964,R,3121809,R,947,R,2297113,R,443282,R,89416,R,259989,R,5732493,R,3826027,R,9558520,R,146214,R,5078786,R,5225000,1,R,35001,R,35512,R,27,R,29133417,1,R,9549589,R,5301283,R,19397692,R,229366,R,24928341,R,277931,R,5955261,R,6233192,R,69844539,60294950,1 ,1,R,547.50,R,198.10,R,50.40,R,249.80,R,49.20
2022,215062,2,R,5309959,R,2798421,R,2844,R,5614597,R,5189332,R,94128,R,349740,R,11018684,R,8340337,R,19359021,R,69156,R,11193774,R,11262930,1,R,36282,R,40587,R,14,R,25124516,1,R,7771375,R,9159612,R,17409198,R,688779,R,27257589,R,184916,R,14113685,R,14298601,R,74452081,66680706,1 ,1,R,349.53,R,121.30,R,76.85,R,122.38,R,29.00
2022,215293,2,R,3579341,R,2374538,R,649,R,543390,R,201093,R,99205,R,223670,R,4221936,R,2799950,R,7021886,R,29391,R,3929076,R,3958467,1,R,14166,R,10032,R,10,R,12554024,1,R,4013011,R,1927524,R,17243510,R,771204,R,19942238,R,0,R,4778236,R,4778236,R,41287509,37274498,1 ,1,R,304.50,R,95.00,R,7.00,R,107.00,R,95.50
2022,216597,2,R,515670,R,1460593,R,1463,R,9658,R,93339,R,15807,R,241354,R,541135,R,1796749,R,2337884,R,16209,R,540512,R,556721,1,R,5398,R,5687,R,1,R,4743638,2,Z,0,R,1323084,R,4687880,R,101878,R,6112842,R,32390,R,566529,R,598919,R,11455399,11455399,1 ,1,R,71.99,R,32.57,R,10.00,R,19.00,R,10.42
2022,217156,2,R,2398978,R,2538701,R,551,R,144805,R,202400,R,51301,R,198885,R,2595084,R,2940537,R,5535621,R,39869,R,482,R,40351,1,R,18630,R,16655,R,6,R,9600342,1,R,2733544,R,1801549,R,12129184,R,823260,R,14753993,R,0,R,2293019,R,2293019,R,29380898,26647354,1 ,1,R,155.00,R,48.00,R,22.00,R,72.00,R,13.00
2022,217882,2,R,711427,R,1233946,R,529,R,64312,R,57379,R,21863,R,285135,R,797602,R,1576989,R,2374591,R,35370,R,2225221,R,2260591,1,R,2837,R,4208,R,4,R,6734431,1,R,2631103,R,994467,R,8527945,R,152965,R,9675377,R,4576,R,2182419,R,2186995,R,21227906,18596803,1 ,1,R,123.00,R,30.00,R,65.00,R,8.00,R,20.00
2022,217925,2,R,77459,R,556013,R,159,R,1531,R,1815,R,31,R,55752,R,79021,R,613739,R,692760,R,9652,R,26341,R,35993,1,R,402,R,784,R,0,R,252012,2,Z,0,R,52275,R,318050,R,0,R,370325,R,1833,R,38262,R,40095,R,662432,662432,1 ,1,R,13.00,R,3.00,R,3.00,R,0.00,R,7.00
2022,221999,2,R,1950011,R,3122474,R,830,R,169649,R,292380,R,60450,R,402891,R,2180110,R,3818575,R,5998685,R,43964,R,3962666,R,4006630,1,R,15677,R,11003,R,9,R,9902637,1,R,2414951,R,4018336,R,13218489,R,64540,R,17301365,R,48703,R,9765972,R,9814675,R,39433628,37018677,1 ,1,R,170.00,R,70.00,R,20.00,R,70.00,R,10.00
2022,223232,2,R,1251437,R,1115157,R,1048,R,193973,R,79539,R,44747,R,152918,R,1490157,R,1348662,R,2838819,R,29831,R,1304575,R,1334406,1,R,14989,R,13908,R,8,R,8187185,1,R,2267841,R,1807324,R,9387173,R,55004,R,11249501,R,1066,R,4782556,R,4783622,R,26488149,24220308,1 ,1,R,148.82,R,31.70,R,43.88,R,43.73,R,29.51
2022,227757,2,R,1930727,R,1245272,R,679,R,481391,R,158420,R,41442,R,146796,R,2453560,R,1551167,R,4004727,R,35215,R,1265866,R,1301081,1,R,8266,R,5272,R,1,R,6486873,1,R,1660639,R,3846201,R,8163492,R,577972,R,12587665,R,46303,R,863443,R,909746,R,21644923,19984284,1 ,1,R,111.00,R,35.00,R,32.00,R,38.00,R,6.00
2022,228246,2,R,1556720,R,2439358,R,694,R,2546632,R,111183,R,58023,R,146467,R,4161375,R,2697702,R,6859077,R,23523,R,636191,R,659714,1,R,6497,R,5512,R,5,R,6827049,1,R,1954838,R,1365035,R,6420805,R,43216,R,7829056,R,0,R,1419966,R,1419966,R,18030909,16076071,1 ,1,R,111.50,R,63.00,R,5.50,R,35.00,R,8.00
2022,228723,2,R,1970665,R,2291242,R,1431,R,275092,R,38723,R,72332,R,287462,R,2318089,R,2618858,R,4936947,R,50746,R,5516807,R,5567553,1,R,21033,R,20564,R,12,R,15387763,1,R,4051657,R,3666060,R,19368215,R,314959,R,23349234,R,212258,R,4339654,R,4551912,R,47340566,43288909,1 ,1,R,283.73,R,92.00,R,66.00,R,87.50,R,38.23
2022,228778,2,R,5084943,R,2415221,R,1090,R,699757,R,183553,R,213894,R,190167,R,5998594,R,2790031,R,8788625,R,94374,R,3987429,R,4081803,1,R,24554,R,15522,R,15,R,20916518,1,R,4768287,R,9978790,R,13425866,R,1045814,R,24450470,R,201531,R,3512750,R,3714281,R,53849556,49081269,1 ,1,R,455.00,R,155.00,R,0.00,R,218.00,R,82.00
2022,228875,2,R,966153,R,1652985,R,641,R,595457,R,179600,R,12574,R,208959,R,1574184,R,2042185,R,3616369,R,24929,R,66409,R,91338,1,R,4879,R,5844,R,0,R,3207826,2,Z,0,R,668436,R,5230965,R,18611,R,5918012,R,2268,R,482018,R,484286,R,9610124,9610124,1 ,1,R,58.13,R,24.00,R,2.00,R,23.13,R,9.00
2022,231624,2,R,1445034,R,2927643,R,874,R,197454,R,222825,R,40121,R,275523,R,1682609,R,3426865,R,5109474,R,33810,R,1020118,R,1053928,1,R,9476,R,8509,R,5,R,4841735,1,R,1759488,R,699955,R,4500819,R,215608,R,5416382,R,15692,R,706596,R,722288,R,12739893,10980405,1 ,1,R,97.37,R,33.80,R,9.00,R,32.60,R,21.97
2022,234076,2,R,3252470,R,1662793,R,1724,R,517016,R,263617,R,113541,R,368918,R,3883027,R,2297052,R,6180079,R,76381,R,7725273,R,7801654,1,R,12934,R,13026,R,9,R,21443510,1,R,7109556,R,8984517,R,7123158,R,236453,R,16344128,R,54552,R,9980191,R,10034743,R,54931937,47822381,1 ,1,R,299.48,R,101.00,R,93.00,R,75.00,R,30.48
2022,236948,2,R,5327499,R,1822189,R,639,R,719481,R,279880,R,157669,R,238697,R,6204649,R,2341405,R,8546054,R,70441,R,5786676,R,5857117,1,R,23111,R,55161,R,12,R,19688179,1,R,6033565,R,3266829,R,12867303,R,992923,R,17127055,R,0,R,5284182,R,5284182,R,48132981,42099416,1 ,1,R,354.00,R,122.00,R,45.00,R,123.00,R,64.00
2022,239105,2,R,1273351,R,2583759,R,490,R,665944,R,98950,R,12588,R,64035,R,1951883,R,2747234,R,4699117,R,31265,R,530105,R,561370,1,R,7912,R,6434,R,1,R,3746293,2,Z,0,R,1771430,R,5745575,R,57871,R,7574876,R,14028,R,589630,R,603658,R,11924827,11924827,1 ,1,R,81.57,R,32.05,R,1.00,R,27.51,R,21.01
2022,240444,2,R,5414514,R,2663392,R,1519,R,867653,R,385789,R,307840,R,311542,R,6590007,R,3362242,R,9952249,R,95754,R,6434000,R,6529754,1,R,49642,R,36067,R,13,R,17192647,1,R,383866,R,1871366,R,8002520,R,50165,R,9924051,R,89384,R,5060602,R,5149986,R,32650550,32266684,1 ,1,R,319.00,R,113.00,R,52.00,R,77.00,R,77.00
2022,243744,2,R,6717983,R,2908752,R,2938,R,508102,R,196466,R,329141,R,270513,R,7555226,R,3378669,R,10933895,R,273378,R,14356179,R,14629557,1,R,15678,R,8718,R,19,R,35868845,1,R,11217174,R,7496008,R,15501975,R,3068062,R,26066045,R,323488,R,4897579,R,5221067,R,78373131,67155957,1 ,1,R,533.00,R,109.00,R,94.00,R,213.00,R,117.00
2022,243780,2,R,952249,R,3683866,R,803,R,14092,R,195582,R,44695,R,239314,R,1011036,R,4119565,R,5130601,R,22524,R,3812131,R,3834655,1,R,14002,R,15706,R,0,R,9524335,1,R,3263330,R,1133853,R,13880262,R,1164760,R,16178875,R,12983,R,2794534,R,2807517,R,31774057,28510727,1 ,1,R,170.82,R,48.40,R,46.00,R,48.40,R,28.02
2022,445188,2,R,154153,R,2600406,R,906,R,3476,R,16,R,20,R,327974,R,157649,R,2929302,R,3086951,R,3109,R,572318,R,575427,1,R,2664,R,4002,R,0,R,2741208,2,Z,0,R,187414,R,1312981,R,46804,R,1547199,R,0,R,437462,R,437462,R,4725869,4725869,1 ,1,R,51.50,R,10.00,R,21.00,R,0.00,R,20.50
