year,UNITID,AWLEVELC,XCSTOTLT,CSTOTLT,XCSTOTLM,CSTOTLM,XCSTOTLW,CSTOTLW,XCSAIANT,CSAIANT,XCSASIAT,CSASIAT,XCSBKAAT,CSBKAAT,XCSHISPT,CSHISPT,XCSNHPIT,CSNHPIT,XCSWHITT,CSWHITT,XCS2MORT,CS2MORT,XCSUNKNT,CSUNKNT,XCSNRALT,CSNRALT,XCSUND18,CSUND18,XCS18_24,CS18_24,XCS25_39,CS25_39,XCSABV40,CSABV40,XCSUNKN,CSUNKN  
2018,100858,01,R,2,R,1,R,1,Z,0,Z,0,Z,0,Z,0,Z,0,R,2,Z,0,Z,0,Z,0,Z,0,Z,0,R,2,Z,0,Z,0
2018,100858,05,R,4722,R,2310,R,2412,R,37,R,113,R,281,R,138,R,1,R,4033,R,42,R,23,R,54,Z,0,R,4321,R,382,R,18,R,1
2018,100858,07,R,1289,R,660,R,629,R,5,R,27,R,92,R,45,R,2,R,832,R,19,R,6,R,261,Z,0,R,433,R,721,R,134,R,1
2018,100858,09,R,525,R,217,R,308,R,1,R,18,R,27,R,7,R,0,R,354,R,7,R,1,R,110,Z,0,R,18,R,470,R,37,Z,0
2018,100858,10,R,218,R,130,R,88,R,1,R,6,R,18,R,13,R,1,R,143,R,3,R,2,R,31,Z,0,R,28,R,125,R,65,Z,0
2018,110404,05,R,228,R,136,R,92,R,0,R,106,R,2,R,29,R,0,R,60,R,11,R,0,R,20,R,0,R,220,R,8,R,0,R,0
2018,110404,07,R,161,R,116,R,45,R,0,R,24,R,1,R,7,R,0,R,48,R,3,R,0,R,78,R,0,R,77,R,84,R,0,R,0
2018,110404,09,R,191,R,134,R,57,R,0,R,27,R,3,R,12,R,0,R,79,R,3,R,1,R,66,R,0,R,0,R,190,R,1,R,0
2018,110635,05,R,7982,R,3707,R,4275,R,12,R,2536,R,161,R,1151,R,8,R,2184,R,436,R,310,R,1184,R,1,R,7040,R,850,R,91,R,0
2018,110635,07,R,3001,R,1645,R,1356,R,3,R,430,R,79,R,200,R,2,R,814,R,70,R,211,R,1192,R,0,R,897,R,1940,R,162,R,2
2018,110635,09,R,1242,R,652,R,590,R,6,R,180,R,39,R,100,R,1,R,482,R,49,R,145,R,240,R,0,R,70,R,1109,R,63,R,0
2018,110635,10,R,109,R,19,R,90,R,0,R,16,R,3,R,13,R,0,R,40,R,6,R,28,R,3,R,0,R,15,R,85,R,9,R,0
2018,110644,05,R,7932,R,3342,R,4590,R,16,R,2522,R,141,R,1408,R,41,R,2267,R,406,R,157,R,974,R,1,R,6907,R,972,R,51,R,1
2018,110644,07,R,1151,R,516,R,635,R,0,R,174,R,13,R,95,R,2,R,485,R,45,R,51,R,286,R,0,R,333,R,752,R,66,R,0
2018,110644,09,R,988,R,469,R,519,R,5,R,132,R,16,R,105,R,0,R,445,R,39,R,74,R,172,R,0,R,52,R,874,R,62,R,0
2018,110644,10,R,23,R,4,R,19,R,0,R,6,R,0,R,1,R,0,R,15,R,0,R,0,R,1,R,0,R,1,R,18,R,4,R,0
2018,110653,05,R,6803,R,3068,R,3735,R,3,R,2630,R,120,R,1656,R,17,R,1118,R,246,R,80,R,933,R,1,R,6106,R,660,R,36,R,0
2018,110653,07,R,1406,R,724,R,682,R,2,R,262,R,16,R,158,R,1,R,398,R,40,R,68,R,461,R,0,R,537,R,812,R,57,R,0
2018,110653,09,R,587,R,336,R,251,R,2,R,110,R,8,R,64,R,3,R,252,R,22,R,42,R,84,R,0,R,21,R,535,R,31,R,0
2018,110653,10,R,131,R,30,R,101,R,0,R,29,R,0,R,27,R,0,R,55,R,10,R,10,R,0,R,0,R,84,R,47,R,0,R,0
2018,110662,05,R,8444,R,3645,R,4799,R,10,R,2411,R,254,R,1718,R,21,R,2373,R,417,R,167,R,1073,R,2,R,7598,R,788,R,56,R,0
2018,110662,07,R,3321,R,1776,R,1545,R,8,R,590,R,98,R,399,R,5,R,1010,R,91,R,56,R,1064,R,0,R,1016,R,2151,R,154,R,0
2018,110662,09,R,1321,R,692,R,629,R,1,R,242,R,40,R,125,R,1,R,548,R,55,R,76,R,233,R,0,R,102,R,1154,R,65,R,0
2018,110671,05,R,4685,R,2224,R,2461,R,14,R,1714,R,198,R,1518,R,18,R,769,R,189,R,65,R,200,R,0,R,4205,R,458,R,22,R,0
2018,110671,07,R,637,R,320,R,317,R,3,R,81,R,20,R,75,R,0,R,194,R,34,R,13,R,217,R,0,R,261,R,343,R,33,R,0
2018,110671,09,R,354,R,187,R,167,R,2,R,39,R,14,R,17,R,1,R,127,R,6,R,48,R,100,R,0,R,3,R,330,R,21,R,0
2018,110680,05,R,7356,R,3795,R,3561,R,8,R,2724,R,91,R,1126,R,20,R,1534,R,352,R,122,R,1379,R,0,R,6532,R,792,R,32,R,0
2018,110680,07,R,1859,R,1168,R,691,R,0,R,249,R,17,R,122,R,1,R,457,R,43,R,51,R,919,R,0,R,959,R,831,R,69,R,0
2018,110680,09,R,695,R,401,R,294,R,1,R,96,R,13,R,55,R,2,R,263,R,17,R,87,R,161,R,0,R,9,R,651,R,35,R,0
2018,110705,05,R,5569,R,2589,R,2980,R,8,R,1015,R,115,R,1384,R,10,R,1929,R,442,R,190,R,476,R,0,R,5179,R,366,R,24,R,0
2018,110705,07,R,507,R,262,R,245,R,3,R,48,R,13,R,66,R,2,R,222,R,10,R,16,R,127,R,0,R,220,R,278,R,9,R,0
2018,110705,09,R,361,R,226,R,135,R,3,R,35,R,1,R,26,R,2,R,185,R,2,R,37,R,70,R,0,R,1,R,330,R,30,R,0
2018,110705,10,R,78,R,15,R,63,R,0,R,6,R,1,R,13,R,0,R,55,R,3,R,0,R,0,R,0,R,42,R,34,R,2,R,0
2018,110714,05,R,4188,R,1982,R,2206,R,4,R,894,R,71,R,1192,R,8,R,1462,R,330,R,87,R,140,R,0,R,3711,R,446,R,31,R,0
2018,110714,07,R,483,R,282,R,201,R,0,R,37,R,1,R,50,R,0,R,171,R,20,R,17,R,187,R,0,R,221,R,244,R,18,R,0
2018,110714,09,R,159,R,92,R,67,R,0,R,11,R,2,R,15,R,0,R,82,R,7,R,10,R,32,R,0,R,0,R,135,R,24,R,0
2018,110714,10,R,9,R,0,R,9,R,0,R,1,R,0,R,0,R,0,R,7,R,1,R,0,R,0,R,0,R,1,R,8,R,0,R,0
2018,121150,05,R,878,R,375,R,503,R,3,R,96,R,31,R,155,R,5,R,422,R,44,R,29,R,93,Z,0,R,778,R,81,R,19,Z,0
2018,121150,07,R,1472,R,625,R,847,R,6,R,165,R,94,R,138,R,1,R,481,R,17,R,207,R,363,Z,0,R,331,R,949,R,192,Z,0
2018,121150,09,R,287,R,107,R,180,R,2,R,23,R,34,R,41,R,1,R,137,R,14,R,25,R,10,Z,0,R,31,R,191,R,65,Z,0
2018,121150,10,R,10,Z,0,R,10,Z,0,R,1,Z,0,Z,0,Z,0,R,9,Z,0,Z,0,Z,0,Z,0,R,2,R,8,Z,0,Z,0
2018,122931,05,R,1395,R,688,R,707,R,1,R,236,R,51,R,235,R,2,R,675,R,99,R,47,R,49,R,0,R,1329,R,63,R,3,R,0
2018,122931,07,R,853,R,393,R,460,R,0,R,147,R,13,R,92,R,1,R,178,R,19,R,26,R,377,R,0,R,109,R,621,R,86,R,37
2018,122931,09,R,248,R,140,R,108,R,0,R,44,R,12,R,36,R,0,R,117,R,8,R,7,R,24,R,0,R,7,R,203,R,14,R,24
2018,122931,10,R,105,R,50,R,55,R,0,R,7,R,0,R,8,R,0,R,9,R,0,R,80,R,1,R,0,R,30,R,62,R,13,R,0
2018,123961,05,R,5063,R,2400,R,2663,R,8,R,1087,R,208,R,704,R,13,R,1985,R,250,R,91,R,717,R,0,R,4452,R,276,R,28,R,307
2018,123961,07,R,8503,R,3769,R,4734,R,23,R,967,R,522,R,1056,R,24,R,2136,R,126,R,240,R,3409,R,0,R,2614,R,3965,R,476,R,1448
2018,123961,09,R,1658,R,796,R,862,R,6,R,393,R,88,R,162,R,2,R,584,R,42,R,108,R,273,R,0,R,78,R,1107,R,157,R,316
2018,123961,10,R,1010,R,460,R,550,R,2,R,108,R,38,R,97,R,5,R,207,R,17,R,102,R,434,R,0,R,268,R,554,R,60,R,128
2018,126614,05,R,5674,R,3042,R,2632,R,14,R,299,R,84,R,579,R,2,R,4049,R,265,R,48,R,334,R,1,R,5043,R,571,R,59,R,0
2018,126614,07,R,1463,R,856,R,607,R,4,R,60,R,12,R,96,R,0,R,872,R,49,R,64,R,306,R,0,R,485,R,913,R,65,R,0
2018,126614,09,R,594,R,337,R,257,R,3,R,21,R,6,R,33,R,0,R,396,R,10,R,54,R,71,R,0,R,19,R,544,R,31,R,0
2018,126775,05,R,1084,R,804,R,280,R,2,R,66,R,11,R,93,R,0,R,780,R,56,R,6,R,70,R,1,R,963,R,110,R,10,R,0
2018,126775,07,R,366,R,263,R,103,R,0,R,17,R,7,R,20,R,0,R,230,R,9,R,3,R,80,R,0,R,161,R,196,R,9,R,0
2018,126775,09,R,113,R,79,R,34,R,0,R,3,R,0,R,3,R,0,R,52,R,5,R,2,R,48,R,0,R,0,R,104,R,9,R,0
2018,129020,03,R,21,R,10,R,11,R,0,R,0,R,0,R,2,R,0,R,19,R,0,R,0,R,0,Z,0,R,18,R,2,R,1,Z,0
2018,129020,05,R,5460,R,2584,R,2876,R,13,R,588,R,293,R,555,R,5,R,3351,R,148,R,270,R,237,R,0,R,4928,R,462,R,70,R,0
2018,129020,07,R,2080,R,942,R,1138,R,1,R,101,R,102,R,92,R,2,R,872,R,26,R,147,R,737,R,0,R,730,R,1221,R,129,R,0
2018,129020,09,R,699,R,327,R,372,R,1,R,58,R,32,R,26,R,0,R,371,R,15,R,43,R,153,R,0,R,90,R,558,R,51,R,0
2018,129020,10,R,346,R,120,R,226,R,0,R,15,R,18,R,11,R,0,R,197,R,9,R,63,R,33,R,0,R,68,R,222,R,56,R,0
2018,130794,05,R,1313,R,689,R,624,R,12,R,207,R,86,R,144,R,0,R,635,R,92,R,4,R,133,Z,0,R,1278,R,33,R,2,Z,0
2018,130794,07,R,2075,R,1032,R,1043,R,0,R,213,R,93,R,121,R,2,R,890,R,60,R,35,R,661,Z,0,R,363,R,1626,R,85,R,1
2018,130794,09,R,772,R,422,R,350,R,3,R,98,R,31,R,48,R,2,R,392,R,26,R,12,R,160,Z,0,R,21,R,725,R,26,Z,0
2018,130794,10,R,114,R,18,R,96,R,0,R,8,R,2,R,10,R,1,R,82,R,2,R,5,R,4,Z,0,R,33,R,78,R,3,Z,0
2018,130943,03,R,270,R,130,R,140,R,0,R,20,R,36,R,37,R,0,R,158,R,9,R,6,R,4,R,0,R,266,R,3,R,1,R,0
2018,130943,05,R,4215,R,1684,R,2531,R,3,R,203,R,193,R,312,R,2,R,3169,R,140,R,38,R,155,R,0,R,3909,R,282,R,24,R,0
2018,130943,07,R,938,R,411,R,527,R,0,R,40,R,46,R,32,R,0,R,492,R,14,R,7,R,307,R,0,R,226,R,629,R,83,R,0
2018,130943,09,R,313,R,175,R,138,R,1,R,18,R,9,R,10,R,0,R,165,R,5,R,4,R,101,R,0,R,3,R,285,R,25,R,0
2018,131159,01,R,124,R,37,R,87,R,0,R,8,R,11,R,19,R,0,R,73,R,7,R,3,R,3,R,0,R,122,R,1,R,1,R,0
2018,131159,02,R,1,R,0,R,1,R,0,R,0,R,1,R,0,R,0,R,0,R,0,R,0,R,0,R,0,R,0,R,1,R,0,R,0
2018,131159,05,R,1768,R,629,R,1139,R,1,R,141,R,108,R,184,R,1,R,1062,R,77,R,35,R,159,R,0,R,1667,R,94,R,7,R,0
2018,131159,07,R,1611,R,610,R,1001,R,3,R,81,R,201,R,105,R,1,R,702,R,43,R,260,R,215,Z,0,R,182,R,1257,R,172,R,0
2018,131159,09,R,419,R,160,R,259,R,0,R,42,R,43,R,78,R,0,R,189,R,17,R,28,R,22,R,0,R,9,R,389,R,21,R,0
2018,131159,10,R,53,R,22,R,31,R,0,R,2,R,6,R,6,R,0,R,25,R,3,R,2,R,9,R,0,R,7,R,40,R,6,R,0
2018,131469,02,R,327,R,193,R,134,R,0,R,18,R,33,R,58,R,4,R,81,R,2,R,131,R,0,R,1,R,200,R,83,R,0,R,43
2018,131469,03,R,196,R,120,R,76,R,1,R,8,R,17,R,17,R,0,R,30,R,3,R,120,R,0,R,6,R,64,R,120,R,6,R,0
2018,131469,05,R,2712,R,1119,R,1593,R,6,R,264,R,157,R,220,R,2,R,1548,R,105,R,141,R,269,R,0,R,2347,R,313,R,50,R,2
2018,131469,07,R,4755,R,1901,R,2854,R,9,R,364,R,509,R,293,R,9,R,1995,R,130,R,212,R,1234,R,0,R,1135,R,3078,R,539,R,3
2018,131469,09,R,1149,R,527,R,622,R,3,R,156,R,121,R,51,R,2,R,607,R,17,R,84,R,108,R,0,R,77,R,915,R,157,R,0
2018,131469,10,R,637,R,209,R,428,R,2,R,50,R,95,R,35,R,0,R,299,R,12,R,37,R,107,R,0,R,79,R,376,R,181,R,1
2018,131496,02,R,16,R,8,R,8,R,0,R,1,R,0,R,2,R,0,R,8,R,0,R,4,R,1,R,0,R,5,R,11,R,0,R,0
2018,131496,05,R,1764,R,781,R,983,R,0,R,186,R,106,R,157,R,2,R,1048,R,76,R,12,R,177,R,0,R,1712,R,47,R,5,R,0
2018,131496,07,R,3889,R,1740,R,2149,R,7,R,301,R,333,R,216,R,5,R,1790,R,77,R,196,R,964,R,0,R,862,R,2733,R,290,R,4
2018,131496,09,R,960,R,475,R,485,R,3,R,50,R,60,R,47,R,3,R,520,R,7,R,194,R,76,R,0,R,70,R,854,R,36,R,0
2018,131496,10,R,1,R,0,R,1,R,0,R,0,R,0,R,0,R,0,R,1,R,0,R,0,R,0,R,0,R,1,R,0,R,0,R,0
2018,131520,02,R,7,R,0,R,7,R,0,R,0,R,6,R,0,R,0,R,1,R,0,R,0,R,0,R,0,R,0,R,2,R,5,R,0
2018,131520,05,R,1221,R,367,R,854,R,0,R,20,R,1079,R,10,R,5,R,18,R,0,R,0,R,89,R,0,R,1100,R,109,R,11,R,1
2018,131520,07,R,313,R,100,R,213,R,0,R,5,R,256,R,4,R,0,R,18,R,0,R,0,R,30,R,0,R,46,R,229,R,38,R,0
2018,131520,09,R,504,R,205,R,299,R,2,R,47,R,359,R,20,R,0,R,36,R,0,R,0,R,40,R,0,R,13,R,422,R,69,R,0
2018,131520,10,R,20,R,8,R,12,R,0,R,1,R,12,R,0,R,0,R,2,R,0,R,0,R,5,R,0,R,0,R,15,R,5,R,0
2018,133951,03,R,42,R,15,R,27,R,0,R,1,R,5,R,30,R,0,R,5,R,1,R,0,R,0,R,0,R,40,R,2,R,0,R,0
2018,133951,05,R,10261,R,4096,R,6165,R,10,R,252,R,1207,R,6764,R,8,R,939,R,255,R,55,R,771,R,0,R,5758,R,4155,R,348,R,0
2018,133951,07,R,3116,R,1175,R,1941,R,0,R,92,R,408,R,1607,R,2,R,465,R,54,R,18,R,470,R,0,R,418,R,2277,R,421,R,0
2018,133951,09,R,549,R,283,R,266,R,1,R,34,R,36,R,201,R,0,R,155,R,11,R,13,R,98,R,0,R,11,R,483,R,55,R,0
2018,133951,10,R,178,R,59,R,119,R,0,R,10,R,43,R,92,R,0,R,29,R,2,R,2,R,0,R,0,R,33,R,115,R,30,R,0
2018,134097,03,R,183,R,66,R,117,R,0,R,3,R,31,R,41,R,1,R,93,R,11,R,1,R,2,R,0,R,181,R,2,R,0,R,0
2018,134097,05,R,8627,R,3773,R,4854,R,19,R,186,R,677,R,1691,R,10,R,5492,R,298,R,79,R,175,R,0,R,7734,R,817,R,76,R,0
2018,134097,07,R,2096,R,836,R,1260,R,3,R,46,R,193,R,222,R,1,R,1264,R,50,R,30,R,287,R,0,R,620,R,1292,R,184,R,0
2018,134097,09,R,754,R,389,R,365,R,1,R,29,R,61,R,76,R,0,R,414,R,15,R,12,R,146,R,0,R,21,R,672,R,61,R,0
2018,134097,10,R,53,R,7,R,46,R,0,R,1,R,2,R,6,R,0,R,37,R,4,R,0,R,3,R,0,R,7,R,34,R,12,R,0
2018,134130,03,R,301,R,113,R,188,R,2,R,25,R,38,R,72,R,0,R,139,R,12,R,9,R,4,R,0,R,283,R,17,R,1,R,0
2018,134130,05,R,8295,R,3481,R,4814,R,15,R,590,R,481,R,1787,R,70,R,4734,R,205,R,260,R,153,R,0,R,7583,R,680,R,32,R,0
2018,134130,07,R,4267,R,2228,R,2039,R,19,R,186,R,152,R,411,R,7,R,1952,R,50,R,137,R,1353,R,0,R,1362,R,2594,R,311,R,0
2018,134130,09,R,1982,R,879,R,1103,R,8,R,168,R,124,R,185,R,12,R,1026,R,29,R,78,R,352,R,0,R,35,R,1753,R,194,R,0
2018,134130,10,R,48,R,8,R,40,R,0,R,1,R,5,R,7,R,0,R,31,R,2,R,2,R,0,R,0,R,9,R,35,R,4,R,0
2018,135726,01,R,6,R,1,R,5,Z,0,R,1,R,1,R,1,Z,0,R,3,Z,0,Z,0,Z,0,Z,0,R,4,R,2,Z,0,Z,0
2018,135726,05,R,2638,R,1196,R,1442,R,2,R,151,R,196,R,613,R,1,R,1111,R,124,R,102,R,338,R,1,R,2381,R,231,R,25,Z,0
2018,135726,07,R,1600,R,762,R,838,R,3,R,53,R,141,R,398,R,1,R,451,R,24,R,165,R,364,Z,0,R,430,R,995,R,175,Z,0
2018,135726,09,R,853,R,417,R,436,R,1,R,62,R,54,R,165,R,1,R,376,R,18,R,89,R,87,Z,0,R,59,R,737,R,57,Z,0
2018,135726,10,R,115,R,56,R,59,Z,0,R,4,R,11,R,28,Z,0,R,51,R,1,R,13,R,7,Z,0,R,11,R,91,R,13,Z,0
2018,137351,03,R,317,R,82,R,235,R,2,R,32,R,32,R,58,R,0,R,169,R,11,R,5,R,8,R,0,R,286,R,26,R,5,R,0
2018,137351,05,R,8079,R,3449,R,4630,R,12,R,548,R,847,R,1554,R,22,R,4197,R,316,R,142,R,441,R,0,R,5594,R,2221,R,264,R,0
2018,137351,07,R,3113,R,1374,R,1739,R,4,R,150,R,231,R,339,R,5,R,1384,R,58,R,89,R,853,R,0,R,663,R,2096,R,354,R,0
2018,137351,09,R,702,R,327,R,375,R,1,R,92,R,40,R,62,R,2,R,374,R,8,R,26,R,97,R,0,R,3,R,594,R,105,R,0
2018,137351,10,R,22,R,5,R,17,R,0,R,0,R,4,R,3,R,0,R,11,R,0,R,2,R,2,R,0,R,0,R,11,R,11,R,0
2018,139658,05,R,2000,R,777,R,1223,R,2,R,381,R,177,R,154,R,1,R,881,R,59,R,42,R,303,R,0,R,1832,R,156,R,12,R,0
2018,139658,07,R,1626,R,691,R,935,R,4,R,175,R,199,R,96,R,5,R,649,R,34,R,99,R,365,R,0,R,384,R,1095,R,147,R,0
2018,139658,09,R,823,R,368,R,455,R,0,R,90,R,73,R,49,R,0,R,453,R,12,R,57,R,89,R,0,R,56,R,726,R,41,R,0
2018,139658,10,R,28,R,3,R,25,R,0,R,3,R,8,R,1,R,0,R,15,R,1,R,0,R,0,R,0,R,0,R,15,R,13,R,0
2018,139755,05,R,3461,R,2275,R,1186,R,1,R,692,R,208,R,198,R,4,R,1785,R,124,R,52,R,397,R,0,R,3135,R,320,R,6,R,0
2018,139755,07,R,3013,R,2253,R,760,R,0,R,363,R,115,R,112,R,2,R,1141,R,70,R,3,R,1207,R,0,R,928,R,1858,R,227,R,0
2018,139755,09,R,530,R,406,R,124,R,1,R,40,R,11,R,15,R,1,R,182,R,10,R,0,R,270,R,0,R,1,R,506,R,23,R,0
2018,139959,01,R,784,R,320,R,464,R,1,R,48,R,39,R,38,R,1,R,608,R,29,R,1,R,19,R,0,R,761,R,22,R,1,R,0
2018,139959,02,R,35,R,14,R,21,R,0,R,0,R,2,R,3,R,0,R,28,R,1,R,0,R,1,R,0,R,34,R,1,R,0,R,0
2018,139959,05,R,7015,R,2962,R,4053,R,4,R,652,R,487,R,396,R,9,R,5027,R,254,R,55,R,131,R,0,R,6492,R,479,R,44,R,0
2018,139959,07,R,1718,R,667,R,1051,R,3,R,58,R,189,R,40,R,1,R,1132,R,45,R,51,R,199,R,0,R,485,R,1083,R,150,R,0
2018,139959,09,R,984,R,411,R,573,R,2,R,53,R,81,R,28,R,0,R,620,R,26,R,23,R,151,R,0,R,26,R,855,R,103,R,0
2018,139959,10,R,196,R,46,R,150,R,1,R,7,R,32,R,2,R,0,R,123,R,3,R,5,R,23,R,0,R,27,R,125,R,44,R,0
2018,144050,05,R,1415,R,716,R,699,R,1,R,267,R,73,R,148,R,0,R,649,R,71,R,42,R,164,R,0,R,1376,R,36,R,3,R,0
2018,144050,07,R,3020,R,1728,R,1292,R,3,R,377,R,96,R,182,R,1,R,1119,R,53,R,104,R,1085,R,0,R,380,R,2449,R,191,R,0
2018,144050,09,R,739,R,435,R,304,R,2,R,57,R,30,R,50,R,0,R,361,R,22,R,48,R,169,R,0,R,11,R,690,R,38,R,0
2018,144050,10,R,118,R,44,R,74,R,0,R,12,R,6,R,4,R,0,R,42,R,0,R,1,R,53,R,0,R,16,R,100,R,2,R,0
2018,145600,05,R,4002,R,1939,R,2063,R,4,R,931,R,274,R,1099,R,3,R,1427,R,118,R,37,R,109,R,0,R,3170,R,776,R,56,R,0
2018,145600,07,R,2312,R,950,R,1362,R,4,R,186,R,158,R,237,R,0,R,846,R,41,R,14,R,826,R,0,R,574,R,1531,R,207,R,0
2018,145600,09,R,1071,R,485,R,586,R,0,R,232,R,64,R,105,R,1,R,484,R,27,R,17,R,141,R,0,R,23,R,957,R,91,R,0
2018,145600,10,R,60,R,17,R,43,R,0,R,16,R,9,R,6,R,0,R,21,R,1,R,2,R,5,R,0,R,4,R,42,R,14,R,0
2018,145637,05,R,7821,R,4285,R,3536,R,2,R,1378,R,377,R,745,R,2,R,3752,R,227,R,34,R,1304,R,0,R,7463,R,334,R,24,R,0
2018,145637,07,R,3765,R,1806,R,1959,R,4,R,290,R,134,R,153,R,0,R,1371,R,57,R,36,R,1720,R,0,R,1753,R,1809,R,203,R,0
2018,145637,09,R,1091,R,601,R,490,R,2,R,91,R,35,R,42,R,0,R,501,R,15,R,28,R,377,R,0,R,23,R,1007,R,61,R,0
2018,145637,10,R,11,R,0,R,11,R,0,R,1,R,0,R,0,R,0,R,5,R,0,R,0,R,5,R,0,R,0,R,9,R,2,R,0
2018,147767,02,R,139,R,91,R,48,R,0,R,38,R,5,R,8,R,0,R,55,R,1,R,0,R,32,R,0,R,103,R,30,R,6,R,0
2018,147767,05,R,2099,R,1029,R,1070,R,1,R,401,R,114,R,260,R,0,R,1029,R,108,R,20,R,166,R,0,R,2002,R,81,R,16,R,0
2018,147767,07,R,4380,R,2277,R,2103,R,3,R,423,R,191,R,219,R,2,R,1633,R,78,R,650,R,1181,R,0,R,622,R,3223,R,535,R,0
2018,147767,09,R,941,R,488,R,453,R,2,R,117,R,36,R,69,R,1,R,455,R,24,R,48,R,189,R,0,R,6,R,918,R,17,R,0
2018,147767,10,R,138,R,62,R,76,R,0,R,12,R,12,R,15,R,0,R,72,R,3,R,12,R,12,R,0,R,9,R,95,R,34,R,0
2018,151351,01,R,111,R,73,R,38,R,0,R,3,R,1,R,4,R,0,R,83,R,2,R,0,R,18,R,0,R,103,R,7,R,1,R,0
2018,151351,02,R,10,R,8,R,2,R,0,R,0,R,1,R,0,R,0,R,8,R,0,R,0,R,1,R,0,R,9,R,1,R,0,R,0
2018,151351,03,R,3,R,1,R,2,R,0,R,0,R,0,R,0,R,0,R,3,R,0,R,0,R,0,R,0,R,1,R,1,R,1,R,0
2018,151351,05,R,7482,R,3724,R,3758,R,11,R,336,R,272,R,341,R,2,R,5293,R,253,R,29,R,945,R,0,R,7072,R,378,R,32,R,0
2018,151351,07,R,2645,R,1517,R,1128,R,5,R,157,R,110,R,96,R,0,R,1393,R,50,R,61,R,773,R,0,R,635,R,1797,R,213,R,0
2018,151351,09,R,714,R,355,R,359,R,1,R,28,R,30,R,26,R,0,R,435,R,16,R,5,R,173,R,0,R,28,R,627,R,59,R,0
2018,151351,10,R,289,R,156,R,133,R,0,R,37,R,17,R,10,R,0,R,131,R,10,R,10,R,74,R,0,R,43,R,204,R,42,R,0
2018,152080,05,R,2149,R,1130,R,1019,R,5,R,104,R,78,R,214,R,2,R,1515,R,85,R,23,R,123,Z,0,R,2127,R,22,Z,0,Z,0
2018,152080,07,R,1000,R,602,R,398,R,2,R,42,R,29,R,81,R,1,R,604,R,38,R,8,R,195,Z,0,R,363,R,565,R,72,Z,0
2018,152080,09,R,487,R,284,R,203,R,2,R,22,R,9,R,38,Z,0,R,297,R,19,R,10,R,90,Z,0,R,31,R,439,R,17,Z,0
2018,160472,01,R,4,R,1,R,3,R,0,R,0,R,2,R,1,R,0,R,1,R,0,R,0,R,0,R,0,R,1,R,2,R,1,R,0
2018,160472,02,R,9,R,0,R,9,R,0,R,0,R,2,R,1,R,0,R,6,R,0,R,0,R,0,R,1,R,3,R,5,R,0,R,0
2018,160755,03,R,43,R,13,R,30,R,0,R,0,R,14,R,4,R,1,R,18,R,4,R,2,R,0,R,0,R,8,R,21,R,14,R,0
2018,160755,05,R,1772,R,706,R,1066,R,4,R,69,R,91,R,107,R,4,R,1327,R,77,R,41,R,52,R,0,R,1613,R,115,R,44,R,0
2018,160755,07,R,1583,R,684,R,899,R,3,R,83,R,115,R,89,R,2,R,648,R,30,R,49,R,564,R,0,R,656,R,792,R,134,R,1
2018,160755,09,R,507,R,252,R,255,R,2,R,36,R,32,R,34,R,0,R,296,R,14,R,48,R,45,R,0,R,24,R,455,R,28,R,0
2018,160755,10,R,42,R,13,R,29,R,0,R,2,R,9,R,4,R,0,R,23,R,2,R,0,R,2,R,0,R,3,R,23,R,16,R,0
2018,162928,05,R,1515,R,770,R,745,R,1,R,379,R,72,R,201,R,1,R,600,R,83,R,23,R,155,R,0,R,1472,R,28,R,15,R,0
2018,162928,07,R,6035,R,2656,R,3379,R,9,R,580,R,419,R,360,R,4,R,2490,R,161,R,243,R,1769,R,0,R,1771,R,3780,R,484,R,0
2018,162928,09,R,753,R,330,R,423,R,1,R,105,R,44,R,42,R,1,R,342,R,17,R,18,R,183,R,0,R,1,R,671,R,81,R,0
2018,162928,10,R,690,R,227,R,463,R,6,R,67,R,46,R,37,R,0,R,337,R,15,R,27,R,155,R,0,R,107,R,452,R,131,R,0
2018,163286,02,R,47,R,15,R,32,R,0,R,2,R,10,R,2,R,0,R,31,R,2,R,0,R,0,R,0,R,42,R,3,R,2,R,0
2018,163286,05,R,7083,R,3675,R,3408,R,6,R,1118,R,826,R,720,R,5,R,3689,R,293,R,100,R,326,R,0,R,6111,R,920,R,52,R,0
2018,163286,07,R,2867,R,1448,R,1419,R,1,R,185,R,202,R,117,R,1,R,968,R,52,R,224,R,1117,R,0,R,574,R,2060,R,233,R,0
2018,163286,09,R,667,R,355,R,312,R,3,R,45,R,40,R,17,R,0,R,284,R,9,R,32,R,237,R,0,R,0,R,564,R,103,R,0
2018,163286,10,R,131,R,56,R,75,R,1,R,7,R,11,R,10,R,0,R,83,R,2,R,5,R,12,R,0,R,4,R,100,R,27,R,0
2018,164924,05,R,2376,R,1088,R,1288,R,1,R,215,R,74,R,214,R,1,R,1568,R,73,R,97,R,133,R,0,R,2322,R,46,R,8,R,0
2018,164924,07,R,1410,R,509,R,901,R,1,R,74,R,55,R,96,R,1,R,718,R,22,R,132,R,311,Z,0,R,466,R,867,R,77,Z,0
2018,164924,09,R,387,R,202,R,185,R,0,R,22,R,10,R,21,R,0,R,248,R,8,R,32,R,46,R,0,R,33,R,312,R,42,R,0
2018,164924,10,R,3,R,1,R,2,R,0,R,0,R,0,R,0,R,0,R,1,R,0,R,2,R,0,R,0,R,0,R,2,R,1,R,0
2018,164988,01,R,33,R,6,R,27,R,0,R,2,R,2,R,3,R,0,R,18,R,1,R,3,R,4,R,0,R,8,R,21,R,4,R,0
2018,164988,02,R,377,R,174,R,203,R,0,R,24,R,24,R,33,R,0,R,167,R,1,R,30,R,98,R,0,R,51,R,246,R,80,R,0
2018,164988,05,R,4345,R,1697,R,2648,R,5,R,630,R,156,R,458,R,4,R,1851,R,165,R,156,R,920,R,0,R,4106,R,198,R,41,R,0
2018,164988,07,R,4913,R,2010,R,2903,R,5,R,372,R,242,R,300,R,5,R,2044,R,86,R,312,R,1547,R,0,R,1144,R,3375,R,393,R,1
2018,164988,09,R,1100,R,479,R,621,R,1,R,120,R,24,R,69,R,0,R,510,R,24,R,121,R,231,R,0,R,49,R,962,R,89,R,0
2018,164988,10,R,105,R,43,R,62,R,1,R,11,R,2,R,6,R,0,R,26,R,0,R,17,R,42,R,0,R,5,R,83,R,17,R,0
2018,165015,05,R,910,R,408,R,502,R,1,R,132,R,41,R,45,R,1,R,433,R,23,R,24,R,210,R,0,R,883,R,27,R,0,R,0
2018,165015,07,R,787,R,326,R,461,R,3,R,40,R,39,R,28,R,0,R,311,R,10,R,40,R,316,R,0,R,280,R,427,R,80,R,0
2018,165015,09,R,81,R,37,R,44,R,0,R,5,R,1,R,5,R,0,R,29,R,0,R,15,R,26,R,0,R,0,R,73,R,8,R,0
2018,165015,10,R,28,R,7,R,21,R,0,R,0,R,0,R,3,R,0,R,22,R,0,R,1,R,2,R,0,R,5,R,11,R,12,R,0
2018,166027,03,R,4,R,2,R,2,R,0,R,1,R,0,R,0,R,0,R,3,R,0,R,0,R,0,R,0,R,0,R,3,R,1,R,0
2018,166027,05,R,1817,R,996,R,821,R,3,R,349,R,131,R,193,R,2,R,809,R,122,R,23,R,185,R,1,R,1661,R,118,R,37,R,0
2018,166027,07,R,4694,R,2283,R,2411,R,3,R,618,R,222,R,301,R,3,R,1817,R,111,R,109,R,1510,R,0,R,389,R,3845,R,460,R,0
2018,166027,09,R,1547,R,815,R,732,R,2,R,220,R,89,R,104,R,1,R,692,R,47,R,62,R,330,R,0,R,63,R,1436,R,48,R,0
2018,166027,10,R,91,R,36,R,55,R,0,R,18,R,1,R,6,R,1,R,56,R,2,R,5,R,2,R,0,R,13,R,77,R,1,R,0
2018,166629,01,R,364,R,108,R,256,R,0,R,34,R,20,R,29,R,0,R,242,R,17,R,15,R,7,R,0,R,333,R,19,R,12,R,0
2018,166629,03,R,44,R,31,R,13,R,0,R,0,R,1,R,2,R,0,R,39,R,0,R,2,R,0,R,0,R,38,R,5,R,1,R,0
2018,166629,05,R,6041,R,2965,R,3076,R,5,R,552,R,212,R,315,R,2,R,4209,R,156,R,356,R,234,R,0,R,5134,R,731,R,176,R,0
2018,166629,07,R,1487,R,771,R,716,R,1,R,105,R,57,R,56,R,0,R,864,R,25,R,82,R,297,R,0,R,309,R,915,R,263,R,0
2018,166629,09,R,355,R,143,R,212,R,1,R,14,R,22,R,18,R,0,R,164,R,9,R,18,R,109,R,0,R,0,R,275,R,80,R,0
2018,166629,10,R,87,R,37,R,50,R,0,R,5,R,11,R,5,R,0,R,37,R,1,R,10,R,18,R,0,R,3,R,59,R,25,R,0
2018,166683,05,R,1045,R,555,R,490,R,3,R,268,R,66,R,145,Z,0,R,386,R,63,R,11,R,103,Z,0,R,1016,R,26,R,3,Z,0
2018,166683,07,R,1707,R,1065,R,642,R,2,R,207,R,30,R,105,Z,0,R,518,R,40,R,65,R,740,Z,0,R,479,R,1086,R,142,Z,0
2018,166683,09,R,645,R,448,R,197,R,2,R,56,R,11,R,20,Z,0,R,232,R,14,R,34,R,276,Z,0,Z,0,R,638,R,7,Z,0
2018,167358,05,R,3938,R,1875,R,2063,R,2,R,457,R,110,R,282,R,0,R,1899,R,143,R,236,R,809,R,0,R,3770,R,167,R,1,R,0
2018,167358,07,R,2562,R,1406,R,1156,R,1,R,89,R,38,R,68,R,1,R,646,R,26,R,79,R,1614,R,0,R,1025,R,1484,R,53,R,0
2018,167358,09,R,576,R,226,R,350,R,1,R,109,R,20,R,24,R,0,R,235,R,13,R,64,R,110,R,0,R,193,R,359,R,24,R,0
2018,167358,10,R,22,R,1,R,21,R,0,R,0,R,3,R,1,R,0,R,18,R,0,R,0,R,0,R,0,R,2,R,19,R,1,R,0
2018,168148,02,R,7,R,2,R,5,R,0,R,0,R,0,R,0,R,0,R,1,R,0,R,3,R,3,R,0,R,2,R,3,R,2,R,0
2018,168148,05,R,1396,R,681,R,715,R,1,R,145,R,53,R,110,R,0,R,821,R,72,R,82,R,112,R,0,R,1343,R,48,R,5,R,0
2018,168148,07,R,1279,R,500,R,779,R,0,R,116,R,49,R,68,R,0,R,663,R,31,R,44,R,308,R,0,R,328,R,885,R,66,R,0
2018,168148,09,R,653,R,260,R,393,R,1,R,127,R,19,R,40,R,0,R,366,R,19,R,38,R,43,R,0,R,2,R,631,R,20,R,0
2018,168148,10,R,227,R,59,R,168,R,0,R,18,R,4,R,13,R,0,R,135,R,1,R,7,R,49,R,0,R,15,R,158,R,54,R,0
2018,168421,05,R,979,R,639,R,340,R,2,R,37,R,23,R,88,R,0,R,628,R,31,R,34,R,136,R,0,R,958,R,20,R,1,R,0
2018,168421,07,R,763,R,500,R,263,R,0,R,37,R,16,R,29,R,1,R,293,R,12,R,14,R,361,R,0,R,321,R,384,R,55,R,3
2018,168421,09,R,65,R,48,R,17,R,0,R,1,R,0,R,0,R,0,R,20,R,2,R,2,R,40,R,0,R,2,R,58,R,5,R,0
2018,168421,10,R,35,R,25,R,10,R,0,R,4,R,3,R,5,R,0,R,19,R,0,R,1,R,3,R,0,R,3,R,21,R,11,R,0
2018,170976,05,R,7297,R,3627,R,3670,R,13,R,986,R,266,R,331,R,2,R,4554,R,240,R,343,R,562,Z,0,R,6983,R,293,R,21,Z,0
2018,170976,07,R,4537,R,2312,R,2225,R,9,R,360,R,186,R,197,R,2,R,1879,R,96,R,183,R,1625,Z,0,R,1375,R,2984,R,178,Z,0
2018,170976,09,R,1543,R,850,R,693,R,5,R,151,R,56,R,70,R,1,R,833,R,38,R,69,R,320,Z,0,R,15,R,1478,R,50,Z,0
2018,170976,10,R,222,R,85,R,137,R,4,R,18,R,11,R,15,R,0,R,103,R,4,R,5,R,62,Z,0,R,45,R,170,R,7,Z,0
2018,171100,02,R,170,R,103,R,67,Z,0,R,1,Z,0,R,1,Z,0,R,162,R,1,R,4,R,1,Z,0,R,135,R,29,R,6,Z,0
2018,171100,05,R,8908,R,4267,R,4641,R,20,R,419,R,479,R,335,R,10,R,6139,R,234,R,78,R,1194,Z,0,R,8010,R,837,R,61,Z,0
2018,171100,07,R,2237,R,967,R,1270,R,10,R,65,R,134,R,78,R,1,R,1469,R,42,R,58,R,380,Z,0,R,461,R,1492,R,284,Z,0
2018,171100,09,R,1135,R,534,R,601,R,4,R,83,R,56,R,38,R,5,R,662,R,18,R,30,R,239,Z,0,R,6,R,1042,R,87,Z,0
2018,171100,10,R,168,R,63,R,105,Z,0,R,6,R,10,R,9,Z,0,R,123,R,2,R,2,R,16,Z,0,R,6,R,139,R,23,Z,0
2018,174066,01,R,231,R,65,R,166,R,2,R,33,R,32,R,12,R,0,R,122,R,4,R,6,R,20,R,0,R,192,R,28,R,11,R,0
2018,174066,02,R,22,R,8,R,14,R,0,R,2,R,0,R,2,R,0,R,15,R,0,R,2,R,1,R,0,R,17,R,5,R,0,R,0
2018,174066,05,R,7605,R,3603,R,4002,R,19,R,636,R,295,R,275,R,7,R,5249,R,268,R,28,R,828,R,1,R,6658,R,860,R,86,R,0
2018,174066,07,R,3327,R,1532,R,1795,R,11,R,162,R,129,R,105,R,0,R,1949,R,84,R,114,R,773,R,0,R,670,R,2356,R,300,R,1
2018,174066,09,R,1666,R,764,R,902,R,10,R,107,R,46,R,52,R,1,R,1032,R,25,R,85,R,308,R,0,R,51,R,1504,R,111,R,0
2018,174066,10,R,264,R,70,R,194,R,1,R,15,R,9,R,12,R,0,R,170,R,5,R,30,R,22,R,0,R,6,R,180,R,76,R,2
2018,179867,01,R,16,R,2,R,14,R,0,R,0,R,1,R,0,R,0,R,14,R,0,R,0,R,1,Z,0,R,2,R,7,R,7,Z,0
2018,179867,02,R,5,R,4,R,1,R,0,R,2,Z,0,R,1,Z,0,R,1,Z,0,Z,0,R,1,Z,0,R,5,Z,0,Z,0,Z,0
2018,179867,03,R,5,R,2,R,3,Z,0,Z,0,R,1,Z,0,Z,0,R,2,Z,0,R,2,Z,0,Z,0,Z,0,R,2,R,3,Z,0
2018,179867,05,R,1803,R,840,R,963,R,1,R,342,R,79,R,109,R,1,R,1014,R,85,R,39,R,133,R,0,R,1711,R,69,R,23,Z,0
2018,179867,07,R,2059,R,983,R,1076,R,10,R,124,R,122,R,78,R,2,R,749,R,25,R,74,R,875,R,0,R,574,R,1279,R,206,Z,0
2018,179867,09,R,707,R,361,R,346,R,6,R,76,R,35,R,36,Z,0,R,369,R,10,R,42,R,133,Z,0,R,6,R,689,R,12,Z,0
2018,179867,10,R,203,R,93,R,110,R,2,R,17,R,24,R,8,R,0,R,97,R,2,R,11,R,42,Z,0,R,35,R,156,R,12,Z,0
2018,182670,05,R,1145,R,570,R,575,R,25,R,161,R,86,R,110,R,2,R,578,R,54,R,38,R,91,R,0,R,1125,R,17,R,3,R,0
2018,182670,07,R,666,R,357,R,309,R,2,R,54,R,24,R,22,R,1,R,306,R,8,R,49,R,200,R,0,R,164,R,448,R,54,R,0
2018,182670,09,R,158,R,77,R,81,R,2,R,22,R,7,R,10,R,0,R,78,R,2,R,5,R,32,R,0,R,0,R,155,R,3,R,0
2018,185828,05,R,1616,R,1269,R,347,R,1,R,398,R,133,R,312,R,1,R,541,R,43,R,114,R,73,R,0,R,963,R,618,R,35,R,0
2018,185828,07,R,1068,R,760,R,308,R,0,R,112,R,62,R,60,R,0,R,170,R,4,R,54,R,606,R,0,R,203,R,797,R,68,R,0
2018,185828,09,R,73,R,58,R,15,R,0,R,2,R,1,R,1,R,0,R,8,R,2,R,6,R,53,R,0,R,0,R,70,R,3,R,0
2018,185828,10,R,45,R,34,R,11,R,0,R,5,R,9,R,10,R,0,R,14,R,0,R,3,R,4,R,0,R,4,R,30,R,11,R,0
2018,186131,05,R,1299,R,675,R,624,R,3,R,274,R,110,R,120,R,3,R,575,R,49,R,21,R,144,R,0,R,1280,R,18,R,1,Z,0
2018,186131,07,R,599,R,359,R,240,Z,0,R,49,R,19,R,32,Z,0,R,209,R,13,R,30,R,247,Z,0,R,174,R,419,R,6,Z,0
2018,186131,09,R,396,R,234,R,162,Z,0,R,27,R,13,R,13,Z,0,R,159,R,7,R,16,R,161,Z,0,Z,0,R,384,R,12,Z,0
2018,186371,05,R,1373,R,551,R,822,R,0,R,121,R,231,R,172,R,2,R,755,R,51,R,20,R,21,R,0,R,638,R,625,R,110,R,0
2018,186371,07,R,276,R,139,R,137,R,1,R,28,R,32,R,25,R,1,R,156,R,10,R,2,R,21,R,0,R,16,R,171,R,89,R,0
2018,186371,09,R,196,R,110,R,86,R,0,R,8,R,11,R,14,R,0,R,145,R,4,R,11,R,3,R,0,R,1,R,182,R,13,R,0
2018,186380,02,R,12,R,2,R,10,R,0,R,2,R,1,R,2,R,0,R,6,R,1,R,0,R,0,R,0,R,0,R,9,R,3,R,0
2018,186380,03,R,109,R,18,R,91,R,1,R,7,R,15,R,20,R,1,R,55,R,2,R,5,R,3,R,0,R,22,R,71,R,16,R,0
2018,186380,05,R,8570,R,4187,R,4383,R,6,R,2069,R,612,R,1080,R,23,R,3717,R,242,R,135,R,686,R,0,R,7049,R,1365,R,156,R,0
2018,186380,07,R,2914,R,1007,R,1907,R,4,R,332,R,333,R,271,R,1,R,1198,R,56,R,47,R,672,R,0,R,610,R,2014,R,290,R,0
2018,186380,09,R,1352,R,567,R,785,R,0,R,338,R,87,R,92,R,0,R,540,R,19,R,44,R,232,R,0,R,134,R,1082,R,136,R,0
2018,186380,10,R,63,R,24,R,39,R,0,R,6,R,8,R,6,R,0,R,21,R,2,R,14,R,6,R,0,R,12,R,48,R,3,R,0
2018,186399,05,R,1606,R,716,R,890,R,1,R,295,R,285,R,447,R,1,R,442,R,40,R,20,R,75,R,0,R,936,R,592,R,78,R,0
2018,186399,07,R,1221,R,663,R,558,R,1,R,176,R,138,R,115,R,4,R,347,R,11,R,63,R,366,R,0,R,147,R,873,R,201,R,0
2018,186399,09,R,291,R,161,R,130,R,0,R,26,R,26,R,33,R,3,R,138,R,6,R,16,R,43,R,0,R,0,R,264,R,27,R,0
2018,186867,05,R,687,R,475,R,212,R,1,R,63,R,16,R,54,R,0,R,481,R,0,R,42,R,30,R,0,R,672,R,14,R,1,R,0
2018,186867,07,R,1666,R,1176,R,490,R,0,R,100,R,18,R,15,R,0,R,323,R,0,R,168,R,1042,Z,0,R,768,R,797,R,98,R,3
2018,186867,09,R,52,R,30,R,22,R,0,R,1,R,0,R,0,R,0,R,8,R,0,R,7,R,36,R,0,R,0,R,47,R,5,R,0
2018,186867,10,R,452,R,325,R,127,R,1,R,29,R,9,R,4,R,0,R,114,R,0,R,98,R,197,R,0,R,169,R,215,R,68,R,0
2018,190415,05,R,3665,R,1774,R,1891,R,11,R,714,R,220,R,408,R,6,R,1574,R,161,R,232,R,339,R,0,R,3544,R,108,R,13,R,0
2018,190415,07,R,2719,R,1611,R,1108,R,2,R,287,R,52,R,113,R,2,R,747,R,41,R,147,R,1328,R,0,R,802,R,1776,R,141,R,0
2018,190415,09,R,835,R,454,R,381,R,2,R,57,R,26,R,66,R,1,R,354,R,14,R,55,R,260,R,0,R,10,R,793,R,32,R,0
2018,190415,10,R,15,R,5,R,10,R,0,R,4,R,1,R,0,R,0,R,6,R,0,R,4,R,0,R,0,R,11,R,4,R,0,R,0
2018,191241,05,R,2205,R,964,R,1241,R,3,R,206,R,83,R,284,R,2,R,1395,R,53,R,28,R,151,R,0,R,2047,R,122,R,36,R,0
2018,191241,07,R,2266,R,703,R,1563,R,2,R,97,R,235,R,260,R,5,R,772,R,36,R,46,R,813,R,0,R,792,R,1230,R,244,R,0
2018,191241,09,R,497,R,242,R,255,R,2,R,34,R,27,R,52,R,0,R,320,R,9,R,18,R,35,R,0,R,46,R,407,R,44,R,0
2018,191241,10,R,84,R,31,R,53,R,0,R,3,R,4,R,8,R,0,R,25,R,1,R,7,R,36,R,0,R,17,R,50,R,17,R,0
2018,193900,01,R,24,R,6,R,18,R,0,R,5,R,1,R,2,R,0,R,7,R,2,R,7,R,0,R,0,R,3,R,20,R,1,R,0
2018,193900,03,R,71,R,16,R,55,R,0,R,15,R,8,R,14,R,1,R,23,R,0,R,6,R,4,R,0,R,13,R,54,R,4,R,0
2018,193900,05,R,6319,R,2678,R,3641,R,7,R,1292,R,320,R,794,R,10,R,2210,R,279,R,323,R,1084,R,0,R,5795,R,471,R,53,R,0
2018,193900,07,R,8672,R,3835,R,4837,R,11,R,672,R,429,R,552,R,11,R,2403,R,149,R,566,R,3879,R,0,R,2494,R,5735,R,443,R,0
2018,193900,09,R,1449,R,721,R,728,R,1,R,254,R,55,R,96,R,2,R,646,R,40,R,60,R,295,R,0,R,70,R,1312,R,67,R,0
2018,193900,10,R,163,R,56,R,107,R,0,R,27,R,8,R,14,R,0,R,61,R,4,R,11,R,38,R,0,R,18,R,118,R,27,R,0
2018,194824,05,R,1414,R,944,R,470,R,1,R,154,R,49,R,92,R,1,R,812,R,113,R,23,R,169,R,0,R,1347,R,66,R,1,R,0
2018,194824,07,R,405,R,243,R,162,R,0,R,28,R,8,R,23,R,0,R,176,R,15,R,6,R,149,R,0,R,249,R,154,R,2,R,0
2018,194824,09,R,164,R,116,R,48,R,0,R,7,R,2,R,3,R,0,R,67,R,3,R,4,R,78,R,0,R,0,R,152,R,12,R,0
2018,195003,01,R,16,R,4,R,12,R,0,R,1,R,1,R,1,R,0,R,8,R,0,R,3,R,2,R,0,R,6,R,1,R,2,R,7
2018,195003,03,R,144,R,85,R,59,R,1,R,12,R,20,R,17,R,0,R,79,R,2,R,9,R,4,R,0,R,109,R,26,R,8,R,1
2018,195003,05,R,2467,R,1566,R,901,R,3,R,182,R,116,R,125,R,1,R,1697,R,68,R,116,R,159,R,0,R,2084,R,309,R,28,R,46
2018,195003,07,R,1159,R,688,R,471,R,2,R,32,R,16,R,30,R,0,R,378,R,8,R,60,R,633,R,0,R,304,R,575,R,51,R,229
2018,195003,09,R,31,R,26,R,5,R,0,R,0,R,0,R,1,R,0,R,10,R,0,R,0,R,20,R,0,R,0,R,30,R,1,R,0
2018,195003,10,R,124,R,57,R,67,R,0,R,1,R,3,R,5,R,0,R,28,R,1,R,4,R,82,R,0,R,21,R,54,R,9,R,40
2018,195030,01,R,61,R,22,R,39,R,0,R,0,R,1,R,3,R,0,R,53,R,2,R,2,R,0,R,0,R,9,R,39,R,13,R,0
2018,195030,05,R,1576,R,757,R,819,R,2,R,176,R,77,R,95,R,2,R,798,R,49,R,73,R,304,R,0,R,1398,R,156,R,22,R,0
2018,195030,07,R,1279,R,600,R,679,R,1,R,58,R,59,R,50,R,1,R,504,R,21,R,28,R,557,R,0,R,549,R,659,R,71,R,0
2018,195030,09,R,365,R,187,R,178,R,0,R,38,R,10,R,12,R,0,R,188,R,5,R,29,R,83,R,0,R,1,R,335,R,29,R,0
2018,195030,10,R,73,R,31,R,42,R,0,R,8,R,2,R,7,R,0,R,27,R,1,R,3,R,25,R,0,R,5,R,53,R,15,R,0
2018,196079,05,R,3284,R,1586,R,1698,R,3,R,464,R,164,R,339,R,5,R,1881,R,80,R,49,R,299,R,0,R,3000,R,270,R,14,R,0
2018,196079,07,R,1136,R,627,R,509,R,3,R,83,R,45,R,49,R,0,R,486,R,24,R,11,R,435,R,0,R,504,R,599,R,33,R,0
2018,196079,09,R,135,R,75,R,60,R,1,R,5,R,2,R,3,R,0,R,49,R,1,R,21,R,53,R,0,R,1,R,112,R,22,R,0
2018,196079,10,R,50,R,11,R,39,R,0,R,1,R,6,R,2,R,0,R,36,R,0,R,1,R,4,R,0,R,7,R,24,R,19,R,0
2018,196088,02,R,51,R,30,R,21,R,1,R,7,R,3,R,5,R,0,R,26,R,0,R,4,R,5,R,0,R,47,R,4,R,0,R,0
2018,196088,05,R,4627,R,2454,R,2173,R,12,R,640,R,293,R,295,R,9,R,2234,R,96,R,186,R,862,R,0,R,3751,R,835,R,41,R,0
2018,196088,07,R,2285,R,1135,R,1150,R,3,R,97,R,76,R,73,R,0,R,937,R,30,R,75,R,994,R,0,R,703,R,1504,R,78,R,0
2018,196088,09,R,957,R,457,R,500,R,4,R,104,R,23,R,38,R,0,R,516,R,14,R,48,R,210,R,0,R,44,R,847,R,66,R,0
2018,196088,10,R,165,R,56,R,109,R,0,R,7,R,8,R,9,R,0,R,108,R,4,R,6,R,23,R,0,R,37,R,104,R,24,R,0
2018,196097,05,R,4433,R,2275,R,2158,R,8,R,1010,R,278,R,535,R,5,R,1663,R,99,R,272,R,563,R,0,R,3696,R,674,R,63,R,0
2018,196097,07,R,1950,R,744,R,1206,Z,0,R,192,R,128,R,147,R,1,R,822,R,27,R,180,R,453,R,0,R,578,R,1124,R,248,R,0
2018,196097,09,R,584,R,301,R,283,Z,0,R,96,R,18,R,28,Z,0,R,233,R,4,R,46,R,159,R,0,R,18,R,534,R,32,R,0
2018,196097,10,R,290,R,84,R,206,R,1,R,13,R,23,R,19,Z,0,R,148,R,6,R,66,R,14,R,0,R,11,R,158,R,121,R,0
2018,196413,01,R,5,R,1,R,4,R,0,R,0,R,0,R,0,R,0,R,4,R,0,R,0,R,1,R,0,R,2,R,3,R,0,R,0
2018,196413,03,R,3,R,1,R,2,R,0,R,0,R,0,R,0,R,0,R,3,R,0,R,0,R,0,R,0,R,1,R,0,R,2,R,0
2018,196413,05,R,3376,R,1477,R,1899,R,27,R,246,R,277,R,351,R,4,R,1952,R,103,R,49,R,367,R,0,R,3106,R,235,R,35,R,0
2018,196413,07,R,2235,R,1066,R,1169,R,6,R,71,R,162,R,136,R,3,R,918,R,55,R,46,R,838,R,0,R,583,R,1435,R,217,R,0
2018,196413,09,R,337,R,182,R,155,R,0,R,7,R,20,R,24,R,2,R,186,R,10,R,11,R,77,R,0,R,30,R,283,R,24,R,0
2018,196413,10,R,496,R,227,R,269,R,0,R,10,R,26,R,20,R,0,R,189,R,16,R,21,R,214,R,0,R,101,R,332,R,63,R,0
2018,197708,03,R,487,R,285,R,202,R,1,Z,0,Z,0,R,4,Z,0,R,455,R,3,R,2,R,22,Z,0,R,472,R,14,R,1,Z,0
2018,197708,05,R,577,R,315,R,262,R,1,Z,0,Z,0,R,5,Z,0,R,534,R,3,R,5,R,29,Z,0,R,539,R,33,R,5,Z,0
2018,197708,07,R,408,R,140,R,268,Z,0,R,6,R,21,R,15,R,1,R,132,R,1,R,117,R,115,Z,0,R,118,R,254,R,33,R,3
2018,197708,09,R,532,R,238,R,294,Z,0,R,75,R,21,R,32,Z,0,R,263,R,6,R,98,R,37,Z,0,R,43,R,481,R,8,Z,0
2018,197708,10,R,10,R,2,R,8,Z,0,Z,0,Z,0,R,2,Z,0,R,1,Z,0,R,3,R,4,Z,0,R,3,R,7,Z,0,Z,0
2018,198419,05,R,1856,R,874,R,982,R,13,R,386,R,167,R,156,R,4,R,850,R,20,R,82,R,178,Z,0,R,1706,R,136,R,14,Z,0
2018,198419,07,R,2691,R,1348,R,1343,R,9,R,213,R,110,R,128,R,1,R,1045,R,36,R,242,R,907,Z,0,R,434,R,1973,R,283,R,1
2018,198419,09,R,997,R,502,R,495,R,3,R,77,R,53,R,39,R,2,R,497,R,18,R,126,R,182,Z,0,R,7,R,924,R,55,R,11
2018,198419,10,R,57,R,7,R,50,R,0,R,4,R,6,R,4,R,0,R,22,Z,0,R,20,R,1,Z,0,R,2,R,25,R,30,Z,0
2018,199120,02,R,7,R,0,R,7,R,0,R,0,R,0,R,0,R,0,R,7,R,0,R,0,R,0,R,0,R,5,R,2,R,0,R,0
2018,199120,05,R,4628,R,1905,R,2723,R,16,R,487,R,376,R,366,R,2,R,2919,R,203,R,129,R,130,R,1,R,4352,R,251,R,24,R,0
2018,199120,07,R,2153,R,991,R,1162,R,1,R,125,R,177,R,113,R,4,R,1287,R,72,R,93,R,281,R,0,R,330,R,1571,R,252,R,0
2018,199120,09,R,1208,R,525,R,683,R,4,R,108,R,102,R,55,R,4,R,779,R,43,R,41,R,72,R,0,R,107,R,1038,R,63,R,0
2018,199193,03,R,114,R,86,R,28,R,1,R,1,R,2,R,2,R,0,R,96,R,1,R,11,R,0,R,0,R,103,R,10,R,1,R,0
2018,199193,05,R,5428,R,2876,R,2552,R,16,R,352,R,284,R,257,R,4,R,3788,R,190,R,394,R,143,R,1,R,4891,R,481,R,55,R,0
2018,199193,07,R,2654,R,1451,R,1203,R,3,R,122,R,142,R,108,R,1,R,1156,R,35,R,270,R,817,R,0,R,999,R,1462,R,193,R,0
2018,199193,09,R,631,R,328,R,303,R,1,R,12,R,20,R,27,R,0,R,273,R,5,R,131,R,162,R,0,R,6,R,548,R,77,R,0
2018,199847,05,R,1194,R,549,R,645,R,1,R,63,R,67,R,92,R,1,R,827,R,29,R,5,R,109,Z,0,R,1184,R,9,R,1,Z,0
2018,199847,07,R,892,R,390,R,502,R,3,R,29,R,92,R,41,R,0,R,587,R,17,R,5,R,118,R,0,R,378,R,445,R,69,R,0
2018,199847,09,R,295,R,163,R,132,R,3,R,19,R,21,R,16,Z,0,R,202,R,2,R,14,R,18,Z,0,R,25,R,267,R,3,Z,0
2018,199847,10,R,4,Z,0,R,4,Z,0,Z,0,Z,0,R,1,Z,0,R,2,Z,0,R,1,Z,0,Z,0,Z,0,R,3,R,1,Z,0
2018,201645,05,R,1143,R,624,R,519,R,1,R,238,R,47,R,68,R,0,R,590,R,48,R,31,R,120,R,0,R,1109,R,33,R,1,R,0
2018,201645,07,R,1598,R,669,R,929,R,1,R,114,R,133,R,58,R,2,R,706,R,30,R,73,R,481,R,0,R,634,R,828,R,136,R,0
2018,201645,09,R,658,R,331,R,327,R,0,R,98,R,38,R,19,R,0,R,355,R,6,R,38,R,104,R,0,R,22,R,562,R,74,R,0
2018,201645,10,R,14,R,3,R,11,R,0,R,2,R,1,R,1,R,0,R,10,R,0,R,0,R,0,R,0,R,0,R,12,R,2,R,0
2018,204796,02,R,5,R,2,R,3,Z,0,Z,0,Z,0,Z,0,Z,0,R,5,Z,0,Z,0,Z,0,Z,0,R,5,Z,0,Z,0,Z,0
2018,204796,03,R,1,Z,0,R,1,Z,0,Z,0,Z,0,Z,0,Z,0,R,1,Z,0,Z,0,Z,0,Z,0,R,1,Z,0,Z,0,Z,0
2018,204796,05,R,10761,R,5402,R,5359,R,8,R,642,R,526,R,404,R,5,R,7733,R,323,R,274,R,846,Z,0,R,9535,R,1092,R,134,Z,0
2018,204796,07,R,2732,R,1176,R,1556,R,1,R,119,R,144,R,94,Z,0,R,1678,R,64,R,54,R,578,Z,0,R,828,R,1713,R,191,Z,0
2018,204796,09,R,1662,R,778,R,884,R,2,R,117,R,62,R,68,R,1,R,1013,R,41,R,51,R,307,Z,0,R,62,R,1519,R,81,Z,0
2018,204796,10,R,6,R,1,R,5,Z,0,Z,0,Z,0,Z,0,Z,0,R,6,Z,0,Z,0,Z,0,Z,0,R,2,Z,0,R,4,Z,0
2018,211440,05,R,1435,R,787,R,648,R,2,R,457,R,55,R,109,R,1,R,433,R,65,R,63,R,250,R,0,R,1396,R,39,R,0,R,0
2018,211440,07,R,3316,R,1996,R,1320,R,0,R,231,R,52,R,62,R,0,R,624,R,37,R,107,R,2203,R,0,R,1511,R,1738,R,67,R,0
2018,211440,09,R,322,R,232,R,90,R,0,R,16,R,5,R,3,R,0,R,91,R,7,R,23,R,177,R,0,R,0,R,310,R,12,R,0
2018,211440,10,R,54,R,21,R,33,R,1,R,8,R,2,R,4,R,0,R,23,R,4,R,0,R,12,Z,0,Z,0,Z,0,Z,0,R,54
2018,212054,02,R,139,R,20,R,119,R,0,R,10,R,23,R,10,R,0,R,78,R,2,R,10,R,6,R,0,R,44,R,52,R,43,Z,0
2018,212054,05,R,3422,R,1680,R,1742,R,6,R,485,R,259,R,195,R,20,R,1856,R,115,R,57,R,429,R,0,R,2443,R,790,R,189,Z,0
2018,212054,07,R,2278,R,849,R,1429,R,1,R,165,R,245,R,106,R,5,R,1117,R,44,R,191,R,404,R,0,R,411,R,1527,R,340,Z,0
2018,212054,09,R,694,R,304,R,390,R,1,R,113,R,42,R,32,R,3,R,400,R,18,R,20,R,65,R,0,R,10,R,602,R,82,Z,0
2018,212054,10,R,221,R,65,R,156,R,0,R,17,R,29,R,6,R,1,R,125,R,6,R,20,R,17,R,0,R,30,R,111,R,80,Z,0
2018,213543,05,R,1232,R,665,R,567,R,3,R,122,R,40,R,84,R,0,R,847,R,23,R,21,R,92,R,0,R,1221,R,11,R,0,R,0
2018,213543,07,R,648,R,358,R,290,R,0,R,27,R,15,R,30,R,0,R,313,R,5,R,18,R,240,R,0,R,337,R,266,R,45,R,0
2018,213543,09,R,113,R,72,R,41,R,0,R,2,R,1,R,1,R,1,R,35,R,0,R,25,R,48,R,0,R,0,R,105,R,8,R,0
2018,213543,10,R,8,R,2,R,6,R,0,R,0,R,0,R,0,R,0,R,3,R,0,R,1,R,4,R,0,R,4,R,4,R,0,R,0
2018,214777,01,R,340,R,159,R,181,R,0,R,13,R,12,R,24,R,0,R,238,R,10,R,7,R,36,R,0,R,332,R,8,R,0,R,0
2018,214777,02,R,40,R,31,R,9,R,0,R,2,R,1,R,2,R,0,R,28,R,1,R,2,R,4,R,0,R,37,R,3,R,0,R,0
2018,214777,03,R,7,R,6,R,1,R,0,R,0,R,0,R,0,R,0,R,7,R,0,R,0,R,0,R,0,R,6,R,0,R,1,R,0
2018,214777,05,R,10720,R,5651,R,5069,R,6,R,720,R,403,R,588,R,6,R,7157,R,296,R,193,R,1351,R,1,R,10328,R,376,R,15,R,0
2018,214777,07,R,1358,R,702,R,656,R,0,R,45,R,38,R,53,R,3,R,647,R,56,R,40,R,476,R,0,R,638,R,676,R,44,R,0
2018,214777,09,R,792,R,436,R,356,R,1,R,30,R,23,R,38,R,0,R,340,R,15,R,33,R,312,R,0,R,20,R,734,R,38,R,0
2018,214777,10,R,19,R,4,R,15,R,0,R,0,R,1,R,1,R,0,R,11,R,2,R,0,R,4,R,0,R,0,R,15,R,4,R,0
2018,215062,05,R,2622,R,1251,R,1371,R,3,R,526,R,169,R,243,R,0,R,1249,R,125,R,31,R,276,R,0,R,2300,R,299,R,23,R,0
2018,215062,07,R,3814,R,1692,R,2122,R,4,R,503,R,196,R,191,R,3,R,1510,R,78,R,71,R,1258,R,0,R,308,R,3230,R,276,R,0
2018,215062,09,R,1214,R,590,R,624,R,2,R,165,R,61,R,74,R,0,R,662,R,36,R,17,R,197,R,0,R,2,R,1104,R,108,R,0
2018,215062,10,R,125,R,55,R,70,R,0,R,13,R,3,R,3,R,0,R,57,R,1,R,1,R,47,R,0,R,1,R,105,R,19,R,0
2018,215293,01,R,911,R,321,R,590,R,1,R,109,R,51,R,34,R,0,R,667,R,38,R,2,R,9,R,0,R,850,R,54,R,7,Z,0
2018,215293,03,R,33,R,0,R,33,R,0,R,1,R,2,R,1,R,0,R,28,R,1,R,0,R,0,R,0,R,20,R,13,R,0,Z,0
2018,215293,05,R,4530,R,2142,R,2388,R,3,R,434,R,202,R,151,R,3,R,3396,R,154,R,43,R,144,R,0,R,4171,R,321,R,38,Z,0
2018,215293,07,R,2086,R,842,R,1244,R,0,R,73,R,63,R,59,R,1,R,1125,R,31,R,111,R,623,R,0,R,777,R,1202,R,107,Z,0
2018,215293,09,R,1040,R,487,R,553,R,0,R,127,R,44,R,35,R,0,R,575,R,21,R,60,R,178,R,0,R,114,R,851,R,75,Z,0
2018,215293,10,R,327,R,90,R,237,R,0,R,12,R,15,R,17,R,1,R,208,R,8,R,33,R,33,R,0,R,77,R,214,R,36,Z,0
2018,216597,01,R,1,R,1,Z,0,Z,0,Z,0,Z,0,Z,0,Z,0,Z,0,Z,0,R,1,Z,0,Z,0,Z,0,R,1,Z,0,Z,0
2018,216597,05,R,1749,R,783,R,966,R,1,R,132,R,76,R,133,Z,0,R,1317,R,40,R,24,R,26,Z,0,R,1604,R,105,R,40,Z,0
2018,216597,07,R,1199,R,602,R,597,R,2,R,48,R,77,R,61,R,2,R,771,R,22,R,149,R,67,R,0,R,161,R,830,R,208,Z,0
2018,216597,09,R,200,R,95,R,105,R,0,R,6,R,11,R,5,R,0,R,149,R,11,R,10,R,8,Z,0,R,14,R,163,R,23,Z,0
2018,216597,10,R,135,R,70,R,65,Z,0,R,3,R,14,R,8,Z,0,R,83,R,1,R,11,R,15,Z,0,R,13,R,90,R,32,Z,0
2018,217156,05,R,1696,R,839,R,857,R,6,R,227,R,107,R,187,R,3,R,780,R,105,R,79,R,202,R,0,R,1659,R,37,R,0,R,0
2018,217156,07,R,715,R,369,R,346,R,0,R,43,R,35,R,52,R,0,R,258,R,17,R,62,R,248,R,0,R,292,R,364,R,59,R,0
2018,217156,09,R,328,R,189,R,139,R,1,R,51,R,24,R,24,R,0,R,127,R,4,R,23,R,74,R,0,R,2,R,321,R,5,R,0
2018,217882,01,R,251,R,143,R,108,R,1,R,7,R,13,R,6,R,0,R,211,R,11,R,1,R,1,R,0,R,241,R,10,R,0,R,0
2018,217882,02,R,2,R,0,R,2,R,0,R,0,R,1,R,0,R,0,R,1,R,0,R,0,R,0,R,0,R,2,R,0,R,0,R,0
2018,217882,05,R,4450,R,2197,R,2253,R,10,R,85,R,237,R,126,R,2,R,3822,R,109,R,21,R,38,R,0,R,4157,R,271,R,22,R,0
2018,217882,07,R,1392,R,718,R,674,R,4,R,23,R,74,R,47,R,2,R,887,R,23,R,19,R,313,R,0,R,457,R,798,R,137,R,0
2018,217882,09,R,232,R,142,R,90,R,0,R,1,R,5,R,3,R,0,R,81,R,4,R,7,R,131,R,0,R,0,R,216,R,16,R,0
2018,217882,10,R,147,R,45,R,102,R,0,R,2,R,22,R,5,R,1,R,96,R,2,R,1,R,18,R,0,R,36,R,80,R,31,R,0
2018,217925,03,R,12,R,11,R,1,R,0,R,0,R,2,R,0,R,0,R,9,R,1,R,0,R,0,R,0,R,1,R,3,R,8,R,0
2018,217925,05,R,134,R,74,R,60,R,0,R,2,R,10,R,8,R,0,R,93,R,2,R,4,R,15,R,0,R,96,R,29,R,9,R,0
2018,217925,07,R,148,R,83,R,65,R,0,R,6,R,16,R,5,R,0,R,90,R,2,R,2,R,27,R,0,R,26,R,63,R,59,R,0
2018,217925,09,R,8,R,5,R,3,R,0,R,0,R,0,R,0,R,0,R,7,R,0,R,0,R,1,R,0,R,0,R,1,R,7,R,0
2018,217925,10,R,9,R,6,R,3,R,0,R,0,R,1,R,0,R,0,R,4,R,0,R,0,R,4,R,0,R,1,R,6,R,2,R,0
2018,221999,05,R,1716,R,840,R,876,R,7,R,223,R,151,R,147,R,2,R,940,R,70,R,54,R,122,R,0,R,1708,R,8,R,0,R,0
2018,221999,07,R,1476,R,527,R,949,R,1,R,54,R,79,R,65,R,1,R,952,R,51,R,12,R,261,R,0,R,464,R,929,R,83,R,0
2018,221999,09,R,660,R,290,R,370,R,2,R,42,R,43,R,37,R,1,R,408,R,13,R,33,R,81,R,0,R,26,R,586,R,48,R,0
2018,221999,10,R,32,R,6,R,26,R,0,R,0,R,1,R,3,R,0,R,28,R,0,R,0,R,0,R,0,R,0,R,15,R,17,R,0
2018,223232,05,R,3367,R,1364,R,2003,R,18,R,219,R,209,R,436,R,1,R,2189,R,161,R,13,R,121,R,0,R,3073,R,277,R,17,R,0
2018,223232,07,R,804,R,388,R,416,R,4,R,34,R,46,R,79,R,0,R,533,R,42,R,12,R,54,R,0,R,210,R,522,R,72,R,0
2018,223232,09,R,284,R,151,R,133,R,3,R,13,R,8,R,26,R,0,R,193,R,9,R,9,R,23,R,0,R,2,R,255,R,27,R,0
2018,223232,10,R,9,R,1,R,8,R,0,R,0,R,0,R,2,R,0,R,6,R,0,R,1,R,0,R,0,R,0,R,9,R,0,R,0
2018,227757,05,R,967,R,520,R,447,R,1,R,250,R,65,R,121,R,1,R,361,R,38,R,12,R,118,R,0,R,942,R,25,R,0,R,0
2018,227757,07,R,872,R,595,R,277,R,3,R,85,R,18,R,53,R,0,R,330,R,33,R,29,R,321,R,0,R,239,R,568,R,65,R,0
2018,227757,09,R,207,R,139,R,68,R,0,R,13,R,1,R,11,R,0,R,73,R,1,R,14,R,94,R,0,R,1,R,197,R,9,R,0
2018,228246,05,R,1612,R,771,R,841,R,3,R,97,R,80,R,177,R,1,R,1058,R,61,Z,0,R,135,Z,0,R,1490,R,114,R,8,Z,0
2018,228246,07,R,1879,R,971,R,908,R,4,R,136,R,137,R,169,R,2,R,847,R,24,R,17,R,543,Z,0,R,553,R,1087,R,239,Z,0
2018,228246,09,R,349,R,191,R,158,Z,0,R,18,R,15,R,33,Z,0,R,219,R,2,R,2,R,60,Z,0,R,32,R,274,R,43,Z,0
2018,228246,10,R,62,R,42,R,20,Z,0,R,6,R,2,R,8,Z,0,R,29,Z,0,R,1,R,16,Z,0,R,20,R,36,R,6,Z,0
2018,228723,01,R,421,R,135,R,286,R,1,R,26,R,8,R,81,R,0,R,292,R,9,R,0,R,4,R,0,R,399,R,19,R,3,R,0
2018,228723,05,R,12423,R,5991,R,6432,R,40,R,731,R,324,R,2610,R,12,R,8127,R,377,R,31,R,171,R,0,R,11471,R,903,R,49,R,0
2018,228723,07,R,3385,R,1837,R,1548,R,6,R,158,R,105,R,390,R,3,R,1668,R,55,R,54,R,946,R,0,R,1147,R,2025,R,213,R,0
2018,228723,09,R,1422,R,762,R,660,R,3,R,167,R,72,R,164,R,2,R,609,R,20,R,28,R,357,R,0,R,11,R,1296,R,115,R,0
2018,228723,10,R,294,R,143,R,151,R,0,R,21,R,16,R,29,R,0,R,176,R,5,R,3,R,44,R,0,R,54,R,200,R,40,R,0
2018,228778,01,R,1535,R,695,R,840,R,0,R,408,R,50,R,319,R,0,R,636,R,55,R,15,R,52,Z,0,R,1472,R,57,R,6,Z,0
2018,228778,05,R,9420,R,4390,R,5030,R,8,R,1940,R,347,R,1984,R,20,R,4281,R,354,R,86,R,400,R,1,R,8683,R,685,R,51,Z,0
2018,228778,07,R,3035,R,1558,R,1477,R,5,R,277,R,97,R,357,R,5,R,1427,R,70,R,72,R,725,Z,0,R,909,R,1976,R,150,Z,0
2018,228778,09,R,1260,R,682,R,578,R,2,R,104,R,48,R,129,R,0,R,589,R,29,R,41,R,318,Z,0,R,66,R,1093,R,101,Z,0
2018,228778,10,R,16,R,5,R,11,R,0,R,1,R,0,R,1,R,0,R,9,R,2,R,0,R,3,Z,0,Z,0,R,15,R,1,Z,0
2018,228875,02,R,19,R,13,R,6,R,0,R,0,R,0,R,0,R,0,R,8,R,0,R,8,R,3,R,0,R,9,R,10,R,0,R,0
2018,228875,05,R,2000,R,754,R,1246,R,16,R,68,R,91,R,253,R,5,R,1439,R,10,R,30,R,88,R,0,R,1847,R,145,R,8,R,0
2018,228875,07,R,466,R,204,R,262,R,2,R,9,R,24,R,54,R,1,R,300,R,11,R,30,R,35,R,0,R,175,R,244,R,46,R,1
2018,228875,09,R,104,R,38,R,66,R,0,R,7,R,3,R,6,R,0,R,73,R,3,R,8,R,4,R,0,R,0,R,80,R,24,R,0
2018,228875,10,R,34,R,21,R,13,R,0,R,0,R,0,R,4,R,0,R,10,R,0,R,7,R,13,R,0,R,4,R,19,R,11,R,0
2018,231624,05,R,1558,R,655,R,903,R,5,R,140,R,116,R,129,R,0,R,941,R,64,R,61,R,102,R,0,R,1503,R,52,R,3,R,0
2018,231624,07,R,776,R,401,R,375,R,1,R,36,R,48,R,38,R,0,R,472,R,22,R,28,R,131,R,0,R,281,R,407,R,88,R,0
2018,231624,09,R,281,R,129,R,152,R,0,R,11,R,21,R,11,R,0,R,188,R,10,R,11,R,29,R,0,R,21,R,238,R,22,R,0
2018,231624,10,R,7,R,0,R,7,R,0,R,0,R,0,R,1,R,0,R,6,R,0,R,0,R,0,R,0,R,3,R,3,R,1,R,0
2018,234076,01,R,7,R,3,R,4,R,0,R,0,R,1,R,0,R,0,R,4,R,2,R,0,R,0,R,0,R,0,R,3,R,4,R,0
2018,234076,02,R,16,R,5,R,11,R,0,R,1,R,0,R,0,R,0,R,15,R,0,R,0,R,0,R,0,R,0,R,10,R,6,R,0
2018,234076,05,R,4178,R,1867,R,2311,R,2,R,543,R,245,R,296,R,2,R,2569,R,207,R,172,R,142,R,1,R,3977,R,152,R,48,R,0
2018,234076,07,R,1973,R,936,R,1037,R,1,R,130,R,107,R,82,R,0,R,1135,R,54,R,37,R,427,R,0,R,720,R,1134,R,119,R,0
2018,234076,09,R,815,R,419,R,396,R,0,R,63,R,40,R,43,R,1,R,474,R,29,R,72,R,93,R,0,R,41,R,729,R,45,R,0
2018,234076,10,R,121,R,51,R,70,R,0,R,5,R,10,R,11,R,0,R,90,R,3,R,1,R,1,R,0,R,13,R,59,R,49,R,0
2018,236948,05,R,7701,R,3523,R,4178,R,27,R,1829,R,214,R,537,R,29,R,3411,R,495,R,147,R,1012,R,0,R,6558,R,1017,R,125,R,1
2018,236948,07,R,3906,R,1811,R,2095,R,16,R,444,R,102,R,247,R,8,R,2025,R,155,R,71,R,838,R,0,R,765,R,2805,R,336,R,0
2018,236948,09,R,1371,R,655,R,716,R,10,R,175,R,33,R,73,R,1,R,826,R,48,R,54,R,151,R,0,R,27,R,1204,R,140,R,0
2018,236948,10,R,14,R,1,R,13,R,0,R,3,R,0,R,1,R,0,R,6,R,1,R,0,R,3,R,0,R,0,R,14,R,0,R,0
2018,239105,05,R,1881,R,875,R,1006,R,4,R,94,R,60,R,156,R,0,R,1435,R,71,R,6,R,55,R,0,R,1835,R,42,R,4,R,0
2018,239105,07,R,621,R,248,R,373,R,1,R,17,R,19,R,22,R,1,R,418,R,7,R,70,R,66,R,0,R,203,R,378,R,40,R,0
2018,239105,09,R,403,R,204,R,199,R,0,R,21,R,10,R,28,R,0,R,297,R,12,R,14,R,21,R,0,R,71,R,308,R,24,R,0
2018,239105,10,R,19,R,1,R,18,R,0,R,1,R,0,R,0,R,0,R,15,R,0,R,1,R,2,R,0,R,0,R,18,R,1,R,0
2018,240444,01,R,2127,R,750,R,1377,R,3,R,127,R,47,R,131,R,1,R,1613,R,78,R,11,R,116,R,0,R,2080,R,40,R,7,R,0
2018,240444,05,R,7188,R,3415,R,3773,R,9,R,386,R,144,R,345,R,6,R,5468,R,223,R,32,R,575,R,0,R,6775,R,370,R,43,R,0
2018,240444,07,R,2238,R,1084,R,1154,R,5,R,88,R,39,R,108,R,0,R,1317,R,40,R,52,R,589,R,0,R,807,R,1311,R,120,R,0
2018,240444,09,R,1480,R,731,R,749,R,2,R,72,R,46,R,69,R,0,R,930,R,30,R,75,R,256,R,0,R,85,R,1330,R,65,R,0
2018,240444,10,R,197,R,111,R,86,R,0,R,15,R,3,R,5,R,0,R,137,R,2,R,2,R,33,R,0,R,41,R,145,R,11,R,0
2018,243744,05,R,1675,R,872,R,803,R,22,R,344,R,106,R,272,R,6,R,622,R,176,R,5,R,122,R,0,R,1608,R,64,R,3,R,0
2018,243744,07,R,2371,R,1461,R,910,R,2,R,390,R,60,R,163,R,2,R,763,R,100,R,24,R,867,R,0,R,966,R,1350,R,55,R,0
2018,243744,09,R,994,R,604,R,390,R,1,R,136,R,25,R,66,R,1,R,460,R,48,R,7,R,250,R,0,R,20,R,953,R,21,R,0
2018,243744,10,R,3,R,1,R,2,R,0,R,0,R,0,R,0,R,0,R,0,R,0,R,0,R,3,R,0,R,1,R,1,R,1,R,0
2018,243780,01,R,502,R,322,R,180,R,0,R,44,R,20,R,37,R,0,R,317,R,12,R,9,R,63,R,0,R,466,R,23,R,13,R,0
2018,243780,03,R,43,R,16,R,27,R,0,R,0,R,2,R,1,R,0,R,40,R,0,R,0,R,0,R,0,R,23,R,14,R,6,R,0
2018,243780,05,R,6602,R,3830,R,2772,R,9,R,417,R,180,R,299,R,4,R,4223,R,139,R,100,R,1231,R,0,R,6155,R,403,R,44,R,0
2018,243780,07,R,2262,R,1233,R,1029,R,7,R,90,R,81,R,90,R,1,R,1075,R,40,R,24,R,854,R,0,R,651,R,1373,R,238,R,0
2018,243780,09,R,978,R,531,R,447,R,1,R,59,R,31,R,25,R,1,R,432,R,11,R,19,R,399,R,0,R,84,R,833,R,61,R,0
2018,243780,10,R,314,R,78,R,236,R,1,R,8,R,29,R,18,R,0,R,206,R,8,R,5,R,39,R,0,R,24,R,199,R,91,R,0
2018,445188,05,R,1319,R,625,R,694,R,5,R,311,R,61,R,617,R,11,R,160,R,56,R,13,R,85,R,0,R,1261,R,56,R,2,R,0
2018,445188,07,R,48,R,23,R,25,R,0,R,5,R,3,R,14,R,0,R,13,R,4,R,0,R,9,R,0,R,9,R,35,R,4,R,0
2018,445188,09,R,53,R,28,R,25,R,0,R,5,R,0,R,4,R,1,R,24,R,3,R,2,R,14,R,0,R,0,R,46,R,7,R,0
2019,100858,01,R,2,Z,0,R,2,Z,0,Z,0,Z,0,Z,0,Z,0,R,2,Z,0,Z,0,Z,0,Z,0,R,1,R,1,Z,0,Z,0
2019,100858,05,R,5156,R,2450,R,2706,R,17,R,138,R,311,R,171,R,1,R,4305,R,50,R,22,R,141,Z,0,R,4784,R,350,R,22,Z,0
2019,100858,07,R,1328,R,622,R,706,R,3,R,19,R,92,R,49,R,1,R,827,R,29,R,5,R,303,Z,0,R,448,R,743,R,137,Z,0
2019,100858,09,R,521,R,221,R,300,R,3,R,15,R,31,R,13,R,1,R,340,R,1,R,2,R,115,Z,0,R,17,R,463,R,41,Z,0
2019,100858,10,R,255,R,133,R,122,R,1,R,6,R,25,R,13,R,1,R,154,R,3,R,1,R,51,Z,0,R,39,R,151,R,65,Z,0
2019,110404,05,R,241,R,133,R,108,R,0,R,114,R,3,R,22,R,0,R,75,R,10,R,0,R,17,R,0,R,234,R,7,R,0,R,0
2019,110404,07,R,139,R,88,R,51,R,1,R,13,R,0,R,7,R,0,R,48,R,6,R,0,R,64,R,0,R,58,R,81,R,0,R,0
2019,110404,09,R,207,R,159,R,48,R,0,R,29,R,2,R,4,R,0,R,80,R,3,R,0,R,89,R,0,R,2,R,205,R,0,R,0
2019,110635,05,R,8506,R,4132,R,4374,R,13,R,2886,R,152,R,1263,R,8,R,2157,R,478,R,337,R,1212,R,2,R,7437,R,986,R,81,R,0
2019,110635,07,R,3238,R,1800,R,1438,R,6,R,481,R,68,R,189,R,4,R,863,R,67,R,194,R,1366,R,0,R,874,R,2186,R,178,R,0
2019,110635,09,R,1272,R,694,R,578,R,2,R,150,R,39,R,108,R,1,R,550,R,82,R,108,R,232,R,0,R,23,R,1185,R,64,R,0
2019,110635,10,R,152,R,47,R,105,R,1,R,24,R,5,R,25,R,0,R,53,R,9,R,13,R,22,R,0,R,29,R,115,R,8,R,0
2019,110644,05,R,7773,R,3121,R,4652,R,18,R,2280,R,184,R,1511,R,38,R,2082,R,411,R,143,R,1106,R,0,R,6625,R,1102,R,45,R,1
2019,110644,07,R,1288,R,513,R,775,R,1,R,193,R,26,R,137,R,2,R,476,R,55,R,49,R,349,R,0,R,385,R,830,R,73,R,0
2019,110644,09,R,929,R,410,R,519,R,0,R,131,R,19,R,96,R,1,R,410,R,44,R,54,R,174,R,0,R,15,R,855,R,59,R,0
2019,110644,10,R,11,R,0,R,11,R,0,R,1,R,0,R,3,R,0,R,5,R,0,R,0,R,2,R,0,R,0,R,7,R,4,R,0
2019,110653,05,R,7549,R,3449,R,4100,R,7,R,2679,R,137,R,1911,R,28,R,1166,R,265,R,91,R,1265,R,0,R,6646,R,865,R,38,R,0
2019,110653,07,R,1618,R,792,R,826,R,4,R,306,R,34,R,178,R,2,R,413,R,40,R,94,R,547,R,0,R,564,R,982,R,72,R,0
2019,110653,09,R,657,R,362,R,295,R,0,R,123,R,17,R,65,R,0,R,268,R,25,R,45,R,114,R,0,R,13,R,615,R,29,R,0
2019,110653,10,R,125,R,32,R,93,R,0,R,33,R,0,R,22,R,0,R,56,R,11,R,3,R,0,R,0,R,60,R,60,R,5,R,0
2019,110662,05,R,8651,R,3652,R,4999,R,16,R,2430,R,273,R,1784,R,24,R,2469,R,415,R,175,R,1065,R,1,R,7706,R,869,R,75,R,0
2019,110662,07,R,3550,R,1839,R,1711,R,7,R,620,R,96,R,422,R,5,R,965,R,116,R,96,R,1223,R,0,R,994,R,2375,R,181,R,0
2019,110662,09,R,1309,R,683,R,626,R,3,R,269,R,49,R,139,R,3,R,503,R,49,R,61,R,233,R,0,R,30,R,1212,R,67,R,0
2019,110662,10,R,1,R,0,R,1,R,0,R,0,R,0,R,0,R,0,R,1,R,0,R,0,R,0,R,0,R,0,R,1,R,0,R,0
2019,110671,05,R,4496,R,2105,R,2391,R,6,R,1596,R,185,R,1677,R,19,R,555,R,198,R,61,R,199,R,0,R,3903,R,561,R,32,R,0
2019,110671,07,R,706,R,366,R,340,R,3,R,89,R,19,R,110,R,0,R,213,R,17,R,17,R,238,R,0,R,276,R,384,R,46,R,0
2019,110671,09,R,332,R,200,R,132,R,1,R,42,R,14,R,30,R,0,R,137,R,12,R,22,R,74,R,0,R,2,R,306,R,24,R,0
2019,110680,05,R,7609,R,3886,R,3723,R,8,R,2671,R,103,R,1119,R,18,R,1595,R,340,R,120,R,1635,R,0,R,6653,R,921,R,35,R,0
2019,110680,07,R,1965,R,1201,R,764,R,0,R,264,R,25,R,163,R,1,R,445,R,67,R,42,R,958,R,0,R,922,R,965,R,78,R,0
2019,110680,09,R,710,R,393,R,317,R,1,R,114,R,16,R,60,R,1,R,273,R,32,R,34,R,179,R,0,R,6,R,671,R,33,R,0
2019,110705,05,R,5838,R,2682,R,3156,R,19,R,1102,R,148,R,1509,R,2,R,1962,R,416,R,156,R,524,R,0,R,5301,R,509,R,28,R,0
2019,110705,07,R,541,R,269,R,272,R,5,R,58,R,14,R,52,R,1,R,244,R,5,R,7,R,155,R,0,R,207,R,320,R,14,R,0
2019,110705,09,R,327,R,187,R,140,R,2,R,30,R,7,R,27,R,0,R,161,R,4,R,19,R,77,R,0,R,0,R,308,R,19,R,0
2019,110705,10,R,74,R,19,R,55,R,0,R,6,R,0,R,18,R,0,R,48,R,2,R,0,R,0,R,0,R,41,R,31,R,2,R,0
2019,110714,05,R,4295,R,2069,R,2226,R,4,R,924,R,69,R,1295,R,10,R,1397,R,304,R,87,R,205,R,0,R,3709,R,557,R,29,R,0
2019,110714,07,R,430,R,253,R,177,R,0,R,34,R,6,R,54,R,0,R,149,R,11,R,21,R,155,R,0,R,169,R,249,R,12,R,0
2019,110714,09,R,192,R,109,R,83,R,0,R,14,R,3,R,15,R,0,R,100,R,13,R,13,R,34,R,0,R,0,R,176,R,16,R,0
2019,110714,10,R,10,R,2,R,8,R,0,R,0,R,0,R,1,R,0,R,7,R,1,R,1,R,0,R,0,R,1,R,8,R,1,R,0
2019,121150,05,R,901,R,370,R,531,R,1,R,96,R,48,R,107,R,3,R,463,R,47,R,49,R,87,Z,0,R,769,R,106,R,26,Z,0
2019,121150,07,R,1427,R,558,R,869,R,4,R,143,R,103,R,110,R,2,R,434,R,15,R,225,R,391,Z,0,R,342,R,861,R,224,Z,0
2019,121150,09,R,263,R,107,R,156,Z,0,R,22,R,27,R,37,Z,0,R,129,R,19,R,21,R,8,Z,0,R,27,R,187,R,49,Z,0
2019,121150,10,R,10,Z,0,R,10,Z,0,R,1,Z,0,R,1,Z,0,R,4,Z,0,R,1,R,3,Z,0,R,7,R,3,Z,0,Z,0
2019,122931,05,R,1277,R,649,R,628,R,1,R,213,R,32,R,228,R,3,R,643,R,86,R,30,R,41,Z,0,R,1230,R,46,R,1,Z,0
2019,122931,07,R,958,R,449,R,509,R,1,R,155,R,16,R,122,R,1,R,216,R,39,R,32,R,376,Z,0,R,134,R,725,R,99,Z,0
2019,122931,09,R,231,R,109,R,122,Z,0,R,45,R,10,R,33,Z,0,R,97,R,15,R,8,R,23,Z,0,R,6,R,205,R,20,Z,0
2019,122931,10,R,90,R,33,R,57,Z,0,R,7,Z,0,R,1,R,1,R,9,R,1,R,69,R,2,Z,0,R,29,R,53,R,8,Z,0
2019,123961,05,R,5018,R,2411,R,2607,R,5,R,1094,R,205,R,701,R,9,R,1999,R,245,R,92,R,668,R,0,R,4560,R,431,R,27,R,0
2019,123961,07,R,9171,R,3965,R,5206,R,27,R,1021,R,590,R,1275,R,27,R,2177,R,193,R,337,R,3524,R,0,R,2119,R,6291,R,761,R,0
2019,123961,09,R,1859,R,833,R,1026,R,7,R,445,R,114,R,174,R,3,R,659,R,37,R,107,R,313,R,0,R,16,R,1548,R,295,R,0
2019,123961,10,R,1196,R,530,R,666,R,2,R,137,R,43,R,102,R,1,R,275,R,15,R,130,R,491,R,0,R,241,R,852,R,103,R,0
2019,126614,05,R,6193,R,3281,R,2912,R,11,R,359,R,89,R,646,R,1,R,4338,R,292,R,37,R,420,R,1,R,5573,R,564,R,55,R,0
2019,126614,07,R,1604,R,922,R,682,R,1,R,60,R,21,R,114,R,2,R,933,R,38,R,76,R,359,R,0,R,546,R,962,R,96,R,0
2019,126614,09,R,555,R,311,R,244,R,9,R,17,R,6,R,30,R,0,R,362,R,11,R,36,R,84,R,0,R,25,R,498,R,32,R,0
2019,126775,05,R,1096,R,763,R,333,R,2,R,48,R,17,R,62,R,1,R,816,R,72,R,7,R,71,R,0,R,996,R,94,R,6,R,0
2019,126775,07,R,388,R,271,R,117,R,1,R,14,R,6,R,39,R,0,R,222,R,14,R,7,R,85,R,0,R,173,R,202,R,13,R,0
2019,126775,09,R,94,R,60,R,34,R,0,R,1,R,0,R,4,R,0,R,46,R,0,R,0,R,43,R,0,R,1,R,82,R,11,R,0
2019,126775,10,R,3,R,3,R,0,R,0,R,0,R,0,R,0,R,0,R,2,R,0,R,0,R,1,R,0,R,1,R,1,R,1,R,0
2019,129020,03,R,16,R,4,R,12,R,0,R,1,R,0,R,0,R,0,R,14,R,1,R,0,R,0,Z,0,R,14,R,1,R,1,Z,0
2019,129020,05,R,5479,R,2559,R,2920,R,8,R,612,R,311,R,545,R,4,R,3322,R,156,R,202,R,319,Z,0,R,4960,R,462,R,57,Z,0
2019,129020,07,R,1939,R,847,R,1092,R,3,R,88,R,94,R,113,R,2,R,901,R,31,R,133,R,574,Z,0,R,671,R,1122,R,146,Z,0
2019,129020,09,R,748,R,357,R,391,R,2,R,74,R,30,R,31,R,0,R,387,R,9,R,41,R,174,Z,0,R,95,R,602,R,51,Z,0
2019,129020,10,R,416,R,159,R,257,R,0,R,11,R,22,R,20,R,0,R,229,R,15,R,76,R,43,Z,0,R,79,R,254,R,83,Z,0
2019,130794,02,R,1,R,0,R,1,R,0,R,1,R,0,R,0,R,0,R,0,R,0,R,0,R,0,R,0,R,0,R,1,R,0,R,0
2019,130794,05,R,1407,R,724,R,683,R,6,R,261,R,89,R,178,R,1,R,636,R,69,R,8,R,159,R,0,R,1389,R,15,R,2,R,1
2019,130794,07,R,2275,R,1099,R,1176,R,4,R,238,R,84,R,139,R,2,R,879,R,61,R,45,R,823,R,0,R,469,R,1725,R,79,R,2
2019,130794,09,R,731,R,396,R,335,R,1,R,92,R,29,R,47,R,1,R,372,R,28,R,13,R,148,R,0,R,15,R,692,R,23,R,1
2019,130794,10,R,116,R,10,R,106,R,0,R,10,R,10,R,11,R,1,R,67,R,10,R,1,R,6,R,0,R,34,R,77,R,5,R,0
2019,130943,03,R,271,R,117,R,154,R,1,R,9,R,36,R,28,Z,0,R,174,R,13,R,8,R,2,Z,0,R,266,R,4,R,1,Z,0
2019,130943,05,R,4320,R,1760,R,2560,R,3,R,226,R,201,R,309,R,5,R,3278,R,107,R,33,R,158,Z,0,R,4017,R,278,R,25,Z,0
2019,130943,07,R,1029,R,448,R,581,R,2,R,43,R,53,R,48,Z,0,R,533,R,14,R,9,R,327,Z,0,R,253,R,672,R,104,Z,0
2019,130943,09,R,317,R,167,R,150,Z,0,R,20,R,16,R,9,Z,0,R,156,R,4,R,5,R,107,Z,0,R,1,R,277,R,39,Z,0
2019,131159,01,R,98,R,22,R,76,R,0,R,8,R,7,R,14,R,0,R,64,R,3,R,1,R,1,Z,0,R,97,R,1,Z,0,Z,0
2019,131159,02,R,1,R,1,R,0,Z,0,Z,0,Z,0,Z,0,Z,0,R,1,Z,0,Z,0,Z,0,Z,0,Z,0,Z,0,R,1,Z,0
2019,131159,05,R,1745,R,633,R,1112,R,3,R,144,R,115,R,228,R,0,R,1021,R,74,R,32,R,128,Z,0,R,1643,R,93,R,9,Z,0
2019,131159,07,R,1912,R,726,R,1186,R,8,R,113,R,265,R,154,R,3,R,780,R,67,R,255,R,267,Z,0,R,255,R,1479,R,178,Z,0
2019,131159,09,R,455,R,163,R,292,R,0,R,27,R,33,R,60,R,0,R,266,R,20,R,28,R,21,Z,0,R,5,R,435,R,15,Z,0
2019,131159,10,R,63,R,26,R,37,R,0,R,4,R,8,R,7,R,0,R,25,R,2,R,1,R,16,Z,0,R,7,R,50,R,6,Z,0
2019,131469,02,R,380,R,204,R,176,R,2,R,28,R,60,R,69,R,3,R,117,R,6,R,95,R,0,R,0,R,261,R,116,R,0,R,3
2019,131469,03,R,197,R,112,R,85,R,2,R,13,R,16,R,15,R,1,R,30,R,0,R,120,R,0,R,5,R,83,R,104,R,5,R,0
2019,131469,05,R,3011,R,1153,R,1858,R,2,R,342,R,174,R,286,R,5,R,1573,R,112,R,231,R,286,R,0,R,2536,R,418,R,54,R,3
2019,131469,07,R,4581,R,1780,R,2801,R,14,R,367,R,486,R,334,R,4,R,1912,R,102,R,245,R,1117,R,0,R,1076,R,2943,R,561,R,1
2019,131469,09,R,1074,R,519,R,555,R,5,R,128,R,119,R,44,R,3,R,567,R,7,R,96,R,105,R,0,R,74,R,851,R,149,R,0
2019,131469,10,R,700,R,248,R,452,R,2,R,64,R,88,R,61,R,1,R,319,R,18,R,40,R,107,R,0,R,82,R,435,R,182,R,1
2019,131496,02,R,10,R,6,R,4,R,0,R,0,R,0,R,0,R,0,R,6,R,0,R,4,R,0,R,0,R,2,R,8,R,0,R,0
2019,131496,05,R,1752,R,782,R,970,R,0,R,185,R,104,R,161,R,0,R,987,R,83,R,22,R,210,R,0,R,1664,R,72,R,16,R,0
2019,131496,07,R,4080,R,1882,R,2198,R,6,R,344,R,320,R,258,R,6,R,1799,R,106,R,180,R,1061,R,0,R,745,R,2981,R,349,R,5
2019,131496,09,R,968,R,471,R,497,R,0,R,36,R,69,R,71,R,2,R,516,R,9,R,161,R,104,R,0,R,18,R,913,R,37,R,0
2019,131496,10,R,2,R,0,R,2,R,0,R,0,R,0,R,1,R,0,R,1,R,0,R,0,R,0,R,0,R,1,R,1,R,0,R,0
2019,131520,02,R,6,R,0,R,6,R,0,R,2,R,3,R,0,R,0,R,1,R,0,R,0,R,0,R,0,R,1,R,4,R,1,Z,0
2019,131520,05,R,1319,R,430,R,889,R,1,R,20,R,1146,R,8,R,3,R,16,R,0,R,0,R,125,R,0,R,1196,R,111,R,12,R,0
2019,131520,07,R,280,R,86,R,194,R,3,R,5,R,205,R,5,R,0,R,13,R,0,R,0,R,49,R,0,R,65,R,189,R,26,R,0
2019,131520,09,R,496,R,182,R,314,R,0,R,47,R,355,R,21,R,1,R,26,R,0,R,0,R,46,R,0,R,34,R,413,R,49,R,0
2019,131520,10,R,26,R,4,R,22,R,0,R,0,R,18,R,1,R,0,R,4,R,0,R,0,R,3,R,0,R,1,R,22,R,3,Z,0
2019,133951,03,R,69,R,24,R,45,R,0,R,0,R,10,R,49,R,0,R,7,R,2,R,0,R,1,Z,0,R,68,R,1,Z,0,Z,0
2019,133951,05,R,10880,R,4246,R,6634,R,4,R,251,R,1361,R,7162,R,9,R,966,R,281,R,38,R,808,Z,0,R,6250,R,4233,R,397,Z,0
2019,133951,07,R,3196,R,1206,R,1990,Z,0,R,102,R,428,R,1668,R,2,R,446,R,56,R,22,R,472,Z,0,R,433,R,2361,R,402,Z,0
2019,133951,09,R,576,R,275,R,301,R,1,R,37,R,40,R,205,R,0,R,168,R,12,R,15,R,98,Z,0,R,16,R,510,R,50,Z,0
2019,133951,10,R,205,R,61,R,144,Z,0,R,11,R,33,R,129,Z,0,R,27,R,5,Z,0,Z,0,Z,0,R,44,R,134,R,27,Z,0
2019,134097,03,R,187,R,62,R,125,R,1,R,5,R,29,R,44,R,0,R,97,R,5,R,1,R,5,R,0,R,181,R,5,R,1,R,0
2019,134097,05,R,8459,R,3581,R,4878,R,20,R,194,R,619,R,1729,R,10,R,5278,R,310,R,107,R,192,R,1,R,7362,R,1009,R,87,R,0
2019,134097,07,R,1954,R,829,R,1125,R,3,R,45,R,160,R,258,R,1,R,1152,R,63,R,41,R,231,R,0,R,426,R,1342,R,186,R,0
2019,134097,09,R,730,R,374,R,356,R,1,R,30,R,55,R,73,R,0,R,413,R,10,R,17,R,131,R,0,R,12,R,662,R,56,R,0
2019,134097,10,R,44,R,9,R,35,R,0,R,1,R,8,R,11,R,0,R,21,R,1,R,1,R,1,R,0,R,9,R,29,R,6,R,0
2019,134130,01,R,5,R,0,R,5,R,1,R,0,R,1,R,1,R,0,R,2,R,0,R,0,R,0,Z,0,R,4,R,1,Z,0,Z,0
2019,134130,02,R,233,R,92,R,141,R,1,R,14,R,8,R,77,R,1,R,114,R,11,R,3,R,4,R,0,R,194,R,29,R,10,Z,0
2019,134130,03,R,179,R,56,R,123,R,0,R,16,R,22,R,39,R,6,R,81,R,9,R,3,R,3,R,0,R,170,R,9,R,0,R,0
2019,134130,05,R,8990,R,3796,R,5194,R,19,R,654,R,530,R,1960,R,79,R,5045,R,305,R,238,R,160,R,0,R,8186,R,702,R,41,R,61
2019,134130,07,R,3767,R,1838,R,1929,R,7,R,190,R,161,R,459,R,2,R,1866,R,51,R,104,R,927,R,0,R,1197,R,2310,R,259,R,1
2019,134130,09,R,1963,R,826,R,1137,R,2,R,157,R,131,R,233,R,12,R,991,R,23,R,61,R,353,R,0,R,32,R,1670,R,261,R,0
2019,134130,10,R,782,R,252,R,530,R,4,R,42,R,49,R,95,R,0,R,447,R,18,R,60,R,67,Z,0,R,118,R,507,R,157,Z,0
2019,135726,01,R,9,R,3,R,6,Z,0,Z,0,Z,0,R,2,Z,0,R,5,Z,0,R,1,R,1,Z,0,R,9,Z,0,Z,0,Z,0
2019,135726,05,R,2610,R,1206,R,1404,R,2,R,110,R,186,R,684,R,1,R,1054,R,99,R,106,R,368,Z,0,R,2358,R,217,R,35,Z,0
2019,135726,07,R,1696,R,782,R,914,R,1,R,68,R,145,R,446,R,2,R,439,R,40,R,172,R,383,Z,0,R,484,R,1043,R,169,Z,0
2019,135726,09,R,805,R,407,R,398,R,1,R,60,R,50,R,195,Z,0,R,330,R,27,R,54,R,88,Z,0,R,67,R,701,R,37,Z,0
2019,135726,10,R,116,R,52,R,64,Z,0,R,6,R,21,R,32,R,1,R,25,R,5,R,13,R,13,Z,0,R,17,R,72,R,27,Z,0
2019,137351,03,R,362,R,101,R,261,R,1,R,20,R,33,R,86,Z,0,R,186,R,21,R,6,R,9,Z,0,R,328,R,32,R,2,Z,0
2019,137351,05,R,8340,R,3442,R,4898,R,16,R,596,R,866,R,1774,R,10,R,4101,R,273,R,230,R,474,R,1,R,5831,R,2228,R,280,Z,0
2019,137351,07,R,3228,R,1402,R,1826,R,3,R,148,R,247,R,384,R,2,R,1417,R,79,R,71,R,877,Z,0,R,616,R,2236,R,376,Z,0
2019,137351,09,R,752,R,329,R,423,R,4,R,97,R,57,R,54,R,2,R,400,R,7,R,39,R,92,Z,0,R,2,R,611,R,139,Z,0
2019,137351,10,R,15,R,1,R,14,Z,0,R,1,R,2,R,1,Z,0,R,10,Z,0,Z,0,R,1,Z,0,Z,0,R,10,R,5,Z,0
2019,139658,05,R,2049,R,789,R,1260,R,3,R,399,R,172,R,186,R,0,R,830,R,87,R,39,R,333,R,0,R,1869,R,174,R,6,R,0
2019,139658,07,R,1578,R,577,R,1001,R,2,R,177,R,208,R,88,R,3,R,635,R,50,R,48,R,367,R,0,R,336,R,1102,R,140,R,0
2019,139658,09,R,792,R,355,R,437,R,1,R,85,R,60,R,45,R,1,R,434,R,14,R,47,R,105,R,0,R,58,R,692,R,42,R,0
2019,139658,10,R,30,R,6,R,24,R,0,R,7,R,5,R,1,R,0,R,16,R,0,R,0,R,1,R,0,R,1,R,18,R,11,R,0
2019,139755,05,R,3717,R,2372,R,1345,R,0,R,848,R,215,R,242,R,0,R,1801,R,142,R,126,R,343,R,0,R,3435,R,272,R,10,R,0
2019,139755,07,R,3238,R,2396,R,842,R,3,R,397,R,132,R,131,R,0,R,1201,R,70,R,1,R,1303,R,0,R,933,R,2017,R,288,R,0
2019,139755,09,R,526,R,402,R,124,R,0,R,46,R,13,R,16,R,2,R,171,R,11,R,0,R,267,R,0,R,1,R,503,R,22,R,0
2019,139959,01,R,923,R,393,R,530,R,0,R,66,R,38,R,38,R,3,R,721,R,37,R,12,R,8,R,0,R,883,R,35,R,5,R,0
2019,139959,02,R,20,R,3,R,17,R,0,R,2,R,2,R,4,R,0,R,11,R,1,R,0,R,0,R,0,R,20,R,0,R,0,R,0
2019,139959,05,R,7057,R,3018,R,4039,R,6,R,647,R,485,R,378,R,5,R,5086,R,281,R,67,R,102,R,0,R,6501,R,516,R,40,R,0
2019,139959,07,R,1863,R,713,R,1150,R,4,R,74,R,191,R,49,R,0,R,1178,R,61,R,43,R,263,R,0,R,571,R,1127,R,165,R,0
2019,139959,09,R,917,R,386,R,531,R,1,R,49,R,76,R,24,R,0,R,577,R,22,R,26,R,142,R,0,R,17,R,826,R,74,R,0
2019,139959,10,R,244,R,46,R,198,R,2,R,6,R,46,R,4,R,0,R,154,R,10,R,5,R,17,R,0,R,30,R,157,R,57,R,0
2019,144050,05,R,1520,R,787,R,733,R,0,R,296,R,73,R,200,R,0,R,650,R,74,R,30,R,197,R,0,R,1497,R,22,R,1,R,0
2019,144050,07,R,3155,R,1791,R,1364,R,2,R,345,R,112,R,172,R,0,R,1169,R,70,R,96,R,1189,R,0,R,645,R,2356,R,154,R,0
2019,144050,09,R,697,R,414,R,283,R,0,R,74,R,31,R,45,R,1,R,364,R,19,R,24,R,139,R,0,R,23,R,643,R,31,R,0
2019,144050,10,R,288,R,127,R,161,R,0,R,19,R,14,R,19,R,0,R,87,R,5,R,1,R,143,R,0,R,92,R,190,R,6,R,0
2019,145600,05,R,4307,R,1996,R,2311,R,1,R,958,R,338,R,1165,R,6,R,1475,R,122,R,107,R,135,R,0,R,3488,R,766,R,53,R,0
2019,145600,07,R,2427,R,1097,R,1330,R,6,R,177,R,130,R,224,R,3,R,823,R,31,R,17,R,1016,R,0,R,678,R,1571,R,178,R,0
2019,145600,09,R,1088,R,471,R,617,R,1,R,229,R,63,R,104,R,1,R,524,R,23,R,15,R,128,R,0,R,25,R,964,R,99,R,0
2019,145600,10,R,56,R,23,R,33,R,0,R,14,R,5,R,7,R,0,R,25,R,2,R,0,R,3,R,0,R,2,R,46,R,8,R,0
2019,145637,05,R,8057,R,4343,R,3714,R,8,R,1481,R,369,R,762,R,3,R,3865,R,239,R,29,R,1301,R,0,R,7725,R,317,R,15,R,0
2019,145637,07,R,3962,R,1973,R,1989,R,0,R,335,R,144,R,178,R,2,R,1417,R,58,R,86,R,1742,R,0,R,1754,R,1945,R,263,R,0
2019,145637,09,R,1070,R,574,R,496,R,3,R,72,R,24,R,30,R,0,R,492,R,20,R,16,R,413,R,0,R,21,R,992,R,57,R,0
2019,145637,10,R,8,R,3,R,5,R,0,R,1,R,0,R,1,R,0,R,5,R,0,R,0,R,1,R,0,R,0,R,8,R,0,R,0
2019,147767,02,R,100,R,70,R,30,R,0,R,28,R,1,R,2,R,0,R,34,R,3,R,6,R,26,R,0,R,83,R,13,R,4,R,0
2019,147767,05,R,2125,R,1066,R,1059,R,2,R,390,R,125,R,265,R,0,R,1002,R,96,R,73,R,172,R,0,R,2036,R,74,R,15,Z,0
2019,147767,07,R,4327,R,2256,R,2071,R,3,R,442,R,197,R,206,R,2,R,1667,R,87,R,607,R,1116,R,0,R,603,R,3145,R,579,Z,0
2019,147767,09,R,1032,R,531,R,501,R,1,R,140,R,38,R,99,R,1,R,446,R,32,R,65,R,210,R,0,R,2,R,1000,R,30,Z,0
2019,147767,10,R,193,R,77,R,116,R,0,R,23,R,16,R,12,R,2,R,89,R,5,R,33,R,13,R,0,R,6,R,141,R,46,Z,0
2019,151351,01,R,19,R,12,R,7,R,0,R,0,R,0,R,0,R,0,R,18,R,0,R,0,R,1,R,0,R,19,R,0,R,0,R,0
2019,151351,02,R,83,R,54,R,29,R,0,R,5,R,0,R,2,R,0,R,54,R,2,R,0,R,20,R,0,R,82,R,1,R,0,R,0
2019,151351,03,R,2,R,1,R,1,R,0,R,0,R,0,R,0,R,0,R,1,R,0,R,0,R,1,R,0,R,1,R,0,R,1,R,0
2019,151351,05,R,7500,R,3726,R,3774,R,6,R,388,R,279,R,410,R,3,R,5246,R,271,R,18,R,879,R,0,R,7115,R,354,R,31,R,0
2019,151351,07,R,2656,R,1515,R,1141,R,2,R,212,R,115,R,116,R,3,R,1448,R,56,R,36,R,668,R,0,R,693,R,1733,R,230,R,0
2019,151351,09,R,729,R,364,R,365,R,0,R,41,R,28,R,41,R,0,R,436,R,11,R,5,R,167,R,0,R,26,R,645,R,58,R,0
2019,151351,10,R,253,R,127,R,126,R,0,R,16,R,8,R,14,R,0,R,133,R,7,R,9,R,66,R,0,R,30,R,174,R,49,R,0
2019,152080,05,R,2069,R,1081,R,988,R,4,R,108,R,76,R,213,R,1,R,1418,R,97,R,18,R,134,R,0,R,2058,R,11,R,0,R,0
2019,152080,07,R,1102,R,655,R,447,R,2,R,37,R,32,R,80,R,0,R,704,R,38,R,6,R,203,R,0,R,365,R,664,R,73,R,0
2019,152080,09,R,434,R,237,R,197,R,1,R,16,R,19,R,33,R,0,R,271,R,9,R,4,R,81,R,0,R,20,R,401,R,13,R,0
2019,160472,01,R,9,R,0,R,9,Z,0,R,1,R,1,R,1,Z,0,R,6,Z,0,Z,0,Z,0,Z,0,R,5,R,4,Z,0,Z,0
2019,160472,02,R,11,R,1,R,10,Z,0,Z,0,R,4,Z,0,Z,0,R,7,Z,0,Z,0,Z,0,Z,0,R,7,R,4,Z,0,Z,0
2019,160755,03,R,51,R,16,R,35,R,1,R,0,R,21,R,3,R,0,R,22,R,1,R,2,R,1,R,0,R,6,R,29,R,16,R,0
2019,160755,05,R,1771,R,711,R,1060,R,1,R,73,R,96,R,104,R,4,R,1323,R,62,R,40,R,68,R,0,R,1619,R,99,R,53,R,0
2019,160755,07,R,1705,R,740,R,965,R,3,R,86,R,175,R,90,R,1,R,632,R,39,R,35,R,644,R,0,R,668,R,803,R,234,R,0
2019,160755,09,R,471,R,248,R,223,R,1,R,44,R,26,R,23,R,0,R,285,R,26,R,23,R,43,R,0,R,32,R,419,R,20,R,0
2019,160755,10,R,35,R,11,R,24,R,0,R,1,R,8,R,3,R,0,R,19,R,1,R,3,R,0,R,0,R,0,R,22,R,13,R,0
2019,162928,02,R,1,R,1,R,0,R,0,R,0,R,0,R,0,R,0,R,0,R,0,R,0,R,1,R,0,R,0,R,1,R,0,R,0
2019,162928,05,R,1381,R,687,R,694,R,2,R,371,R,85,R,157,R,3,R,476,R,65,R,57,R,165,R,0,R,1352,R,24,R,5,R,0
2019,162928,07,R,6601,R,2932,R,3669,R,6,R,629,R,458,R,386,R,4,R,2675,R,188,R,285,R,1970,R,0,R,2027,R,4039,R,535,R,0
2019,162928,09,R,683,R,336,R,347,R,1,R,85,R,33,R,42,R,0,R,334,R,17,R,10,R,161,R,0,R,2,R,610,R,71,R,0
2019,162928,10,R,815,R,277,R,538,R,2,R,76,R,74,R,59,R,0,R,377,R,23,R,32,R,172,R,0,R,109,R,561,R,145,R,0
2019,163286,02,R,26,R,11,R,15,R,0,R,3,R,4,R,6,R,0,R,11,R,0,R,1,R,1,R,0,R,21,R,4,R,1,R,0
2019,163286,05,R,7244,R,3867,R,3377,R,7,R,1254,R,880,R,740,R,6,R,3630,R,294,R,107,R,326,R,0,R,6269,R,927,R,48,R,0
2019,163286,07,R,2704,R,1340,R,1364,R,3,R,184,R,205,R,138,R,0,R,887,R,42,R,214,R,1031,R,0,R,544,R,1948,R,212,R,0
2019,163286,09,R,637,R,345,R,292,R,0,R,38,R,31,R,20,R,0,R,275,R,14,R,28,R,231,R,0,R,0,R,558,R,79,R,0
2019,163286,10,R,199,R,96,R,103,R,0,R,18,R,33,R,15,R,0,R,80,R,6,R,4,R,43,R,0,R,11,R,137,R,51,R,0
2019,164924,05,R,2339,R,1100,R,1239,R,0,R,208,R,84,R,209,R,1,R,1474,R,75,R,122,R,166,R,0,R,2293,R,41,R,5,R,0
2019,164924,07,R,1333,R,471,R,862,R,2,R,54,R,58,R,101,R,0,R,698,R,27,R,107,R,286,R,0,R,422,R,827,R,84,R,0
2019,164924,09,R,382,R,201,R,181,R,1,R,33,R,7,R,24,R,0,R,220,R,10,R,21,R,66,R,0,R,31,R,341,R,10,R,0
2019,164924,10,R,4,R,1,R,3,R,0,R,0,R,1,R,0,R,0,R,1,R,0,R,2,R,0,R,0,R,0,R,2,R,2,R,0
2019,164988,01,R,42,R,11,R,31,R,0,R,4,R,3,R,2,R,0,R,18,R,2,R,7,R,6,R,0,R,7,R,25,R,10,R,0
2019,164988,02,R,358,R,164,R,194,R,1,R,14,R,19,R,28,R,0,R,137,R,4,R,33,R,122,R,0,R,62,R,228,R,68,R,0
2019,164988,05,R,4411,R,1606,R,2805,R,5,R,640,R,187,R,507,R,6,R,1762,R,156,R,187,R,961,R,0,R,4219,R,159,R,33,R,0
2019,164988,07,R,5495,R,2231,R,3264,R,5,R,431,R,253,R,343,R,4,R,2114,R,90,R,439,R,1816,R,0,R,1435,R,3583,R,477,R,0
2019,164988,09,R,1118,R,532,R,586,R,1,R,133,R,25,R,75,R,3,R,540,R,29,R,86,R,226,R,0,R,53,R,989,R,76,R,0
2019,164988,10,R,82,R,44,R,38,R,0,R,10,R,3,R,5,R,0,R,20,R,2,R,7,R,35,R,0,R,1,R,73,R,8,R,0
2019,165015,05,R,879,R,362,R,517,R,0,R,124,R,43,R,69,R,0,R,395,R,25,R,22,R,201,R,0,R,859,R,19,R,1,R,0
2019,165015,07,R,821,R,336,R,485,R,0,R,48,R,42,R,27,R,1,R,318,R,15,R,37,R,333,R,0,R,282,R,436,R,103,R,0
2019,165015,09,R,77,R,39,R,38,R,0,R,4,R,1,R,7,R,0,R,36,R,0,R,12,R,17,R,0,R,0,R,69,R,8,R,0
2019,166027,03,R,3,R,2,R,1,R,0,R,0,R,0,R,1,R,0,R,2,R,0,R,0,R,0,R,0,R,0,R,1,R,2,R,0
2019,166027,05,R,1824,R,955,R,869,R,3,R,345,R,118,R,220,R,2,R,783,R,108,R,37,R,208,R,2,R,1670,R,110,R,42,R,0
2019,166027,07,R,4877,R,2352,R,2525,R,8,R,619,R,238,R,353,R,7,R,1893,R,111,R,86,R,1562,R,0,R,441,R,3895,R,541,R,0
2019,166027,09,R,1572,R,788,R,784,R,2,R,219,R,63,R,133,R,1,R,698,R,54,R,57,R,345,R,0,R,52,R,1480,R,40,R,0
2019,166027,10,R,101,R,30,R,71,R,0,R,22,R,7,R,15,R,0,R,47,R,3,R,4,R,3,R,0,R,27,R,73,R,1,R,0
2019,166629,01,R,407,R,117,R,290,R,1,R,32,R,25,R,36,R,0,R,266,R,18,R,27,R,2,R,0,R,372,R,26,R,9,R,0
2019,166629,03,R,43,R,27,R,16,R,0,R,0,R,0,R,2,R,0,R,28,R,1,R,12,R,0,R,0,R,30,R,10,R,3,R,0
2019,166629,05,R,6082,R,2940,R,3142,R,13,R,598,R,251,R,389,R,4,R,3923,R,156,R,437,R,311,R,0,R,5157,R,718,R,207,R,0
2019,166629,07,R,1676,R,887,R,789,R,0,R,124,R,56,R,74,R,1,R,902,R,33,R,89,R,397,R,0,R,428,R,972,R,276,R,0
2019,166629,09,R,389,R,176,R,213,R,1,R,13,R,21,R,16,R,0,R,164,R,7,R,20,R,147,R,0,R,0,R,293,R,96,R,0
2019,166629,10,R,88,R,30,R,58,R,1,R,2,R,11,R,4,R,0,R,51,R,0,R,9,R,10,R,0,R,3,R,46,R,39,R,0
2019,166683,05,R,1142,R,604,R,538,Z,0,R,312,R,68,R,155,Z,0,R,401,R,71,R,23,R,112,Z,0,R,1110,R,30,R,2,Z,0
2019,166683,07,R,1760,R,1136,R,624,R,1,R,247,R,41,R,96,Z,0,R,523,R,41,R,56,R,755,Z,0,R,494,R,1120,R,146,Z,0
2019,166683,09,R,687,R,473,R,214,R,1,R,74,R,6,R,32,Z,0,R,199,R,14,R,37,R,324,Z,0,R,3,R,669,R,15,Z,0
2019,167358,05,R,4085,R,1979,R,2106,R,3,R,544,R,136,R,320,Z,0,R,1981,R,164,R,151,R,786,Z,0,R,3845,R,235,R,5,Z,0
2019,167358,07,R,2652,R,1673,R,979,Z,0,R,108,R,42,R,60,Z,0,R,606,R,34,R,54,R,1748,Z,0,R,795,R,1810,R,47,Z,0
2019,167358,09,R,644,R,234,R,410,Z,0,R,70,R,20,R,50,Z,0,R,221,R,14,R,160,R,109,Z,0,R,171,R,457,R,16,Z,0
2019,167358,10,R,31,R,6,R,25,Z,0,Z,0,R,5,R,3,Z,0,R,19,Z,0,R,1,R,3,Z,0,R,1,R,25,R,5,Z,0
2019,168148,02,R,1,R,0,R,1,R,0,R,0,R,0,R,0,R,0,R,0,R,0,R,1,R,0,R,0,R,0,R,1,R,0,R,0
2019,168148,05,R,1373,R,687,R,686,R,0,R,154,R,46,R,78,R,0,R,819,R,63,R,64,R,149,R,0,R,1329,R,39,R,5,R,0
2019,168148,07,R,1248,R,489,R,759,R,1,R,115,R,36,R,69,R,0,R,645,R,39,R,41,R,302,R,0,R,331,R,863,R,54,R,0
2019,168148,09,R,652,R,248,R,404,R,0,R,131,R,32,R,36,R,0,R,353,R,26,R,26,R,48,R,0,R,0,R,634,R,18,R,0
2019,168148,10,R,217,R,58,R,159,R,0,R,14,R,3,R,12,R,0,R,133,R,4,R,4,R,47,R,0,R,14,R,155,R,48,R,0
2019,168421,05,R,1019,R,676,R,343,R,4,R,50,R,21,R,91,R,0,R,684,R,28,R,31,R,110,R,0,R,995,R,22,R,2,R,0
2019,168421,07,R,790,R,540,R,250,R,2,R,33,R,24,R,33,R,0,R,346,R,14,R,14,R,324,R,0,R,237,R,486,R,67,R,0
2019,168421,09,R,60,R,43,R,17,R,0,R,0,R,1,R,0,R,0,R,24,R,0,R,0,R,35,R,0,R,0,R,56,R,4,R,0
2019,168421,10,R,68,R,53,R,15,R,0,R,5,R,5,R,4,R,0,R,47,R,1,R,1,R,5,R,0,R,4,R,39,R,25,R,0
2019,170976,05,R,6909,R,3449,R,3460,R,7,R,898,R,299,R,326,R,4,R,4193,R,238,R,376,R,568,Z,0,R,6610,R,286,R,13,Z,0
2019,170976,07,R,4579,R,2343,R,2236,R,8,R,349,R,196,R,265,R,1,R,1949,R,94,R,183,R,1534,Z,0,R,1453,R,2951,R,175,Z,0
2019,170976,09,R,1527,R,812,R,715,R,8,R,153,R,52,R,67,R,1,R,806,R,43,R,73,R,324,Z,0,R,19,R,1463,R,45,Z,0
2019,170976,10,R,243,R,91,R,152,R,0,R,18,R,15,R,16,R,0,R,112,R,8,R,10,R,64,Z,0,R,59,R,176,R,8,Z,0
2019,171100,02,R,96,R,51,R,45,R,1,R,1,Z,0,R,1,Z,0,R,90,Z,0,R,3,Z,0,Z,0,R,72,R,16,R,8,Z,0
2019,171100,05,R,8792,R,4174,R,4618,R,11,R,473,R,530,R,336,R,8,R,6147,R,253,R,78,R,956,Z,0,R,8055,R,695,R,42,Z,0
2019,171100,07,R,2199,R,908,R,1291,R,6,R,70,R,128,R,98,R,4,R,1457,R,35,R,44,R,357,Z,0,R,469,R,1399,R,331,Z,0
2019,171100,09,R,1149,R,558,R,591,R,4,R,77,R,42,R,46,R,2,R,662,R,17,R,43,R,256,Z,0,R,5,R,1066,R,78,Z,0
2019,171100,10,R,188,R,68,R,120,Z,0,R,8,R,7,R,5,Z,0,R,144,R,4,R,4,R,16,Z,0,R,11,R,151,R,26,Z,0
2019,174066,01,R,197,R,60,R,137,R,0,R,27,R,20,R,5,R,0,R,110,R,7,R,8,R,20,R,0,R,154,R,28,R,15,R,0
2019,174066,02,R,17,R,3,R,14,R,0,R,3,R,0,R,1,R,0,R,12,R,0,R,1,R,0,R,0,R,8,R,8,R,1,R,0
2019,174066,05,R,7844,R,3641,R,4203,R,21,R,705,R,331,R,274,R,6,R,5369,R,304,R,45,R,789,R,0,R,6895,R,849,R,97,R,3
2019,174066,07,R,3370,R,1464,R,1906,R,5,R,166,R,113,R,118,R,2,R,1995,R,91,R,78,R,802,R,0,R,743,R,2298,R,328,R,1
2019,174066,09,R,1748,R,803,R,945,R,12,R,124,R,44,R,44,R,0,R,991,R,30,R,177,R,326,R,0,R,40,R,1528,R,180,R,0
2019,174066,10,R,235,R,55,R,180,R,0,R,8,R,17,R,19,R,1,R,142,R,10,R,17,R,21,R,0,R,14,R,156,R,65,R,0
2019,179867,01,R,13,R,1,R,12,Z,0,Z,0,R,4,Z,0,Z,0,R,9,Z,0,Z,0,Z,0,Z,0,R,1,R,4,R,8,Z,0
2019,179867,02,R,1,R,1,Z,0,Z,0,R,1,Z,0,Z,0,Z,0,Z,0,Z,0,Z,0,Z,0,Z,0,R,1,Z,0,Z,0,Z,0
2019,179867,03,R,13,R,9,R,4,Z,0,Z,0,R,6,Z,0,Z,0,R,5,R,1,R,1,Z,0,Z,0,Z,0,R,4,R,9,Z,0
2019,179867,05,R,1803,R,864,R,939,R,1,R,315,R,118,R,135,R,0,R,977,R,77,R,28,R,152,Z,0,R,1713,R,71,R,19,Z,0
2019,179867,07,R,2138,R,1009,R,1129,R,12,R,108,R,131,R,66,R,1,R,719,R,36,R,77,R,988,Z,0,R,662,R,1237,R,239,Z,0
2019,179867,09,R,786,R,378,R,408,R,2,R,77,R,39,R,34,R,2,R,391,R,16,R,60,R,165,Z,0,R,13,R,757,R,16,Z,0
2019,179867,10,R,192,R,94,R,98,R,0,R,18,R,21,R,9,R,1,R,92,R,4,R,10,R,37,Z,0,R,39,R,147,R,6,Z,0
2019,182670,05,R,1056,R,520,R,536,R,25,R,175,R,62,R,83,R,6,R,556,R,50,R,22,R,77,R,0,R,1037,R,19,R,0,R,0
2019,182670,07,R,665,R,356,R,309,R,4,R,68,R,32,R,38,R,0,R,306,R,13,R,35,R,169,R,0,R,185,R,425,R,55,R,0
2019,182670,09,R,200,R,94,R,106,R,1,R,27,R,9,R,20,R,0,R,91,R,6,R,8,R,38,R,0,R,0,R,196,R,4,R,0
2019,185828,05,R,1640,R,1256,R,384,R,1,R,401,R,95,R,334,R,1,R,565,R,61,R,108,R,74,R,0,R,1014,R,592,R,34,R,0
2019,185828,07,R,1101,R,796,R,305,R,0,R,135,R,57,R,93,R,0,R,168,R,23,R,28,R,597,R,0,R,243,R,796,R,62,R,0
2019,185828,09,R,56,R,38,R,18,R,0,R,4,R,1,R,1,R,0,R,8,R,0,R,5,R,37,R,0,R,0,R,54,R,2,R,0
2019,185828,10,R,89,R,63,R,26,R,0,R,10,R,12,R,10,R,0,R,30,R,5,R,3,R,19,R,0,R,10,R,68,R,11,R,0
2019,186131,05,R,1297,R,668,R,629,R,2,R,286,R,90,R,136,R,2,R,566,R,46,R,18,R,151,R,0,R,1283,R,13,R,1,Z,0
2019,186131,07,R,640,R,384,R,256,R,0,R,44,R,19,R,37,R,0,R,208,R,15,R,32,R,285,Z,0,R,171,R,460,R,9,Z,0
2019,186131,09,R,398,R,262,R,136,R,0,R,33,R,7,R,16,R,0,R,152,R,5,R,18,R,167,Z,0,Z,0,R,385,R,13,Z,0
2019,186371,05,R,1359,R,512,R,847,R,0,R,128,R,218,R,186,R,2,R,737,R,49,R,20,R,19,R,0,R,642,R,613,R,104,R,0
2019,186371,07,R,269,R,138,R,131,R,0,R,22,R,32,R,33,R,0,R,154,R,7,R,5,R,16,R,0,R,19,R,178,R,72,R,0
2019,186371,09,R,143,R,77,R,66,R,2,R,5,R,14,R,9,R,0,R,98,R,2,R,9,R,4,R,0,R,0,R,135,R,8,R,0
2019,186380,02,R,9,R,3,R,6,R,0,R,0,R,0,R,2,R,0,R,7,R,0,R,0,R,0,R,0,R,0,R,7,R,2,R,0
2019,186380,03,R,32,R,8,R,24,R,0,R,2,R,2,R,4,R,0,R,19,R,1,R,4,R,0,R,0,R,4,R,23,R,5,R,0
2019,186380,05,R,8713,R,4118,R,4595,R,7,R,2111,R,657,R,1157,R,20,R,3609,R,310,R,126,R,716,R,0,R,7125,R,1458,R,130,R,0
2019,186380,07,R,3119,R,1175,R,1944,R,7,R,409,R,291,R,336,R,2,R,1299,R,64,R,51,R,660,R,0,R,654,R,2167,R,298,R,0
2019,186380,09,R,1442,R,604,R,838,R,0,R,373,R,101,R,117,R,1,R,555,R,28,R,42,R,225,R,0,R,112,R,1169,R,161,R,0
2019,186380,10,R,66,R,20,R,46,R,0,R,12,R,6,R,6,R,0,R,22,R,0,R,14,R,6,R,0,R,17,R,42,R,7,R,0
2019,186399,05,R,1775,R,778,R,997,R,1,R,310,R,322,R,508,R,3,R,431,R,40,R,28,R,132,R,0,R,1038,R,641,R,96,R,0
2019,186399,07,R,1249,R,686,R,563,R,1,R,193,R,131,R,107,R,2,R,357,R,12,R,64,R,382,R,0,R,181,R,894,R,174,R,0
2019,186399,09,R,293,R,155,R,138,R,1,R,21,R,18,R,47,R,0,R,156,R,4,R,12,R,34,R,0,R,5,R,256,R,32,R,0
2019,186867,05,R,760,R,549,R,211,R,1,R,78,R,9,R,69,R,0,R,536,R,0,R,33,R,34,R,0,R,737,R,22,R,1,R,0
2019,186867,07,R,1624,R,1193,R,431,R,2,R,150,R,27,R,7,R,0,R,303,R,0,R,190,R,945,R,0,R,417,R,1062,R,144,R,1
2019,186867,09,R,53,R,47,R,6,R,0,R,2,R,1,R,1,R,0,R,7,R,0,R,5,R,37,R,0,R,0,R,50,R,3,R,0
2019,186867,10,R,458,R,325,R,133,R,1,R,41,R,9,R,2,R,0,R,188,R,0,R,80,R,137,R,0,R,106,R,259,R,92,R,1
2019,190415,05,R,3784,R,1809,R,1975,R,15,R,770,R,223,R,467,R,3,R,1478,R,167,R,285,R,376,R,0,R,3689,R,92,R,3,R,0
2019,190415,07,R,2764,R,1601,R,1163,R,4,R,212,R,55,R,113,R,1,R,555,R,41,R,393,R,1390,R,1,R,1022,R,1616,R,125,R,0
2019,190415,09,R,822,R,445,R,377,R,0,R,63,R,26,R,58,R,1,R,362,R,14,R,66,R,232,R,0,R,42,R,752,R,28,R,0
2019,191241,05,R,2217,R,922,R,1295,R,1,R,229,R,87,R,314,R,3,R,1297,R,73,R,48,R,165,R,0,R,2039,R,136,R,42,R,0
2019,191241,07,R,2336,R,785,R,1551,R,0,R,78,R,214,R,302,R,2,R,773,R,29,R,39,R,899,R,0,R,817,R,1269,R,250,R,0
2019,191241,09,R,502,R,213,R,289,R,1,R,59,R,29,R,41,R,0,R,310,R,5,R,20,R,37,R,0,R,39,R,425,R,38,R,0
2019,191241,10,R,81,R,34,R,47,R,0,R,3,R,2,R,5,R,0,R,33,R,1,R,0,R,37,R,0,R,12,R,57,R,12,R,0
2019,193900,01,R,21,R,6,R,15,R,0,R,1,R,1,R,3,R,0,R,12,R,1,R,3,R,0,R,0,R,7,R,14,R,0,R,0
2019,193900,03,R,83,R,23,R,60,R,0,R,12,R,9,R,20,R,0,R,24,R,3,R,4,R,11,R,1,R,29,R,45,R,8,R,0
2019,193900,05,R,6145,R,2556,R,3589,R,7,R,1273,R,329,R,762,R,11,R,2013,R,254,R,380,R,1116,R,0,R,5657,R,458,R,30,R,0
2019,193900,07,R,9465,R,3987,R,5478,R,8,R,717,R,411,R,598,R,6,R,2678,R,182,R,718,R,4147,R,0,R,2496,R,6447,R,522,R,0
2019,193900,09,R,1518,R,747,R,771,R,1,R,252,R,50,R,114,R,0,R,655,R,48,R,100,R,298,R,0,R,73,R,1387,R,58,R,0
2019,193900,10,R,174,R,62,R,112,R,0,R,23,R,8,R,12,R,0,R,72,R,6,R,13,R,40,R,0,R,14,R,145,R,15,R,0
2019,194824,05,R,1350,R,905,R,445,R,2,R,141,R,49,R,107,R,0,R,760,R,101,R,17,R,173,R,1,R,1276,R,68,R,5,R,0
2019,194824,07,R,367,R,235,R,132,R,0,R,28,R,11,R,13,R,0,R,150,R,20,R,6,R,139,R,0,R,225,R,138,R,4,R,0
2019,194824,09,R,148,R,112,R,36,R,0,R,9,R,1,R,5,R,0,R,61,R,1,R,5,R,66,R,0,R,0,R,144,R,4,R,0
2019,195003,01,R,24,R,2,R,22,R,0,R,0,R,3,R,1,R,0,R,16,R,2,R,2,R,0,R,0,R,10,R,13,R,1,R,0
2019,195003,03,R,132,R,73,R,59,R,0,R,16,R,15,R,16,R,0,R,61,R,5,R,13,R,6,R,0,R,94,R,37,R,1,R,0
2019,195003,05,R,2561,R,1661,R,900,R,5,R,216,R,112,R,151,R,0,R,1748,R,78,R,79,R,172,R,0,R,2223,R,297,R,39,R,2
2019,195003,07,R,1120,R,706,R,414,R,0,R,40,R,19,R,32,R,0,R,401,R,13,R,39,R,576,R,0,R,418,R,647,R,54,R,1
2019,195003,09,R,33,R,24,R,9,R,0,R,1,R,0,R,0,R,0,R,13,R,0,R,1,R,18,R,0,R,0,R,33,R,0,R,0
2019,195003,10,R,123,R,76,R,47,R,0,R,2,R,1,R,2,R,0,R,29,R,3,R,8,R,78,R,0,R,34,R,71,R,18,R,0
2019,195030,05,R,1567,R,755,R,812,R,2,R,198,R,62,R,111,R,2,R,758,R,35,R,100,R,299,R,0,R,1364,R,176,R,27,R,0
2019,195030,07,R,1368,R,677,R,691,R,2,R,54,R,44,R,52,R,1,R,509,R,22,R,38,R,646,R,0,R,599,R,693,R,76,R,0
2019,195030,09,R,351,R,180,R,171,R,0,R,32,R,18,R,13,R,0,R,181,R,5,R,29,R,73,R,0,R,0,R,326,R,25,R,0
2019,195030,10,R,140,R,50,R,90,R,1,R,6,R,5,R,11,R,0,R,74,R,2,R,8,R,33,R,0,R,16,R,93,R,31,R,0
2019,196079,05,R,3521,R,1763,R,1758,R,2,R,489,R,169,R,340,R,0,R,2110,R,78,R,50,R,283,R,0,R,3249,R,260,R,12,R,0
2019,196079,07,R,1135,R,598,R,537,R,0,R,69,R,41,R,78,R,1,R,513,R,18,R,7,R,408,R,0,R,518,R,571,R,46,R,0
2019,196079,09,R,150,R,84,R,66,R,0,R,7,R,2,R,4,R,0,R,59,R,0,R,11,R,67,R,0,R,0,R,128,R,22,R,0
2019,196079,10,R,53,R,14,R,39,R,0,R,1,R,8,R,1,R,0,R,37,R,1,R,1,R,4,R,0,R,7,R,29,R,17,R,0
2019,196088,02,R,46,R,31,R,15,R,0,R,8,R,2,R,3,R,0,R,28,R,0,R,0,R,5,R,0,R,42,R,4,R,0,R,0
2019,196088,05,R,4823,R,2620,R,2203,R,13,R,641,R,311,R,302,R,2,R,2303,R,100,R,209,R,942,R,0,R,3917,R,869,R,37,R,0
2019,196088,07,R,2242,R,1149,R,1093,R,6,R,113,R,80,R,56,R,0,R,906,R,19,R,116,R,946,R,0,R,670,R,1461,R,111,R,0
2019,196088,09,R,1038,R,524,R,514,R,3,R,121,R,52,R,32,R,0,R,528,R,13,R,77,R,212,R,0,R,39,R,918,R,81,R,0
2019,196088,10,R,170,R,56,R,114,R,0,R,7,R,9,R,12,R,0,R,100,R,2,R,15,R,25,R,0,R,29,R,119,R,22,R,0
2019,196097,05,R,4382,R,2240,R,2142,R,7,R,1016,R,269,R,549,R,5,R,1550,R,98,R,243,R,645,R,0,R,3701,R,637,R,44,R,0
2019,196097,07,R,2539,R,1062,R,1477,R,8,R,220,R,177,R,219,R,3,R,1056,R,33,R,159,R,664,R,0,R,859,R,1388,R,292,R,0
2019,196097,09,R,638,R,316,R,322,R,1,R,79,R,24,R,21,Z,0,R,264,R,9,R,48,R,192,R,0,R,25,R,575,R,38,R,0
2019,196097,10,R,297,R,90,R,207,Z,0,R,17,R,14,R,23,Z,0,R,159,R,8,R,51,R,25,R,0,R,25,R,183,R,89,R,0
2019,196413,01,R,5,R,1,R,4,R,0,R,1,R,0,R,0,R,0,R,2,R,1,R,1,R,0,R,0,R,0,R,1,R,4,R,0
2019,196413,03,R,8,R,3,R,5,R,0,R,0,R,6,R,0,R,0,R,2,R,0,R,0,R,0,R,0,R,2,R,4,R,2,R,0
2019,196413,05,R,3401,R,1480,R,1921,R,16,R,276,R,247,R,318,R,2,R,1949,R,101,R,67,R,425,R,0,R,3198,R,176,R,27,R,0
2019,196413,07,R,2505,R,1216,R,1289,R,8,R,91,R,210,R,146,R,5,R,1025,R,64,R,45,R,911,R,0,R,590,R,1625,R,290,R,0
2019,196413,09,R,350,R,159,R,191,R,1,R,18,R,10,R,17,R,0,R,216,R,6,R,10,R,72,R,0,R,32,R,291,R,27,R,0
2019,196413,10,R,458,R,228,R,230,R,4,R,9,R,18,R,16,R,0,R,160,R,13,R,15,R,223,R,0,R,100,R,289,R,69,R,0
2019,197708,03,R,507,R,272,R,235,Z,0,Z,0,R,1,R,5,Z,0,R,471,R,1,R,2,R,27,Z,0,R,490,R,17,Z,0,Z,0
2019,197708,05,R,587,R,285,R,302,Z,0,Z,0,R,1,R,5,Z,0,R,543,R,2,R,3,R,33,R,1,R,554,R,31,R,1,Z,0
2019,197708,07,R,399,R,149,R,250,Z,0,R,5,R,16,R,24,Z,0,R,118,R,1,R,120,R,115,Z,0,R,92,R,265,R,42,Z,0
2019,197708,09,R,378,R,155,R,223,R,1,R,32,R,11,R,28,R,1,R,183,R,12,R,81,R,29,Z,0,R,41,R,329,R,8,Z,0
2019,197708,10,R,27,R,5,R,22,Z,0,R,1,R,2,R,3,Z,0,R,10,Z,0,R,8,R,3,Z,0,R,5,R,9,R,13,Z,0
2019,198419,05,R,1858,R,896,R,962,R,4,R,364,R,142,R,199,R,1,R,881,R,54,R,48,R,165,Z,0,R,1712,R,137,R,9,Z,0
2019,198419,07,R,2962,R,1533,R,1429,R,5,R,260,R,140,R,117,R,3,R,1087,R,48,R,88,R,1214,Z,0,R,612,R,2131,R,218,R,1
2019,198419,09,R,884,R,439,R,445,R,4,R,97,R,42,R,52,R,0,R,481,R,22,R,34,R,152,Z,0,R,4,R,833,R,46,R,1
2019,198419,10,R,85,R,9,R,76,Z,0,R,10,R,11,R,4,Z,0,R,55,R,2,R,3,R,0,Z,0,R,2,R,44,R,39,Z,0
2019,199120,02,R,1,R,0,R,1,R,0,R,0,R,0,R,0,R,0,R,1,R,0,R,0,R,0,R,0,R,1,R,0,R,0,R,0
2019,199120,05,R,4662,R,1909,R,2753,R,27,R,484,R,326,R,386,R,4,R,2936,R,209,R,154,R,136,R,0,R,4406,R,218,R,38,R,0
2019,199120,07,R,2372,R,1139,R,1233,R,4,R,166,R,152,R,132,R,7,R,1464,R,118,R,84,R,245,R,0,R,414,R,1671,R,287,R,0
2019,199120,09,R,1179,R,515,R,664,R,4,R,99,R,86,R,55,R,2,R,744,R,39,R,45,R,105,R,0,R,90,R,1025,R,64,R,0
2019,199120,10,R,1,R,0,R,1,R,0,R,0,R,0,R,0,R,0,R,1,R,0,R,0,R,0,R,0,R,0,R,0,R,1,R,0
2019,199193,03,R,108,R,90,R,18,R,0,R,0,R,3,R,2,R,0,R,91,R,6,R,6,R,0,R,0,R,96,R,9,R,3,R,0
2019,199193,05,R,5544,R,2888,R,2656,R,13,R,353,R,306,R,305,R,4,R,4007,R,232,R,182,R,142,R,0,R,5006,R,492,R,46,R,0
2019,199193,07,R,2754,R,1519,R,1235,R,6,R,147,R,150,R,101,R,3,R,1288,R,59,R,75,R,925,R,0,R,1163,R,1401,R,190,R,0
2019,199193,09,R,663,R,340,R,323,R,3,R,36,R,44,R,28,R,0,R,322,R,14,R,9,R,207,R,0,R,4,R,589,R,70,R,0
2019,199847,05,R,1201,R,541,R,660,R,3,R,50,R,78,R,71,Z,0,R,849,R,37,Z,0,R,113,Z,0,R,1193,R,8,Z,0,Z,0
2019,199847,07,R,935,R,355,R,580,R,1,R,40,R,103,R,41,R,3,R,547,R,14,R,24,R,162,Z,0,R,352,R,508,R,75,Z,0
2019,199847,09,R,338,R,169,R,169,Z,0,R,26,R,34,R,18,Z,0,R,224,R,3,R,14,R,19,R,0,R,26,R,307,R,5,Z,0
2019,199847,10,R,3,R,2,R,1,Z,0,Z,0,Z,0,Z,0,Z,0,R,3,Z,0,Z,0,Z,0,Z,0,Z,0,R,1,R,2,Z,0
2019,201645,05,R,1112,R,586,R,526,R,0,R,250,R,46,R,70,R,2,R,532,R,54,R,16,R,142,R,0,R,1091,R,18,R,3,R,0
2019,201645,07,R,1658,R,699,R,959,R,1,R,168,R,129,R,81,R,2,R,686,R,40,R,45,R,506,R,0,R,621,R,874,R,163,R,0
2019,201645,09,R,667,R,314,R,353,R,0,R,114,R,43,R,29,R,0,R,346,R,7,R,23,R,105,R,0,R,30,R,576,R,61,R,0
2019,201645,10,R,30,R,2,R,28,R,0,R,1,R,2,R,3,R,0,R,19,R,1,R,2,R,2,R,0,R,7,R,21,R,2,R,0
2019,204796,01,R,21,R,9,R,12,Z,0,R,1,R,1,Z,0,Z,0,R,17,Z,0,R,1,R,1,Z,0,R,21,Z,0,Z,0,Z,0
2019,204796,02,R,2,R,0,R,2,Z,0,Z,0,Z,0,Z,0,Z,0,R,2,Z,0,Z,0,Z,0,Z,0,R,2,Z,0,Z,0,Z,0
2019,204796,03,R,3,Z,0,R,3,Z,0,Z,0,Z,0,Z,0,Z,0,R,2,Z,0,R,1,Z,0,Z,0,R,1,R,2,Z,0,Z,0
2019,204796,05,R,10906,R,5459,R,5447,R,9,R,675,R,565,R,422,R,6,R,7749,R,372,R,265,R,843,Z,0,R,9681,R,1120,R,105,Z,0
2019,204796,07,R,2735,R,1156,R,1579,R,2,R,95,R,133,R,96,R,1,R,1601,R,74,R,121,R,612,Z,0,R,869,R,1655,R,211,Z,0
2019,204796,09,R,1687,R,778,R,909,R,5,R,132,R,70,R,77,R,1,R,995,R,42,R,79,R,286,Z,0,R,63,R,1538,R,86,Z,0
2019,204796,10,R,45,R,26,R,19,Z,0,R,8,R,4,R,1,Z,0,R,29,Z,0,R,2,R,1,Z,0,R,1,R,30,R,14,Z,0
2019,211440,05,R,1487,R,799,R,688,R,1,R,470,R,77,R,139,R,0,R,394,R,51,R,75,R,280,R,0,R,1456,R,31,R,0,R,0
2019,211440,07,R,3103,R,1897,R,1206,R,1,R,280,R,66,R,84,R,2,R,571,R,31,R,117,R,1951,R,0,R,1364,R,1666,R,72,R,1
2019,211440,09,R,322,R,235,R,87,R,0,R,19,R,3,R,1,R,0,R,84,R,4,R,24,R,187,R,0,R,0,R,311,R,11,R,0
2019,211440,10,R,45,R,24,R,21,R,0,R,4,R,0,R,1,R,0,R,27,R,1,R,1,R,11,R,0,R,8,R,35,R,2,R,0
2019,212054,02,R,116,R,16,R,100,R,0,R,11,R,19,R,4,R,1,R,69,R,1,R,3,R,8,R,0,R,45,R,42,R,29,Z,0
2019,212054,05,R,3441,R,1620,R,1821,R,5,R,532,R,206,R,209,R,20,R,1898,R,107,R,71,R,393,R,0,R,2546,R,740,R,155,Z,0
2019,212054,07,R,2238,R,764,R,1474,R,2,R,157,R,239,R,138,R,0,R,1150,R,45,R,156,R,351,R,0,R,394,R,1492,R,352,Z,0
2019,212054,09,R,679,R,316,R,363,R,0,R,111,R,43,R,31,R,0,R,397,R,19,R,23,R,55,R,0,R,13,R,587,R,79,Z,0
2019,212054,10,R,247,R,75,R,172,R,0,R,16,R,31,R,12,R,0,R,143,R,6,R,12,R,27,R,0,R,22,R,142,R,83,Z,0
2019,213543,05,R,1145,R,623,R,522,R,1,R,106,R,33,R,108,R,0,R,724,R,39,R,42,R,92,R,0,R,1122,R,23,R,0,R,0
2019,213543,07,R,536,R,300,R,236,R,0,R,15,R,15,R,28,R,1,R,273,R,7,R,5,R,192,R,0,R,248,R,247,R,41,R,0
2019,213543,09,R,107,R,64,R,43,R,0,R,0,R,1,R,1,R,0,R,27,R,2,R,23,R,53,R,0,R,1,R,94,R,12,R,0
2019,213543,10,R,6,R,2,R,4,R,0,R,0,R,0,R,0,R,0,R,6,R,0,R,0,R,0,R,0,R,2,R,3,R,1,R,0
2019,214777,01,R,491,R,252,R,239,R,1,R,20,R,14,R,30,R,0,R,347,R,14,R,7,R,58,R,0,R,482,R,9,R,0,R,0
2019,214777,02,R,140,R,98,R,42,R,0,R,11,R,2,R,10,R,0,R,97,R,6,R,3,R,11,R,0,R,129,R,11,R,0,R,0
2019,214777,03,R,2,R,2,R,0,R,0,R,1,R,1,R,0,R,0,R,0,R,0,R,0,R,0,R,0,R,2,R,0,R,0,R,0
2019,214777,05,R,10052,R,5245,R,4807,R,5,R,648,R,403,R,603,R,8,R,6556,R,308,R,182,R,1339,R,0,R,9657,R,383,R,12,R,0
2019,214777,07,R,1406,R,749,R,657,R,1,R,58,R,40,R,67,R,1,R,664,R,44,R,20,R,511,R,0,R,682,R,673,R,51,R,0
2019,214777,09,R,774,R,434,R,340,R,0,R,32,R,21,R,34,R,1,R,358,R,10,R,20,R,298,R,0,R,21,R,704,R,49,R,0
2019,214777,10,R,26,R,8,R,18,R,0,R,0,R,1,R,3,R,0,R,13,R,0,R,1,R,8,R,0,R,4,R,19,R,3,R,0
2019,215062,05,R,2730,R,1315,R,1415,R,2,R,549,R,191,R,290,R,0,R,1232,R,104,R,46,R,316,R,0,R,2418,R,303,R,9,R,0
2019,215062,07,R,4030,R,1782,R,2248,R,4,R,505,R,220,R,233,R,1,R,1563,R,95,R,88,R,1321,R,0,R,335,R,3362,R,333,R,0
2019,215062,09,R,1206,R,568,R,638,R,0,R,151,R,59,R,78,R,1,R,683,R,33,R,23,R,178,R,0,R,0,R,1115,R,91,R,0
2019,215062,10,R,105,R,50,R,55,R,1,R,18,R,1,R,1,R,0,R,31,R,0,R,2,R,51,R,0,R,0,R,98,R,7,R,0
2019,215293,01,R,909,R,312,R,597,R,1,R,87,R,47,R,37,R,1,R,673,R,37,R,14,R,12,R,0,R,861,R,40,R,8,R,0
2019,215293,03,R,30,R,0,R,30,R,0,R,4,R,1,R,2,R,0,R,21,R,1,R,1,R,0,R,0,R,17,R,11,R,2,R,0
2019,215293,05,R,4604,R,2187,R,2417,R,2,R,400,R,199,R,150,R,5,R,3384,R,182,R,63,R,219,R,0,R,4228,R,339,R,37,R,0
2019,215293,07,R,2090,R,854,R,1236,R,0,R,75,R,91,R,59,R,1,R,1054,R,42,R,122,R,646,R,0,R,796,R,1185,R,109,R,0
2019,215293,09,R,997,R,458,R,539,R,2,R,97,R,40,R,36,R,0,R,577,R,26,R,60,R,159,R,0,R,126,R,803,R,68,R,0
2019,215293,10,R,307,R,87,R,220,R,0,R,11,R,15,R,9,R,0,R,171,R,10,R,45,R,46,R,0,R,71,R,200,R,36,R,0
2019,216597,01,R,7,R,4,R,3,Z,0,Z,0,R,1,Z,0,R,0,R,6,Z,0,R,0,Z,0,Z,0,R,7,Z,0,Z,0,Z,0
2019,216597,03,R,2,R,2,Z,0,Z,0,Z,0,R,2,Z,0,Z,0,Z,0,Z,0,Z,0,Z,0,Z,0,Z,0,Z,0,R,2,Z,0
2019,216597,05,R,1801,R,771,R,1030,R,3,R,122,R,89,R,138,Z,0,R,1340,R,54,R,28,R,27,R,0,R,1639,R,122,R,40,Z,0
2019,216597,07,R,1304,R,631,R,673,R,2,R,53,R,74,R,95,R,1,R,857,R,22,R,108,R,92,R,0,R,188,R,889,R,227,Z,0
2019,216597,09,R,223,R,110,R,113,Z,0,R,7,R,12,R,13,R,1,R,166,R,8,R,8,R,8,R,0,R,13,R,197,R,13,Z,0
2019,216597,10,R,195,R,69,R,126,Z,0,R,3,R,16,R,19,Z,0,R,137,R,4,R,9,R,7,R,0,R,22,R,121,R,52,R,0
2019,217156,05,R,1697,R,767,R,930,R,5,R,239,R,104,R,182,R,2,R,747,R,131,R,109,R,178,R,0,R,1663,R,33,R,1,R,0
2019,217156,07,R,843,R,428,R,415,R,2,R,79,R,46,R,59,R,0,R,289,R,28,R,62,R,278,R,0,R,340,R,428,R,75,R,0
2019,217156,09,R,353,R,191,R,162,R,1,R,40,R,17,R,21,R,0,R,154,R,6,R,32,R,82,R,0,R,0,R,344,R,9,R,0
2019,217882,01,R,154,R,71,R,83,R,2,R,3,R,6,R,4,R,0,R,132,R,5,R,0,R,2,R,0,R,152,R,2,R,0,R,0
2019,217882,05,R,4536,R,2275,R,2261,R,7,R,116,R,269,R,149,R,1,R,3833,R,116,R,12,R,33,R,0,R,4241,R,273,R,22,R,0
2019,217882,07,R,1518,R,766,R,752,R,1,R,25,R,89,R,45,R,2,R,1054,R,19,R,29,R,254,R,0,R,490,R,901,R,127,R,0
2019,217882,09,R,243,R,140,R,103,R,0,R,3,R,5,R,3,R,0,R,106,R,2,R,9,R,115,R,0,R,1,R,216,R,26,R,0
2019,217882,10,R,167,R,65,R,102,R,1,R,4,R,12,R,3,R,0,R,111,R,2,R,4,R,30,R,0,R,28,R,112,R,27,R,0
2019,217925,02,R,1,R,0,R,1,R,0,R,0,R,0,R,0,R,0,R,0,R,0,R,0,R,1,R,0,R,0,R,0,R,1,R,0
2019,217925,03,R,14,R,12,R,2,R,0,R,0,R,2,R,2,R,0,R,9,R,0,R,1,R,0,R,0,R,1,R,5,R,8,R,0
2019,217925,05,R,112,R,51,R,61,R,0,R,1,R,14,R,3,R,0,R,78,R,2,R,1,R,13,R,0,R,92,R,15,R,5,R,0
2019,217925,07,R,175,R,82,R,93,R,0,R,7,R,20,R,0,R,0,R,81,R,0,R,4,R,63,R,0,R,19,R,97,R,59,R,0
2019,217925,09,R,21,R,20,R,1,R,0,R,0,R,1,R,1,R,0,R,17,R,0,R,0,R,2,R,0,R,0,R,4,R,17,R,0
2019,217925,10,R,13,R,9,R,4,R,0,R,1,R,0,R,0,R,0,R,6,R,0,R,0,R,6,R,0,R,0,R,4,R,9,R,0
2019,221999,05,R,1700,R,852,R,848,R,5,R,227,R,142,R,156,R,3,R,866,R,95,R,81,R,125,R,0,R,1682,R,18,R,0,R,0
2019,221999,07,R,1379,R,517,R,862,R,2,R,51,R,87,R,50,R,0,R,943,R,28,R,19,R,199,R,0,R,425,R,867,R,87,R,0
2019,221999,09,R,696,R,327,R,369,R,2,R,38,R,55,R,46,R,4,R,439,R,21,R,22,R,69,R,0,R,33,R,608,R,55,R,0
2019,221999,10,R,39,R,4,R,35,R,0,R,1,R,2,R,2,R,0,R,33,R,1,R,0,R,0,R,0,R,0,R,20,R,19,R,0
2019,223232,05,R,3419,R,1344,R,2075,R,10,R,206,R,212,R,515,R,0,R,2208,R,160,R,11,R,97,R,0,R,3136,R,266,R,17,R,0
2019,223232,07,R,840,R,391,R,449,R,3,R,28,R,50,R,78,R,1,R,555,R,45,R,14,R,66,R,0,R,235,R,499,R,106,R,0
2019,223232,09,R,279,R,156,R,123,R,1,R,10,R,8,R,26,R,1,R,197,R,7,R,12,R,17,R,0,R,4,R,241,R,34,R,0
2019,223232,10,R,3,R,1,R,2,R,0,R,1,R,0,R,0,R,0,R,2,R,0,R,0,R,0,R,0,R,0,R,3,R,0,R,0
2019,227757,05,R,980,R,517,R,463,R,2,R,252,R,60,R,128,R,0,R,353,R,40,R,23,R,122,R,0,R,966,R,14,R,0,R,0
2019,227757,07,R,896,R,579,R,317,R,0,R,96,R,34,R,57,R,0,R,377,R,18,R,24,R,290,R,0,R,235,R,586,R,75,R,0
2019,227757,09,R,233,R,146,R,87,R,0,R,14,R,6,R,13,R,0,R,78,R,3,R,7,R,112,R,0,R,2,R,219,R,12,R,0
2019,228246,05,R,1518,R,763,R,755,R,4,R,99,R,63,R,164,R,1,R,985,R,62,R,2,R,138,R,0,R,1431,R,78,R,9,R,0
2019,228246,07,R,1780,R,977,R,803,R,4,R,128,R,125,R,163,R,1,R,808,R,38,R,7,R,506,R,0,R,525,R,1057,R,198,R,0
2019,228246,09,R,368,R,185,R,183,R,0,R,22,R,26,R,42,R,0,R,223,R,9,R,5,R,41,R,0,R,37,R,285,R,46,R,0
2019,228246,10,R,72,R,50,R,22,R,0,R,2,R,4,R,7,R,0,R,31,R,2,R,0,R,26,R,0,R,19,R,44,R,9,R,0
2019,228723,01,R,748,R,237,R,511,R,1,R,41,R,22,R,155,R,0,R,498,R,24,R,2,R,5,R,0,R,713,R,33,R,2,R,0
2019,228723,05,R,12866,R,6279,R,6587,R,36,R,799,R,388,R,2933,R,14,R,8157,R,372,R,20,R,147,R,0,R,11686,R,1127,R,53,R,0
2019,228723,07,R,3474,R,1861,R,1613,R,4,R,185,R,120,R,398,R,0,R,1603,R,76,R,77,R,1011,R,0,R,1104,R,2120,R,250,R,0
2019,228723,09,R,1438,R,763,R,675,R,1,R,172,R,57,R,175,R,0,R,545,R,33,R,37,R,418,R,0,R,5,R,1319,R,114,R,0
2019,228723,10,R,399,R,175,R,224,R,1,R,25,R,13,R,42,R,0,R,218,R,6,R,9,R,85,R,0,R,67,R,270,R,62,R,0
2019,228778,01,R,1142,R,485,R,657,R,1,R,322,R,27,R,227,R,1,R,460,R,48,R,15,R,41,R,0,R,1113,R,28,R,1,Z,0
2019,228778,05,R,9582,R,4417,R,5165,R,4,R,2140,R,358,R,2063,R,11,R,4136,R,357,R,93,R,420,R,0,R,8935,R,611,R,36,R,0
2019,228778,07,R,2966,R,1500,R,1466,R,5,R,288,R,100,R,367,R,1,R,1355,R,53,R,59,R,738,R,0,R,898,R,1926,R,142,R,0
2019,228778,09,R,1302,R,709,R,593,R,2,R,111,R,42,R,125,R,1,R,601,R,32,R,47,R,341,R,0,R,64,R,1149,R,89,R,0
2019,228778,10,R,10,R,4,R,6,R,0,R,0,R,1,R,1,Z,0,R,6,R,0,R,0,R,2,R,0,R,0,R,8,R,2,R,0
2019,228875,02,R,17,R,15,R,2,R,0,R,0,R,0,R,1,R,0,R,5,R,0,R,10,R,1,R,0,R,10,R,6,R,1,R,0
2019,228875,05,R,2185,R,803,R,1382,R,15,R,60,R,111,R,258,R,3,R,1594,R,12,R,26,R,106,R,0,R,2038,R,134,R,13,R,0
2019,228875,07,R,478,R,208,R,270,R,3,R,15,R,21,R,51,R,0,R,299,R,11,R,42,R,36,R,0,R,179,R,248,R,51,R,0
2019,228875,09,R,122,R,43,R,79,R,0,R,2,R,5,R,6,R,1,R,93,R,4,R,6,R,5,R,0,R,0,R,91,R,31,R,0
2019,228875,10,R,29,R,21,R,8,R,0,R,0,R,0,R,3,R,0,R,18,R,0,R,3,R,5,R,0,R,5,R,14,R,10,R,0
2019,231624,05,R,1653,R,682,R,971,R,1,R,132,R,108,R,138,R,1,R,1001,R,76,R,100,R,96,R,0,R,1602,R,48,R,3,Z,0
2019,231624,07,R,734,R,390,R,344,R,1,R,26,R,57,R,40,R,2,R,417,R,23,R,21,R,147,Z,0,R,232,R,408,R,94,Z,0
2019,231624,09,R,315,R,152,R,163,R,2,R,10,R,29,R,19,Z,0,R,216,R,9,R,9,R,21,Z,0,R,37,R,251,R,27,Z,0
2019,231624,10,R,16,R,3,R,13,Z,0,Z,0,Z,0,Z,0,Z,0,R,13,Z,0,R,2,R,1,Z,0,R,5,R,10,R,1,Z,0
2019,234076,01,R,4,R,1,R,3,R,0,R,0,R,1,R,0,R,0,R,1,R,1,R,1,R,0,R,0,R,1,R,3,R,0,R,0
2019,234076,02,R,25,R,17,R,8,R,0,R,3,R,3,R,1,R,0,R,15,R,2,R,1,R,0,R,0,R,0,R,20,R,5,R,0
2019,234076,05,R,4148,R,1869,R,2279,R,7,R,569,R,253,R,260,R,1,R,2422,R,198,R,254,R,184,R,1,R,3949,R,156,R,42,R,0
2019,234076,07,R,2070,R,971,R,1099,R,1,R,121,R,106,R,115,R,0,R,1167,R,63,R,29,R,468,R,0,R,789,R,1142,R,139,R,0
2019,234076,09,R,774,R,412,R,362,R,0,R,70,R,44,R,32,R,0,R,473,R,23,R,32,R,100,R,0,R,45,R,697,R,32,R,0
2019,234076,10,R,297,R,203,R,94,R,0,R,7,R,13,R,6,R,0,R,91,R,7,R,164,R,9,R,0,R,13,R,105,R,179,R,0
2019,236948,05,R,8027,R,3684,R,4343,R,38,R,1949,R,236,R,578,R,32,R,3403,R,562,R,124,R,1105,R,0,R,6935,R,971,R,118,R,3
2019,236948,07,R,4057,R,1869,R,2188,R,17,R,494,R,119,R,239,R,7,R,2012,R,186,R,81,R,902,R,0,R,869,R,2848,R,340,R,0
2019,236948,09,R,1467,R,658,R,809,R,10,R,190,R,37,R,84,R,1,R,819,R,60,R,52,R,214,R,0,R,26,R,1336,R,105,R,0
2019,236948,10,R,13,R,0,R,13,R,0,R,4,R,0,R,1,R,0,R,7,R,0,R,0,R,1,R,0,R,2,R,11,R,0,R,0
2019,239105,05,R,1767,R,764,R,1003,R,1,R,121,R,62,R,191,R,2,R,1247,R,78,R,8,R,57,R,0,R,1709,R,46,R,12,R,0
2019,239105,07,R,651,R,235,R,416,R,3,R,22,R,17,R,34,R,0,R,457,R,14,R,46,R,58,R,0,R,224,R,389,R,38,R,0
2019,239105,09,R,410,R,188,R,222,R,2,R,31,R,12,R,36,R,0,R,296,R,9,R,10,R,14,R,0,R,97,R,293,R,20,R,0
2019,239105,10,R,25,R,8,R,17,R,0,R,3,R,2,R,1,R,0,R,17,R,0,R,2,R,0,R,0,R,2,R,18,R,5,R,0
2019,240444,01,R,2172,R,803,R,1369,R,3,R,126,R,41,R,111,R,0,R,1657,R,61,R,6,R,167,R,0,R,2125,R,42,R,5,R,0
2019,240444,05,R,7197,R,3486,R,3711,R,10,R,397,R,127,R,327,R,5,R,5366,R,203,R,25,R,737,R,0,R,6823,R,330,R,44,R,0
2019,240444,07,R,2313,R,1139,R,1174,R,5,R,84,R,52,R,90,R,4,R,1354,R,43,R,45,R,636,R,0,R,793,R,1412,R,108,R,0
2019,240444,09,R,1536,R,781,R,755,R,3,R,96,R,36,R,65,R,0,R,920,R,35,R,81,R,300,R,0,R,88,R,1370,R,78,R,0
2019,240444,10,R,266,R,149,R,117,R,0,R,20,R,6,R,16,R,0,R,178,R,3,R,5,R,38,R,0,R,44,R,198,R,24,R,0
2019,243744,05,R,1785,R,898,R,887,R,14,R,381,R,97,R,264,R,7,R,652,R,197,R,6,R,167,R,0,R,1707,R,72,R,6,R,0
2019,243744,07,R,2343,R,1358,R,985,R,2,R,418,R,57,R,192,R,1,R,736,R,110,R,12,R,815,R,0,R,1012,R,1290,R,41,R,0
2019,243744,09,R,1037,R,610,R,427,R,3,R,165,R,34,R,70,R,0,R,439,R,49,R,7,R,270,R,0,R,10,R,1003,R,24,R,0
2019,243744,10,R,5,R,2,R,3,R,0,R,0,R,0,R,1,R,0,R,0,R,0,R,0,R,4,R,0,R,0,R,3,R,2,R,0
2019,243780,01,R,610,R,380,R,230,R,1,R,55,R,14,R,27,R,1,R,381,R,11,R,21,R,99,R,0,R,563,R,40,R,7,R,0
2019,243780,03,R,48,R,16,R,32,R,0,R,0,R,0,R,4,R,0,R,41,R,1,R,1,R,1,R,0,R,22,R,16,R,10,R,0
2019,243780,05,R,6898,R,3970,R,2928,R,7,R,543,R,174,R,293,R,6,R,4351,R,173,R,200,R,1151,R,0,R,6482,R,391,R,25,R,0
2019,243780,07,R,2290,R,1220,R,1070,R,6,R,102,R,81,R,94,R,1,R,1106,R,39,R,20,R,841,R,0,R,630,R,1364,R,296,R,0
2019,243780,09,R,979,R,501,R,478,R,5,R,51,R,20,R,28,R,1,R,409,R,13,R,26,R,426,R,0,R,107,R,830,R,42,R,0
2019,243780,10,R,217,R,60,R,157,R,0,R,9,R,16,R,19,R,0,R,144,R,7,R,1,R,21,R,0,R,15,R,148,R,54,R,0
2019,445188,05,R,1415,R,657,R,758,R,1,R,312,R,56,R,698,R,11,R,183,R,46,R,10,R,98,R,0,R,1302,R,107,R,6,R,0
2019,445188,07,R,55,R,24,R,31,R,0,R,6,R,2,R,13,R,0,R,9,R,2,R,1,R,22,R,0,R,8,R,42,R,5,R,0
2019,445188,09,R,63,R,40,R,23,R,0,R,7,R,2,R,6,R,1,R,27,R,3,R,2,R,15,R,0,R,0,R,58,R,5,R,0
2021,100858,05,R,5641,R,2816,R,2825,R,13,R,118,R,260,R,192,R,3,R,4517,R,122,R,13,R,403,Z,0,R,5106,R,509,R,26,Z,0
2021,100858,07,R,1259,R,613,R,646,R,6,R,36,R,86,R,53,R,1,R,811,R,23,R,7,R,236,Z,0,R,392,R,720,R,147,Z,0
2021,100858,09,R,531,R,200,R,331,Z,0,R,15,R,40,R,16,Z,0,R,358,R,3,R,1,R,98,Z,0,R,25,R,465,R,41,Z,0
2021,100858,10,R,353,R,186,R,167,R,1,R,8,R,34,R,13,R,1,R,247,R,8,R,3,R,38,Z,0,R,39,R,223,R,91,Z,0
2021,100858,12,R,4,R,1,R,3,Z,0,Z,0,R,1,Z,0,Z,0,R,3,Z,0,Z,0,Z,0,Z,0,R,1,R,3,Z,0,Z,0
2021,110404,05,R,227,R,126,R,101,R,0,R,96,R,4,R,30,R,0,R,56,R,19,R,0,R,22,R,0,R,220,R,7,R,0,R,0
2021,110404,07,R,116,R,71,R,45,R,0,R,13,R,2,R,4,R,0,R,38,R,3,R,0,R,56,R,0,R,56,R,60,R,0,R,0
2021,110404,09,R,184,R,126,R,58,R,0,R,20,R,1,R,6,R,0,R,66,R,5,R,1,R,85,R,0,R,0,R,182,R,2,R,0
2021,110635,05,R,9024,R,4118,R,4906,R,8,R,3129,R,175,R,1444,R,14,R,2289,R,540,R,356,R,1069,R,1,R,7896,R,1018,R,109,R,0
2021,110635,07,R,2851,R,1545,R,1306,R,4,R,559,R,77,R,234,R,2,R,813,R,94,R,78,R,990,R,0,R,755,R,1878,R,218,R,0
2021,110635,09,R,1185,R,655,R,530,R,3,R,175,R,31,R,98,R,0,R,482,R,54,R,99,R,243,R,0,R,28,R,1106,R,51,R,0
2021,110635,10,R,70,R,13,R,57,R,0,R,21,R,1,R,18,R,0,R,22,R,2,R,0,R,6,R,0,R,10,R,59,R,1,R,0
2021,110644,05,R,8748,R,3490,R,5258,R,16,R,2385,R,169,R,1918,R,34,R,2054,R,497,R,131,R,1544,R,0,R,7572,R,1109,R,67,R,0
2021,110644,07,R,1217,R,554,R,663,R,6,R,182,R,28,R,131,R,4,R,427,R,65,R,24,R,350,R,0,R,320,R,810,R,87,R,0
2021,110644,09,R,913,R,391,R,522,R,3,R,141,R,19,R,120,R,0,R,397,R,49,R,15,R,169,R,0,R,25,R,841,R,47,R,0
2021,110644,10,R,12,R,2,R,10,R,0,R,3,R,0,R,2,R,0,R,3,R,3,R,0,R,1,R,0,R,3,R,8,R,1,R,0
2021,110653,05,R,8883,R,4139,R,4744,R,4,R,3266,R,162,R,2213,R,17,R,1215,R,390,R,129,R,1487,R,1,R,7993,R,845,R,44,R,0
2021,110653,07,R,1607,R,807,R,800,R,2,R,358,R,39,R,207,R,0,R,394,R,58,R,84,R,465,R,0,R,577,R,960,R,70,R,0
2021,110653,09,R,709,R,362,R,347,R,1,R,107,R,21,R,77,R,0,R,285,R,31,R,35,R,152,R,0,R,25,R,656,R,28,R,0
2021,110653,10,R,144,R,35,R,109,R,0,R,49,R,0,R,35,R,0,R,43,R,7,R,10,R,0,R,0,R,94,R,49,R,1,R,0
2021,110662,05,R,9553,R,3956,R,5597,R,12,R,2531,R,304,R,2158,R,23,R,2648,R,536,R,225,R,1116,R,0,R,8649,R,837,R,67,R,0
2021,110662,07,R,3161,R,1669,R,1492,R,8,R,642,R,97,R,465,R,2,R,902,R,126,R,108,R,811,R,0,R,802,R,2191,R,168,R,0
2021,110662,09,R,1352,R,682,R,670,R,1,R,243,R,38,R,173,R,2,R,495,R,70,R,54,R,276,R,0,R,37,R,1247,R,68,R,0
2021,110662,10,R,1,R,1,R,0,R,0,R,0,R,0,R,0,R,0,R,0,R,0,R,0,R,1,R,0,R,0,R,0,R,1,R,0
2021,110671,05,R,5987,R,2730,R,3257,R,5,R,1949,R,241,R,2482,R,25,R,760,R,213,R,57,R,255,R,0,R,5058,R,881,R,48,R,0
2021,110671,07,R,837,R,441,R,396,R,2,R,103,R,22,R,181,R,1,R,173,R,18,R,13,R,324,R,0,R,368,R,426,R,43,R,0
2021,110671,09,R,325,R,180,R,145,R,1,R,39,R,9,R,36,R,0,R,121,R,13,R,12,R,94,R,0,R,0,R,305,R,20,R,0
2021,110680,05,R,8565,R,4139,R,4426,R,8,R,2839,R,130,R,1709,R,21,R,1814,R,406,R,118,R,1520,R,1,R,7437,R,1092,R,35,R,0
2021,110680,07,R,2169,R,1324,R,845,R,1,R,311,R,23,R,131,R,1,R,476,R,71,R,40,R,1115,R,0,R,1179,R,917,R,73,R,0
2021,110680,09,R,717,R,397,R,320,R,1,R,127,R,11,R,59,R,1,R,248,R,26,R,32,R,212,R,0,R,3,R,680,R,33,R,1
2021,110705,05,R,6377,R,2873,R,3504,R,9,R,1112,R,152,R,1539,R,9,R,2085,R,502,R,162,R,807,R,0,R,5787,R,545,R,45,R,0
2021,110705,07,R,511,R,250,R,261,R,3,R,54,R,12,R,63,R,1,R,237,R,9,R,4,R,128,R,0,R,196,R,305,R,10,R,0
2021,110705,09,R,287,R,164,R,123,R,2,R,26,R,5,R,24,R,1,R,126,R,1,R,14,R,88,R,0,R,0,R,267,R,20,R,0
2021,110705,10,R,75,R,14,R,61,R,1,R,8,R,1,R,24,R,0,R,40,R,1,R,0,R,0,R,0,R,48,R,25,R,2,R,0
2021,110714,05,R,4856,R,2443,R,2413,R,2,R,1037,R,82,R,1346,R,5,R,1531,R,419,R,83,R,351,R,1,R,4173,R,646,R,36,R,0
2021,110714,07,R,435,R,225,R,210,R,0,R,47,R,4,R,59,R,0,R,151,R,24,R,13,R,137,R,0,R,147,R,274,R,14,R,0
2021,110714,09,R,166,R,85,R,81,R,0,R,13,R,1,R,27,R,0,R,72,R,14,R,10,R,29,R,0,R,0,R,147,R,19,R,0
2021,121150,05,R,1032,R,378,R,654,R,4,R,101,R,44,R,143,R,2,R,521,R,69,R,19,R,129,Z,0,R,953,R,61,R,18,Z,0
2021,121150,07,R,1957,R,650,R,1307,R,5,R,168,R,164,R,302,R,18,R,690,R,56,R,182,R,372,Z,0,R,352,R,1275,R,330,Z,0
2021,121150,09,R,255,R,104,R,151,Z,0,R,14,R,24,R,33,Z,0,R,144,R,12,R,20,R,8,Z,0,R,28,R,176,R,51,Z,0
2021,121150,10,R,7,R,2,R,5,R,1,R,1,Z,0,R,1,Z,0,R,1,Z,0,R,3,Z,0,Z,0,Z,0,R,6,R,1,Z,0
2021,122931,05,R,1422,R,705,R,717,Z,0,R,225,R,47,R,260,R,5,R,687,R,108,R,31,R,59,Z,0,R,1364,R,55,R,3,Z,0
2021,122931,07,R,895,R,400,R,495,R,0,R,170,R,12,R,109,R,1,R,260,R,51,R,19,R,273,R,0,R,125,R,630,R,140,R,0
2021,122931,09,R,240,R,121,R,119,Z,0,R,41,R,7,R,45,R,1,R,101,R,13,R,9,R,23,Z,0,R,1,R,219,R,20,Z,0
2021,122931,10,R,58,R,29,R,29,Z,0,R,24,Z,0,R,11,Z,0,R,14,R,3,R,4,R,2,Z,0,R,17,R,34,R,7,Z,0
2021,123961,05,R,5386,R,2634,R,2752,R,10,R,1161,R,214,R,806,R,14,R,2142,R,308,R,87,R,644,R,0,R,5023,R,331,R,32,R,0
2021,123961,07,R,9095,R,4020,R,5075,R,17,R,1141,R,482,R,1350,R,17,R,2046,R,190,R,472,R,3380,R,0,R,2835,R,5407,R,853,R,0
2021,123961,09,R,1914,R,825,R,1089,R,7,R,421,R,172,R,233,R,8,R,628,R,37,R,128,R,280,R,1,R,55,R,1511,R,347,R,0
2021,123961,10,R,864,R,366,R,498,R,4,R,128,R,35,R,102,R,1,R,208,R,11,R,157,R,218,R,0,R,119,R,636,R,109,R,0
2021,126614,05,R,6753,R,3639,R,3114,R,9,R,380,R,104,R,840,R,5,R,4529,R,418,R,41,R,427,R,1,R,6029,R,668,R,55,R,0
2021,126614,07,R,1729,R,1011,R,718,R,5,R,73,R,18,R,141,R,0,R,1085,R,65,R,38,R,304,R,0,R,636,R,1001,R,92,R,0
2021,126614,09,R,571,R,334,R,237,R,6,R,20,R,14,R,53,R,0,R,344,R,14,R,32,R,88,R,0,R,26,R,517,R,28,R,0
2021,126775,05,R,1063,R,734,R,329,R,6,R,52,R,13,R,110,R,1,R,777,R,48,R,12,R,44,R,0,R,959,R,100,R,4,R,0
2021,126775,07,R,452,R,322,R,130,R,2,R,21,R,5,R,20,R,0,R,301,R,19,R,4,R,80,R,0,R,238,R,207,R,7,R,0
2021,126775,09,R,88,R,63,R,25,R,0,R,3,R,3,R,2,R,0,R,49,R,1,R,0,R,30,R,0,R,0,R,79,R,9,R,0
2021,126775,10,R,58,R,44,R,14,R,0,R,2,R,1,R,4,R,0,R,35,R,1,R,4,R,11,R,0,R,30,R,22,R,6,R,0
2021,129020,03,R,33,R,6,R,27,R,0,R,0,R,1,R,3,R,0,R,27,R,1,R,1,R,0,Z,0,R,31,R,1,R,1,Z,0
2021,129020,05,R,5433,R,2495,R,2938,R,5,R,612,R,357,R,632,R,2,R,3062,R,206,R,99,R,458,Z,0,R,4952,R,428,R,53,Z,0
2021,129020,07,R,1956,R,868,R,1088,R,2,R,128,R,125,R,131,R,0,R,946,R,35,R,46,R,543,Z,0,R,724,R,1089,R,143,Z,0
2021,129020,09,R,734,R,354,R,380,R,1,R,70,R,44,R,45,R,1,R,379,R,19,R,29,R,146,Z,0,R,86,R,612,R,36,Z,0
2021,129020,10,R,590,R,226,R,364,R,1,R,50,R,35,R,49,R,1,R,369,R,14,R,22,R,49,Z,0,R,91,R,406,R,93,Z,0
2021,130794,02,R,1,R,1,R,0,R,0,R,0,R,0,R,0,R,0,R,0,R,0,R,0,R,1,R,0,R,0,R,1,R,0,R,0
2021,130794,05,R,1197,R,578,R,619,R,5,R,265,R,100,R,161,R,0,R,466,R,78,R,2,R,120,R,0,R,1170,R,25,R,2,R,0
2021,130794,07,R,1986,R,934,R,1052,R,4,R,222,R,99,R,135,R,2,R,764,R,87,R,55,R,618,R,0,R,378,R,1507,R,94,R,7
2021,130794,09,R,738,R,406,R,332,R,1,R,92,R,38,R,49,R,1,R,323,R,35,R,6,R,193,R,0,R,16,R,704,R,18,R,0
2021,130794,10,R,6,R,3,R,3,R,0,R,2,R,1,R,0,R,0,R,2,R,0,R,0,R,1,R,0,R,2,R,4,R,0,R,0
2021,130943,03,R,325,R,143,R,182,R,2,R,16,R,51,R,47,R,0,R,181,R,20,R,5,R,3,R,0,R,318,R,5,R,2,R,0
2021,130943,05,R,4254,R,1682,R,2572,R,2,R,230,R,224,R,391,Z,0,R,2968,R,129,R,88,R,222,R,0,R,3965,R,259,R,30,R,0
2021,130943,07,R,954,R,411,R,543,R,1,R,57,R,48,R,42,R,2,R,545,R,23,R,8,R,228,R,0,R,277,R,568,R,109,R,0
2021,130943,09,R,282,R,140,R,142,R,0,R,13,R,8,R,11,R,0,R,149,R,6,R,4,R,91,R,0,R,6,R,247,R,29,R,0
2021,131159,05,R,1882,R,723,R,1159,R,0,R,129,R,133,R,262,R,1,R,1008,R,83,R,55,R,211,R,0,R,1763,R,113,R,6,R,0
2021,131159,07,R,1822,R,623,R,1199,R,2,R,76,R,213,R,123,R,0,R,699,R,97,R,301,R,311,R,0,R,284,R,1357,R,181,R,0
2021,131159,09,R,451,R,184,R,267,R,1,R,34,R,32,R,62,R,0,R,271,R,19,R,17,R,15,R,0,R,9,R,424,R,18,R,0
2021,131159,10,R,102,R,47,R,55,R,0,R,6,R,9,R,8,R,0,R,45,R,1,R,12,R,21,R,0,R,15,R,72,R,15,R,0
2021,131159,12,R,129,R,30,R,99,R,0,R,10,R,10,R,20,R,0,R,77,R,7,R,3,R,2,R,0,R,129,R,0,R,0,R,0
2021,131469,02,R,1,R,1,R,0,R,0,R,0,R,0,R,0,R,0,R,1,R,0,R,0,R,0,R,0,R,0,R,1,R,0,R,0
2021,131469,03,R,61,R,31,R,30,R,1,R,8,R,10,R,12,R,0,R,20,R,3,R,6,R,1,R,7,R,36,R,18,R,0,R,0
2021,131469,05,R,3012,R,1106,R,1906,R,3,R,358,R,200,R,310,R,4,R,1582,R,133,R,111,R,311,R,0,R,2567,R,376,R,66,R,3
2021,131469,07,R,4582,R,1820,R,2762,R,11,R,415,R,525,R,297,R,8,R,1901,R,122,R,286,R,1017,R,0,R,1086,R,2909,R,582,R,5
2021,131469,09,R,1086,R,485,R,601,R,6,R,148,R,89,R,33,R,3,R,605,R,11,R,78,R,113,R,0,R,79,R,916,R,90,R,1
2021,131469,10,R,647,R,238,R,409,R,1,R,75,R,73,R,55,R,1,R,310,R,19,R,30,R,83,R,0,R,89,R,399,R,157,R,2
2021,131496,02,R,12,R,8,R,4,R,0,R,3,R,0,R,1,R,0,R,3,R,1,R,2,R,2,R,0,R,6,R,4,R,1,R,1
2021,131496,05,R,1742,R,787,R,955,R,0,R,159,R,120,R,221,R,2,R,879,R,80,R,39,R,242,R,0,R,1681,R,54,R,7,R,0
2021,131496,07,R,3917,R,1828,R,2089,R,5,R,347,R,303,R,310,R,6,R,1714,R,91,R,226,R,915,R,0,R,941,R,2626,R,348,R,2
2021,131496,09,R,1014,R,461,R,553,R,1,R,86,R,81,R,57,R,1,R,553,R,24,R,107,R,104,R,0,R,63,R,909,R,42,R,0
2021,131496,10,R,5,R,0,R,5,R,0,R,0,R,1,R,1,R,0,R,2,R,0,R,1,R,0,R,0,R,0,R,4,R,1,R,0
2021,131520,02,R,8,Z,0,R,8,Z,0,R,3,R,2,Z,0,Z,0,R,3,Z,0,Z,0,Z,0,Z,0,R,1,R,5,R,2,Z,0
2021,131520,05,R,1482,R,372,R,1110,R,1,R,30,R,1157,R,90,R,7,R,25,R,47,R,9,R,116,Z,0,R,1396,R,79,R,7,Z,0
2021,131520,07,R,224,R,56,R,168,Z,0,R,4,R,163,R,15,Z,0,R,10,R,13,R,5,R,14,Z,0,R,41,R,157,R,26,Z,0
2021,131520,09,R,566,R,216,R,350,Z,0,R,53,R,402,R,28,R,1,R,29,R,16,R,3,R,34,Z,0,R,45,R,452,R,69,Z,0
2021,131520,10,R,24,R,7,R,17,Z,0,R,2,R,13,R,2,Z,0,R,2,Z,0,Z,0,R,5,Z,0,Z,0,R,19,R,5,Z,0
2021,133951,03,R,151,R,65,R,86,R,0,R,10,R,11,R,106,R,0,R,16,R,6,R,1,R,1,R,1,R,146,R,4,R,0,R,0
2021,133951,05,R,12608,R,5090,R,7518,R,7,R,297,R,1510,R,8365,R,6,R,1022,R,253,R,34,R,1114,R,1,R,7735,R,4369,R,503,R,0
2021,133951,07,R,3524,R,1396,R,2128,R,3,R,100,R,511,R,1800,R,2,R,479,R,54,R,23,R,552,R,0,R,559,R,2531,R,434,R,0
2021,133951,09,R,603,R,252,R,351,R,1,R,43,R,56,R,219,R,1,R,163,R,16,R,8,R,96,R,0,R,13,R,528,R,62,R,0
2021,133951,10,R,204,R,46,R,158,R,0,R,7,R,37,R,131,R,0,R,24,R,1,R,1,R,3,R,0,R,44,R,125,R,35,R,0
2021,134097,03,R,187,R,67,R,120,R,0,R,7,R,38,R,50,R,0,R,79,R,8,R,3,R,2,R,0,R,182,R,4,R,1,R,0
2021,134097,05,R,8624,R,3615,R,5009,R,15,R,186,R,747,R,1802,R,10,R,5244,R,355,R,78,R,187,R,0,R,7829,R,714,R,81,R,0
2021,134097,07,R,2392,R,924,R,1468,R,1,R,67,R,249,R,351,R,2,R,1419,R,70,R,23,R,210,R,0,R,726,R,1375,R,291,R,0
2021,134097,09,R,747,R,371,R,376,R,3,R,29,R,57,R,76,R,1,R,436,R,17,R,10,R,118,R,0,R,17,R,680,R,50,R,0
2021,134097,10,R,53,R,12,R,41,R,0,R,0,R,7,R,8,R,0,R,36,R,0,R,0,R,2,R,0,R,8,R,33,R,12,R,0
2021,134130,02,R,10,R,1,R,9,R,0,R,0,R,1,R,3,R,0,R,5,R,1,R,0,R,0,R,0,R,8,R,1,R,1,R,0
2021,134130,03,R,131,R,35,R,96,R,0,R,19,R,17,R,34,R,0,R,50,R,8,R,3,R,0,R,0,R,130,R,0,R,1,R,0
2021,134130,05,R,9034,R,3845,R,5189,R,17,R,791,R,497,R,2123,R,15,R,4780,R,344,R,278,R,189,R,0,R,8443,R,555,R,36,R,0
2021,134130,07,R,4085,R,1984,R,2101,R,5,R,193,R,165,R,517,R,2,R,1962,R,128,R,115,R,998,R,0,R,1375,R,2437,R,273,R,0
2021,134130,09,R,1777,R,824,R,953,R,4,R,122,R,101,R,240,R,7,R,915,R,36,R,50,R,302,R,0,R,46,R,1601,R,130,R,0
2021,134130,10,R,967,R,311,R,656,R,2,R,54,R,58,R,146,R,0,R,569,R,30,R,34,R,74,R,0,R,173,R,612,R,182,R,0
2021,134130,12,R,427,R,173,R,254,R,0,R,36,R,16,R,104,R,0,R,234,R,15,R,15,R,7,R,0,R,341,R,61,R,25,R,0
2021,135726,05,R,2803,R,1237,R,1566,R,5,R,140,R,232,R,653,R,5,R,1180,R,78,R,90,R,420,Z,0,R,2536,R,244,R,23,Z,0
2021,135726,07,R,1706,R,733,R,973,R,1,R,59,R,169,R,564,R,3,R,491,R,44,R,94,R,281,Z,0,R,460,R,1024,R,222,Z,0
2021,135726,09,R,858,R,407,R,451,R,2,R,70,R,37,R,234,Z,0,R,326,R,39,R,57,R,93,Z,0,R,71,R,756,R,31,Z,0
2021,135726,10,R,92,R,45,R,47,Z,0,R,4,R,13,R,29,Z,0,R,34,R,1,R,4,R,7,Z,0,R,10,R,61,R,21,Z,0
2021,135726,12,R,10,R,3,R,7,Z,0,R,1,R,1,R,3,Z,0,R,5,Z,0,Z,0,Z,0,Z,0,R,9,Z,0,R,1,Z,0
2021,137351,03,R,224,R,76,R,148,Z,0,R,19,R,15,R,48,Z,0,R,119,R,8,R,6,R,9,Z,0,R,207,R,16,R,1,Z,0
2021,137351,05,R,10069,R,4000,R,6069,R,22,R,613,R,980,R,2080,R,17,R,5035,R,410,R,366,R,546,Z,0,R,7045,R,2715,R,309,Z,0
2021,137351,07,R,3502,R,1362,R,2140,R,7,R,205,R,279,R,451,R,6,R,1680,R,87,R,101,R,686,Z,0,R,711,R,2335,R,456,Z,0
2021,137351,09,R,717,R,322,R,395,R,3,R,83,R,51,R,62,Z,0,R,361,R,10,R,37,R,110,Z,0,R,7,R,580,R,130,Z,0
2021,137351,10,R,15,R,4,R,11,Z,0,Z,0,R,4,R,3,Z,0,R,7,Z,0,R,1,Z,0,Z,0,R,1,R,11,R,3,Z,0
2021,139658,05,R,2185,R,804,R,1381,R,4,R,488,R,211,R,211,R,0,R,857,R,89,R,22,R,303,R,0,R,1902,R,259,R,24,R,0
2021,139658,07,R,1554,R,541,R,1013,R,0,R,178,R,231,R,92,R,3,R,672,R,56,R,41,R,281,R,0,R,348,R,1078,R,128,R,0
2021,139658,09,R,761,R,312,R,449,R,1,R,69,R,60,R,47,R,0,R,431,R,17,R,36,R,100,R,0,R,69,R,652,R,40,R,0
2021,139658,10,R,29,R,7,R,22,R,0,R,3,R,4,R,1,R,0,R,17,R,1,R,1,R,2,R,0,R,0,R,20,R,9,R,0
2021,139755,05,R,3810,R,2337,R,1473,R,3,R,904,R,241,R,266,R,0,R,1812,R,164,R,114,R,306,R,0,R,3598,R,200,R,12,R,0
2021,139755,07,R,4722,R,3460,R,1262,R,0,R,718,R,145,R,192,R,1,R,1756,R,106,R,18,R,1786,R,0,R,1163,R,3096,R,463,R,0
2021,139755,09,R,577,R,404,R,173,R,0,R,46,R,9,R,17,R,0,R,161,R,6,R,2,R,336,R,0,R,8,R,559,R,10,R,0
2021,139755,10,R,1,R,1,R,0,R,0,R,0,R,0,R,0,R,0,R,1,R,0,R,0,R,0,R,0,R,0,R,1,R,0,R,0
2021,139959,02,R,41,R,7,R,34,R,0,R,2,R,1,R,4,R,0,R,32,R,0,R,2,R,0,R,0,R,41,R,0,R,0,R,0
2021,139959,05,R,7896,R,3324,R,4572,R,8,R,773,R,603,R,522,R,6,R,5446,R,355,R,71,R,112,R,0,R,7381,R,483,R,32,R,0
2021,139959,07,R,1935,R,754,R,1181,R,2,R,97,R,207,R,60,R,1,R,1268,R,56,R,23,R,221,R,0,R,735,R,1035,R,165,R,0
2021,139959,09,R,912,R,378,R,534,R,0,R,58,R,73,R,29,R,0,R,565,R,28,R,22,R,137,R,0,R,18,R,817,R,77,R,0
2021,139959,10,R,308,R,70,R,238,R,0,R,14,R,76,R,6,R,1,R,179,R,5,R,7,R,20,R,0,R,48,R,193,R,67,R,0
2021,139959,12,R,994,R,431,R,563,R,1,R,70,R,49,R,64,R,0,R,741,R,45,R,9,R,15,R,0,R,947,R,45,R,2,R,0
2021,144050,05,R,1597,R,813,R,784,R,3,R,316,R,67,R,215,R,0,R,635,R,121,R,23,R,217,R,0,R,1583,R,14,R,0,R,0
2021,144050,07,R,3309,R,1845,R,1464,R,4,R,369,R,120,R,217,R,1,R,1202,R,59,R,91,R,1246,R,0,R,811,R,2350,R,148,R,0
2021,144050,09,R,749,R,440,R,309,R,2,R,65,R,39,R,69,R,1,R,334,R,22,R,31,R,186,R,0,R,26,R,704,R,19,R,0
2021,144050,10,R,561,R,280,R,281,R,0,R,42,R,21,R,34,R,0,R,147,R,7,R,13,R,297,R,0,R,183,R,371,R,7,R,0
2021,145600,05,R,4974,R,2345,R,2629,R,2,R,1069,R,379,R,1474,R,2,R,1522,R,148,R,90,R,288,R,0,R,4053,R,858,R,63,R,0
2021,145600,07,R,2168,R,879,R,1289,R,0,R,197,R,159,R,284,R,1,R,736,R,50,R,14,R,727,R,0,R,573,R,1422,R,173,R,0
2021,145600,09,R,1412,R,606,R,806,R,1,R,265,R,85,R,156,R,0,R,692,R,40,R,27,R,146,R,0,R,68,R,1230,R,114,R,0
2021,145600,10,R,45,R,17,R,28,R,0,R,12,R,4,R,5,R,0,R,14,R,3,R,1,R,6,R,0,R,0,R,38,R,7,R,0
2021,145637,05,R,8301,R,4425,R,3876,R,0,R,1582,R,474,R,944,R,6,R,3614,R,265,R,54,R,1362,R,0,R,7959,R,316,R,26,R,0
2021,145637,07,R,4775,R,2546,R,2229,R,3,R,473,R,215,R,280,R,1,R,1779,R,99,R,221,R,1704,R,0,R,1597,R,2551,R,627,R,0
2021,145637,09,R,991,R,511,R,480,R,0,R,81,R,30,R,80,R,0,R,422,R,22,R,8,R,348,R,0,R,23,R,884,R,84,R,0
2021,145637,10,R,9,R,5,R,4,R,0,R,2,R,2,R,1,R,0,R,1,R,1,R,0,R,2,R,0,R,1,R,7,R,1,R,0
2021,147767,02,R,98,R,63,R,35,R,0,R,24,R,0,R,5,R,0,R,40,R,3,R,5,R,21,R,0,R,72,R,18,R,8,Z,0
2021,147767,05,R,2104,R,1034,R,1070,R,1,R,360,R,129,R,257,R,2,R,931,R,125,R,96,R,203,R,0,R,2013,R,67,R,24,Z,0
2021,147767,07,R,4298,R,2178,R,2120,R,3,R,505,R,193,R,242,R,3,R,1709,R,79,R,456,R,1108,R,0,R,658,R,3017,R,623,Z,0
2021,147767,09,R,1000,R,494,R,506,R,1,R,131,R,43,R,66,R,0,R,462,R,34,R,60,R,203,R,0,R,8,R,958,R,34,Z,0
2021,147767,10,R,219,R,84,R,135,R,0,R,21,R,21,R,11,R,0,R,112,R,6,R,22,R,26,R,0,R,21,R,154,R,44,R,0
2021,151351,02,R,62,R,43,R,19,R,0,R,5,R,3,R,5,R,0,R,31,R,2,R,1,R,15,R,0,R,61,R,1,R,0,R,0
2021,151351,03,R,2,R,1,R,1,R,0,R,0,R,0,R,0,R,0,R,1,R,0,R,0,R,1,R,0,R,1,R,0,R,1,R,0
2021,151351,05,R,7495,R,3788,R,3707,R,9,R,445,R,313,R,502,R,1,R,5242,R,296,R,18,R,669,R,0,R,7156,R,310,R,29,R,0
2021,151351,07,R,2526,R,1442,R,1084,R,4,R,138,R,122,R,118,R,2,R,1364,R,65,R,20,R,693,R,0,R,669,R,1618,R,239,R,0
2021,151351,09,R,703,R,340,R,363,R,2,R,33,R,29,R,41,R,0,R,399,R,12,R,7,R,180,R,0,R,27,R,615,R,61,R,0
2021,151351,10,R,243,R,122,R,121,R,0,R,14,R,14,R,10,R,0,R,157,R,6,R,3,R,39,R,0,R,28,R,172,R,43,R,0
2021,151351,12,R,9,R,3,R,6,R,0,R,0,R,0,R,2,R,0,R,6,R,0,R,0,R,1,R,0,R,7,R,2,R,0,R,0
2021,152080,05,R,2193,R,1136,R,1057,R,5,R,107,R,74,R,234,R,1,R,1513,R,119,R,18,R,122,R,0,R,2181,R,12,R,0,R,0
2021,152080,07,R,1025,R,590,R,435,R,0,R,43,R,24,R,94,R,0,R,624,R,34,R,5,R,201,R,0,R,399,R,557,R,69,R,0
2021,152080,09,R,422,R,228,R,194,R,1,R,20,R,10,R,28,R,0,R,251,R,15,R,11,R,86,R,0,R,22,R,385,R,15,R,0
2021,160472,02,R,37,R,3,R,34,R,0,R,0,R,8,R,9,R,0,R,20,R,0,R,0,R,0,R,1,R,18,R,15,R,3,R,0
2021,160472,11,R,8,R,0,R,8,R,0,R,0,R,1,R,1,R,0,R,6,R,0,R,0,R,0,R,0,R,5,R,3,R,0,R,0
2021,160472,12,R,41,R,0,R,41,R,0,R,0,R,14,R,9,R,0,R,18,R,0,R,0,R,0,R,2,R,19,R,15,R,5,R,0
2021,160755,05,R,2070,R,783,R,1287,R,4,R,110,R,104,R,157,R,2,R,1500,R,67,R,25,R,101,R,0,R,1952,R,85,R,33,R,0
2021,160755,07,R,1565,R,623,R,942,R,2,R,64,R,165,R,111,R,0,R,707,R,28,R,68,R,420,R,0,R,546,R,779,R,240,R,0
2021,160755,09,R,530,R,245,R,285,R,3,R,63,R,45,R,37,R,0,R,287,R,15,R,17,R,63,R,0,R,20,R,489,R,21,R,0
2021,160755,10,R,25,R,6,R,19,R,0,R,2,R,1,R,4,R,0,R,16,R,2,R,0,R,0,R,0,R,4,R,13,R,8,R,0
2021,162928,05,R,1425,R,700,R,725,R,0,R,407,R,101,R,202,R,0,R,416,R,100,R,63,R,136,R,0,R,1379,R,46,Z,0,Z,0
2021,162928,07,R,6895,R,3038,R,3857,R,8,R,668,R,511,R,445,R,2,R,2691,R,213,R,216,R,2141,Z,0,R,1407,R,4753,R,734,R,1
2021,162928,09,R,714,R,307,R,407,R,1,R,108,R,46,R,38,R,0,R,317,R,19,R,10,R,175,R,0,R,2,R,614,R,98,Z,0
2021,162928,10,R,870,R,261,R,609,R,2,R,110,R,75,R,66,R,2,R,373,R,29,R,25,R,188,R,0,R,126,R,571,R,173,Z,0
2021,163286,02,R,54,R,17,R,37,R,0,R,3,R,15,R,8,R,0,R,21,R,1,R,5,R,1,R,0,R,45,R,8,R,1,R,0
2021,163286,05,R,7573,R,3909,R,3664,R,5,R,1384,R,920,R,768,R,6,R,3641,R,317,R,134,R,398,R,1,R,6890,R,645,R,37,R,0
2021,163286,07,R,2576,R,1254,R,1322,R,2,R,217,R,229,R,123,R,0,R,874,R,52,R,215,R,864,R,0,R,908,R,1476,R,192,R,0
2021,163286,09,R,554,R,272,R,282,R,2,R,34,R,26,R,19,R,0,R,220,R,16,R,25,R,212,R,0,R,0,R,506,R,48,R,0
2021,163286,10,R,226,R,90,R,136,R,1,R,20,R,47,R,17,R,1,R,105,R,4,R,12,R,19,R,0,R,28,R,134,R,64,R,0
2021,164924,05,R,2452,R,1142,R,1310,R,0,R,254,R,87,R,275,R,0,R,1436,R,86,R,115,R,199,R,0,R,2388,R,60,R,4,R,0
2021,164924,07,R,1404,R,524,R,880,R,2,R,81,R,60,R,93,R,1,R,748,R,16,R,133,R,270,R,0,R,403,R,867,R,99,R,35
2021,164924,09,R,355,R,176,R,179,R,1,R,22,R,11,R,15,R,0,R,225,R,12,R,24,R,45,R,0,R,28,R,296,R,31,R,0
2021,164924,10,R,1,R,1,R,0,R,0,R,0,R,0,R,0,R,0,R,0,R,0,R,1,R,0,R,0,R,0,R,0,R,1,R,0
2021,164988,02,R,299,R,142,R,157,R,0,R,25,R,22,R,22,R,0,R,111,R,5,R,21,R,93,R,0,R,46,R,200,R,53,R,0
2021,164988,05,R,4417,R,1725,R,2692,R,2,R,725,R,205,R,517,R,4,R,1727,R,179,R,178,R,880,R,0,R,4175,R,201,R,41,R,0
2021,164988,07,R,5081,R,2076,R,3005,R,1,R,388,R,210,R,271,R,0,R,1878,R,102,R,273,R,1958,R,0,R,1444,R,3318,R,319,R,0
2021,164988,09,R,1170,R,496,R,674,R,0,R,154,R,40,R,100,R,0,R,533,R,30,R,110,R,203,R,0,R,48,R,1037,R,85,R,0
2021,164988,10,R,86,R,43,R,43,R,0,R,11,R,0,R,2,R,0,R,30,R,1,R,12,R,30,R,0,R,0,R,72,R,14,R,0
2021,164988,12,R,45,R,12,R,33,R,0,R,4,R,3,R,2,R,0,R,17,R,1,R,8,R,10,R,0,R,8,R,32,R,5,R,0
2021,165015,05,R,878,R,346,R,532,R,1,R,119,R,44,R,58,R,1,R,411,R,31,R,24,R,189,R,0,R,863,R,13,R,1,R,1
2021,165015,07,R,802,R,342,R,460,R,2,R,56,R,36,R,43,R,0,R,263,R,20,R,28,R,354,R,0,R,280,R,434,R,88,R,0
2021,165015,09,R,75,R,35,R,40,R,1,R,5,R,4,R,2,R,0,R,41,R,1,R,6,R,15,R,0,R,0,R,71,R,4,R,0
2021,165015,10,R,1,R,0,R,1,R,0,R,0,R,0,R,0,R,0,R,1,R,0,R,0,R,0,R,0,R,0,R,1,R,0,R,0
2021,166027,03,R,1,R,0,R,1,R,0,R,0,R,0,R,0,R,0,R,0,R,0,R,0,R,1,R,0,R,0,R,0,R,1,R,0
2021,166027,05,R,1476,R,715,R,761,R,1,R,307,R,157,R,165,R,4,R,537,R,100,R,31,R,174,R,1,R,1301,R,129,R,45,R,0
2021,166027,07,R,4593,R,2174,R,2419,R,11,R,548,R,276,R,391,R,2,R,1621,R,113,R,150,R,1481,R,0,R,501,R,3490,R,602,R,0
2021,166027,09,R,1443,R,760,R,683,R,7,R,196,R,92,R,112,R,0,R,648,R,35,R,57,R,296,R,0,R,55,R,1356,R,32,R,0
2021,166027,10,R,1758,R,827,R,931,R,5,R,182,R,59,R,138,R,6,R,707,R,50,R,230,R,381,R,0,R,108,R,1068,R,582,R,0
2021,166027,12,R,21,R,9,R,12,R,0,R,2,R,1,R,6,R,0,R,1,R,3,R,4,R,4,R,1,R,6,R,11,R,3,R,0
2021,166629,03,R,29,R,18,R,11,R,0,R,0,R,0,R,2,R,0,R,22,R,0,R,5,R,0,R,0,R,22,R,4,R,3,R,0
2021,166629,05,R,5970,R,2871,R,3099,R,4,R,570,R,283,R,422,R,3,R,3735,R,191,R,394,R,368,R,0,R,5095,R,676,R,199,R,0
2021,166629,07,R,1681,R,898,R,783,R,2,R,152,R,65,R,74,R,1,R,880,R,26,R,102,R,379,R,0,R,420,R,965,R,296,R,0
2021,166629,09,R,319,R,140,R,179,R,0,R,12,R,19,R,15,R,0,R,134,R,7,R,24,R,108,R,0,R,0,R,241,R,78,R,0
2021,166629,10,R,142,R,57,R,85,R,0,R,15,R,9,R,23,R,0,R,70,R,2,R,10,R,13,R,0,R,18,R,91,R,33,R,0
2021,166629,12,R,513,R,178,R,335,R,1,R,45,R,25,R,39,R,0,R,328,R,21,R,40,R,14,R,0,R,473,R,25,R,15,R,0
2021,166683,05,R,1027,R,564,R,463,R,3,R,306,R,68,R,148,Z,0,R,306,R,65,R,15,R,116,Z,0,R,998,R,29,Z,0,Z,0
2021,166683,07,R,1706,R,1036,R,670,R,6,R,233,R,42,R,95,Z,0,R,525,R,37,R,69,R,699,Z,0,R,495,R,1085,R,126,Z,0
2021,166683,09,R,568,R,402,R,166,Z,0,R,52,R,3,R,28,Z,0,R,169,R,16,R,41,R,259,Z,0,R,2,R,560,R,6,Z,0
2021,167358,05,R,4295,R,2007,R,2288,R,1,R,640,R,163,R,316,R,0,R,2016,R,195,R,180,R,784,R,0,R,4163,R,128,R,4,R,0
2021,167358,07,R,3191,R,1955,R,1236,R,0,R,131,R,31,R,79,R,1,R,631,R,33,R,75,R,2210,R,0,R,1313,R,1837,R,41,R,0
2021,167358,09,R,582,R,266,R,316,R,0,R,97,R,18,R,34,R,1,R,257,R,17,R,42,R,116,R,0,R,132,R,441,R,9,R,0
2021,167358,10,R,24,R,1,R,23,R,0,R,2,R,4,R,1,R,0,R,16,R,0,R,1,R,0,R,0,R,0,R,23,R,1,R,0
2021,168148,02,R,1,R,1,R,0,R,0,R,0,R,0,R,0,R,0,R,0,R,0,R,1,R,0,R,0,R,0,R,1,R,0,R,0
2021,168148,05,R,1371,R,653,R,718,R,1,R,186,R,58,R,104,R,0,R,744,R,75,R,73,R,130,R,0,R,1321,R,44,R,6,R,0
2021,168148,07,R,1421,R,584,R,837,R,1,R,151,R,52,R,81,R,1,R,710,R,37,R,52,R,336,R,0,R,360,R,944,R,115,R,2
2021,168148,09,R,650,R,268,R,382,R,2,R,137,R,46,R,62,R,0,R,333,R,15,R,16,R,39,R,0,R,4,R,621,R,25,R,0
2021,168148,10,R,197,R,64,R,133,R,0,R,19,R,5,R,14,R,0,R,109,R,6,R,2,R,42,R,0,R,25,R,140,R,32,R,0
2021,168148,12,R,5,R,4,R,1,Z,0,Z,0,R,1,R,1,Z,0,Z,0,Z,0,R,3,Z,0,Z,0,Z,0,R,1,R,4,Z,0
2021,168421,05,R,1016,R,573,R,443,R,3,R,44,R,25,R,94,Z,0,R,637,R,24,R,89,R,100,Z,0,R,987,R,28,R,1,Z,0
2021,168421,07,R,742,R,518,R,224,R,1,R,48,R,17,R,39,R,1,R,355,R,13,R,6,R,262,Z,0,R,310,R,376,R,56,Z,0
2021,168421,09,R,63,R,43,R,20,Z,0,R,1,Z,0,R,2,Z,0,R,23,Z,0,R,1,R,36,Z,0,Z,0,R,55,R,8,Z,0
2021,168421,10,R,96,R,69,R,27,Z,0,R,12,R,1,R,5,Z,0,R,68,R,3,Z,0,R,7,Z,0,R,4,R,68,R,24,Z,0
2021,170976,05,R,7995,R,3969,R,4026,R,13,R,1147,R,333,R,495,R,8,R,4564,R,341,R,374,R,720,Z,0,R,7600,R,371,R,24,Z,0
2021,170976,07,R,4650,R,2315,R,2335,R,9,R,405,R,245,R,266,R,4,R,2018,R,118,R,158,R,1427,Z,0,R,1572,R,2882,R,196,Z,0
2021,170976,09,R,1554,R,760,R,794,R,7,R,160,R,75,R,100,R,0,R,777,R,52,R,69,R,314,Z,0,R,13,R,1502,R,39,Z,0
2021,170976,10,R,276,R,100,R,176,R,1,R,23,R,10,R,24,R,0,R,118,R,10,R,7,R,83,Z,0,R,59,R,210,R,7,Z,0
2021,171100,02,R,150,R,86,R,64,Z,0,R,1,R,3,R,2,Z,0,R,139,R,3,R,2,Z,0,Z,0,R,108,R,37,R,5,Z,0
2021,171100,05,R,9245,R,4343,R,4902,R,26,R,575,R,625,R,397,R,6,R,6336,R,300,R,58,R,922,Z,0,R,8502,R,704,R,39,Z,0
2021,171100,07,R,2223,R,886,R,1337,R,7,R,89,R,144,R,118,Z,0,R,1443,R,44,R,30,R,348,Z,0,R,514,R,1413,R,296,Z,0
2021,171100,09,R,1401,R,651,R,750,R,6,R,96,R,69,R,58,R,3,R,836,R,26,R,44,R,263,Z,0,R,24,R,1281,R,96,Z,0
2021,171100,10,R,248,R,84,R,164,Z,0,R,18,R,13,R,14,Z,0,R,173,R,3,R,3,R,24,Z,0,R,23,R,186,R,39,Z,0
2021,174066,02,R,7,R,0,R,7,R,0,R,0,R,0,R,1,R,0,R,5,R,0,R,1,R,0,R,0,R,6,R,1,R,0,R,0
2021,174066,05,R,8268,R,3801,R,4467,R,19,R,829,R,409,R,412,R,9,R,5392,R,347,R,58,R,793,R,0,R,7354,R,809,R,105,R,0
2021,174066,07,R,2926,R,1253,R,1673,R,8,R,155,R,107,R,145,R,0,R,1814,R,101,R,55,R,541,R,0,R,697,R,1949,R,279,R,1
2021,174066,09,R,1770,R,791,R,979,R,5,R,130,R,55,R,63,R,4,R,1050,R,51,R,103,R,309,R,0,R,39,R,1614,R,117,R,0
2021,174066,10,R,211,R,65,R,146,R,0,R,7,R,14,R,8,R,1,R,144,R,7,R,13,R,17,R,0,R,9,R,154,R,48,R,0
2021,174066,12,R,279,R,98,R,181,R,0,R,43,R,42,R,21,R,2,R,137,R,6,R,6,R,22,R,0,R,230,R,40,R,9,R,0
2021,179867,02,R,21,R,13,R,8,R,0,R,1,R,2,R,2,R,1,R,13,R,0,R,0,R,2,R,0,R,17,R,3,R,1,R,0
2021,179867,03,R,14,R,6,R,8,R,0,R,0,R,4,R,0,R,0,R,10,R,0,R,0,R,0,R,0,R,0,R,7,R,7,R,0
2021,179867,05,R,1891,R,901,R,990,R,1,R,320,R,158,R,190,R,1,R,924,R,88,R,41,R,168,R,0,R,1812,R,66,R,13,R,0
2021,179867,07,R,2220,R,990,R,1230,R,7,R,127,R,139,R,78,R,0,R,660,R,41,R,52,R,1116,R,0,R,894,R,1145,R,181,R,0
2021,179867,09,R,742,R,353,R,389,R,1,R,68,R,45,R,27,R,0,R,390,R,23,R,34,R,154,R,0,R,49,R,676,R,17,R,0
2021,179867,10,R,180,R,86,R,94,R,0,R,20,R,20,R,14,R,0,R,83,R,5,R,11,R,27,R,0,R,40,R,123,R,17,R,0
2021,179867,12,R,22,R,5,R,17,R,0,R,1,R,4,R,0,R,0,R,16,R,0,R,1,R,0,R,0,R,2,R,12,R,8,R,0
2021,182670,05,R,1171,R,605,R,566,R,17,R,178,R,75,R,124,R,3,R,595,R,69,R,10,R,100,R,0,R,1129,R,42,R,0,R,0
2021,182670,07,R,660,R,378,R,282,R,8,R,73,R,33,R,35,R,2,R,288,R,10,R,44,R,167,R,0,R,187,R,418,R,55,R,0
2021,182670,09,R,174,R,90,R,84,R,3,R,28,R,4,R,13,R,0,R,78,R,3,R,9,R,36,R,0,R,0,R,172,R,2,R,0
2021,185828,05,R,1854,R,1383,R,471,R,4,R,436,R,118,R,378,R,0,R,659,R,76,R,60,R,123,R,0,R,1269,R,557,R,28,R,0
2021,185828,07,R,939,R,651,R,288,R,1,R,157,R,57,R,88,R,0,R,191,R,13,R,19,R,413,R,0,R,269,R,612,R,58,R,0
2021,185828,09,R,96,R,66,R,30,R,0,R,1,R,1,R,3,R,0,R,11,R,2,R,2,R,76,R,0,R,0,R,88,R,8,R,0
2021,185828,10,R,122,R,79,R,43,R,0,R,19,R,12,R,17,R,0,R,34,R,3,R,0,R,37,R,0,R,22,R,86,R,14,R,0
2021,186131,05,R,1175,R,570,R,605,R,1,R,291,R,97,R,130,R,1,R,438,R,57,R,14,R,146,R,0,R,1154,R,21,R,0,R,0
2021,186131,07,R,605,R,367,R,238,R,0,R,64,R,22,R,46,R,1,R,184,R,18,R,16,R,254,R,0,R,183,R,413,R,9,R,0
2021,186131,09,R,293,R,182,R,111,R,0,R,25,R,9,R,14,R,0,R,86,R,3,R,17,R,139,R,0,R,0,R,284,R,9,R,0
2021,186131,12,R,2,R,1,R,1,Z,0,Z,0,R,1,R,1,Z,0,Z,0,Z,0,Z,0,Z,0,Z,0,R,2,Z,0,Z,0,Z,0
2021,186371,05,R,1488,R,521,R,967,R,2,R,163,R,223,R,238,R,3,R,740,R,60,R,16,R,43,R,0,R,821,R,578,R,89,R,0
2021,186371,07,R,316,R,151,R,165,R,2,R,20,R,49,R,30,R,0,R,177,R,11,R,0,R,27,R,0,R,39,R,216,R,61,R,0
2021,186371,09,R,174,R,86,R,88,R,0,R,11,R,10,R,16,R,1,R,115,R,5,R,9,R,7,R,0,R,3,R,162,R,9,R,0
2021,186380,02,R,7,R,1,R,6,R,0,R,0,R,0,R,2,R,0,R,5,R,0,R,0,R,0,R,0,R,4,R,1,R,2,R,0
2021,186380,03,R,37,R,9,R,28,R,0,R,2,R,3,R,8,R,0,R,22,R,0,R,1,R,1,R,0,R,9,R,19,R,9,R,0
2021,186380,05,R,8799,R,4271,R,4528,R,4,R,2475,R,588,R,1181,R,20,R,3300,R,281,R,152,R,798,R,0,R,7297,R,1379,R,122,R,1
2021,186380,07,R,3085,R,978,R,2107,R,3,R,371,R,338,R,385,R,4,R,1310,R,68,R,51,R,555,R,0,R,627,R,2110,R,348,R,0
2021,186380,09,R,1366,R,573,R,793,R,1,R,327,R,114,R,127,R,0,R,536,R,24,R,44,R,193,R,0,R,106,R,1114,R,146,R,0
2021,186380,10,R,76,R,29,R,47,R,2,R,14,R,11,R,8,R,0,R,25,R,2,R,9,R,5,R,0,R,12,R,57,R,7,R,0
2021,186399,05,R,2346,R,928,R,1418,R,3,R,374,R,405,R,641,R,4,R,498,R,57,R,63,R,301,R,0,R,1395,R,832,R,119,R,0
2021,186399,07,R,1265,R,679,R,586,R,1,R,193,R,123,R,121,R,1,R,376,R,24,R,40,R,386,R,0,R,220,R,851,R,194,R,0
2021,186399,09,R,303,R,145,R,158,R,0,R,37,R,26,R,48,R,0,R,142,R,6,R,8,R,36,R,0,R,3,R,271,R,29,R,0
2021,186867,05,R,760,R,544,R,216,R,2,R,115,R,14,R,91,R,0,R,494,R,0,R,23,R,21,R,0,R,745,R,14,R,1,R,0
2021,186867,07,R,1609,R,1130,R,479,R,3,R,113,R,27,R,20,R,0,R,328,R,0,R,67,R,1051,R,0,R,466,R,1042,R,100,R,1
2021,186867,09,R,54,R,39,R,15,R,0,R,1,R,1,R,1,R,0,R,11,R,0,R,2,R,38,R,0,R,0,R,45,R,9,R,0
2021,186867,10,R,393,R,266,R,127,R,1,R,43,R,14,R,5,R,0,R,156,R,0,R,28,R,146,R,0,R,97,R,213,R,83,R,0
2021,190415,05,R,3849,R,1733,R,2116,R,12,R,840,R,247,R,495,R,5,R,1378,R,177,R,286,R,409,R,0,R,3775,R,70,R,4,R,0
2021,190415,07,R,2888,R,1628,R,1260,R,5,R,358,R,102,R,169,R,2,R,740,R,52,R,126,R,1334,R,0,R,1070,R,1626,R,192,R,0
2021,190415,09,R,777,R,394,R,383,R,3,R,59,R,22,R,45,R,1,R,341,R,10,R,58,R,238,R,0,R,26,R,729,R,22,R,0
2021,191241,05,R,2149,R,914,R,1235,R,0,R,220,R,58,R,298,R,2,R,1276,R,91,R,34,R,170,R,0,R,1991,R,121,R,37,R,0
2021,191241,07,R,2611,R,800,R,1811,R,6,R,127,R,369,R,414,R,5,R,935,R,42,R,58,R,655,R,0,R,711,R,1505,R,394,R,1
2021,191241,09,R,526,R,256,R,270,R,0,R,40,R,34,R,63,R,1,R,325,R,16,R,23,R,24,R,0,R,40,R,442,R,44,R,0
2021,191241,10,R,74,R,23,R,51,R,0,R,4,R,3,R,15,R,0,R,29,R,3,R,3,R,17,R,1,R,7,R,56,R,10,R,0
2021,193900,03,R,109,R,31,R,78,R,0,R,24,R,15,R,19,R,0,R,28,R,5,R,12,R,6,R,0,R,29,R,72,R,8,R,0
2021,193900,05,R,6237,R,2574,R,3663,R,12,R,1160,R,437,R,868,R,6,R,1772,R,311,R,332,R,1339,R,0,R,5762,R,441,R,34,R,0
2021,193900,07,R,9039,R,3919,R,5120,R,8,R,833,R,458,R,645,R,4,R,2515,R,153,R,454,R,3969,R,0,R,2828,R,5672,R,539,R,0
2021,193900,09,R,1489,R,702,R,787,R,1,R,253,R,72,R,131,R,1,R,639,R,45,R,58,R,289,R,0,R,63,R,1374,R,52,R,0
2021,193900,10,R,174,R,56,R,118,R,0,R,34,R,13,R,17,R,1,R,64,R,6,R,5,R,34,R,0,R,11,R,138,R,25,R,0
2021,193900,12,R,17,R,3,R,14,R,0,R,2,R,3,R,1,R,0,R,9,R,0,R,2,R,0,R,0,R,4,R,13,R,0,R,0
2021,194824,05,R,1574,R,1083,R,491,R,3,R,246,R,61,R,136,R,0,R,771,R,75,R,25,R,257,R,0,R,1505,R,66,R,3,R,0
2021,194824,07,R,484,R,316,R,168,R,0,R,35,R,9,R,37,R,1,R,190,R,15,R,8,R,189,R,0,R,312,R,169,R,3,R,0
2021,194824,09,R,111,R,73,R,38,R,0,R,3,R,1,R,0,R,0,R,46,R,3,R,2,R,56,R,0,R,0,R,108,R,3,R,0
2021,195003,03,R,93,R,46,R,47,Z,0,R,6,R,7,R,20,R,0,R,47,R,4,R,4,R,5,Z,0,R,64,R,20,R,9,R,0
2021,195003,05,R,2490,R,1577,R,913,R,4,R,227,R,91,R,192,R,1,R,1698,R,103,R,32,R,142,Z,0,R,2199,R,266,R,25,R,0
2021,195003,07,R,1146,R,660,R,486,R,1,R,52,R,29,R,35,Z,0,R,496,R,11,R,12,R,510,Z,0,R,476,R,605,R,65,R,0
2021,195003,09,R,51,R,34,R,17,Z,0,R,0,R,0,R,4,R,0,R,20,R,0,R,0,R,27,Z,0,R,0,R,46,R,5,R,0
2021,195003,10,R,129,R,78,R,51,Z,0,R,3,R,1,R,2,R,0,R,32,R,0,R,1,R,90,Z,0,R,33,R,87,R,9,R,0
2021,195003,12,R,15,R,2,R,13,R,0,R,1,R,1,R,2,R,0,R,10,Z,0,Z,0,R,1,R,0,R,6,R,7,R,2,Z,0
2021,195030,05,R,1566,R,729,R,837,R,0,R,156,R,85,R,107,R,2,R,670,R,51,R,70,R,425,R,0,R,1400,R,143,R,23,R,0
2021,195030,07,R,1425,R,614,R,811,R,1,R,67,R,58,R,46,R,1,R,525,R,19,R,47,R,661,R,0,R,626,R,723,R,76,R,0
2021,195030,09,R,374,R,196,R,178,R,0,R,37,R,16,R,23,R,0,R,178,R,7,R,21,R,92,R,0,R,2,R,341,R,31,R,0
2021,195030,10,R,154,R,55,R,99,R,1,R,5,R,5,R,12,R,0,R,94,R,1,R,4,R,32,R,0,R,13,R,97,R,44,R,0
2021,195030,11,R,2,R,0,R,2,R,0,R,0,R,0,R,0,R,0,R,2,R,0,R,0,R,0,R,0,R,0,R,1,R,1,R,0
2021,195030,12,R,16,R,3,R,13,R,1,R,0,R,0,R,1,R,0,R,14,R,0,R,0,R,0,R,0,R,9,R,5,R,2,R,0
2021,196079,05,R,3638,R,1693,R,1945,R,2,R,512,R,195,R,395,R,0,R,2153,R,99,R,46,R,236,R,0,R,3378,R,248,R,12,R,0
2021,196079,07,R,1255,R,670,R,585,R,0,R,93,R,40,R,82,R,1,R,646,R,25,R,6,R,362,R,0,R,646,R,569,R,40,R,0
2021,196079,09,R,233,R,119,R,114,R,0,R,30,R,11,R,9,R,0,R,70,R,3,R,18,R,92,R,0,R,13,R,193,R,27,R,0
2021,196079,10,R,80,R,23,R,57,R,0,R,2,R,6,R,11,R,0,R,55,R,0,R,0,R,6,R,0,R,27,R,30,R,23,R,0
2021,196088,02,R,34,R,20,R,14,R,0,R,3,R,3,R,5,R,0,R,16,R,1,R,4,R,2,R,0,R,32,R,2,R,0,R,0
2021,196088,05,R,5128,R,2712,R,2416,R,19,R,720,R,370,R,319,R,2,R,2484,R,107,R,223,R,884,R,0,R,4442,R,638,R,48,R,0
2021,196088,07,R,2331,R,1192,R,1139,R,3,R,158,R,103,R,68,R,0,R,1008,R,53,R,130,R,808,R,0,R,978,R,1205,R,148,R,0
2021,196088,09,R,996,R,497,R,499,R,1,R,145,R,44,R,32,R,0,R,477,R,16,R,83,R,198,R,0,R,92,R,849,R,55,R,0
2021,196088,10,R,244,R,95,R,149,R,0,R,13,R,20,R,10,R,0,R,150,R,3,R,21,R,27,R,0,R,52,R,122,R,70,R,0
2021,196097,05,R,4607,R,2224,R,2383,R,2,R,1146,R,317,R,645,R,1,R,1487,R,119,R,303,R,587,R,0,R,3905,R,640,R,62,R,0
2021,196097,07,R,2469,R,1030,R,1439,R,1,R,227,R,166,R,226,R,4,R,1028,R,41,R,154,R,622,R,0,R,785,R,1389,R,295,R,0
2021,196097,09,R,661,R,365,R,296,R,1,R,108,R,17,R,37,Z,0,R,271,R,9,R,40,R,178,R,0,R,29,R,597,R,35,R,0
2021,196097,10,R,347,R,116,R,231,Z,0,R,13,R,11,R,20,Z,0,R,236,R,8,R,36,R,23,R,0,R,37,R,216,R,94,R,0
2021,196413,03,R,4,R,3,R,1,R,0,R,0,R,3,R,0,R,0,R,1,R,0,R,0,R,0,R,0,R,3,R,0,R,1,R,0
2021,196413,05,R,3362,R,1563,R,1799,R,13,R,218,R,217,R,333,R,1,R,1970,R,111,R,90,R,409,R,0,R,3174,R,149,R,39,R,0
2021,196413,07,R,2640,R,1374,R,1266,R,11,R,118,R,235,R,189,R,2,R,1135,R,53,R,58,R,839,R,0,R,748,R,1526,R,366,R,0
2021,196413,09,R,312,R,148,R,164,R,0,R,16,R,19,R,25,R,0,R,169,R,5,R,8,R,70,R,0,R,41,R,247,R,24,R,0
2021,196413,10,R,402,R,175,R,227,R,0,R,9,R,23,R,25,R,0,R,171,R,8,R,20,R,146,R,0,R,118,R,214,R,70,R,0
2021,196413,12,R,3,R,0,R,3,R,1,R,0,R,0,R,0,R,0,R,2,R,0,R,0,R,0,R,0,R,1,R,1,R,1,R,0
2021,197708,03,R,537,R,301,R,236,R,1,Z,0,Z,0,R,4,Z,0,R,486,R,1,R,4,R,41,Z,0,R,508,R,28,R,1,Z,0
2021,197708,05,R,597,R,294,R,303,R,1,Z,0,Z,0,R,4,Z,0,R,544,R,1,R,4,R,43,R,1,R,563,R,32,R,1,Z,0
2021,197708,07,R,548,R,148,R,400,R,1,R,9,R,22,R,32,Z,0,R,249,R,4,R,137,R,94,Z,0,R,188,R,281,R,79,Z,0
2021,197708,09,R,395,R,159,R,236,Z,0,R,24,R,14,R,40,Z,0,R,216,R,6,R,72,R,23,Z,0,R,38,R,343,R,14,Z,0
2021,197708,10,R,45,R,10,R,35,Z,0,Z,0,R,1,R,6,Z,0,R,26,Z,0,R,3,R,9,Z,0,R,21,R,17,R,7,Z,0
2021,198419,05,R,1841,R,840,R,1001,R,9,R,336,R,180,R,210,R,1,R,800,R,62,R,84,R,159,Z,0,R,1708,R,122,R,11,Z,0
2021,198419,07,R,2812,R,1339,R,1473,R,3,R,250,R,146,R,135,R,5,R,1136,R,73,R,102,R,962,Z,0,R,787,R,1788,R,237,Z,0
2021,198419,09,R,943,R,469,R,474,R,2,R,76,R,56,R,53,R,0,R,530,R,19,R,38,R,169,Z,0,R,35,R,834,R,74,Z,0
2021,198419,10,R,294,R,110,R,184,R,0,R,18,R,28,R,19,R,0,R,154,R,6,R,12,R,57,Z,0,R,38,R,198,R,58,Z,0
2021,199120,02,R,1,R,0,R,1,R,0,R,1,R,0,R,0,R,0,R,0,R,0,R,0,R,0,R,0,R,0,R,1,R,0,R,0
2021,199120,05,R,4951,R,1990,R,2961,R,21,R,552,R,384,R,411,R,0,R,2961,R,238,R,212,R,172,R,0,R,4696,R,227,R,28,R,0
2021,199120,07,R,2285,R,1022,R,1263,R,4,R,149,R,166,R,153,R,1,R,1463,R,81,R,60,R,208,R,0,R,493,R,1565,R,227,R,0
2021,199120,09,R,1144,R,491,R,653,R,3,R,115,R,84,R,85,R,0,R,674,R,49,R,41,R,93,R,0,R,79,R,1008,R,57,R,0
2021,199120,10,R,3,R,1,R,2,R,0,R,0,R,2,R,0,R,0,R,1,R,0,R,0,R,0,R,0,R,0,R,2,R,1,R,0
2021,199193,03,R,95,R,72,R,23,R,1,R,1,R,4,R,1,R,0,R,83,R,2,R,2,R,1,R,0,R,88,R,4,R,3,R,0
2021,199193,05,R,5973,R,3069,R,2904,R,18,R,456,R,348,R,376,R,3,R,4102,R,219,R,219,R,232,R,0,R,5461,R,463,R,49,R,0
2021,199193,07,R,2887,R,1555,R,1332,R,6,R,139,R,200,R,77,R,1,R,1369,R,72,R,66,R,957,R,0,R,1174,R,1491,R,222,R,0
2021,199193,09,R,626,R,319,R,307,R,0,R,29,R,29,R,20,R,1,R,307,R,13,R,15,R,212,R,0,R,4,R,564,R,58,R,0
2021,199193,10,R,417,R,202,R,215,R,1,R,24,R,43,R,15,R,0,R,270,R,7,R,12,R,45,R,0,R,58,R,271,R,88,R,0
2021,199193,12,R,163,R,79,R,84,R,1,R,20,R,12,R,12,R,0,R,89,R,5,R,16,R,8,R,0,R,46,R,97,R,20,R,0
2021,199847,05,R,1239,R,553,R,686,R,1,R,41,R,75,R,81,R,1,R,893,R,32,Z,0,R,115,Z,0,R,1228,R,10,R,1,Z,0
2021,199847,07,R,1022,R,487,R,535,R,4,R,51,R,127,R,58,R,2,R,591,R,21,R,28,R,140,Z,0,R,402,R,520,R,100,Z,0
2021,199847,09,R,378,R,185,R,193,R,1,R,38,R,19,R,32,Z,0,R,249,R,12,R,15,R,12,R,1,R,40,R,319,R,18,Z,0
2021,199847,10,R,1,R,1,Z,0,Z,0,Z,0,Z,0,Z,0,Z,0,R,1,Z,0,Z,0,Z,0,Z,0,R,1,Z,0,Z,0,Z,0
2021,201645,05,R,1232,R,668,R,564,R,2,R,256,R,48,R,92,R,0,R,602,R,62,R,10,R,160,R,0,R,1200,R,31,R,1,R,0
2021,201645,07,R,1583,R,633,R,950,R,1,R,151,R,138,R,90,R,0,R,649,R,31,R,31,R,492,R,0,R,573,R,887,R,123,R,0
2021,201645,09,R,674,R,338,R,336,R,0,R,119,R,36,R,30,R,0,R,328,R,17,R,27,R,117,R,0,R,36,R,590,R,48,R,0
2021,201645,10,R,68,R,10,R,58,R,0,R,9,R,7,R,7,R,0,R,36,R,0,R,2,R,7,R,0,R,17,R,41,R,10,R,0
2021,204796,03,R,2,R,0,R,2,Z,0,Z,0,R,1,Z,0,Z,0,R,1,Z,0,Z,0,Z,0,R,0,R,1,R,1,R,0,R,0
2021,204796,05,R,11286,R,5559,R,5727,R,7,R,812,R,683,R,522,R,8,R,7622,R,450,R,266,R,916,R,0,R,10069,R,1095,R,122,Z,0
2021,204796,07,R,2804,R,1139,R,1665,R,1,R,115,R,143,R,153,R,1,R,1606,R,70,R,247,R,468,R,0,R,833,R,1711,R,260,R,0
2021,204796,09,R,1723,R,785,R,938,R,5,R,100,R,101,R,92,R,0,R,987,R,56,R,85,R,297,R,0,R,65,R,1566,R,92,R,0
2021,204796,10,R,149,R,50,R,99,R,0,R,18,R,8,R,3,R,0,R,98,R,11,R,3,R,8,R,0,R,26,R,62,R,61,R,0
2021,204796,12,R,118,R,56,R,62,R,0,R,9,R,4,R,5,R,0,R,86,R,5,R,3,R,6,R,0,R,104,R,9,R,5,R,0
2021,211440,05,R,1603,R,793,R,810,R,0,R,553,R,67,R,136,R,0,R,444,R,69,R,95,R,239,R,0,R,1567,R,33,R,3,R,0
2021,211440,07,R,3012,R,1843,R,1169,R,0,R,244,R,60,R,63,R,1,R,541,R,25,R,96,R,1982,R,0,R,1424,R,1526,R,62,R,0
2021,211440,09,R,333,R,234,R,99,R,0,R,20,R,6,R,5,R,1,R,95,R,8,R,23,R,175,R,0,R,0,R,321,R,12,R,0
2021,211440,10,R,50,R,31,R,19,R,0,R,5,R,0,R,1,R,0,R,20,R,0,R,2,R,22,R,0,R,6,R,40,R,4,R,0
2021,212054,02,R,121,R,38,R,83,R,0,R,25,R,13,R,6,R,0,R,61,R,5,R,4,R,7,R,0,R,96,R,15,R,10,Z,0
2021,212054,05,R,3150,R,1455,R,1695,R,4,R,594,R,207,R,216,R,4,R,1629,R,130,R,68,R,298,R,0,R,2394,R,637,R,119,Z,0
2021,212054,07,R,2211,R,792,R,1419,R,3,R,208,R,235,R,109,R,0,R,1137,R,67,R,92,R,360,R,0,R,363,R,1535,R,313,Z,0
2021,212054,09,R,727,R,322,R,405,R,1,R,111,R,53,R,38,R,1,R,405,R,28,R,19,R,71,R,0,R,10,R,628,R,89,Z,0
2021,212054,10,R,275,R,94,R,181,R,0,R,13,R,35,R,16,R,0,R,122,R,10,R,28,R,51,R,0,R,2,R,174,R,99,Z,0
2021,213543,05,R,1203,R,626,R,577,Z,0,R,79,R,38,R,96,R,2,R,771,R,44,R,53,R,120,Z,0,R,1184,R,19,Z,0,Z,0
2021,213543,07,R,537,R,280,R,257,R,1,R,26,R,14,R,49,R,1,R,302,R,3,R,5,R,136,Z,0,R,243,R,249,R,45,Z,0
2021,213543,09,R,90,R,48,R,42,Z,0,R,4,R,2,Z,0,Z,0,R,27,Z,0,R,8,R,49,Z,0,Z,0,R,81,R,9,Z,0
2021,213543,10,R,59,R,12,R,47,Z,0,R,3,Z,0,Z,0,Z,0,R,40,Z,0,R,3,R,13,Z,0,R,9,R,35,R,15,Z,0
2021,213543,12,R,46,R,18,R,28,Z,0,R,3,R,1,R,2,Z,0,R,29,R,1,R,5,R,5,Z,0,R,46,Z,0,Z,0,Z,0
2021,215062,05,R,2636,R,1194,R,1442,R,5,R,531,R,188,R,289,R,2,R,1113,R,131,R,40,R,337,R,0,R,2498,R,121,R,17,R,0
2021,215062,07,R,4135,R,1743,R,2392,R,6,R,513,R,241,R,218,R,1,R,1587,R,116,R,98,R,1355,R,0,R,1177,R,2603,R,355,R,0
2021,215062,09,R,1244,R,563,R,681,R,1,R,174,R,72,R,89,R,0,R,653,R,43,R,16,R,196,R,0,R,39,R,1131,R,74,R,0
2021,215062,10,R,118,R,46,R,72,R,0,R,9,R,8,R,2,R,0,R,30,R,3,R,4,R,62,R,0,R,19,R,91,R,8,R,0
2021,215062,12,R,129,R,31,R,98,R,0,R,15,R,7,R,7,R,0,R,87,R,8,R,3,R,2,R,0,R,15,R,69,R,45,R,0
2021,215293,03,R,49,R,2,R,47,R,0,R,4,R,0,R,3,R,0,R,39,R,3,R,0,R,0,R,0,R,36,R,13,R,0,R,0
2021,215293,05,R,4652,R,2230,R,2422,R,1,R,463,R,226,R,188,R,1,R,3288,R,207,R,37,R,241,R,0,R,4336,R,284,R,31,R,1
2021,215293,07,R,1823,R,730,R,1093,R,0,R,76,R,90,R,58,R,1,R,985,R,40,R,100,R,473,R,0,R,721,R,1003,R,99,R,0
2021,215293,09,R,1075,R,449,R,626,R,0,R,93,R,41,R,44,R,1,R,658,R,28,R,41,R,169,R,0,R,134,R,877,R,64,R,0
2021,215293,10,R,341,R,94,R,247,R,0,R,13,R,20,R,10,R,0,R,187,R,11,R,59,R,41,R,0,R,56,R,223,R,62,R,0
2021,215293,12,R,894,R,319,R,575,R,0,R,95,R,36,R,40,R,0,R,665,R,36,R,4,R,18,R,0,R,871,R,19,R,4,R,0
2021,216597,03,R,1,R,1,Z,0,Z,0,Z,0,Z,0,Z,0,Z,0,R,1,Z,0,Z,0,Z,0,Z,0,Z,0,R,1,Z,0,Z,0
2021,216597,05,R,1812,R,814,R,998,R,1,R,94,R,76,R,135,Z,0,R,1392,R,55,R,11,R,48,Z,0,R,1681,R,100,R,31,Z,0
2021,216597,07,R,1357,R,649,R,708,R,2,R,74,R,74,R,74,Z,0,R,935,R,36,R,67,R,95,Z,0,R,225,R,938,R,194,Z,0
2021,216597,09,R,214,R,94,R,120,Z,0,R,4,R,7,R,21,R,1,R,145,R,9,R,12,R,15,Z,0,R,19,R,181,R,14,Z,0
2021,216597,10,R,214,R,64,R,150,R,1,R,15,R,19,R,11,R,1,R,132,R,8,R,11,R,16,Z,0,R,32,R,134,R,48,Z,0
2021,216597,12,R,5,R,5,R,0,Z,0,Z,0,Z,0,Z,0,Z,0,R,4,Z,0,R,1,Z,0,Z,0,R,3,R,2,Z,0,Z,0
2021,217156,05,R,1563,R,707,R,856,R,2,R,267,R,106,R,165,R,1,R,699,R,78,R,74,R,171,R,0,R,1534,R,28,R,1,R,0
2021,217156,07,R,747,R,372,R,375,R,4,R,79,R,47,R,63,R,0,R,232,R,25,R,38,R,259,R,0,R,320,R,349,R,77,R,1
2021,217156,09,R,293,R,156,R,137,R,0,R,38,R,14,R,26,R,0,R,113,R,8,R,13,R,81,R,0,R,2,R,287,R,4,R,0
2021,217882,05,R,4957,R,2408,R,2549,R,8,R,138,R,294,R,184,R,1,R,4110,R,162,R,22,R,38,R,0,R,4627,R,320,R,10,R,0
2021,217882,07,R,1815,R,863,R,952,R,3,R,32,R,98,R,75,R,0,R,1199,R,34,R,22,R,352,R,0,R,581,R,1039,R,195,R,0
2021,217882,09,R,225,R,120,R,105,R,0,R,3,R,10,R,7,R,0,R,89,R,2,R,4,R,110,R,0,R,1,R,195,R,29,R,0
2021,217882,10,R,317,R,69,R,248,R,1,R,10,R,39,R,2,R,0,R,236,R,3,R,4,R,22,R,0,R,51,R,188,R,78,R,0
2021,217882,12,R,75,R,26,R,49,R,0,R,2,R,4,R,3,R,0,R,61,R,4,R,0,R,1,R,0,R,69,R,5,R,1,R,0
2021,217925,02,R,3,R,1,R,2,R,0,R,0,R,0,R,0,R,0,R,3,R,0,R,0,R,0,R,0,R,1,R,1,R,1,R,0
2021,217925,03,R,16,R,8,R,8,R,0,R,0,R,6,R,0,R,0,R,5,R,0,R,5,R,0,R,0,R,2,R,10,R,4,R,0
2021,217925,05,R,139,R,66,R,73,R,0,R,2,R,18,R,9,R,0,R,84,R,1,R,11,R,14,R,0,R,94,R,33,R,12,R,0
2021,217925,07,R,218,R,92,R,126,R,0,R,7,R,20,R,6,R,0,R,86,R,1,R,24,R,74,R,0,R,23,R,117,R,78,R,0
2021,217925,09,R,27,R,18,R,9,R,0,R,0,R,6,R,0,R,0,R,17,R,1,R,0,R,3,R,0,R,0,R,6,R,21,R,0
2021,217925,10,R,7,R,5,R,2,R,0,R,0,R,2,R,0,R,0,R,2,R,1,R,0,R,2,R,0,R,0,R,2,R,5,R,0
2021,221999,05,R,1712,R,802,R,910,R,8,R,249,R,184,R,167,R,10,R,766,R,109,R,91,R,128,R,0,R,1693,R,19,R,0,R,0
2021,221999,07,R,1457,R,563,R,894,R,4,R,49,R,100,R,75,R,0,R,972,R,48,R,12,R,197,R,0,R,477,R,892,R,88,R,0
2021,221999,09,R,758,R,328,R,430,R,2,R,63,R,85,R,50,R,0,R,437,R,19,R,31,R,71,R,0,R,32,R,609,R,117,R,0
2021,221999,10,R,28,R,6,R,22,R,1,R,1,R,2,R,1,R,0,R,21,R,1,R,1,R,0,R,0,R,0,R,18,R,10,R,0
2021,223232,05,R,3315,R,1281,R,2034,R,13,R,230,R,196,R,514,R,1,R,2085,R,151,R,9,R,116,R,1,R,3155,R,148,R,11,R,0
2021,223232,07,R,1064,R,401,R,663,R,2,R,50,R,86,R,133,R,1,R,651,R,33,R,36,R,72,R,2,R,413,R,521,R,128,R,0
2021,223232,09,R,476,R,243,R,233,R,4,R,22,R,19,R,57,R,1,R,309,R,20,R,18,R,26,R,0,R,36,R,403,R,37,R,0
2021,223232,10,R,5,R,0,R,5,R,0,R,0,R,0,R,2,R,0,R,3,R,0,R,0,R,0,R,0,R,1,R,4,R,0,R,0
2021,227757,05,R,1064,R,544,R,520,R,2,R,304,R,71,R,170,R,3,R,316,R,55,R,18,R,125,R,0,R,1044,R,20,R,0,R,0
2021,227757,07,R,928,R,583,R,345,R,0,R,115,R,32,R,73,R,0,R,363,R,19,R,17,R,309,R,0,R,272,R,572,R,84,R,0
2021,227757,09,R,207,R,127,R,80,R,0,R,19,R,3,R,9,R,0,R,73,R,3,R,12,R,88,R,0,R,1,R,203,R,3,R,0
2021,228246,05,R,1639,R,827,R,812,R,5,R,114,R,65,R,188,R,1,R,1056,R,67,R,0,R,143,R,0,R,1555,R,75,R,9,R,0
2021,228246,07,R,1688,R,917,R,771,R,4,R,137,R,141,R,217,R,3,R,849,R,46,R,18,R,273,R,0,R,472,R,1008,R,208,R,0
2021,228246,09,R,351,R,166,R,185,R,0,R,12,R,23,R,39,R,0,R,205,R,15,R,1,R,56,R,0,R,33,R,282,R,36,R,0
2021,228246,10,R,71,R,40,R,31,R,0,R,1,R,4,R,3,R,0,R,22,R,2,R,5,R,34,R,0,R,20,R,51,R,0,R,0
2021,228723,05,R,13092,R,6413,R,6679,R,37,R,939,R,333,R,3063,R,8,R,8055,R,403,R,18,R,236,R,0,R,12047,R,992,R,53,R,0
2021,228723,07,R,3601,R,1954,R,1647,R,8,R,187,R,119,R,491,R,1,R,1696,R,79,R,97,R,923,R,0,R,1176,R,2080,R,345,R,0
2021,228723,09,R,1457,R,737,R,720,R,1,R,144,R,58,R,183,R,2,R,558,R,30,R,52,R,429,R,0,R,13,R,1349,R,95,R,0
2021,228723,10,R,474,R,205,R,269,R,1,R,22,R,23,R,70,R,0,R,229,R,14,R,15,R,100,R,0,R,93,R,323,R,58,R,0
2021,228723,12,R,808,R,245,R,563,R,1,R,61,R,16,R,189,R,1,R,495,R,24,R,1,R,20,R,0,R,772,R,32,R,4,R,0
2021,228778,05,R,10040,R,4439,R,5601,R,17,R,2256,R,410,R,2458,R,11,R,4022,R,385,R,83,R,398,R,0,R,9412,R,568,R,60,R,0
2021,228778,07,R,3060,R,1591,R,1469,R,3,R,349,R,113,R,407,R,1,R,1430,R,63,R,71,R,623,R,0,R,1029,R,1857,R,174,R,0
2021,228778,09,R,1290,R,670,R,620,R,3,R,117,R,42,R,165,R,0,R,602,R,33,R,44,R,284,R,0,R,72,R,1128,R,90,R,0
2021,228778,10,R,11,R,5,R,6,R,0,R,3,R,1,R,1,R,0,R,3,R,0,R,1,R,2,R,0,R,0,R,10,R,1,R,0
2021,228778,12,R,2370,R,902,R,1468,R,3,R,691,R,103,R,574,R,1,R,798,R,76,R,25,R,99,R,0,R,2293,R,73,R,4,R,0
2021,228875,02,R,10,R,8,R,2,R,0,R,0,R,0,R,0,R,0,R,2,R,0,R,8,R,0,R,0,R,6,R,4,R,0,R,0
2021,228875,05,R,2164,R,866,R,1298,R,14,R,78,R,112,R,351,R,6,R,1486,R,31,R,18,R,68,R,0,R,1984,R,165,R,15,R,0
2021,228875,07,R,493,R,217,R,276,R,0,R,19,R,26,R,62,R,2,R,321,R,8,R,22,R,33,R,0,R,167,R,271,R,55,R,0
2021,228875,09,R,132,R,53,R,79,R,2,R,7,R,10,R,15,R,0,R,87,R,4,R,2,R,5,R,0,R,0,R,101,R,31,R,0
2021,228875,10,R,27,R,16,R,11,R,0,R,0,R,0,R,1,R,0,R,15,R,0,R,0,R,11,R,0,R,1,R,14,R,12,R,0
2021,231624,05,R,1561,R,648,R,913,R,2,R,106,R,115,R,148,R,2,R,948,R,82,R,75,R,83,Z,0,R,1509,R,50,R,2,Z,0
2021,231624,07,R,740,R,411,R,329,R,5,R,32,R,50,R,40,R,1,R,464,R,32,R,14,R,102,Z,0,R,221,R,403,R,116,Z,0
2021,231624,09,R,240,R,109,R,131,Z,0,R,6,R,15,R,6,Z,0,R,172,R,8,R,10,R,23,Z,0,R,23,R,201,R,16,Z,0
2021,231624,10,R,45,R,16,R,29,Z,0,R,2,R,1,R,4,Z,0,R,37,R,1,Z,0,Z,0,Z,0,R,12,R,32,R,1,Z,0
2021,234076,02,R,44,R,20,R,24,R,0,R,1,R,2,R,1,R,0,R,36,R,2,R,1,R,1,R,0,R,2,R,19,R,23,R,0
2021,234076,05,R,4453,R,2003,R,2450,R,5,R,716,R,298,R,301,R,3,R,2544,R,212,R,193,R,181,R,0,R,4268,R,155,R,30,R,0
2021,234076,07,R,2147,R,1026,R,1121,R,0,R,173,R,110,R,108,R,0,R,1231,R,60,R,40,R,425,R,0,R,762,R,1220,R,165,R,0
2021,234076,09,R,794,R,436,R,358,R,2,R,74,R,36,R,49,R,1,R,466,R,31,R,27,R,108,R,0,R,51,R,715,R,28,R,0
2021,234076,10,R,194,R,62,R,132,R,0,R,8,R,10,R,8,R,0,R,126,R,10,R,5,R,27,R,0,R,29,R,105,R,60,R,0
2021,234076,12,R,3,R,2,R,1,R,0,R,1,R,0,R,0,R,0,R,2,R,0,R,0,R,0,R,0,R,0,R,1,R,2,R,0
2021,236948,05,R,8100,R,3589,R,4511,R,29,R,2001,R,248,R,685,R,40,R,3125,R,641,R,121,R,1210,R,1,R,7010,R,948,R,137,R,4
2021,236948,07,R,4265,R,1893,R,2372,R,18,R,557,R,122,R,299,R,3,R,1921,R,208,R,105,R,1032,R,0,R,995,R,2905,R,365,R,0
2021,236948,09,R,1479,R,670,R,809,R,9,R,220,R,41,R,98,R,3,R,794,R,63,R,44,R,207,R,0,R,20,R,1347,R,112,R,0
2021,236948,10,R,11,R,0,R,11,R,0,R,0,R,0,R,1,R,0,R,8,R,1,R,0,R,1,R,0,R,0,R,11,R,0,R,0
2021,239105,05,R,1905,R,886,R,1019,R,4,R,143,R,72,R,257,R,1,R,1314,R,56,R,9,R,49,R,0,R,1862,R,39,R,4,R,0
2021,239105,07,R,763,R,255,R,508,R,1,R,23,R,26,R,46,R,2,R,528,R,22,R,81,R,34,R,0,R,266,R,444,R,53,R,0
2021,239105,09,R,431,R,197,R,234,R,1,R,28,R,13,R,42,R,0,R,303,R,14,R,13,R,17,R,0,R,99,R,314,R,18,R,0
2021,239105,10,R,38,R,10,R,28,R,0,R,3,R,2,R,2,R,0,R,26,R,1,R,3,R,1,R,0,R,4,R,25,R,9,R,0
2021,240444,02,R,1,R,0,R,1,R,0,R,0,R,0,R,0,R,0,R,1,R,0,R,0,R,0,R,0,R,0,R,1,R,0,R,0
2021,240444,05,R,7743,R,3619,R,4124,R,11,R,491,R,160,R,417,R,3,R,5379,R,235,R,171,R,876,R,0,R,7315,R,382,R,46,R,0
2021,240444,07,R,2546,R,1213,R,1333,R,6,R,98,R,50,R,118,R,3,R,1392,R,60,R,39,R,780,R,0,R,1060,R,1371,R,115,R,0
2021,240444,09,R,1455,R,710,R,745,R,4,R,85,R,38,R,77,R,1,R,917,R,34,R,52,R,247,R,0,R,115,R,1280,R,60,R,0
2021,240444,10,R,268,R,147,R,121,R,0,R,17,R,3,R,11,R,0,R,183,R,7,R,4,R,43,R,0,R,53,R,194,R,21,R,0
2021,240444,12,R,2652,R,901,R,1751,R,4,R,180,R,54,R,156,R,1,R,1887,R,78,R,75,R,217,R,0,R,2592,R,54,R,6,R,0
2021,243744,05,R,1421,R,672,R,749,R,12,R,330,R,101,R,212,R,3,R,485,R,120,R,7,R,151,R,0,R,1360,R,56,R,5,R,0
2021,243744,07,R,2155,R,1190,R,965,R,4,R,422,R,45,R,173,R,2,R,656,R,119,R,21,R,713,R,0,R,999,R,1129,R,27,R,0
2021,243744,09,R,1092,R,649,R,443,R,0,R,172,R,32,R,97,R,1,R,446,R,43,R,8,R,293,R,0,R,12,R,1052,R,28,R,0
2021,243744,10,R,2,R,2,R,0,R,0,R,0,R,0,R,0,R,0,R,2,R,0,R,0,R,0,R,0,R,0,R,2,R,0,R,0
2021,243780,03,R,50,R,12,R,38,R,0,R,1,R,0,R,2,R,0,R,46,R,1,R,0,R,0,R,0,R,31,R,12,R,7,R,0
2021,243780,05,R,7591,R,4273,R,3318,R,7,R,613,R,198,R,392,R,5,R,4928,R,264,R,100,R,1084,R,1,R,7249,R,310,R,31,R,0
2021,243780,07,R,2247,R,1222,R,1025,R,5,R,117,R,74,R,112,R,2,R,1089,R,34,R,19,R,795,R,0,R,693,R,1307,R,247,R,0
2021,243780,09,R,1034,R,566,R,468,R,2,R,67,R,14,R,33,R,0,R,388,R,17,R,60,R,453,R,0,R,110,R,865,R,59,R,0
2021,243780,10,R,165,R,50,R,115,R,0,R,10,R,9,R,12,R,0,R,97,R,4,R,8,R,25,R,0,R,13,R,106,R,46,R,0
2021,243780,11,R,55,R,13,R,42,R,0,R,11,R,2,R,3,R,0,R,27,R,1,R,0,R,11,R,0,R,55,R,0,R,0,R,0
2021,243780,12,R,654,R,397,R,257,R,1,R,68,R,26,R,37,R,1,R,378,R,25,R,13,R,105,R,0,R,620,R,28,R,6,R,0
2021,445188,05,R,1889,R,877,R,1012,R,3,R,375,R,94,R,978,R,16,R,205,R,57,R,11,R,150,R,0,R,1772,R,113,R,4,R,0
2021,445188,07,R,77,R,40,R,37,R,0,R,9,R,1,R,19,R,0,R,16,R,0,R,1,R,31,R,0,R,16,R,60,R,1,R,0
2021,445188,09,R,56,R,24,R,32,R,0,R,9,R,1,R,11,R,0,R,13,R,2,R,3,R,17,R,0,R,0,R,55,R,1,R,0
2020,100858,05,R,5451,R,2759,R,2692,R,21,R,135,R,302,R,165,R,7,R,4425,R,95,R,21,R,280,Z,0,R,4982,R,442,R,27,Z,0
2020,100858,07,R,1279,R,611,R,668,R,2,R,33,R,81,R,48,Z,0,R,824,R,21,R,4,R,266,Z,0,R,424,R,746,R,109,Z,0
2020,100858,09,R,538,R,219,R,319,R,1,R,23,R,36,R,16,R,1,R,341,R,2,R,2,R,116,Z,0,R,16,R,475,R,47,Z,0
2020,100858,10,R,263,R,153,R,110,R,2,R,6,R,29,R,11,R,1,R,192,R,2,R,3,R,17,Z,0,R,26,R,148,R,89,Z,0
2020,100858,12,R,3,R,1,R,2,Z,0,Z,0,Z,0,Z,0,Z,0,R,3,Z,0,Z,0,Z,0,Z,0,R,1,R,2,Z,0,Z,0
2020,110404,05,R,207,R,113,R,94,R,0,R,73,R,3,R,22,R,0,R,63,R,22,R,0,R,24,R,0,R,203,R,4,R,0,R,0
2020,110404,07,R,101,R,66,R,35,R,0,R,14,R,0,R,2,R,0,R,30,R,4,R,0,R,51,R,0,R,55,R,46,R,0,R,0
2020,110404,09,R,146,R,108,R,38,R,0,R,10,R,0,R,5,R,0,R,56,R,2,R,1,R,72,R,0,R,1,R,145,R,0,R,0
2020,110635,05,R,8842,R,4199,R,4643,R,8,R,3057,R,155,R,1292,R,12,R,2353,R,502,R,382,R,1081,R,1,R,7742,R,1009,R,90,R,0
2020,110635,07,R,3269,R,1740,R,1529,R,6,R,525,R,70,R,223,R,6,R,871,R,78,R,129,R,1361,R,0,R,891,R,2156,R,222,R,0
2020,110635,09,R,1204,R,641,R,563,R,3,R,139,R,27,R,108,R,1,R,517,R,88,R,80,R,241,R,0,R,18,R,1144,R,42,R,0
2020,110635,10,R,80,R,15,R,65,R,1,R,13,R,7,R,20,R,0,R,23,R,7,R,2,R,7,R,0,R,8,R,67,R,5,R,0
2020,110644,05,R,8410,R,3402,R,5008,R,6,R,2403,R,174,R,1725,R,33,R,2238,R,462,R,113,R,1256,R,0,R,7279,R,1080,R,51,R,0
2020,110644,07,R,1384,R,615,R,769,R,3,R,217,R,23,R,150,R,3,R,458,R,59,R,17,R,454,R,0,R,398,R,907,R,79,R,0
2020,110644,09,R,930,R,389,R,541,R,3,R,123,R,24,R,112,R,3,R,436,R,47,R,27,R,155,R,0,R,15,R,862,R,53,R,0
2020,110644,10,R,8,R,1,R,7,R,0,R,1,R,0,R,1,R,1,R,3,R,1,R,0,R,1,R,0,R,0,R,6,R,2,R,0
2020,110653,05,R,8424,R,3926,R,4498,R,5,R,2934,R,148,R,2089,R,26,R,1308,R,344,R,103,R,1467,R,1,R,7581,R,806,R,36,R,0
2020,110653,07,R,1545,R,773,R,772,R,3,R,375,R,27,R,167,R,2,R,352,R,49,R,65,R,505,R,0,R,546,R,926,R,73,R,0
2020,110653,09,R,650,R,339,R,311,R,0,R,101,R,14,R,80,R,0,R,250,R,23,R,52,R,130,R,0,R,10,R,606,R,34,R,0
2020,110653,10,R,119,R,29,R,90,R,0,R,35,R,0,R,25,R,0,R,50,R,7,R,1,R,1,R,0,R,63,R,54,R,2,R,0
2020,110662,05,R,9483,R,3943,R,5540,R,22,R,2601,R,314,R,2132,R,26,R,2524,R,499,R,204,R,1161,R,0,R,8564,R,843,R,76,R,0
2020,110662,07,R,3294,R,1699,R,1595,R,4,R,595,R,92,R,418,R,8,R,948,R,119,R,78,R,1032,R,0,R,825,R,2296,R,173,R,0
2020,110662,09,R,1253,R,686,R,567,R,3,R,213,R,45,R,109,R,1,R,467,R,50,R,127,R,238,R,0,R,37,R,1144,R,72,R,0
2020,110662,10,R,1,R,0,R,1,R,0,R,0,R,0,R,1,R,0,R,0,R,0,R,0,R,0,R,0,R,0,R,1,R,0,R,0
2020,110671,05,R,5520,R,2394,R,3126,R,13,R,1696,R,231,R,2399,R,21,R,647,R,209,R,52,R,252,R,1,R,4755,R,730,R,34,R,0
2020,110671,07,R,765,R,411,R,354,R,2,R,88,R,23,R,174,R,2,R,182,R,30,R,28,R,236,R,0,R,307,R,412,R,46,R,0
2020,110671,09,R,341,R,202,R,139,R,3,R,46,R,8,R,26,R,0,R,129,R,11,R,21,R,97,R,0,R,1,R,325,R,15,R,0
2020,110680,05,R,7933,R,3884,R,4049,R,8,R,2693,R,112,R,1410,R,25,R,1555,R,374,R,116,R,1640,R,0,R,6917,R,980,R,36,R,0
2020,110680,07,R,2235,R,1312,R,923,R,3,R,283,R,31,R,157,R,0,R,463,R,66,R,47,R,1185,R,0,R,1172,R,997,R,66,R,0
2020,110680,09,R,746,R,436,R,310,R,2,R,137,R,17,R,60,R,0,R,259,R,28,R,47,R,196,R,0,R,1,R,716,R,29,R,0
2020,110705,05,R,6474,R,2933,R,3541,R,8,R,1118,R,115,R,1569,R,9,R,2130,R,520,R,166,R,839,R,1,R,5924,R,518,R,31,R,0
2020,110705,07,R,570,R,283,R,287,R,0,R,65,R,16,R,77,R,1,R,243,R,12,R,9,R,147,R,0,R,224,R,337,R,9,R,0
2020,110705,09,R,298,R,183,R,115,R,3,R,33,R,3,R,13,R,0,R,147,R,0,R,10,R,89,R,0,R,2,R,279,R,17,R,0
2020,110705,10,R,78,R,18,R,60,R,0,R,6,R,2,R,26,R,0,R,35,R,4,R,2,R,3,R,0,R,36,R,37,R,5,R,0
2020,110714,05,R,4960,R,2410,R,2550,R,5,R,1120,R,89,R,1400,R,8,R,1576,R,389,R,99,R,274,R,0,R,4287,R,639,R,34,R,0
2020,110714,07,R,347,R,192,R,155,R,0,R,31,R,3,R,41,R,0,R,127,R,10,R,18,R,117,R,0,R,112,R,224,R,11,R,0
2020,110714,09,R,152,R,79,R,73,R,0,R,16,R,2,R,10,R,0,R,80,R,3,R,15,R,26,R,0,R,0,R,142,R,10,R,0
2020,121150,05,R,882,R,349,R,533,R,5,R,77,R,38,R,133,R,4,R,438,R,46,R,34,R,107,R,1,R,799,R,69,R,13,Z,0
2020,121150,07,R,1485,R,544,R,941,R,5,R,150,R,142,R,155,R,5,R,487,R,31,R,163,R,347,Z,0,R,307,R,920,R,258,Z,0
2020,121150,09,R,233,R,91,R,142,R,2,R,19,R,21,R,29,R,1,R,119,R,9,R,24,R,9,Z,0,R,19,R,160,R,54,Z,0
2020,122931,05,R,1379,R,634,R,745,R,3,R,234,R,45,R,248,R,1,R,681,R,96,R,14,R,57,R,1,R,1334,R,41,R,3,R,0
2020,122931,07,R,949,R,458,R,491,R,1,R,172,R,8,R,86,R,1,R,222,R,34,R,25,R,400,R,0,R,117,R,736,R,96,R,0
2020,122931,09,R,238,R,116,R,122,R,0,R,38,R,5,R,59,R,3,R,89,R,11,R,3,R,30,R,0,R,1,R,213,R,24,R,0
2020,122931,10,R,62,R,29,R,33,R,0,R,28,R,1,R,10,R,3,R,16,R,2,R,1,R,1,R,0,R,14,R,44,R,4,R,0
2020,123961,05,R,5078,R,2388,R,2690,R,5,R,1050,R,244,R,738,R,11,R,2045,R,298,R,74,R,613,R,0,R,4775,R,276,R,27,R,0
2020,123961,07,R,9703,R,4156,R,5547,R,21,R,1158,R,540,R,1394,R,31,R,2065,R,185,R,478,R,3831,R,0,R,3121,R,5801,R,781,R,0
2020,123961,09,R,1841,R,819,R,1022,R,2,R,429,R,158,R,212,R,7,R,615,R,44,R,69,R,305,R,0,R,66,R,1473,R,302,R,0
2020,123961,10,R,1167,R,474,R,693,R,3,R,132,R,34,R,91,R,1,R,217,R,16,R,137,R,536,R,0,R,342,R,704,R,121,R,0
2020,126614,05,R,6710,R,3629,R,3081,R,9,R,380,R,91,R,780,R,6,R,4598,R,348,R,33,R,465,R,0,R,6002,R,672,R,36,R,0
2020,126614,07,R,1708,R,941,R,767,R,3,R,55,R,12,R,134,R,0,R,1061,R,53,R,35,R,355,R,0,R,575,R,1018,R,115,R,0
2020,126614,09,R,579,R,335,R,244,R,3,R,19,R,8,R,53,R,0,R,379,R,12,R,30,R,75,R,0,R,27,R,525,R,27,R,0
2020,126775,05,R,1047,R,733,R,314,R,3,R,48,R,10,R,87,R,1,R,760,R,68,R,9,R,61,R,0,R,933,R,109,R,5,R,0
2020,126775,07,R,396,R,288,R,108,R,2,R,20,R,1,R,20,R,0,R,271,R,15,R,5,R,62,R,0,R,217,R,171,R,8,R,0
2020,126775,09,R,126,R,104,R,22,R,0,R,4,R,0,R,8,R,0,R,61,R,3,R,0,R,50,R,0,R,1,R,114,R,11,R,0
2020,126775,10,R,9,R,9,R,0,R,0,R,0,R,0,R,0,R,0,R,5,R,1,R,3,R,0,R,0,R,1,R,5,R,3,R,0
2020,129020,03,R,26,R,5,R,21,R,0,R,2,R,3,R,5,R,0,R,16,R,0,R,0,R,0,Z,0,R,26,Z,0,Z,0,Z,0
2020,129020,05,R,5535,R,2598,R,2937,R,5,R,619,R,326,R,632,R,3,R,3294,R,169,R,111,R,376,Z,0,R,5060,R,420,R,55,Z,0
2020,129020,07,R,1816,R,788,R,1028,R,3,R,93,R,93,R,125,R,4,R,823,R,43,R,69,R,563,Z,0,R,654,R,1011,R,151,Z,0
2020,129020,09,R,747,R,341,R,406,R,2,R,76,R,40,R,37,R,0,R,395,R,11,R,49,R,137,Z,0,R,89,R,611,R,47,Z,0
2020,129020,10,R,440,R,167,R,273,R,2,R,30,R,27,R,26,R,0,R,280,R,8,R,43,R,24,Z,0,R,72,R,281,R,87,Z,0
2020,130794,02,R,2,R,1,R,1,R,0,R,0,R,0,R,1,R,0,R,0,R,0,R,0,R,1,R,0,R,1,R,1,R,0,R,0
2020,130794,05,R,1392,R,689,R,703,R,11,R,261,R,98,R,181,R,2,R,614,R,79,R,3,R,143,R,0,R,1365,R,26,R,1,R,0
2020,130794,07,R,2272,R,1101,R,1171,R,2,R,233,R,96,R,140,R,3,R,918,R,56,R,40,R,784,R,0,R,458,R,1732,R,81,R,1
2020,130794,09,R,754,R,366,R,388,R,0,R,105,R,42,R,60,R,0,R,339,R,37,R,2,R,169,R,0,R,18,R,712,R,24,R,0
2020,130794,10,R,236,R,30,R,206,R,1,R,20,R,10,R,24,R,0,R,160,R,9,R,6,R,6,R,0,R,62,R,166,R,8,R,0
2020,130943,03,R,261,R,126,R,135,Z,0,R,14,R,41,R,36,Z,0,R,148,R,11,R,7,R,4,Z,0,R,259,R,1,R,1,Z,0
2020,130943,05,R,4243,R,1744,R,2499,R,5,R,218,R,206,R,319,R,2,R,3066,R,123,R,67,R,237,Z,0,R,3934,R,286,R,23,Z,0
2020,130943,07,R,995,R,452,R,543,R,1,R,51,R,48,R,44,R,2,R,552,R,19,R,6,R,272,Z,0,R,250,R,653,R,92,Z,0
2020,130943,09,R,295,R,141,R,154,R,1,R,13,R,12,R,7,Z,0,R,162,R,8,R,4,R,88,Z,0,R,2,R,264,R,29,Z,0
2020,131159,05,R,1758,R,631,R,1127,R,3,R,103,R,112,R,237,R,0,R,973,R,89,R,62,R,179,R,0,R,1668,R,85,R,5,R,0
2020,131159,07,R,1935,R,681,R,1254,R,2,R,91,R,268,R,172,R,1,R,803,R,44,R,228,R,326,R,0,R,253,R,1486,R,196,R,0
2020,131159,09,R,443,R,153,R,290,R,1,R,23,R,36,R,77,R,1,R,232,R,22,R,17,R,34,R,0,R,10,R,408,R,25,R,0
2020,131159,10,R,79,R,35,R,44,R,0,R,10,R,5,R,8,R,0,R,28,R,1,R,4,R,23,R,0,R,19,R,49,R,11,R,0
2020,131159,12,R,128,R,36,R,92,R,0,R,7,R,5,R,19,R,0,R,82,R,7,R,7,R,1,R,0,R,128,R,0,R,0,R,0
2020,131469,03,R,214,R,98,R,116,R,0,R,23,R,39,R,47,R,3,R,61,R,8,R,32,R,1,R,5,R,87,R,119,R,3,R,0
2020,131469,05,R,2989,R,1186,R,1803,R,2,R,346,R,243,R,317,R,3,R,1484,R,101,R,144,R,349,R,0,R,2476,R,440,R,73,R,0
2020,131469,07,R,4753,R,1925,R,2828,R,14,R,383,R,500,R,360,R,11,R,2045,R,114,R,299,R,1027,R,0,R,1076,R,3058,R,617,R,2
2020,131469,09,R,911,R,404,R,507,R,7,R,124,R,91,R,28,R,3,R,486,R,10,R,62,R,100,R,0,R,60,R,759,R,92,R,0
2020,131469,10,R,674,R,218,R,456,R,0,R,47,R,96,R,46,R,1,R,314,R,15,R,38,R,117,R,0,R,90,R,419,R,165,R,0
2020,131496,02,R,13,R,4,R,9,R,0,R,1,R,2,R,0,R,0,R,7,R,0,R,3,R,0,R,0,R,2,R,11,R,0,R,0
2020,131496,05,R,1796,R,772,R,1024,R,0,R,171,R,95,R,174,R,1,R,1001,R,78,R,41,R,235,R,0,R,1749,R,41,R,5,R,1
2020,131496,07,R,4067,R,1875,R,2192,R,6,R,291,R,313,R,289,R,4,R,1805,R,116,R,144,R,1099,R,0,R,929,R,2745,R,391,R,2
2020,131496,09,R,1037,R,461,R,576,R,2,R,90,R,66,R,64,R,1,R,570,R,14,R,128,R,102,R,0,R,78,R,931,R,28,R,0
2020,131496,10,R,3,R,0,R,3,R,0,R,0,R,0,R,0,R,0,R,3,R,0,R,0,R,0,R,0,R,1,R,2,R,0,R,0
2020,131520,02,R,8,R,0,R,8,Z,0,R,3,R,3,R,2,Z,0,Z,0,Z,0,Z,0,Z,0,Z,0,Z,0,R,7,R,1,Z,0
2020,131520,05,R,923,R,288,R,635,R,1,R,14,R,749,R,38,R,0,R,8,R,36,R,0,R,77,Z,0,R,843,R,72,R,8,Z,0
2020,131520,07,R,235,R,68,R,167,R,0,R,5,R,172,R,17,R,1,R,11,R,6,R,0,R,23,Z,0,R,51,R,163,R,21,Z,0
2020,131520,09,R,476,R,198,R,278,R,1,R,43,R,308,R,22,R,0,R,32,R,19,R,0,R,51,Z,0,R,47,R,375,R,54,Z,0
2020,131520,10,R,33,R,14,R,19,R,0,R,2,R,17,R,1,R,0,R,4,R,2,R,0,R,7,Z,0,Z,0,R,28,R,5,Z,0
2020,133951,03,R,84,R,25,R,59,R,0,R,2,R,7,R,64,R,0,R,8,R,1,R,0,R,2,R,0,R,82,R,1,R,0,R,1
2020,133951,05,R,11751,R,4667,R,7084,R,6,R,272,R,1365,R,7780,R,13,R,1044,R,275,R,46,R,950,R,0,R,7100,R,4226,R,425,R,0
2020,133951,07,R,3429,R,1251,R,2178,R,4,R,121,R,472,R,1833,R,4,R,436,R,71,R,23,R,465,R,0,R,684,R,2336,R,409,R,0
2020,133951,09,R,559,R,265,R,294,R,2,R,37,R,42,R,208,R,1,R,163,R,16,R,11,R,79,R,0,R,11,R,494,R,54,R,0
2020,133951,10,R,163,R,49,R,114,R,1,R,8,R,31,R,89,R,0,R,29,R,4,R,1,R,0,R,0,R,41,R,89,R,33,R,0
2020,134097,03,R,159,R,53,R,106,R,1,R,10,R,22,R,34,R,0,R,74,R,13,R,2,R,3,R,0,R,154,R,5,R,0,R,0
2020,134097,05,R,8663,R,3764,R,4899,R,14,R,203,R,726,R,1797,R,5,R,5321,R,301,R,100,R,196,R,0,R,7838,R,753,R,72,R,0
2020,134097,07,R,2311,R,935,R,1376,R,5,R,61,R,234,R,291,R,4,R,1397,R,74,R,29,R,216,R,0,R,716,R,1367,R,228,R,0
2020,134097,09,R,746,R,358,R,388,R,0,R,39,R,59,R,84,R,1,R,392,R,14,R,16,R,141,R,0,R,29,R,650,R,67,R,0
2020,134097,10,R,50,R,8,R,42,R,0,R,0,R,8,R,7,R,0,R,28,R,3,R,0,R,4,R,0,R,9,R,32,R,9,R,0
2020,134130,02,R,8,R,1,R,7,R,0,R,0,R,0,R,5,R,0,R,3,R,0,R,0,R,0,R,0,R,7,R,1,R,0,R,0
2020,134130,03,R,152,R,59,R,93,R,0,R,12,R,21,R,32,R,3,R,73,R,9,R,2,R,0,R,0,R,147,R,5,R,0,R,0
2020,134130,05,R,9162,R,3888,R,5274,R,18,R,768,R,506,R,2008,R,41,R,5025,R,347,R,257,R,192,R,0,R,8501,R,627,R,34,R,0
2020,134130,07,R,3854,R,1836,R,2018,R,7,R,162,R,203,R,510,R,2,R,1977,R,87,R,128,R,778,R,0,R,1293,R,2296,R,265,R,0
2020,134130,09,R,1830,R,806,R,1024,R,4,R,144,R,96,R,242,R,11,R,929,R,24,R,55,R,325,R,0,R,35,R,1612,R,183,R,0
2020,134130,10,R,827,R,278,R,549,R,2,R,53,R,40,R,111,R,1,R,493,R,25,R,37,R,65,R,0,R,152,R,529,R,146,R,0
2020,134130,12,R,341,R,143,R,198,R,2,R,23,R,11,R,87,R,2,R,182,R,13,R,15,R,6,R,0,R,276,R,54,R,11,R,0
2020,135726,05,R,2660,R,1146,R,1514,R,2,R,144,R,219,R,642,R,1,R,1102,R,92,R,102,R,356,R,0,R,2401,R,223,R,36,R,0
2020,135726,07,R,1773,R,821,R,952,R,5,R,78,R,140,R,453,R,1,R,416,R,38,R,150,R,492,R,0,R,559,R,1023,R,191,R,0
2020,135726,09,R,843,R,390,R,453,R,1,R,63,R,54,R,216,R,0,R,337,R,33,R,52,R,87,R,0,R,54,R,743,R,46,R,0
2020,135726,10,R,102,R,50,R,52,R,0,R,6,R,24,R,29,R,0,R,27,R,1,R,11,R,4,R,0,R,9,R,70,R,23,R,0
2020,135726,12,R,14,R,7,R,7,R,0,R,1,R,0,R,5,R,0,R,8,R,0,R,0,R,0,R,0,R,14,R,0,R,0,R,0
2020,137351,03,R,277,R,88,R,189,Z,0,R,12,R,40,R,71,Z,0,R,130,R,11,R,11,R,2,Z,0,R,257,R,19,R,1,Z,0
2020,137351,05,R,10068,R,4019,R,6049,R,22,R,643,R,1019,R,2051,R,20,R,5085,R,355,R,326,R,547,Z,0,R,6947,R,2771,R,350,Z,0
2020,137351,07,R,3383,R,1373,R,2010,R,4,R,172,R,268,R,430,R,4,R,1625,R,67,R,99,R,714,Z,0,R,680,R,2287,R,416,Z,0
2020,137351,09,R,772,R,335,R,437,Z,0,R,80,R,54,R,82,R,1,R,377,R,22,R,47,R,109,Z,0,R,9,R,629,R,134,Z,0
2020,137351,10,R,17,R,2,R,15,Z,0,R,1,R,2,R,1,Z,0,R,12,Z,0,R,1,Z,0,Z,0,R,1,R,10,R,6,Z,0
2020,139658,05,R,2093,R,747,R,1346,R,0,R,447,R,171,R,205,R,2,R,878,R,81,R,18,R,291,R,0,R,1862,R,212,R,19,R,0
2020,139658,07,R,1521,R,567,R,954,R,3,R,179,R,210,R,93,R,0,R,663,R,35,R,40,R,298,R,0,R,336,R,1058,R,127,R,0
2020,139658,09,R,809,R,360,R,449,R,1,R,73,R,68,R,47,R,1,R,460,R,18,R,38,R,103,R,0,R,72,R,700,R,37,R,0
2020,139658,10,R,14,R,1,R,13,R,0,R,0,R,2,R,1,R,0,R,11,R,0,R,0,R,0,R,0,R,0,R,9,R,5,R,0
2020,139755,05,R,3878,R,2399,R,1479,R,2,R,822,R,244,R,274,R,2,R,1909,R,148,R,125,R,352,R,0,R,3619,R,249,R,10,R,0
2020,139755,07,R,4031,R,3046,R,985,R,1,R,573,R,138,R,186,R,1,R,1443,R,85,R,11,R,1593,R,0,R,1142,R,2518,R,371,R,0
2020,139755,09,R,527,R,386,R,141,R,0,R,36,R,11,R,17,R,0,R,177,R,9,R,0,R,277,R,0,R,0,R,516,R,11,R,0
2020,139959,02,R,22,R,4,R,18,R,0,R,0,R,2,R,4,R,0,R,15,R,0,R,0,R,1,R,0,R,22,R,0,R,0,R,0
2020,139959,05,R,7590,R,3281,R,4309,R,8,R,813,R,567,R,490,R,4,R,5249,R,298,R,43,R,118,R,0,R,7052,R,505,R,33,R,0
2020,139959,07,R,1966,R,768,R,1198,R,4,R,80,R,196,R,60,R,0,R,1339,R,58,R,20,R,209,R,0,R,636,R,1166,R,164,R,0
2020,139959,09,R,959,R,410,R,549,R,1,R,59,R,90,R,32,R,0,R,558,R,28,R,24,R,167,R,0,R,16,R,849,R,94,R,0
2020,139959,10,R,284,R,54,R,230,R,0,R,11,R,83,R,3,R,0,R,153,R,16,R,2,R,16,R,0,R,24,R,196,R,64,R,0
2020,139959,12,R,910,R,366,R,544,R,0,R,85,R,62,R,57,R,0,R,665,R,31,R,3,R,7,R,0,R,879,R,28,R,3,R,0
2020,144050,05,R,1527,R,751,R,776,R,1,R,290,R,85,R,191,R,0,R,647,R,82,R,30,R,201,R,0,R,1518,R,8,R,1,R,0
2020,144050,07,R,3308,R,1840,R,1468,R,3,R,378,R,107,R,178,R,1,R,1209,R,77,R,75,R,1280,R,0,R,713,R,2426,R,169,R,0
2020,144050,09,R,659,R,384,R,275,R,0,R,59,R,21,R,60,R,0,R,316,R,30,R,22,R,151,R,0,R,32,R,601,R,26,R,0
2020,144050,10,R,323,R,123,R,200,R,0,R,17,R,9,R,22,R,0,R,112,R,6,R,0,R,157,R,0,R,105,R,213,R,5,R,0
2020,145600,05,R,4479,R,2142,R,2337,R,1,R,1005,R,322,R,1254,R,3,R,1520,R,143,R,84,R,147,R,0,R,3615,R,812,R,52,R,0
2020,145600,07,R,2132,R,870,R,1262,R,1,R,191,R,178,R,241,R,1,R,729,R,30,R,31,R,730,R,0,R,543,R,1394,R,195,R,0
2020,145600,09,R,1124,R,462,R,662,R,1,R,231,R,84,R,107,R,0,R,519,R,33,R,6,R,143,R,0,R,29,R,1001,R,94,R,0
2020,145600,10,R,22,R,9,R,13,R,0,R,7,R,2,R,0,R,0,R,9,R,0,R,0,R,4,R,0,R,0,R,18,R,4,R,0
2020,145637,05,R,8148,R,4302,R,3846,R,3,R,1543,R,437,R,867,R,3,R,3742,R,251,R,21,R,1281,R,0,R,7806,R,325,R,17,R,0
2020,145637,07,R,4331,R,2244,R,2087,R,1,R,392,R,162,R,228,R,1,R,1564,R,65,R,150,R,1768,R,0,R,1679,R,2188,R,464,R,0
2020,145637,09,R,1179,R,645,R,534,R,0,R,79,R,33,R,69,R,0,R,523,R,25,R,19,R,431,R,0,R,22,R,1087,R,70,R,0
2020,145637,10,R,12,R,3,R,9,R,0,R,2,R,1,R,0,R,0,R,6,R,0,R,0,R,3,R,0,R,0,R,9,R,3,R,0
2020,147767,02,R,114,R,71,R,43,R,0,R,26,R,0,R,4,R,0,R,54,R,6,R,2,R,22,Z,0,R,77,R,35,R,2,Z,0
2020,147767,05,R,2151,R,1068,R,1083,R,2,R,372,R,112,R,276,R,0,R,1029,R,120,R,56,R,184,Z,0,R,2039,R,97,R,15,Z,0
2020,147767,07,R,4263,R,2160,R,2103,R,5,R,434,R,202,R,223,R,2,R,1664,R,97,R,469,R,1167,Z,0,R,590,R,3125,R,548,Z,0
2020,147767,09,R,969,R,469,R,500,R,1,R,134,R,47,R,70,R,3,R,434,R,21,R,82,R,177,Z,0,R,6,R,929,R,34,Z,0
2020,147767,10,R,234,R,90,R,144,R,1,R,29,R,13,R,15,R,0,R,102,R,7,R,39,R,28,Z,0,R,12,R,169,R,53,Z,0
2020,151351,02,R,100,R,65,R,35,R,0,R,5,R,1,R,3,R,0,R,61,R,0,R,1,R,29,R,0,R,97,R,2,R,1,R,0
2020,151351,03,R,1,R,1,R,0,R,0,R,0,R,0,R,0,R,0,R,1,R,0,R,0,R,0,R,0,R,0,R,0,R,1,R,0
2020,151351,05,R,7429,R,3747,R,3682,R,5,R,423,R,293,R,457,R,2,R,5170,R,298,R,15,R,766,R,0,R,7079,R,326,R,24,R,0
2020,151351,07,R,2569,R,1469,R,1100,R,2,R,173,R,98,R,98,R,1,R,1414,R,63,R,44,R,676,R,0,R,684,R,1619,R,266,R,0
2020,151351,09,R,706,R,335,R,371,R,1,R,33,R,32,R,23,R,0,R,430,R,13,R,5,R,169,R,0,R,30,R,599,R,77,R,0
2020,151351,10,R,268,R,131,R,137,R,0,R,14,R,11,R,10,R,0,R,144,R,5,R,7,R,77,R,0,R,37,R,188,R,43,R,0
2020,151351,12,R,14,R,9,R,5,R,0,R,0,R,0,R,1,R,0,R,12,R,0,R,0,R,1,R,0,R,13,R,1,R,0,R,0
2020,152080,05,R,2202,R,1164,R,1038,R,0,R,110,R,92,R,223,R,1,R,1521,R,111,R,11,R,133,R,0,R,2191,R,10,R,1,R,0
2020,152080,07,R,1134,R,655,R,479,R,2,R,49,R,24,R,72,R,0,R,650,R,41,R,16,R,280,R,0,R,365,R,666,R,103,R,0
2020,152080,09,R,440,R,265,R,175,R,1,R,23,R,14,R,32,R,0,R,262,R,14,R,12,R,82,R,0,R,32,R,398,R,10,R,0
2020,160472,02,R,60,R,7,R,53,R,0,R,0,R,13,R,14,R,0,R,33,R,0,R,0,R,0,R,2,R,29,R,20,R,9,R,0
2020,160472,11,R,12,R,0,R,12,R,0,R,0,R,1,R,5,R,0,R,6,R,0,R,0,R,0,R,0,R,7,R,4,R,1,Z,0
2020,160472,12,R,21,R,0,R,21,R,0,R,0,R,8,R,3,R,0,R,10,R,0,R,0,R,0,R,1,R,8,R,7,R,5,R,0
2020,160755,03,R,37,R,7,R,30,R,0,R,0,R,14,R,5,R,0,R,13,R,2,R,3,R,0,R,0,R,4,R,14,R,19,R,0
2020,160755,05,R,1960,R,808,R,1152,R,4,R,98,R,109,R,138,R,1,R,1420,R,63,R,24,R,103,R,0,R,1835,R,92,R,33,R,0
2020,160755,07,R,1492,R,626,R,866,R,2,R,72,R,166,R,86,R,1,R,621,R,34,R,35,R,475,R,0,R,545,R,775,R,172,R,0
2020,160755,09,R,554,R,274,R,280,R,2,R,53,R,31,R,25,R,0,R,353,R,19,R,16,R,55,R,0,R,27,R,494,R,33,R,0
2020,160755,10,R,26,R,4,R,22,R,0,R,0,R,4,R,1,R,0,R,21,R,0,R,0,R,0,R,0,R,1,R,18,R,7,R,0
2020,162928,05,R,1392,R,681,R,711,R,2,R,391,R,96,R,177,R,4,R,455,R,65,R,62,R,140,R,0,R,1348,R,39,R,5,Z,0
2020,162928,07,R,6708,R,2934,R,3774,R,11,R,681,R,433,R,409,R,4,R,2595,R,208,R,238,R,2129,R,0,R,1322,R,4710,R,676,Z,0
2020,162928,09,R,650,R,330,R,320,R,0,R,103,R,27,R,33,R,0,R,304,R,19,R,13,R,151,R,0,R,0,R,593,R,57,Z,0
2020,162928,10,R,760,R,231,R,529,R,15,R,84,R,64,R,48,R,0,R,339,R,24,R,25,R,161,R,0,R,85,R,510,R,165,Z,0
2020,163286,02,R,63,R,18,R,45,R,0,R,7,R,15,R,9,R,0,R,23,R,4,R,4,R,1,R,0,R,57,R,6,R,0,R,0
2020,163286,05,R,7764,R,3903,R,3861,R,11,R,1322,R,921,R,780,R,5,R,3915,R,335,R,112,R,363,R,2,R,7087,R,643,R,32,R,0
2020,163286,07,R,2693,R,1370,R,1323,R,0,R,184,R,207,R,118,R,2,R,906,R,58,R,183,R,1035,R,0,R,963,R,1539,R,191,R,0
2020,163286,09,R,632,R,346,R,286,R,2,R,34,R,47,R,23,R,0,R,256,R,13,R,30,R,227,R,0,R,2,R,569,R,61,R,0
2020,163286,10,R,211,R,89,R,122,R,0,R,14,R,35,R,16,R,0,R,97,R,5,R,4,R,40,R,0,R,33,R,117,R,61,R,0
2020,164924,05,R,2322,R,1074,R,1248,R,1,R,234,R,80,R,260,R,0,R,1416,R,66,R,112,R,153,R,0,R,2265,R,52,R,5,R,0
2020,164924,07,R,1415,R,550,R,865,R,1,R,73,R,62,R,96,R,0,R,746,R,40,R,104,R,293,R,0,R,460,R,855,R,99,R,1
2020,164924,09,R,387,R,201,R,186,R,0,R,40,R,11,R,22,R,0,R,236,R,9,R,24,R,45,R,0,R,32,R,319,R,36,R,0
2020,164924,10,R,8,R,1,R,7,R,0,R,0,R,1,R,0,R,0,R,4,R,0,R,0,R,3,R,0,R,1,R,3,R,4,R,0
2020,164988,02,R,357,R,158,R,199,R,0,R,17,R,21,R,23,R,0,R,135,R,2,R,31,R,128,R,0,R,61,R,238,R,58,R,0
2020,164988,05,R,4439,R,1673,R,2766,R,1,R,682,R,155,R,469,R,6,R,1802,R,158,R,192,R,974,R,0,R,4242,R,170,R,27,R,0
2020,164988,07,R,5786,R,2358,R,3428,R,8,R,434,R,209,R,349,R,3,R,2001,R,107,R,361,R,2314,R,0,R,1726,R,3685,R,375,R,0
2020,164988,09,R,1166,R,515,R,651,R,1,R,125,R,31,R,93,R,0,R,544,R,31,R,93,R,248,R,0,R,51,R,1041,R,74,R,0
2020,164988,10,R,99,R,47,R,52,R,1,R,6,R,4,R,3,R,0,R,24,R,2,R,15,R,44,R,0,R,3,R,78,R,18,R,0
2020,164988,12,R,43,R,14,R,29,R,1,R,5,R,3,R,3,R,0,R,13,R,2,R,6,R,10,R,0,R,8,R,26,R,9,R,0
2020,165015,05,R,870,R,342,R,528,R,0,R,112,R,39,R,73,R,1,R,424,R,31,R,27,R,163,R,0,R,859,R,10,R,1,R,0
2020,165015,07,R,813,R,351,R,462,R,1,R,55,R,31,R,29,R,0,R,263,R,18,R,23,R,393,R,0,R,296,R,420,R,97,R,0
2020,165015,09,R,77,R,41,R,36,R,1,R,4,R,2,R,5,R,0,R,37,R,0,R,10,R,18,R,0,R,0,R,73,R,4,R,0
2020,166027,03,R,2,R,1,R,1,R,0,R,0,R,0,R,0,R,0,R,2,R,0,R,0,R,0,R,0,R,0,R,0,R,2,R,0
2020,166027,05,R,1802,R,924,R,878,R,4,R,382,R,128,R,199,R,0,R,739,R,135,R,31,R,184,R,2,R,1662,R,99,R,39,R,0
2020,166027,07,R,4877,R,2346,R,2531,R,3,R,646,R,236,R,363,R,4,R,1873,R,129,R,96,R,1527,R,2,R,496,R,3800,R,579,R,0
2020,166027,09,R,1463,R,761,R,702,R,1,R,193,R,75,R,118,R,2,R,660,R,51,R,44,R,319,R,0,R,56,R,1367,R,40,R,0
2020,166027,10,R,1503,R,751,R,752,R,2,R,297,R,75,R,162,R,0,R,783,R,43,R,74,R,67,R,0,R,81,R,948,R,474,R,0
2020,166629,03,R,39,R,27,R,12,R,0,R,0,R,1,R,0,R,0,R,30,R,1,R,7,R,0,R,0,R,30,R,8,R,1,R,0
2020,166629,05,R,5992,R,2974,R,3018,R,6,R,679,R,258,R,388,R,3,R,3718,R,156,R,415,R,369,R,0,R,5129,R,683,R,180,R,0
2020,166629,07,R,1693,R,934,R,759,R,1,R,133,R,66,R,72,R,3,R,918,R,32,R,110,R,358,R,0,R,402,R,979,R,312,R,0
2020,166629,09,R,364,R,170,R,194,R,0,R,10,R,10,R,11,R,0,R,127,R,11,R,22,R,173,R,0,R,0,R,293,R,71,R,0
2020,166629,10,R,111,R,38,R,73,R,0,R,3,R,6,R,3,R,0,R,58,R,7,R,14,R,20,R,0,R,10,R,76,R,25,R,0
2020,166629,12,R,429,R,142,R,287,R,1,R,41,R,22,R,37,R,0,R,268,R,16,R,37,R,7,R,0,R,383,R,25,R,21,R,0
2020,166683,05,R,1102,R,588,R,514,R,1,R,309,R,65,R,161,Z,0,R,356,R,83,R,16,R,111,Z,0,R,1067,R,35,Z,0,Z,0
2020,166683,07,R,1733,R,1108,R,625,R,3,R,244,R,58,R,98,Z,0,R,482,R,35,R,70,R,743,Z,0,R,505,R,1088,R,140,Z,0
2020,166683,09,R,584,R,418,R,166,R,1,R,62,R,1,R,21,Z,0,R,187,R,13,R,35,R,264,Z,0,Z,0,R,575,R,9,Z,0
2020,167358,05,R,4099,R,1952,R,2147,R,3,R,570,R,157,R,314,R,2,R,1885,R,181,R,210,R,777,R,0,R,3951,R,148,R,0,R,0
2020,167358,07,R,2881,R,1781,R,1100,R,1,R,98,R,38,R,74,R,0,R,599,R,34,R,97,R,1940,R,0,R,1193,R,1643,R,45,R,0
2020,167358,09,R,615,R,231,R,384,R,2,R,116,R,27,R,36,R,1,R,272,R,15,R,43,R,103,R,0,R,191,R,407,R,17,R,0
2020,167358,10,R,20,R,2,R,18,Z,0,R,2,Z,0,R,2,Z,0,R,16,Z,0,Z,0,Z,0,R,0,R,1,R,16,R,3,Z,0
2020,168148,05,R,1376,R,674,R,702,R,0,R,180,R,67,R,90,R,0,R,764,R,69,R,55,R,151,R,0,R,1332,R,37,R,7,R,0
2020,168148,07,R,1234,R,501,R,733,R,1,R,112,R,48,R,75,R,0,R,646,R,44,R,31,R,277,R,0,R,353,R,825,R,56,R,0
2020,168148,09,R,684,R,287,R,397,R,0,R,135,R,36,R,50,R,0,R,355,R,26,R,35,R,47,R,0,R,3,R,658,R,23,R,0
2020,168148,10,R,183,R,59,R,124,R,1,R,20,R,4,R,12,R,0,R,113,R,6,R,1,R,26,R,0,R,13,R,122,R,48,R,0
2020,168421,05,R,1043,R,683,R,360,R,3,R,48,R,28,R,94,Z,0,R,678,R,26,R,73,R,93,R,0,R,1013,R,30,R,0,R,0
2020,168421,07,R,674,R,469,R,205,R,1,R,38,R,19,R,24,R,0,R,323,R,12,R,9,R,248,R,0,R,239,R,383,R,52,R,0
2020,168421,09,R,54,R,40,R,14,Z,0,R,1,Z,0,Z,0,Z,0,R,22,Z,0,R,2,R,29,R,0,R,0,R,50,R,4,Z,0
2020,168421,10,R,60,R,40,R,20,Z,0,R,4,R,4,R,2,Z,0,R,40,R,1,R,1,R,8,R,0,R,11,R,32,R,17,Z,0
2020,170976,05,R,7634,R,3835,R,3799,R,6,R,1195,R,266,R,439,R,4,R,4520,R,329,R,221,R,654,Z,0,R,7291,R,322,R,21,Z,0
2020,170976,07,R,4512,R,2207,R,2305,R,8,R,418,R,198,R,226,R,1,R,1969,R,90,R,156,R,1446,Z,0,R,1457,R,2875,R,180,Z,0
2020,170976,09,R,1614,R,861,R,753,R,2,R,159,R,60,R,105,R,0,R,826,R,49,R,61,R,352,Z,0,R,12,R,1553,R,49,Z,0
2020,170976,10,R,227,R,89,R,138,R,2,R,12,R,11,R,17,R,0,R,96,R,5,R,8,R,76,Z,0,R,59,R,161,R,7,Z,0
2020,171100,02,R,163,R,99,R,64,Z,0,Z,0,Z,0,R,6,Z,0,R,147,R,5,R,3,R,2,Z,0,R,132,R,28,R,3,Z,0
2020,171100,05,R,9291,R,4352,R,4939,R,14,R,470,R,572,R,398,R,9,R,6478,R,281,R,60,R,1009,Z,0,R,8594,R,670,R,27,Z,0
2020,171100,07,R,2058,R,862,R,1196,R,11,R,75,R,124,R,96,R,2,R,1364,R,38,R,43,R,305,Z,0,R,417,R,1332,R,309,Z,0
2020,171100,09,R,1436,R,697,R,739,R,1,R,111,R,72,R,59,R,4,R,828,R,38,R,53,R,270,Z,0,R,30,R,1310,R,96,Z,0
2020,171100,10,R,254,R,80,R,174,R,1,R,8,R,18,R,17,Z,0,R,184,R,7,R,2,R,17,Z,0,R,15,R,189,R,50,Z,0
2020,174066,02,R,14,R,5,R,9,R,0,R,0,R,0,R,2,R,0,R,8,R,0,R,4,R,0,R,0,R,9,R,4,R,1,R,0
2020,174066,05,R,7859,R,3643,R,4216,R,17,R,770,R,347,R,304,R,4,R,5243,R,320,R,70,R,784,R,0,R,7004,R,772,R,81,R,2
2020,174066,07,R,3108,R,1325,R,1783,R,12,R,182,R,97,R,119,R,1,R,1882,R,72,R,58,R,685,R,0,R,740,R,2136,R,232,R,0
2020,174066,09,R,1619,R,714,R,905,R,10,R,121,R,36,R,54,R,0,R,991,R,36,R,81,R,290,R,0,R,44,R,1464,R,111,R,0
2020,174066,10,R,276,R,81,R,195,R,0,R,21,R,10,R,17,R,0,R,181,R,12,R,19,R,16,R,0,R,6,R,181,R,89,R,0
2020,174066,12,R,255,R,70,R,185,R,1,R,36,R,31,R,12,R,0,R,128,R,14,R,4,R,29,R,0,R,218,R,28,R,9,R,0
2020,179867,02,R,12,R,9,R,3,R,0,R,2,R,0,R,2,R,0,R,6,R,0,R,0,R,2,R,0,R,11,R,1,R,0,R,0
2020,179867,03,R,18,R,8,R,10,R,0,R,0,R,6,R,2,R,0,R,8,R,0,R,2,R,0,R,0,R,0,R,10,R,8,R,0
2020,179867,05,R,1892,R,924,R,968,R,1,R,309,R,174,R,165,R,0,R,943,R,82,R,38,R,180,R,0,R,1812,R,65,R,15,R,0
2020,179867,07,R,2399,R,1080,R,1319,R,8,R,125,R,152,R,84,R,2,R,713,R,31,R,74,R,1210,R,0,R,978,R,1194,R,227,R,0
2020,179867,09,R,792,R,391,R,401,R,6,R,72,R,42,R,35,R,0,R,424,R,12,R,61,R,140,R,0,R,53,R,725,R,14,R,0
2020,179867,10,R,206,R,87,R,119,R,2,R,21,R,22,R,15,R,0,R,81,R,5,R,18,R,42,R,0,R,53,R,147,R,6,R,0
2020,179867,12,R,24,R,4,R,20,R,0,R,1,R,3,R,0,R,0,R,17,R,2,R,1,R,0,R,0,R,4,R,8,R,12,R,0
2020,182670,05,R,1047,R,506,R,541,R,15,R,163,R,74,R,113,R,4,R,524,R,58,R,15,R,81,R,0,R,1017,R,29,R,1,R,0
2020,182670,07,R,669,R,361,R,308,R,2,R,70,R,21,R,29,R,0,R,325,R,13,R,42,R,167,R,0,R,178,R,439,R,52,R,0
2020,182670,09,R,196,R,96,R,100,R,0,R,28,R,8,R,12,R,0,R,93,R,6,R,4,R,45,R,0,R,0,R,193,R,3,R,0
2020,185828,05,R,1741,R,1318,R,423,R,0,R,415,R,134,R,355,R,1,R,637,R,51,R,64,R,84,R,0,R,1205,R,507,R,29,R,0
2020,185828,07,R,974,R,697,R,277,R,0,R,158,R,60,R,72,R,0,R,166,R,27,R,16,R,475,R,0,R,253,R,678,R,43,R,0
2020,185828,09,R,54,R,34,R,20,R,0,R,1,R,1,R,2,R,0,R,6,R,0,R,2,R,42,R,0,R,0,R,48,R,6,R,0
2020,185828,10,R,85,R,64,R,21,R,0,R,19,R,10,R,11,R,0,R,17,R,2,R,3,R,23,R,0,R,11,R,59,R,15,R,0
2020,186131,05,R,1268,R,655,R,613,R,2,R,257,R,99,R,120,R,3,R,548,R,63,R,23,R,153,R,0,R,1252,R,16,R,0,R,0
2020,186131,07,R,602,R,354,R,248,R,0,R,47,R,15,R,40,R,0,R,207,R,17,R,28,R,248,Z,0,R,164,R,430,R,8,Z,0
2020,186131,09,R,318,R,188,R,130,R,0,R,24,R,5,R,16,R,0,R,133,R,4,R,11,R,125,Z,0,R,1,R,306,R,11,Z,0
2020,186371,05,R,1394,R,503,R,891,R,4,R,141,R,219,R,198,R,5,R,729,R,46,R,22,R,30,R,0,R,763,R,518,R,113,R,0
2020,186371,07,R,277,R,120,R,157,R,0,R,21,R,49,R,26,R,0,R,152,R,4,R,7,R,18,R,0,R,20,R,189,R,68,R,0
2020,186371,09,R,153,R,84,R,69,R,0,R,9,R,14,R,6,R,0,R,104,R,3,R,11,R,6,R,0,R,2,R,143,R,8,R,0
2020,186380,02,R,9,R,2,R,7,R,0,R,0,R,1,R,2,R,0,R,5,R,0,R,1,R,0,R,0,R,1,R,3,R,5,R,0
2020,186380,03,R,39,R,10,R,29,R,0,R,6,R,5,R,4,R,1,R,18,R,0,R,3,R,2,R,0,R,10,R,20,R,9,R,0
2020,186380,05,R,8877,R,4372,R,4505,R,3,R,2317,R,574,R,1152,R,19,R,3481,R,361,R,156,R,814,R,0,R,7457,R,1311,R,109,R,0
2020,186380,07,R,3064,R,1035,R,2029,R,2,R,385,R,341,R,361,R,1,R,1277,R,62,R,48,R,587,R,0,R,792,R,1949,R,323,R,0
2020,186380,09,R,1413,R,620,R,793,R,1,R,345,R,88,R,117,R,0,R,587,R,17,R,41,R,217,R,0,R,121,R,1140,R,152,R,0
2020,186380,10,R,64,R,16,R,48,R,0,R,12,R,17,R,6,R,0,R,16,R,4,R,4,R,5,R,0,R,9,R,42,R,13,R,0
2020,186399,05,R,2234,R,944,R,1290,R,0,R,356,R,352,R,570,R,8,R,513,R,53,R,49,R,333,R,0,R,1414,R,696,R,124,R,0
2020,186399,07,R,1256,R,648,R,608,R,1,R,177,R,142,R,119,R,1,R,310,R,15,R,52,R,439,R,0,R,224,R,862,R,170,R,0
2020,186399,09,R,288,R,136,R,152,R,0,R,31,R,27,R,45,R,1,R,125,R,6,R,20,R,33,R,0,R,6,R,255,R,27,R,0
2020,186867,05,R,721,R,476,R,245,R,0,R,111,R,16,R,53,R,0,R,496,R,0,R,17,R,28,R,0,R,704,R,17,R,0,R,0
2020,186867,07,R,1342,R,953,R,389,R,4,R,88,R,25,R,17,R,0,R,255,R,0,R,85,R,868,R,0,R,399,R,845,R,96,R,2
2020,186867,09,R,54,R,37,R,17,R,0,R,3,R,0,R,0,R,0,R,7,R,0,R,3,R,41,R,0,R,0,R,48,R,6,R,0
2020,186867,10,R,336,R,238,R,98,R,2,R,38,R,3,R,3,R,0,R,152,R,0,R,32,R,106,R,0,R,84,R,178,R,74,R,0
2020,190415,05,R,3875,R,1802,R,2073,R,13,R,757,R,227,R,488,R,2,R,1461,R,185,R,296,R,446,R,1,R,3763,R,108,R,3,R,0
2020,190415,07,R,3142,R,1762,R,1380,R,2,R,334,R,83,R,141,R,2,R,683,R,63,R,193,R,1641,R,0,R,1081,R,1900,R,161,R,0
2020,190415,09,R,812,R,397,R,415,R,1,R,67,R,22,R,39,R,2,R,363,R,16,R,62,R,240,Z,0,R,13,R,774,R,25,Z,0
2020,191241,05,R,2247,R,921,R,1326,R,3,R,215,R,84,R,334,R,4,R,1299,R,72,R,42,R,194,R,0,R,2086,R,134,R,27,R,0
2020,191241,07,R,2662,R,804,R,1858,R,2,R,119,R,322,R,416,R,6,R,911,R,32,R,41,R,813,R,0,R,874,R,1474,R,314,R,0
2020,191241,09,R,513,R,219,R,294,R,1,R,42,R,32,R,55,R,0,R,321,R,9,R,19,R,34,R,0,R,40,R,430,R,43,R,0
2020,191241,10,R,57,R,16,R,41,R,0,R,3,R,3,R,7,R,0,R,20,R,0,R,0,R,24,R,0,R,10,R,38,R,9,R,0
2020,193900,03,R,88,R,17,R,71,R,0,R,23,R,7,R,13,R,0,R,29,R,2,R,6,R,8,R,0,R,35,R,46,R,7,R,0
2020,193900,05,R,6670,R,2710,R,3960,R,9,R,1309,R,393,R,891,R,11,R,2075,R,302,R,416,R,1264,R,0,R,6144,R,473,R,53,R,0
2020,193900,07,R,9556,R,3920,R,5636,R,10,R,764,R,467,R,711,R,5,R,2592,R,203,R,544,R,4260,R,0,R,2807,R,6272,R,477,R,0
2020,193900,09,R,1470,R,719,R,751,R,0,R,243,R,67,R,112,R,0,R,632,R,40,R,60,R,316,R,0,R,65,R,1354,R,51,R,0
2020,193900,10,R,175,R,71,R,104,R,0,R,29,R,16,R,21,R,0,R,67,R,1,R,8,R,33,R,0,R,20,R,129,R,26,R,0
2020,193900,12,R,15,R,4,R,11,R,0,R,5,R,1,R,1,R,0,R,4,R,0,R,3,R,1,R,0,R,4,R,11,R,0,R,0
2020,194824,05,R,1569,R,1065,R,504,R,1,R,175,R,49,R,154,R,1,R,850,R,108,R,21,R,210,R,0,R,1511,R,57,R,1,R,0
2020,194824,07,R,387,R,238,R,149,R,0,R,28,R,11,R,19,R,0,R,142,R,17,R,4,R,166,R,0,R,234,R,150,R,3,R,0
2020,194824,09,R,130,R,89,R,41,R,0,R,3,R,2,R,3,R,0,R,51,R,5,R,2,R,64,R,0,R,1,R,124,R,5,R,0
2020,195003,03,R,108,R,62,R,46,R,2,R,14,R,9,R,11,R,0,R,60,R,1,R,2,R,9,R,0,R,88,R,19,R,1,R,0
2020,195003,05,R,2715,R,1761,R,954,R,2,R,256,R,124,R,186,R,1,R,1818,R,95,R,62,R,171,R,0,R,2358,R,325,R,32,R,0
2020,195003,07,R,1082,R,661,R,421,R,0,R,48,R,16,R,31,R,0,R,399,R,19,R,25,R,544,R,0,R,438,R,593,R,51,R,0
2020,195003,09,R,48,R,36,R,12,R,0,R,0,R,0,R,2,R,0,R,13,R,1,R,0,R,32,R,0,R,0,R,46,R,2,R,0
2020,195003,10,R,98,R,62,R,36,R,0,R,2,R,4,R,2,R,0,R,33,R,5,R,1,R,51,R,0,R,28,R,53,R,17,R,0
2020,195003,11,R,16,R,2,R,14,R,0,R,2,R,0,R,2,R,0,R,10,R,1,R,0,R,1,R,0,R,9,R,7,R,0,R,0
2020,195030,05,R,1660,R,796,R,864,R,5,R,194,R,78,R,103,R,1,R,767,R,43,R,92,R,377,R,1,R,1466,R,174,R,19,R,0
2020,195030,07,R,1403,R,641,R,762,R,0,R,58,R,43,R,49,R,0,R,476,R,27,R,27,R,723,R,0,R,627,R,699,R,77,R,0
2020,195030,09,R,365,R,206,R,159,R,1,R,17,R,22,R,18,R,0,R,182,R,6,R,34,R,85,R,0,R,0,R,336,R,29,R,0
2020,195030,10,R,153,R,48,R,105,R,0,R,9,R,4,R,6,R,0,R,93,R,5,R,3,R,33,R,0,R,11,R,101,R,41,R,0
2020,195030,11,R,1,R,0,R,1,R,0,R,0,R,0,R,0,R,0,R,1,R,0,R,0,R,0,R,0,R,0,R,1,R,0,R,0
2020,196079,05,R,3523,R,1677,R,1846,R,2,R,441,R,166,R,409,R,3,R,2089,R,73,R,54,R,286,R,0,R,3272,R,236,R,15,R,0
2020,196079,07,R,1197,R,651,R,546,R,0,R,96,R,60,R,65,R,0,R,590,R,28,R,11,R,347,R,0,R,606,R,544,R,47,R,0
2020,196079,09,R,181,R,91,R,90,R,0,R,2,R,8,R,7,R,0,R,53,R,0,R,12,R,99,R,0,R,0,R,141,R,40,R,0
2020,196079,10,R,82,R,25,R,57,R,1,R,5,R,7,R,7,R,0,R,48,R,2,R,1,R,11,R,0,R,17,R,42,R,23,R,0
2020,196088,02,R,39,R,27,R,12,R,0,R,6,R,1,R,3,R,0,R,19,R,1,R,6,R,3,R,0,R,36,R,3,R,0,R,0
2020,196088,05,R,5045,R,2692,R,2353,R,15,R,661,R,344,R,329,R,5,R,2448,R,114,R,248,R,881,R,0,R,4393,R,590,R,62,R,0
2020,196088,07,R,2423,R,1270,R,1153,R,4,R,131,R,82,R,57,R,0,R,948,R,26,R,139,R,1036,R,0,R,998,R,1331,R,94,R,0
2020,196088,09,R,981,R,459,R,522,R,2,R,138,R,39,R,30,R,0,R,509,R,16,R,67,R,180,R,0,R,100,R,824,R,57,R,0
2020,196088,10,R,196,R,59,R,137,R,1,R,10,R,10,R,8,R,0,R,112,R,7,R,15,R,33,R,0,R,46,R,116,R,34,R,0
2020,196097,05,R,4492,R,2197,R,2295,R,2,R,1081,R,286,R,529,R,3,R,1538,R,113,R,271,R,669,R,0,R,3816,R,627,R,49,R,0
2020,196097,07,R,2032,R,806,R,1226,R,3,R,191,R,142,R,180,R,4,R,864,R,37,R,162,R,449,R,0,R,663,R,1153,R,216,R,0
2020,196097,09,R,539,R,288,R,251,Z,0,R,75,R,22,R,26,Z,0,R,212,R,12,R,23,R,169,R,0,R,8,R,487,R,44,R,0
2020,196097,10,R,313,R,103,R,210,Z,0,R,12,R,14,R,29,Z,0,R,190,R,3,R,37,R,28,R,0,R,29,R,174,R,110,R,0
2020,196413,03,R,2,R,0,R,2,R,0,R,0,R,2,R,0,R,0,R,0,R,0,R,0,R,0,R,0,R,1,R,1,R,0,R,0
2020,196413,05,R,3679,R,1661,R,2018,R,12,R,224,R,260,R,324,R,2,R,2231,R,112,R,65,R,449,R,0,R,3432,R,207,R,40,R,0
2020,196413,07,R,2540,R,1321,R,1219,R,3,R,130,R,198,R,172,R,4,R,1062,R,60,R,49,R,862,R,0,R,642,R,1594,R,304,R,0
2020,196413,09,R,334,R,165,R,169,R,0,R,7,R,28,R,22,R,0,R,194,R,11,R,7,R,65,R,0,R,28,R,276,R,30,R,0
2020,196413,10,R,461,R,222,R,239,R,0,R,20,R,23,R,21,R,1,R,193,R,8,R,6,R,189,R,0,R,107,R,281,R,73,R,0
2020,196413,12,R,10,R,2,R,8,R,1,R,1,R,0,R,2,R,0,R,3,R,0,R,1,R,2,R,0,R,5,R,2,R,3,R,0
2020,197708,03,R,551,R,308,R,243,Z,0,R,1,Z,0,R,3,Z,0,R,509,Z,0,R,1,R,37,Z,0,R,535,R,16,Z,0,Z,0
2020,197708,05,R,605,R,300,R,305,Z,0,R,1,Z,0,R,3,Z,0,R,561,Z,0,R,1,R,39,Z,0,R,583,R,21,R,1,Z,0
2020,197708,07,R,480,R,137,R,343,Z,0,R,2,R,28,R,36,Z,0,R,212,Z,0,R,95,R,107,Z,0,R,160,R,263,R,56,R,1
2020,197708,09,R,427,R,173,R,254,Z,0,R,28,R,16,R,28,R,1,R,237,R,3,R,83,R,31,Z,0,R,47,R,368,R,12,Z,0
2020,197708,10,R,42,R,8,R,34,Z,0,Z,0,R,4,R,1,Z,0,R,13,Z,0,R,19,R,5,Z,0,R,5,R,24,R,13,Z,0
2020,198419,05,R,1921,R,893,R,1028,R,9,R,377,R,170,R,188,R,1,R,884,R,59,R,49,R,184,R,0,R,1697,R,126,R,13,R,85
2020,198419,07,R,3170,R,1543,R,1627,R,8,R,294,R,165,R,119,R,3,R,1173,R,49,R,100,R,1259,Z,0,R,343,R,2044,R,277,R,506
2020,198419,09,R,906,R,462,R,444,R,6,R,81,R,55,R,55,R,2,R,467,R,23,R,34,R,183,Z,0,Z,0,R,809,R,84,R,13
2020,198419,10,R,285,R,95,R,190,R,3,R,32,R,23,R,12,R,0,R,150,R,5,R,13,R,47,Z,0,R,7,R,203,R,59,R,16
2020,199120,02,R,4,R,0,R,4,R,0,R,0,R,1,R,0,R,0,R,2,R,0,R,0,R,1,R,0,R,1,R,3,R,0,R,0
2020,199120,05,R,4828,R,1931,R,2897,R,23,R,520,R,363,R,380,R,0,R,3045,R,218,R,163,R,116,R,0,R,4579,R,221,R,28,R,0
2020,199120,07,R,2409,R,1086,R,1323,R,3,R,154,R,174,R,129,R,2,R,1561,R,115,R,63,R,208,R,0,R,468,R,1685,R,256,R,0
2020,199120,09,R,1242,R,535,R,707,R,2,R,107,R,74,R,76,R,3,R,774,R,54,R,39,R,113,R,0,R,80,R,1088,R,74,R,0
2020,199120,10,R,6,R,2,R,4,R,0,R,0,R,1,R,0,R,0,R,5,R,0,R,0,R,0,R,0,R,0,R,1,R,5,R,0
2020,199193,03,R,110,R,86,R,24,R,2,R,0,R,6,R,2,R,0,R,96,R,2,R,2,R,0,R,0,R,104,R,6,R,0,R,0
2020,199193,05,R,5559,R,2881,R,2678,R,18,R,429,R,297,R,290,R,3,R,3833,R,206,R,219,R,264,R,0,R,5086,R,427,R,46,R,0
2020,199193,07,R,2723,R,1431,R,1292,R,9,R,141,R,195,R,71,R,1,R,1324,R,51,R,59,R,872,R,0,R,1129,R,1394,R,200,R,0
2020,199193,09,R,662,R,338,R,324,R,3,R,25,R,37,R,14,R,0,R,321,R,13,R,12,R,237,R,0,R,3,R,607,R,52,R,0
2020,199193,10,R,396,R,204,R,192,R,2,R,22,R,29,R,11,R,0,R,267,R,12,R,8,R,45,R,0,R,57,R,278,R,61,R,0
2020,199193,12,R,106,R,50,R,56,R,0,R,8,R,7,R,4,R,0,R,53,R,4,R,19,R,11,R,0,R,52,R,40,R,14,R,0
2020,199847,05,R,1226,R,563,R,663,R,1,R,49,R,85,R,79,Z,0,R,862,R,33,R,1,R,116,Z,0,R,1219,R,7,Z,0,Z,0
2020,199847,07,R,953,R,397,R,556,R,6,R,42,R,117,R,42,R,1,R,574,R,10,R,29,R,132,Z,0,R,355,R,489,R,109,Z,0
2020,199847,09,R,299,R,138,R,161,Z,0,R,23,R,32,R,17,Z,0,R,196,R,5,R,14,R,12,Z,0,R,36,R,257,R,6,Z,0
2020,199847,10,R,1,Z,0,R,1,Z,0,Z,0,Z,0,Z,0,Z,0,R,1,Z,0,Z,0,Z,0,Z,0,Z,0,Z,0,R,1,Z,0
2020,201645,05,R,1141,R,610,R,531,R,1,R,247,R,46,R,67,R,0,R,552,R,60,R,18,R,150,R,0,R,1115,R,22,R,4,R,0
2020,201645,07,R,1744,R,725,R,1019,R,0,R,145,R,131,R,60,R,1,R,722,R,38,R,45,R,602,R,0,R,660,R,929,R,155,R,0
2020,201645,09,R,690,R,341,R,349,R,0,R,123,R,33,R,30,R,0,R,342,R,15,R,27,R,120,R,0,R,26,R,598,R,66,R,0
2020,201645,10,R,34,R,5,R,29,R,0,R,2,R,4,R,0,R,0,R,19,R,3,R,1,R,5,R,0,R,11,R,18,R,5,R,0
2020,204796,03,R,4,R,1,R,3,Z,0,Z,0,R,1,Z,0,Z,0,R,3,Z,0,Z,0,Z,0,Z,0,Z,0,R,3,R,1,Z,0
2020,204796,05,R,11507,R,5746,R,5761,R,8,R,793,R,608,R,473,R,4,R,7886,R,396,R,272,R,1067,Z,0,R,10322,R,1069,R,116,Z,0
2020,204796,07,R,2886,R,1201,R,1685,Z,0,R,131,R,148,R,146,Z,0,R,1640,R,83,R,227,R,511,Z,0,R,843,R,1808,R,235,Z,0
2020,204796,09,R,1729,R,800,R,929,Z,0,R,140,R,78,R,93,R,1,R,1031,R,53,R,30,R,303,Z,0,R,70,R,1564,R,95,Z,0
2020,204796,10,R,128,R,55,R,73,Z,0,R,6,R,10,R,11,Z,0,R,92,R,1,R,6,R,2,Z,0,R,10,R,68,R,50,Z,0
2020,204796,12,R,59,R,23,R,36,R,0,R,3,R,1,R,2,R,0,R,42,R,0,R,1,R,10,R,0,R,59,R,0,R,0,R,0
2020,211440,05,R,1465,R,713,R,752,R,0,R,461,R,49,R,122,R,0,R,415,R,64,R,78,R,276,R,0,R,1419,R,44,R,2,R,0
2020,211440,07,R,3233,R,1994,R,1239,R,0,R,261,R,64,R,80,R,0,R,554,R,37,R,136,R,2101,R,0,R,1540,R,1626,R,67,R,0
2020,211440,09,R,327,R,241,R,86,R,0,R,28,R,2,R,1,R,0,R,67,R,3,R,24,R,202,R,0,R,0,R,313,R,14,R,0
2020,211440,10,R,36,R,23,R,13,R,0,R,4,R,0,R,2,R,0,R,17,R,1,R,0,R,12,R,0,R,8,R,28,R,0,R,0
2020,212054,02,R,144,R,30,R,114,R,0,R,25,R,19,R,13,R,0,R,68,R,4,R,4,R,11,R,0,R,83,R,42,R,19,Z,0
2020,212054,05,R,3204,R,1557,R,1647,R,2,R,524,R,227,R,200,R,6,R,1723,R,98,R,63,R,361,R,1,R,2358,R,717,R,128,Z,0
2020,212054,07,R,2260,R,751,R,1509,R,3,R,214,R,253,R,124,R,0,R,1156,R,64,R,139,R,307,R,0,R,398,R,1535,R,327,Z,0
2020,212054,09,R,655,R,305,R,350,R,1,R,93,R,47,R,28,R,0,R,381,R,21,R,24,R,60,R,0,R,1,R,578,R,76,Z,0
2020,212054,10,R,239,R,72,R,167,R,0,R,17,R,34,R,14,R,1,R,130,R,8,R,8,R,27,R,0,R,11,R,137,R,91,Z,0
2020,213543,05,R,1260,R,697,R,563,R,4,R,101,R,52,R,114,R,1,R,798,R,32,R,49,R,109,Z,0,R,1246,R,13,Z,0,R,1
2020,213543,07,R,522,R,275,R,247,R,1,R,17,R,10,R,22,R,2,R,286,R,5,R,13,R,166,Z,0,R,224,R,245,R,53,Z,0
2020,213543,09,R,103,R,62,R,41,Z,0,R,4,R,1,Z,0,Z,0,R,32,R,1,R,8,R,57,Z,0,Z,0,R,97,R,6,Z,0
2020,213543,10,R,20,R,5,R,15,Z,0,R,1,R,2,Z,0,Z,0,R,11,Z,0,R,2,R,4,Z,0,R,5,R,8,R,7,Z,0
2020,213543,12,R,30,R,15,R,15,Z,0,R,4,Z,0,R,3,Z,0,R,16,R,4,R,1,R,2,Z,0,R,30,Z,0,Z,0,Z,0
2020,215062,05,R,2710,R,1260,R,1450,R,4,R,573,R,207,R,267,R,0,R,1169,R,139,R,24,R,327,R,0,R,2559,R,130,R,21,R,0
2020,215062,07,R,4175,R,1781,R,2394,R,2,R,519,R,221,R,219,R,1,R,1613,R,94,R,91,R,1415,R,0,R,1089,R,2772,R,314,R,0
2020,215062,09,R,1274,R,586,R,688,R,1,R,169,R,50,R,106,R,1,R,686,R,34,R,18,R,209,R,0,R,49,R,1153,R,72,R,0
2020,215062,10,R,117,R,39,R,78,R,0,R,18,R,3,R,12,R,0,R,37,R,2,R,3,R,42,R,0,R,22,R,89,R,6,R,0
2020,215062,12,R,46,R,11,R,35,R,0,R,5,R,6,R,0,R,0,R,32,R,0,R,1,R,2,R,0,R,2,R,25,R,19,R,0
2020,215293,03,R,2,R,0,R,2,R,0,R,0,R,0,R,0,R,0,R,2,R,0,R,0,R,0,R,0,R,2,R,0,R,0,R,0
2020,215293,05,R,4694,R,2102,R,2592,R,4,R,529,R,244,R,177,R,0,R,3246,R,200,R,47,R,247,R,0,R,4364,R,289,R,41,R,0
2020,215293,07,R,1994,R,805,R,1189,R,1,R,84,R,69,R,68,R,0,R,1029,R,36,R,104,R,603,R,0,R,755,R,1136,R,103,R,0
2020,215293,09,R,1113,R,482,R,631,R,1,R,89,R,54,R,38,R,0,R,633,R,22,R,65,R,211,R,0,R,132,R,905,R,76,R,0
2020,215293,10,R,315,R,76,R,239,R,0,R,20,R,18,R,10,R,0,R,175,R,5,R,51,R,36,R,0,R,65,R,194,R,56,R,0
2020,215293,12,R,962,R,313,R,649,R,1,R,97,R,56,R,52,R,0,R,682,R,43,R,9,R,22,R,0,R,925,R,34,R,3,R,0
2020,216597,05,R,1791,R,787,R,1004,R,1,R,93,R,84,R,124,Z,0,R,1372,R,47,R,39,R,31,R,0,R,1635,R,122,R,34,R,0
2020,216597,07,R,1261,R,637,R,624,R,1,R,64,R,70,R,68,R,0,R,873,R,27,R,85,R,73,R,0,R,168,R,856,R,237,R,0
2020,216597,09,R,202,R,89,R,113,R,0,R,9,R,9,R,13,R,0,R,147,R,7,R,5,R,12,R,0,R,14,R,175,R,13,R,0
2020,216597,10,R,191,R,54,R,137,R,0,R,15,R,24,R,15,R,0,R,115,R,2,R,11,R,9,R,0,R,16,R,121,R,54,R,0
2020,216597,12,R,4,Z,0,R,4,Z,0,R,1,Z,0,R,1,Z,0,R,2,Z,0,Z,0,Z,0,R,0,R,3,R,0,R,1,R,0
2020,217156,05,R,1743,R,824,R,919,R,7,R,262,R,96,R,213,R,6,R,776,R,98,R,94,R,191,R,0,R,1689,R,50,R,4,R,0
2020,217156,07,R,732,R,389,R,343,R,0,R,67,R,43,R,54,R,0,R,233,R,27,R,44,R,264,R,0,R,315,R,354,R,63,R,0
2020,217156,09,R,354,R,177,R,177,R,0,R,49,R,12,R,25,R,0,R,155,R,3,R,19,R,91,R,0,R,1,R,348,R,4,R,1
2020,217882,05,R,4806,R,2308,R,2498,R,12,R,131,R,258,R,206,R,2,R,4009,R,142,R,9,R,37,R,0,R,4476,R,314,R,16,R,0
2020,217882,07,R,1665,R,832,R,833,R,4,R,32,R,92,R,60,R,0,R,1091,R,40,R,29,R,317,R,0,R,605,R,878,R,182,R,0
2020,217882,09,R,249,R,134,R,115,R,0,R,3,R,7,R,5,R,0,R,124,R,4,R,5,R,101,R,0,R,2,R,208,R,39,R,0
2020,217882,10,R,124,R,48,R,76,R,0,R,4,R,7,R,9,R,0,R,83,R,3,R,1,R,17,R,0,R,39,R,62,R,23,R,0
2020,217882,12,R,162,R,77,R,85,R,0,R,4,R,7,R,4,R,0,R,141,R,4,R,1,R,1,R,0,R,158,R,4,R,0,R,0
2020,217925,02,R,2,R,1,R,1,R,0,R,0,R,0,R,0,R,0,R,0,R,0,R,0,R,2,R,0,R,1,R,1,R,0,R,0
2020,217925,03,R,16,R,15,R,1,R,0,R,0,R,2,R,0,R,0,R,1,R,0,R,13,R,0,R,0,R,2,R,8,R,6,R,0
2020,217925,05,R,115,R,48,R,67,R,1,R,1,R,10,R,8,R,0,R,76,R,1,R,9,R,9,R,0,R,87,R,19,R,9,R,0
2020,217925,07,R,161,R,88,R,73,R,0,R,2,R,26,R,9,R,0,R,68,R,1,R,5,R,50,R,0,R,15,R,84,R,62,R,0
2020,217925,09,R,18,R,13,R,5,R,0,R,2,R,4,R,0,R,0,R,9,R,0,R,0,R,3,R,0,R,0,R,2,R,16,R,0
2020,217925,10,R,11,R,7,R,4,R,0,R,1,R,0,R,1,R,0,R,4,R,0,R,0,R,5,R,0,R,0,R,4,R,7,R,0
2020,221999,05,R,1692,R,798,R,894,R,9,R,236,R,165,R,175,R,2,R,835,R,89,R,65,R,116,R,0,R,1678,R,13,R,1,R,0
2020,221999,07,R,1508,R,559,R,949,R,1,R,78,R,87,R,57,R,0,R,993,R,42,R,16,R,234,R,0,R,484,R,923,R,101,R,0
2020,221999,09,R,646,R,274,R,372,R,1,R,45,R,49,R,31,R,1,R,412,R,20,R,21,R,66,R,0,R,28,R,564,R,54,R,0
2020,221999,10,R,41,R,2,R,39,R,0,R,1,R,2,R,1,R,0,R,36,R,0,R,1,R,0,R,0,R,0,R,32,R,9,R,0
2020,223232,05,R,3395,R,1328,R,2067,R,13,R,171,R,212,R,529,R,2,R,2186,R,161,R,12,R,109,R,0,R,3226,R,158,R,11,R,0
2020,223232,07,R,864,R,370,R,494,R,5,R,30,R,44,R,79,R,0,R,607,R,37,R,25,R,37,R,0,R,349,R,416,R,99,R,0
2020,223232,09,R,423,R,212,R,211,R,4,R,19,R,15,R,55,R,0,R,284,R,18,R,9,R,19,R,0,R,34,R,351,R,38,R,0
2020,223232,10,R,7,R,0,R,7,R,0,R,1,R,0,R,0,R,0,R,5,R,1,R,0,R,0,R,0,R,1,R,6,R,0,R,0
2020,227757,05,R,972,R,490,R,482,R,1,R,250,R,57,R,142,R,2,R,349,R,38,R,24,R,109,R,0,R,958,R,14,R,0,R,0
2020,227757,07,R,905,R,568,R,337,R,1,R,112,R,28,R,60,R,2,R,346,R,15,R,27,R,314,R,0,R,235,R,606,R,64,R,0
2020,227757,09,R,208,R,125,R,83,R,0,R,22,R,4,R,10,R,1,R,68,R,1,R,10,R,92,R,0,R,0,R,202,R,6,R,0
2020,228246,05,R,1571,R,748,R,823,R,3,R,99,R,73,R,206,R,2,R,994,R,64,Z,0,R,130,R,1,R,1484,R,80,R,6,Z,0
2020,228246,07,R,1648,R,918,R,730,R,4,R,128,R,120,R,184,R,1,R,741,R,41,R,10,R,419,Z,0,R,503,R,926,R,219,Z,0
2020,228246,09,R,315,R,167,R,148,R,0,R,14,R,14,R,32,R,0,R,197,R,10,Z,0,R,48,Z,0,R,21,R,264,R,30,Z,0
2020,228246,10,R,53,R,37,R,16,Z,0,R,2,R,4,R,4,Z,0,R,24,R,1,Z,0,R,18,Z,0,R,22,R,31,Z,0,Z,0
2020,228723,05,R,12798,R,6247,R,6551,R,26,R,843,R,368,R,2871,R,13,R,8089,R,394,R,30,R,164,R,0,R,11659,R,1087,R,52,R,0
2020,228723,07,R,3553,R,1932,R,1621,R,6,R,164,R,113,R,449,R,1,R,1683,R,55,R,99,R,983,R,0,R,1152,R,2081,R,320,R,0
2020,228723,09,R,1471,R,763,R,708,R,2,R,164,R,57,R,173,R,1,R,611,R,21,R,36,R,406,R,0,R,12,R,1358,R,101,R,0
2020,228723,10,R,481,R,221,R,260,R,2,R,22,R,24,R,69,R,0,R,238,R,9,R,12,R,105,R,0,R,83,R,335,R,63,R,0
2020,228723,12,R,788,R,270,R,518,R,1,R,51,R,25,R,179,R,1,R,498,R,20,R,1,R,12,R,0,R,744,R,41,R,3,R,0
2020,228778,05,R,10307,R,4704,R,5603,R,16,R,2239,R,410,R,2388,R,12,R,4292,R,350,R,115,R,485,R,0,R,9672,R,587,R,48,R,0
2020,228778,07,R,2964,R,1492,R,1472,R,8,R,327,R,110,R,346,R,0,R,1349,R,75,R,73,R,676,R,0,R,882,R,1932,R,150,R,0
2020,228778,09,R,1309,R,694,R,615,R,4,R,109,R,35,R,153,R,0,R,608,R,27,R,55,R,318,R,0,R,72,R,1137,R,100,R,0
2020,228778,10,R,15,R,5,R,10,R,0,R,0,R,0,R,1,R,0,R,10,R,0,R,0,R,4,R,0,R,0,R,13,R,2,R,0
2020,228778,12,R,2398,R,1001,R,1397,R,4,R,662,R,94,R,542,R,1,R,850,R,81,R,38,R,126,R,0,R,2313,R,83,R,2,R,0
2020,228875,02,R,16,R,14,R,2,R,0,R,0,R,0,R,0,R,0,R,8,R,0,R,8,R,0,R,0,R,11,R,5,R,0,R,0
2020,228875,05,R,2117,R,843,R,1274,R,20,R,55,R,116,R,292,R,3,R,1492,R,25,R,18,R,96,R,0,R,1947,R,152,R,18,R,0
2020,228875,07,R,465,R,211,R,254,R,3,R,8,R,22,R,56,R,1,R,296,R,9,R,39,R,31,R,1,R,185,R,234,R,45,R,0
2020,228875,09,R,103,R,28,R,75,R,0,R,3,R,3,R,6,R,0,R,75,R,5,R,3,R,8,R,0,R,0,R,87,R,16,R,0
2020,228875,10,R,39,R,26,R,13,R,0,R,1,R,5,R,0,R,0,R,18,R,0,R,5,R,10,R,0,R,4,R,22,R,13,R,0
2020,231624,05,R,1604,R,652,R,952,R,4,R,116,R,97,R,177,R,0,R,948,R,83,R,80,R,99,R,0,R,1561,R,40,R,3,R,0
2020,231624,07,R,729,R,375,R,354,R,1,R,38,R,63,R,33,R,1,R,416,R,27,R,15,R,135,Z,0,R,249,R,392,R,88,Z,0
2020,231624,09,R,275,R,122,R,153,R,0,R,12,R,16,R,22,R,0,R,191,R,5,R,8,R,21,Z,0,R,25,R,213,R,37,Z,0
2020,231624,10,R,31,R,9,R,22,Z,0,R,1,Z,0,R,3,Z,0,R,22,Z,0,R,3,R,2,Z,0,R,11,R,16,R,4,Z,0
2020,234076,02,R,30,R,17,R,13,R,0,R,3,R,1,R,2,R,0,R,23,R,0,R,1,R,0,R,0,R,1,R,13,R,16,R,0
2020,234076,05,R,4171,R,1909,R,2262,R,4,R,613,R,268,R,286,R,0,R,2420,R,180,R,217,R,183,R,0,R,4011,R,139,R,21,R,0
2020,234076,07,R,2165,R,1047,R,1118,R,0,R,130,R,97,R,89,R,1,R,1269,R,71,R,32,R,476,R,0,R,751,R,1263,R,151,R,0
2020,234076,09,R,806,R,418,R,388,R,0,R,56,R,46,R,52,R,2,R,509,R,22,R,29,R,90,R,0,R,45,R,724,R,37,R,0
2020,234076,10,R,315,R,235,R,80,R,0,R,7,R,6,R,5,R,0,R,105,R,4,R,178,R,10,R,0,R,12,R,96,R,207,R,0
2020,234076,12,R,4,R,4,R,0,R,0,R,0,R,1,R,0,R,0,R,2,R,1,R,0,R,0,R,0,R,0,R,3,R,1,R,0
2020,236948,05,R,7887,R,3630,R,4257,R,31,R,1886,R,219,R,651,R,33,R,3280,R,561,R,106,R,1120,R,0,R,6801,R,961,R,122,R,3
2020,236948,07,R,4297,R,1988,R,2309,R,11,R,566,R,124,R,290,R,4,R,2081,R,187,R,89,R,945,R,0,R,954,R,2978,R,365,R,0
2020,236948,09,R,1436,R,634,R,802,R,13,R,226,R,38,R,71,R,1,R,778,R,53,R,45,R,211,R,0,R,23,R,1319,R,94,R,0
2020,236948,10,R,10,R,2,R,8,R,0,R,0,R,1,R,2,R,0,R,5,R,2,R,0,R,0,R,0,R,0,R,10,R,0,R,0
2020,239105,05,R,1836,R,823,R,1013,R,1,R,144,R,64,R,212,R,0,R,1284,R,51,R,6,R,74,R,0,R,1782,R,43,R,11,R,0
2020,239105,07,R,702,R,252,R,450,R,3,R,22,R,12,R,37,R,0,R,485,R,26,R,59,R,58,R,0,R,208,R,452,R,42,R,0
2020,239105,09,R,395,R,197,R,198,R,1,R,23,R,18,R,31,R,0,R,284,R,13,R,14,R,11,R,0,R,84,R,299,R,12,R,0
2020,239105,10,R,31,R,9,R,22,R,0,R,1,R,0,R,0,R,0,R,25,R,1,R,4,R,0,R,0,R,1,R,25,R,5,R,0
2020,240444,05,R,7529,R,3558,R,3971,R,11,R,463,R,146,R,340,R,13,R,5326,R,266,R,89,R,875,R,0,R,7166,R,322,R,41,R,0
2020,240444,07,R,2319,R,1098,R,1221,R,4,R,87,R,42,R,108,R,2,R,1346,R,62,R,49,R,619,R,0,R,896,R,1282,R,141,R,0
2020,240444,09,R,1345,R,647,R,698,R,6,R,70,R,40,R,73,R,0,R,805,R,33,R,44,R,274,R,0,R,85,R,1193,R,67,R,0
2020,240444,10,R,228,R,126,R,102,R,1,R,16,R,1,R,16,R,0,R,142,R,7,R,7,R,38,R,0,R,60,R,151,R,17,R,0
2020,240444,12,R,2409,R,858,R,1551,R,2,R,166,R,50,R,127,R,2,R,1717,R,97,R,31,R,217,R,0,R,2321,R,46,R,1,R,41
2020,243744,05,R,1675,R,821,R,854,R,5,R,373,R,114,R,275,R,2,R,591,R,143,R,10,R,162,R,0,R,1593,R,75,R,7,R,0
2020,243744,07,R,2327,R,1283,R,1044,R,4,R,379,R,57,R,168,R,4,R,753,R,95,R,12,R,855,R,0,R,969,R,1305,R,53,R,0
2020,243744,09,R,1035,R,629,R,406,R,0,R,146,R,27,R,78,R,1,R,451,R,45,R,10,R,277,R,0,R,17,R,993,R,25,R,0
2020,243744,10,R,6,R,4,R,2,R,0,R,0,R,1,R,0,R,0,R,1,R,0,R,0,R,4,R,0,R,0,R,6,R,0,R,0
2020,243780,03,R,61,R,19,R,42,R,0,R,1,R,1,R,1,R,0,R,57,R,1,R,0,R,0,R,0,R,33,R,20,R,8,R,0
2020,243780,05,R,7226,R,4102,R,3124,R,6,R,545,R,217,R,357,R,7,R,4542,R,203,R,209,R,1140,R,1,R,6835,R,360,R,30,R,0
2020,243780,07,R,2280,R,1221,R,1059,R,1,R,115,R,74,R,96,R,1,R,1082,R,39,R,21,R,851,R,1,R,648,R,1374,R,257,R,0
2020,243780,09,R,1036,R,591,R,445,R,1,R,62,R,21,R,34,R,1,R,399,R,14,R,43,R,461,R,0,R,100,R,882,R,54,R,0
2020,243780,10,R,205,R,67,R,138,R,0,R,7,R,14,R,19,R,1,R,123,R,4,R,0,R,37,R,0,R,17,R,139,R,49,R,0
2020,243780,11,R,69,R,18,R,51,R,0,R,8,R,2,R,3,R,0,R,42,R,4,R,1,R,9,R,0,R,69,R,0,R,0,R,0
2020,243780,12,R,587,R,348,R,239,R,1,R,49,R,22,R,31,R,2,R,361,R,7,R,23,R,91,R,0,R,550,R,30,R,7,R,0
2020,445188,05,R,1522,R,721,R,801,R,1,R,317,R,61,R,810,R,9,R,170,R,42,R,5,R,107,R,0,R,1414,R,105,R,3,R,0
2020,445188,07,R,86,R,48,R,38,R,0,R,9,R,1,R,24,R,0,R,27,R,2,R,2,R,21,R,0,R,12,R,67,R,7,R,0
2020,445188,09,R,63,R,37,R,26,R,0,R,7,R,3,R,10,R,0,R,24,R,1,R,0,R,18,R,0,R,0,R,60,R,3,R,0
2022,100858,05,R,5568,R,2747,R,2821,R,19,R,128,R,248,R,202,R,2,R,4410,R,154,R,15,R,390,Z,0,R,5132,R,401,R,35,Z,0
2022,100858,07,R,1376,R,653,R,723,R,2,R,34,R,109,R,51,R,0,R,948,R,24,R,5,R,203,Z,0,R,440,R,782,R,154,Z,0
2022,100858,09,R,555,R,227,R,328,R,1,R,16,R,38,R,17,R,0,R,335,R,4,R,2,R,142,Z,0,R,21,R,487,R,47,Z,0
2022,100858,10,R,367,R,198,R,169,R,2,R,9,R,32,R,16,R,1,R,284,R,2,R,4,R,17,Z,0,R,47,R,213,R,107,Z,0
2022,100858,12,R,8,R,1,R,7,R,0,R,0,R,1,R,0,R,0,R,7,R,0,R,0,R,0,Z,0,R,3,R,3,R,2,Z,0
2022,110404,05,R,218,R,111,R,107,R,0,R,87,R,2,R,45,R,0,R,52,R,17,R,0,R,15,R,0,R,213,R,5,R,0,R,0
2022,110404,07,R,139,R,103,R,36,R,0,R,15,R,0,R,10,R,0,R,47,R,2,R,0,R,65,R,0,R,70,R,69,R,0,R,0
2022,110404,09,R,204,R,150,R,54,R,1,R,17,R,1,R,12,R,0,R,77,R,6,R,0,R,90,R,0,R,0,R,204,R,0,R,0
2022,110635,05,R,8458,R,3858,R,4600,R,12,R,2993,R,186,R,1447,R,12,R,1929,R,492,R,232,R,1155,R,1,R,7438,R,912,R,107,R,0
2022,110635,07,R,3680,R,2016,R,1664,R,7,R,674,R,101,R,294,R,3,R,919,R,126,R,55,R,1501,R,0,R,1144,R,2307,R,229,R,0
2022,110635,09,R,1259,R,653,R,606,R,3,R,184,R,40,R,115,R,0,R,551,R,54,R,56,R,256,R,0,R,33,R,1179,R,47,R,0
2022,110635,10,R,118,R,34,R,84,R,0,R,28,R,3,R,28,R,0,R,42,R,3,R,0,R,14,R,0,R,34,R,77,R,7,R,0
2022,110644,05,R,8466,R,3341,R,5125,R,11,R,2490,R,179,R,1941,R,31,R,1927,R,457,R,92,R,1338,R,1,R,7482,R,924,R,59,R,0
2022,110644,07,R,1336,R,590,R,746,R,4,R,262,R,35,R,170,R,2,R,426,R,56,R,30,R,351,R,0,R,331,R,898,R,107,R,0
2022,110644,09,R,1101,R,455,R,646,R,2,R,181,R,26,R,121,R,0,R,474,R,72,R,21,R,204,R,0,R,17,R,1020,R,64,R,0
2022,110644,10,R,6,R,3,R,3,R,0,R,0,R,0,R,1,R,0,R,1,R,0,R,0,R,4,R,0,R,0,R,6,R,0,R,0
2022,110653,05,R,8165,R,3894,R,4271,R,6,R,3064,R,166,R,1877,R,22,R,1165,R,372,R,104,R,1389,R,0,R,7364,R,760,R,41,R,0
2022,110653,07,R,1749,R,843,R,906,R,1,R,413,R,22,R,219,R,3,R,418,R,57,R,80,R,536,R,0,R,596,R,1056,R,97,R,0
2022,110653,09,R,762,R,395,R,367,R,0,R,123,R,18,R,100,R,1,R,259,R,32,R,41,R,188,R,0,R,8,R,708,R,46,R,0
2022,110653,10,R,126,R,20,R,106,R,0,R,31,R,1,R,39,R,0,R,44,R,11,R,0,R,0,R,0,R,82,R,44,R,0,R,0
2022,110662,05,R,9158,R,3749,R,5409,R,10,R,2655,R,287,R,1921,R,14,R,2476,R,509,R,218,R,1068,R,0,R,8379,R,703,R,76,R,0
2022,110662,07,R,3518,R,1711,R,1807,R,5,R,689,R,135,R,488,R,4,R,965,R,126,R,72,R,1034,R,0,R,930,R,2376,R,212,R,0
2022,110662,09,R,1464,R,758,R,706,R,3,R,271,R,67,R,156,R,3,R,526,R,79,R,50,R,309,R,0,R,37,R,1345,R,82,R,0
2022,110662,10,R,1,R,1,R,0,R,0,R,0,R,0,R,0,R,0,R,1,R,0,R,0,R,0,R,0,R,0,R,1,R,0,R,0
2022,110671,05,R,5657,R,2562,R,3095,R,11,R,1953,R,203,R,2278,R,22,R,662,R,225,R,65,R,238,R,0,R,4808,R,796,R,53,R,0
2022,110671,07,R,842,R,435,R,407,R,4,R,121,R,15,R,197,R,0,R,186,R,39,R,20,R,260,R,0,R,302,R,483,R,57,R,0
2022,110671,09,R,400,R,225,R,175,R,2,R,63,R,9,R,39,R,0,R,133,R,18,R,8,R,128,R,0,R,2,R,373,R,25,R,0
2022,110680,05,R,8871,R,4253,R,4618,R,10,R,3014,R,141,R,1785,R,16,R,1729,R,411,R,128,R,1637,R,1,R,7882,R,938,R,50,R,0
2022,110680,07,R,1943,R,1099,R,844,R,2,R,350,R,27,R,204,R,1,R,434,R,85,R,37,R,803,R,0,R,941,R,930,R,72,R,0
2022,110680,09,R,742,R,425,R,317,R,0,R,127,R,10,R,74,R,1,R,238,R,24,R,38,R,230,R,0,R,5,R,706,R,30,R,1
2022,110705,05,R,6157,R,2751,R,3406,R,7,R,1182,R,128,R,1529,R,4,R,1904,R,523,R,153,R,727,R,0,R,5649,R,479,R,29,R,0
2022,110705,07,R,530,R,265,R,265,R,2,R,69,R,15,R,91,R,1,R,213,R,11,R,9,R,119,R,0,R,189,R,330,R,11,R,0
2022,110705,09,R,366,R,205,R,161,R,1,R,41,R,7,R,30,R,1,R,139,R,1,R,21,R,125,R,0,R,0,R,340,R,26,R,0
2022,110705,10,R,79,R,16,R,63,R,0,R,7,R,3,R,40,R,0,R,25,R,2,R,0,R,2,R,0,R,45,R,34,R,0,R,0
2022,110714,05,R,4255,R,2269,R,1986,R,2,R,958,R,83,R,1123,R,5,R,1295,R,311,R,89,R,389,R,0,R,3671,R,533,R,51,R,0
2022,110714,07,R,371,R,200,R,171,R,2,R,50,R,8,R,64,R,0,R,146,R,8,R,10,R,83,R,0,R,146,R,214,R,11,R,0
2022,110714,09,R,201,R,113,R,88,R,0,R,13,R,3,R,19,R,0,R,86,R,13,R,12,R,55,R,0,R,1,R,182,R,18,R,0
2022,121150,05,R,910,R,382,R,528,R,3,R,104,R,54,R,143,Z,0,R,423,R,61,R,15,R,107,Z,0,R,797,R,88,R,25,Z,0
2022,121150,07,R,2083,R,697,R,1386,R,6,R,204,R,207,R,425,R,9,R,756,R,54,R,179,R,243,Z,0,R,357,R,1356,R,370,Z,0
2022,121150,09,R,272,R,121,R,151,Z,0,R,22,R,36,R,25,Z,0,R,149,R,10,R,13,R,17,Z,0,R,26,R,190,R,56,Z,0
2022,121150,10,R,7,R,3,R,4,Z,0,R,3,Z,0,R,1,Z,0,R,2,Z,0,R,1,Z,0,Z,0,R,3,R,4,Z,0,Z,0
2022,122931,05,R,1363,R,677,R,686,Z,0,R,264,R,32,R,247,R,2,R,602,R,120,R,32,R,64,R,0,R,1328,R,33,R,2,R,0
2022,122931,07,R,871,R,391,R,480,R,1,R,210,R,16,R,130,R,0,R,208,R,33,R,17,R,256,R,0,R,112,R,608,R,151,R,0
2022,122931,09,R,243,R,126,R,117,R,0,R,49,R,3,R,59,R,2,R,93,R,8,R,3,R,26,R,0,R,6,R,203,R,34,R,0
2022,122931,10,R,37,R,19,R,18,R,0,R,19,R,0,R,8,R,1,R,6,R,0,R,2,R,1,R,0,R,8,R,25,R,4,R,0
2022,123961,05,R,5290,R,2527,R,2763,R,5,R,1181,R,238,R,849,R,9,R,1932,R,312,R,110,R,654,R,0,R,5000,R,263,R,27,R,0
2022,123961,07,R,9291,R,3899,R,5392,R,13,R,1312,R,441,R,1459,R,23,R,2146,R,252,R,467,R,3178,R,0,R,2982,R,5534,R,736,R,39
2022,123961,09,R,1922,R,817,R,1105,R,8,R,429,R,155,R,229,R,7,R,639,R,42,R,135,R,278,R,0,R,63,R,1544,R,315,R,0
2022,123961,10,R,1181,R,481,R,700,R,2,R,123,R,43,R,91,R,0,R,217,R,16,R,221,R,468,R,0,R,256,R,785,R,140,R,0
2022,126614,05,R,6627,R,3533,R,3094,R,5,R,425,R,78,R,820,R,6,R,4531,R,397,R,33,R,332,R,0,R,5965,R,617,R,45,R,0
2022,126614,07,R,1740,R,944,R,796,R,6,R,80,R,27,R,158,R,1,R,1158,R,58,R,29,R,223,R,0,R,549,R,1063,R,128,R,0
2022,126614,09,R,604,R,333,R,271,R,10,R,27,R,10,R,57,R,0,R,371,R,16,R,25,R,88,R,0,R,25,R,557,R,22,R,0
2022,126775,05,R,1182,R,836,R,346,R,2,R,51,R,8,R,119,R,1,R,827,R,58,R,39,R,77,R,0,R,1091,R,87,R,4,R,0
2022,126775,07,R,526,R,369,R,157,R,2,R,20,R,10,R,40,R,0,R,350,R,17,R,18,R,69,R,0,R,253,R,255,R,18,R,0
2022,126775,09,R,124,R,86,R,38,R,0,R,3,R,2,R,5,R,0,R,68,R,1,R,0,R,45,R,0,R,0,R,118,R,6,R,0
2022,126775,10,R,81,R,58,R,23,R,0,R,7,R,0,R,6,R,0,R,55,R,2,R,2,R,9,R,0,R,16,R,47,R,18,R,0
2022,129020,03,R,24,R,10,R,14,R,0,R,0,R,0,R,9,R,0,R,14,R,0,R,1,R,0,R,0,R,24,R,0,R,0,R,0
2022,129020,05,R,5206,R,2392,R,2814,R,8,R,620,R,365,R,670,R,1,R,2828,R,195,R,90,R,429,R,0,R,4799,R,364,R,43,R,0
2022,129020,07,R,1724,R,712,R,1012,R,1,R,106,R,105,R,185,R,0,R,950,R,58,R,29,R,290,R,0,R,616,R,959,R,149,R,0
2022,129020,09,R,733,R,323,R,410,R,0,R,72,R,35,R,52,R,0,R,418,R,11,R,19,R,126,R,0,R,79,R,603,R,51,R,0
2022,129020,10,R,580,R,203,R,377,R,4,R,43,R,47,R,50,R,0,R,368,R,12,R,12,R,44,R,0,R,103,R,390,R,87,R,0
2022,130794,02,R,2,R,2,R,0,R,0,R,0,R,0,R,1,R,0,R,0,R,0,R,0,R,1,R,0,R,1,R,1,R,0,R,0
2022,130794,05,R,1420,R,689,R,731,R,4,R,262,R,108,R,205,R,0,R,571,R,97,R,5,R,168,R,0,R,1387,R,32,R,1,R,0
2022,130794,07,R,2465,R,1136,R,1329,R,2,R,256,R,96,R,147,R,1,R,930,R,76,R,36,R,921,R,1,R,496,R,1889,R,76,R,3
2022,130794,09,R,754,R,393,R,361,R,2,R,111,R,28,R,76,R,3,R,321,R,41,R,5,R,167,R,0,R,16,R,719,R,19,R,0
2022,130794,10,R,112,R,18,R,94,R,1,R,13,R,14,R,8,R,0,R,63,R,5,R,3,R,5,R,0,R,23,R,83,R,6,R,0
2022,130943,03,R,258,R,120,R,138,R,0,R,18,R,36,R,41,R,0,R,150,R,6,R,5,R,2,R,0,R,249,R,5,R,4,R,0
2022,130943,05,R,4378,R,1766,R,2612,R,7,R,233,R,208,R,342,R,2,R,3046,R,145,R,127,R,268,R,0,R,4114,R,245,R,19,R,0
2022,130943,07,R,942,R,412,R,530,R,2,R,55,R,55,R,53,R,0,R,526,R,22,R,17,R,212,R,0,R,237,R,584,R,121,R,0
2022,130943,09,R,332,R,155,R,177,R,0,R,15,R,17,R,10,R,0,R,166,R,7,R,2,R,115,R,0,R,2,R,299,R,31,R,0
2022,131159,05,R,1752,R,654,R,1098,R,0,R,123,R,124,R,169,R,2,R,975,R,55,R,44,R,260,R,0,R,1663,R,84,R,5,R,0
2022,131159,07,R,1912,R,737,R,1175,R,2,R,85,R,257,R,182,R,2,R,840,R,87,R,228,R,229,R,0,R,285,R,1428,R,199,R,0
2022,131159,09,R,388,R,131,R,257,R,0,R,23,R,40,R,42,R,0,R,203,R,38,R,11,R,31,R,0,R,12,R,348,R,28,R,0
2022,131159,10,R,106,R,42,R,64,R,1,R,7,R,9,R,10,R,0,R,49,R,4,R,10,R,16,R,0,R,13,R,77,R,16,R,0
2022,131159,12,R,117,R,21,R,96,R,0,R,7,R,9,R,19,R,1,R,74,R,4,R,3,R,0,R,0,R,117,R,0,R,0,R,0
2022,131469,02,R,2,R,1,R,1,Z,0,R,1,Z,0,Z,0,Z,0,R,1,Z,0,Z,0,Z,0,Z,0,R,2,Z,0,Z,0,Z,0
2022,131469,03,R,22,R,12,R,10,Z,0,Z,0,R,4,R,5,Z,0,R,7,R,1,R,5,Z,0,R,6,R,9,R,7,Z,0,Z,0
2022,131469,05,R,2925,R,1005,R,1920,R,1,R,348,R,253,R,309,R,4,R,1500,R,126,R,89,R,295,Z,0,R,2472,R,376,R,74,R,3
2022,131469,07,R,4104,R,1513,R,2591,R,10,R,405,R,495,R,381,R,6,R,1813,R,130,R,278,R,586,Z,0,R,867,R,2691,R,542,R,4
2022,131469,09,R,1083,R,467,R,616,R,2,R,161,R,90,R,55,R,1,R,554,R,14,R,88,R,118,Z,0,R,88,R,908,R,87,Z,0
2022,131469,10,R,571,R,180,R,391,R,3,R,53,R,81,R,44,R,1,R,263,R,22,R,14,R,90,Z,0,R,83,R,336,R,148,R,4
2022,131496,02,R,12,R,6,R,6,R,0,R,1,R,1,R,0,R,0,R,6,R,0,R,3,R,1,R,0,R,3,R,9,R,0,R,0
2022,131496,05,R,1786,R,774,R,1012,R,1,R,220,R,117,R,173,R,0,R,867,R,98,R,33,R,277,R,0,R,1747,R,34,R,5,R,0
2022,131496,07,R,4302,R,1982,R,2320,R,7,R,346,R,308,R,355,R,4,R,1733,R,111,R,376,R,1062,R,0,R,1028,R,2913,R,359,R,2
2022,131496,09,R,1024,R,491,R,533,R,1,R,118,R,75,R,68,R,1,R,598,R,27,R,47,R,89,R,0,R,53,R,935,R,36,R,0
2022,131496,10,R,26,R,4,R,22,R,0,R,3,R,1,R,3,R,0,R,17,R,1,R,1,R,0,R,0,R,0,R,17,R,9,R,0
2022,131520,02,R,9,R,2,R,7,Z,0,Z,0,R,2,R,5,Z,0,R,2,Z,0,Z,0,Z,0,Z,0,R,1,R,8,Z,0,Z,0
2022,131520,05,R,1264,R,310,R,954,R,12,R,11,R,1074,R,75,R,2,R,12,R,43,R,7,R,28,R,0,R,1187,R,59,R,18,R,0
2022,131520,07,R,250,R,56,R,194,R,2,R,8,R,177,R,16,R,1,R,11,R,12,R,6,R,17,Z,0,R,61,R,151,R,38,Z,0
2022,131520,09,R,522,R,174,R,348,R,1,R,43,R,367,R,33,R,0,R,26,R,16,R,3,R,33,Z,0,R,39,R,433,R,50,Z,0
2022,131520,10,R,21,R,9,R,12,Z,0,R,2,R,13,R,2,Z,0,R,1,R,1,Z,0,R,2,Z,0,R,1,R,15,R,5,Z,0
2022,133951,03,R,131,R,50,R,81,R,0,R,5,R,7,R,94,R,0,R,15,R,2,R,0,R,8,R,0,R,126,R,3,R,2,R,0
2022,133951,05,R,12284,R,4864,R,7420,R,6,R,286,R,1418,R,8174,R,8,R,1073,R,243,R,41,R,1035,R,0,R,7709,R,4137,R,438,R,0
2022,133951,07,R,3731,R,1371,R,2360,R,2,R,118,R,513,R,2014,R,0,R,531,R,100,R,22,R,431,R,0,R,667,R,2608,R,456,R,0
2022,133951,09,R,685,R,295,R,390,R,1,R,46,R,76,R,256,R,1,R,172,R,13,R,14,R,106,R,0,R,15,R,569,R,101,R,0
2022,133951,10,R,237,R,64,R,173,R,0,R,10,R,46,R,134,R,0,R,39,R,5,R,2,R,1,R,0,R,49,R,148,R,40,R,0
2022,134097,03,R,185,R,67,R,118,R,0,R,10,R,39,R,51,R,0,R,75,R,7,R,3,R,0,R,0,R,182,R,2,R,1,R,0
2022,134097,05,R,8504,R,3583,R,4921,R,8,R,240,R,741,R,1941,R,8,R,4981,R,375,R,55,R,155,R,0,R,7682,R,726,R,96,R,0
2022,134097,07,R,3048,R,1147,R,1901,R,6,R,78,R,364,R,430,R,2,R,1799,R,102,R,19,R,248,R,0,R,895,R,1757,R,396,R,0
2022,134097,09,R,778,R,347,R,431,R,1,R,19,R,72,R,91,R,0,R,424,R,21,R,13,R,137,R,0,R,28,R,669,R,81,R,0
2022,134097,10,R,51,R,12,R,39,R,0,R,1,R,11,R,10,R,0,R,26,R,1,R,0,R,2,R,0,R,9,R,35,R,7,R,0
2022,134130,03,R,97,R,34,R,63,R,0,R,6,R,13,R,21,R,0,R,46,R,9,R,2,R,0,R,0,R,94,R,3,R,0,R,0
2022,134130,05,R,9236,R,3862,R,5374,R,10,R,799,R,512,R,2258,R,13,R,4776,R,409,R,254,R,205,R,0,R,8677,R,528,R,31,R,0
2022,134130,07,R,4471,R,2017,R,2454,R,7,R,263,R,268,R,749,R,2,R,2393,R,171,R,126,R,492,R,0,R,1417,R,2647,R,407,R,0
2022,134130,09,R,1905,R,840,R,1065,R,6,R,129,R,125,R,257,R,3,R,933,R,46,R,55,R,351,R,0,R,38,R,1721,R,146,R,0
2022,134130,10,R,978,R,307,R,671,R,2,R,39,R,66,R,138,R,1,R,593,R,36,R,40,R,63,R,0,R,156,R,615,R,207,R,0
2022,134130,11,R,248,R,116,R,132,R,0,R,15,R,12,R,62,R,0,R,123,R,13,R,10,R,13,R,0,R,217,R,22,R,9,R,0
2022,134130,12,R,196,R,84,R,112,R,1,R,7,R,7,R,46,R,1,R,115,R,8,R,8,R,3,R,0,R,138,R,36,R,22,R,0
2022,135726,05,R,2863,R,1261,R,1602,R,3,R,135,R,220,R,675,R,4,R,1200,R,99,R,109,R,418,R,0,R,2701,R,137,R,25,R,0
2022,135726,07,R,1843,R,846,R,997,R,3,R,56,R,129,R,528,R,1,R,560,R,44,R,93,R,429,R,0,R,810,R,886,R,147,R,0
2022,135726,09,R,897,R,419,R,478,R,1,R,48,R,53,R,249,R,0,R,340,R,39,R,75,R,92,R,0,R,220,R,621,R,56,R,0
2022,135726,10,R,135,R,50,R,85,R,0,R,2,R,25,R,50,R,1,R,36,R,0,R,10,R,11,R,0,R,27,R,72,R,36,R,0
2022,135726,12,R,11,R,4,R,7,R,0,R,0,R,1,R,0,R,0,R,6,R,1,R,2,R,1,R,0,R,10,R,1,R,0,R,0
2022,137351,03,R,162,R,58,R,104,Z,0,R,9,R,17,R,39,R,1,R,77,R,9,R,5,R,5,Z,0,R,138,R,20,R,4,Z,0
2022,137351,05,R,9843,R,3907,R,5936,R,10,R,673,R,946,R,2226,R,13,R,4699,R,352,R,366,R,558,Z,0,R,7204,R,2340,R,299,Z,0
2022,137351,07,R,3157,R,1150,R,2007,R,3,R,182,R,247,R,502,R,6,R,1578,R,57,R,81,R,501,Z,0,R,701,R,2056,R,400,Z,0
2022,137351,09,R,770,R,348,R,422,R,1,R,78,R,57,R,79,Z,0,R,388,R,12,R,41,R,114,Z,0,R,2,R,634,R,134,Z,0
2022,137351,10,R,26,R,8,R,18,Z,0,Z,0,R,4,R,2,Z,0,R,17,R,3,Z,0,Z,0,Z,0,R,1,R,14,R,11,Z,0
2022,139658,05,R,2121,R,818,R,1303,R,1,R,489,R,174,R,226,R,2,R,787,R,89,R,15,R,338,R,0,R,1936,R,169,R,16,R,0
2022,139658,07,R,1649,R,506,R,1143,R,4,R,207,R,300,R,107,R,1,R,711,R,47,R,45,R,227,R,0,R,394,R,1127,R,128,R,0
2022,139658,09,R,805,R,356,R,449,R,0,R,80,R,81,R,56,R,0,R,415,R,29,R,31,R,113,R,0,R,57,R,702,R,46,R,0
2022,139658,10,R,40,R,5,R,35,R,0,R,7,R,7,R,1,R,0,R,23,R,2,R,0,R,0,R,0,R,0,R,20,R,20,R,0
2022,139755,05,R,3933,R,2355,R,1578,R,1,R,1019,R,234,R,291,R,0,R,1764,R,169,R,69,R,386,R,2,R,3768,R,160,R,3,R,0
2022,139755,07,R,5329,R,4027,R,1302,R,3,R,966,R,168,R,285,R,1,R,1992,R,141,R,25,R,1748,R,0,R,1134,R,3640,R,555,R,0
2022,139755,09,R,560,R,393,R,167,R,0,R,48,R,17,R,21,R,0,R,173,R,11,R,0,R,290,R,0,R,3,R,549,R,8,R,0
2022,139755,10,R,17,R,13,R,4,R,0,R,4,R,0,R,0,R,0,R,4,R,0,R,0,R,9,R,0,R,4,R,12,R,1,R,0
2022,139959,02,R,21,R,7,R,14,R,0,R,1,R,1,R,0,R,0,R,15,R,4,R,0,R,0,R,0,R,21,R,0,R,0,R,0
2022,139959,05,R,7811,R,3303,R,4508,R,2,R,802,R,521,R,517,R,8,R,5462,R,349,R,52,R,98,R,0,R,7222,R,552,R,37,R,0
2022,139959,07,R,2176,R,848,R,1328,R,7,R,96,R,241,R,80,R,2,R,1445,R,94,R,25,R,186,R,0,R,769,R,1205,R,202,R,0
2022,139959,09,R,1024,R,450,R,574,R,1,R,60,R,83,R,34,R,0,R,586,R,25,R,28,R,207,R,0,R,25,R,883,R,116,R,0
2022,139959,10,R,398,R,88,R,310,R,0,R,8,R,103,R,13,R,0,R,225,R,13,R,7,R,29,R,0,R,43,R,253,R,102,R,0
2022,139959,12,R,1006,R,372,R,634,R,0,R,91,R,50,R,67,R,0,R,740,R,46,R,8,R,4,R,0,R,972,R,33,R,1,R,0
2022,144050,05,R,1746,R,877,R,869,R,0,R,353,R,97,R,236,R,0,R,636,R,118,R,41,R,265,R,0,R,1725,R,20,R,1,R,0
2022,144050,07,R,3665,R,2027,R,1638,R,0,R,415,R,144,R,232,R,1,R,1296,R,84,R,80,R,1413,R,0,R,917,R,2533,R,215,R,0
2022,144050,09,R,761,R,407,R,354,R,0,R,89,R,34,R,66,R,0,R,365,R,20,R,21,R,166,R,0,R,22,R,716,R,23,R,0
2022,144050,10,R,459,R,201,R,258,R,0,R,29,R,19,R,14,R,0,R,170,R,3,R,2,R,222,R,0,R,149,R,303,R,7,R,0
2022,145600,05,R,4998,R,2313,R,2685,R,2,R,1116,R,304,R,1517,R,2,R,1448,R,146,R,93,R,370,R,0,R,4133,R,800,R,65,R,0
2022,145600,07,R,1842,R,684,R,1158,R,1,R,196,R,181,R,296,R,1,R,707,R,48,R,19,R,393,R,0,R,431,R,1212,R,199,R,0
2022,145600,09,R,1461,R,609,R,852,R,1,R,253,R,113,R,129,R,1,R,685,R,41,R,82,R,156,R,0,R,61,R,1260,R,140,R,0
2022,145600,10,R,24,R,13,R,11,R,0,R,3,R,1,R,0,R,0,R,14,R,0,R,2,R,4,R,0,R,0,R,24,R,0,R,0
2022,145637,05,R,8200,R,4381,R,3819,R,4,R,1592,R,442,R,1020,R,4,R,3605,R,309,R,50,R,1174,R,0,R,7904,R,275,R,21,R,0
2022,145637,07,R,5578,R,2971,R,2607,R,2,R,734,R,246,R,377,R,6,R,2174,R,104,R,354,R,1581,R,0,R,1622,R,3033,R,923,R,0
2022,145637,09,R,1174,R,613,R,561,R,3,R,83,R,48,R,65,R,0,R,493,R,19,R,18,R,445,R,0,R,27,R,1063,R,84,R,0
2022,145637,10,R,6,R,2,R,4,R,0,R,1,R,1,R,0,R,0,R,2,R,0,R,0,R,2,R,0,R,0,R,3,R,3,R,0
2022,147767,02,R,91,R,53,R,38,R,0,R,14,R,1,R,14,R,0,R,34,R,2,R,5,R,21,R,0,R,67,R,19,R,5,R,0
2022,147767,05,R,2029,R,945,R,1084,R,1,R,396,R,114,R,237,R,0,R,895,R,129,R,56,R,201,R,0,R,1941,R,71,R,17,R,0
2022,147767,07,R,4790,R,2291,R,2499,R,2,R,569,R,235,R,268,R,1,R,1979,R,100,R,462,R,1174,R,0,R,693,R,3537,R,560,R,0
2022,147767,09,R,1059,R,503,R,556,R,3,R,143,R,46,R,78,R,1,R,473,R,31,R,66,R,218,R,0,R,2,R,1022,R,35,R,0
2022,147767,10,R,194,R,71,R,123,R,1,R,23,R,15,R,15,R,0,R,93,R,5,R,31,R,11,R,0,R,13,R,131,R,50,R,0
2022,151351,02,R,6,R,4,R,2,R,0,R,0,R,1,R,0,R,0,R,2,R,0,R,0,R,3,R,0,R,6,R,0,R,0,R,0
2022,151351,03,R,1,R,1,R,0,R,0,R,0,R,0,R,0,R,0,R,1,R,0,R,0,R,0,R,0,R,0,R,1,R,0,R,0
2022,151351,05,R,7081,R,3598,R,3483,R,6,R,523,R,269,R,446,R,1,R,4947,R,333,R,20,R,536,R,0,R,6772,R,279,R,30,R,0
2022,151351,07,R,2461,R,1426,R,1035,R,0,R,200,R,130,R,121,R,0,R,1435,R,57,R,25,R,493,R,0,R,658,R,1482,R,321,R,0
2022,151351,09,R,700,R,296,R,404,R,0,R,35,R,24,R,41,R,1,R,417,R,15,R,4,R,163,R,0,R,28,R,603,R,69,R,0
2022,151351,10,R,227,R,106,R,121,R,0,R,11,R,17,R,8,R,0,R,151,R,5,R,5,R,30,R,0,R,25,R,159,R,43,R,0
2022,151351,12,R,46,R,33,R,13,R,0,R,3,R,0,R,3,R,0,R,37,R,0,R,0,R,3,R,0,R,44,R,1,R,1,R,0
2022,152080,05,R,2146,R,1117,R,1029,R,7,R,78,R,73,R,231,R,2,R,1488,R,115,R,19,R,133,R,0,R,2137,R,8,R,1,R,0
2022,152080,07,R,1271,R,749,R,522,R,1,R,54,R,31,R,120,R,1,R,825,R,36,R,11,R,192,R,0,R,470,R,683,R,118,R,0
2022,152080,09,R,498,R,280,R,218,R,0,R,26,R,16,R,41,R,0,R,273,R,11,R,3,R,128,R,0,R,33,R,451,R,14,R,0
2022,160472,02,R,16,R,2,R,14,R,0,R,1,R,4,R,1,R,0,R,10,R,0,R,0,R,0,R,0,R,5,R,9,R,2,R,0
2022,160472,11,R,38,R,0,R,38,R,0,R,2,R,9,R,13,R,0,R,14,R,0,R,0,R,0,R,1,R,18,R,15,R,4,R,0
2022,160472,12,R,54,R,0,R,54,R,0,R,0,R,14,R,24,R,0,R,14,R,2,R,0,R,0,R,0,R,28,R,22,R,4,R,0
2022,160755,05,R,1976,R,722,R,1254,R,3,R,93,R,92,R,167,R,3,R,1441,R,74,R,17,R,86,R,0,R,1899,R,60,R,17,R,0
2022,160755,07,R,1614,R,639,R,975,R,3,R,78,R,189,R,105,R,1,R,767,R,18,R,51,R,402,R,0,R,610,R,808,R,196,R,0
2022,160755,09,R,547,R,241,R,306,R,3,R,43,R,64,R,49,R,1,R,295,R,12,R,22,R,58,R,0,R,20,R,477,R,50,R,0
2022,160755,10,R,20,R,2,R,18,R,0,R,1,R,1,R,2,R,0,R,15,R,1,R,0,R,0,R,0,R,3,R,14,R,3,R,0
2022,162928,05,R,1431,R,669,R,762,R,1,R,400,R,103,R,203,R,1,R,415,R,104,R,41,R,163,R,0,R,1412,R,19,Z,0,Z,0
2022,162928,07,R,7473,R,3200,R,4273,R,12,R,834,R,534,R,510,R,6,R,2949,R,232,R,170,R,2226,R,0,R,2546,R,4226,R,701,Z,0
2022,162928,09,R,846,R,369,R,477,R,1,R,120,R,57,R,49,R,0,R,355,R,21,R,20,R,223,R,0,R,1,R,730,R,115,Z,0
2022,162928,10,R,935,R,260,R,675,R,5,R,100,R,94,R,54,R,1,R,394,R,40,R,29,R,218,R,0,R,204,R,526,R,205,R,0
2022,163286,02,R,46,R,11,R,35,Z,0,R,4,R,7,R,4,Z,0,R,26,R,3,R,1,R,1,R,0,R,44,R,2,R,0,Z,0
2022,163286,05,R,7918,R,4031,R,3887,R,10,R,1456,R,796,R,802,R,5,R,3890,R,340,R,281,R,338,R,0,R,6950,R,909,R,59,Z,0
2022,163286,07,R,2420,R,1140,R,1280,R,2,R,251,R,263,R,150,Z,0,R,962,R,67,R,200,R,525,R,0,R,457,R,1734,R,229,Z,0
2022,163286,09,R,632,R,348,R,284,R,1,R,41,R,35,R,23,Z,0,R,263,R,13,R,39,R,217,R,0,R,0,R,571,R,61,Z,0
2022,163286,10,R,205,R,75,R,130,R,1,R,13,R,29,R,19,Z,0,R,107,R,4,R,12,R,20,R,0,R,10,R,142,R,53,Z,0
2022,164924,05,R,2343,R,1101,R,1242,R,0,R,251,R,96,R,260,R,2,R,1381,R,85,R,84,R,184,R,0,R,2287,R,46,R,9,R,1
2022,164924,07,R,1571,R,625,R,946,R,1,R,93,R,67,R,68,R,0,R,914,R,22,R,124,R,282,R,1,R,502,R,958,R,110,R,0
2022,164924,09,R,445,R,197,R,248,R,0,R,40,R,19,R,28,R,0,R,275,R,9,R,24,R,50,R,0,R,27,R,372,R,46,R,0
2022,164924,10,R,4,R,0,R,4,R,0,R,0,R,0,R,0,R,0,R,4,R,0,R,0,R,0,R,0,R,0,R,4,R,0,R,0
2022,164988,02,R,344,R,149,R,195,R,0,R,27,R,27,R,20,R,1,R,122,R,2,R,24,R,121,R,0,R,68,R,209,R,67,R,0
2022,164988,05,R,4596,R,1937,R,2659,R,3,R,885,R,169,R,507,R,5,R,1581,R,205,R,190,R,1051,R,1,R,4383,R,180,R,32,R,0
2022,164988,07,R,5616,R,2249,R,3367,R,5,R,502,R,245,R,337,R,3,R,1995,R,104,R,283,R,2142,R,0,R,1610,R,3622,R,384,R,0
2022,164988,09,R,1146,R,525,R,621,R,0,R,156,R,39,R,99,R,1,R,496,R,43,R,82,R,230,R,0,R,41,R,1013,R,92,R,0
2022,164988,10,R,82,R,41,R,41,R,0,R,4,R,2,R,4,R,0,R,20,R,1,R,19,R,32,R,0,R,0,R,63,R,19,R,0
2022,164988,12,R,57,R,27,R,30,R,0,R,5,R,1,R,2,R,0,R,9,R,2,R,12,R,26,R,0,R,18,R,31,R,8,R,0
2022,165015,05,R,855,R,323,R,532,R,3,R,154,R,43,R,65,R,5,R,386,R,11,R,19,R,169,R,0,R,844,R,11,R,0,R,0
2022,165015,07,R,679,R,288,R,391,R,1,R,62,R,56,R,39,R,0,R,309,R,10,R,24,R,178,R,0,R,191,R,397,R,91,R,0
2022,165015,09,R,77,R,44,R,33,Z,0,R,6,R,1,R,6,R,0,R,35,R,1,R,3,R,25,R,0,R,0,R,71,R,6,R,0
2022,165015,10,R,1,R,0,R,1,R,0,R,0,R,0,R,0,R,0,R,1,R,0,R,0,R,0,R,0,R,0,R,1,R,0,R,0
2022,166027,05,R,1697,R,877,R,820,R,3,R,335,R,148,R,197,R,0,R,610,R,122,R,69,R,213,R,0,R,1477,R,150,R,70,R,0
2022,166027,07,R,5716,R,2612,R,3104,R,8,R,671,R,331,R,423,R,3,R,1860,R,145,R,292,R,1983,R,0,R,588,R,4356,R,772,R,0
2022,166027,09,R,1594,R,805,R,789,R,5,R,191,R,107,R,120,R,1,R,726,R,62,R,42,R,340,R,0,R,62,R,1504,R,28,R,0
2022,166027,10,R,1669,R,733,R,936,R,0,R,110,R,41,R,132,R,1,R,459,R,29,R,544,R,353,R,0,R,75,R,998,R,596,R,0
2022,166027,12,R,51,R,24,R,27,R,0,R,0,R,1,R,7,R,0,R,9,R,1,R,27,R,6,R,1,R,9,R,23,R,18,R,0
2022,166629,03,R,21,R,15,R,6,R,0,R,0,R,1,R,3,R,0,R,15,R,0,R,2,R,0,R,0,R,18,R,3,R,0,R,0
2022,166629,05,R,5887,R,2852,R,3035,R,4,R,619,R,266,R,448,R,3,R,3659,R,200,R,299,R,389,R,0,R,5055,R,628,R,204,R,0
2022,166629,07,R,1722,R,887,R,835,R,5,R,154,R,62,R,98,R,1,R,966,R,42,R,90,R,304,R,0,R,442,R,959,R,321,R,0
2022,166629,09,R,395,R,174,R,221,R,0,R,10,R,16,R,23,R,0,R,154,R,12,R,16,R,164,R,0,R,0,R,317,R,78,R,0
2022,166629,10,R,197,R,75,R,122,R,0,R,11,R,11,R,16,R,0,R,116,R,3,R,27,R,13,R,0,R,24,R,101,R,72,R,0
2022,166629,12,R,537,R,201,R,336,R,0,R,62,R,21,R,52,R,0,R,343,R,17,R,36,R,6,R,0,R,474,R,40,R,23,R,0
2022,166683,05,R,1100,R,563,R,537,R,1,R,346,R,60,R,179,R,2,R,324,R,82,R,20,R,86,Z,0,R,1076,R,21,R,3,Z,0
2022,166683,07,R,1898,R,1180,R,718,R,1,R,259,R,62,R,103,Z,0,R,553,R,57,R,53,R,810,Z,0,R,522,R,1214,R,162,Z,0
2022,166683,09,R,735,R,497,R,238,Z,0,R,71,R,8,R,45,Z,0,R,211,R,20,R,44,R,336,Z,0,R,1,R,721,R,13,Z,0
2022,167358,05,R,4453,R,2136,R,2317,R,1,R,719,R,132,R,378,R,0,R,2134,R,216,R,97,R,776,R,0,R,4338,R,108,R,2,R,5
2022,167358,07,R,4016,R,2138,R,1878,R,0,R,253,R,94,R,134,R,0,R,973,R,58,R,61,R,2443,R,0,R,1398,R,2531,R,83,R,4
2022,167358,09,R,701,R,279,R,422,R,0,R,112,R,18,R,39,R,0,R,311,R,21,R,34,R,166,R,0,R,154,R,528,R,19,R,0
2022,167358,10,R,14,R,2,R,12,R,0,R,1,R,0,R,1,R,0,R,10,R,0,R,0,R,2,R,0,R,1,R,10,R,2,R,1
2022,168148,05,R,1457,R,660,R,797,R,2,R,237,R,59,R,110,R,1,R,780,R,88,R,52,R,128,R,0,R,1424,R,30,R,3,R,0
2022,168148,07,R,1322,R,522,R,800,R,1,R,123,R,66,R,78,R,0,R,682,R,51,R,30,R,291,R,0,R,342,R,901,R,79,R,0
2022,168148,09,R,704,R,283,R,421,R,0,R,127,R,44,R,58,R,0,R,381,R,25,R,25,R,44,R,0,R,11,R,672,R,21,R,0
2022,168148,10,R,205,R,54,R,151,R,0,R,19,R,12,R,11,R,0,R,119,R,4,R,3,R,37,R,0,R,22,R,152,R,31,R,0
2022,168148,12,R,10,R,8,R,2,Z,0,Z,0,Z,0,Z,0,Z,0,Z,0,Z,0,R,9,R,1,Z,0,Z,0,R,4,R,6,Z,0
2022,168421,05,R,1197,R,679,R,518,R,0,R,97,R,38,R,105,R,1,R,803,R,34,R,32,R,87,R,0,R,1180,R,17,R,0,R,0
2022,168421,07,R,683,R,447,R,236,Z,0,R,45,R,27,R,42,Z,0,R,424,R,15,R,5,R,125,R,0,R,311,R,322,R,50,R,0
2022,168421,09,R,69,R,44,R,25,R,0,R,3,R,0,R,0,R,0,R,16,R,1,R,0,R,49,R,0,R,0,R,67,R,2,R,0
2022,168421,10,R,100,R,68,R,32,R,0,R,6,R,8,R,7,R,0,R,72,R,2,R,2,R,3,R,0,R,9,R,66,R,25,R,0
2022,170976,05,R,7797,R,3904,R,3893,R,4,R,1240,R,284,R,533,R,1,R,4240,R,373,R,385,R,737,R,2,R,7446,R,334,R,15,Z,0
2022,170976,07,R,4551,R,2267,R,2284,R,12,R,480,R,230,R,269,Z,0,R,2114,R,147,R,147,R,1152,R,0,R,1481,R,2855,R,215,Z,0
2022,170976,09,R,1613,R,814,R,799,R,6,R,147,R,63,R,84,R,1,R,816,R,60,R,82,R,354,R,0,R,11,R,1568,R,34,Z,0
2022,170976,10,R,287,R,94,R,193,Z,0,R,20,R,18,R,18,Z,0,R,144,R,10,R,7,R,70,R,0,R,43,R,232,R,12,Z,0
2022,171100,02,R,84,R,49,R,35,Z,0,Z,0,R,1,R,6,Z,0,R,70,R,1,R,5,R,1,Z,0,R,61,R,19,R,4,Z,0
2022,171100,05,R,8617,R,4118,R,4499,R,8,R,538,R,604,R,457,R,5,R,6044,R,286,R,52,R,623,Z,0,R,8024,R,552,R,41,Z,0
2022,171100,07,R,1990,R,810,R,1180,R,10,R,109,R,99,R,121,R,3,R,1372,R,40,R,23,R,213,Z,0,R,484,R,1240,R,266,Z,0
2022,171100,09,R,1419,R,640,R,779,R,7,R,89,R,79,R,55,R,1,R,872,R,34,R,52,R,230,Z,0,R,30,R,1279,R,110,Z,0
2022,171100,10,R,219,R,64,R,155,R,4,R,12,R,15,R,15,R,0,R,144,R,6,R,3,R,20,Z,0,R,24,R,147,R,48,Z,0
2022,174066,02,R,11,R,3,R,8,R,0,R,0,R,0,R,1,R,0,R,8,R,0,R,2,R,0,R,0,R,9,R,1,R,1,R,0
2022,174066,05,R,7442,R,3346,R,4096,R,13,R,827,R,416,R,346,R,3,R,4860,R,306,R,110,R,561,R,1,R,6745,R,616,R,80,R,0
2022,174066,07,R,2942,R,1265,R,1677,R,5,R,219,R,131,R,142,R,1,R,1671,R,98,R,42,R,633,R,0,R,713,R,1896,R,332,R,1
2022,174066,09,R,1765,R,733,R,1032,R,7,R,137,R,56,R,77,R,0,R,1048,R,52,R,70,R,318,R,0,R,52,R,1589,R,124,R,0
2022,174066,10,R,250,R,77,R,173,R,3,R,14,R,18,R,21,R,0,R,156,R,5,R,14,R,19,R,0,R,22,R,168,R,60,R,0
2022,174066,12,R,181,R,53,R,128,R,0,R,28,R,15,R,10,R,0,R,110,R,3,R,3,R,12,R,0,R,159,R,20,R,2,R,0
2022,179867,02,R,26,R,20,R,6,R,0,R,1,R,1,R,3,R,0,R,16,R,1,R,0,R,4,R,0,R,23,R,1,R,2,R,0
2022,179867,03,R,20,R,14,R,6,R,0,R,0,R,7,R,1,R,0,R,11,R,1,R,0,R,0,R,0,R,0,R,6,R,14,R,0
2022,179867,05,R,1842,R,900,R,942,R,0,R,300,R,163,R,178,R,4,R,901,R,88,R,44,R,164,R,0,R,1759,R,66,R,17,R,0
2022,179867,07,R,2719,R,1294,R,1425,R,7,R,142,R,179,R,107,R,2,R,656,R,59,R,86,R,1481,R,0,R,1257,R,1202,R,260,R,0
2022,179867,09,R,787,R,390,R,397,R,2,R,78,R,37,R,33,R,0,R,410,R,26,R,22,R,179,R,0,R,55,R,720,R,12,R,0
2022,179867,10,R,162,R,81,R,81,R,0,R,18,R,17,R,6,R,0,R,86,R,4,R,11,R,20,R,0,R,40,R,107,R,15,R,0
2022,179867,12,R,11,R,1,R,10,R,0,R,0,R,0,R,0,R,0,R,10,R,0,R,1,R,0,R,0,R,0,R,5,R,6,R,0
2022,182670,05,R,1050,R,534,R,516,R,12,R,174,R,48,R,108,R,0,R,526,R,53,R,14,R,115,R,0,R,1017,R,31,R,1,R,1
2022,182670,07,R,648,R,328,R,320,R,0,R,77,R,32,R,40,R,0,R,318,R,23,R,10,R,148,R,0,R,207,R,403,R,38,R,0
2022,182670,09,R,210,R,106,R,104,R,1,R,26,R,9,R,19,R,0,R,100,R,5,R,11,R,39,R,0,R,1,R,207,R,2,R,0
2022,185828,05,R,1857,R,1415,R,442,R,2,R,504,R,155,R,360,R,0,R,636,R,54,R,44,R,102,R,0,R,1334,R,502,R,21,R,0
2022,185828,07,R,731,R,507,R,224,R,0,R,142,R,56,R,73,R,2,R,184,R,21,R,11,R,242,R,0,R,186,R,483,R,62,R,0
2022,185828,09,R,99,R,57,R,42,R,0,R,8,R,3,R,2,R,0,R,11,R,0,R,3,R,72,R,0,R,0,R,92,R,7,R,0
2022,185828,10,R,92,R,55,R,37,R,0,R,23,R,9,R,8,R,0,R,26,R,1,R,2,R,23,R,0,R,17,R,58,R,17,R,0
2022,186131,05,R,1257,R,633,R,624,R,5,R,274,R,116,R,133,R,1,R,486,R,74,R,17,R,151,R,0,R,1230,R,27,R,0,R,0
2022,186131,07,R,680,R,381,R,299,R,0,R,83,R,22,R,53,R,0,R,216,R,22,R,32,R,252,R,0,R,213,R,458,R,9,R,0
2022,186131,09,R,447,R,298,R,149,R,0,R,32,R,4,R,27,R,0,R,162,R,9,R,30,R,183,R,0,R,2,R,439,R,6,R,0
2022,186131,12,R,5,R,4,R,1,Z,0,Z,0,Z,0,R,2,Z,0,R,2,Z,0,Z,0,R,1,Z,0,R,5,Z,0,Z,0,Z,0
2022,186371,05,R,1512,R,516,R,996,R,3,R,182,R,255,R,281,R,1,R,671,R,57,R,29,R,33,R,0,R,908,R,511,R,93,R,0
2022,186371,07,R,334,R,131,R,203,R,0,R,37,R,55,R,43,R,1,R,173,R,4,R,5,R,16,R,0,R,28,R,230,R,76,R,0
2022,186371,09,R,169,R,77,R,92,R,0,R,7,R,11,R,11,R,1,R,118,R,3,R,14,R,4,R,0,R,3,R,158,R,8,R,0
2022,186380,02,R,2,R,0,R,2,R,0,R,0,R,0,R,0,R,0,R,1,R,0,R,1,R,0,R,0,R,1,R,1,R,0,R,0
2022,186380,03,R,35,R,9,R,26,R,0,R,0,R,4,R,9,R,0,R,17,R,2,R,2,R,1,R,0,R,10,R,19,R,6,R,0
2022,186380,05,R,8483,R,4087,R,4396,R,4,R,2481,R,570,R,1109,R,13,R,3188,R,279,R,157,R,682,R,0,R,7214,R,1169,R,100,R,0
2022,186380,07,R,3099,R,968,R,2131,R,1,R,458,R,380,R,427,R,4,R,1279,R,107,R,53,R,390,R,0,R,632,R,2139,R,328,R,0
2022,186380,09,R,1402,R,603,R,799,R,0,R,351,R,96,R,138,R,0,R,514,R,53,R,40,R,210,R,0,R,121,R,1142,R,139,R,0
2022,186380,10,R,75,R,24,R,51,R,0,R,21,R,13,R,8,R,0,R,18,R,4,R,3,R,8,R,0,R,4,R,55,R,16,R,0
2022,186399,05,R,2348,R,983,R,1365,R,0,R,402,R,370,R,633,R,3,R,463,R,43,R,52,R,382,R,0,R,1566,R,696,R,86,R,0
2022,186399,07,R,1067,R,547,R,520,R,3,R,204,R,128,R,127,R,0,R,364,R,19,R,30,R,192,R,0,R,149,R,741,R,177,R,0
2022,186399,09,R,294,R,137,R,157,R,0,R,28,R,26,R,37,R,0,R,141,R,5,R,19,R,38,R,0,R,1,R,271,R,22,R,0
2022,186867,05,R,923,R,653,R,270,R,0,R,153,R,25,R,94,R,3,R,507,R,13,R,115,R,13,R,0,R,908,R,15,R,0,R,0
2022,186867,07,R,1274,R,917,R,357,R,6,R,133,R,35,R,18,R,2,R,369,R,3,R,79,R,629,R,0,R,308,R,839,R,127,R,0
2022,186867,09,R,67,R,50,R,17,R,0,R,1,R,0,R,0,R,0,R,10,R,0,R,7,R,49,R,0,R,0,R,63,R,4,R,0
2022,186867,10,R,262,R,183,R,79,R,3,R,45,R,10,R,0,R,2,R,127,R,0,R,33,R,42,R,0,R,51,R,150,R,61,R,0
2022,190415,05,R,3775,R,1757,R,2018,R,7,R,788,R,261,R,513,R,4,R,1336,R,199,R,296,R,371,R,0,R,3679,R,90,R,6,R,0
2022,190415,07,R,3742,R,2037,R,1705,R,12,R,474,R,100,R,170,R,3,R,812,R,82,R,107,R,1982,R,0,R,1439,R,2098,R,205,R,0
2022,190415,09,R,825,R,418,R,407,R,2,R,61,R,20,R,46,R,1,R,350,R,19,R,60,R,266,R,0,R,32,R,779,R,14,R,0
2022,191241,05,R,2304,R,1015,R,1289,R,2,R,288,R,93,R,361,R,3,R,1262,R,102,R,16,R,177,R,0,R,2182,R,105,R,17,R,0
2022,191241,07,R,2401,R,770,R,1631,R,6,R,140,R,307,R,439,R,4,R,965,R,41,R,44,R,455,R,0,R,646,R,1403,R,352,R,0
2022,191241,09,R,519,R,224,R,295,R,0,R,46,R,39,R,46,R,0,R,305,R,26,R,30,R,27,R,0,R,37,R,431,R,51,R,0
2022,191241,10,R,97,R,23,R,74,R,0,R,4,R,5,R,32,R,0,R,40,R,2,R,4,R,10,R,0,R,3,R,71,R,23,R,0
2022,193900,03,R,90,R,18,R,72,R,0,R,20,R,5,R,26,R,0,R,28,R,2,R,5,R,4,R,0,R,32,R,50,R,8,R,0
2022,193900,05,R,6824,R,2789,R,4035,R,8,R,1249,R,587,R,1127,R,9,R,1656,R,277,R,320,R,1591,R,0,R,6321,R,450,R,53,R,0
2022,193900,07,R,9441,R,3831,R,5610,R,9,R,911,R,483,R,818,R,4,R,2743,R,176,R,587,R,3710,R,0,R,2597,R,6280,R,564,R,0
2022,193900,09,R,1543,R,718,R,825,R,1,R,233,R,81,R,136,R,1,R,644,R,46,R,95,R,306,R,0,R,48,R,1407,R,88,R,0
2022,193900,10,R,226,R,93,R,133,R,0,R,35,R,13,R,24,R,0,R,84,R,6,R,8,R,56,R,0,R,25,R,178,R,23,R,0
2022,194824,05,R,1548,R,1043,R,505,R,2,R,274,R,54,R,149,R,0,R,730,R,78,R,36,R,225,R,0,R,1473,R,74,R,1,R,0
2022,194824,07,R,360,R,242,R,118,R,0,R,33,R,11,R,29,R,0,R,175,R,17,R,5,R,90,R,0,R,239,R,119,R,2,R,0
2022,194824,09,R,131,R,95,R,36,R,0,R,3,R,1,R,1,R,0,R,52,R,2,R,3,R,69,R,0,R,0,R,122,R,9,R,0
2022,194824,10,R,2,R,2,R,0,R,0,R,0,R,0,R,0,R,0,R,2,R,0,R,0,R,0,R,0,R,1,R,1,R,0,R,0
2022,195003,03,R,76,R,35,R,41,R,0,R,8,R,11,R,15,R,0,R,33,R,2,R,1,R,6,R,0,R,56,R,20,R,0,R,0
2022,195003,05,R,2381,R,1556,R,825,R,2,R,256,R,103,R,185,R,0,R,1570,R,80,R,38,R,147,R,0,R,2146,R,214,R,21,R,0
2022,195003,07,R,1170,R,720,R,450,R,0,R,62,R,29,R,46,R,1,R,502,R,24,R,24,R,482,R,0,R,483,R,621,R,65,R,1
2022,195003,09,R,45,R,26,R,19,R,0,R,0,R,0,R,1,R,0,R,15,R,1,R,0,R,28,R,0,R,0,R,40,R,5,R,0
2022,195003,10,R,87,R,57,R,30,R,1,R,3,R,1,R,3,R,0,R,18,R,3,R,5,R,53,R,0,R,21,R,60,R,6,R,0
2022,195003,12,R,9,R,0,R,9,Z,0,R,1,Z,0,Z,0,Z,0,R,5,R,2,R,1,Z,0,Z,0,R,4,R,4,R,1,Z,0
2022,195030,05,R,1659,R,781,R,878,R,2,R,172,R,86,R,101,R,1,R,730,R,42,R,49,R,476,R,0,R,1411,R,209,R,39,R,0
2022,195030,07,R,1309,R,601,R,708,R,0,R,83,R,45,R,61,R,0,R,514,R,22,R,41,R,543,R,0,R,483,R,753,R,73,R,0
2022,195030,09,R,374,R,189,R,185,R,1,R,41,R,23,R,18,R,0,R,181,R,7,R,19,R,84,R,0,R,0,R,335,R,39,R,0
2022,195030,10,R,269,R,89,R,180,R,1,R,17,R,5,R,11,R,1,R,156,R,4,R,27,R,47,R,0,R,19,R,187,R,63,R,0
2022,195030,11,R,4,R,1,R,3,R,0,R,0,R,0,R,0,R,0,R,4,R,0,R,0,R,0,R,0,R,2,R,2,R,0,R,0
2022,195030,12,R,13,R,1,R,12,R,0,R,0,R,0,R,1,R,0,R,8,R,2,R,1,R,1,R,0,R,7,R,5,R,1,R,0
2022,196079,05,R,3550,R,1728,R,1822,R,2,R,566,R,142,R,390,R,2,R,2108,R,95,R,42,R,203,R,0,R,3359,R,186,R,5,R,0
2022,196079,07,R,1029,R,515,R,514,R,0,R,89,R,48,R,73,R,0,R,609,R,31,R,12,R,167,R,0,R,637,R,349,R,43,R,0
2022,196079,09,R,257,R,139,R,118,R,2,R,28,R,13,R,7,R,0,R,102,R,5,R,8,R,92,R,0,R,57,R,166,R,34,R,0
2022,196079,10,R,79,R,23,R,56,R,0,R,3,R,9,R,4,R,0,R,56,R,2,R,2,R,3,R,0,R,26,R,36,R,17,R,0
2022,196088,02,R,31,R,22,R,9,R,0,R,6,R,4,R,2,R,0,R,15,R,2,R,0,R,2,R,0,R,26,R,5,R,0,R,0
2022,196088,05,R,5162,R,2733,R,2429,R,19,R,834,R,428,R,328,R,4,R,2394,R,127,R,231,R,797,R,0,R,4479,R,643,R,40,R,0
2022,196088,07,R,2556,R,1181,R,1375,R,8,R,205,R,128,R,100,R,2,R,1218,R,51,R,95,R,749,R,0,R,1027,R,1376,R,153,R,0
2022,196088,09,R,1009,R,477,R,532,R,2,R,122,R,47,R,41,R,0,R,512,R,22,R,58,R,205,R,0,R,90,R,830,R,89,R,0
2022,196088,10,R,191,R,53,R,138,R,0,R,13,R,26,R,4,R,0,R,113,R,3,R,13,R,19,R,0,R,27,R,114,R,50,R,0
2022,196097,05,R,4613,R,2124,R,2489,R,3,R,1291,R,283,R,547,R,3,R,1372,R,137,R,389,R,588,R,0,R,3956,R,614,R,43,R,0
2022,196097,07,R,2125,R,810,R,1315,R,2,R,242,R,127,R,238,Z,0,R,989,R,41,R,213,R,273,R,0,R,705,R,1190,R,230,R,0
2022,196097,09,R,617,R,325,R,292,Z,0,R,88,R,22,R,55,Z,0,R,235,R,9,R,35,R,173,R,0,R,23,R,554,R,40,R,0
2022,196097,10,R,352,R,118,R,234,Z,0,R,18,R,23,R,26,Z,0,R,207,R,3,R,56,R,19,R,0,R,25,R,206,R,121,R,0
2022,196413,03,R,2,R,0,R,2,R,0,R,0,R,1,R,0,R,0,R,0,R,1,R,0,R,0,R,0,R,0,R,1,R,1,R,0
2022,196413,05,R,3407,R,1500,R,1907,R,15,R,257,R,203,R,322,R,1,R,1976,R,125,R,91,R,417,R,0,R,3217,R,157,R,33,R,0
2022,196413,07,R,2324,R,1145,R,1179,R,7,R,125,R,225,R,197,R,3,R,1206,R,72,R,55,R,434,R,0,R,716,R,1244,R,364,R,0
2022,196413,09,R,357,R,173,R,184,R,1,R,19,R,20,R,32,R,1,R,191,R,10,R,10,R,73,R,0,R,42,R,284,R,31,R,0
2022,196413,10,R,332,R,132,R,200,R,1,R,12,R,20,R,37,R,0,R,177,R,16,R,14,R,55,R,0,R,97,R,175,R,60,R,0
2022,196413,12,R,12,R,2,R,10,R,1,R,2,R,0,R,2,R,0,R,5,R,1,R,0,R,1,R,0,R,7,R,3,R,2,R,0
2022,197708,03,R,548,R,310,R,238,Z,0,Z,0,Z,0,R,2,Z,0,R,485,Z,0,R,15,R,46,Z,0,R,517,R,31,Z,0,Z,0
2022,197708,05,R,570,R,290,R,280,Z,0,Z,0,Z,0,R,2,Z,0,R,515,Z,0,R,9,R,44,Z,0,R,537,R,31,R,2,Z,0
2022,197708,07,R,642,R,160,R,482,Z,0,R,8,R,19,R,33,Z,0,R,207,R,6,R,268,R,101,Z,0,R,193,R,376,R,73,Z,0
2022,197708,09,R,359,R,156,R,203,R,0,R,16,R,17,R,28,Z,0,R,205,R,7,R,73,R,13,Z,0,R,31,R,314,R,14,Z,0
2022,197708,10,R,74,R,12,R,62,Z,0,R,1,R,9,R,6,Z,0,R,24,R,1,R,26,R,7,Z,0,R,19,R,46,R,9,Z,0
2022,198419,05,R,1850,R,833,R,1017,R,12,R,400,R,140,R,183,R,2,R,835,R,72,R,79,R,127,Z,0,R,1705,R,138,R,7,R,0
2022,198419,07,R,3060,R,1536,R,1524,R,5,R,294,R,176,R,159,R,3,R,1078,R,68,R,117,R,1160,Z,0,R,648,R,2140,R,270,R,2
2022,198419,09,R,916,R,414,R,502,R,2,R,96,R,61,R,63,R,1,R,463,R,27,R,27,R,176,Z,0,R,2,R,855,R,59,Z,0
2022,198419,10,R,314,R,104,R,210,R,1,R,25,R,21,R,23,Z,0,R,173,R,4,R,19,R,48,Z,0,R,21,R,205,R,85,R,3
2022,199120,05,R,4883,R,1869,R,3014,R,22,R,597,R,367,R,459,R,5,R,2817,R,257,R,140,R,219,R,0,R,4620,R,232,R,31,R,0
2022,199120,07,R,2339,R,1001,R,1338,R,8,R,181,R,200,R,138,R,1,R,1533,R,86,R,45,R,147,R,0,R,561,R,1506,R,272,R,0
2022,199120,09,R,1167,R,503,R,664,R,5,R,103,R,80,R,72,R,0,R,722,R,57,R,23,R,105,R,0,R,76,R,1029,R,62,R,0
2022,199120,10,R,15,R,1,R,14,R,0,R,1,R,1,R,1,R,0,R,11,R,1,R,0,R,0,R,0,R,0,R,8,R,7,R,0
2022,199193,03,R,87,R,64,R,23,R,0,R,1,R,4,R,0,R,0,R,80,R,0,R,2,R,0,R,0,R,74,R,12,R,1,R,0
2022,199193,05,R,6073,R,3027,R,3046,R,17,R,454,R,312,R,396,R,5,R,4261,R,231,R,193,R,204,R,3,R,5661,R,365,R,44,R,0
2022,199193,07,R,2378,R,1118,R,1260,R,7,R,174,R,202,R,85,R,2,R,1454,R,68,R,53,R,333,R,0,R,852,R,1267,R,259,R,0
2022,199193,09,R,667,R,322,R,345,R,2,R,19,R,32,R,21,R,0,R,319,R,10,R,11,R,253,R,0,R,6,R,609,R,52,R,0
2022,199193,10,R,458,R,201,R,257,R,2,R,33,R,43,R,21,R,0,R,307,R,6,R,14,R,32,R,0,R,64,R,297,R,97,R,0
2022,199193,12,R,87,R,56,R,31,R,0,R,13,R,2,R,7,R,0,R,61,R,2,R,2,R,0,R,0,R,30,R,45,R,12,R,0
2022,199847,05,R,1296,R,624,R,672,Z,0,R,44,R,69,R,104,Z,0,R,892,R,57,Z,0,R,130,Z,0,R,1292,R,4,Z,0,Z,0
2022,199847,07,R,1037,R,440,R,597,R,4,R,49,R,109,R,57,Z,0,R,571,R,24,R,9,R,214,Z,0,R,429,R,512,R,96,Z,0
2022,199847,09,R,387,R,177,R,210,R,1,R,29,R,30,R,30,Z,0,R,261,R,13,R,10,R,13,Z,0,R,35,R,343,R,9,Z,0
2022,199847,10,R,8,R,3,R,5,Z,0,Z,0,R,2,R,1,Z,0,R,4,Z,0,R,1,Z,0,Z,0,R,2,R,2,R,4,Z,0
2022,201645,05,R,1266,R,677,R,589,R,0,R,306,R,51,R,110,R,2,R,587,R,66,R,15,R,129,R,0,R,1243,R,20,R,3,R,0
2022,201645,07,R,1550,R,675,R,875,R,2,R,188,R,118,R,76,R,0,R,641,R,39,R,31,R,455,R,0,R,567,R,882,R,101,R,0
2022,201645,09,R,613,R,285,R,328,R,0,R,107,R,34,R,25,R,1,R,314,R,16,R,24,R,92,R,0,R,22,R,543,R,48,R,0
2022,201645,10,R,87,R,21,R,66,R,0,R,12,R,15,R,2,R,0,R,48,R,3,R,1,R,6,R,0,R,36,R,43,R,8,R,0
2022,204796,03,R,6,R,3,R,3,Z,0,Z,0,Z,0,R,1,Z,0,R,5,Z,0,Z,0,Z,0,Z,0,R,2,R,1,R,3,Z,0
2022,204796,05,R,11148,R,5467,R,5681,R,5,R,909,R,693,R,483,R,3,R,7380,R,453,R,238,R,984,Z,0,R,10054,R,979,R,115,Z,0
2022,204796,07,R,2787,R,1109,R,1678,R,1,R,125,R,172,R,130,R,2,R,1665,R,90,R,229,R,373,Z,0,R,751,R,1738,R,298,Z,0
2022,204796,09,R,1788,R,842,R,946,R,3,R,141,R,84,R,109,R,1,R,1023,R,61,R,38,R,328,Z,0,R,68,R,1638,R,82,Z,0
2022,204796,10,R,164,R,38,R,126,Z,0,R,13,R,16,R,6,Z,0,R,119,R,5,R,3,R,2,Z,0,R,49,R,69,R,46,Z,0
2022,204796,12,R,150,R,58,R,92,R,1,R,10,R,5,R,8,R,0,R,114,R,3,Z,0,R,9,Z,0,R,131,R,14,R,5,Z,0
2022,211440,05,R,1588,R,808,R,780,R,0,R,549,R,52,R,145,R,0,R,420,R,57,R,108,R,257,R,0,R,1546,R,42,R,0,R,0
2022,211440,07,R,2765,R,1646,R,1119,R,3,R,314,R,65,R,85,R,1,R,546,R,39,R,146,R,1566,R,0,R,1148,R,1543,R,74,R,0
2022,211440,09,R,361,R,250,R,111,R,0,R,22,R,9,R,12,R,0,R,89,R,7,R,17,R,205,R,0,R,2,R,347,R,12,R,0
2022,211440,10,R,62,R,37,R,25,R,0,R,5,R,1,R,0,R,0,R,23,R,4,R,10,R,19,R,0,R,10,R,43,R,9,R,0
2022,212054,02,R,176,R,49,R,127,R,0,R,37,R,22,R,15,R,0,R,77,R,8,R,5,R,12,R,0,R,139,R,30,R,7,Z,0
2022,212054,05,R,3441,R,1584,R,1857,R,3,R,739,R,244,R,218,R,0,R,1753,R,124,R,50,R,310,R,0,R,2769,R,559,R,113,Z,0
2022,212054,07,R,2194,R,721,R,1473,R,1,R,227,R,264,R,150,R,0,R,1219,R,62,R,80,R,191,R,0,R,352,R,1517,R,325,Z,0
2022,212054,09,R,725,R,315,R,410,R,2,R,95,R,58,R,44,R,1,R,429,R,22,R,14,R,60,R,0,R,8,R,632,R,85,Z,0
2022,212054,10,R,284,R,104,R,180,R,0,R,16,R,39,R,20,R,0,R,142,R,6,R,18,R,43,R,0,R,8,R,174,R,102,Z,0
2022,213543,05,R,1191,R,613,R,578,R,1,R,100,R,32,R,113,R,1,R,768,R,45,R,23,R,108,R,1,R,1171,R,18,R,1,R,0
2022,213543,07,R,506,R,240,R,266,R,0,R,31,R,19,R,28,R,0,R,307,R,3,R,10,R,108,R,0,R,207,R,252,R,47,R,0
2022,213543,09,R,116,R,76,R,40,R,0,R,3,R,1,R,2,R,0,R,44,R,0,R,14,R,52,R,0,R,0,R,104,R,12,R,0
2022,213543,10,R,52,R,9,R,43,R,0,R,0,R,2,R,1,R,0,R,39,R,0,R,3,R,7,R,0,R,7,R,26,R,19,R,0
2022,213543,12,R,35,R,15,R,20,R,0,R,4,R,0,R,3,R,0,R,21,R,0,R,0,R,7,R,0,R,35,R,0,R,0,R,0
2022,214777,02,R,155,R,117,R,38,R,0,R,14,R,6,R,14,R,1,R,104,R,6,R,4,R,6,R,0,R,148,R,7,R,0,R,0
2022,214777,03,R,4,R,3,R,1,R,0,R,0,R,0,R,0,R,0,R,4,R,0,R,0,R,0,R,0,R,1,R,1,R,2,R,0
2022,214777,05,R,9730,R,5010,R,4720,R,7,R,635,R,345,R,584,R,13,R,6359,R,330,R,164,R,1293,R,0,R,9376,R,340,R,14,R,0
2022,214777,07,R,1602,R,807,R,795,R,2,R,80,R,56,R,85,R,0,R,755,R,70,R,17,R,537,R,0,R,775,R,785,R,42,R,0
2022,214777,09,R,1091,R,574,R,517,R,0,R,59,R,29,R,45,R,0,R,486,R,29,R,88,R,355,R,0,R,30,R,1012,R,49,R,0
2022,214777,10,R,58,R,23,R,35,R,0,R,5,R,5,R,6,R,0,R,28,R,1,R,0,R,13,R,0,R,20,R,28,R,10,R,0
2022,214777,12,R,572,R,291,R,281,R,0,R,35,R,17,R,31,R,0,R,424,R,15,R,12,R,38,R,0,R,554,R,10,R,8,R,0
2022,215062,05,R,2683,R,1187,R,1496,R,0,R,631,R,204,R,250,R,2,R,1050,R,134,R,75,R,337,R,0,R,2543,R,112,R,28,R,0
2022,215062,07,R,4385,R,1892,R,2493,R,5,R,662,R,247,R,252,R,0,R,1594,R,105,R,84,R,1436,R,0,R,1161,R,2902,R,322,R,0
2022,215062,09,R,1361,R,603,R,758,R,2,R,169,R,81,R,107,R,0,R,714,R,39,R,25,R,224,R,0,R,41,R,1229,R,91,R,0
2022,215062,10,R,94,R,26,R,68,R,0,R,18,R,2,R,1,R,0,R,40,R,2,R,0,R,31,R,0,R,6,R,72,R,16,R,0
2022,215062,12,R,121,R,41,R,80,R,0,R,17,R,9,R,11,R,0,R,79,R,1,R,3,R,1,R,1,R,7,R,74,R,39,R,0
2022,215293,03,R,19,R,0,R,19,R,0,R,3,R,0,R,0,R,0,R,15,R,1,R,0,R,0,R,0,R,11,R,8,R,0,Z,0
2022,215293,05,R,4589,R,2036,R,2553,R,0,R,537,R,216,R,223,R,0,R,3144,R,223,R,29,R,217,R,0,R,4300,R,259,R,30,Z,0
2022,215293,07,R,1792,R,641,R,1151,R,3,R,118,R,103,R,97,R,0,R,1074,R,44,R,77,R,276,R,0,R,698,R,987,R,107,Z,0
2022,215293,09,R,1133,R,477,R,656,R,0,R,106,R,52,R,42,R,0,R,661,R,32,R,45,R,195,R,0,R,153,R,895,R,85,Z,0
2022,215293,10,R,358,R,96,R,262,R,1,R,24,R,18,R,18,R,0,R,193,R,14,R,49,R,41,R,0,R,66,R,232,R,60,Z,0
2022,215293,12,R,1054,R,382,R,672,R,0,R,138,R,42,R,50,R,0,R,741,R,50,R,3,R,30,R,0,R,1023,R,27,R,4,Z,0
2022,216597,05,R,1761,R,791,R,970,R,1,R,87,R,87,R,139,R,1,R,1334,R,51,R,20,R,41,R,0,R,1640,R,88,R,33,R,0
2022,216597,07,R,1249,R,620,R,629,R,1,R,62,R,57,R,65,R,0,R,925,R,29,R,37,R,73,R,0,R,236,R,816,R,197,R,0
2022,216597,09,R,233,R,94,R,139,Z,0,R,5,R,15,R,18,R,0,R,180,R,3,R,8,R,4,R,0,R,13,R,196,R,24,R,0
2022,216597,10,R,270,R,93,R,177,R,0,R,12,R,26,R,24,R,0,R,188,R,7,R,4,R,9,R,0,R,32,R,178,R,60,R,0
2022,216597,12,R,2,R,2,R,0,Z,0,R,0,R,0,R,0,R,0,R,1,R,1,R,0,R,0,R,0,R,0,R,1,R,1,R,0
2022,217156,05,R,1677,R,791,R,886,R,3,R,303,R,117,R,184,R,2,R,711,R,106,R,53,R,198,R,0,R,1627,R,43,R,7,R,0
2022,217156,07,R,873,R,424,R,449,R,2,R,95,R,61,R,62,R,1,R,244,R,33,R,53,R,322,R,0,R,380,R,438,R,55,R,0
2022,217156,09,R,437,R,226,R,211,R,1,R,53,R,23,R,37,R,1,R,171,R,11,R,20,R,120,R,0,R,1,R,425,R,11,R,0
2022,217156,10,R,1,R,0,R,1,R,0,R,0,R,0,R,0,R,0,R,0,R,1,R,0,R,0,R,0,R,0,R,1,R,0,R,0
2022,217882,05,R,4934,R,2415,R,2519,R,9,R,121,R,257,R,294,R,1,R,4010,R,194,R,20,R,28,R,0,R,4660,R,257,R,17,R,0
2022,217882,07,R,1672,R,760,R,912,R,2,R,38,R,95,R,69,R,1,R,1184,R,36,R,28,R,219,R,0,R,602,R,891,R,179,R,0
2022,217882,09,R,244,R,129,R,115,R,0,R,5,R,11,R,5,R,0,R,103,R,3,R,14,R,103,R,0,R,0,R,208,R,36,R,0
2022,217882,10,R,178,R,43,R,135,R,0,R,7,R,14,R,5,R,1,R,130,R,2,R,1,R,18,R,0,R,23,R,130,R,25,R,0
2022,217882,12,R,204,R,91,R,113,R,0,R,5,R,12,R,12,R,0,R,163,R,8,R,1,R,3,R,0,R,201,R,2,R,1,R,0
2022,217925,02,R,19,R,10,R,9,R,0,R,0,R,0,R,0,R,0,R,1,R,0,R,1,R,17,R,0,R,2,R,8,R,9,R,0
2022,217925,03,R,29,R,15,R,14,R,0,R,0,R,8,R,3,R,0,R,10,R,1,R,7,R,0,R,0,R,4,R,15,R,10,R,0
2022,217925,05,R,146,R,62,R,84,R,0,R,1,R,29,R,4,R,2,R,79,R,1,R,15,R,15,R,0,R,103,R,28,R,15,R,0
2022,217925,07,R,328,R,125,R,203,R,1,R,65,R,39,R,7,R,0,R,100,R,1,R,30,R,85,R,0,R,28,R,193,R,107,R,0
2022,217925,09,R,115,R,82,R,33,R,0,R,3,R,19,R,4,R,0,R,47,R,0,R,33,R,9,R,0,R,0,R,15,R,100,R,0
2022,217925,10,R,14,R,6,R,8,R,0,R,2,R,0,R,1,R,0,R,5,R,0,R,1,R,5,R,0,R,0,R,4,R,10,R,0
2022,221999,05,R,1715,R,812,R,903,R,6,R,258,R,174,R,170,R,4,R,732,R,101,R,75,R,195,R,0,R,1698,R,17,R,0,R,0
2022,221999,07,R,1670,R,608,R,1062,R,3,R,97,R,101,R,110,R,5,R,1100,R,44,R,15,R,195,R,0,R,549,R,1015,R,106,R,0
2022,221999,09,R,823,R,364,R,459,R,4,R,43,R,67,R,57,R,1,R,539,R,16,R,22,R,74,R,0,R,21,R,680,R,122,R,0
2022,221999,10,R,35,R,5,R,30,R,1,R,1,R,5,R,4,R,0,R,23,R,1,R,0,R,0,R,0,R,1,R,16,R,18,R,0
2022,223232,05,R,3263,R,1169,R,2094,R,8,R,249,R,185,R,501,R,6,R,2045,R,130,R,26,R,113,R,0,R,3066,R,186,R,11,R,0
2022,223232,07,R,1267,R,419,R,848,R,4,R,54,R,123,R,195,R,1,R,791,R,45,R,10,R,44,R,0,R,439,R,686,R,142,R,0
2022,223232,09,R,650,R,258,R,392,R,7,R,29,R,68,R,70,R,0,R,411,R,16,R,25,R,24,R,0,R,56,R,450,R,144,R,0
2022,223232,10,R,31,R,18,R,13,R,0,R,2,R,3,R,6,R,0,R,20,R,0,R,0,R,0,R,0,R,0,R,18,R,13,R,0
2022,227757,05,R,979,R,512,R,467,R,0,R,237,R,81,R,170,R,1,R,304,R,48,R,7,R,131,R,0,R,968,R,10,R,1,R,0
2022,227757,07,R,1134,R,737,R,397,R,2,R,170,R,79,R,105,R,1,R,466,R,23,R,28,R,260,R,0,R,218,R,796,R,120,R,0
2022,227757,09,R,225,R,141,R,84,R,0,R,9,R,7,R,11,R,0,R,67,R,3,R,10,R,118,R,0,R,0,R,211,R,14,R,0
2022,228246,05,R,1608,R,799,R,809,R,1,R,129,R,62,R,196,R,1,R,1051,R,69,R,4,R,95,R,0,R,1532,R,71,R,5,R,0
2022,228246,07,R,1765,R,954,R,811,R,1,R,127,R,131,R,239,R,4,R,903,R,54,R,26,R,280,R,0,R,454,R,1066,R,245,R,0
2022,228246,09,R,394,R,178,R,216,R,2,R,21,R,25,R,42,R,0,R,231,R,12,R,8,R,53,R,0,R,49,R,302,R,43,R,0
2022,228246,10,R,67,R,45,R,22,R,0,R,5,R,2,R,7,R,0,R,28,R,4,R,3,R,18,R,0,R,19,R,40,R,8,R,0
2022,228723,05,R,13255,R,6635,R,6620,R,24,R,1127,R,289,R,3120,R,7,R,8020,R,423,R,30,R,215,R,0,R,12340,R,867,R,48,R,0
2022,228723,07,R,3577,R,1877,R,1700,R,13,R,249,R,145,R,516,R,4,R,1828,R,73,R,178,R,571,R,0,R,1240,R,1922,R,415,R,0
2022,228723,09,R,1457,R,721,R,736,R,1,R,143,R,47,R,180,R,0,R,585,R,28,R,35,R,438,R,0,R,13,R,1355,R,89,R,0
2022,228723,10,R,573,R,229,R,344,R,2,R,34,R,39,R,92,R,1,R,259,R,13,R,62,R,71,R,0,R,101,R,370,R,102,R,0
2022,228723,12,R,782,R,226,R,556,R,2,R,68,R,17,R,184,R,0,R,471,R,34,R,0,R,6,R,0,R,749,R,31,R,2,R,0
2022,228778,05,R,9792,R,4258,R,5534,R,13,R,2385,R,436,R,2338,R,4,R,3729,R,390,R,86,R,411,R,0,R,9274,R,463,R,55,R,0
2022,228778,07,R,2930,R,1484,R,1446,R,3,R,359,R,94,R,454,R,3,R,1342,R,87,R,72,R,516,R,0,R,920,R,1818,R,192,R,0
2022,228778,09,R,1260,R,675,R,585,R,2,R,107,R,51,R,134,R,1,R,552,R,29,R,45,R,339,R,0,R,57,R,1108,R,95,R,0
2022,228778,10,R,68,R,19,R,49,R,1,R,4,R,6,R,7,R,0,R,40,R,1,R,5,R,4,R,0,R,14,R,37,R,17,R,0
2022,228778,12,R,2493,R,956,R,1537,R,3,R,831,R,96,R,545,R,1,R,796,R,100,R,23,R,98,R,0,R,2413,R,75,R,5,R,0
2022,228875,02,R,3,R,1,R,2,R,0,R,0,R,0,R,0,R,0,R,2,R,0,R,1,R,0,R,0,R,3,R,0,R,0,R,0
2022,228875,05,R,2245,R,919,R,1326,R,11,R,68,R,101,R,327,R,5,R,1571,R,42,R,12,R,108,R,0,R,2109,R,121,R,15,R,0
2022,228875,07,R,496,R,215,R,281,R,2,R,13,R,34,R,83,R,3,R,311,R,13,R,15,R,22,R,0,R,177,R,264,R,55,R,0
2022,228875,09,R,120,R,37,R,83,R,0,R,12,R,7,R,13,R,0,R,76,R,4,R,2,R,6,R,0,R,0,R,106,R,14,R,0
2022,228875,10,R,42,R,30,R,12,R,0,R,2,R,2,R,5,R,0,R,28,R,1,R,1,R,3,R,0,R,7,R,13,R,22,R,0
2022,231624,05,R,1583,R,659,R,924,R,1,R,135,R,101,R,148,Z,0,R,930,R,86,R,85,R,97,R,1,R,1531,R,49,R,2,Z,0
2022,231624,07,R,805,R,391,R,414,R,1,R,47,R,59,R,57,R,2,R,484,R,31,R,21,R,103,Z,0,R,199,R,478,R,128,Z,0
2022,231624,09,R,310,R,152,R,158,Z,0,R,13,R,14,R,2,Z,0,R,228,R,16,R,12,R,25,Z,0,R,30,R,256,R,24,Z,0
2022,231624,10,R,43,R,5,R,38,Z,0,R,3,Z,0,R,1,Z,0,R,35,R,2,R,2,Z,0,Z,0,R,17,R,23,R,3,Z,0
2022,234076,02,R,445,R,392,R,53,R,0,R,14,R,4,R,4,R,0,R,22,R,0,R,354,R,47,R,0,R,1,R,80,R,364,R,0
2022,234076,05,R,4473,R,1916,R,2557,R,4,R,734,R,284,R,294,R,7,R,2551,R,223,R,187,R,189,R,0,R,4277,R,154,R,42,R,0
2022,234076,07,R,2388,R,1170,R,1218,R,6,R,176,R,114,R,151,R,1,R,1501,R,79,R,63,R,297,R,1,R,762,R,1400,R,225,R,0
2022,234076,09,R,859,R,455,R,404,R,0,R,74,R,42,R,52,R,0,R,524,R,23,R,23,R,121,R,0,R,40,R,785,R,34,R,0
2022,234076,10,R,419,R,268,R,151,R,1,R,19,R,17,R,21,R,0,R,155,R,12,R,166,R,28,R,0,R,31,R,127,R,261,R,0
2022,234076,12,R,5,R,4,R,1,R,0,R,0,R,0,R,3,R,0,R,2,R,0,R,0,R,0,R,0,R,0,R,3,R,2,R,0
2022,236948,05,R,8297,R,3619,R,4678,R,39,R,2206,R,252,R,714,R,34,R,3043,R,602,R,152,R,1255,R,3,R,7303,R,832,R,159,R,0
2022,236948,07,R,4546,R,1994,R,2552,R,19,R,680,R,152,R,323,R,11,R,2072,R,234,R,109,R,946,R,0,R,1006,R,3160,R,380,R,0
2022,236948,09,R,1360,R,589,R,771,R,8,R,233,R,30,R,91,R,2,R,693,R,62,R,38,R,203,R,0,R,31,R,1234,R,95,R,0
2022,236948,10,R,16,R,2,R,14,R,0,R,3,R,2,R,1,R,0,R,9,R,0,R,0,R,1,R,0,R,1,R,15,R,0,R,0
2022,239105,05,R,1964,R,852,R,1112,R,6,R,135,R,73,R,268,R,1,R,1381,R,55,R,16,R,29,R,0,R,1933,R,29,R,2,R,0
2022,239105,07,R,837,R,267,R,570,R,2,R,48,R,36,R,72,R,0,R,553,R,26,R,49,R,51,R,0,R,285,R,490,R,62,R,0
2022,239105,09,R,414,R,183,R,231,R,0,R,31,R,10,R,35,R,1,R,278,R,14,R,27,R,18,R,0,R,88,R,305,R,21,R,0
2022,239105,10,R,36,R,8,R,28,R,0,R,5,R,0,R,2,R,0,R,28,R,0,R,0,R,1,R,0,R,4,R,24,R,8,R,0
2022,240444,05,R,7452,R,3561,R,3891,R,16,R,548,R,146,R,404,R,5,R,5124,R,257,R,184,R,768,R,0,R,7126,R,286,R,40,R,0
2022,240444,07,R,2467,R,1148,R,1319,R,8,R,115,R,59,R,135,R,1,R,1512,R,62,R,34,R,541,R,0,R,939,R,1400,R,128,R,0
2022,240444,09,R,1476,R,690,R,786,R,4,R,95,R,36,R,76,R,2,R,882,R,47,R,42,R,292,R,0,R,109,R,1283,R,84,R,0
2022,240444,10,R,257,R,134,R,123,R,1,R,24,R,6,R,11,R,0,R,165,R,10,R,6,R,34,R,0,R,68,R,169,R,20,R,0
2022,240444,12,R,2845,R,1011,R,1834,R,7,R,216,R,64,R,171,R,2,R,1994,R,104,R,77,R,210,R,0,R,2797,R,44,R,4,R,0
2022,243744,05,R,1567,R,794,R,773,R,14,R,361,R,99,R,252,R,7,R,492,R,161,R,10,R,171,R,0,R,1501,R,61,R,5,R,0
2022,243744,07,R,2359,R,1246,R,1113,R,1,R,469,R,90,R,211,R,2,R,712,R,114,R,16,R,744,R,0,R,904,R,1391,R,64,R,0
2022,243744,09,R,1109,R,646,R,463,R,2,R,155,R,31,R,107,R,0,R,450,R,44,R,5,R,315,R,0,R,17,R,1064,R,28,R,0
2022,243744,10,R,4,R,2,R,2,R,0,R,1,R,0,R,0,R,0,R,0,R,0,R,0,R,3,R,0,R,0,R,4,R,0,R,0
2022,243780,03,R,51,R,8,R,43,R,0,R,1,R,1,R,1,R,0,R,47,R,1,R,0,R,0,R,0,R,31,R,13,R,7,R,0
2022,243780,05,R,7865,R,4387,R,3478,R,8,R,823,R,195,R,435,R,6,R,5104,R,327,R,85,R,882,R,0,R,7567,R,282,R,16,R,0
2022,243780,07,R,2259,R,1221,R,1038,R,6,R,157,R,81,R,121,R,3,R,1170,R,46,R,25,R,650,R,0,R,703,R,1353,R,203,R,0
2022,243780,09,R,1064,R,582,R,482,R,0,R,56,R,34,R,32,R,0,R,426,R,15,R,42,R,459,R,0,R,114,R,893,R,57,R,0
2022,243780,10,R,295,R,115,R,180,R,1,R,19,R,18,R,24,R,0,R,170,R,9,R,2,R,52,R,0,R,24,R,194,R,77,R,0
2022,243780,11,R,23,R,6,R,17,R,0,R,4,R,0,R,0,R,0,R,15,R,2,R,0,R,2,R,0,R,23,R,0,R,0,R,0
2022,243780,12,R,929,R,549,R,380,R,2,R,111,R,28,R,55,R,2,R,580,R,40,R,3,R,108,R,0,R,880,R,41,R,8,R,0
2022,445188,05,R,1882,R,829,R,1053,R,3,R,378,R,78,R,1030,R,10,R,178,R,65,R,9,R,131,R,0,R,1772,R,105,R,5,R,0
2022,445188,07,R,64,R,31,R,33,R,0,R,4,R,4,R,19,R,0,R,15,R,4,R,1,R,17,R,0,R,16,R,45,R,3,R,0
2022,445188,09,R,105,R,52,R,53,R,0,R,9,R,1,R,12,R,0,R,33,R,3,R,4,R,43,R,0,R,0,R,98,R,7,R,0
