year,UNITID,PEO1ISTR,PEO2ISTR,PEO3ISTR,PEO4ISTR,PEO5ISTR,PEO6ISTR,CNTLAFFI,PUBPRIME,PUBSECON,RELAFFIL,LEVEL1,LEVEL1A,LEVEL1B,LEVEL2,LEVEL3,LEVEL4,LEVEL5,LEVEL6,LEVEL7,LEVEL8,LEVEL12,LEVEL17,LEVEL18,LEVEL19,CALSYS,FT_UG,FT_FTUG,FTGDNIDP,PT_UG,PT_FTUG,PTGDNIDP,DOCPP,DOCPPSP,OPENADMP,VET1,VET2,VET3,VET4,VET5,VET9,CREDITS1,CREDITS2,CREDITS3,CREDITS4,SLO5,SLO51,SLO52,SLO53,SLO6,SLO7,SLO8,SLO81,SLO82,SLO83,SLO9,YRSCOLL,STUSRV1,STUSRV2,STUSRV3,STUSRV4,STUSRV8,STUSRV9,LIBRES1,LIBRES2,LIBRES3,LIBRES4,LIBRES5,LIBRES6,LIBRES9,TUITPL,TUITPL1,TUITPL2,TUITPL3,TUITPL4,DSTNUGC,DSTNUGP,DSTNUGN,DSTNGC,DSTNGP,DSTNGN,DISTCRS,DISTPGS,DSTNCED1,DSTNCED2,DSTNCED3,DISTNCED,DISAB,XDISABPC,DISABPCT,ALLONCAM,TUITVARY,ROOM,XROOMCAP,ROOMCAP,BOARD,XMEALSWK,MEALSWK,XROOMAMT,ROOMAMT,XBORDAMT,BOARDAMT,XRMBDAMT,RMBRDAMT,XAPPFEEU,APPLFEEU,XAPPFEEG,APPLFEEG,ATHASSOC,ASSOC1,ASSOC2,ASSOC3,ASSOC4,ASSOC5,ASSOC6,SPORT1,CONFNO1,SPORT2,CONFNO2,SPORT3,CONFNO3,SPORT4,CONFNO4 ,PEO7ISTR,NONCRDT1,NONCRDT2,NONCRDT3,NONCRDT4,NONCRDT5,NONCRDT6,NONCRDT7,NONCRDT8,NONCRDT9,SLO521,SLOA,SLOB,PRMPGM,TUITVRY1,TUITVRY2,TUITVRY3,CONFNO4,ENRHSST,ENRHSST1,ENRHSST2
2020,100858,0,1,1,0,0,0,1,2,0,-2,1,0,1,0,0,0,1,1,1,1,0,1,1,1,1,1,1,1,1,1,1,1,1,2,1,1,1,1,1,0,1,0,1,0,1,1,1,1,1,0,1,1,0,1,0,-2,0,1,1,1,0,0,1,1,1,1,1,1,0,1,0,0,1,0,1,1,0,1,1,0,1,1,1,1,0,2,2,R,8 ,2,1,1,R,4823,2,A,.,R,8192,R,5586,A,.,R,50,R,60,1,1,0,0,0,0,0,1,130,1,130,1,130,1,130,,,,,,,,,,,,,,,,,,,,,
2020,110404,0,1,0,0,0,0,3,-2,-2,-2,0,0,0,0,0,0,1,0,1,1,0,1,0,0,2,1,1,1,2,2,1,-2,-2,2,1,0,1,0,0,0,0,0,0,1,1,1,0,1,1,0,0,0,0,0,0,-2,0,1,1,1,0,0,1,1,1,1,1,1,0,1,0,0,1,0,1,0,0,1,0,0,1,0,1,1,0,2,2,R,6 ,2,2,1,R,1547,2,A,.,R,10095,R,7242,A,.,R,75,R,100,1,1,0,0,0,0,0,2,-2,1,197,1,197,1,197,,,,,,,,,,,,,,,,,,,,,
2020,110635,0,1,0,0,0,0,1,2,0,-2,0,0,0,0,0,0,1,1,1,1,0,1,1,0,1,1,1,1,1,1,1,1,1,2,1,0,1,1,0,0,0,0,1,0,1,1,1,1,1,0,1,1,0,0,0,-2,0,1,1,1,1,0,1,1,1,1,1,1,0,1,0,0,1,0,1,0,0,1,1,0,1,1,1,1,0,2,2,R,9 ,2,1,1,R,10104,2,A,.,A,.,A,.,R,20530,R,70,R,120,1,1,0,0,0,0,0,1,127,1,127,1,127,1,127,,,,,,,,,,,,,,,,,,,,,
2020,110644,0,1,0,0,0,0,1,2,0,-2,0,0,0,0,0,0,1,1,1,1,0,1,1,0,2,1,1,1,1,1,1,1,1,2,1,0,1,0,1,0,1,0,1,0,1,1,1,1,1,0,1,0,0,1,0,-2,0,1,1,1,1,0,1,1,1,1,1,1,0,1,0,0,1,0,1,0,0,1,1,0,1,1,1,1,0,2,1,A,. ,2,1,1,R,8284,2,A,.,A,.,A,.,R,17238,R,70,R,120,1,1,0,0,0,0,0,1,105,1,109,1,109,1,109,,,,,,,,,,,,,,,,,,,,,
2020,110653,0,1,1,0,0,0,1,2,0,-2,0,0,0,0,0,0,1,1,1,0,0,1,1,0,2,1,1,1,1,1,1,1,1,2,1,0,1,1,1,0,0,0,1,0,1,1,0,1,1,0,1,1,0,1,0,-2,1,1,1,1,1,0,1,1,1,1,1,1,0,1,0,0,1,0,1,0,0,1,1,0,1,1,1,1,0,2,2,R,6 ,2,1,1,R,13000,2,A,.,A,.,A,.,R,16677,R,70,R,120,1,1,0,0,0,0,0,2,-2,1,109,1,109,1,109,,,,,,,,,,,,,,,,,,,,,
2020,110662,0,1,0,0,0,0,1,2,0,-2,0,0,0,0,0,0,1,0,1,1,0,1,1,0,2,1,1,1,1,1,1,1,1,2,1,0,1,1,1,0,1,0,1,0,1,1,1,1,1,0,0,0,0,0,0,-2,0,1,1,1,1,0,1,1,1,1,1,1,0,1,0,0,1,0,1,0,0,1,1,0,1,1,1,1,0,2,2,R,4 ,2,1,1,R,19093,1,R,19,A,.,A,.,R,17599,R,70,R,120,1,1,0,0,0,0,0,1,127,1,127,1,127,1,127,,,,,,,,,,,,,,,,,,,,,
2020,110671,0,1,0,0,0,0,1,2,0,-2,0,0,0,0,0,0,1,0,1,0,0,1,1,0,2,1,1,1,1,1,1,1,1,2,1,1,1,1,1,0,1,0,1,0,0,0,0,0,1,1,1,1,0,1,0,-2,0,1,1,1,1,0,1,1,1,1,1,1,0,1,0,0,1,0,1,0,0,1,1,0,1,1,1,1,0,2,1,A,. ,2,1,1,R,7400,2,A,.,A,.,A,.,R,16261,R,70,R,105,1,1,0,0,0,0,0,2,-2,1,109,1,109,1,109,,,,,,,,,,,,,,,,,,,,,
2020,110680,0,1,0,0,0,0,1,2,0,-2,0,0,0,0,0,0,1,0,1,0,0,1,1,0,2,1,1,1,1,1,1,1,1,2,1,0,1,1,1,0,0,0,1,0,0,0,0,0,1,0,1,1,0,1,0,-2,0,1,1,1,1,0,1,1,1,1,1,1,0,1,0,0,1,0,1,0,0,1,0,0,1,0,1,1,0,2,1,A,. ,2,1,1,R,17598,2,A,.,A,.,A,.,R,15336,R,70,R,105,1,1,0,0,0,0,0,2,-2,1,109,1,109,1,109,,,,,,,,,,,,,,,,,,,,,
2020,110705,0,1,0,0,0,0,1,2,0,-2,0,0,0,0,0,0,1,1,1,0,0,1,0,0,2,1,1,1,1,1,1,-2,-2,2,1,1,1,1,0,0,1,0,1,0,1,1,0,0,1,0,1,0,0,1,0,-2,0,1,1,1,1,0,1,1,1,1,1,1,0,2,0,0,0,0,1,0,0,1,0,0,1,0,1,1,0,2,2,R,5 ,2,1,1,R,9665,1,R,19,A,.,A,.,R,15903,R,70,R,120,1,1,0,0,0,0,0,2,-2,1,109,1,109,1,109,,,,,,,,,,,,,,,,,,,,,
2020,110714,0,1,0,0,0,0,1,2,0,-2,0,0,0,0,0,0,1,1,1,0,0,1,0,0,2,1,1,1,1,1,1,-2,-2,2,1,0,1,1,0,0,1,0,1,0,0,0,0,0,1,0,1,1,0,1,0,-2,1,1,1,1,1,0,1,1,1,1,1,1,0,1,0,0,1,0,1,0,0,0,0,1,1,0,1,0,0,2,2,R,11 ,2,1,1,R,9291,2,A,.,A,.,A,.,R,18866,R,70,R,120,1,1,0,0,0,0,0,2,-2,1,170,2,-2,1,170,,,,,,,,,,,,,,,,,,,,,
2020,121150,0,1,0,0,0,0,4,-2,-2,74,0,0,0,0,0,0,1,1,1,0,0,1,1,0,1,1,1,1,1,1,1,1,1,2,1,0,1,1,0,0,1,0,1,0,1,1,0,1,1,1,1,1,0,1,0,-2,1,1,1,1,0,0,1,1,1,1,1,1,0,1,0,0,1,0,1,1,0,1,1,0,1,1,1,1,0,2,2,R,11 ,2,2,1,R,2585,2,A,.,A,.,A,.,R,16160,R,65,R,65,1,1,0,0,0,0,0,2,-2,1,136,1,136,1,136,,,,,,,,,,,,,,,,,,,,,
2020,122931,0,1,0,0,0,0,4,-2,-2,30,0,0,0,0,0,0,1,1,1,1,0,1,1,0,2,1,1,1,1,1,1,1,1,2,1,0,1,1,0,0,0,0,1,0,1,1,1,1,1,1,1,1,0,1,0,-2,0,1,1,0,1,0,1,1,1,1,1,1,0,1,0,0,1,0,0,0,1,1,1,0,1,1,0,1,0,2,2,R,16 ,2,2,1,R,3537,2,A,.,A,.,A,.,R,15972,R,75,R,73,1,1,0,0,0,0,0,2,-2,1,136,1,136,1,136,,,,,,,,,,,,,,,,,,,,,
2020,123961,0,1,0,0,0,0,3,-2,-2,-2,0,0,0,0,0,0,1,1,1,1,0,1,1,1,1,1,1,1,1,2,1,1,1,2,1,1,1,1,1,0,0,0,1,0,1,1,1,1,1,0,0,0,0,0,0,-2,0,1,1,1,1,0,1,1,1,1,1,1,0,1,0,1,1,0,0,0,1,1,1,0,1,1,0,1,0,2,1,A,. ,2,2,1,R,8700,2,A,.,R,9900,R,6498,A,.,R,85,R,90,1,1,0,0,0,0,0,1,127,1,127,1,127,1,127,,,,,,,,,,,,,,,,,,,,,
2020,126614,0,1,0,0,0,0,1,2,0,-2,0,0,0,0,0,0,1,0,1,0,0,1,1,0,1,1,1,1,1,1,1,1,1,2,1,1,1,1,1,0,1,0,1,0,1,1,1,1,1,0,1,1,0,1,0,-2,0,1,1,1,1,0,1,1,1,1,1,1,0,1,1,0,1,0,1,1,0,1,1,0,1,1,1,1,0,2,1,A,. ,2,1,1,R,7550,1,R,19,A,.,A,.,R,15220,R,50,R,60,1,1,0,0,0,0,0,1,127,1,127,2,-2,1,127,,,,,,,,,,,,,,,,,,,,,
2020,126775,0,1,0,0,0,0,1,2,0,-2,0,0,0,0,0,0,1,1,1,1,0,1,0,0,1,1,1,1,1,1,1,-2,-2,2,0,1,1,1,1,0,1,0,1,0,1,1,0,1,1,0,1,1,1,0,0,-2,1,1,1,1,0,0,1,1,1,1,1,1,0,1,0,0,1,0,1,0,0,1,1,0,1,1,1,1,0,2,2,R,6 ,2,1,1,R,2483,2,A,.,R,8800,R,5920,A,.,R,45,R,60,1,1,0,0,0,0,0,1,159,1,159,1,159,1,159,,,,,,,,,,,,,,,,,,,,,
2020,129020,0,1,0,0,0,0,1,2,0,-2,0,0,0,0,1,0,1,1,1,1,0,1,1,0,1,1,1,1,1,1,1,1,1,2,1,0,1,1,0,0,1,0,1,0,1,1,0,1,1,0,1,1,0,1,0,-2,0,1,1,1,1,0,1,1,1,1,1,1,0,1,0,0,1,0,1,0,0,1,1,0,1,1,1,1,0,2,2,R,17 ,2,1,1,R,12040,2,A,.,R,7238,R,6020,A,.,R,80,R,75,1,1,0,0,0,0,0,1,104,1,104,1,104,1,104,,,,,,,,,,,,,,,,,,,,,
2020,130794,0,1,0,0,0,0,3,-2,-2,-2,0,0,0,0,0,0,1,1,1,1,0,1,1,1,1,1,1,1,1,2,1,1,1,2,1,0,1,1,1,0,0,0,1,0,1,0,1,1,1,0,0,0,0,0,0,-2,0,1,1,1,1,0,1,1,1,1,1,1,0,1,0,0,1,0,1,0,0,1,0,0,1,0,1,1,0,2,2,R,16 ,1,2,1,R,5576,2,A,.,R,9750,R,7450,A,.,R,80,R,105,1,1,0,0,0,0,0,1,117,1,117,1,117,1,117,,,,,,,,,,,,,,,,,,,,,
2020,130943,0,1,1,0,0,0,1,9,0,-2,0,0,0,0,1,0,1,0,1,0,0,1,1,0,4,1,1,1,1,1,1,1,2,2,1,0,1,1,1,0,1,0,1,0,1,1,0,1,1,0,1,1,0,1,0,-2,1,1,1,1,0,0,1,1,1,1,1,1,0,1,0,0,1,0,1,1,0,1,1,0,1,1,1,1,0,2,2,R,12 ,2,1,1,R,6886,1,R,19,R,8152,R,5320,A,.,R,75,R,75,1,1,0,0,0,0,0,1,110,1,110,1,110,1,110,,,,,,,,,,,,,,,,,,,,,
2020,131159,0,1,0,0,0,0,4,-2,-2,71,1,0,1,0,1,0,1,1,1,0,0,1,1,0,1,1,1,1,1,1,1,1,1,2,1,0,1,1,1,0,1,0,1,0,1,1,0,1,1,1,1,1,0,1,0,-2,1,1,1,0,1,0,1,1,1,1,1,1,0,1,0,1,1,0,1,1,0,1,1,0,1,1,1,1,0,2,2,R,9 ,2,2,1,R,4219,2,A,.,R,10096,R,6100,A,.,R,75,R,65,1,1,0,0,0,0,0,2,-2,1,128,2,-2,1,128,,,,,,,,,,,,,,,,,,,,,
2020,131469,0,1,1,0,0,0,3,-2,-2,-2,0,0,0,1,1,1,1,1,1,1,0,1,1,0,1,1,1,1,1,1,1,1,1,2,1,0,1,1,0,0,1,0,1,0,1,0,1,0,1,0,1,1,0,1,0,-2,0,1,1,1,0,0,1,1,1,1,1,1,0,1,0,0,1,0,1,1,0,1,1,0,1,1,1,1,0,2,2,R,9 ,2,2,1,R,7181,2,A,.,R,15360,R,3140,A,.,R,80,R,80,1,1,0,0,0,0,0,2,-2,1,103,1,103,1,103,,,,,,,,,,,,,,,,,,,,,
2020,131496,1,1,1,1,0,0,4,-2,-2,30,0,0,0,1,0,0,1,1,1,1,0,1,1,0,1,1,1,1,1,1,1,1,1,2,1,1,1,1,1,0,1,0,1,0,1,1,1,1,1,1,0,0,0,0,0,-2,0,1,1,1,0,0,1,1,1,1,1,1,0,1,0,0,1,0,1,0,0,1,1,0,1,1,1,1,0,2,2,R,12 ,1,2,1,R,5546,2,A,.,R,11208,R,6970,A,.,R,75,R,90,1,1,0,0,0,0,0,1,128,1,104,1,104,1,104,,,,,,,,,,,,,,,,,,,,,
2020,131520,0,1,0,0,0,0,3,-2,-2,-2,0,0,0,0,0,1,1,1,1,1,0,1,1,0,1,1,1,1,1,1,1,1,1,2,1,0,1,0,0,0,1,0,1,0,1,1,0,1,1,0,1,0,0,1,0,-2,1,1,1,1,0,0,1,1,1,1,1,1,0,1,0,0,1,0,1,0,0,1,1,0,1,1,1,1,0,2,2,R,8 ,1,2,1,R,5230,1,R,19,A,.,A,.,R,15650,R,45,R,75,1,1,0,0,0,0,0,1,121,1,121,2,-2,1,121,,,,,,,,,,,,,,,,,,,,,
2020,133951,0,1,0,0,0,0,1,2,0,-2,0,0,0,0,1,0,1,1,1,1,0,1,1,0,1,1,1,1,1,1,1,1,1,2,0,1,1,1,1,0,1,0,1,0,1,1,0,1,1,1,1,0,0,1,0,-2,0,1,1,1,1,0,1,1,1,1,1,1,0,1,0,1,1,0,1,1,0,1,1,0,1,1,1,1,0,2,2,R,7 ,2,1,1,R,3710,2,A,.,R,7488,R,3468,A,.,R,30,R,30,1,1,0,0,0,0,0,1,111,1,111,1,111,1,111,,,,,,,,,,,,,,,,,,,,,
2020,134097,0,1,1,1,0,0,1,2,0,-2,0,0,0,0,1,0,1,0,1,1,0,1,1,0,1,1,1,1,1,1,1,1,1,2,1,1,1,1,1,0,1,1,1,0,1,1,1,1,1,0,1,1,0,0,0,-2,0,1,1,1,1,0,1,1,1,1,1,1,0,1,0,1,1,0,1,0,0,1,1,0,1,1,1,1,0,2,2,R,8 ,2,1,1,R,6709,1,R,99,R,6880,R,4396,A,.,R,30,R,30,1,1,0,0,0,0,0,1,102,1,102,1,102,1,102,,,,,,,,,,,,,,,,,,,,,
2020,134130,0,1,0,0,0,0,1,2,0,-2,1,0,1,1,1,0,1,1,1,1,0,1,1,0,1,1,1,1,1,1,1,1,1,2,1,1,1,1,1,0,1,0,1,0,1,1,1,1,1,1,1,1,0,1,0,-2,1,1,1,1,1,0,1,1,1,1,1,1,0,1,0,1,0,0,1,1,0,1,1,0,1,1,1,1,0,2,2,R,10 ,2,1,1,R,10161,2,A,.,R,5990,R,4600,A,.,R,30,R,30,1,1,0,0,0,0,0,1,130,1,130,1,130,1,130,,,,,,,,,,,,,,,,,,,,,
2020,135726,1,1,1,0,0,0,3,-2,-2,-2,1,0,1,0,0,0,1,1,1,1,0,1,1,0,1,1,1,1,1,1,1,1,1,2,1,1,1,1,1,0,1,0,1,0,1,1,0,1,1,1,1,1,0,1,0,-2,1,1,1,1,1,0,1,1,1,1,1,1,0,1,0,0,1,0,1,0,0,1,1,0,1,1,1,1,0,2,2,R,5 ,2,2,1,R,5157,1,R,19,R,8900,R,6570,A,.,R,70,R,85,1,1,0,0,0,0,0,1,102,1,102,1,102,1,102,,,,,,,,,,,,,,,,,,,,,
2020,137351,0,1,0,0,0,0,1,2,4,-2,0,0,0,0,1,0,1,0,1,1,0,1,1,0,1,1,1,1,1,1,1,1,1,2,1,1,1,1,1,0,1,0,1,0,1,1,1,1,1,1,1,0,0,1,0,-2,0,1,1,1,1,0,1,1,1,1,1,1,0,1,0,1,0,0,1,1,0,1,1,0,1,1,1,1,0,2,1,A,. ,2,1,1,R,7208,2,A,.,R,8156,R,4100,A,.,R,30,R,30,1,1,0,0,0,0,0,1,372,1,372,1,372,1,372,,,,,,,,,,,,,,,,,,,,,
2020,139658,1,1,1,1,0,0,4,-2,-2,71,0,0,0,0,0,0,1,1,1,1,0,1,1,0,1,1,1,1,1,1,1,1,1,2,1,0,0,1,0,0,1,0,1,0,0,0,0,0,1,1,0,0,0,0,0,-2,0,1,1,1,1,0,1,1,1,1,1,1,0,1,0,0,1,0,1,0,0,1,0,0,1,0,1,1,0,2,2,R,8 ,2,2,1,R,4813,2,A,.,R,8984,R,6258,A,.,R,75,R,75,1,1,0,0,0,0,0,2,-2,1,200,1,200,1,200,,,,,,,,,,,,,,,,,,,,,
2020,139755,0,1,0,0,0,0,1,2,0,-2,0,0,0,0,0,0,1,0,1,0,0,1,0,0,1,1,1,1,1,1,1,-2,-2,2,1,0,1,1,0,0,1,0,1,0,1,1,1,1,1,1,0,0,0,0,0,-2,0,1,1,1,1,0,1,1,1,1,1,1,0,1,0,0,1,0,1,0,0,1,1,0,1,1,1,1,0,2,2,R,6 ,2,1,1,R,8796,1,R,28,R,6918,R,5328,A,.,R,75,R,75,1,1,0,0,0,0,0,1,102,1,102,1,102,1,102,,,,,,,,,,,,,,,,,,,,,
2020,139959,0,1,0,0,0,0,1,2,0,-2,1,0,1,1,0,0,1,1,1,1,0,1,1,0,1,1,1,1,1,1,1,1,1,2,1,0,1,1,1,0,1,0,1,0,1,1,0,1,1,0,1,1,0,0,0,-2,1,1,1,1,1,0,1,1,1,1,1,1,0,1,0,0,1,0,1,1,0,1,1,0,1,1,1,1,0,2,2,R,5 ,2,1,1,R,10050,1,R,21,R,6292,R,4036,A,.,R,70,R,75,1,1,0,0,0,0,0,1,130,1,130,1,130,1,130,,,,,,,,,,,,,,,,,,,,,
2020,144050,0,1,1,0,0,0,3,-2,-2,-2,0,0,0,0,0,0,1,1,1,1,0,1,1,0,2,1,1,1,1,2,1,1,1,2,1,0,1,1,1,0,1,0,1,0,1,1,0,1,1,0,1,1,0,1,0,-2,0,1,1,1,0,0,1,1,1,1,1,1,0,1,0,0,1,0,0,0,1,1,0,0,1,0,0,1,0,2,2,R,10 ,1,2,1,R,4532,2,A,.,A,.,A,.,R,17004,R,75,R,90,1,1,0,0,0,0,0,1,182,1,200,1,182,1,200,,,,,,,,,,,,,,,,,,,,,
2020,145600,0,1,1,0,0,1,1,2,0,-2,0,0,0,0,0,0,1,1,1,1,0,1,1,0,1,1,1,1,1,1,1,1,1,2,0,1,1,1,1,0,1,1,1,0,1,1,1,1,1,1,1,1,0,1,0,-2,1,1,1,1,1,0,1,1,1,1,1,1,0,1,1,0,1,0,1,1,0,1,1,0,1,1,1,1,0,2,2,R,5 ,2,1,1,R,3510,2,A,.,R,8263,R,4505,A,.,R,60,R,70,1,1,0,0,0,0,0,2,-2,1,122,1,122,1,122,,,,,,,,,,,,,,,,,,,,,
2020,145637,1,1,1,0,0,1,1,2,0,-2,0,0,0,0,0,0,1,0,1,1,0,1,1,0,1,1,1,1,1,1,1,1,1,2,0,1,1,1,1,0,1,0,1,0,1,1,1,1,1,0,1,1,0,1,0,-2,0,1,1,1,1,0,1,1,1,1,1,1,0,1,1,0,1,0,1,1,0,1,1,0,1,1,1,1,0,2,2,R,8 ,1,1,1,R,15007,2,A,.,A,.,A,.,R,12252,R,50,R,70,1,1,0,0,0,0,0,1,107,1,107,1,107,1,107,,,,,,,,,,,,,,,,,,,,,
2020,147767,0,1,0,0,0,0,3,-2,-2,-2,0,0,0,1,0,0,1,1,1,1,0,1,1,0,2,1,1,1,1,2,1,1,1,2,1,0,0,1,0,0,0,0,1,0,1,0,1,0,1,1,1,1,0,1,0,-2,0,1,1,1,0,0,1,1,1,1,1,1,0,1,0,0,1,0,0,0,1,1,1,0,1,1,0,1,0,2,2,R,9 ,2,2,1,R,4114,1,R,14,R,10878,R,6738,A,.,R,75,R,95,1,1,0,0,0,0,0,1,107,1,107,1,107,1,107,,,,,,,,,,,,,,,,,,,,,
2020,151351,1,1,1,1,1,0,1,2,0,-2,1,0,1,1,1,0,1,1,1,0,0,1,1,0,1,1,1,1,1,1,1,1,1,2,1,1,1,1,1,0,1,1,1,0,1,1,0,1,1,0,1,1,0,1,0,-2,1,1,1,1,1,0,1,1,1,1,1,1,0,1,0,0,1,0,1,1,0,1,1,0,1,1,1,1,0,2,1,A,. ,2,1,1,R,12461,2,A,.,R,7505,R,3700,A,.,R,65,R,70,1,1,0,0,0,0,0,1,107,1,107,1,107,1,107,,,,,,,,,,,,,,,,,,,,,
2020,152080,0,1,0,0,0,0,4,-2,-2,30,0,0,0,0,0,0,1,0,1,0,0,1,1,0,1,1,1,1,1,2,1,1,1,2,1,0,1,1,1,0,0,0,1,0,1,1,1,1,1,1,1,1,0,0,0,-2,0,1,1,1,0,0,1,1,1,1,1,1,0,1,0,0,1,0,1,0,0,1,1,0,1,1,1,1,0,2,2,R,8 ,2,2,1,R,7103,1,R,21,A,.,A,.,R,15984,R,75,R,75,1,1,0,0,0,0,0,1,113,1,102,1,102,1,102,,,,,,,,,,,,,,,,,,,,,
2020,160472,1,0,-2,0,0,0,2,-2,-2,-2,1,1,1,1,0,0,-2,-2,-2,-2,0,-2,-2,-2,7,1,1,-2,1,1,-2,-2,-2,1,1,0,0,0,0,0,0,0,0,1,0,0,0,0,0,0,-2,-2,-2,-2,1,-2,1,1,0,1,0,0,1,1,1,0,1,0,0,1,1,1,1,0,0,0,1,-2,-2,-2,0,0,0,-2,1,2,1,A,. ,2,-2,2,A,.,3,A,.,A,.,A,.,A,.,R,0,A,.,-2,-2,-2,-2,-2,-2,-2,-2,-2,-2,-2,-2,-2,-2,-2,,,,,,,,,,,,,,,,,,,,,
2020,160755,0,1,1,0,0,0,3,-2,-2,-2,0,0,0,0,1,0,1,1,1,0,0,1,1,0,1,1,1,1,1,2,1,1,1,2,1,0,1,0,1,0,1,0,1,0,1,1,1,1,1,1,1,1,0,1,0,-2,0,1,1,1,1,0,1,1,1,1,1,1,0,1,0,1,1,0,1,0,0,1,1,0,1,1,1,1,0,2,2,R,16 ,2,2,1,R,3957,2,A,.,R,9282,R,6950,A,.,R,0,R,50,1,1,0,0,0,0,0,1,372,1,372,1,372,1,372,,,,,,,,,,,,,,,,,,,,,
2020,162928,0,1,1,1,0,0,3,-2,-2,-2,0,0,0,0,0,1,1,1,1,1,0,1,1,0,1,1,1,1,1,2,1,1,1,2,1,0,1,0,0,0,1,0,1,0,1,1,0,0,1,1,1,1,0,1,0,-2,0,1,1,1,0,0,1,1,1,1,1,1,0,1,0,1,1,0,1,0,0,1,1,0,1,1,1,1,0,2,2,R,9 ,2,2,1,R,2762,1,R,19,R,6431,R,4664,A,.,R,70,R,75,1,1,0,0,0,0,0,1,165,1,165,1,165,1,165,,,,,,,,,,,,,,,,,,,,,
2020,163286,0,1,0,0,0,0,1,2,0,-2,0,0,0,0,0,1,1,1,1,1,0,1,1,0,1,1,1,1,1,1,1,1,1,2,1,1,1,1,1,0,1,0,1,0,1,1,0,1,1,0,1,0,0,1,0,-2,1,1,1,1,0,0,1,1,1,1,1,1,0,1,0,1,1,0,1,0,0,1,1,0,1,1,1,1,0,2,1,A,. ,2,1,1,R,12025,2,A,.,R,7756,R,5500,A,.,R,75,R,75,1,1,0,0,0,0,0,1,107,1,107,1,107,1,107,,,,,,,,,,,,,,,,,,,,,
2020,164924,0,1,0,0,0,0,4,-2,-2,30,1,0,1,0,0,0,1,1,1,1,0,1,1,0,1,1,1,1,1,2,1,1,1,2,1,1,1,1,1,0,0,0,1,0,1,1,1,1,1,1,1,1,0,1,0,-2,0,1,1,1,1,0,1,1,1,1,1,1,0,1,0,0,1,0,1,0,0,1,1,0,1,1,1,1,0,2,2,R,7 ,2,2,1,R,7611,2,A,.,R,9540,R,5680,A,.,R,80,R,75,1,1,0,0,0,0,0,1,102,1,102,1,102,1,102,,,,,,,,,,,,,,,,,,,,,
2020,164988,0,1,0,0,0,0,3,-2,-2,-2,1,0,1,1,0,1,1,1,1,1,0,1,1,0,1,1,1,1,1,1,1,1,1,2,1,0,1,1,1,0,0,0,1,0,1,1,1,1,1,1,1,1,0,1,0,-2,0,1,1,1,0,0,1,1,1,1,1,1,0,1,0,1,1,0,1,1,0,1,1,0,1,1,1,1,0,2,1,A,. ,2,2,1,R,10551,2,A,.,R,10990,R,5650,A,.,R,80,R,95,1,1,0,0,0,0,0,2,-2,1,128,2,-2,1,128,,,,,,,,,,,,,,,,,,,,,
2020,165015,0,1,0,0,0,0,3,-2,-2,-2,0,0,0,0,0,0,1,0,1,1,0,1,0,0,1,1,1,1,1,2,1,-2,-2,2,1,0,0,0,1,0,0,0,1,0,1,1,0,1,1,0,1,1,0,0,0,-2,1,1,1,1,0,0,1,1,1,1,1,1,0,1,0,1,1,0,1,0,0,1,1,0,1,1,1,1,0,2,2,R,14 ,2,2,1,R,2950,1,R,19,R,9060,R,7020,A,.,R,80,R,75,1,1,0,0,0,0,0,2,-2,1,200,1,200,1,200,,,,,,,,,,,,,,,,,,,,,
2020,166027,0,1,1,0,0,0,3,-2,-2,-2,0,0,0,0,1,0,1,1,1,1,0,1,1,0,1,1,1,1,1,1,1,1,1,2,1,0,1,1,0,0,0,0,1,0,1,1,1,1,1,1,1,1,1,1,0,-2,1,1,1,1,0,0,1,1,1,1,1,1,0,1,0,1,1,0,1,1,0,1,1,0,1,1,1,1,0,2,2,R,10 ,1,2,1,R,13694,2,A,.,R,11364,R,7025,A,.,R,75,R,105,1,1,0,0,0,0,0,1,117,1,117,1,117,1,117,,,,,,,,,,,,,,,,,,,,,
2020,166629,1,1,1,0,0,0,1,2,0,-2,1,0,1,0,1,0,1,1,1,1,0,1,1,0,1,1,1,1,1,1,1,1,2,2,1,1,1,1,1,0,1,1,1,0,1,1,0,1,1,1,1,1,0,1,0,-2,0,1,1,1,1,0,1,1,1,1,1,1,0,1,0,0,1,0,1,1,0,1,1,0,1,1,1,1,0,2,2,R,9 ,2,1,1,R,14015,2,A,.,R,7462,R,5867,A,.,R,80,R,80,1,1,0,0,0,0,0,1,327,1,103,1,103,1,103,,,,,,,,,,,,,,,,,,,,,
2020,166683,0,1,0,0,0,0,3,-2,-2,-2,0,0,0,0,0,0,1,0,1,0,0,1,0,0,4,1,1,1,1,2,1,-2,-2,2,1,1,1,1,1,0,0,0,1,0,1,1,1,1,1,0,1,1,1,1,0,-2,0,1,1,1,1,0,1,1,1,1,1,1,0,1,0,0,1,0,0,0,1,1,0,0,1,0,0,1,0,2,2,R,8 ,2,2,1,R,5965,2,A,.,A,.,A,.,R,16000,R,75,R,75,1,1,0,0,0,0,0,1,186,1,186,1,186,1,186,,,,,,,,,,,,,,,,,,,,,
2020,167358,0,1,1,0,0,0,3,-2,-2,-2,0,0,0,0,0,0,1,0,1,1,0,1,1,0,1,1,1,1,1,2,1,1,1,2,1,0,1,1,1,0,1,0,1,0,1,1,1,1,1,0,1,1,0,1,0,-2,1,1,1,1,1,0,1,1,1,1,1,1,0,1,0,0,1,0,1,0,0,1,1,0,1,1,1,1,0,2,1,A,. ,2,2,1,R,10011,1,R,17,R,9570,R,7910,A,.,R,75,R,75,1,1,0,0,0,0,0,2,-2,1,110,1,110,1,110,,,,,,,,,,,,,,,,,,,,,
2020,168148,0,1,1,0,0,0,3,-2,-2,-2,1,0,1,0,0,1,1,1,1,1,0,1,1,0,1,1,1,1,1,1,1,1,1,2,1,0,1,0,0,0,0,0,1,0,1,1,1,1,1,0,1,1,0,1,0,-2,0,1,1,1,0,0,1,1,1,1,1,1,0,1,0,1,1,0,1,0,0,1,1,0,1,1,1,1,0,2,2,R,14 ,2,2,1,R,4070,1,R,99,R,8516,R,7114,A,.,R,75,R,85,1,1,0,0,0,0,0,1,185,1,185,1,185,1,185,,,,,,,,,,,,,,,,,,,,,
2020,168421,0,1,0,0,0,0,3,-2,-2,-2,0,0,0,0,0,0,1,1,1,1,0,1,0,0,1,1,1,1,1,2,1,-2,-2,2,1,0,1,0,0,0,1,0,1,0,1,1,1,1,1,0,1,1,0,1,0,-2,0,1,1,1,0,0,1,1,1,1,1,1,0,1,0,1,1,0,1,0,0,1,1,0,1,1,1,1,0,2,2,R,14 ,2,2,1,R,2217,1,R,19,R,8990,R,6830,A,.,R,65,R,70,1,1,0,0,0,0,0,1,186,1,186,1,186,1,186,,,,,,,,,,,,,,,,,,,,,
2020,170976,0,1,0,0,0,0,1,2,0,-2,0,0,0,0,0,0,1,1,1,1,0,1,1,0,3,1,1,1,1,1,1,1,1,2,1,1,1,1,1,0,1,0,1,0,1,1,1,1,1,1,1,1,0,1,0,-2,0,1,1,1,1,0,1,1,1,1,1,1,0,1,0,0,1,0,1,1,0,1,1,0,1,1,1,1,0,2,2,R,7 ,2,1,1,R,12242,2,A,.,A,.,A,.,R,12034,R,75,R,75,1,1,0,0,0,0,0,1,107,1,107,1,107,1,107,,,,,,,,,,,,,,,,,,,,,
2020,171100,0,1,0,0,0,0,1,2,0,-2,0,0,0,1,0,0,1,1,1,1,0,1,1,0,1,1,1,1,1,1,1,1,1,2,1,0,1,1,1,0,1,0,1,0,1,1,0,1,1,1,0,0,0,0,0,-2,1,1,1,1,0,0,1,1,1,1,1,1,0,1,0,0,1,0,1,0,0,1,1,0,1,1,1,1,0,2,2,R,5 ,2,1,1,R,17445,2,A,.,R,4374,R,6148,A,.,R,65,R,65,1,1,0,0,0,0,0,1,107,1,107,1,107,1,107,,,,,,,,,,,,,,,,,,,,,
2020,174066,0,1,1,1,0,0,1,2,0,-2,1,0,1,1,0,1,1,1,1,0,0,1,1,0,1,1,1,1,1,1,1,1,1,2,0,1,1,1,1,0,1,1,1,0,1,1,1,1,1,1,1,1,0,1,0,-2,1,1,1,1,1,0,1,1,1,1,1,1,0,1,0,0,1,0,1,1,0,1,1,0,1,1,1,1,0,2,2,R,10 ,2,1,1,R,7414,2,A,.,R,6278,R,4490,A,.,R,55,R,75,1,1,0,0,0,0,1,1,107,1,107,1,107,1,107,,,,,,,,,,,,,,,,,,,,,
2020,179867,0,1,0,0,0,0,3,-2,-2,-2,1,1,1,1,1,1,1,1,1,1,0,1,1,0,1,1,1,1,1,1,1,1,1,2,1,0,1,1,0,0,0,0,1,0,1,1,0,1,1,1,1,1,0,1,0,-2,0,1,1,1,0,0,1,1,1,1,1,1,0,1,0,1,1,0,1,0,0,1,1,0,1,1,1,1,0,2,2,R,12 ,2,2,1,R,7134,2,A,.,R,12328,R,4875,A,.,R,75,R,45,1,1,0,0,0,0,1,1,200,1,200,1,200,1,200,,,,,,,,,,,,,,,,,,,,,
2020,182670,0,1,0,0,0,0,3,-2,-2,-2,0,0,0,0,0,0,1,0,1,0,0,1,1,0,2,1,1,1,1,2,1,1,1,2,1,0,0,1,0,0,0,0,0,1,1,1,0,0,1,0,0,0,0,0,0,-2,0,1,1,1,0,0,1,1,1,1,1,1,0,1,0,1,1,0,0,0,1,1,0,0,1,0,0,1,0,2,2,R,8 ,1,2,1,R,3733,1,R,99,R,10362,R,6660,A,.,R,80,R,50,1,1,0,0,0,0,0,1,117,1,117,1,117,1,117,,,,,,,,,,,,,,,,,,,,,
2020,185828,1,1,1,0,0,0,1,2,0,-2,0,0,0,0,0,0,1,1,1,0,0,1,0,0,1,1,1,1,1,1,1,-2,-2,2,1,1,1,1,1,0,1,0,1,0,1,1,0,1,1,1,1,1,0,0,0,-2,1,1,1,1,0,0,1,1,1,1,1,1,0,1,0,0,1,0,1,0,0,1,1,0,1,1,1,1,0,2,2,R,4 ,2,1,1,R,1960,2,A,.,A,.,A,.,R,12400,R,75,R,75,1,1,0,0,0,0,0,2,-2,1,101,1,101,1,101,,,,,,,,,,,,,,,,,,,,,
2020,186131,0,1,0,0,0,0,3,-2,-2,-2,1,0,1,0,0,0,1,0,1,0,0,1,0,0,1,1,1,1,1,2,2,-2,-2,2,1,0,1,1,0,0,0,0,1,0,1,1,1,1,1,0,1,1,0,0,0,-2,0,1,1,1,0,0,1,1,1,1,1,1,0,1,0,0,1,0,0,0,1,0,0,1,0,0,0,0,1,2,2,R,6 ,1,2,1,R,5113,2,A,.,R,9842,R,5500,A,.,R,70,R,95,1,1,0,0,0,0,0,1,117,1,117,1,117,1,117,,,,,,,,,,,,,,,,,,,,,
2020,186371,0,1,1,0,0,0,1,2,0,-2,0,0,0,0,0,0,1,1,1,1,0,1,1,0,1,1,1,1,1,1,1,1,1,2,1,1,1,1,1,0,1,0,1,0,1,1,0,1,1,1,1,1,0,0,0,-2,1,1,1,1,1,0,1,1,1,1,1,1,0,1,0,0,1,0,1,1,0,1,1,0,1,1,1,1,0,2,1,A,. ,2,1,1,R,824,2,A,.,R,8831,R,3860,A,.,R,70,R,70,1,1,0,0,0,0,0,2,-2,1,187,1,187,1,187,,,,,,,,,,,,,,,,,,,,,
2020,186380,0,1,1,0,0,0,1,2,0,-2,0,0,0,1,1,0,1,1,1,1,0,1,1,0,1,1,1,1,1,1,1,1,1,2,1,1,1,1,1,0,1,0,1,0,1,1,1,1,1,1,1,1,0,0,0,-2,1,1,1,1,1,0,1,1,1,1,1,1,0,1,0,0,1,0,1,1,0,1,1,0,1,1,1,1,0,2,1,A,. ,2,1,1,R,15862,2,A,.,R,7971,R,5104,A,.,R,70,R,70,1,1,0,0,0,0,0,1,107,1,107,1,107,1,107,,,,,,,,,,,,,,,,,,,,,
2020,186399,0,1,1,0,0,0,1,2,0,-2,0,0,0,0,0,0,1,1,1,1,0,1,1,0,1,1,1,1,1,1,1,1,1,2,1,1,1,1,1,0,1,0,1,0,1,1,0,1,1,1,1,1,0,0,0,-2,1,1,1,1,1,0,1,1,1,1,1,1,0,1,0,0,1,0,1,1,0,1,1,0,1,1,1,1,0,2,1,A,. ,2,1,1,R,2444,2,A,.,R,8615,R,5314,A,.,R,70,R,70,1,1,0,0,0,0,0,2,-2,1,187,1,187,1,187,,,,,,,,,,,,,,,,,,,,,
2020,186867,0,1,0,0,0,0,3,-2,-2,-2,0,0,0,0,0,0,1,1,1,0,0,1,0,0,1,1,1,1,1,2,1,-2,-2,2,1,0,1,0,0,0,1,0,1,0,1,1,0,1,1,0,0,0,0,0,0,-2,0,1,1,1,0,0,1,1,1,1,1,1,0,1,0,0,1,0,1,0,0,1,1,0,1,1,1,1,0,2,2,R,5 ,2,2,1,R,1319,2,A,.,R,9200,R,7060,A,.,R,70,R,60,1,1,0,0,0,0,0,1,181,1,181,1,181,1,181,,,,,,,,,,,,,,,,,,,,,
2020,190415,0,1,0,0,0,0,3,-2,-2,-2,0,0,0,0,0,0,1,1,1,0,0,1,1,0,1,1,1,1,1,2,1,1,1,2,1,0,1,1,1,0,0,0,1,0,1,1,1,1,1,0,0,0,0,0,0,-2,0,1,1,1,0,0,1,1,1,1,1,1,0,2,0,0,0,0,1,0,0,1,1,0,1,1,1,1,0,2,1,A,. ,2,1,1,R,7135,1,R,14,R,9534,R,6312,A,.,R,80,R,105,1,1,0,0,0,0,0,1,117,1,117,1,117,1,117,,,,,,,,,,,,,,,,,,,,,
2020,191241,0,1,1,0,0,0,4,-2,-2,30,0,0,0,0,0,0,1,1,1,1,0,1,1,0,1,1,1,1,1,1,1,1,1,2,1,1,1,1,1,0,0,1,1,0,1,1,1,1,1,1,1,1,0,1,0,-2,0,1,1,1,0,0,1,1,1,1,1,1,0,1,0,1,1,0,1,1,0,1,1,0,1,1,1,1,0,2,2,R,8 ,2,2,1,R,4842,2,A,.,A,.,A,.,R,19065,R,70,R,70,1,1,0,0,0,0,0,1,128,1,103,1,103,1,103,,,,,,,,,,,,,,,,,,,,,
2020,193900,1,1,1,0,0,0,3,-2,-2,-2,1,0,1,0,1,0,1,1,1,1,0,1,1,1,1,1,1,1,1,1,1,1,1,2,1,0,1,1,1,0,1,1,1,0,1,1,0,1,1,0,1,1,1,1,0,-2,0,1,1,1,0,0,1,1,1,1,1,1,0,1,0,1,1,1,1,1,0,1,1,0,1,1,1,1,0,2,2,R,9 ,2,2,1,R,12985,1,R,19,R,13953,R,5290,A,.,R,80,R,110,1,1,0,0,0,0,0,2,-2,1,200,1,200,1,200,,,,,,,,,,,,,,,,,,,,,
2020,194824,0,1,0,0,0,0,3,-2,-2,-2,0,0,0,0,0,0,1,0,1,0,0,1,0,0,1,1,1,1,1,2,1,-2,-2,2,1,0,1,1,0,0,1,0,1,0,1,1,1,1,1,0,0,0,0,0,0,-2,0,1,1,1,0,0,1,1,1,1,1,1,0,1,0,0,1,0,0,0,1,0,0,1,0,0,0,0,1,2,2,R,4 ,1,2,1,R,3930,1,R,21,R,8940,R,7014,A,.,R,70,R,75,1,1,0,0,0,0,0,1,201,1,201,1,201,1,201,,,,,,,,,,,,,,,,,,,,,
2020,195003,1,1,1,0,0,0,3,-2,-2,-2,1,0,1,1,1,0,1,1,1,0,0,1,0,0,1,1,1,1,1,1,1,-2,-2,2,1,1,1,1,1,0,1,1,1,0,1,1,1,1,1,1,1,1,0,1,0,-2,0,1,1,1,1,0,1,1,1,1,1,1,0,1,0,1,1,0,1,1,0,1,1,0,1,1,1,1,0,2,2,R,15 ,2,2,1,R,6527,2,A,.,R,8140,R,6100,A,.,R,65,R,65,1,1,0,0,0,0,0,2,-2,1,201,1,201,1,201,,,,,,,,,,,,,,,,,,,,,
2020,195030,0,1,1,1,0,0,3,-2,-2,-2,1,0,1,0,0,0,1,1,1,1,0,1,1,0,1,1,1,1,1,2,1,1,1,2,1,0,1,1,1,0,0,0,1,0,1,1,1,1,1,0,1,1,0,1,0,-2,1,1,1,1,0,0,1,1,1,1,1,1,0,1,0,0,1,0,1,1,0,1,1,0,1,1,1,1,0,2,1,A,. ,1,2,1,R,1350,2,A,.,R,10494,R,6570,A,.,R,50,R,50,1,1,0,0,0,0,0,1,200,1,200,1,200,1,200,,,,,,,,,,,,,,,,,,,,,
2020,196079,0,1,0,0,0,0,1,2,0,-2,0,0,0,0,0,0,1,0,1,1,0,1,1,0,1,1,1,1,1,1,1,1,1,2,0,1,1,1,1,0,1,0,1,0,1,1,0,1,1,1,1,1,0,1,0,-2,0,1,1,1,1,0,1,1,1,1,1,1,0,1,0,0,1,0,1,0,0,1,0,0,1,0,1,1,0,2,1,A,. ,2,1,1,R,7092,2,A,.,R,10206,R,5395,A,.,R,50,R,75,1,1,0,0,0,0,0,2,-2,1,101,1,101,1,101,,,,,,,,,,,,,,,,,,,,,
2020,196088,0,1,0,0,0,0,1,2,0,-2,0,0,0,1,1,0,1,1,1,1,0,1,1,0,1,1,1,1,1,1,1,1,1,2,1,1,1,1,1,0,1,0,1,0,0,0,0,0,1,0,1,1,0,0,0,-2,1,1,1,1,1,0,1,1,1,1,1,1,0,1,0,0,1,0,1,1,0,1,1,0,1,1,1,1,0,2,2,R,4 ,2,1,1,R,7962,1,R,17,R,8522,R,5614,A,.,R,50,R,75,1,1,0,0,0,0,0,1,119,1,119,2,-2,1,119,,,,,,,,,,,,,,,,,,,,,
2020,196097,1,1,1,1,0,0,1,2,0,-2,0,0,0,0,0,0,1,1,1,1,0,1,1,0,1,1,1,1,1,1,1,1,1,2,0,1,1,1,1,0,1,0,1,0,1,1,0,0,1,0,1,1,0,1,0,-2,1,1,1,1,1,0,1,1,1,1,1,1,0,1,0,0,1,0,1,1,0,1,1,0,1,1,1,1,0,2,2,R,6 ,2,1,1,R,10474,2,A,.,R,9532,R,5352,A,.,R,50,R,100,1,1,0,0,0,0,0,1,110,1,101,1,101,1,101,,,,,,,,,,,,,,,,,,,,,
2020,196413,1,1,1,1,0,0,3,-2,-2,-2,1,0,1,0,1,0,1,1,1,1,0,1,1,0,1,1,1,1,1,1,1,1,1,2,1,1,1,1,1,0,1,1,1,0,1,1,0,1,1,1,1,1,0,1,0,-2,1,1,1,1,1,0,1,1,1,1,1,1,0,1,0,1,1,0,1,1,0,1,1,0,1,1,1,1,0,2,2,R,13 ,2,2,1,R,8001,1,R,21,R,8766,R,7590,A,.,R,85,R,75,1,1,0,0,0,0,0,1,102,1,102,2,-2,1,102,,,,,,,,,,,,,,,,,,,,,
2020,197708,0,1,1,0,0,0,3,-2,-2,-2,0,0,0,0,1,0,1,0,1,1,0,1,1,0,1,1,1,1,1,1,1,1,2,2,1,0,0,0,0,0,1,0,1,0,0,0,0,0,1,1,1,1,0,1,0,-2,0,1,1,1,0,0,1,1,1,1,1,1,0,1,0,0,1,0,1,0,0,1,1,0,1,1,1,1,0,2,2,R,30 ,2,2,1,R,1645,2,A,.,R,9250,R,3500,A,.,R,65,R,50,1,1,0,0,0,0,0,2,-2,1,196,1,196,1,196,,,,,,,,,,,,,,,,,,,,,
2020,198419,0,1,0,0,0,0,4,-2,-2,71,0,0,0,0,0,0,1,1,1,1,0,1,1,0,1,1,1,1,1,2,1,1,1,2,1,0,0,1,0,0,0,0,1,0,1,1,1,1,1,0,1,0,0,1,0,-2,0,1,1,1,0,0,1,1,1,1,1,1,0,1,0,1,0,0,0,0,1,1,1,0,1,1,0,1,0,2,1,A,. ,1,2,1,R,5773,2,A,.,R,9164,R,6862,A,.,R,85,R,95,1,1,0,0,0,0,0,1,102,1,102,1,102,1,102,,,,,,,,,,,,,,,,,,,,,
2020,199120,1,1,1,1,0,0,1,2,0,-2,0,0,0,1,0,0,1,1,1,1,0,1,1,0,1,1,1,1,1,1,1,1,1,2,1,1,1,1,1,0,1,1,1,0,1,1,1,1,1,1,1,1,0,1,0,-2,0,1,1,0,1,0,1,1,1,1,1,1,0,1,1,0,1,0,1,0,0,1,1,0,1,1,1,1,0,2,2,R,4 ,2,1,1,R,10093,1,R,99,R,6878,R,4862,A,.,R,85,R,95,1,1,0,0,0,0,0,1,102,1,102,1,102,1,102,,,,,,,,,,,,,,,,,,,,,
2020,199193,1,1,1,1,0,0,1,2,0,-2,1,0,1,0,1,0,1,1,1,0,0,1,1,0,1,1,1,1,1,1,1,1,1,2,1,1,1,1,1,0,1,0,1,0,1,1,1,1,1,0,1,1,0,1,0,-2,0,1,1,1,0,0,1,1,1,1,1,1,0,1,1,0,1,0,1,1,0,1,1,0,1,1,1,1,0,2,2,R,6 ,2,1,1,R,10433,2,A,.,R,6070,R,4800,A,.,R,85,R,75,1,1,0,0,0,0,0,1,102,1,102,1,102,1,102,,,,,,,,,,,,,,,,,,,,,
2020,199847,0,1,0,0,0,0,3,-2,-2,-2,0,0,0,0,0,0,1,1,1,0,0,1,1,0,1,1,1,1,1,1,1,1,1,2,1,0,0,0,0,0,1,0,1,0,1,1,0,0,1,1,1,1,0,1,0,-2,1,1,1,1,0,0,1,1,1,1,1,1,0,1,0,1,1,0,1,0,0,1,1,0,1,1,1,1,0,2,2,R,10 ,2,2,1,R,3834,1,R,99,R,9848,R,7486,A,.,R,65,R,80,1,1,0,0,0,0,0,1,102,1,102,1,102,1,102,,,,,,,,,,,,,,,,,,,,,
2020,201645,0,1,1,1,0,0,3,-2,-2,-2,0,0,0,0,0,0,1,1,1,1,0,1,1,0,1,1,1,1,1,2,1,1,1,2,1,0,1,0,1,0,0,0,1,0,1,1,0,1,1,0,1,1,0,1,0,-2,0,1,1,1,0,0,1,1,1,1,1,1,0,1,0,0,1,0,0,0,1,1,1,0,1,1,0,1,0,2,2,R,19 ,2,2,1,R,4400,2,A,.,R,9350,R,6730,A,.,R,70,R,50,1,1,0,0,0,0,0,1,194,1,200,1,200,1,200,,,,,,,,,,,,,,,,,,,,,
2020,204796,0,1,0,0,0,0,1,2,0,-2,1,1,0,1,1,0,1,1,1,1,0,1,1,0,1,1,1,1,1,1,1,1,1,2,1,1,1,1,1,0,1,0,1,0,1,1,1,1,1,0,1,1,0,1,0,-2,1,1,1,1,1,0,1,1,1,1,1,1,0,1,1,0,1,0,1,1,0,1,1,0,1,1,1,1,0,2,1,A,. ,2,1,1,R,13085,2,A,.,A,.,A,.,R,13066,R,60,R,60,1,1,0,0,0,0,0,1,107,1,107,1,107,1,107,,,,,,,,,,,,,,,,,,,,,
2020,211440,0,1,0,0,0,0,3,-2,-2,-2,0,0,0,0,0,0,1,1,1,1,0,1,0,0,1,1,1,1,1,1,1,-2,-2,2,1,0,1,1,1,0,1,0,1,0,1,1,1,1,1,0,1,0,1,0,0,-2,0,1,1,1,0,0,1,1,1,1,1,1,0,1,0,0,1,0,1,0,0,1,1,0,1,1,1,1,0,2,2,R,8 ,2,2,1,R,4055,2,A,.,R,9210,R,6340,A,.,R,75,R,75,1,1,0,0,0,0,0,1,200,1,200,2,-2,1,200,,,,,,,,,,,,,,,,,,,,,
2020,212054,1,1,1,0,0,0,3,-2,-2,-2,1,0,1,1,0,0,1,1,1,1,0,1,1,0,2,1,1,1,1,1,1,1,1,2,1,1,1,1,1,0,1,1,1,0,1,1,1,1,1,1,1,1,0,1,0,-2,1,1,1,1,0,0,1,1,1,1,1,1,0,1,0,0,1,0,1,1,0,1,1,0,1,1,1,1,0,2,2,R,6 ,2,2,1,R,4167,2,A,.,R,10020,R,5988,A,.,R,50,R,65,1,1,0,0,0,0,0,2,-2,1,110,2,-2,2,-2,,,,,,,,,,,,,,,,,,,,,
2020,213543,0,1,0,0,0,0,3,-2,-2,-2,1,0,1,0,0,0,1,1,1,0,0,1,0,0,1,1,1,1,1,2,1,-2,-2,2,1,0,0,0,0,0,1,0,1,0,1,1,0,0,1,0,1,0,0,1,0,-2,0,1,1,1,1,0,1,1,1,1,1,1,0,1,0,1,1,0,1,0,0,1,1,0,1,1,1,1,0,2,2,R,6 ,2,2,1,R,2453,2,A,.,R,8660,R,6080,A,.,R,70,R,75,1,1,0,0,0,0,0,1,128,1,128,1,128,1,128,,,,,,,,,,,,,,,,,,,,,
2020,215062,0,1,1,0,0,0,3,-2,-2,-2,1,0,1,1,1,0,1,1,1,1,0,1,1,0,1,1,1,1,1,1,1,1,1,2,1,0,1,1,0,0,0,0,1,0,1,1,1,1,1,1,1,1,1,1,0,-2,0,1,1,1,1,0,1,1,1,1,1,1,0,1,0,1,1,0,1,1,0,1,1,0,1,1,1,1,0,2,2,R,12 ,2,1,1,R,6400,2,A,.,R,11014,R,5770,A,.,R,75,R,80,1,1,0,0,0,0,0,1,117,1,117,1,117,1,117,,,,,,,,,,,,,,,,,,,,,
2020,215293,1,1,1,1,0,0,1,9,0,-2,1,0,1,0,1,1,1,1,1,1,0,1,1,0,1,1,1,1,1,1,1,1,1,2,1,1,1,1,1,0,1,0,1,0,1,1,1,1,1,1,1,1,0,1,0,-2,1,1,1,1,0,0,1,1,1,1,1,1,0,1,0,0,1,0,1,1,0,1,1,0,1,1,1,1,0,2,1,A,. ,2,1,1,R,8097,2,A,.,R,6550,R,4700,A,.,R,55,R,75,1,1,0,0,0,0,0,1,102,1,102,1,102,1,102,,,,,,,,,,,,,,,,,,,,,
2020,216597,0,1,1,0,0,0,4,-2,-2,30,1,0,1,0,1,0,1,1,1,1,0,1,1,0,1,1,1,1,1,1,1,1,1,2,1,0,1,0,1,0,1,0,1,0,1,1,1,1,1,1,1,1,1,1,0,-2,0,1,1,1,0,0,1,1,1,1,1,1,0,1,0,0,1,0,1,1,0,1,1,0,1,1,1,1,0,2,2,R,9 ,2,2,1,R,5400,2,A,.,R,8015,R,6960,A,.,R,80,R,50,1,1,0,0,0,0,0,1,110,1,104,1,104,1,104,,,,,,,,,,,,,,,,,,,,,
2020,217156,0,1,1,0,0,0,3,-2,-2,-2,1,0,1,0,0,0,1,1,1,0,0,1,1,0,1,1,1,1,1,2,1,1,1,2,1,0,1,1,1,0,0,0,0,1,1,1,1,1,1,0,1,1,0,0,0,-2,0,1,1,1,0,0,1,1,1,1,1,1,0,1,0,1,1,0,1,0,0,1,0,0,1,0,1,1,0,2,2,R,29 ,1,2,1,R,4903,1,R,20,R,9774,R,6118,A,.,R,75,R,75,1,1,0,0,0,0,0,1,117,1,117,1,117,1,117,,,,,,,,,,,,,,,,,,,,,
2020,217882,0,1,0,0,0,0,1,2,0,-2,1,0,1,1,0,0,1,1,1,1,0,1,0,0,1,1,1,1,1,1,1,-2,-2,2,1,1,1,1,0,0,1,0,1,0,1,1,0,1,1,0,1,1,0,1,0,-2,0,1,1,1,0,0,1,1,1,1,1,1,0,1,0,0,1,0,1,1,0,1,1,0,1,1,1,1,0,2,1,A,. ,2,1,1,R,7600,1,R,21,R,7482,R,4368,A,.,R,70,R,80,1,1,0,0,0,0,0,1,102,1,102,1,102,1,102,,,,,,,,,,,,,,,,,,,,,
2020,217925,0,1,1,0,0,0,3,-2,-2,-2,1,0,1,1,1,0,1,1,1,1,0,1,1,0,1,1,1,1,1,2,1,1,2,2,1,1,0,1,1,0,1,0,1,0,0,0,0,0,1,0,1,1,0,1,0,-2,0,1,1,1,0,0,1,1,1,1,1,1,0,1,0,0,1,0,1,1,0,1,1,0,1,1,1,1,0,2,2,R,7 ,2,2,1,R,420,1,R,21,A,.,A,.,R,8950,R,25,R,25,1,0,1,0,0,1,0,2,-2,1,316,1,316,1,316,,,,,,,,,,,,,,,,,,,,,
2020,221999,0,1,1,0,0,0,3,-2,-2,-2,0,0,0,0,0,0,1,0,1,1,0,1,1,0,1,1,1,1,1,1,1,1,1,2,1,0,0,0,0,0,1,0,1,0,1,1,1,1,1,1,1,1,0,1,0,-2,0,1,1,1,1,0,1,1,1,1,1,1,0,2,0,0,0,0,0,0,1,1,1,0,1,1,0,1,0,2,2,R,15 ,1,2,1,R,5079,1,R,21,R,11540,R,6130,A,.,R,50,R,95,1,1,0,0,0,0,0,1,130,1,130,1,130,1,130,,,,,,,,,,,,,,,,,,,,,
2020,223232,0,1,1,0,0,0,4,-2,-2,54,0,0,0,0,0,0,1,0,1,1,0,1,1,0,1,1,1,1,1,1,1,1,1,2,1,1,1,1,0,0,1,1,1,0,1,1,0,1,1,0,1,1,0,1,0,-2,0,1,1,1,0,0,1,1,1,1,1,1,0,1,1,1,1,0,1,0,0,1,1,0,1,1,1,1,0,2,2,R,8 ,2,2,1,R,5091,1,R,21,R,7200,R,6074,A,.,R,0,R,50,1,1,0,0,0,0,0,1,108,1,108,1,108,1,108,,,,,,,,,,,,,,,,,,,,,
2020,227757,0,1,1,1,0,0,3,-2,-2,-2,0,0,0,0,0,0,1,0,1,0,0,1,0,0,1,1,1,1,1,2,1,-2,-2,2,1,0,1,1,0,0,1,0,1,0,1,1,1,1,1,1,1,1,0,1,0,-2,0,1,1,1,0,0,1,1,1,1,1,1,0,1,0,1,1,0,1,0,0,1,1,0,1,1,1,1,0,2,2,R,8 ,2,2,1,R,3314,1,R,20,R,9900,R,4600,A,.,R,75,R,85,1,1,0,0,0,0,0,1,111,1,111,1,111,1,111,,,,,,,,,,,,,,,,,,,,,
2020,228246,0,1,1,1,0,0,4,-2,-2,71,0,0,0,0,0,0,1,1,1,1,0,1,1,0,1,1,1,1,1,1,1,1,1,2,1,1,1,1,1,0,1,0,1,0,1,1,0,1,1,1,1,1,0,1,0,-2,1,1,1,1,1,0,1,1,1,1,1,1,0,1,0,1,1,0,1,0,0,1,1,0,1,1,1,1,0,2,2,R,12 ,2,2,1,R,3403,2,A,.,R,10724,R,6386,A,.,R,60,R,75,1,1,0,0,0,0,0,1,372,1,372,2,-2,1,372,,,,,,,,,,,,,,,,,,,,,
2020,228723,0,1,0,0,0,0,1,2,0,-2,1,0,1,0,0,0,1,1,1,1,0,1,1,0,1,1,1,1,1,1,1,1,1,2,1,1,1,1,1,0,1,0,1,0,1,1,1,1,1,1,1,1,0,1,0,-2,1,1,1,1,1,0,1,1,1,1,1,1,0,1,1,0,1,0,1,1,0,1,1,0,1,1,1,1,0,2,2,R,5 ,2,1,1,R,11366,2,A,.,A,.,A,.,R,11400,R,75,R,65,1,1,0,0,0,0,0,1,130,1,130,1,130,1,130,,,,,,,,,,,,,,,,,,,,,
2020,228778,0,1,0,0,0,0,1,2,0,-2,1,0,1,0,0,0,1,1,1,0,0,1,1,0,1,1,1,1,1,1,1,1,1,2,1,1,1,1,1,0,1,0,1,0,1,1,1,1,1,0,1,1,0,1,0,-2,1,1,1,1,1,0,1,1,1,1,1,1,0,1,1,0,1,0,1,0,0,1,1,0,1,1,1,1,0,2,1,A,. ,2,1,1,R,7784,2,A,.,A,.,A,.,R,12286,R,75,R,65,1,1,0,0,0,0,0,1,108,1,108,1,108,1,108,,,,,,,,,,,,,,,,,,,,,
2020,228875,1,1,0,1,0,0,4,-2,-2,61,0,0,0,1,0,1,1,1,1,1,0,1,1,0,1,1,1,1,1,1,1,1,1,2,1,1,1,1,1,0,1,1,1,0,1,1,0,1,1,1,1,1,0,1,0,-2,0,1,1,1,0,0,1,1,1,1,1,1,0,1,0,0,1,0,1,0,0,1,1,0,1,1,1,1,0,2,2,R,12 ,2,2,1,R,4945,2,A,.,R,8340,R,5700,A,.,R,50,R,60,1,1,0,0,0,0,0,1,108,1,108,1,108,1,108,,,,,,,,,,,,,,,,,,,,,
2020,231624,0,1,0,0,0,0,1,2,0,-2,0,0,0,0,0,0,1,1,1,1,0,1,1,0,1,1,1,1,1,1,1,1,1,2,1,1,1,1,1,0,1,0,1,0,1,1,0,0,1,0,1,1,0,1,0,-2,0,1,1,1,1,0,1,1,1,1,1,1,0,1,1,0,1,1,1,0,0,1,1,0,1,1,1,1,0,2,2,R,14 ,2,1,1,R,4852,2,A,.,R,8238,R,5118,A,.,R,75,R,50,1,1,0,0,0,0,0,1,110,1,110,1,110,1,110,,,,,,,,,,,,,,,,,,,,,
2020,234076,0,1,1,1,0,0,1,2,0,-2,1,0,1,1,0,0,1,1,1,1,0,1,1,0,1,1,1,1,1,1,1,1,1,2,1,0,0,1,0,0,1,0,1,0,1,1,1,1,1,0,1,0,0,1,0,-2,0,1,1,1,1,0,1,1,1,1,1,1,0,1,1,1,1,0,1,1,0,1,1,0,1,1,1,1,0,2,2,R,10 ,2,1,1,R,7607,1,R,21,R,6960,R,5390,A,.,R,70,R,85,1,1,0,0,0,0,0,1,102,1,102,1,102,1,102,,,,,,,,,,,,,,,,,,,,,
2020,236948,0,1,1,0,0,0,1,2,0,-2,0,0,0,0,0,0,1,0,1,1,0,1,1,1,2,1,1,1,1,1,1,1,1,2,0,1,1,1,1,0,1,0,1,0,1,1,1,1,1,1,1,1,1,1,0,-2,0,1,1,1,1,0,1,1,1,1,1,1,0,1,0,1,0,0,1,1,0,1,1,0,1,1,1,1,0,2,2,R,6 ,2,1,1,R,8631,2,A,.,A,.,A,.,R,13887,R,80,R,85,1,1,0,0,0,0,0,1,127,1,127,1,127,1,127,,,,,,,,,,,,,,,,,,,,,
2020,239105,0,1,1,0,0,0,4,-2,-2,30,0,0,0,0,0,0,1,1,1,1,0,1,1,0,1,1,1,1,1,1,1,1,1,2,1,1,1,1,1,0,1,0,1,0,1,1,1,1,1,1,1,1,0,1,0,-2,0,1,1,1,1,0,1,1,1,1,1,1,0,1,0,0,1,0,1,1,0,1,1,0,1,1,1,1,0,2,2,R,9 ,2,1,1,R,5295,1,R,21,R,9356,R,4300,A,.,R,0,R,50,1,1,0,0,0,0,0,2,-2,1,104,2,-2,1,104,,,,,,,,,,,,,,,,,,,,,
2020,240444,0,1,0,0,0,0,1,2,0,-2,1,0,1,0,0,0,1,1,1,1,0,1,1,0,1,1,1,1,1,1,1,1,1,2,1,1,1,1,1,0,1,0,1,0,1,1,1,1,1,0,1,1,1,1,0,-2,0,1,1,1,1,0,1,1,1,1,1,1,0,1,0,0,1,0,1,1,0,1,1,0,1,1,1,1,0,2,2,R,7 ,2,1,1,R,8871,2,A,.,R,7167,R,4050,A,.,R,60,R,75,1,1,0,0,0,0,0,1,107,1,107,2,-2,1,107,,,,,,,,,,,,,,,,,,,,,
2020,243744,0,1,0,0,0,0,3,-2,-2,-2,0,0,0,0,0,0,1,0,1,1,0,1,1,0,2,1,1,1,1,1,1,1,1,2,1,0,1,1,1,0,0,0,1,0,1,1,1,1,1,0,1,1,0,1,0,-2,0,1,1,1,1,0,1,1,1,1,1,1,0,2,0,0,0,0,0,0,1,1,1,0,1,1,0,1,0,2,2,R,19 ,1,2,1,R,14717,2,A,.,R,10725,R,6530,A,.,R,90,R,125,1,1,0,0,0,0,0,1,127,1,127,1,127,1,127,,,,,,,,,,,,,,,,,,,,,
2020,243780,0,1,1,0,0,0,1,2,0,-2,1,1,1,0,1,0,1,1,1,1,0,1,1,0,1,1,1,1,1,1,1,1,1,2,1,1,1,1,1,0,1,0,1,0,1,1,1,1,1,1,1,1,0,1,0,-2,0,1,1,1,1,0,1,1,1,1,1,1,0,1,0,0,1,0,1,1,0,1,1,0,1,1,1,1,0,2,2,R,7 ,2,1,1,R,14094,2,A,.,R,4860,R,5398,A,.,R,60,R,60,1,1,0,0,0,0,0,1,107,1,107,1,107,1,107,,,,,,,,,,,,,,,,,,,,,
2020,445188,0,1,0,0,0,0,1,2,0,-2,0,0,0,0,0,0,1,0,1,0,0,1,0,0,1,1,1,1,1,1,1,-2,-2,2,1,0,1,1,1,0,1,0,1,0,0,0,0,0,1,0,0,0,0,0,0,-2,0,1,1,0,1,0,1,1,1,1,1,1,0,1,0,0,1,0,1,0,0,0,0,1,1,0,1,0,0,2,1,A,. ,2,1,1,R,4016,2,A,.,A,.,A,.,R,16500,R,70,R,120,1,0,1,0,0,0,0,2,-2,1,301,2,-2,1,301,,,,,,,,,,,,,,,,,,,,,
2019,100858,0,1,1,0,0,0,1,2,0,-2,1,,,0,0,0,1,1,1,1,0,1,1,1,1,1,1,1,1,1,1,1,1,2,1,1,1,1,1,0,1,0,1,0,1,1,1,1,1,0,1,1,0,1,0,-2,0,1,1,1,0,0,1,1,1,1,1,1,0,1,0,0,1,0,1,0,0,1,1,0,1,1,1,1,0,2,2,R,7 ,2,1,1,R,4776,2,A,.,R,8104,R,5586,A,.,R,50,R,60,1,1,0,0,0,0,0,1,130,1,130,1,130,1,130,,,,,,,,,,,,,,,,,,,,,
2019,110404,0,1,0,0,0,0,3,-2,-2,-2,0,,,0,0,0,1,0,1,1,0,1,0,0,2,1,1,1,2,2,1,-2,-2,2,1,0,1,0,0,0,0,0,0,1,1,1,0,1,1,0,0,0,0,0,0,-2,0,1,1,1,0,0,1,1,1,1,1,1,0,1,0,0,1,0,0,0,1,0,0,1,0,0,0,0,1,2,1,A,. ,2,2,1,R,1547,2,A,.,R,9615,R,7029,A,.,R,75,R,100,1,1,0,0,0,0,0,2,-2,1,197,1,197,1,197,,,,,,,,,,,,,,,,,,,,,
2019,110635,0,1,0,0,0,0,1,2,0,-2,0,,,0,0,0,1,1,1,1,0,1,1,0,1,1,1,1,1,1,1,1,1,2,1,0,1,1,0,0,0,0,1,0,1,1,1,1,1,0,1,1,0,0,0,-2,0,1,1,1,1,0,1,1,1,1,1,1,0,1,0,0,1,0,1,0,0,1,1,0,1,1,1,1,0,2,2,R,10 ,2,1,1,R,9804,2,A,.,A,.,A,.,R,19105,R,70,R,120,1,1,0,0,0,0,0,1,127,1,127,1,127,1,127,,,,,,,,,,,,,,,,,,,,,
2019,110644,0,1,0,0,0,0,1,2,0,-2,0,,,0,0,0,1,1,1,0,0,1,1,0,2,1,1,1,1,1,1,1,1,2,1,0,1,0,1,0,1,0,1,0,1,1,1,1,1,0,1,0,0,1,0,-2,0,1,1,1,1,0,1,1,1,1,1,1,0,1,0,0,1,0,1,0,0,1,0,0,1,0,1,1,0,2,1,A,. ,2,1,1,R,7809,2,A,.,A,.,A,.,R,15775,R,70,R,120,1,1,0,0,0,0,0,1,105,1,109,1,109,1,109,,,,,,,,,,,,,,,,,,,,,
2019,110653,0,1,1,0,0,0,1,2,0,-2,0,,,0,0,0,1,1,1,0,0,1,1,0,2,1,1,1,1,1,1,1,1,2,1,0,1,1,1,0,0,0,1,0,1,1,0,1,1,0,1,1,0,1,0,-2,1,1,1,1,1,0,1,1,1,1,1,1,0,1,0,0,1,0,1,0,0,1,1,0,1,1,1,1,0,2,2,R,4 ,2,1,1,R,15825,2,A,.,A,.,A,.,R,16135,R,70,R,120,1,1,0,0,0,0,0,2,-2,1,109,1,109,1,109,,,,,,,,,,,,,,,,,,,,,
2019,110662,0,1,0,0,0,0,1,2,0,-2,0,,,0,0,0,1,0,1,1,0,1,1,0,2,1,1,1,1,1,1,1,1,2,1,0,1,1,1,0,1,0,1,0,1,1,1,1,1,0,0,0,0,0,0,-2,0,1,1,1,1,0,1,1,1,1,1,1,0,1,0,0,1,0,1,0,0,1,1,0,1,1,1,1,0,2,2,R,4 ,2,1,1,R,19017,1,R,19,A,.,A,.,R,16625,R,70,R,120,1,1,0,0,0,0,0,1,127,1,127,1,127,1,127,,,,,,,,,,,,,,,,,,,,,
2019,110671,0,1,0,0,0,0,1,2,0,-2,0,,,0,0,0,1,0,1,0,0,1,1,0,2,1,1,1,1,1,1,1,1,2,1,1,1,1,1,0,1,0,1,0,0,0,0,0,1,0,1,1,0,1,0,-2,0,1,1,1,1,0,1,1,1,1,1,1,0,1,0,0,1,0,1,0,0,1,1,0,1,1,1,1,0,2,1,A,. ,2,1,1,R,6600,2,A,.,A,.,A,.,R,16082,R,70,R,105,1,1,0,0,0,0,0,2,-2,1,109,1,109,1,109,,,,,,,,,,,,,,,,,,,,,
2019,110680,0,1,0,0,0,0,1,2,0,-2,0,,,0,0,0,1,0,1,0,0,1,1,0,2,1,1,1,1,1,1,1,1,2,1,0,1,1,1,0,0,0,1,0,0,0,0,0,1,0,1,1,0,1,0,-2,0,1,1,1,1,0,1,1,1,1,1,1,0,1,0,0,1,0,1,0,0,1,0,0,1,0,1,1,0,2,1,A,. ,2,1,1,R,15268,2,A,.,A,.,A,.,R,14271,R,70,R,105,1,1,0,0,0,0,0,2,-2,1,138,1,138,1,138,,,,,,,,,,,,,,,,,,,,,
2019,110705,0,1,0,0,0,0,1,2,0,-2,0,,,0,0,0,1,1,1,0,0,1,0,0,2,1,1,1,1,1,1,-2,-2,2,1,1,1,1,0,0,1,0,1,0,1,1,0,0,1,0,1,0,0,1,0,-2,0,1,1,1,1,0,1,1,1,1,1,1,0,2,0,0,0,0,1,0,0,0,0,1,1,0,1,0,0,2,2,R,4 ,2,1,1,R,10129,1,R,21,A,.,A,.,R,15520,R,70,R,120,1,1,0,0,0,0,0,2,-2,1,109,1,109,1,109,,,,,,,,,,,,,,,,,,,,,
2019,110714,0,1,0,0,0,0,1,2,0,-2,0,,,0,0,0,1,1,1,0,0,1,0,0,2,1,1,1,1,1,1,-2,-2,2,1,0,1,1,0,0,1,0,1,0,0,0,0,0,1,0,1,1,0,1,0,-2,1,1,1,1,1,0,1,1,1,1,1,1,0,1,0,0,1,0,1,0,0,0,0,1,1,0,1,0,0,2,2,R,11 ,2,1,1,R,9379,2,A,.,A,.,A,.,R,16951,R,70,R,120,1,1,0,0,0,0,0,2,-2,1,170,2,-2,1,170,,,,,,,,,,,,,,,,,,,,,
2019,121150,0,1,0,0,0,0,4,-2,-2,74,0,,,0,0,0,1,1,1,0,0,1,1,0,1,1,1,1,1,1,1,1,1,2,1,0,1,1,0,0,1,0,1,0,1,1,0,1,1,1,1,1,0,1,0,-2,1,1,1,1,0,0,1,1,1,1,1,1,0,1,0,0,1,0,1,1,0,1,1,0,1,1,1,1,0,2,2,R,12 ,2,2,1,R,2585,2,A,.,A,.,A,.,R,15670,R,65,R,65,1,1,0,0,0,0,0,2,-2,1,136,1,136,1,136,,,,,,,,,,,,,,,,,,,,,
2019,122931,0,1,0,0,0,0,4,-2,-2,30,0,,,0,0,0,1,1,1,1,0,1,1,0,2,1,1,1,1,1,1,1,1,2,1,0,1,1,0,0,0,0,1,0,1,1,0,1,1,1,1,1,0,0,0,-2,0,1,1,0,1,0,1,1,1,1,1,1,0,1,0,0,1,0,0,0,1,1,1,0,1,1,0,1,0,2,2,R,11 ,2,2,1,R,3537,2,A,.,A,.,A,.,R,15507,R,60,R,60,1,1,0,0,0,0,0,2,-2,1,136,1,136,1,136,,,,,,,,,,,,,,,,,,,,,
2019,123961,0,1,0,0,0,0,3,-2,-2,-2,0,,,0,0,0,1,1,1,1,0,1,1,1,1,1,1,1,1,1,1,1,1,2,1,1,1,1,1,0,0,0,1,0,1,1,1,1,1,0,0,0,0,0,0,-2,0,1,1,1,1,0,1,1,1,1,1,1,0,1,0,1,1,0,0,0,1,1,1,0,1,1,0,1,0,2,1,A,. ,2,2,1,R,8700,2,A,.,R,9612,R,6300,A,.,R,80,R,90,1,1,0,0,0,0,0,1,127,1,127,1,127,1,127,,,,,,,,,,,,,,,,,,,,,
2019,126614,0,1,0,0,0,0,1,2,0,-2,0,,,0,0,0,1,0,1,0,0,1,1,0,1,1,1,1,1,1,1,1,1,2,1,1,1,1,1,0,1,0,1,0,1,1,1,1,1,0,1,1,0,1,0,-2,0,1,1,1,1,0,1,1,1,1,1,1,0,1,1,0,1,0,1,1,0,1,1,0,1,1,1,1,0,2,1,A,. ,2,1,1,R,8040,1,R,19,A,.,A,.,R,14778,R,50,R,60,1,1,0,0,0,0,0,1,127,1,127,2,-2,1,127,,,,,,,,,,,,,,,,,,,,,
2019,126775,0,1,0,0,0,0,1,2,0,-2,0,,,0,0,0,1,1,1,1,0,1,0,0,1,1,1,1,1,1,1,-2,-2,2,0,1,1,1,1,0,1,0,1,0,1,1,0,1,1,0,0,0,0,0,0,-2,1,1,1,1,0,0,1,1,1,1,1,1,0,1,0,0,1,0,1,0,0,1,1,0,1,1,1,1,0,2,2,R,5 ,2,1,1,R,1861,2,A,.,R,8567,R,5644,A,.,R,45,R,60,1,1,0,0,0,0,0,1,159,1,159,1,159,1,159,,,,,,,,,,,,,,,,,,,,,
2019,129020,0,1,0,0,0,0,1,2,0,-2,1,,,0,1,0,1,1,1,1,0,1,1,0,1,1,1,1,1,1,1,1,1,2,1,0,1,1,0,0,1,0,1,0,1,1,0,1,1,0,1,1,0,1,0,-2,0,1,1,1,1,0,1,1,1,1,1,1,0,1,0,0,1,0,1,0,0,1,1,0,1,1,1,1,0,2,2,R,7 ,2,1,1,R,12104,2,A,.,R,7238,R,6020,A,.,R,80,R,75,1,1,0,0,0,0,0,1,104,1,104,1,104,1,104,,,,,,,,,,,,,,,,,,,,,
2019,130794,0,1,0,0,0,0,3,-2,-2,-2,0,,,0,0,1,1,1,1,1,0,1,1,1,1,1,1,1,1,2,1,1,1,2,1,0,1,1,1,0,0,0,1,0,1,0,1,1,1,0,0,0,0,0,0,-2,0,1,1,1,1,0,1,1,1,1,1,1,0,1,0,0,1,0,1,0,0,1,0,0,1,0,1,1,0,2,2,R,14 ,1,2,1,R,5576,2,A,.,R,9400,R,7200,A,.,R,80,R,105,1,1,0,0,0,0,0,1,117,1,117,1,117,1,117,,,,,,,,,,,,,,,,,,,,,
2019,130943,0,1,1,0,0,0,1,9,0,-2,0,,,0,1,0,1,0,1,0,0,1,1,0,4,1,1,1,1,1,1,1,2,2,1,0,1,1,1,0,1,0,1,0,1,1,0,1,1,0,1,1,0,1,0,-2,1,1,1,1,0,0,1,1,1,1,1,1,0,1,0,0,1,0,1,1,0,1,1,0,1,1,1,1,0,2,2,R,8 ,2,1,1,R,6976,1,R,19,R,7992,R,5216,A,.,R,75,R,75,1,1,0,0,0,0,0,1,110,1,110,1,110,1,110,,,,,,,,,,,,,,,,,,,,,
2019,131159,0,1,0,0,0,0,4,-2,-2,71,1,,,1,1,0,1,1,1,0,0,1,1,0,1,1,1,1,1,1,1,1,1,2,1,0,1,1,1,0,1,0,1,0,1,1,0,1,1,1,1,1,0,1,0,-2,1,1,1,0,1,0,1,1,1,1,1,1,0,1,0,1,1,0,1,1,0,1,1,0,1,1,1,1,0,2,2,R,8 ,2,2,1,R,4262,2,A,.,R,9996,R,6100,A,.,R,75,R,63,1,1,0,0,0,0,0,2,-2,1,128,2,-2,1,128,,,,,,,,,,,,,,,,,,,,,
2019,131469,0,1,1,0,0,0,3,-2,-2,-2,0,,,1,1,1,1,1,1,1,0,1,1,0,1,1,1,1,1,1,1,1,1,2,1,0,1,1,0,0,1,0,1,0,1,0,1,0,1,0,1,1,0,0,0,-2,0,1,1,1,0,0,1,1,1,1,1,1,0,1,1,0,1,0,1,1,0,1,1,0,1,1,1,1,0,2,2,R,10 ,2,2,1,R,8013,2,A,.,R,14950,R,3050,A,.,R,80,R,80,1,1,0,0,0,0,0,2,-2,1,103,1,103,1,103,,,,,,,,,,,,,,,,,,,,,
2019,131496,1,1,1,1,0,0,4,-2,-2,30,0,,,1,0,0,1,1,1,1,0,1,1,0,1,1,1,1,1,1,1,1,1,2,1,1,1,1,1,0,1,0,1,0,1,1,1,1,1,1,0,0,0,0,0,-2,0,1,1,1,0,0,1,1,1,1,1,1,0,1,0,0,1,0,1,0,0,1,1,0,1,1,1,1,0,2,2,R,12 ,1,2,1,R,5445,2,A,.,R,10824,R,6814,A,.,R,75,R,90,1,1,0,0,0,0,0,1,128,1,104,1,104,1,104,,,,,,,,,,,,,,,,,,,,,
2019,131520,0,1,0,0,0,0,3,-2,-2,-2,0,,,0,0,1,1,1,1,1,0,1,1,0,1,1,1,1,1,1,1,1,1,2,0,0,1,0,0,0,1,0,1,0,1,1,0,1,1,0,1,0,0,1,0,-2,1,1,1,1,0,0,1,1,1,1,1,1,0,1,0,0,1,0,1,0,0,1,1,0,1,1,1,1,0,2,2,R,4 ,1,2,1,R,5230,1,R,19,R,9432,R,4933,A,.,R,45,R,75,1,1,0,0,0,0,0,1,121,1,121,2,-2,1,121,,,,,,,,,,,,,,,,,,,,,
2019,133951,0,1,0,0,0,0,1,2,0,-2,0,,,0,1,0,1,1,1,1,0,1,1,0,1,1,1,1,1,1,1,1,1,2,0,1,1,1,1,0,1,0,1,0,1,1,0,1,1,1,1,0,0,1,0,-2,0,1,1,1,1,0,1,1,1,1,1,1,0,1,0,1,1,0,1,1,0,1,1,0,1,1,1,1,0,2,2,R,4 ,2,1,1,R,3710,2,A,.,R,7536,R,3600,A,.,R,30,R,30,1,1,0,0,0,0,0,1,111,1,111,1,111,1,111,,,,,,,,,,,,,,,,,,,,,
2019,134097,0,1,1,1,0,0,1,2,0,-2,0,,,0,1,0,1,0,1,1,0,1,1,0,1,1,1,1,1,1,1,1,1,2,1,1,1,1,1,0,1,1,1,0,1,1,1,1,1,0,1,1,0,0,0,-2,0,1,1,1,1,0,1,1,1,1,1,1,0,1,0,1,1,0,1,0,0,1,1,0,1,1,1,1,0,2,2,R,11 ,2,1,1,R,6707,1,R,99,R,6680,R,4396,A,.,R,30,R,30,1,1,0,0,0,0,0,1,102,1,102,1,102,1,102,,,,,,,,,,,,,,,,,,,,,
2019,134130,0,1,0,0,0,0,1,2,0,-2,1,,,1,1,0,1,1,1,1,0,1,1,0,1,1,1,1,1,1,1,1,1,2,0,1,1,1,1,0,1,0,1,0,1,1,1,1,1,1,1,1,0,1,0,-2,1,1,1,1,1,0,1,1,1,1,1,1,0,1,0,1,0,0,1,1,0,1,1,0,1,1,1,1,0,2,2,R,10 ,2,1,1,R,10781,2,A,.,R,5750,R,4470,A,.,R,30,R,30,1,1,0,0,0,0,0,1,130,1,130,1,130,1,130,,,,,,,,,,,,,,,,,,,,,
2019,135726,1,1,1,0,0,0,3,-2,-2,-2,1,,,1,0,0,1,1,1,1,0,1,1,0,1,1,1,1,1,1,1,1,1,2,1,1,1,1,1,0,1,0,1,0,1,1,0,1,1,1,1,1,0,1,0,-2,1,1,1,1,1,0,1,1,1,1,1,1,0,1,0,0,1,0,1,0,0,1,1,0,1,1,1,1,0,2,2,R,5 ,2,2,1,R,4216,1,R,19,R,8460,R,6198,A,.,R,70,R,85,1,1,0,0,0,0,0,1,102,1,102,1,102,1,102,,,,,,,,,,,,,,,,,,,,,
2019,137351,0,1,0,0,0,0,1,2,4,-2,0,,,0,1,0,1,1,1,1,0,1,1,0,1,1,1,1,1,1,1,1,1,2,1,1,1,1,1,0,1,0,1,0,1,1,1,1,1,1,1,0,0,1,0,-2,0,1,1,1,1,0,1,1,1,1,1,1,0,1,0,1,0,0,1,1,0,1,1,0,1,1,1,1,0,2,1,A,. ,2,1,1,R,6304,2,A,.,R,7878,R,3958,A,.,R,30,R,30,1,1,0,0,0,0,0,1,372,1,372,1,372,1,372,,,,,,,,,,,,,,,,,,,,,
2019,139658,1,1,1,1,0,0,4,-2,-2,71,0,,,0,0,0,1,1,1,1,0,1,1,0,1,1,1,1,1,1,1,1,1,2,1,0,0,1,0,0,1,0,1,0,0,0,0,0,1,1,0,0,0,0,0,-2,0,1,1,1,1,0,1,1,1,1,1,1,0,1,0,0,1,0,1,0,0,1,0,0,1,0,1,1,0,2,2,R,7 ,2,2,1,R,4821,2,A,.,R,8638,R,6334,A,.,R,75,R,75,1,1,0,0,0,0,0,2,-2,1,200,1,200,1,200,,,,,,,,,,,,,,,,,,,,,
2019,139755,0,1,0,0,0,0,1,2,0,-2,0,,,0,0,0,1,0,1,0,0,1,0,0,1,1,1,1,1,1,1,-2,-2,2,1,0,1,1,0,0,1,0,1,0,1,1,1,1,1,1,0,0,0,0,0,-2,0,1,1,1,1,0,1,1,1,1,1,1,0,1,0,0,1,0,1,0,0,1,1,0,1,1,1,1,0,2,1,A,. ,2,1,1,R,10070,2,A,.,R,6918,R,5172,A,.,R,75,R,75,1,1,0,0,0,0,0,1,102,1,102,1,102,1,102,,,,,,,,,,,,,,,,,,,,,
2019,139959,0,1,0,0,0,0,1,2,0,-2,1,,,1,0,0,1,1,1,1,0,1,1,0,1,1,1,1,1,1,1,1,1,2,1,0,1,1,1,0,1,0,1,0,1,1,0,1,1,0,1,1,0,0,0,-2,1,1,1,1,1,0,1,1,1,1,1,1,0,1,0,0,1,0,1,1,0,1,1,0,1,1,1,1,0,2,2,R,5 ,2,1,1,R,9635,1,R,21,R,6278,R,4036,A,.,R,70,R,75,1,1,0,0,0,0,0,1,130,1,130,1,130,1,130,,,,,,,,,,,,,,,,,,,,,
2019,144050,0,1,1,0,0,0,3,-2,-2,-2,0,,,0,0,0,1,1,1,1,0,1,1,0,2,1,1,1,1,2,1,1,1,2,1,0,1,1,1,0,0,0,1,0,1,1,0,1,1,0,1,1,0,1,0,-2,0,1,1,1,0,0,1,1,1,1,1,1,0,1,0,0,1,0,0,0,1,1,0,0,1,0,0,1,0,2,2,R,7 ,1,2,1,R,3528,2,A,.,A,.,A,.,R,17004,R,75,R,90,1,1,0,0,0,0,0,1,182,1,200,1,182,1,200,,,,,,,,,,,,,,,,,,,,,
2019,145600,0,1,1,0,0,1,1,2,0,-2,0,,,0,0,0,1,1,1,1,0,1,1,0,1,1,1,1,1,1,1,1,1,2,0,1,1,1,1,0,1,1,1,0,1,1,1,1,1,1,1,1,0,1,0,-2,1,1,1,1,1,0,1,1,1,1,1,1,0,1,1,0,1,0,1,1,0,1,1,0,1,1,1,1,0,2,2,R,4 ,2,1,1,R,3506,2,A,.,R,8082,R,4397,A,.,R,60,R,70,1,1,0,0,0,0,0,2,-2,1,122,1,122,1,122,,,,,,,,,,,,,,,,,,,,,
2019,145637,1,1,1,0,0,1,1,2,0,-2,0,,,0,0,0,1,0,1,1,0,1,1,0,1,1,1,1,1,1,1,1,1,2,0,1,1,1,1,0,1,0,1,0,1,1,1,1,1,0,1,1,0,1,0,-2,0,1,1,1,1,0,1,1,1,1,1,1,0,1,1,0,1,0,1,1,0,1,1,0,1,1,1,1,0,2,2,R,6 ,1,1,1,R,16030,2,A,.,A,.,A,.,R,11480,R,50,R,70,1,1,0,0,0,0,0,1,107,1,107,1,107,1,107,,,,,,,,,,,,,,,,,,,,,
2019,147767,0,1,0,0,0,0,3,-2,-2,-2,0,,,1,0,0,1,1,1,1,0,1,1,0,2,1,1,1,1,2,1,1,1,2,1,0,0,1,0,0,0,0,1,0,1,0,1,0,1,1,1,1,0,1,0,-2,0,1,1,1,0,0,1,1,1,1,1,1,0,1,0,0,1,0,0,0,1,1,1,0,1,1,0,1,0,2,2,R,9 ,2,2,1,R,4134,1,R,14,R,10492,R,6527,A,.,R,75,R,95,1,1,0,0,0,0,0,1,107,1,107,1,107,1,107,,,,,,,,,,,,,,,,,,,,,
2019,151351,1,1,1,1,1,0,1,2,0,-2,1,,,1,1,0,1,1,1,0,0,1,1,0,1,1,1,1,1,1,1,1,1,2,1,1,1,1,1,0,1,1,1,0,1,1,0,1,1,0,1,1,0,1,0,-2,1,1,1,1,1,0,1,1,1,1,1,1,0,1,0,0,1,0,1,1,0,1,1,0,1,1,1,1,0,2,1,A,. ,2,1,1,R,11453,2,A,.,R,7230,R,3600,A,.,R,65,R,70,1,1,0,0,0,0,0,1,107,1,107,1,107,1,107,,,,,,,,,,,,,,,,,,,,,
2019,152080,0,1,0,0,0,0,4,-2,-2,30,0,,,0,0,0,1,0,1,0,0,1,1,0,1,1,1,1,1,2,1,1,1,2,1,0,1,1,1,0,0,0,1,0,1,1,1,1,1,1,0,0,0,0,0,-2,0,1,1,1,0,0,1,1,1,1,1,1,0,1,0,0,1,0,1,0,0,1,1,0,1,1,1,1,0,2,2,R,8 ,2,2,1,R,6545,1,R,21,A,.,A,.,R,15640,R,75,R,75,1,1,0,0,0,0,0,1,113,1,102,1,102,1,102,,,,,,,,,,,,,,,,,,,,,
2019,160472,1,0,-2,0,0,0,2,-2,-2,-2,1,,,1,0,0,-2,-2,-2,-2,0,-2,-2,-2,7,1,1,-2,2,2,-2,-2,-2,1,1,0,0,0,0,0,0,0,0,1,0,0,0,0,0,0,-2,-2,-2,-2,1,-2,1,1,0,1,0,0,1,1,1,0,1,0,0,1,1,0,1,0,0,0,1,-2,-2,-2,0,0,0,-2,1,2,1,A,. ,2,-2,2,A,.,3,A,.,A,.,A,.,A,.,R,0,A,.,-2,-2,-2,-2,-2,-2,-2,-2,-2,-2,-2,-2,-2,-2,-2,,,,,,,,,,,,,,,,,,,,,
2019,160755,0,1,1,0,0,0,3,-2,-2,-2,0,,,0,1,0,1,1,1,0,0,1,1,0,1,1,1,1,1,2,1,1,1,2,1,0,1,0,0,0,1,0,1,0,1,1,1,1,1,1,1,1,0,1,0,-2,0,1,1,1,1,0,1,1,1,1,1,1,0,1,0,1,1,0,1,0,0,1,1,0,1,1,1,1,0,2,2,R,13 ,2,2,1,R,4071,2,A,.,R,9010,R,6764,A,.,R,0,R,50,1,1,0,0,0,0,0,1,372,1,372,1,372,1,372,,,,,,,,,,,,,,,,,,,,,
2019,162928,0,1,1,1,0,0,3,-2,-2,-2,0,,,0,0,1,1,1,1,1,0,1,1,0,1,1,1,1,1,2,1,1,1,2,1,0,1,0,0,0,1,0,1,0,1,1,0,0,1,1,1,1,0,1,0,-2,0,1,1,1,0,0,1,1,1,1,1,1,0,1,0,1,1,0,1,0,0,1,1,0,1,1,1,1,0,2,2,R,9 ,2,2,1,R,2762,1,R,19,R,9452,R,6858,A,.,R,70,R,75,1,1,0,0,0,0,0,1,165,1,165,1,165,1,165,,,,,,,,,,,,,,,,,,,,,
2019,163286,0,1,0,0,0,0,1,2,0,-2,0,,,0,0,1,1,1,1,1,0,1,1,0,1,1,1,1,1,1,1,1,1,2,1,1,1,1,1,0,1,0,1,0,1,1,0,1,1,0,1,0,0,1,0,-2,1,1,1,1,0,0,1,1,1,1,1,1,0,1,0,1,1,0,1,0,0,1,1,0,1,1,1,1,0,2,1,A,. ,2,1,1,R,12025,2,A,.,R,7755,R,5500,A,.,R,75,R,75,1,1,0,0,0,0,0,1,107,1,107,1,107,1,107,,,,,,,,,,,,,,,,,,,,,
2019,164924,0,1,0,0,0,0,4,-2,-2,30,1,,,0,0,0,1,1,1,1,0,1,1,0,1,1,1,1,1,2,1,1,1,2,1,1,1,1,1,0,0,0,1,0,1,1,1,1,1,1,1,1,0,1,0,-2,0,1,1,1,1,0,1,1,1,1,1,1,0,1,0,0,1,0,1,0,0,1,1,0,1,1,1,1,0,2,2,R,12 ,2,2,1,R,7687,2,A,.,R,9300,R,5526,A,.,R,80,R,75,1,1,0,0,0,0,0,1,102,1,102,1,102,1,102,,,,,,,,,,,,,,,,,,,,,
2019,164988,0,1,0,0,0,0,3,-2,-2,-2,1,,,1,0,1,1,1,1,1,0,1,1,0,1,1,1,1,1,1,1,1,1,2,1,0,1,1,1,0,0,0,1,0,1,1,1,1,1,1,1,1,0,1,0,-2,0,1,1,1,0,0,1,1,1,1,1,1,0,1,0,1,1,0,1,1,0,1,1,0,1,1,1,1,0,2,1,A,. ,2,2,1,R,11612,2,A,.,R,10680,R,5480,A,.,R,80,R,95,1,1,0,0,0,0,0,2,-2,1,128,2,-2,1,128,,,,,,,,,,,,,,,,,,,,,
2019,165015,0,1,0,0,0,0,3,-2,-2,-2,0,,,0,0,0,1,0,1,1,0,1,0,0,1,1,1,1,1,2,1,-2,-2,2,1,0,0,0,1,0,0,0,1,0,1,1,0,1,1,0,1,1,0,0,0,-2,1,1,1,1,0,0,1,1,1,1,1,1,0,1,0,1,1,0,1,0,0,1,1,0,1,1,1,1,0,2,2,R,14 ,2,2,1,R,2950,1,R,19,R,9060,R,7020,A,.,R,80,R,75,1,1,0,0,0,0,0,2,-2,1,200,1,200,1,200,,,,,,,,,,,,,,,,,,,,,
2019,166027,0,1,1,0,0,0,3,-2,-2,-2,0,,,0,1,0,1,1,1,1,0,1,1,0,1,1,1,1,1,2,1,1,1,2,1,0,1,1,0,0,0,0,1,0,1,1,1,1,1,1,1,1,1,1,0,-2,1,1,1,1,0,0,1,1,1,1,1,1,0,1,0,1,1,0,1,0,0,1,0,0,1,0,1,1,0,2,2,R,9 ,1,2,1,R,13621,2,A,.,R,10927,R,6755,A,.,R,75,R,105,1,1,0,0,0,0,0,1,117,1,117,1,117,1,117,,,,,,,,,,,,,,,,,,,,,
2019,166629,1,1,1,0,0,0,1,2,0,-2,1,,,0,1,0,1,1,1,1,0,1,1,0,1,1,1,1,1,1,1,1,2,2,1,1,1,1,1,0,1,1,1,0,1,1,0,1,1,1,1,1,0,1,0,-2,0,1,1,1,1,0,1,1,1,1,1,1,0,1,0,0,1,0,1,1,0,1,1,0,1,1,1,1,0,2,2,R,12 ,2,1,1,R,14915,2,A,.,R,7280,R,5724,A,.,R,80,R,80,1,1,0,0,0,0,0,1,327,1,103,1,103,1,103,,,,,,,,,,,,,,,,,,,,,
2019,166683,0,1,0,0,0,0,3,-2,-2,-2,0,,,0,0,0,1,0,1,0,0,1,0,0,4,1,1,1,1,2,1,-2,-2,2,1,1,1,1,1,0,0,0,1,0,1,1,1,1,1,0,1,1,1,1,0,-2,0,1,1,1,1,0,1,1,1,1,1,1,0,1,0,0,1,0,0,0,1,1,0,0,1,0,0,1,0,2,2,R,6 ,2,2,1,R,5965,2,A,.,R,10430,R,5960,A,.,R,75,R,75,1,1,0,0,0,0,0,1,186,1,186,1,186,1,186,,,,,,,,,,,,,,,,,,,,,
2019,167358,0,1,1,0,0,0,3,-2,-2,-2,0,,,0,0,0,1,0,1,1,0,1,1,0,1,1,1,1,1,2,1,1,1,2,1,0,1,1,1,0,1,0,1,0,1,1,1,1,1,0,1,1,0,1,0,-2,1,1,1,1,1,0,1,1,1,1,1,1,0,1,0,0,1,0,1,0,0,1,0,0,1,0,1,1,0,2,1,A,. ,2,2,1,R,9410,1,R,19,R,9250,R,8240,A,.,R,75,R,75,1,1,0,0,0,0,0,2,-2,1,110,1,110,1,110,,,,,,,,,,,,,,,,,,,,,
2019,168148,0,1,1,0,0,0,3,-2,-2,-2,0,,,0,0,1,1,1,1,1,0,1,1,0,1,1,1,1,1,1,1,1,1,2,1,0,1,0,0,0,0,0,1,0,1,1,1,1,1,0,1,1,0,1,0,-2,0,1,1,1,0,0,1,1,1,1,1,1,0,1,0,1,1,0,1,0,0,1,1,0,1,1,1,1,0,2,2,R,15 ,2,2,1,R,3976,1,R,99,R,8220,R,6866,A,.,R,75,R,85,1,1,0,0,0,0,0,1,185,1,185,1,185,1,185,,,,,,,,,,,,,,,,,,,,,
2019,168421,0,1,0,0,0,0,3,-2,-2,-2,0,,,0,0,0,1,1,1,0,0,1,0,0,1,1,1,1,1,2,1,-2,-2,2,1,0,1,0,0,0,1,0,1,0,1,1,1,1,1,0,1,1,0,1,0,-2,0,1,1,1,0,0,1,1,1,1,1,1,0,1,0,1,1,0,1,0,0,1,1,0,1,1,1,1,0,2,2,R,14 ,2,2,1,R,2240,2,A,.,R,8736,R,6566,A,.,R,65,R,70,1,1,0,0,0,0,0,1,186,1,186,1,186,1,186,,,,,,,,,,,,,,,,,,,,,
2019,170976,0,1,0,0,0,0,1,2,0,-2,0,,,0,0,0,1,1,1,1,0,1,1,0,3,1,1,1,1,1,1,1,1,2,1,1,1,1,1,0,1,0,1,0,1,1,1,1,1,1,1,1,0,1,0,-2,0,1,1,1,1,0,1,1,1,1,1,1,0,1,0,0,1,0,1,1,0,1,1,0,1,1,1,1,0,2,2,R,7 ,2,1,1,R,12242,2,A,.,A,.,A,.,R,11996,R,75,R,75,1,1,0,0,0,0,0,1,107,1,107,1,107,1,107,,,,,,,,,,,,,,,,,,,,,
2019,171100,0,1,0,0,0,0,1,2,0,-2,0,,,1,0,0,1,1,1,1,0,1,1,0,1,1,1,1,1,1,1,1,1,2,1,0,1,1,1,0,1,0,1,0,1,1,0,1,1,1,0,0,0,0,0,-2,1,1,1,1,0,0,1,1,1,1,1,1,0,1,0,0,1,0,1,0,0,1,1,0,1,1,1,1,0,2,2,R,4 ,2,1,1,R,17445,2,A,.,R,4374,R,6148,A,.,R,65,R,65,1,1,0,0,0,0,0,1,107,1,107,1,107,1,107,,,,,,,,,,,,,,,,,,,,,
2019,174066,0,1,1,1,0,0,1,2,0,-2,1,,,1,0,1,1,1,1,0,0,1,1,0,1,1,1,1,1,1,1,1,1,2,1,1,1,1,1,0,1,1,1,0,1,1,1,1,1,1,1,1,0,1,0,-2,1,1,1,1,1,0,1,1,1,1,1,1,0,1,0,0,1,0,1,1,0,1,1,0,1,1,1,1,0,2,2,R,10 ,2,1,1,R,7555,2,A,.,R,6278,R,4490,A,.,R,55,R,75,1,1,0,0,0,0,1,1,107,1,107,1,107,1,107,,,,,,,,,,,,,,,,,,,,,
2019,179867,0,1,0,0,0,0,3,-2,-2,-2,1,,,1,1,1,1,1,1,1,0,1,1,0,1,1,1,1,1,1,1,1,1,2,1,0,1,1,0,0,0,0,1,0,1,1,0,1,1,1,0,0,0,0,0,-2,0,1,1,1,0,0,1,1,1,1,1,1,0,1,0,1,1,0,1,0,0,1,1,0,1,1,1,1,0,2,2,R,13 ,2,2,1,R,7180,2,A,.,R,11650,R,5250,A,.,R,75,R,45,1,1,0,0,0,0,1,1,200,1,200,1,200,1,200,,,,,,,,,,,,,,,,,,,,,
2019,182670,0,1,0,0,0,0,3,-2,-2,-2,0,,,0,0,0,1,0,1,0,0,1,1,0,2,1,1,1,1,2,1,1,1,2,1,0,0,1,0,0,0,0,0,1,1,1,0,0,1,0,0,0,0,0,0,-2,0,1,1,1,0,0,1,1,1,1,1,1,0,1,0,1,1,0,0,0,1,1,0,0,1,0,0,1,0,2,2,R,10 ,1,2,1,R,3733,1,R,99,R,9879,R,6495,A,.,R,80,R,50,1,1,0,0,0,0,0,1,117,1,117,1,117,1,117,,,,,,,,,,,,,,,,,,,,,
2019,185828,1,1,1,0,0,0,1,2,0,-2,0,,,0,0,0,1,1,1,0,0,1,0,0,1,1,1,1,1,1,1,-2,-2,2,1,1,1,1,1,0,1,0,1,0,1,1,0,1,1,1,1,1,0,0,0,-2,1,1,1,1,0,0,1,1,1,1,1,1,0,1,0,0,1,0,1,0,0,1,1,0,1,1,1,1,0,2,2,R,4 ,2,1,1,R,1960,2,A,.,R,9110,R,5490,A,.,R,75,R,75,1,1,0,0,0,0,0,2,-2,1,135,1,135,1,135,,,,,,,,,,,,,,,,,,,,,
2019,186131,0,1,0,0,0,0,3,-2,-2,-2,0,,,0,0,0,1,0,1,0,0,1,0,0,1,1,1,1,1,2,2,-2,-2,2,1,0,1,1,0,0,0,0,1,0,1,1,1,1,1,0,1,1,0,0,0,-2,0,1,1,1,0,0,1,1,1,1,1,1,0,1,0,1,1,0,0,0,1,0,0,1,0,0,0,0,1,2,2,R,4 ,1,2,1,R,5151,2,A,.,R,10090,R,7060,A,.,R,70,R,90,1,1,0,0,0,0,0,1,117,1,117,1,117,1,117,,,,,,,,,,,,,,,,,,,,,
2019,186371,0,1,1,0,0,0,1,2,0,-2,0,,,0,0,0,1,1,1,1,0,1,1,0,1,1,1,1,1,1,1,1,1,2,1,1,1,1,1,0,1,0,1,0,1,1,0,1,1,0,1,1,0,0,0,-2,1,1,1,1,1,0,1,1,1,1,1,1,0,1,0,0,1,0,1,1,0,1,1,0,1,1,1,1,0,2,1,A,. ,2,1,1,R,820,2,A,.,R,8831,R,3860,A,.,R,70,R,70,1,1,0,0,0,0,0,2,-2,1,187,1,187,1,187,,,,,,,,,,,,,,,,,,,,,
2019,186380,0,1,1,0,0,0,1,2,0,-2,0,,,1,1,0,1,1,1,1,0,1,1,0,1,1,1,1,1,1,1,1,1,2,1,1,1,1,1,0,1,0,1,0,1,1,1,1,1,1,1,1,0,0,0,-2,1,1,1,1,1,0,1,1,1,1,1,1,0,1,0,0,1,0,1,1,0,1,1,0,1,1,1,1,0,2,1,A,. ,2,1,1,R,15862,2,A,.,R,7971,R,5104,A,.,R,70,R,70,1,1,0,0,0,0,0,1,107,1,107,1,107,1,107,,,,,,,,,,,,,,,,,,,,,
2019,186399,0,1,1,0,0,0,1,2,0,-2,0,,,0,0,0,1,1,1,1,0,1,1,0,1,1,1,1,1,1,1,1,1,2,1,1,1,1,1,0,1,0,1,0,1,1,1,1,1,0,1,1,0,0,0,-2,1,1,1,1,1,0,1,1,1,1,1,1,0,1,0,0,1,0,1,1,0,1,1,0,1,1,1,1,0,2,1,A,. ,2,1,1,R,2053,2,A,.,R,8615,R,5314,A,.,R,70,R,70,1,1,0,0,0,0,0,2,-2,1,187,1,187,1,187,,,,,,,,,,,,,,,,,,,,,
2019,186867,0,1,0,0,0,0,3,-2,-2,-2,0,,,0,0,0,1,1,1,0,0,1,0,0,1,1,1,1,1,2,1,-2,-2,2,1,0,1,0,0,0,1,0,1,0,1,1,0,1,1,0,0,0,0,0,0,-2,0,1,1,1,0,0,1,1,1,1,1,1,0,1,0,0,1,0,1,0,0,1,1,0,1,1,1,1,0,2,2,R,5 ,2,2,1,R,1801,2,A,.,R,8910,R,6860,A,.,R,70,R,60,1,1,0,0,0,0,0,2,-2,1,172,1,172,1,172,,,,,,,,,,,,,,,,,,,,,
2019,190415,0,1,0,0,0,0,3,-2,-2,-2,0,,,0,0,0,1,0,1,0,0,1,1,0,1,1,1,1,1,2,1,1,1,2,1,0,1,1,1,0,0,0,1,0,1,1,1,1,1,0,0,0,0,0,0,-2,0,1,1,1,0,0,1,1,1,1,1,1,0,2,0,0,0,0,1,0,0,1,1,0,1,1,1,1,0,2,2,R,6 ,2,1,1,R,7200,1,R,14,R,9152,R,6094,A,.,R,80,R,105,1,1,0,0,0,0,0,1,117,1,117,1,117,1,117,,,,,,,,,,,,,,,,,,,,,
2019,191241,0,1,1,0,0,0,4,-2,-2,30,0,,,0,0,0,1,1,1,1,0,1,1,0,1,1,1,1,1,1,1,1,1,2,1,1,1,1,1,0,0,1,1,0,1,1,1,1,1,1,1,1,0,1,0,-2,0,1,1,1,0,0,1,1,1,1,1,1,0,1,0,1,1,0,1,0,0,1,1,0,1,1,1,1,0,2,2,R,8 ,2,2,1,R,4650,2,A,.,A,.,A,.,R,18510,R,70,R,70,1,1,0,0,0,0,0,1,128,1,103,1,103,1,103,,,,,,,,,,,,,,,,,,,,,
2019,193900,1,1,1,0,0,0,3,-2,-2,-2,1,,,0,1,0,1,1,1,1,0,1,1,1,1,1,1,1,1,1,1,1,1,2,1,0,1,1,1,0,1,1,1,0,1,1,0,1,1,0,1,1,1,1,0,-2,0,1,1,1,0,0,1,1,1,1,1,1,0,1,0,1,1,1,1,1,0,1,1,0,1,1,1,1,0,2,2,R,9 ,2,2,1,R,12994,1,R,19,R,13548,R,5136,A,.,R,80,R,110,1,1,0,0,0,0,0,2,-2,1,200,1,200,1,200,,,,,,,,,,,,,,,,,,,,,
2019,194824,0,1,0,0,0,0,3,-2,-2,-2,0,,,0,0,0,1,0,1,0,0,1,0,0,1,1,1,1,1,2,1,-2,-2,2,1,0,1,1,0,0,1,0,1,0,1,1,1,1,1,0,0,0,0,0,0,-2,0,1,1,1,0,0,1,1,1,1,1,1,0,1,0,0,1,0,0,0,1,0,0,1,0,0,0,0,1,2,1,A,. ,1,2,1,R,3930,1,R,21,R,8770,R,6810,A,.,R,70,R,75,1,1,0,0,0,0,0,1,201,1,201,1,201,1,201,,,,,,,,,,,,,,,,,,,,,
2019,195003,1,1,1,0,0,0,3,-2,-2,-2,1,,,1,1,0,1,1,1,0,0,1,0,0,1,1,1,1,1,1,1,-2,-2,2,1,1,1,1,1,0,1,1,1,0,1,1,1,1,1,1,1,1,0,1,0,-2,0,1,1,1,1,0,1,1,1,1,1,1,0,1,0,1,1,0,1,1,0,1,1,0,1,1,1,1,0,2,2,R,14 ,2,2,1,R,6527,2,A,.,R,7902,R,6000,A,.,R,65,R,65,1,1,0,0,0,0,0,2,-2,1,201,1,201,1,201,,,,,,,,,,,,,,,,,,,,,
2019,195030,0,1,1,1,0,0,3,-2,-2,-2,1,,,0,0,0,1,1,1,1,0,1,1,0,1,1,1,1,1,2,1,1,1,2,1,0,1,1,1,0,0,0,1,0,1,1,1,1,1,0,1,1,0,1,0,-2,1,1,1,1,0,0,1,1,1,1,1,1,0,1,0,0,1,0,1,0,0,1,0,0,1,0,1,1,0,2,1,A,. ,1,2,1,R,1350,2,A,.,R,10090,R,6380,A,.,R,50,R,50,1,1,0,0,0,0,0,1,200,1,200,1,200,1,200,,,,,,,,,,,,,,,,,,,,,
2019,196079,0,1,0,0,0,0,1,2,0,-2,0,,,0,0,0,1,0,1,1,0,1,1,0,1,1,1,1,1,1,1,1,1,2,0,1,1,1,1,0,1,0,1,0,1,1,0,1,1,1,1,1,0,1,0,-2,0,1,1,1,1,0,1,1,1,1,1,1,0,1,0,0,1,0,1,0,0,1,0,0,1,0,1,1,0,2,1,A,. ,2,1,1,R,7391,2,A,.,R,10830,R,5238,A,.,R,50,R,75,1,1,0,0,0,0,0,2,-2,1,101,1,101,1,101,,,,,,,,,,,,,,,,,,,,,
2019,196088,0,1,0,0,0,0,1,2,0,-2,0,,,1,1,0,1,0,1,1,0,1,1,0,1,1,1,1,1,1,1,1,1,2,1,1,1,1,1,0,1,0,1,0,0,0,0,0,1,0,1,1,0,0,0,-2,1,1,1,1,1,0,1,1,1,1,1,1,0,1,0,0,1,0,1,1,0,1,1,0,1,1,1,1,0,2,1,A,. ,2,1,1,R,7972,1,R,21,R,8521,R,5613,A,.,R,50,R,75,1,1,0,0,0,0,0,1,119,1,119,2,-2,1,119,,,,,,,,,,,,,,,,,,,,,
2019,196097,1,1,1,1,0,0,1,2,0,-2,0,,,0,0,0,1,1,1,1,0,1,1,0,1,1,1,1,1,1,1,1,1,2,0,1,1,1,1,0,1,0,1,0,1,1,0,0,1,0,1,1,0,1,0,-2,1,1,1,1,1,0,1,1,1,1,1,1,0,1,0,0,1,0,1,1,0,1,1,0,1,1,1,1,0,2,2,R,5 ,2,1,1,R,10474,2,A,.,R,9082,R,5196,A,.,R,50,R,100,1,1,0,0,0,0,0,1,110,1,101,1,101,1,101,,,,,,,,,,,,,,,,,,,,,
2019,196413,1,1,1,1,0,0,3,-2,-2,-2,1,,,0,1,0,1,1,1,1,0,1,1,0,1,1,1,1,1,1,1,1,1,2,1,1,1,1,1,0,1,1,1,0,1,1,0,1,1,1,1,1,0,1,0,-2,1,1,1,1,1,0,1,1,1,1,1,1,0,1,0,1,1,0,1,1,0,1,1,0,1,1,1,1,0,2,2,R,12 ,2,2,1,R,8047,1,R,21,R,8470,R,7440,A,.,R,85,R,75,1,1,0,0,0,0,0,1,102,1,102,2,-2,1,102,,,,,,,,,,,,,,,,,,,,,
2019,197708,0,1,1,0,0,0,3,-2,-2,-2,0,,,0,1,0,1,0,1,1,0,1,1,0,1,1,1,1,1,1,1,1,1,2,1,0,0,0,0,0,1,0,1,0,0,0,0,0,1,1,1,1,0,1,0,-2,0,1,1,1,0,0,1,1,1,1,1,1,0,1,0,0,1,0,1,0,0,1,1,0,1,1,1,1,0,2,2,R,23 ,2,2,1,R,1645,2,A,.,R,9000,R,3500,A,.,R,65,R,50,1,1,0,0,0,0,0,2,-2,1,196,1,196,1,196,,,,,,,,,,,,,,,,,,,,,
2019,198419,0,1,0,0,0,0,4,-2,-2,71,0,,,0,0,0,1,1,1,1,0,1,1,0,1,1,1,1,1,2,1,1,1,2,1,0,0,1,0,0,0,0,1,0,1,1,1,1,1,0,1,0,0,1,0,-2,0,1,1,1,0,0,1,1,1,1,1,1,0,1,0,1,0,0,0,0,1,1,1,0,1,1,0,1,0,2,1,A,. ,1,2,1,R,5773,2,A,.,R,8924,R,6664,A,.,R,85,R,95,1,1,0,0,0,0,0,1,102,1,102,1,102,1,102,,,,,,,,,,,,,,,,,,,,,
2019,199120,1,1,1,1,0,0,1,2,0,-2,0,,,1,0,0,1,1,1,1,0,1,1,0,1,1,1,1,1,1,1,1,1,2,1,1,1,1,1,0,1,1,1,0,1,1,1,1,1,1,1,1,0,1,0,-2,0,1,1,0,1,0,1,1,1,1,1,1,0,1,1,0,1,0,1,0,0,1,1,0,1,1,1,1,0,2,1,A,. ,2,1,1,R,10113,1,R,99,R,6810,R,4716,A,.,R,85,R,95,1,1,0,0,0,0,0,1,102,1,102,1,102,1,102,,,,,,,,,,,,,,,,,,,,,
2019,199193,1,1,1,1,0,0,1,2,0,-2,0,,,0,1,0,1,1,1,0,0,1,1,0,1,1,1,1,1,1,1,1,1,2,1,1,1,1,1,0,1,0,1,0,1,1,1,1,1,0,1,1,0,1,0,-2,1,1,1,1,0,0,1,1,1,1,1,1,0,1,1,0,1,0,1,1,0,1,1,0,1,1,1,1,0,2,2,R,5 ,2,1,1,R,10281,2,A,.,R,6070,R,4600,A,.,R,85,R,75,1,1,0,0,0,0,0,1,102,1,102,1,102,1,102,,,,,,,,,,,,,,,,,,,,,
2019,199847,0,1,0,0,0,0,3,-2,-2,-2,0,,,0,0,0,1,1,1,0,0,1,1,0,1,1,1,1,1,1,1,1,1,2,1,0,0,0,0,0,1,0,1,0,1,1,0,0,1,1,1,1,0,1,0,-2,1,1,1,1,0,0,1,1,1,1,1,1,0,1,0,1,1,0,1,0,0,1,1,0,1,1,1,1,0,2,2,R,10 ,2,2,1,R,4171,1,R,99,R,9560,R,7180,A,.,R,65,R,80,1,1,0,0,0,0,0,1,102,1,102,1,102,1,102,,,,,,,,,,,,,,,,,,,,,
2019,201645,0,1,1,1,0,0,3,-2,-2,-2,0,,,0,0,0,1,1,1,1,0,1,1,0,1,1,1,1,1,1,1,1,1,2,1,0,1,0,1,0,0,0,1,0,1,1,0,1,1,0,1,1,0,1,0,-2,0,1,1,1,0,0,1,1,1,1,1,1,0,1,0,0,1,0,0,0,1,1,1,0,1,1,0,1,0,2,2,R,13 ,2,2,1,R,4419,2,A,.,R,9080,R,6534,A,.,R,70,R,50,1,1,0,0,0,0,0,1,194,1,200,1,200,1,200,,,,,,,,,,,,,,,,,,,,,
2019,204796,0,1,0,0,0,0,1,2,0,-2,1,,,1,1,0,1,1,1,1,0,1,1,0,1,1,1,1,1,1,1,1,1,2,1,1,1,1,1,0,1,0,1,0,1,1,1,1,1,0,1,1,0,1,0,-2,1,1,1,1,1,0,1,1,1,1,1,1,0,1,1,0,1,0,1,1,0,1,1,0,1,1,1,1,0,2,2,R,5 ,2,1,1,R,15526,2,A,.,A,.,A,.,R,12748,R,60,R,60,1,1,0,0,0,0,0,1,107,1,107,1,107,1,107,,,,,,,,,,,,,,,,,,,,,
2019,211440,0,1,0,0,0,0,3,-2,-2,-2,0,,,0,0,0,1,1,1,1,0,1,0,0,1,1,1,1,1,1,1,-2,-2,2,1,0,1,1,1,0,1,0,1,0,1,1,1,1,1,0,1,0,1,0,0,-2,0,1,1,1,0,0,1,1,1,1,1,1,0,1,0,0,1,0,1,0,0,1,1,0,1,1,1,1,0,2,2,R,7 ,2,2,1,R,4049,2,A,.,R,8822,R,6150,A,.,R,75,R,75,1,1,0,0,0,0,0,1,200,1,200,2,-2,1,200,,,,,,,,,,,,,,,,,,,,,
2019,212054,1,1,1,0,0,0,3,-2,-2,-2,1,,,1,0,0,1,1,1,1,0,1,1,0,2,1,1,1,1,1,1,1,1,2,1,1,1,1,1,0,1,1,1,0,1,1,1,1,1,1,1,1,0,1,0,-2,1,1,1,1,0,0,1,1,1,1,1,1,0,1,0,0,1,0,1,1,0,1,1,0,1,1,1,1,0,2,2,R,6 ,2,2,1,R,4168,2,A,.,R,8400,R,5841,A,.,R,50,R,65,1,1,0,0,0,0,0,2,-2,1,110,2,-2,2,-2,,,,,,,,,,,,,,,,,,,,,
2019,213543,0,1,0,0,0,0,3,-2,-2,-2,0,,,0,0,0,1,1,1,0,0,1,0,0,1,1,1,1,1,2,1,-2,-2,2,1,0,0,0,0,0,1,0,1,0,1,1,0,0,1,0,1,0,0,1,0,-2,0,1,1,1,1,0,1,1,1,1,1,1,0,1,0,1,1,0,1,0,0,1,1,0,1,1,1,1,0,2,2,R,10 ,2,2,1,R,2593,2,A,.,R,8290,R,5870,A,.,R,70,R,75,1,1,0,0,0,0,0,1,128,1,128,1,128,1,128,,,,,,,,,,,,,,,,,,,,,
2019,214777,1,1,1,0,0,0,1,2,0,-2,1,,,1,1,0,1,1,1,0,0,1,1,0,1,1,1,1,1,1,1,1,1,2,0,1,1,1,1,0,1,1,1,0,1,1,1,1,1,1,1,0,0,1,0,-2,1,1,1,1,1,0,1,1,1,1,1,1,0,1,0,0,1,0,1,0,0,1,0,0,1,0,1,1,0,2,2,R,4 ,2,1,1,R,14362,2,A,.,R,6554,R,5330,A,.,R,65,R,65,1,1,0,0,0,0,0,1,107,1,107,1,107,1,107,,,,,,,,,,,,,,,,,,,,,
2019,215062,0,1,1,0,0,0,3,-2,-2,-2,0,,,0,1,0,1,1,1,1,0,1,1,0,1,1,1,1,1,1,1,1,1,2,1,0,1,1,0,0,0,0,1,0,1,1,1,1,1,1,1,1,1,1,0,-2,0,1,1,1,1,0,1,1,1,1,1,1,0,1,0,1,1,0,1,1,0,1,1,0,1,1,1,1,0,2,2,R,9 ,2,1,1,R,6400,2,A,.,R,10600,R,5590,A,.,R,75,R,80,1,1,0,0,0,0,0,1,117,1,117,1,117,1,117,,,,,,,,,,,,,,,,,,,,,
2019,215293,1,1,1,1,0,0,1,9,0,-2,1,,,0,1,1,1,1,1,1,0,1,1,0,1,1,1,1,1,1,1,1,1,2,1,1,1,1,1,0,1,0,1,0,1,1,1,1,1,1,1,1,0,1,0,-2,1,1,1,1,0,0,1,1,1,1,1,1,0,1,0,0,1,0,1,1,0,1,1,0,1,1,1,1,0,2,1,A,. ,2,1,1,R,8097,2,A,.,R,6550,R,4700,A,.,R,55,R,50,1,1,0,0,0,0,0,1,102,1,102,1,102,1,102,,,,,,,,,,,,,,,,,,,,,
2019,216597,0,1,1,0,0,0,4,-2,-2,30,1,,,0,1,0,1,1,1,1,0,1,1,0,1,1,1,1,1,1,1,1,1,2,1,0,1,0,1,0,1,0,1,0,1,1,1,1,1,1,1,1,1,1,0,-2,0,1,1,1,0,0,1,1,1,1,1,1,0,1,0,0,1,0,1,1,0,1,1,0,1,1,1,1,0,2,2,R,9 ,2,2,1,R,5400,2,A,.,R,7744,R,6700,A,.,R,80,R,50,1,1,0,0,0,0,0,1,110,1,104,1,104,1,104,,,,,,,,,,,,,,,,,,,,,
2019,217156,0,1,1,0,0,0,3,-2,-2,-2,0,,,0,0,0,1,1,1,0,0,1,1,0,1,1,1,1,1,2,1,1,1,2,1,0,1,1,1,0,0,0,0,1,1,1,1,1,1,0,1,1,0,0,0,-2,0,1,1,1,0,0,1,1,1,1,1,1,0,1,0,1,1,0,0,0,1,0,0,1,0,0,0,0,1,2,2,R,26 ,1,2,1,R,5073,1,R,20,R,9420,R,5912,A,.,R,75,R,75,1,1,0,0,0,0,0,1,117,1,117,1,117,1,117,,,,,,,,,,,,,,,,,,,,,
2019,217882,0,1,0,0,0,0,1,2,0,-2,0,,,0,0,0,1,0,1,1,0,1,0,0,1,1,1,1,1,1,1,-2,-2,2,1,1,1,1,0,0,1,0,1,0,1,1,0,1,1,0,1,1,0,1,0,-2,0,1,1,1,0,0,1,1,1,1,1,1,0,1,0,0,1,0,1,1,0,1,1,0,1,1,1,1,0,2,2,R,7 ,2,1,1,R,7600,1,R,21,R,7214,R,4200,A,.,R,70,R,80,1,1,0,0,0,0,0,1,102,1,102,1,102,1,102,,,,,,,,,,,,,,,,,,,,,
2019,217925,0,1,1,0,0,0,3,-2,-2,-2,1,,,1,1,0,1,1,1,1,0,1,0,0,1,1,1,1,1,2,1,-2,-2,2,1,1,0,1,1,0,1,0,1,0,0,0,0,0,1,0,1,1,0,1,0,-2,0,1,1,1,0,0,1,1,1,1,1,1,0,1,0,0,1,0,1,1,0,1,1,0,1,1,1,1,0,2,2,R,6 ,2,2,1,R,420,1,R,21,A,.,A,.,R,8850,R,25,R,25,1,0,1,0,0,1,0,2,-2,1,316,1,316,1,316,,,,,,,,,,,,,,,,,,,,,
2019,221999,0,1,1,0,0,0,3,-2,-2,-2,0,,,0,0,0,1,0,1,1,0,1,1,0,1,1,1,1,1,1,1,1,1,2,1,0,0,0,0,0,1,0,1,0,1,1,1,1,1,1,1,1,0,1,0,-2,0,1,1,1,1,0,1,1,1,1,1,1,0,2,0,0,0,0,0,0,1,1,1,0,1,1,0,1,0,2,2,R,15 ,1,2,1,R,5892,1,R,21,R,11044,R,5866,A,.,R,50,R,95,1,1,0,0,0,0,0,1,130,1,130,1,130,1,130,,,,,,,,,,,,,,,,,,,,,
2019,223232,0,1,1,0,0,0,4,-2,-2,54,0,,,0,0,0,1,0,1,1,0,1,1,0,1,1,1,1,1,1,1,1,1,2,1,1,1,1,0,0,1,1,1,0,1,1,0,1,1,0,1,1,0,1,0,-2,0,1,1,1,0,0,1,1,1,1,1,1,0,1,1,1,1,0,1,0,0,1,1,0,1,1,1,1,0,2,2,R,8 ,2,2,1,R,5103,1,R,21,R,7150,R,5842,A,.,R,0,R,50,1,1,0,0,0,0,0,1,108,1,108,1,108,1,108,,,,,,,,,,,,,,,,,,,,,
2019,227757,0,1,1,1,0,0,3,-2,-2,-2,0,,,0,0,0,1,0,1,0,0,1,0,0,1,1,1,1,1,2,1,-2,-2,2,1,0,1,1,0,0,1,0,1,0,1,1,1,1,1,1,1,1,0,1,0,-2,0,1,1,1,0,0,1,1,1,1,1,1,0,1,0,1,1,0,1,0,0,1,1,0,1,1,1,1,0,2,2,R,8 ,2,2,1,R,3309,1,R,20,R,9700,R,4440,A,.,R,75,R,85,1,1,0,0,0,0,0,1,111,1,111,1,111,1,111,,,,,,,,,,,,,,,,,,,,,
2019,228246,0,1,1,1,0,0,4,-2,-2,71,0,,,0,0,0,1,1,1,1,0,1,1,0,1,1,1,1,1,1,1,1,1,2,1,1,1,1,1,0,1,0,1,0,1,1,0,1,1,1,1,1,0,1,0,-2,1,1,1,1,1,0,1,1,1,1,1,1,0,1,0,1,1,0,1,0,0,1,1,0,1,1,1,1,0,2,2,R,11 ,2,2,1,R,3375,2,A,.,R,10550,R,6200,A,.,R,60,R,75,1,1,0,0,0,0,0,1,372,1,372,2,-2,1,372,,,,,,,,,,,,,,,,,,,,,
2019,228723,0,1,0,0,0,0,1,2,0,-2,1,,,0,0,0,1,1,1,1,0,1,1,0,1,1,1,1,1,1,1,1,1,2,1,1,1,1,1,0,1,0,1,0,1,1,1,1,1,1,1,1,0,1,0,-2,1,1,1,1,1,0,1,1,1,1,1,1,0,1,1,0,1,0,1,1,0,1,1,0,1,1,1,1,0,2,2,R,4 ,2,1,1,R,12750,2,A,.,A,.,A,.,R,10400,R,75,R,65,1,1,0,0,0,0,0,1,130,1,130,1,130,1,130,,,,,,,,,,,,,,,,,,,,,
2019,228778,0,1,0,0,0,0,1,2,0,-2,1,,,0,0,0,1,1,1,0,0,1,1,0,1,1,1,1,1,1,1,1,1,2,1,1,1,1,1,0,1,0,1,0,1,1,1,1,1,0,1,1,0,1,0,-2,1,1,1,1,1,0,1,1,1,1,1,1,0,1,1,0,1,0,1,0,0,1,1,0,1,1,1,1,0,2,1,A,. ,2,1,1,R,7784,2,A,.,A,.,A,.,R,11812,R,75,R,65,1,1,0,0,0,0,0,1,108,1,108,1,108,1,108,,,,,,,,,,,,,,,,,,,,,
2019,228875,1,1,0,1,0,0,4,-2,-2,61,0,,,1,0,1,1,1,1,1,0,1,1,0,1,1,1,1,1,1,1,1,1,2,1,1,1,1,1,0,1,1,1,0,1,1,0,1,1,1,1,1,0,1,0,-2,0,1,1,1,0,0,1,1,1,1,1,1,0,1,0,0,1,0,1,0,0,1,1,0,1,1,1,1,0,2,2,R,10 ,2,2,1,R,4780,2,A,.,R,8060,R,5140,A,.,R,50,R,60,1,1,0,0,0,0,0,1,108,1,108,1,108,1,108,,,,,,,,,,,,,,,,,,,,,
2019,231624,0,1,0,0,0,0,1,2,0,-2,0,,,0,0,0,1,1,1,1,0,1,1,0,1,1,1,1,1,1,1,1,1,2,1,1,1,1,1,0,1,0,1,0,1,1,0,0,1,0,1,1,0,1,0,-2,0,1,1,1,1,0,1,1,1,1,1,1,0,1,1,0,1,1,1,0,0,1,1,0,1,1,1,1,0,2,2,R,12 ,2,1,1,R,4728,2,A,.,R,7958,R,4968,A,.,R,75,R,50,1,1,0,0,0,0,0,1,110,1,110,1,110,1,110,,,,,,,,,,,,,,,,,,,,,
2019,234076,0,1,1,1,0,0,1,2,0,-2,1,,,1,0,0,1,1,1,1,0,1,1,0,1,1,1,1,1,1,1,1,1,2,1,0,0,1,0,0,1,0,1,0,1,1,1,1,1,0,1,0,0,1,0,-2,0,1,1,1,1,0,1,1,1,1,1,1,0,1,1,1,1,0,1,1,0,1,1,0,1,1,1,1,0,2,2,R,8 ,2,1,1,R,7191,1,R,21,R,6720,R,5230,A,.,R,70,R,85,1,1,0,0,0,0,0,1,102,1,102,1,102,1,102,,,,,,,,,,,,,,,,,,,,,
2019,236948,0,1,1,0,0,0,1,2,0,-2,0,,,0,0,0,1,0,1,1,0,1,1,1,2,1,1,1,1,1,1,1,1,2,0,1,1,1,1,0,1,0,1,0,1,1,1,1,1,1,1,1,1,1,0,-2,0,1,1,1,1,0,1,1,1,1,1,1,0,1,0,1,0,0,1,1,0,1,1,0,1,1,1,1,0,2,2,R,7 ,2,1,1,R,10212,2,A,.,A,.,A,.,R,13296,R,80,R,85,1,1,0,0,0,0,0,1,127,1,127,1,127,1,127,,,,,,,,,,,,,,,,,,,,,
2019,239105,0,1,1,0,0,0,4,-2,-2,30,0,,,0,0,0,1,1,1,1,0,1,1,0,1,1,1,1,1,1,1,1,1,2,1,1,1,1,1,0,1,0,1,0,1,1,1,1,1,1,1,1,0,1,0,-2,0,1,1,1,1,0,1,1,1,1,1,1,0,1,0,0,1,0,1,1,0,1,1,0,1,1,1,1,0,2,2,R,9 ,2,1,1,R,5331,1,R,21,R,8660,R,4540,A,.,R,0,R,50,1,1,0,0,0,0,0,2,-2,1,104,2,-2,1,104,,,,,,,,,,,,,,,,,,,,,
2019,240444,0,1,0,0,0,0,1,2,0,-2,1,,,0,0,0,1,1,1,1,0,1,1,0,1,1,1,1,1,1,1,1,1,2,1,1,1,1,1,0,1,0,1,0,1,1,1,1,1,0,1,1,1,1,0,-2,0,1,1,1,1,0,1,1,1,1,1,1,0,1,0,0,1,0,1,1,0,1,1,0,1,1,1,1,0,2,1,A,. ,2,1,1,R,7825,2,A,.,R,7067,R,4100,A,.,R,60,R,85,1,1,0,0,0,0,0,1,107,1,107,2,-2,1,107,,,,,,,,,,,,,,,,,,,,,
2019,243744,0,1,0,0,0,0,3,-2,-2,-2,0,,,0,0,0,1,0,1,1,0,1,1,0,2,1,1,1,2,2,1,1,1,2,1,0,1,1,0,0,0,0,1,0,1,1,1,1,1,0,1,1,0,1,0,-2,0,1,1,1,1,0,1,1,1,1,1,1,0,2,0,0,0,0,0,0,1,1,1,0,1,1,0,1,0,2,2,R,17 ,1,2,1,R,12588,2,A,.,R,10110,R,6323,A,.,R,90,R,125,1,1,0,0,0,0,0,1,127,1,127,1,127,1,127,,,,,,,,,,,,,,,,,,,,,
2019,243780,0,1,1,0,0,0,1,2,0,-2,1,,,0,1,0,1,1,1,1,0,1,1,0,1,1,1,1,1,1,1,1,1,2,1,1,1,1,1,0,1,0,1,0,1,1,1,1,1,1,1,1,0,1,0,-2,0,1,1,1,1,0,1,1,1,1,1,1,0,1,0,0,1,0,1,1,0,1,1,0,1,1,1,1,0,2,2,R,6 ,2,1,1,R,14901,2,A,.,R,4860,R,5398,A,.,R,60,R,60,1,1,0,0,0,0,0,1,107,1,107,1,107,1,107,,,,,,,,,,,,,,,,,,,,,
2019,445188,0,1,0,0,0,0,1,2,0,-2,0,,,0,0,0,1,0,1,0,0,1,0,0,1,1,1,1,1,1,1,-2,-2,2,1,0,1,1,1,0,1,0,1,0,0,0,0,0,1,0,0,0,0,0,0,-2,0,1,1,0,1,0,1,1,1,1,1,1,0,1,0,0,1,0,1,0,0,0,0,1,1,0,1,0,0,2,1,A,. ,2,1,1,R,3814,2,A,.,A,.,A,.,R,17046,R,70,R,120,1,0,1,0,0,0,0,2,-2,1,301,2,-2,1,301,,,,,,,,,,,,,,,,,,,,,
2021,100858,0,1,1,0,0,0,1,2,0,-2,1,0,1,0,0,0,1,1,1,1,0,1,1,1,1,1,1,1,1,1,1,1,1,2,1,1,1,1,1,0,1,0,1,0,1,1,1,1,1,0,1,1,0,1,0,-2,0,1,1,1,0,0,1,1,1,1,1,1,0,1,0,0,1,0,1,1,0,1,1,0,1,1,1,1,0,2,2,R,9 ,2,1,1,R,4823,2,A,.,R,8892,R,5704,A,.,R,50,R,60,1,1,0,0,0,0,0,1,130,1,130,1,130,1,130,,,,,,,,,,,,,,,,,,,,,
2021,110404,0,1,0,0,0,0,3,-2,-2,-2,0,0,0,0,0,0,1,0,1,1,0,1,0,0,2,1,1,1,2,2,1,-2,-2,2,1,0,1,0,0,0,0,0,0,1,1,1,0,1,1,0,0,0,0,0,0,-2,0,1,1,1,0,0,1,1,1,1,1,1,0,1,0,0,1,0,0,0,1,0,0,1,0,0,0,0,1,2,2,R,7 ,2,2,1,R,1572,2,A,.,R,10398,R,7350,A,.,R,75,R,100,1,1,0,0,0,0,0,2,-2,1,197,1,197,1,197,,,,,,,,,,,,,,,,,,,,,
2021,110635,0,1,0,0,0,0,1,2,0,-2,0,0,0,0,0,0,1,1,1,1,0,1,1,0,1,1,1,1,1,1,1,1,1,2,1,0,1,1,0,0,0,0,1,0,1,1,1,1,1,0,1,1,0,0,0,-2,0,1,1,1,1,0,1,1,1,1,1,1,0,1,0,0,1,0,1,0,0,1,1,0,1,1,1,1,0,2,2,R,13 ,2,1,1,R,9630,2,A,.,A,.,A,.,R,20236,R,70,R,120,1,1,0,0,0,0,0,1,127,1,127,1,127,1,127,,,,,,,,,,,,,,,,,,,,,
2021,110644,0,1,1,0,0,0,1,2,0,-2,0,0,0,0,0,0,1,1,1,1,0,1,1,0,2,1,1,1,1,1,1,1,1,2,1,0,1,0,1,0,1,0,1,0,1,1,1,1,1,0,1,0,0,1,0,-2,0,1,1,1,1,0,1,1,1,1,1,1,0,1,0,0,1,0,1,0,0,1,1,0,1,1,1,1,0,2,1,A,. ,2,1,1,R,11142,2,A,.,A,.,A,.,R,17018,R,70,R,120,1,1,0,0,0,0,0,1,105,1,109,1,109,1,109,,,,,,,,,,,,,,,,,,,,,
2021,110653,0,1,1,0,0,0,1,2,0,-2,0,0,0,0,0,0,1,1,1,0,0,1,1,0,2,1,1,1,1,1,1,1,1,2,1,0,1,1,1,0,0,0,1,0,1,1,0,1,1,0,1,1,0,1,0,-2,1,1,1,1,1,0,1,1,1,1,1,1,0,1,0,0,1,0,1,0,0,1,1,0,1,1,1,1,0,2,1,A,. ,2,1,1,R,15493,2,A,.,A,.,A,.,R,16869,R,70,R,120,1,1,0,0,0,0,0,2,-2,1,109,1,109,1,109,,,,,,,,,,,,,,,,,,,,,
2021,110662,0,1,0,0,0,0,1,2,0,-2,0,0,0,0,0,0,1,0,1,1,0,1,1,0,2,1,1,1,1,1,1,1,1,2,1,0,1,1,1,0,1,0,1,0,1,1,1,1,1,0,0,0,0,0,0,-2,0,1,1,1,1,0,1,1,1,1,1,1,0,1,0,0,1,0,1,0,0,1,1,0,1,1,1,1,0,2,2,R,4 ,2,1,1,R,20372,1,R,19,A,.,A,.,R,16763,R,70,R,120,1,1,0,0,0,0,0,1,127,1,127,1,127,1,127,,,,,,,,,,,,,,,,,,,,,
2021,110671,0,1,0,0,0,0,1,2,0,-2,0,0,0,0,0,0,1,0,1,0,0,1,1,0,2,1,1,1,1,1,1,1,1,2,1,1,1,1,1,0,1,0,1,0,0,0,0,0,1,1,1,1,0,1,0,-2,0,1,1,1,1,0,1,1,1,1,1,1,0,1,0,0,1,0,1,0,0,1,1,0,1,1,1,1,0,2,1,A,. ,2,1,1,R,8597,2,A,.,A,.,A,.,R,16600,R,70,R,120,1,1,0,0,0,0,0,2,-2,1,109,1,109,1,109,,,,,,,,,,,,,,,,,,,,,
2021,110680,0,1,0,0,0,0,1,2,0,-2,0,0,0,0,0,0,1,0,1,0,0,1,1,0,2,1,1,1,1,1,1,1,1,2,1,0,1,1,1,0,0,0,1,0,0,0,0,0,1,0,1,1,0,1,0,-2,0,1,1,1,1,0,1,1,1,1,1,1,0,1,0,0,1,0,1,0,0,1,0,0,1,0,1,1,0,2,1,A,. ,2,1,1,R,17765,2,A,.,A,.,A,.,R,16145,R,70,R,120,1,1,0,0,0,0,0,2,-2,1,109,1,109,1,109,,,,,,,,,,,,,,,,,,,,,
2021,110705,0,1,0,0,0,0,1,2,0,-2,0,0,0,0,0,0,1,1,1,0,0,1,0,0,2,1,1,1,1,1,1,-2,-2,2,1,1,1,1,0,0,1,0,1,0,1,1,0,0,1,0,1,0,0,1,0,-2,0,1,1,1,1,0,1,1,1,1,1,1,0,2,0,0,0,0,1,0,0,1,0,0,1,0,1,1,0,2,2,R,5 ,2,1,1,R,11031,1,R,19,A,.,A,.,R,16699,R,70,R,120,1,1,0,0,0,0,0,2,-2,1,109,1,109,1,109,,,,,,,,,,,,,,,,,,,,,
2021,110714,0,1,0,0,0,0,1,2,0,-2,0,0,0,0,0,0,1,0,1,0,0,1,0,0,2,1,1,1,1,1,1,-2,-2,2,1,0,1,1,0,0,1,0,1,0,0,0,0,0,1,0,1,1,0,1,0,-2,1,1,1,1,1,0,1,1,1,1,1,1,0,1,0,0,1,0,1,0,0,1,0,0,1,0,1,1,0,2,2,R,10 ,2,1,1,R,9300,2,A,.,A,.,A,.,R,17429,R,70,R,120,1,1,0,0,0,0,0,2,-2,1,170,2,-2,1,170,,,,,,,,,,,,,,,,,,,,,
2021,121150,0,1,0,0,0,0,4,-2,-2,74,0,0,0,0,0,0,1,1,1,0,0,1,1,0,1,1,1,1,1,1,1,1,1,2,1,0,1,1,0,0,1,0,1,0,1,1,0,1,1,1,1,1,0,1,0,-2,1,1,1,1,0,0,1,1,1,1,1,1,0,1,0,0,1,0,1,1,0,1,1,0,1,1,1,1,0,2,2,R,11 ,2,2,1,R,2579,2,A,.,A,.,A,.,R,16700,R,65,R,65,1,1,0,0,0,0,0,2,-2,1,136,1,136,1,136,,,,,,,,,,,,,,,,,,,,,
2021,122931,0,1,0,0,0,0,4,-2,-2,30,0,0,0,0,0,0,1,1,1,1,0,1,1,0,2,1,1,1,1,1,1,1,1,2,1,0,1,1,0,0,0,0,1,0,1,1,1,1,1,1,1,1,0,1,0,-2,0,1,1,0,1,0,1,1,1,1,1,1,0,1,0,0,1,0,0,0,1,1,1,0,1,1,0,1,0,2,2,R,15 ,2,2,1,R,3551,2,A,.,A,.,A,.,R,16533,R,70,R,73,1,1,0,0,0,0,0,2,-2,1,136,1,136,1,136,,,,,,,,,,,,,,,,,,,,,
2021,123961,0,1,0,0,0,0,3,-2,-2,-2,0,0,0,0,0,0,1,1,1,1,0,1,1,1,1,1,1,1,1,1,1,1,1,2,1,1,1,1,1,0,0,0,1,0,1,1,1,1,1,0,0,0,0,0,0,-2,0,1,1,1,1,0,1,1,1,1,1,1,0,1,0,1,1,0,0,0,1,1,1,0,1,1,0,1,0,2,1,A,. ,2,2,1,R,8700,2,A,.,R,10098,R,6634,A,.,R,85,R,90,1,1,0,0,0,0,0,1,127,1,127,1,127,1,127,,,,,,,,,,,,,,,,,,,,,
2021,126614,0,1,0,0,0,0,1,2,0,-2,0,0,0,0,0,0,1,0,1,0,0,1,1,0,1,1,1,1,1,1,1,1,1,2,1,1,1,1,1,0,1,1,1,0,1,1,1,1,1,0,1,1,0,1,0,-2,0,1,1,1,1,0,1,1,1,1,1,1,0,1,1,0,1,0,1,1,0,1,1,0,1,1,1,1,0,2,1,A,. ,2,1,1,R,7500,1,R,19,A,.,A,.,R,15220,R,50,R,60,1,1,0,0,0,0,0,1,127,1,127,2,-2,1,127,,,,,,,,,,,,,,,,,,,,,
2021,126775,0,1,0,0,0,0,1,2,0,-2,0,0,0,0,0,0,1,1,1,1,0,1,0,0,1,1,1,1,1,1,1,-2,-2,2,0,1,1,1,1,0,1,1,1,0,1,1,0,1,1,0,1,1,1,0,0,-2,1,1,1,1,0,0,1,1,1,1,1,1,0,1,0,0,1,0,1,0,0,1,1,0,1,1,1,1,0,2,2,R,7 ,2,1,1,R,2445,2,A,.,R,9196,R,6520,A,.,R,25,R,60,1,1,0,0,0,0,0,1,159,1,159,1,159,1,159,,,,,,,,,,,,,,,,,,,,,
2021,129020,0,1,0,0,0,0,1,2,0,-2,0,0,0,0,1,0,1,1,1,1,0,1,1,0,1,1,1,1,1,1,1,1,1,2,1,0,1,1,0,0,1,0,1,0,1,1,0,1,1,0,1,1,0,1,0,-2,0,1,1,1,1,0,1,1,1,1,1,1,0,1,0,0,1,0,1,0,0,1,1,0,1,1,1,1,0,2,2,R,7 ,2,1,1,R,10792,2,A,.,R,7238,R,6020,A,.,R,80,R,75,1,1,0,0,0,0,0,1,104,1,104,1,104,1,104,,,,,,,,,,,,,,,,,,,,,
2021,130794,0,1,0,0,0,0,3,-2,-2,-2,0,0,0,0,0,1,1,1,1,1,0,1,1,1,1,1,1,1,1,2,1,1,1,2,1,0,1,1,1,0,0,0,1,0,1,0,1,1,1,0,0,0,0,0,0,-2,0,1,1,1,1,0,1,1,1,1,1,1,0,1,0,0,1,0,1,0,0,1,0,0,1,0,1,1,0,2,2,R,22 ,1,2,1,R,5576,2,A,.,R,10100,R,7700,A,.,R,80,R,105,1,1,0,0,0,0,0,1,117,1,117,1,117,1,117,,,,,,,,,,,,,,,,,,,,,
2021,130943,0,1,1,0,0,0,1,9,0,-2,0,0,0,0,1,0,1,0,1,0,0,1,1,0,4,1,1,1,1,1,1,1,2,2,1,1,1,1,1,0,1,0,1,0,1,1,0,1,1,0,1,1,0,1,0,-2,1,1,1,1,0,0,1,1,1,1,1,1,0,1,0,0,1,0,1,1,0,1,1,0,1,1,1,1,0,2,2,R,11 ,2,1,1,R,6911,1,R,19,R,8316,R,5426,A,.,R,75,R,75,1,1,0,0,0,0,0,1,110,1,110,1,110,1,110,,,,,,,,,,,,,,,,,,,,,
2021,131159,0,1,0,0,0,0,4,-2,-2,71,1,0,1,0,1,0,1,1,1,0,0,1,1,0,1,1,1,1,1,1,1,1,1,2,1,0,1,1,1,0,1,0,1,0,1,1,0,1,1,1,1,1,0,1,0,-2,1,1,1,0,1,0,1,1,1,1,1,1,0,1,0,1,1,0,1,1,0,1,1,0,1,1,1,1,0,2,2,R,13 ,2,2,1,R,4080,2,A,.,R,10096,R,6314,A,.,R,75,R,61,1,1,0,0,0,0,0,2,-2,1,128,2,-2,1,128,,,,,,,,,,,,,,,,,,,,,
2021,131469,0,1,1,0,0,0,3,-2,-2,-2,0,0,0,1,1,1,1,1,1,1,0,1,1,0,1,1,1,1,1,1,1,1,1,2,1,0,1,1,0,0,1,0,1,0,1,0,1,0,1,0,1,1,0,1,0,-2,0,1,1,1,0,0,1,1,1,1,1,1,0,1,0,0,1,0,1,1,0,1,1,0,1,1,1,1,0,2,1,A,. ,2,2,1,R,6693,2,A,.,R,15260,R,3240,A,.,R,80,R,80,1,1,0,0,0,0,0,2,-2,1,103,1,103,1,103,,,,,,,,,,,,,,,,,,,,,
2021,131496,1,1,1,1,0,0,4,-2,-2,30,0,0,0,1,0,0,1,1,1,1,0,1,1,0,1,1,1,1,1,1,1,1,1,2,1,1,1,1,1,0,1,0,1,0,1,1,1,1,1,1,0,0,0,0,0,-2,0,1,1,1,0,0,1,1,1,1,1,1,0,1,0,0,1,0,1,0,0,1,1,0,1,1,1,1,0,2,2,R,12 ,1,2,1,R,5571,2,A,.,R,11802,R,7120,A,.,R,75,R,90,1,1,0,0,0,0,0,1,128,1,104,1,104,1,104,,,,,,,,,,,,,,,,,,,,,
2021,131520,0,1,0,0,0,0,3,-2,-2,-2,0,0,0,0,0,1,1,1,1,1,0,1,1,0,1,1,1,1,1,1,1,1,1,2,1,0,1,0,0,0,1,0,1,0,1,1,0,1,1,0,1,0,0,1,0,-2,1,1,1,1,0,0,1,1,1,1,1,1,0,1,0,0,1,0,1,0,0,1,1,0,1,1,1,1,0,2,2,R,4 ,1,2,1,R,5719,1,R,19,A,.,A,.,R,14678,R,45,R,75,1,1,0,0,0,0,0,1,121,1,121,2,-2,1,121,,,,,,,,,,,,,,,,,,,,,
2021,133951,0,1,0,0,0,0,1,2,0,-2,0,0,0,0,1,0,1,1,1,1,0,1,1,0,1,1,1,1,1,1,1,1,1,2,0,1,1,1,1,0,1,0,1,0,1,1,0,1,1,1,1,0,0,1,0,-2,0,1,1,1,1,0,1,1,1,1,1,1,0,1,0,1,1,0,1,1,0,1,1,0,1,1,1,1,0,2,2,R,6 ,2,1,1,R,3688,2,A,.,R,7488,R,3588,A,.,R,30,R,30,1,1,0,0,0,0,0,1,111,1,111,1,111,1,111,,,,,,,,,,,,,,,,,,,,,
2021,134097,0,1,1,1,0,0,1,2,0,-2,0,0,0,0,1,0,1,0,1,1,0,1,1,0,1,1,1,1,1,1,1,1,1,2,1,1,1,1,1,0,1,1,1,0,1,1,1,1,1,0,1,1,0,0,0,-2,0,1,1,1,1,0,1,1,1,1,1,1,0,1,0,1,1,0,1,0,0,1,1,0,1,1,1,1,0,2,2,R,20 ,2,1,1,R,6709,1,R,99,R,7020,R,4856,A,.,R,30,R,30,1,1,0,0,0,0,0,1,102,1,102,1,102,1,102,,,,,,,,,,,,,,,,,,,,,
2021,134130,0,1,0,0,0,0,1,2,0,-2,1,0,1,1,1,0,1,1,1,1,0,1,1,0,1,1,1,1,1,1,1,1,1,2,1,1,1,1,1,0,1,0,1,0,1,1,1,1,1,1,1,1,0,1,0,-2,1,1,1,1,1,0,1,1,1,1,1,1,0,1,0,1,0,0,1,1,0,1,1,0,1,1,1,1,0,2,2,R,10 ,2,1,1,R,11373,2,A,.,R,5800,R,4600,A,.,R,30,R,30,1,1,0,0,0,0,0,1,130,1,130,1,130,1,130,,,,,,,,,,,,,,,,,,,,,
2021,135726,1,1,1,0,0,0,3,-2,-2,-2,1,0,1,0,0,0,1,1,1,1,0,1,1,0,1,1,1,1,1,1,1,1,1,2,1,1,1,1,1,0,1,0,1,0,1,1,0,1,1,1,1,1,0,1,0,-2,1,1,1,1,1,0,1,1,1,1,1,1,0,1,0,0,1,0,1,0,0,1,1,0,1,1,1,1,0,2,2,R,5 ,2,2,1,R,5307,1,R,19,R,9180,R,6800,A,.,R,70,R,85,1,1,0,0,0,0,0,1,102,1,102,1,102,1,102,,,,,,,,,,,,,,,,,,,,,
2021,137351,0,1,0,0,0,0,1,2,4,-2,0,0,0,0,1,0,1,0,1,1,0,1,1,0,1,1,1,1,1,1,1,1,1,2,1,1,1,1,1,0,1,0,1,0,1,1,1,1,1,1,1,0,0,1,0,-2,0,1,1,1,1,0,1,1,1,1,1,1,0,1,0,1,0,0,1,1,0,1,1,0,1,1,1,1,0,2,1,A,. ,2,1,1,R,7468,2,A,.,R,8328,R,4240,A,.,R,30,R,30,1,1,0,0,0,0,0,1,372,1,372,1,372,1,372,,,,,,,,,,,,,,,,,,,,,
2021,139658,1,1,1,1,0,0,4,-2,-2,71,0,0,0,0,0,0,1,1,1,1,0,1,1,0,1,1,1,1,1,1,1,1,1,2,1,0,0,1,0,0,1,0,1,0,0,0,0,0,1,1,0,0,0,0,0,-2,0,1,1,1,1,0,1,1,1,1,1,1,0,1,0,0,1,0,1,0,0,1,0,0,1,0,1,1,0,2,2,R,11 ,2,2,1,R,4813,2,A,.,R,9254,R,7048,A,.,R,75,R,75,1,1,0,0,0,0,0,2,-2,1,200,1,200,1,200,,,,,,,,,,,,,,,,,,,,,
2021,139755,0,1,0,0,0,0,1,2,0,-2,0,0,0,0,0,0,1,1,1,0,0,1,0,0,1,1,1,1,1,1,1,-2,-2,2,1,0,1,1,0,0,1,0,1,0,1,1,1,1,1,1,0,0,0,0,0,-2,0,1,1,1,1,0,1,1,1,1,1,1,0,1,0,0,1,0,1,0,0,1,1,0,1,1,1,1,0,2,1,A,. ,2,1,1,R,8667,2,A,.,R,6918,R,5328,A,.,R,75,R,75,1,1,0,0,0,0,0,1,102,1,102,1,102,1,102,,,,,,,,,,,,,,,,,,,,,
2021,139959,0,1,0,0,0,0,1,2,0,-2,1,0,1,1,0,0,1,1,1,1,0,1,1,0,1,1,1,1,1,1,1,1,1,2,1,0,1,1,1,0,1,0,1,0,1,1,0,1,1,0,1,1,0,0,0,-2,1,1,1,1,1,0,1,1,1,1,1,1,0,1,0,0,1,0,1,1,0,1,1,0,1,1,1,1,0,2,2,R,6 ,2,1,1,R,10050,1,R,21,R,6292,R,4036,A,.,R,70,R,75,1,1,0,0,0,0,0,1,130,1,130,1,130,1,130,,,,,,,,,,,,,,,,,,,,,
2021,144050,0,1,1,0,0,0,3,-2,-2,-2,0,0,0,0,0,0,1,1,1,1,0,1,1,0,2,1,1,1,1,2,1,1,1,2,1,0,1,1,1,0,1,0,1,0,1,1,0,1,1,0,1,1,0,1,0,-2,0,1,1,1,0,0,1,1,1,1,1,1,0,1,0,0,1,0,0,0,1,1,0,0,1,0,0,1,0,2,2,R,11 ,1,2,1,R,4584,2,A,.,A,.,A,.,R,17685,R,75,R,90,1,1,0,0,0,0,0,1,182,1,200,1,182,1,200,,,,,,,,,,,,,,,,,,,,,
2021,145600,0,1,1,0,0,1,1,2,0,-2,0,0,0,0,0,0,1,1,1,1,0,1,1,0,1,1,1,1,1,1,1,1,1,2,0,1,1,1,1,0,1,1,1,0,1,1,1,1,1,1,1,1,0,1,0,-2,1,1,1,1,1,0,1,1,1,1,1,1,0,1,1,0,1,0,1,1,0,1,1,0,1,1,1,1,0,2,2,R,4 ,2,1,1,R,3824,2,A,.,R,8436,R,4677,A,.,R,60,R,70,1,1,0,0,0,0,0,2,-2,1,122,1,122,1,122,,,,,,,,,,,,,,,,,,,,,
2021,145637,1,1,1,0,0,1,1,2,0,-2,0,0,0,0,0,0,1,1,1,1,0,1,1,0,1,1,1,1,1,1,1,1,1,2,0,1,1,1,1,0,1,0,1,0,1,1,1,1,1,0,1,1,0,1,0,-2,0,1,1,1,1,0,1,1,1,1,1,1,0,1,1,0,1,0,1,1,0,1,1,0,1,1,1,1,0,2,2,R,7 ,1,1,1,R,16111,2,A,.,A,.,A,.,R,12494,R,50,R,70,1,1,0,0,0,0,0,1,107,1,107,1,107,1,107,,,,,,,,,,,,,,,,,,,,,
2021,147767,0,1,0,0,0,0,3,-2,-2,-2,0,0,0,1,0,0,1,1,1,1,0,1,1,0,2,1,1,1,1,2,1,1,1,2,1,0,0,1,0,0,0,0,1,0,1,0,1,0,1,1,1,1,0,1,0,-2,0,1,1,1,0,0,1,1,1,1,1,1,0,1,0,0,1,0,1,1,0,1,1,0,1,1,1,1,0,2,2,R,11 ,2,2,1,R,4409,2,A,.,R,11271,R,6993,A,.,R,75,R,95,1,1,0,0,0,0,0,1,107,1,107,1,107,1,107,,,,,,,,,,,,,,,,,,,,,
2021,151351,1,1,1,1,1,0,1,2,0,-2,1,0,1,1,1,0,1,1,1,0,0,1,1,0,1,1,1,1,1,1,1,1,1,2,1,1,1,1,1,0,1,1,1,0,1,1,0,1,1,0,1,1,0,1,0,-2,1,1,1,1,1,0,1,1,1,1,1,1,0,1,0,0,1,0,1,1,0,1,1,0,1,1,1,1,0,2,1,A,. ,2,1,1,R,13484,2,A,.,R,7798,R,4300,A,.,R,65,R,70,1,1,0,0,0,0,0,1,107,1,107,1,107,1,107,,,,,,,,,,,,,,,,,,,,,
2021,152080,0,1,0,0,0,0,4,-2,-2,30,0,0,0,0,0,0,1,0,1,0,0,1,1,0,1,1,1,1,1,2,1,1,1,2,1,0,1,1,1,0,0,0,1,0,1,1,1,1,1,1,1,1,0,0,0,-2,0,1,1,1,0,0,1,1,1,1,1,1,0,1,0,0,1,0,1,0,0,1,1,0,1,1,1,1,0,2,2,R,8 ,2,2,1,R,6919,1,R,21,A,.,A,.,R,16304,R,75,R,75,1,1,0,0,0,0,0,1,113,1,102,1,102,1,102,,,,,,,,,,,,,,,,,,,,,
2021,160472,1,0,-2,0,0,0,2,-2,-2,-2,1,1,1,1,0,0,-2,-2,-2,-2,0,-2,-2,-2,7,1,1,-2,1,1,-2,-2,-2,1,0,0,0,0,0,1,0,0,0,1,0,0,0,0,0,0,-2,-2,-2,-2,1,-2,1,1,0,1,0,0,1,1,1,0,1,0,0,1,1,1,1,0,0,0,1,-2,-2,-2,0,0,0,-2,1,2,1,A,. ,2,-2,2,A,.,3,A,.,A,.,A,.,A,.,R,0,A,.,-2,-2,-2,-2,-2,-2,-2,-2,-2,-2,-2,-2,-2,-2,-2,,,,,,,,,,,,,,,,,,,,,
2021,160755,0,1,1,0,0,0,3,-2,-2,-2,0,0,0,0,1,0,1,1,1,0,0,1,1,0,1,1,1,1,1,2,1,1,1,2,1,0,1,0,1,0,1,0,1,0,1,1,1,1,1,1,1,1,0,1,0,-2,0,1,1,1,1,0,1,1,1,1,1,1,0,1,0,0,1,0,1,0,0,1,1,0,1,1,1,1,0,2,2,R,17 ,2,2,1,R,4072,2,A,.,R,9608,R,7170,A,.,R,0,R,50,1,1,0,0,0,0,0,1,372,1,372,1,372,1,372,,,,,,,,,,,,,,,,,,,,,
2021,162928,0,1,1,1,0,0,3,-2,-2,-2,0,0,0,0,0,1,1,1,1,1,0,1,1,0,1,1,1,1,1,2,1,1,1,2,1,1,1,1,1,0,1,0,1,0,1,1,0,0,1,1,1,1,0,1,0,-2,0,1,1,1,0,0,1,1,1,1,1,1,0,1,0,1,1,0,1,0,0,1,1,0,1,1,1,1,0,2,2,R,7 ,2,2,1,R,2717,1,R,19,R,9736,R,7064,A,.,R,70,R,75,1,1,0,0,0,0,0,1,165,1,165,1,165,1,165,,,,,,,,,,,,,,,,,,,,,
2021,163286,0,1,0,0,0,0,1,2,0,-2,0,0,0,0,0,1,1,1,1,1,0,1,1,0,1,1,1,1,1,1,1,1,1,2,1,1,1,1,1,0,1,0,1,0,1,1,0,1,1,0,1,0,0,1,0,-2,1,1,1,1,0,0,1,1,1,1,1,1,0,1,0,1,1,0,1,0,0,1,1,0,1,1,1,1,0,2,1,A,. ,2,1,1,R,11846,2,A,.,R,8072,R,5578,A,.,R,75,R,75,1,1,0,0,0,0,0,1,107,1,107,1,107,1,107,,,,,,,,,,,,,,,,,,,,,
2021,164924,0,1,0,0,0,0,4,-2,-2,30,1,0,1,0,0,0,1,1,1,1,0,1,1,0,1,1,1,1,1,2,1,1,1,2,1,1,1,1,1,0,0,1,1,0,1,1,1,1,1,1,1,1,0,1,0,-2,0,1,1,1,1,0,1,1,1,1,1,1,0,1,0,0,1,0,1,0,0,1,1,0,1,1,1,1,0,2,2,R,9 ,2,2,1,R,7602,2,A,.,R,9780,R,5822,A,.,R,80,R,75,1,1,0,0,0,0,0,1,102,1,102,1,102,1,102,,,,,,,,,,,,,,,,,,,,,
2021,164988,0,1,0,0,0,0,3,-2,-2,-2,1,0,1,1,0,1,1,1,1,1,0,1,1,0,1,1,1,1,1,1,1,1,1,2,1,0,1,1,1,0,0,0,1,0,1,1,1,1,1,1,1,1,0,1,0,-2,0,1,1,1,1,0,1,1,1,1,1,1,0,1,0,1,1,0,1,1,0,1,1,0,1,1,1,1,0,2,1,A,. ,2,2,1,R,11356,2,A,.,R,10990,R,5850,A,.,R,80,R,95,1,1,0,0,0,0,0,2,-2,1,128,2,-2,1,128,,,,,,,,,,,,,,,,,,,,,
2021,165015,0,1,0,0,0,0,3,-2,-2,-2,0,0,0,0,0,0,1,0,1,1,0,1,0,0,1,1,1,1,1,1,1,-2,-2,2,1,0,0,0,1,0,0,0,1,0,1,1,0,1,1,0,1,1,0,0,0,-2,1,1,1,1,0,0,1,1,1,1,1,1,0,1,0,1,1,0,1,0,0,1,1,0,1,1,1,1,0,2,2,R,14 ,2,2,1,R,2950,1,R,19,R,9380,R,7070,A,.,R,80,R,75,1,1,0,0,0,0,0,2,-2,1,200,1,200,1,200,,,,,,,,,,,,,,,,,,,,,
2021,166027,0,1,1,0,0,0,3,-2,-2,-2,1,0,1,0,1,0,1,1,1,1,0,1,1,0,1,1,1,1,1,2,1,1,1,2,1,0,1,1,0,0,0,0,1,0,1,1,1,1,1,1,1,1,1,1,0,-2,1,1,1,1,0,0,1,1,1,1,1,1,0,1,0,1,1,0,1,1,0,1,1,0,1,1,1,1,0,2,2,R,8 ,1,2,1,R,12874,2,A,.,R,11705,R,7236,A,.,R,75,R,105,1,1,0,0,0,0,0,1,117,1,117,1,117,1,117,,,,,,,,,,,,,,,,,,,,,
2021,166629,1,1,1,0,0,0,1,2,0,-2,1,0,1,0,1,0,1,1,1,1,0,1,1,0,1,1,1,1,1,1,1,1,2,2,1,1,1,1,1,0,1,1,1,0,1,1,0,1,1,1,1,1,0,1,0,-2,0,1,1,1,1,0,1,1,1,1,1,1,0,1,0,0,1,0,1,1,0,1,1,0,1,1,1,1,0,2,2,R,12 ,2,1,1,R,13582,2,A,.,R,7611,R,5984,A,.,R,85,R,85,1,1,0,0,0,0,0,1,327,1,103,1,103,1,103,,,,,,,,,,,,,,,,,,,,,
2021,166683,0,1,0,0,0,0,3,-2,-2,-2,0,0,0,0,0,0,1,0,1,0,0,1,0,0,4,1,1,1,1,2,1,-2,-2,2,1,1,1,1,1,0,0,0,1,0,1,1,1,1,1,0,1,1,1,1,0,-2,0,1,1,1,1,0,1,1,1,1,1,1,0,1,0,0,1,0,0,0,1,1,0,0,1,0,0,1,0,2,2,R,7 ,2,2,1,R,6280,2,A,.,R,11550,R,6550,A,.,R,75,R,75,1,1,0,0,0,0,0,1,186,1,186,1,186,1,186,,,,,,,,,,,,,,,,,,,,,
2021,167358,0,1,1,0,0,0,3,-2,-2,-2,0,0,0,0,0,0,1,0,1,1,0,1,1,0,1,1,1,1,1,2,1,1,1,2,1,0,1,1,1,0,1,1,1,0,1,1,1,1,1,0,1,1,0,1,0,-2,1,1,1,1,1,0,1,1,1,1,1,1,0,1,0,0,1,0,1,0,0,1,1,0,1,1,1,1,0,2,1,A,. ,2,2,1,R,10481,1,R,17,R,9900,R,7910,A,.,R,75,R,75,1,1,0,0,0,0,0,2,-2,1,110,1,110,1,110,,,,,,,,,,,,,,,,,,,,,
2021,168148,0,1,1,0,0,0,3,-2,-2,-2,1,0,1,0,0,1,1,1,1,1,0,1,1,0,1,1,1,1,1,1,1,1,1,2,1,0,1,0,0,0,0,0,1,0,1,1,1,1,1,0,1,1,0,1,0,-2,0,1,1,1,0,0,1,1,1,1,1,1,0,1,0,1,1,0,1,0,0,1,1,0,1,1,1,1,0,2,2,R,14 ,2,2,1,R,4100,1,R,99,R,8832,R,7378,A,.,R,75,R,85,1,1,0,0,0,0,0,1,185,1,185,1,185,1,185,,,,,,,,,,,,,,,,,,,,,
2021,168421,0,1,0,0,0,0,3,-2,-2,-2,0,0,0,0,0,0,1,1,1,1,0,1,0,0,1,1,1,1,1,2,1,-2,-2,2,1,0,1,0,0,0,1,0,1,0,1,1,1,1,1,0,1,1,0,1,0,-2,0,1,1,1,0,0,1,1,1,1,1,1,0,1,0,1,1,0,1,0,0,1,1,0,1,1,1,1,0,2,2,R,13 ,2,2,1,R,2508,1,R,19,R,9250,R,7030,A,.,R,0,R,70,1,1,0,0,0,0,0,1,186,1,186,1,186,1,186,,,,,,,,,,,,,,,,,,,,,
2021,170976,0,1,0,0,0,0,1,2,0,-2,0,0,0,0,0,0,1,1,1,1,0,1,1,0,3,1,1,1,1,1,1,1,1,2,1,1,1,1,1,0,1,0,1,0,1,1,1,1,1,1,1,1,0,1,0,-2,0,1,1,1,1,0,1,1,1,1,1,1,0,1,0,0,1,0,1,1,0,1,1,0,1,1,1,1,0,2,2,R,13 ,2,1,1,R,11629,2,A,.,A,.,A,.,R,12592,R,75,R,75,1,1,0,0,0,0,0,1,107,1,107,1,107,1,107,,,,,,,,,,,,,,,,,,,,,
2021,171100,0,1,0,0,0,0,1,2,0,-2,0,0,0,1,0,0,1,1,1,1,0,1,1,0,1,1,1,1,1,1,1,1,1,2,1,0,1,1,1,0,1,0,1,0,1,1,0,1,1,1,0,0,0,0,0,-2,1,1,1,1,0,0,1,1,1,1,1,1,0,1,0,0,1,0,1,0,0,1,1,0,1,1,1,1,0,2,2,R,5 ,2,1,1,R,17463,2,A,.,R,4408,R,6268,A,.,R,65,R,65,1,1,0,0,0,0,0,1,107,1,107,1,107,1,107,,,,,,,,,,,,,,,,,,,,,
2021,174066,0,1,1,1,0,0,1,2,0,-2,1,0,1,1,0,1,1,1,1,0,0,1,1,0,1,1,1,1,1,1,1,1,1,2,0,1,1,1,1,0,1,1,1,0,1,1,1,1,1,1,1,1,0,1,0,-2,1,1,1,1,1,0,1,1,1,1,1,1,0,1,0,0,1,0,1,1,0,1,1,0,1,1,1,1,0,2,2,R,12 ,2,1,1,R,7558,2,A,.,R,6654,R,4860,A,.,R,55,R,75,1,1,0,0,0,0,1,1,107,1,107,1,107,1,107,,,,,,,,,,,,,,,,,,,,,
2021,179867,0,1,0,0,0,0,3,-2,-2,-2,1,1,1,1,1,1,1,1,1,1,0,1,1,0,1,1,1,1,1,1,1,1,1,2,1,0,1,1,1,0,0,0,1,0,1,1,0,1,1,1,1,1,0,1,0,-2,0,1,1,1,0,0,1,1,1,1,1,1,0,1,0,1,1,0,1,1,0,1,1,0,1,1,1,1,0,2,2,R,17 ,2,2,1,R,6826,2,A,.,R,12350,R,5550,A,.,R,75,R,45,1,1,0,0,0,0,1,1,200,1,200,1,200,1,200,,,,,,,,,,,,,,,,,,,,,
2021,182670,0,1,0,0,0,0,3,-2,-2,-2,0,0,0,0,0,0,1,0,1,0,0,1,1,0,2,1,1,1,1,2,1,1,1,2,1,0,0,1,0,0,0,0,0,1,1,1,0,0,1,0,0,0,0,0,0,-2,0,1,1,1,0,0,1,1,1,1,1,1,0,1,0,1,1,0,0,0,1,1,0,0,1,0,0,1,0,2,2,R,10 ,1,2,1,R,3733,2,A,.,R,10569,R,6792,A,.,R,80,R,50,1,1,0,0,0,0,0,1,117,1,117,1,117,1,117,,,,,,,,,,,,,,,,,,,,,
2021,185828,1,1,1,0,0,0,1,2,0,-2,0,0,0,0,0,0,1,1,1,0,0,1,0,0,1,1,1,1,1,1,1,-2,-2,2,1,1,1,1,1,0,1,0,1,0,1,1,0,1,1,1,1,1,0,0,0,-2,1,1,1,1,0,0,1,1,1,1,1,1,0,1,0,0,1,0,1,0,0,1,1,0,1,1,1,1,0,2,2,R,4 ,2,1,1,R,1960,2,A,.,A,.,A,.,R,12700,R,75,R,75,1,1,0,0,0,0,0,2,-2,1,101,1,101,1,101,,,,,,,,,,,,,,,,,,,,,
2021,186131,0,1,0,0,0,0,3,-2,-2,-2,1,0,1,0,0,0,1,0,1,0,0,1,0,0,1,1,1,1,1,2,2,-2,-2,2,1,0,1,1,1,0,0,0,1,0,1,1,1,1,1,0,1,1,0,1,0,-2,0,1,1,1,0,0,1,1,1,1,1,1,0,1,0,0,1,0,0,0,1,0,0,1,0,0,0,0,1,2,2,R,5 ,1,2,1,R,5151,2,A,.,R,10690,R,7490,A,.,R,70,R,75,1,1,0,0,0,0,0,1,117,1,117,1,117,1,117,,,,,,,,,,,,,,,,,,,,,
2021,186371,0,1,1,0,0,0,1,2,0,-2,0,0,0,0,0,0,1,1,1,1,0,1,1,0,1,1,1,1,1,1,1,1,1,2,1,1,1,1,1,0,1,0,1,0,1,1,0,1,1,1,1,1,0,0,0,-2,1,1,1,1,1,0,1,1,1,1,1,1,0,1,0,0,1,0,1,1,0,1,1,0,1,1,1,1,0,2,2,R,7 ,2,1,1,R,860,2,A,.,R,9052,R,3600,A,.,R,70,R,70,1,1,0,0,0,0,0,2,-2,1,187,1,187,1,187,,,,,,,,,,,,,,,,,,,,,
2021,186380,0,1,1,0,0,0,1,2,0,-2,0,0,0,1,1,0,1,1,1,1,0,1,1,0,1,1,1,1,1,1,1,1,1,2,1,1,1,1,1,0,1,0,1,0,1,1,1,1,1,1,1,1,0,0,0,-2,1,1,1,1,1,0,1,1,1,1,1,1,0,1,0,0,1,0,1,1,0,1,1,0,1,1,1,1,0,2,2,R,6 ,2,1,1,R,16088,2,A,.,R,8170,R,5232,A,.,R,70,R,70,1,1,0,0,0,0,0,1,107,1,107,1,107,1,107,,,,,,,,,,,,,,,,,,,,,
2021,186399,0,1,1,0,0,0,1,2,0,-2,0,0,0,0,0,0,1,1,1,1,0,1,1,0,1,1,1,1,1,1,1,1,1,2,1,1,1,1,1,0,1,0,1,0,1,1,0,1,1,1,1,1,0,0,0,-2,1,1,1,1,1,0,1,1,1,1,1,1,0,1,0,0,1,0,1,1,0,1,1,0,1,1,1,1,0,2,2,R,6 ,2,1,1,R,2453,2,A,.,R,8830,R,5100,A,.,R,70,R,70,1,1,0,0,0,0,0,2,-2,1,187,1,187,1,187,,,,,,,,,,,,,,,,,,,,,
2021,186867,0,1,0,0,0,0,3,-2,-2,-2,0,0,0,0,0,0,1,1,1,0,0,1,0,0,1,1,1,1,1,1,1,-2,-2,2,1,0,1,0,0,0,1,0,1,0,1,1,0,1,1,0,0,0,0,0,0,-2,0,1,1,1,0,0,1,1,1,1,1,1,0,1,0,0,1,0,1,0,0,1,1,0,1,1,1,1,0,2,2,R,6 ,2,2,1,R,1351,2,A,.,R,9400,R,7200,A,.,R,70,R,60,1,1,0,0,0,0,0,1,181,1,181,1,181,1,181,,,,,,,,,,,,,,,,,,,,,
2021,190415,0,1,0,0,0,0,3,-2,-2,-2,0,0,0,0,0,0,1,1,1,0,0,1,1,0,1,1,1,1,1,1,1,1,1,2,1,0,1,1,1,0,0,0,1,0,1,1,1,1,1,0,0,0,0,0,0,-2,0,1,1,1,0,0,1,1,1,1,1,1,0,2,0,0,0,0,1,0,0,1,1,0,1,1,1,1,0,2,2,R,17 ,2,1,1,R,7422,1,R,14,R,9962,R,6434,A,.,R,80,R,105,1,1,0,0,0,0,0,1,117,1,117,1,117,1,117,,,,,,,,,,,,,,,,,,,,,
2021,191241,0,1,1,0,0,0,4,-2,-2,30,0,0,0,0,0,0,1,1,1,1,0,1,1,0,1,1,1,1,1,1,1,1,1,2,1,1,1,1,1,0,1,1,1,0,1,1,1,1,1,1,1,1,0,1,0,-2,0,1,1,1,0,0,1,1,1,1,1,1,0,1,0,1,1,0,1,0,0,1,1,0,1,1,1,1,0,2,2,R,9 ,2,2,1,R,4749,2,A,.,A,.,A,.,R,21035,R,70,R,70,1,1,0,0,0,0,0,1,128,1,103,1,103,1,103,,,,,,,,,,,,,,,,,,,,,
2021,193900,1,1,1,0,0,0,3,-2,-2,-2,1,0,1,0,1,0,1,1,1,1,0,1,1,1,1,1,1,1,1,1,1,1,1,2,1,0,1,1,1,0,1,1,1,0,1,1,0,1,1,0,1,1,1,1,0,-2,0,1,1,1,0,0,1,1,1,1,1,1,0,1,0,1,1,1,1,1,0,1,1,0,1,1,1,1,0,2,2,R,9 ,2,2,1,R,13063,1,R,19,R,14232,R,5450,A,.,R,80,R,110,1,1,0,0,0,0,0,2,-2,1,200,1,200,1,200,,,,,,,,,,,,,,,,,,,,,
2021,194824,0,1,0,0,0,0,3,-2,-2,-2,0,0,0,0,0,0,1,0,1,0,0,1,0,0,1,1,1,1,1,2,1,-2,-2,2,1,0,1,1,0,0,1,0,1,0,1,1,1,1,1,0,0,0,0,0,0,-2,0,1,1,1,0,0,1,1,1,1,1,1,0,1,0,0,1,0,0,0,1,0,0,1,0,0,0,0,1,2,1,A,. ,1,2,1,R,3930,1,R,99,R,9119,R,7260,A,.,R,70,R,75,1,1,0,0,0,0,0,1,201,1,201,1,201,1,201,,,,,,,,,,,,,,,,,,,,,
2021,195003,1,1,1,0,0,0,3,-2,-2,-2,1,0,1,1,1,0,1,1,1,0,0,1,0,0,1,1,1,1,1,1,1,-2,-2,2,1,1,1,1,1,0,1,1,1,0,1,1,1,1,1,1,1,1,0,1,0,-2,0,1,1,1,1,0,1,1,1,1,1,1,0,1,0,1,1,0,1,1,0,1,1,0,1,1,1,1,0,2,2,R,15 ,2,2,1,R,6543,2,A,.,R,8392,R,7000,A,.,R,65,R,65,1,1,0,0,0,0,0,2,-2,1,201,1,201,1,201,,,,,,,,,,,,,,,,,,,,,
2021,195030,0,1,1,1,0,0,3,-2,-2,-2,1,0,1,0,0,0,1,1,1,1,0,1,1,0,1,1,1,1,1,2,1,1,1,2,1,0,1,1,1,0,0,0,1,0,1,1,1,1,1,0,1,1,0,1,0,-2,1,1,1,1,0,0,1,1,1,1,1,1,0,1,0,0,1,0,1,1,0,1,1,0,1,1,1,1,0,2,1,A,. ,1,2,1,R,1350,2,A,.,R,10692,R,6696,A,.,R,50,R,50,1,1,0,0,0,0,0,1,200,1,200,1,200,1,200,,,,,,,,,,,,,,,,,,,,,
2021,196079,0,1,0,0,0,0,1,2,0,-2,0,0,0,0,0,0,1,0,1,1,0,1,1,0,1,1,1,1,1,1,1,1,1,2,0,1,1,1,1,0,1,0,1,0,1,1,0,1,1,1,1,1,0,1,0,-2,0,1,1,1,1,0,1,1,1,1,1,1,0,1,0,0,1,0,1,0,0,1,0,0,1,0,1,1,0,2,2,R,5 ,2,1,1,R,7449,2,A,.,R,11433,R,5631,A,.,R,50,R,75,1,1,0,0,0,0,0,2,-2,1,101,1,101,1,101,,,,,,,,,,,,,,,,,,,,,
2021,196088,0,1,0,0,0,0,1,2,0,-2,0,0,0,1,0,0,1,1,1,1,0,1,1,0,1,1,1,1,1,1,1,1,1,2,0,1,1,1,1,0,1,0,1,0,0,0,0,0,1,1,1,1,0,0,0,-2,1,1,1,1,1,0,1,1,1,1,1,1,0,1,0,0,1,0,1,1,0,1,1,0,1,1,1,1,0,2,2,R,4 ,2,1,1,R,7711,1,R,17,R,8952,R,6500,A,.,R,50,R,75,1,1,0,0,0,0,0,1,119,1,119,2,-2,1,119,,,,,,,,,,,,,,,,,,,,,
2021,196097,1,1,1,1,0,0,1,2,0,-2,0,0,0,0,0,0,1,1,1,1,0,1,1,0,1,1,1,1,1,1,1,1,1,2,0,1,1,1,1,0,1,0,1,0,1,1,0,0,1,0,1,1,0,1,0,-2,1,1,1,1,1,0,1,1,1,1,1,1,0,1,0,0,1,0,1,1,0,1,1,0,1,1,1,1,0,2,2,R,6 ,2,1,1,R,10420,2,A,.,R,9908,R,5590,A,.,R,50,R,100,1,1,0,0,0,0,0,1,110,1,101,1,101,1,101,,,,,,,,,,,,,,,,,,,,,
2021,196413,1,1,1,1,0,0,3,-2,-2,-2,1,0,1,0,1,0,1,1,1,1,0,1,1,0,1,1,1,1,1,1,1,1,1,2,1,1,1,1,1,0,1,1,1,0,1,1,0,1,1,1,1,1,0,1,0,-2,1,1,1,1,1,0,1,1,1,1,1,1,0,1,0,1,1,0,1,1,0,1,1,0,1,1,1,1,0,2,2,R,14 ,2,2,1,R,8291,1,R,21,R,9075,R,7820,A,.,R,85,R,75,1,1,0,0,0,0,0,1,102,1,102,2,-2,1,102,,,,,,,,,,,,,,,,,,,,,
2021,197708,0,1,1,0,0,0,3,-2,-2,-2,0,0,0,0,1,0,1,0,1,1,0,1,1,0,1,1,1,1,1,1,1,1,1,2,1,0,0,0,0,0,1,0,1,0,0,0,0,0,1,1,1,1,0,1,0,-2,0,1,1,1,0,0,1,1,1,1,1,1,0,1,0,0,1,0,1,0,0,1,1,0,1,1,1,1,0,2,2,R,33 ,2,2,1,R,1645,2,A,.,R,9500,R,3500,A,.,R,65,R,50,1,1,0,0,0,0,0,2,-2,1,196,1,196,1,196,,,,,,,,,,,,,,,,,,,,,
2021,198419,0,1,0,0,0,0,4,-2,-2,71,0,0,0,0,0,0,1,1,1,1,0,1,1,0,1,1,1,1,1,2,1,1,1,2,1,0,0,1,0,0,0,0,1,0,1,1,1,1,1,0,1,0,0,1,0,-2,0,1,1,1,0,0,1,1,1,1,1,1,0,1,0,1,0,0,1,0,0,1,1,0,1,1,1,1,0,2,1,A,. ,1,2,1,R,5718,2,A,.,R,9164,R,6862,A,.,R,85,R,95,1,1,0,0,0,0,0,1,102,1,102,1,102,1,102,,,,,,,,,,,,,,,,,,,,,
2021,199120,1,1,1,1,0,0,1,2,0,-2,0,0,0,1,0,0,1,1,1,1,0,1,1,0,1,1,1,1,1,1,1,1,1,2,1,1,1,1,1,0,1,1,1,0,1,1,1,1,1,1,1,1,0,1,0,-2,0,1,1,0,1,0,1,1,1,1,1,1,0,1,1,0,1,0,1,0,0,1,1,0,1,1,1,1,0,2,2,R,5 ,2,1,1,R,9984,1,R,99,R,6878,R,5004,A,.,R,85,R,95,1,1,0,0,0,0,0,1,102,1,102,1,102,1,102,,,,,,,,,,,,,,,,,,,,,
2021,199193,1,1,1,1,0,0,1,2,0,-2,1,0,1,0,1,0,1,1,1,0,0,1,1,0,1,1,1,1,1,1,1,1,1,2,1,1,1,1,1,0,1,0,1,0,1,1,1,1,1,0,1,1,0,1,0,-2,0,1,1,1,0,0,1,1,1,1,1,1,0,1,1,0,1,0,1,1,0,1,1,0,1,1,1,1,0,2,2,R,6 ,2,1,1,R,10024,2,A,.,R,6768,R,4833,A,.,R,85,R,75,1,1,0,0,0,0,0,1,102,1,102,1,102,1,102,,,,,,,,,,,,,,,,,,,,,
2021,199847,0,1,0,0,0,0,3,-2,-2,-2,0,0,0,0,0,0,1,1,1,0,0,1,1,0,1,1,1,1,1,1,1,1,1,2,1,0,0,0,0,0,1,0,1,0,1,1,0,0,1,1,1,1,0,1,0,-2,1,1,1,1,0,0,1,1,1,1,1,1,0,1,0,1,1,0,1,0,0,1,1,0,1,1,1,1,0,2,2,R,11 ,2,2,1,R,4152,1,R,99,R,10144,R,7870,A,.,R,85,R,80,1,1,0,0,0,0,0,1,102,1,102,1,102,1,102,,,,,,,,,,,,,,,,,,,,,
2021,201645,0,1,1,1,0,0,3,-2,-2,-2,0,0,0,0,0,0,1,1,1,1,0,1,1,0,1,1,1,1,1,1,1,1,1,2,1,0,1,0,1,0,0,0,1,0,1,1,0,1,1,0,1,1,0,1,0,-2,0,1,1,1,0,0,1,1,1,1,1,1,0,1,0,0,1,0,1,0,0,1,1,0,1,1,1,1,0,2,2,R,14 ,2,2,1,R,4494,2,A,.,R,9584,R,6898,A,.,R,70,R,50,1,1,0,0,0,0,0,1,194,1,200,1,200,1,200,,,,,,,,,,,,,,,,,,,,,
2021,204796,0,1,0,0,0,0,1,2,0,-2,1,0,1,0,1,0,1,1,1,1,0,1,1,0,1,1,1,1,1,1,1,1,1,2,1,1,1,1,1,0,1,0,1,0,1,1,1,1,1,0,1,1,0,1,0,-2,1,1,1,1,1,0,1,1,1,1,1,1,0,1,1,0,1,0,1,1,0,1,1,0,1,1,1,1,0,2,2,R,4 ,2,1,1,R,15129,2,A,.,A,.,A,.,R,13392,R,60,R,60,1,1,0,0,0,0,0,1,107,1,107,1,107,1,107,,,,,,,,,,,,,,,,,,,,,
2021,211440,0,1,0,0,0,0,3,-2,-2,-2,0,0,0,0,0,0,1,1,1,1,0,1,0,0,1,1,1,1,1,1,1,-2,-2,2,1,0,1,1,1,0,1,0,1,0,1,1,1,1,1,0,1,0,1,0,0,-2,0,1,1,1,0,0,1,1,1,1,1,1,0,1,0,0,1,0,1,0,0,1,1,0,1,1,1,1,0,2,2,R,8 ,2,2,1,R,3754,2,A,.,R,9614,R,6536,A,.,R,75,R,75,1,1,0,0,0,0,0,1,200,1,200,2,-2,1,200,,,,,,,,,,,,,,,,,,,,,
2021,212054,1,1,1,0,0,0,3,-2,-2,-2,1,0,1,1,0,0,1,1,1,1,0,1,1,0,2,1,1,1,1,1,1,1,1,2,1,1,1,1,1,0,1,1,1,0,1,1,1,1,1,1,1,1,0,1,0,-2,1,1,1,1,0,0,1,1,1,1,1,1,0,1,0,0,1,0,1,1,0,1,1,0,1,1,1,1,0,2,1,A,. ,2,2,1,R,3667,2,A,.,R,10320,R,6168,A,.,R,50,R,65,1,1,0,0,0,0,0,2,-2,1,110,2,-2,2,-2,,,,,,,,,,,,,,,,,,,,,
2021,213543,0,1,0,0,0,0,3,-2,-2,-2,1,0,1,0,0,0,1,1,1,0,0,1,0,0,1,1,1,1,1,2,1,-2,-2,2,1,0,0,0,0,0,1,0,1,0,1,1,0,0,1,0,1,0,0,1,0,-2,0,1,1,1,1,0,1,1,1,1,1,1,0,1,0,1,1,0,1,0,0,1,1,0,1,1,1,1,0,2,2,R,6 ,2,2,1,R,2856,2,A,.,R,9030,R,6300,A,.,R,70,R,75,1,1,0,0,0,0,0,1,128,1,128,1,128,1,128,,,,,,,,,,,,,,,,,,,,,
2021,215062,0,1,1,0,0,0,3,-2,-2,-2,1,0,1,1,1,0,1,1,1,1,0,1,1,0,1,1,1,1,1,1,1,1,1,2,1,0,1,1,0,0,0,0,1,0,1,1,1,1,1,1,1,1,1,1,0,-2,0,1,1,1,1,0,1,1,1,1,1,1,0,1,0,1,1,0,1,1,0,1,1,0,1,1,1,1,0,2,2,R,12 ,2,1,1,R,6400,2,A,.,R,11358,R,5946,A,.,R,75,R,90,1,1,0,0,0,0,0,1,117,1,117,1,117,1,117,,,,,,,,,,,,,,,,,,,,,
2021,215293,1,1,1,1,0,0,1,9,0,-2,1,0,1,0,1,1,1,1,1,1,0,1,1,0,1,1,1,1,1,1,1,1,1,2,1,1,1,1,1,0,1,0,1,0,1,1,1,1,1,1,1,1,0,1,0,-2,1,1,1,1,0,0,1,1,1,1,1,1,0,1,0,0,1,0,1,1,0,1,1,0,1,1,1,1,0,2,2,R,4 ,2,1,1,R,8760,2,A,.,R,6880,R,4940,A,.,R,55,R,75,1,1,0,0,0,0,0,1,102,1,102,1,102,1,102,,,,,,,,,,,,,,,,,,,,,
2021,216597,0,1,1,0,0,0,4,-2,-2,30,1,0,1,0,1,0,1,1,1,1,0,1,1,0,1,1,1,1,1,1,1,1,1,2,1,1,1,1,1,0,1,0,1,0,1,1,1,1,1,1,1,1,1,1,0,-2,0,1,1,1,0,0,1,1,1,1,1,1,0,1,0,0,1,0,1,1,0,1,1,0,1,1,1,1,0,2,2,R,10 ,2,2,1,R,5400,2,A,.,R,8236,R,7150,A,.,R,80,R,50,1,1,0,0,0,0,0,1,110,1,104,1,104,1,104,,,,,,,,,,,,,,,,,,,,,
2021,217156,0,1,1,0,0,0,3,-2,-2,-2,1,0,1,0,0,0,1,1,1,0,0,1,1,0,1,1,1,1,1,2,1,1,1,2,1,0,1,1,1,0,0,0,0,1,1,1,1,1,1,0,1,1,0,0,0,-2,0,1,1,1,0,0,1,1,1,1,1,1,0,1,0,1,1,0,1,0,0,1,0,0,1,0,1,1,0,2,2,R,25 ,1,2,1,R,5013,1,R,20,R,10054,R,6292,A,.,R,75,R,75,1,1,0,0,0,0,0,1,117,1,117,1,117,1,117,,,,,,,,,,,,,,,,,,,,,
2021,217882,0,1,0,0,0,0,1,2,0,-2,1,0,1,1,0,0,1,1,1,1,0,1,0,0,1,1,1,1,1,1,1,-2,-2,2,1,1,1,1,0,0,1,0,1,0,1,1,0,1,1,0,1,1,0,1,0,-2,0,1,1,1,1,0,1,1,1,1,1,1,0,1,0,0,1,0,1,1,0,1,1,0,1,1,1,1,0,2,2,R,6 ,2,1,1,R,7800,1,R,21,R,7808,R,4426,A,.,R,70,R,80,1,1,0,0,0,0,0,1,102,1,102,1,102,1,102,,,,,,,,,,,,,,,,,,,,,
2021,217925,0,1,1,0,0,0,3,-2,-2,-2,1,0,1,1,1,0,1,1,1,1,0,1,1,0,1,1,1,1,1,2,1,1,2,2,1,1,0,1,1,0,1,0,1,0,0,0,0,0,1,0,1,1,0,1,0,-2,0,1,1,1,0,0,1,1,1,1,1,1,0,1,0,0,1,0,1,1,0,1,1,0,1,1,1,1,0,2,1,A,. ,2,2,1,R,400,1,R,20,A,.,A,.,R,8950,R,25,R,25,1,0,1,0,0,1,0,2,-2,1,316,1,316,1,316,,,,,,,,,,,,,,,,,,,,,
2021,221999,0,1,1,0,0,0,3,-2,-2,-2,0,0,0,0,0,0,1,0,1,1,0,1,1,0,1,1,1,1,1,1,1,1,1,2,1,0,0,0,0,0,1,0,1,0,1,1,1,1,1,1,1,1,0,1,0,-2,0,1,1,1,1,0,1,1,1,1,1,1,0,2,0,0,0,0,0,0,1,1,1,0,1,1,0,1,0,2,2,R,15 ,1,2,1,R,5598,1,R,21,R,12000,R,6376,A,.,R,50,R,95,1,1,0,0,0,0,0,1,130,1,130,1,130,1,130,,,,,,,,,,,,,,,,,,,,,
2021,223232,0,1,1,0,0,0,4,-2,-2,54,0,0,0,0,0,0,1,0,1,1,0,1,1,0,1,1,1,1,1,1,1,1,1,2,1,1,1,1,0,0,1,1,1,0,1,1,0,1,1,0,1,1,0,1,0,-2,0,1,1,1,0,0,1,1,1,1,1,1,0,1,1,1,1,0,1,0,0,1,1,0,1,1,1,1,0,2,2,R,8 ,2,2,1,R,5321,1,R,21,R,7200,R,6074,A,.,R,0,R,50,1,1,0,0,0,0,0,1,108,1,108,1,108,1,108,,,,,,,,,,,,,,,,,,,,,
2021,227757,0,1,1,1,0,0,3,-2,-2,-2,0,0,0,0,0,0,1,0,1,1,0,1,0,0,1,1,1,1,1,2,1,-2,-2,2,1,0,1,1,0,0,1,0,1,0,1,1,1,1,1,1,1,1,0,1,0,-2,0,1,1,1,0,0,1,1,1,1,1,1,0,1,0,1,1,0,1,0,0,1,1,0,1,1,1,1,0,2,2,R,7 ,2,2,1,R,3533,1,R,21,R,10100,R,4700,A,.,R,75,R,85,1,1,0,0,0,0,0,1,111,1,111,1,111,1,111,,,,,,,,,,,,,,,,,,,,,
2021,228246,0,1,1,1,0,0,4,-2,-2,71,0,0,0,0,0,0,1,1,1,1,0,1,1,0,1,1,1,1,1,1,1,1,1,2,1,1,1,1,1,0,1,1,1,0,1,1,0,1,1,1,1,1,0,1,0,-2,1,1,1,1,1,0,1,1,1,1,1,1,0,1,0,1,1,0,1,0,0,1,1,0,1,1,1,1,0,2,2,R,13 ,2,2,1,R,3403,2,A,.,R,10860,R,6578,A,.,R,60,R,75,1,1,0,0,0,0,0,1,372,1,372,2,-2,1,372,,,,,,,,,,,,,,,,,,,,,
2021,228723,0,1,0,0,0,0,1,2,0,-2,1,0,1,0,0,0,1,1,1,1,0,1,1,0,1,1,1,1,1,1,1,1,1,2,1,1,1,1,1,0,1,0,1,0,1,1,1,1,1,1,1,1,0,1,0,-2,1,1,1,1,1,0,1,1,1,1,1,1,0,1,1,0,1,0,1,1,0,1,1,0,1,1,1,1,0,2,2,R,5 ,2,1,1,R,11342,2,A,.,A,.,A,.,R,11400,R,75,R,50,1,1,0,0,0,0,0,1,130,1,130,1,130,1,130,,,,,,,,,,,,,,,,,,,,,
2021,228778,0,1,0,0,0,0,1,2,0,-2,1,0,1,0,0,0,1,1,1,0,0,1,1,0,1,1,1,1,1,1,1,1,1,2,1,1,1,1,1,0,1,0,1,0,1,1,1,1,1,0,1,1,0,1,0,-2,1,1,1,1,1,0,1,1,1,1,1,1,0,1,1,0,1,0,1,0,0,1,1,0,1,1,1,1,0,2,1,A,. ,2,1,1,R,7809,2,A,.,A,.,A,.,R,12768,R,75,R,65,1,1,0,0,0,0,0,1,108,1,108,1,108,1,108,,,,,,,,,,,,,,,,,,,,,
2021,228875,1,1,0,1,0,0,4,-2,-2,61,0,0,0,1,0,1,1,1,1,1,0,1,1,0,1,1,1,1,1,1,1,1,1,2,1,1,1,1,1,0,1,1,1,0,1,1,0,1,1,1,1,1,0,1,0,-2,0,1,1,1,0,0,1,1,1,1,1,1,0,1,0,0,1,0,1,0,0,1,1,0,1,1,1,1,0,2,2,R,13 ,2,2,1,R,5083,2,A,.,R,8340,R,5700,A,.,R,50,R,60,1,1,0,0,0,0,0,1,108,1,108,1,108,1,108,,,,,,,,,,,,,,,,,,,,,
2021,231624,0,1,0,0,0,0,1,2,0,-2,0,0,0,0,0,0,1,1,1,1,0,1,1,0,1,1,1,1,1,1,1,1,1,2,1,1,1,1,1,0,1,0,1,0,1,1,0,0,1,0,1,1,0,1,0,-2,0,1,1,1,1,0,1,1,1,1,1,1,0,1,0,0,1,0,1,0,0,1,1,0,1,1,1,1,0,2,2,R,14 ,2,1,1,R,4755,2,A,.,R,8490,R,5246,A,.,R,75,R,50,1,1,0,0,0,0,0,1,110,1,110,1,110,1,110,,,,,,,,,,,,,,,,,,,,,
2021,234076,0,1,1,1,0,0,1,2,0,-2,1,0,1,1,0,0,1,1,1,1,0,1,1,0,1,1,1,1,1,1,1,1,1,2,1,0,0,1,0,0,1,0,1,0,1,1,1,1,1,0,1,0,0,1,0,-2,0,1,1,1,1,0,1,1,1,1,1,1,0,1,1,1,1,0,1,1,0,1,1,0,1,1,1,1,0,2,2,R,9 ,2,1,1,R,7645,1,R,21,R,7110,R,5550,A,.,R,75,R,85,1,1,0,0,0,0,0,1,102,1,102,1,102,1,102,,,,,,,,,,,,,,,,,,,,,
2021,236948,0,1,1,0,0,0,1,2,0,-2,0,0,0,0,0,0,1,0,1,1,0,1,1,1,2,1,1,1,1,1,1,1,1,2,0,1,1,1,1,0,1,0,1,0,1,1,1,1,1,1,1,1,1,1,0,-2,0,1,1,1,1,0,1,1,1,1,1,1,0,1,0,1,0,0,1,1,0,1,1,0,1,1,1,1,0,2,2,R,7 ,2,1,1,R,11123,2,A,.,A,.,A,.,R,14871,R,80,R,85,1,1,0,0,0,0,0,1,127,1,127,1,127,1,127,,,,,,,,,,,,,,,,,,,,,
2021,239105,0,1,1,0,0,0,4,-2,-2,30,0,0,0,0,0,0,1,1,1,1,0,1,1,0,1,1,1,1,1,1,1,1,1,2,1,1,1,1,1,0,1,0,1,0,1,1,1,1,1,1,1,1,0,1,0,-2,0,1,1,1,1,0,1,1,1,1,1,1,0,1,0,0,1,0,1,1,0,1,1,0,1,1,1,1,0,2,2,R,10 ,2,1,1,R,5295,1,R,99,R,9280,R,4860,A,.,R,0,R,50,1,1,0,0,0,0,0,2,-2,1,104,2,-2,1,104,,,,,,,,,,,,,,,,,,,,,
2021,240444,0,1,0,0,0,0,1,2,0,-2,1,0,1,1,0,0,1,1,1,1,0,1,1,0,1,1,1,1,1,1,1,1,1,2,1,1,1,1,1,0,1,0,1,0,1,1,1,1,1,0,1,1,1,1,0,-2,0,1,1,1,1,0,1,1,1,1,1,1,0,1,0,0,1,0,1,1,0,1,1,0,1,1,1,1,0,2,2,R,8 ,2,1,1,R,9226,2,A,.,R,7367,R,4100,A,.,R,60,R,75,1,1,0,0,0,0,0,1,107,1,107,2,-2,1,107,,,,,,,,,,,,,,,,,,,,,
2021,243744,0,1,0,0,0,0,3,-2,-2,-2,0,0,0,0,0,0,1,0,1,1,0,1,1,0,2,1,1,1,1,2,1,1,1,2,1,0,1,1,1,0,0,0,1,0,1,1,1,1,1,0,1,1,0,1,0,-2,0,1,1,1,1,0,1,1,1,1,1,1,0,2,0,0,0,0,0,0,1,1,1,0,1,1,0,1,0,2,2,R,24 ,1,2,1,R,14621,2,A,.,R,11166,R,6694,A,.,R,90,R,125,1,1,0,0,0,0,0,1,127,1,127,1,127,1,127,,,,,,,,,,,,,,,,,,,,,
2021,243780,0,1,1,0,0,0,1,2,0,-2,1,1,1,0,1,0,1,1,1,1,0,1,1,0,1,1,1,1,1,1,1,1,1,2,1,1,1,1,1,0,1,0,1,0,1,1,1,1,1,1,1,1,0,1,0,-2,0,1,1,1,1,0,1,1,1,1,1,1,0,1,0,0,1,0,1,1,0,1,1,0,1,1,1,1,0,2,2,R,7 ,2,1,1,R,15597,2,A,.,R,4860,R,5398,A,.,R,60,R,60,1,1,0,0,0,0,0,1,107,1,107,1,107,1,107,,,,,,,,,,,,,,,,,,,,,
2021,445188,0,1,0,0,0,0,1,2,0,-2,0,0,0,0,0,0,1,0,1,0,0,1,0,0,1,1,1,1,1,1,1,-2,-2,2,1,0,1,1,1,0,1,0,1,0,0,0,0,0,1,0,0,0,0,0,0,-2,0,1,1,0,1,0,1,1,1,1,1,1,0,1,0,0,1,0,1,0,0,0,0,1,1,0,1,0,0,2,1,A,. ,2,1,1,R,3634,2,A,.,A,.,A,.,R,18901,R,70,R,120,1,0,1,0,0,0,0,2,-2,1,301,2,-2,1,301,,,,,,,,,,,,,,,,,,,,,
2022,100858,0,1,1,0,0,0,1,2,0,-2,1,0,1,0,0,0,1,1,1,1,0,1,1,1,1,1,1,1,1,1,1,1,1,2,1,1,1,1,1,0,1,0,1,0,1,1,1,1,1,0,1,1,0,1,0,-2,,1,1,1,0,0,1,1,1,1,1,1,0,1,0,0,1,0,1,0,0,1,1,0,1,1,1,1,0,2,2,R,8.69 ,2,1,1,R,4495,2,A,.,R,9294,R,5704,A,.,R,50,R,60,1,1,0,0,0,0,0,1,130,1,130,1,130,1,130,0,0,0,0,0,0,0,1,1,0,0,1,0,2,,,,,,,
2022,110404,0,1,0,0,0,0,3,-2,-2,-2,0,0,0,0,0,0,1,0,1,1,0,1,0,0,2,1,1,1,2,2,1,-2,-2,2,1,1,1,0,0,0,0,0,0,1,1,1,0,1,1,0,0,0,0,0,0,-2,,1,1,1,0,0,1,1,1,1,1,1,0,1,0,0,1,0,0,0,1,0,0,1,0,0,0,0,1,2,2,R,9.22 ,2,2,1,R,1572,2,A,.,R,10815,R,7791,A,.,R,75,R,100,1,1,0,0,0,0,0,2,-2,1,197,1,197,1,197,0,0,0,0,0,0,0,0,0,1,0,1,0,2,,,,,,,
2022,110635,0,1,0,0,0,0,1,2,0,-2,0,0,0,0,0,0,1,1,1,1,0,1,1,0,1,1,1,1,1,1,1,1,1,2,1,0,1,1,0,0,0,0,1,0,1,1,1,1,1,1,1,1,0,0,0,-2,,1,1,1,1,0,1,1,1,1,1,1,0,1,0,0,1,0,1,0,0,1,1,0,1,1,1,1,0,2,2,R,15.00 ,2,1,1,R,9765,2,A,.,A,.,A,.,R,21402,R,70,R,120,1,1,0,0,0,0,0,1,127,1,127,1,127,1,127,0,1,1,0,1,0,1,1,1,0,1,1,0,1,,,,,,,
2022,110644,0,1,1,0,0,0,1,2,0,-2,0,0,0,0,0,0,1,1,1,1,0,1,1,0,2,1,1,1,1,1,1,1,1,2,1,0,1,1,1,0,1,0,1,0,1,1,0,0,1,0,1,1,0,1,0,-2,,1,1,1,1,0,1,1,1,1,1,1,0,1,0,0,1,0,1,0,0,1,1,0,1,1,1,1,0,2,2,R,7.75 ,2,1,1,R,11290,2,A,.,A,.,A,.,R,17692,R,70,R,120,1,1,0,0,0,0,0,1,105,1,109,1,109,1,109,1,0,0,1,0,0,0,0,0,0,0,1,1,2,,,,,,,
2022,110653,0,1,1,0,0,0,1,2,0,-2,0,0,0,0,0,0,1,1,1,0,0,1,1,0,2,1,1,1,1,1,1,1,1,2,1,0,1,1,1,0,0,0,1,0,1,1,0,1,1,0,1,1,0,1,0,-2,,1,1,1,1,0,1,1,1,1,1,1,0,1,0,0,1,0,1,0,0,1,1,0,1,1,1,1,0,2,1,A,. ,2,1,1,R,15693,2,A,.,A,.,A,.,R,17699,R,70,R,120,1,1,0,0,0,0,0,2,-2,1,109,1,109,1,109,0,0,0,0,0,0,0,0,0,1,0,1,0,2,,,,,,,
2022,110662,0,1,0,0,0,0,1,2,0,-2,0,0,0,0,0,0,1,0,1,1,0,1,1,0,2,1,1,1,1,1,1,1,1,2,1,0,1,1,1,0,1,0,1,0,1,1,1,1,1,0,0,0,0,0,0,-2,,1,1,1,1,0,1,1,1,1,1,1,0,1,0,0,1,0,1,0,0,1,1,0,1,1,1,1,0,2,2,R,4.00 ,2,1,1,R,22884,1,R,19,A,.,A,.,R,16277,R,70,R,120,1,1,0,0,0,0,0,1,127,1,127,1,127,1,127,0,0,0,0,0,0,0,0,0,1,1,1,0,2,,,,,,,
2022,110671,0,1,0,0,0,0,1,2,0,-2,0,0,0,0,0,0,1,0,1,0,0,1,1,0,2,1,1,1,1,1,1,1,1,2,1,1,1,1,1,0,1,0,1,0,0,0,0,0,1,1,1,1,0,1,0,-2,,1,1,1,1,0,1,1,1,1,1,1,0,1,0,0,1,0,1,0,0,1,1,0,1,1,1,1,0,2,1,A,. ,2,1,1,R,8600,2,A,.,A,.,A,.,R,17333,R,70,R,120,1,1,0,0,0,0,0,2,-2,1,109,1,109,1,109,0,0,0,0,0,0,0,0,0,1,0,0,0,2,,,,,,,
2022,110680,0,1,0,0,0,0,1,2,0,-2,0,0,0,0,0,0,1,0,1,0,0,1,1,0,2,1,1,1,1,1,1,1,1,2,1,0,1,1,1,0,0,0,1,0,0,0,0,0,1,0,1,1,0,1,0,-2,,1,1,1,1,0,1,1,1,1,1,1,0,1,0,0,1,0,1,0,0,1,1,0,1,1,1,1,0,2,1,A,. ,2,1,1,R,18165,2,A,.,A,.,A,.,R,16710,R,70,R,120,1,1,0,0,0,0,0,2,-2,1,109,1,109,1,109,0,0,0,0,1,0,0,0,0,0,0,0,0,2,,,,,,,
2022,110705,0,1,0,0,0,0,1,2,0,-2,0,0,0,0,0,0,1,1,1,0,0,1,0,0,2,1,1,1,1,1,1,-2,-2,2,1,1,1,1,0,0,1,0,1,0,1,1,0,0,1,0,1,0,0,1,0,-2,,1,1,1,1,0,1,1,1,1,1,1,0,2,0,0,0,0,1,0,0,1,0,0,1,0,1,1,0,2,2,R,6.00 ,2,1,1,R,11441,1,R,19,A,.,A,.,R,16883,R,70,R,120,1,1,0,0,0,0,0,2,-2,1,109,1,109,1,109,0,0,0,0,0,0,0,0,0,1,0,1,0,2,,,,,,,
2022,110714,0,1,0,0,0,0,1,2,0,-2,0,0,0,0,0,0,1,0,1,0,0,1,0,0,2,1,1,1,1,1,1,-2,-2,2,0,1,1,1,1,0,1,0,1,0,0,0,0,0,1,0,1,1,0,1,0,-2,,1,1,1,1,0,1,1,1,1,1,1,0,1,0,0,1,0,1,0,0,1,0,0,1,0,1,1,0,2,2,R,10.70 ,2,1,1,R,9440,2,A,.,A,.,A,.,R,18185,R,70,R,120,1,1,0,0,0,0,0,2,-2,1,170,2,-2,1,170,0,0,0,0,0,0,0,0,0,1,0,1,0,2,,,,,,,
2022,121150,0,1,0,0,0,0,4,-2,-2,74,0,0,0,0,0,0,1,1,1,0,0,1,1,0,1,1,1,1,1,1,1,1,1,2,1,0,1,1,0,0,1,0,1,0,1,1,0,1,1,1,1,1,0,1,0,-2,,1,1,1,0,0,1,1,1,1,1,1,0,1,0,0,1,0,1,1,0,1,1,0,1,1,1,1,0,2,2,R,12.00 ,2,2,1,R,2579,2,A,.,A,.,A,.,R,18560,R,65,R,65,1,1,0,0,0,0,0,2,-2,1,136,1,136,1,136,0,0,0,0,0,0,0,0,0,1,0,1,0,2,,,,,,,
2022,122931,0,1,0,0,0,0,4,-2,-2,30,0,0,0,0,0,0,1,1,1,1,0,1,1,0,2,1,1,1,1,1,1,1,1,2,1,0,1,1,0,0,0,0,1,0,1,1,1,1,1,1,1,1,0,1,0,-2,,1,1,0,1,0,1,1,1,1,1,1,0,1,0,0,1,0,0,0,1,1,1,0,1,1,0,1,0,2,2,R,15.27 ,2,2,1,R,3797,2,A,.,A,.,A,.,R,17112,R,70,R,73,1,1,0,0,0,0,0,2,-2,1,136,1,136,1,136,0,0,0,0,0,0,0,0,1,0,1,0,0,2,,,,,,,
2022,123961,0,1,0,0,0,0,3,-2,-2,-2,0,0,0,0,0,0,1,1,1,1,0,1,1,1,1,1,1,1,1,1,1,1,1,2,1,1,1,1,1,0,0,0,1,0,1,1,1,1,1,0,0,0,0,0,0,-2,,1,1,1,1,0,1,1,1,1,1,1,0,1,0,1,1,0,1,0,0,1,1,0,1,1,1,1,0,2,1,A,. ,2,2,1,R,8500,2,A,.,R,10506,R,6930,A,.,R,85,R,90,1,1,0,0,0,0,0,1,127,1,127,1,127,1,127,0,1,0,1,0,0,0,0,1,0,0,1,0,1,,,,,,,
2022,126614,0,1,0,0,0,0,1,2,0,-2,0,0,0,0,0,0,1,0,1,0,0,1,1,0,1,1,1,1,1,1,1,1,1,2,1,1,1,1,1,0,1,1,1,0,1,1,1,1,1,0,1,1,0,1,0,-2,,1,1,1,1,0,1,1,1,1,1,1,0,1,1,0,1,0,1,0,0,1,1,0,1,1,1,1,0,2,2,R,12.50 ,2,1,1,R,7500,1,R,19,A,.,A,.,R,16146,R,65,R,60,1,1,0,0,0,0,0,1,127,1,127,2,-2,1,127,0,0,0,0,1,0,0,0,1,0,0,1,0,2,,,,,,,
2022,126775,0,1,0,0,0,0,1,2,0,-2,0,0,0,0,0,0,1,1,1,1,0,1,0,0,1,1,1,1,1,1,1,-2,-2,2,0,1,1,1,1,0,1,1,1,0,1,1,0,1,1,0,1,1,1,0,0,-2,,1,1,1,0,0,1,1,1,1,1,1,0,1,0,0,1,0,1,0,0,1,1,0,1,1,1,1,0,2,2,R,9.00 ,2,1,1,R,2483,2,A,.,R,9610,R,6800,A,.,R,25,R,75,1,1,0,0,0,0,0,1,159,1,159,1,159,1,159,0,0,0,0,0,0,0,0,1,0,0,0,0,2,,,,,,,
2022,129020,0,1,0,0,0,0,1,2,0,-2,0,0,0,0,1,0,1,1,1,1,0,1,1,0,1,1,1,1,1,1,1,1,1,2,1,1,1,1,1,0,1,0,1,0,1,1,0,1,1,0,1,1,0,1,0,-2,,1,1,1,0,0,1,1,1,1,1,1,0,1,0,0,1,0,1,0,0,1,1,0,1,1,1,1,0,2,2,R,7.00 ,2,1,1,R,11921,2,A,.,R,7436,R,6186,A,.,R,80,R,75,1,1,0,0,0,0,0,1,104,1,104,1,104,1,104,0,0,0,0,0,0,0,0,0,1,0,1,0,1,,,,,,,
2022,130794,0,1,0,0,0,0,3,-2,-2,-2,0,0,0,0,0,1,1,1,1,1,0,1,1,1,1,1,1,1,1,2,1,1,1,2,1,0,1,1,1,0,0,0,1,0,1,0,1,1,1,0,0,0,0,0,0,-2,,1,1,1,1,0,1,1,1,1,1,1,0,1,0,0,1,0,1,0,0,1,0,0,1,0,1,1,0,2,2,R,18.02 ,1,2,1,R,5576,2,A,.,R,10500,R,7950,A,.,R,80,R,105,1,1,0,0,0,0,0,1,117,1,117,1,117,1,117,0,0,0,0,1,0,0,1,1,0,0,1,0,1,,,,,,,
2022,130943,1,1,1,1,0,0,1,9,0,-2,0,0,0,0,1,0,1,0,1,0,0,1,1,0,4,1,1,1,1,1,1,1,2,2,1,1,1,1,1,0,1,0,1,0,1,1,0,1,1,0,1,1,0,1,0,-2,,1,1,1,0,0,1,1,1,1,1,1,0,1,0,0,1,0,1,1,0,1,1,0,1,1,1,1,0,2,2,R,12.35 ,2,1,1,R,7220,1,R,19,R,8482,R,5752,A,.,R,75,R,75,1,1,0,0,0,0,0,1,110,1,110,1,110,1,110,1,1,1,0,1,0,0,1,1,0,0,0,0,2,,,,,,,
2022,131159,0,1,0,0,0,0,4,-2,-2,71,1,0,1,0,1,0,1,1,1,0,0,1,1,0,1,1,1,1,1,1,1,1,1,2,1,0,1,1,1,0,1,0,1,0,1,1,0,1,1,1,1,1,0,1,0,-2,,1,1,0,1,0,1,1,1,1,1,1,0,1,0,1,1,0,1,1,0,1,1,0,1,1,1,1,0,2,2,R,12.36 ,2,2,1,R,4214,2,A,.,R,10400,R,6630,A,.,R,75,R,63,1,1,0,0,0,0,0,2,-2,1,128,2,-2,1,128,0,0,0,0,0,0,0,1,1,0,0,0,0,2,,,,,,,
2022,131469,0,1,1,0,0,0,3,-2,-2,-2,0,0,0,1,1,1,1,1,1,1,0,1,1,0,1,1,1,1,1,1,1,1,1,2,1,0,1,1,0,0,1,0,1,0,1,0,1,0,1,0,1,1,0,1,0,-2,,1,1,1,0,0,1,1,1,1,1,1,0,1,0,0,1,0,1,1,0,1,1,0,1,1,1,1,0,2,2,R,7.70 ,2,2,1,R,7274,2,A,.,R,15675,R,4325,A,.,R,80,R,80,1,1,0,0,0,0,0,2,-2,1,103,1,103,1,103,0,0,0,0,0,0,0,0,0,1,0,0,0,2,,,,,,,
2022,131496,1,1,1,1,0,0,4,-2,-2,30,0,0,0,1,0,0,1,1,1,1,0,1,1,0,1,1,1,1,1,1,1,1,1,2,1,1,1,1,1,0,1,0,1,0,1,1,1,1,1,1,0,0,0,0,0,-2,,1,1,1,0,0,1,1,1,1,1,1,0,1,0,0,1,0,1,0,0,1,1,0,1,1,1,1,0,2,2,R,12.00 ,1,2,1,R,5493,2,A,.,R,12144,R,7280,A,.,R,75,R,90,1,1,0,0,0,0,0,1,128,1,104,1,104,1,104,0,1,1,0,0,0,0,1,1,0,0,1,0,2,,,,,,,
2022,131520,0,1,0,0,0,0,3,-2,-2,-2,0,0,0,0,0,1,1,0,1,1,0,1,1,0,1,1,1,1,1,1,1,1,1,2,1,0,1,0,0,0,1,0,1,0,1,1,0,1,1,0,1,0,0,1,0,-2,,1,1,1,0,0,1,1,1,1,1,1,0,1,0,0,1,0,1,0,0,1,1,0,1,1,1,1,0,2,2,R,4.00 ,2,2,1,R,6010,1,R,19,A,.,A,.,R,15880,R,45,R,75,1,1,0,0,0,0,0,1,121,1,121,2,-2,1,121,0,0,0,0,0,0,0,0,0,1,0,0,0,2,,,,,,,
2022,133951,0,1,0,0,0,0,1,2,0,-2,0,0,0,0,1,0,1,1,1,1,0,1,1,0,1,1,1,1,1,1,1,1,1,2,0,1,1,1,1,0,1,0,1,0,1,1,0,1,1,1,1,0,0,1,0,-2,,1,1,1,1,0,1,1,1,1,1,1,0,1,0,1,1,0,1,1,0,1,1,0,1,1,1,1,0,2,2,R,6.99 ,2,1,1,R,4403,2,A,.,R,7764,R,3836,A,.,R,30,R,30,1,1,0,0,0,0,0,1,111,1,111,1,111,1,111,0,1,1,0,1,0,0,1,1,0,0,1,1,1,,,,,,,
2022,134097,0,1,1,1,0,0,1,2,0,-2,0,0,0,0,1,0,1,0,1,1,0,1,1,0,1,1,1,1,1,1,1,1,1,2,1,1,1,1,1,0,1,1,1,0,1,1,1,1,1,0,1,1,0,0,0,-2,,1,1,1,1,0,1,1,1,1,1,1,0,1,0,1,1,0,1,0,0,1,1,0,1,1,1,1,0,2,2,R,7.62 ,2,1,1,R,6709,1,R,99,R,7160,R,5148,A,.,R,30,R,30,1,1,0,0,0,0,0,1,102,1,102,1,102,1,102,0,0,0,0,1,0,0,1,1,0,0,1,0,1,,,,,,,
2022,134130,0,1,0,0,0,0,1,2,0,-2,1,1,1,1,1,0,1,1,1,1,0,1,1,0,1,1,1,1,1,1,1,1,1,2,1,1,1,1,1,0,1,0,1,0,1,1,1,1,1,1,1,1,0,1,0,-2,,1,1,1,1,0,1,1,1,1,1,1,0,1,0,1,0,0,1,1,0,1,1,0,1,1,1,1,0,2,2,R,12.80 ,2,1,1,R,11375,2,A,.,R,6350,R,4600,A,.,R,30,R,30,1,1,0,0,0,0,0,1,130,1,130,1,130,1,130,0,1,1,0,1,0,0,1,1,0,1,1,0,2,,,,,,,
2022,135726,1,1,1,0,0,0,3,-2,-2,-2,1,0,1,0,0,0,1,1,1,1,0,1,1,0,1,1,1,1,1,1,1,1,1,2,1,1,1,1,1,0,1,0,1,0,1,1,0,1,1,1,1,1,0,1,0,1,,1,1,1,1,0,1,1,1,1,1,1,0,1,0,0,1,0,1,0,0,1,1,0,1,1,1,1,0,2,2,R,7.00 ,2,2,1,R,4495,1,R,19,R,9460,R,7450,A,.,R,70,R,85,1,1,0,0,0,0,0,1,102,1,102,1,102,1,102,0,0,0,0,0,0,0,1,1,0,0,0,0,2,,,,,,,
2022,137351,0,1,0,0,0,0,1,2,4,-2,0,0,0,0,1,0,1,0,1,1,0,1,1,0,1,1,1,1,1,1,1,1,1,2,1,1,1,1,1,0,1,0,1,0,1,1,1,1,1,1,1,0,0,1,0,-2,,1,1,1,1,0,1,1,1,1,1,1,0,2,0,0,0,0,1,1,0,1,1,0,1,1,1,1,0,2,2,R,5.08 ,2,1,1,R,7422,2,A,.,R,8170,R,4452,A,.,R,30,R,30,1,1,0,0,0,0,0,1,372,1,372,1,372,1,372,0,1,1,0,1,0,0,0,1,0,1,1,0,2,,,,,,,
2022,139658,1,1,1,1,0,0,4,-2,-2,71,0,0,0,0,0,0,1,1,1,1,0,1,1,0,1,1,1,1,1,1,1,1,1,2,1,0,0,1,0,0,1,0,1,0,0,0,0,0,1,1,0,0,0,0,0,-2,,1,1,1,1,0,1,1,1,1,1,1,0,1,0,0,1,0,1,0,0,1,1,0,1,1,1,1,0,2,2,R,11.50 ,2,2,1,R,4813,2,A,.,R,9670,R,7346,A,.,R,75,R,75,1,1,0,0,0,0,0,2,-2,1,200,1,200,1,200,0,1,1,0,0,0,0,0,1,0,0,1,0,2,,,,,,,
2022,139755,0,1,1,0,0,0,1,2,0,-2,0,0,0,0,0,0,1,1,1,0,0,1,0,0,1,1,1,1,1,1,1,-2,-2,2,1,0,1,1,1,0,1,0,1,0,1,1,1,1,1,1,0,0,0,0,0,-2,,1,1,1,1,0,1,1,1,1,1,1,0,1,0,0,1,0,1,0,0,1,1,0,1,1,1,1,0,2,1,A,. ,2,1,1,R,8805,2,A,.,R,6918,R,5424,A,.,R,75,R,75,1,1,0,0,0,0,0,1,102,1,102,1,102,1,102,0,0,1,0,0,0,0,0,1,0,0,1,1,1,,,,,,,
2022,139959,0,1,0,0,0,0,1,2,0,-2,1,0,1,1,0,0,1,1,1,1,0,1,1,0,1,1,1,1,1,1,1,1,1,2,1,1,1,1,1,0,1,0,1,0,1,1,0,1,1,0,1,1,0,1,0,-2,,1,1,1,1,0,1,1,1,1,1,1,0,1,0,0,1,0,1,1,0,1,1,0,1,1,1,1,0,2,2,R,6.70 ,2,1,1,R,10218,1,R,21,R,6294,R,4094,A,.,R,70,R,75,1,1,0,0,0,0,0,1,130,1,130,1,130,1,130,0,0,1,0,1,0,0,0,1,0,0,0,1,1,,,,,,,
2022,144050,0,1,1,0,0,0,3,-2,-2,-2,0,0,0,0,0,0,1,1,1,1,0,1,1,0,2,1,1,1,1,2,1,1,1,2,1,0,1,1,1,0,1,0,1,0,1,1,0,1,1,0,1,1,0,1,0,-2,,1,1,1,0,0,1,1,1,1,1,1,0,1,0,0,1,0,0,0,1,1,1,0,1,1,0,1,0,2,2,R,12.00 ,1,2,1,R,4573,2,A,.,A,.,A,.,R,18396,R,75,R,90,1,1,0,0,0,0,0,1,182,1,200,1,182,1,200,0,1,1,0,1,0,0,0,1,0,0,0,0,2,,,,,,,
2022,145600,0,1,1,0,0,1,1,2,0,-2,0,0,0,1,0,0,1,1,1,1,0,1,1,0,1,1,1,1,1,1,1,1,1,2,0,1,1,1,1,0,1,1,1,0,1,1,1,1,1,1,1,1,0,1,0,-2,,1,1,1,1,0,1,1,1,1,1,1,0,1,1,0,1,0,1,1,0,1,1,0,1,1,1,1,0,2,2,R,5.36 ,2,1,1,R,3289,2,A,.,R,8646,R,4895,A,.,R,60,R,70,1,1,0,0,0,0,0,2,-2,1,123,1,123,1,123,1,0,1,0,0,0,0,1,1,0,0,1,1,1,,,,,,,
2022,145637,0,1,1,0,0,1,1,2,0,-2,0,0,0,0,0,0,1,1,1,1,0,1,1,0,1,1,1,1,1,1,1,1,1,2,0,1,1,1,1,0,1,0,1,0,1,1,1,1,1,0,1,1,0,1,0,-2,,1,1,1,1,0,1,1,1,1,1,1,0,1,1,0,1,0,1,1,0,1,1,0,1,1,1,1,0,2,2,R,6.39 ,1,1,1,R,15648,2,A,.,A,.,A,.,R,12720,R,50,R,70,1,1,0,0,0,0,0,1,107,1,107,1,107,1,107,0,1,1,0,0,0,0,1,1,0,1,1,0,1,,,,,,,
2022,147767,0,1,0,0,0,0,3,-2,-2,-2,0,0,0,1,0,0,1,1,1,1,0,1,1,0,2,1,1,1,1,2,1,1,1,2,1,0,0,1,0,0,0,0,1,0,1,0,1,0,1,1,1,1,0,1,0,-2,,1,1,1,0,0,1,1,1,1,1,1,0,1,0,0,1,0,1,1,0,1,1,0,1,1,1,1,0,2,2,R,12.00 ,2,2,1,R,4456,2,A,.,R,11748,R,7692,A,.,R,75,R,95,1,1,0,0,0,0,0,1,107,1,107,1,107,1,107,0,0,1,0,1,0,0,0,1,0,0,0,0,2,,,,,,,
2022,151351,1,1,1,1,1,0,1,2,0,-2,1,0,1,1,1,0,1,1,1,0,0,1,1,0,1,1,1,1,1,1,1,1,1,2,1,1,1,1,1,0,1,1,1,0,1,1,0,1,1,1,1,1,0,1,0,-2,,1,1,1,1,0,1,1,1,1,1,1,0,1,0,0,1,0,1,1,0,1,1,0,1,1,1,1,0,2,1,A,. ,2,1,1,R,13467,2,A,.,R,7798,R,4430,A,.,R,65,R,70,1,1,0,0,0,0,0,1,107,1,107,1,107,1,107,0,1,0,0,1,0,0,0,0,0,0,1,1,1,,,,,,,
2022,152080,0,1,0,0,0,0,4,-2,-2,30,0,0,0,0,0,0,1,0,1,0,0,1,1,0,1,1,1,1,1,2,1,1,1,2,1,0,1,1,1,0,0,0,1,0,1,1,1,1,1,1,1,1,0,0,0,-2,,1,1,1,0,0,1,1,1,1,1,0,0,1,0,0,1,0,1,0,0,1,1,0,1,1,1,1,0,2,2,R,12.00 ,2,2,1,R,6831,1,R,21,A,.,A,.,R,16710,R,75,R,75,1,1,0,0,0,0,0,1,113,1,102,1,102,1,102,0,0,0,0,0,0,0,0,0,1,0,0,0,2,,,,,,,
2022,160472,1,0,-2,0,0,0,2,-2,-2,-2,1,1,1,1,0,0,-2,-2,-2,-2,0,-2,-2,-2,7,1,1,-2,1,1,-2,-2,-2,1,1,0,0,0,0,0,0,0,0,1,0,0,0,0,0,0,-2,-2,-2,-2,1,-2,,1,0,1,0,0,1,1,1,0,1,0,0,1,1,1,1,0,0,0,1,-2,-2,-2,0,0,0,-2,1,2,1,A,. ,2,-2,2,A,.,3,A,.,A,.,A,.,A,.,R,0,A,.,-2,-2,-2,-2,-2,-2,-2,-2,-2,-2,-2,-2,-2,-2,-2,0,0,0,0,0,0,0,0,0,1,0,0,0,2,,,,,,,
2022,160755,0,1,1,0,0,0,3,-2,-2,-2,0,0,0,0,0,0,1,1,1,0,0,1,1,0,1,1,1,1,1,2,1,1,1,2,1,0,1,0,1,0,1,0,1,0,1,1,1,1,1,1,1,1,0,1,0,-2,,1,1,1,1,0,1,1,1,1,1,1,0,1,0,0,1,0,1,0,0,1,1,0,1,1,1,1,0,2,2,R,21.63 ,2,2,1,R,4074,2,A,.,R,9946,R,7400,A,.,R,0,R,50,1,1,0,0,0,0,0,1,372,1,372,1,372,1,372,0,0,0,0,0,0,0,0,0,1,0,1,0,1,,,,,,,
2022,162928,0,1,1,0,0,0,3,-2,-2,-2,0,0,0,0,0,1,1,1,1,1,0,1,1,0,1,1,1,1,1,2,1,1,1,2,1,1,1,1,1,0,1,0,1,0,1,1,0,0,1,1,1,1,0,1,0,-2,,1,1,1,0,0,1,1,1,1,1,1,0,1,0,0,1,0,1,0,0,1,1,0,1,1,1,1,0,2,2,R,13.80 ,2,2,1,R,2737,1,R,19,R,10670,R,7420,A,.,R,70,R,75,1,1,0,0,0,0,0,1,165,1,165,1,165,1,165,0,1,0,0,1,0,0,0,1,0,0,1,0,2,,,,,,,
2022,163286,0,1,0,0,0,0,1,2,0,-2,0,0,0,0,0,1,1,1,1,1,0,1,1,0,1,1,1,1,1,1,1,1,1,2,1,1,1,1,1,0,1,0,1,0,1,1,0,1,1,0,1,0,0,1,0,-2,,1,1,1,0,0,1,1,1,1,1,1,0,1,0,1,1,0,1,0,0,1,1,0,1,1,1,1,0,2,1,A,. ,2,1,1,R,12465,2,A,.,R,8860,R,6036,A,.,R,75,R,75,1,1,0,0,0,0,0,1,107,1,107,1,107,1,107,0,0,0,0,0,0,0,1,0,0,0,0,1,1,,,,,,,
2022,164924,0,1,0,0,0,0,4,-2,-2,30,1,0,1,0,0,0,1,1,1,1,0,1,1,0,1,1,1,1,1,2,1,1,1,2,1,1,1,1,1,0,0,1,1,0,1,1,1,1,1,1,1,1,0,1,0,-2,,1,1,1,1,0,1,1,1,1,1,1,0,1,0,0,1,0,1,0,0,1,1,0,1,1,1,1,0,2,2,R,8.37 ,2,2,1,R,7619,2,A,.,R,10120,R,6000,A,.,R,80,R,75,1,1,0,0,0,0,0,1,102,1,102,1,102,1,102,0,0,0,0,0,0,0,0,1,0,0,0,0,2,,,,,,,
2022,164988,0,1,0,0,0,0,3,-2,-2,-2,1,0,1,1,0,1,1,1,1,1,0,1,1,0,1,1,1,1,1,1,1,1,1,2,1,0,1,1,1,0,0,0,1,0,1,1,1,1,1,1,1,1,0,1,0,-2,,1,1,1,1,0,1,1,1,1,1,1,0,1,0,1,1,0,1,1,0,1,1,0,1,1,1,1,0,2,1,A,. ,2,2,1,R,11649,2,A,.,R,11260,R,6140,A,.,R,80,R,95,1,1,0,0,0,0,0,2,-2,1,128,2,-2,1,128,0,0,0,0,0,0,0,1,1,0,1,1,0,2,,,,,,,
2022,165015,0,1,0,0,0,0,3,-2,-2,-2,0,0,0,0,0,0,1,0,1,1,0,1,0,0,1,1,1,1,1,1,1,-2,-2,2,1,0,0,0,1,0,0,0,1,0,1,1,0,1,1,0,1,1,0,0,0,-2,,1,1,1,0,0,1,1,1,1,1,1,0,1,0,1,1,0,1,0,0,1,1,0,1,1,1,1,0,2,2,R,17.00 ,2,2,1,R,2950,1,R,19,R,9746,R,7550,A,.,R,80,R,75,1,1,0,0,0,0,0,2,-2,1,200,1,200,1,200,0,0,0,0,0,0,0,0,1,0,0,0,0,2,,,,,,,
2022,166027,0,1,1,0,0,0,3,-2,-2,-2,1,0,1,0,1,0,1,1,1,1,0,1,1,0,1,1,1,1,1,2,1,1,1,2,1,0,1,1,0,0,0,0,1,0,1,1,1,1,1,1,1,1,1,1,0,-2,,1,1,1,0,0,1,1,1,1,1,1,0,1,0,1,1,0,1,1,0,1,1,0,1,1,1,1,0,2,2,R,10.00 ,1,2,1,R,13748,2,A,.,R,12056,R,7446,A,.,R,85,R,105,1,1,0,0,0,0,0,1,117,1,117,1,117,1,117,0,1,1,0,1,0,1,1,1,0,1,0,0,2,,,,,,,
2022,166629,1,1,1,0,0,0,1,2,0,-2,1,0,1,0,1,0,1,1,1,1,0,1,1,0,1,1,1,1,1,1,1,1,2,2,1,1,1,1,1,0,1,1,1,0,1,1,0,1,1,1,1,1,0,1,0,-2,,1,1,1,1,0,1,1,1,1,1,1,0,1,0,0,1,0,1,1,0,1,1,0,1,1,1,1,0,2,2,R,8.34 ,2,1,1,R,14484,2,A,.,R,7840,R,6283,A,.,R,85,R,85,1,1,0,0,0,0,0,1,327,1,103,1,103,1,103,0,1,0,0,0,0,0,0,1,0,0,0,0,2,,,,,,,
2022,166683,0,1,0,0,0,0,3,-2,-2,-2,0,0,0,0,0,0,1,0,1,0,0,1,0,0,4,1,1,1,1,1,1,-2,-2,2,1,1,1,1,1,0,0,0,1,0,1,1,1,1,1,0,1,1,1,1,0,-2,,1,1,1,1,0,1,1,1,1,1,1,0,1,0,0,1,0,0,0,1,1,0,0,1,0,0,1,0,2,2,R,9.20 ,2,2,1,R,8000,2,A,.,R,11980,R,6810,A,.,R,75,R,75,1,1,0,0,0,0,0,1,186,1,186,1,186,1,186,0,1,0,0,0,0,0,0,1,0,1,0,0,2,,,,,,,
2022,167358,0,1,1,0,0,0,3,-2,-2,-2,0,0,0,0,0,0,1,0,1,1,0,1,1,1,1,1,1,1,1,2,1,1,1,2,1,0,1,1,1,0,1,1,1,0,1,1,1,1,1,0,0,0,0,0,0,-2,,1,1,1,1,0,1,1,1,1,1,1,0,1,0,0,1,0,1,0,0,1,1,0,1,1,1,1,0,2,1,A,. ,2,2,1,R,11278,1,R,17,R,10250,R,8180,A,.,R,75,R,75,1,1,0,0,0,0,0,2,-2,1,110,1,110,1,110,0,0,0,0,0,0,0,0,0,1,0,1,0,2,,,,,,,
2022,168148,0,1,1,0,0,0,3,-2,-2,-2,1,0,1,0,0,0,1,1,1,1,0,1,1,0,1,1,1,1,1,1,1,1,1,2,1,0,1,0,0,0,0,0,1,0,1,1,1,1,1,0,1,1,0,1,0,-2,,1,1,1,0,0,1,1,1,1,1,1,0,1,0,1,1,0,1,0,0,1,1,0,1,1,1,1,0,2,2,R,13.72 ,2,2,1,R,4216,1,R,99,R,9142,R,7636,A,.,R,75,R,85,1,1,0,0,0,0,0,1,185,1,185,1,185,1,185,0,0,0,0,1,0,0,0,1,0,0,1,0,2,,,,,,,
2022,168421,0,1,0,0,0,0,3,-2,-2,-2,0,0,0,0,0,0,1,1,1,1,0,1,0,0,1,1,1,1,1,2,1,-2,-2,2,1,0,1,0,0,0,1,0,1,0,1,1,1,1,1,0,1,1,0,1,0,-2,,1,1,1,0,0,1,1,1,1,1,1,0,1,0,1,1,0,1,0,0,1,1,0,1,1,1,1,0,2,2,R,15.00 ,2,2,1,R,2369,1,R,19,R,9482,R,7206,A,.,R,0,R,70,1,1,0,0,0,0,0,1,186,1,186,1,186,1,186,0,0,0,0,0,0,0,0,0,1,0,0,0,2,,,,,,,
2022,170976,0,1,0,0,0,0,1,2,0,-2,0,0,0,0,0,0,1,1,1,1,0,1,1,0,3,1,1,1,1,1,1,1,1,2,1,1,1,1,1,0,1,0,1,0,1,1,1,1,1,1,1,1,0,1,0,-2,,1,1,1,1,0,1,1,1,1,1,1,0,1,0,0,1,0,1,1,0,1,1,0,1,1,1,1,0,2,2,R,9.00 ,2,1,1,R,11493,2,A,.,A,.,A,.,R,13171,R,75,R,75,1,1,0,0,0,0,0,1,107,1,107,1,107,1,107,0,1,1,0,1,0,0,1,1,0,1,0,0,1,,,,,,,
2022,171100,0,1,0,0,0,0,1,2,0,-2,0,0,0,1,0,0,1,1,1,1,0,1,1,0,1,1,1,1,1,1,1,1,1,2,1,0,1,1,1,0,1,0,1,0,1,1,0,1,1,1,0,0,0,0,0,-2,,1,1,1,0,0,1,1,1,1,1,1,0,1,0,0,1,0,1,0,0,1,1,0,1,1,1,1,0,2,2,R,6.34 ,2,1,1,R,17517,2,A,.,R,4538,R,6452,A,.,R,65,R,65,1,1,0,0,0,0,0,1,107,1,107,1,107,1,107,0,1,1,1,1,0,1,1,1,0,0,1,0,1,,,,,,,
2022,174066,0,1,1,1,0,0,1,2,0,-2,1,0,1,1,0,0,1,1,1,0,0,1,1,0,1,1,1,1,1,1,1,1,1,2,0,1,1,1,1,0,1,1,1,0,1,1,1,1,1,1,1,1,0,1,0,-2,,1,1,1,1,0,1,1,1,1,1,1,0,1,0,0,1,0,1,1,0,1,1,0,1,1,1,1,0,2,2,R,6.00 ,2,1,1,R,7558,2,A,.,R,7054,R,5240,A,.,R,55,R,75,1,1,0,0,0,0,1,1,107,1,107,1,107,1,107,0,1,1,1,1,0,0,1,1,0,1,1,0,1,,,,,,,
2022,179867,0,1,0,0,0,0,3,-2,-2,-2,1,1,1,1,1,1,1,1,1,1,0,1,1,0,1,1,1,1,1,1,1,1,1,2,1,0,1,1,1,0,0,0,1,0,1,1,0,1,1,1,1,1,0,1,0,-2,,1,1,1,1,0,1,1,1,1,1,1,0,1,0,1,1,0,1,1,0,1,1,0,1,1,1,1,0,2,2,R,15.90 ,2,2,1,R,7032,2,A,.,R,12698,R,5772,A,.,R,75,R,45,1,1,0,0,0,0,1,1,200,1,200,1,200,1,200,0,1,1,0,1,0,0,0,1,0,0,1,0,2,,,,,,,
2022,182670,0,1,0,0,0,0,3,-2,-2,-2,0,0,0,0,0,0,1,0,1,0,0,1,1,0,2,1,1,1,1,2,1,1,1,2,1,0,0,1,0,0,0,0,0,1,1,1,0,0,1,0,0,0,0,0,0,-2,,1,1,1,0,0,1,1,1,1,1,1,0,1,0,1,1,0,0,0,1,1,0,0,1,0,0,1,0,2,2,R,11.20 ,1,2,1,R,3873,1,R,21,R,10881,R,6693,A,.,R,80,R,50,1,1,0,0,0,0,0,1,117,1,117,1,117,1,117,0,0,0,0,1,0,0,0,0,0,0,1,0,2,,,,,,,
2022,185828,1,1,1,0,0,0,1,2,0,-2,0,0,0,0,0,0,1,1,1,0,0,1,0,0,1,1,1,1,1,1,1,-2,-2,2,1,1,1,1,1,0,1,0,1,0,1,0,0,1,1,1,1,1,0,0,0,-2,,1,1,1,0,0,1,1,1,1,1,1,0,1,0,0,1,0,1,0,0,1,1,0,1,1,1,1,0,2,1,A,. ,2,1,1,R,2583,2,A,.,A,.,A,.,R,12200,R,75,R,75,1,1,0,0,0,0,0,2,-2,1,101,1,101,1,101,1,1,1,0,0,0,0,0,1,0,0,1,0,2,,,,,,,
2022,186131,0,1,0,0,0,0,3,-2,-2,-2,1,0,1,0,0,0,1,0,1,0,0,1,0,0,1,1,1,1,1,2,2,-2,-2,2,1,0,1,1,1,0,0,0,1,0,1,1,1,1,1,0,1,1,0,1,0,-2,,1,1,1,1,0,1,1,1,1,1,1,0,1,0,0,1,0,0,0,1,0,0,1,0,0,0,0,1,2,2,R,12.00 ,1,2,1,R,5594,2,A,.,R,10960,R,7670,A,.,R,70,R,75,1,1,0,0,0,0,0,1,117,1,117,1,117,1,117,0,0,0,0,0,0,0,0,0,1,0,0,0,2,,,,,,,
2022,186371,0,1,1,0,0,0,1,2,0,-2,0,0,0,0,0,0,1,1,1,1,0,1,1,0,1,1,1,1,1,1,1,1,1,2,1,1,1,1,1,0,1,0,1,0,1,1,0,1,1,1,1,1,0,0,0,-2,,1,1,1,1,0,1,1,1,1,1,1,0,1,0,0,1,0,1,1,0,1,1,0,1,1,1,1,0,2,2,R,7.00 ,2,1,1,R,832,2,A,.,R,9323,R,3600,A,.,R,70,R,70,1,1,0,0,0,0,0,2,-2,1,187,1,187,1,187,1,1,1,1,1,1,1,1,1,0,0,0,0,1,,,,,,,
2022,186380,0,1,1,0,0,0,1,2,0,-2,0,0,0,1,1,0,1,1,1,1,0,1,1,0,1,1,1,1,1,1,1,1,1,2,1,1,1,1,1,0,1,0,1,0,1,1,1,1,1,1,1,1,0,0,0,-2,,1,1,1,1,0,1,1,1,1,1,1,0,1,0,0,1,0,1,1,0,1,1,0,1,1,1,1,0,2,2,R,6.00 ,2,1,1,R,15838,2,A,.,R,8415,R,5494,A,.,R,70,R,70,1,1,0,0,0,0,0,1,107,1,107,1,107,1,107,1,1,1,1,1,1,1,1,1,0,0,0,0,1,,,,,,,
2022,186399,0,1,1,0,0,0,1,2,0,-2,0,0,0,0,0,0,1,1,1,1,0,1,1,0,1,1,1,1,1,1,1,1,1,2,1,1,1,1,1,0,1,0,1,0,1,1,0,1,1,1,1,1,0,0,0,-2,,1,1,1,1,0,1,1,1,1,1,1,0,1,0,0,1,0,1,1,0,1,1,0,1,1,1,1,0,2,2,R,6.00 ,2,1,1,R,2453,2,A,.,R,9095,R,5248,A,.,R,70,R,70,1,1,0,0,0,0,0,2,-2,1,187,1,187,1,187,1,1,1,1,1,1,1,1,1,0,0,0,0,1,,,,,,,
2022,186867,0,1,0,0,0,0,3,-2,-2,-2,0,0,0,0,0,0,1,1,1,0,0,1,0,0,1,1,1,1,1,2,1,-2,-2,2,1,0,1,0,0,0,1,0,1,0,1,1,0,1,1,0,0,0,0,0,0,-2,,1,1,1,0,0,1,1,1,1,1,1,0,1,0,0,1,0,1,0,0,1,1,0,1,1,1,1,0,2,2,R,7.06 ,2,2,1,R,2036,2,A,.,R,9680,R,7400,A,.,R,70,R,60,1,1,0,0,0,0,0,1,181,1,181,1,181,1,181,0,0,0,0,0,0,0,0,0,1,0,0,0,2,,,,,,,
2022,190415,0,1,0,0,0,0,3,-2,-2,-2,0,0,0,0,0,0,1,1,1,0,0,1,1,0,1,1,1,1,1,2,1,1,1,2,1,0,1,1,1,0,0,0,1,0,1,1,1,1,1,0,0,0,0,0,0,-2,,1,1,1,0,0,1,1,1,1,1,1,0,2,0,0,0,0,1,0,0,1,1,0,1,1,1,1,0,2,2,R,17.00 ,2,1,1,R,8954,1,R,14,R,10426,R,6612,A,.,R,80,R,105,1,1,0,0,0,0,0,1,117,1,117,1,117,1,117,0,0,0,0,1,0,0,0,1,0,0,1,0,2,,,,,,,
2022,191241,0,1,1,0,0,0,4,-2,-2,30,0,0,0,0,0,0,1,1,1,1,0,1,1,0,1,1,1,1,1,1,1,1,1,2,1,1,1,1,1,0,1,1,1,0,1,1,1,1,1,0,1,1,0,1,0,-2,,1,1,1,0,0,1,1,1,1,1,1,0,1,0,1,1,0,1,0,0,1,1,0,1,1,1,1,0,2,2,R,10.46 ,2,2,1,R,4844,2,A,.,A,.,A,.,R,21060,R,70,R,60,1,1,0,0,0,0,0,1,128,1,103,1,103,1,103,0,1,1,0,1,0,0,1,1,0,0,0,0,2,,,,,,,
2022,193900,1,1,1,0,0,0,3,-2,-2,-2,0,0,0,0,1,0,1,1,1,1,0,1,1,1,1,1,1,1,1,1,1,1,1,2,1,0,1,1,1,0,1,1,1,0,1,1,0,1,1,0,1,1,1,1,0,-2,,1,1,1,0,0,1,1,1,1,1,1,0,1,0,1,1,1,1,1,0,1,1,0,1,1,1,1,0,2,2,R,11.60 ,2,2,1,R,12622,1,R,19,R,14660,R,5612,A,.,R,80,R,110,1,1,0,0,0,0,0,2,-2,1,200,1,200,1,200,0,1,0,0,1,0,0,1,1,0,0,1,0,2,,,,,,,
2022,194824,0,1,0,0,0,0,3,-2,-2,-2,0,0,0,0,0,0,1,1,1,0,0,1,0,0,1,1,1,1,1,2,1,-2,-2,2,1,1,1,1,0,0,1,0,1,0,1,1,1,1,1,0,0,0,0,0,0,-2,,1,1,1,0,0,1,1,1,1,1,1,0,1,0,0,1,0,0,0,1,0,0,1,0,0,0,0,1,2,1,A,. ,1,2,1,R,3930,1,R,99,R,9370,R,7610,A,.,R,70,R,75,1,1,0,0,0,0,0,1,201,1,201,1,201,1,201,0,0,0,0,0,0,0,0,0,1,0,0,0,2,,,,,,,
2022,195003,1,1,1,0,0,0,3,-2,-2,-2,1,0,1,1,1,0,1,1,1,0,0,1,0,0,1,1,1,1,1,1,1,-2,-2,2,1,1,1,1,1,0,1,1,1,0,1,1,1,1,1,1,1,1,0,1,0,-2,,1,1,1,1,0,1,1,1,1,1,1,0,1,0,1,1,0,1,1,0,1,1,0,1,1,1,1,0,2,2,R,14.93 ,2,2,1,R,6875,2,A,.,R,8728,R,7000,A,.,R,65,R,65,1,1,0,0,0,0,0,2,-2,1,201,1,201,1,201,0,1,1,0,1,0,0,1,1,0,0,1,0,2,,,,,,,
2022,195030,0,1,1,1,0,0,3,-2,-2,-2,1,1,1,0,0,0,1,1,1,1,0,1,1,0,1,1,1,1,1,2,1,1,1,2,1,0,1,1,1,0,0,0,1,0,1,1,1,1,1,0,1,1,0,1,0,-2,,1,1,1,0,0,1,1,1,1,1,1,0,1,0,0,1,0,1,1,0,1,1,0,1,1,1,1,0,2,1,A,. ,1,2,1,R,6084,2,A,.,R,11002,R,7230,A,.,R,50,R,50,1,1,0,0,0,0,0,1,200,1,200,1,200,1,200,0,0,0,0,0,0,0,0,0,1,0,0,0,1,,,,,,,
2022,196079,0,1,0,0,0,0,1,2,0,-2,0,0,0,0,0,0,1,0,1,1,0,1,1,0,1,1,1,1,1,1,1,1,1,2,0,1,1,1,1,0,1,0,1,0,1,1,0,1,1,1,1,1,0,1,0,-2,,1,1,1,1,0,1,1,1,1,1,1,0,1,0,0,1,0,1,0,0,1,0,0,1,0,1,1,0,2,2,R,7.12 ,2,1,1,R,7562,2,A,.,R,11606,R,5900,A,.,R,50,R,75,1,1,0,0,0,0,0,2,-2,1,101,1,101,1,101,0,0,0,0,1,0,0,0,0,0,0,0,0,2,,,,,,,
2022,196088,0,1,0,0,0,0,1,2,0,-2,0,0,0,1,0,0,1,1,1,1,0,1,1,0,1,1,1,1,1,1,1,1,1,2,0,1,1,1,1,0,1,0,1,0,1,1,0,0,1,1,1,1,0,0,0,-2,,1,1,1,1,0,1,1,1,1,1,1,0,1,0,0,1,0,1,1,0,1,1,0,1,1,1,1,0,2,2,R,5.23 ,2,1,1,R,7737,1,R,19,R,9132,R,7080,A,.,R,50,R,75,1,1,0,0,0,0,0,1,119,1,119,2,-2,1,119,0,1,1,1,1,1,1,1,1,0,0,1,0,1,,,,,,,
2022,196097,1,1,1,1,0,0,1,2,0,-2,0,0,0,0,0,0,1,1,1,1,0,1,1,0,1,1,1,1,1,1,1,1,1,2,0,1,1,1,1,0,1,0,1,0,1,1,1,1,1,0,1,1,0,1,0,-2,,1,1,1,1,0,1,1,1,1,1,1,0,1,0,0,1,0,1,1,0,1,1,0,1,1,1,1,0,2,2,R,6.59 ,2,1,1,R,10315,2,A,.,R,10254,R,6154,A,.,R,50,R,100,1,1,0,0,0,0,0,1,110,1,110,1,110,1,110,1,1,1,1,1,0,0,1,1,0,1,1,0,2,,,,,,,
2022,196413,1,1,1,1,0,0,3,-2,-2,-2,1,0,1,0,1,0,1,1,1,1,0,1,1,0,1,1,1,1,1,1,1,1,1,2,1,1,1,1,1,0,1,1,1,0,1,1,0,1,1,1,1,1,0,1,0,-2,,1,1,1,1,0,1,1,1,1,1,1,0,1,0,1,1,0,1,1,0,1,1,0,1,1,1,1,0,2,2,R,14.72 ,2,2,1,R,8580,1,R,99,R,9520,R,7650,A,.,R,85,R,75,1,1,0,0,0,0,0,1,102,1,102,2,-2,1,102,0,1,1,0,1,0,0,1,1,0,0,1,1,1,,,,,,,
2022,197708,0,1,1,0,0,0,3,-2,-2,-2,0,0,0,0,1,0,1,0,1,1,0,1,1,0,1,1,1,1,1,1,1,1,1,2,1,0,0,0,0,0,1,0,1,0,0,0,0,0,1,1,1,1,0,1,0,-2,,1,1,1,0,0,1,1,1,1,1,1,0,1,0,0,1,0,1,0,0,1,1,0,1,1,1,1,0,2,2,R,30.00 ,2,2,1,R,1645,2,A,.,R,10000,R,4400,A,.,R,65,R,50,1,1,0,0,0,0,0,2,-2,1,196,1,196,1,196,0,0,0,0,0,0,0,0,0,1,0,0,0,2,,,,,,,
2022,198419,0,1,0,0,0,0,4,-2,-2,71,0,0,0,0,0,0,1,1,1,1,0,1,1,0,1,1,1,1,1,2,1,1,1,2,1,0,0,1,0,0,0,0,1,0,1,1,1,1,1,0,1,0,0,1,0,-2,,1,1,1,0,0,1,1,1,1,1,1,0,1,0,1,0,0,1,0,0,1,1,0,1,1,1,1,0,2,1,A,. ,1,2,1,R,5699,2,A,.,R,9495,R,7156,A,.,R,85,R,95,1,1,0,0,0,0,0,1,102,1,102,1,102,1,102,0,0,0,0,0,0,0,0,0,1,0,1,0,2,,,,,,,
2022,199120,1,1,1,0,0,0,1,2,0,-2,0,0,0,1,0,0,1,1,1,1,0,1,1,0,1,1,1,1,1,1,1,1,1,2,1,1,1,1,1,0,1,1,1,0,1,1,1,1,1,1,1,1,0,1,0,-2,,1,1,0,1,0,1,1,1,1,1,1,0,1,1,0,1,0,1,0,0,1,1,0,1,1,1,1,0,2,2,R,8.00 ,2,1,1,R,9925,1,R,99,R,7014,R,5240,A,.,R,85,R,95,1,1,0,0,0,0,0,1,102,1,102,1,102,1,102,0,0,0,0,1,0,0,0,0,0,1,1,0,1,,,,,,,
2022,199193,1,1,1,1,0,0,1,2,0,-2,1,0,1,0,1,0,1,1,1,0,0,1,1,0,1,1,1,1,1,1,1,1,1,2,1,1,1,1,1,0,1,0,1,0,1,1,1,1,1,0,1,1,0,1,0,-2,,1,1,1,0,0,1,1,1,1,1,1,0,1,1,0,1,0,1,1,0,1,1,0,1,1,1,1,0,2,2,R,5.80 ,2,1,1,R,9394,2,A,.,R,7432,R,5316,A,.,R,85,R,75,1,1,0,0,0,0,0,1,102,1,102,1,102,1,102,0,1,1,1,1,0,0,1,1,0,1,0,0,2,,,,,,,
2022,199847,0,1,0,0,0,0,3,-2,-2,-2,0,0,0,0,0,0,1,1,1,0,0,1,1,0,1,1,1,1,1,1,1,1,1,2,1,0,0,0,0,0,1,0,1,0,1,1,0,0,1,1,1,1,0,1,0,-2,,1,1,1,0,0,1,1,1,1,1,1,0,1,0,1,1,0,1,0,0,1,1,0,1,1,1,1,0,2,2,R,12.50 ,2,2,1,R,4132,2,A,.,R,10448,R,8334,A,.,R,85,R,80,1,1,0,0,0,0,0,1,102,1,102,1,102,1,102,0,0,0,0,1,0,0,0,1,0,0,1,0,2,,,,,,,
2022,201645,0,1,1,1,0,0,3,-2,-2,-2,0,0,0,0,0,0,1,1,1,1,0,1,1,0,1,1,1,1,1,2,1,1,1,2,1,0,1,0,1,0,0,0,1,0,1,1,0,1,1,0,1,1,0,1,0,-2,,1,1,1,0,0,1,1,1,1,1,1,0,1,0,0,1,0,1,0,0,1,1,0,1,1,1,1,0,2,2,R,15.00 ,2,2,1,R,4494,2,A,.,R,9870,R,7350,A,.,R,70,R,50,1,1,0,0,0,0,0,1,194,1,200,1,200,1,200,0,0,0,0,0,0,0,0,1,0,0,0,0,1,,,,,,,
2022,204796,0,1,0,0,0,0,1,2,0,-2,1,0,1,0,1,0,1,1,1,1,0,1,1,0,1,1,1,1,1,1,1,1,1,2,1,1,1,1,1,0,1,0,1,0,1,1,1,1,1,0,1,1,0,1,0,-2,,1,1,1,1,0,1,1,1,1,1,1,0,1,1,0,1,0,1,1,0,1,1,0,1,1,1,1,0,2,1,A,. ,2,1,1,R,15082,2,A,.,A,.,A,.,R,14006,R,60,R,60,1,1,0,0,0,0,0,1,107,1,107,1,107,1,107,1,1,1,0,1,0,0,0,1,0,0,1,0,2,,,,,,,
2022,211440,0,1,0,0,0,0,3,-2,-2,-2,0,0,0,0,0,0,1,1,1,1,0,1,0,0,1,1,1,1,1,1,1,-2,-2,2,1,0,1,1,1,0,1,0,1,0,1,1,1,1,1,0,1,0,1,0,0,-2,,1,1,1,0,0,1,1,1,1,1,1,0,1,0,0,1,0,1,0,0,1,1,0,1,1,1,1,0,2,2,R,11.50 ,2,2,1,R,3587,2,A,.,R,10000,R,6486,A,.,R,75,R,75,1,1,0,0,0,0,0,1,200,1,200,2,-2,1,200,0,0,0,0,1,0,0,0,1,0,0,0,0,2,,,,,,,
2022,212054,1,1,1,0,0,0,3,-2,-2,-2,1,0,1,1,0,0,1,1,1,1,0,1,1,0,2,1,1,1,1,1,1,1,1,2,1,1,1,1,1,0,1,1,1,0,1,1,1,1,1,1,1,1,0,1,0,-2,,1,1,1,0,0,1,1,1,1,1,1,0,1,0,0,1,0,1,1,0,1,1,0,1,1,1,1,0,2,2,R,6.00 ,2,2,1,R,3411,2,A,.,R,10629,R,6351,A,.,R,50,R,65,1,1,0,0,0,0,0,2,-2,1,110,2,-2,2,-2,0,1,1,0,1,1,0,0,0,0,0,1,0,2,,,,,,,
2022,213543,0,1,0,0,0,0,3,-2,-2,-2,1,0,1,0,0,0,1,1,1,0,0,1,0,0,1,1,1,1,1,2,1,-2,-2,2,1,0,0,0,0,0,1,0,1,0,1,1,0,0,1,0,1,0,0,1,0,-2,,1,1,1,1,0,1,1,1,1,1,1,0,1,0,1,1,0,1,0,0,1,1,0,1,1,1,1,0,2,2,R,6.49 ,2,2,1,R,2952,2,A,.,R,9350,R,6540,A,.,R,70,R,75,1,1,0,0,0,0,0,1,128,1,128,1,128,1,128,0,0,0,0,0,0,0,0,0,1,0,1,0,2,,,,,,,
2022,214777,1,1,1,0,0,0,1,2,0,-2,1,0,1,1,1,0,1,1,1,0,0,1,1,0,1,1,1,1,1,1,1,1,1,2,1,1,1,1,1,0,1,1,1,0,1,1,1,1,1,1,1,0,0,1,0,-2,,1,1,1,1,0,1,1,1,1,1,1,0,1,0,0,1,0,1,0,0,1,0,0,1,0,1,1,0,2,2,R,7.15 ,2,1,1,R,14275,2,A,.,R,7374,R,5610,A,.,R,65,R,65,1,1,0,0,0,0,0,1,107,1,107,1,107,1,107,0,0,0,0,0,0,0,0,0,1,1,1,1,2,,,,,,,
2022,215062,0,1,1,0,0,0,3,-2,-2,-2,1,0,1,1,1,0,1,1,1,1,0,1,1,0,1,1,1,1,1,1,1,1,1,2,1,0,1,1,1,0,0,0,1,0,1,1,1,1,1,1,1,1,1,1,0,-2,,1,1,1,1,0,1,1,1,1,1,1,0,1,0,1,1,0,1,1,0,1,1,0,1,1,1,1,0,2,2,R,10.00 ,2,1,1,R,6316,2,A,.,R,11754,R,6134,A,.,R,75,R,90,1,1,0,0,0,0,0,1,117,1,117,1,117,1,117,0,1,1,0,1,0,0,1,1,0,1,1,0,1,,,,,,,
2022,215293,1,1,1,1,0,0,1,9,0,-2,1,0,1,0,1,1,1,1,1,1,0,1,1,0,1,1,1,1,1,1,1,1,1,2,1,1,1,1,1,0,1,0,1,0,1,1,1,1,1,1,1,1,0,1,0,-2,,1,1,1,0,0,1,1,1,1,1,1,0,1,0,0,1,0,1,1,0,1,1,0,1,1,1,1,0,2,2,R,4.00 ,2,1,1,R,8813,2,A,.,R,7230,R,5130,A,.,R,55,R,75,1,1,0,0,0,0,0,1,102,1,102,1,102,1,102,0,0,0,0,1,0,0,1,1,0,1,1,0,1,,,,,,,
2022,216597,0,1,1,0,0,0,4,-2,-2,30,1,0,1,0,1,0,1,1,1,1,0,1,1,0,1,1,1,1,1,1,1,1,1,2,1,1,1,1,1,0,1,0,1,0,1,1,1,1,1,1,1,1,1,1,0,-2,,1,1,1,0,0,1,1,1,1,1,1,0,1,0,0,1,0,1,1,0,1,1,0,1,1,1,1,0,2,2,R,11.70 ,2,2,1,R,5400,2,A,.,R,8587,R,7500,A,.,R,80,R,50,1,1,0,0,0,0,0,1,110,1,104,1,104,1,104,0,1,1,0,1,0,0,1,1,0,1,1,1,2,,,,,,,
2022,217156,0,1,1,0,0,0,3,-2,-2,-2,1,0,1,0,0,0,1,1,1,0,0,1,1,0,1,1,1,1,1,2,1,1,1,2,1,0,1,1,1,0,0,0,0,1,1,1,1,1,1,0,1,1,0,0,0,-2,,1,1,1,0,0,1,1,1,1,1,1,0,1,0,1,1,0,1,0,0,1,1,0,1,1,1,1,0,2,2,R,23.87 ,1,2,1,R,5196,1,R,20,R,9368,R,6472,A,.,R,75,R,75,1,1,0,0,0,0,0,1,117,1,117,1,117,1,117,0,1,1,0,0,0,0,1,1,0,0,1,0,2,,,,,,,
2022,217882,0,1,0,0,0,0,1,2,0,-2,1,0,1,1,0,0,1,1,1,1,0,1,0,0,1,1,1,1,1,1,1,-2,-2,2,1,1,1,1,0,0,1,0,1,0,1,1,0,1,1,0,1,1,0,1,0,-2,,1,1,1,1,0,1,1,1,1,1,1,0,1,0,0,1,0,1,1,0,1,1,0,1,1,1,1,0,2,2,R,6.78 ,2,1,1,R,7800,2,A,.,R,7724,R,4626,A,.,R,70,R,80,1,1,0,0,0,0,0,1,102,1,102,1,102,1,102,0,1,0,0,1,0,0,0,1,0,0,1,1,2,,,,,,,
2022,217925,0,1,1,0,0,0,3,-2,-2,-2,1,0,1,1,1,0,1,1,1,1,0,1,0,0,1,1,1,1,1,1,1,-2,-2,2,1,1,0,1,1,0,1,0,1,0,0,0,0,0,1,0,1,1,0,1,0,-2,,1,1,1,0,0,1,1,1,1,1,1,0,1,0,0,1,0,1,1,0,1,1,0,1,1,1,1,0,2,1,A,. ,2,2,1,R,400,1,R,20,A,.,A,.,R,9950,R,25,R,25,1,0,1,0,0,1,0,2,-2,1,316,1,316,1,316,0,0,0,0,0,0,0,0,0,1,0,0,0,2,,,,,,,
2022,221999,0,1,1,0,0,0,3,-2,-2,-2,0,0,0,0,0,0,1,0,1,1,0,1,1,0,1,1,1,1,1,1,1,1,1,2,1,0,0,0,0,0,1,0,1,0,1,1,1,1,1,1,1,1,0,1,0,-2,,1,1,1,1,0,1,1,1,1,1,1,0,2,0,0,0,0,0,0,1,1,1,0,1,1,0,1,0,2,2,R,15.00 ,1,2,1,R,5966,1,R,21,R,12720,R,7142,A,.,R,50,R,95,1,1,0,0,0,0,0,1,130,1,130,1,130,1,130,0,0,0,0,0,0,0,0,1,0,0,0,1,2,,,,,,,
2022,223232,0,1,1,0,0,0,4,-2,-2,54,0,0,0,0,0,0,1,1,1,0,0,1,1,0,1,1,1,1,1,1,1,1,1,2,1,1,1,1,0,0,1,1,1,0,1,1,0,1,1,0,1,1,0,1,0,-2,,1,1,1,0,0,1,1,1,1,1,1,0,1,1,1,1,0,1,0,0,1,1,0,1,1,1,1,0,2,2,R,9.00 ,2,2,1,R,4768,1,R,21,R,7340,R,6247,A,.,R,0,R,50,1,1,0,0,0,0,0,1,108,1,108,1,108,1,108,0,0,0,0,0,0,0,1,0,0,0,1,0,2,,,,,,,
2022,227757,0,1,1,0,0,0,3,-2,-2,-2,0,0,0,0,0,0,1,0,1,1,0,1,0,0,1,1,1,1,1,2,1,-2,-2,2,1,0,1,1,0,0,1,0,1,0,1,1,1,1,1,1,1,1,0,1,0,-2,,1,1,1,0,0,1,1,1,1,1,1,0,1,0,1,1,0,1,0,0,1,1,0,1,1,1,1,0,2,2,R,7.91 ,2,2,1,R,3701,1,R,25,R,10200,R,4800,A,.,R,75,R,85,1,1,0,0,0,0,0,1,111,1,111,1,111,1,111,0,1,1,0,1,0,0,1,1,0,1,1,0,2,,,,,,,
2022,228246,0,1,1,1,0,0,4,-2,-2,71,0,0,0,0,0,0,1,1,1,1,0,1,1,0,1,1,1,1,1,1,1,1,1,2,1,1,1,1,1,0,1,1,1,0,1,1,0,1,1,1,1,1,0,1,0,-2,,1,1,1,1,0,1,1,1,1,1,1,0,1,0,1,1,0,1,0,0,1,1,0,1,1,1,1,0,2,2,R,13.76 ,2,2,1,R,3403,2,A,.,R,10974,R,6776,A,.,R,60,R,75,1,1,0,0,0,0,0,1,372,1,372,2,-2,1,372,0,1,1,0,1,0,0,1,1,0,0,1,0,1,,,,,,,
2022,228723,0,1,0,0,1,0,1,2,0,-2,1,0,1,0,0,0,1,1,1,1,0,1,1,0,1,1,1,1,1,1,1,1,1,2,1,1,1,1,1,0,1,0,1,0,1,1,1,1,1,1,1,1,0,1,0,-2,,1,1,1,1,0,1,1,1,1,1,1,0,1,1,0,1,0,1,1,0,1,1,0,1,1,1,1,0,2,2,R,7.50 ,2,1,1,R,11306,2,A,.,A,.,A,.,R,11550,R,75,R,50,1,1,0,0,0,0,0,1,130,1,130,1,130,1,130,0,0,0,1,0,0,0,0,0,0,1,1,0,1,,,,,,,
2022,228778,0,1,0,0,0,0,1,2,0,-2,1,0,1,0,0,0,1,1,1,0,0,1,1,0,1,1,1,1,1,1,1,1,1,2,1,1,1,1,1,0,1,0,1,0,1,1,1,1,1,0,1,1,0,1,0,-2,,1,1,1,1,0,1,1,1,1,1,1,0,1,1,0,1,0,1,0,0,1,1,0,1,1,1,1,0,2,1,A,. ,2,1,1,R,7953,2,A,.,A,.,A,.,R,13058,R,75,R,65,1,1,0,0,0,0,0,1,108,1,108,1,108,1,108,0,1,1,0,1,0,0,1,1,0,1,0,1,1,,,,,,,
2022,228875,1,1,1,1,0,0,4,-2,-2,61,0,0,0,1,0,1,1,1,1,1,0,1,1,0,1,1,1,1,1,1,1,1,1,2,1,1,1,1,1,0,1,1,1,0,1,1,0,1,1,1,1,1,0,1,0,-2,,1,1,1,0,0,1,1,1,1,1,1,0,1,0,0,1,0,1,0,0,1,1,0,1,1,1,1,0,2,2,R,12.00 ,2,2,1,R,5304,2,A,.,R,8400,R,5850,A,.,R,50,R,60,1,1,0,0,0,0,0,1,108,1,108,1,108,1,108,0,1,1,0,1,0,0,0,1,0,0,0,0,2,,,,,,,
2022,231624,0,1,0,0,0,0,1,2,0,-2,0,0,0,0,0,0,1,1,1,1,0,1,1,0,1,1,1,1,1,1,1,1,1,2,1,1,1,1,1,0,1,0,1,0,1,1,0,0,1,0,1,1,0,1,0,-2,,1,1,1,1,0,1,1,1,1,1,1,0,1,0,0,1,0,1,0,0,1,1,0,1,1,1,1,0,2,2,R,14.00 ,2,1,1,R,4755,2,A,.,R,8582,R,5246,A,.,R,75,R,50,1,1,0,0,0,0,0,1,110,1,110,1,110,1,110,0,1,1,0,1,0,0,0,1,0,0,1,0,2,,,,,,,
2022,234076,0,1,1,1,0,0,1,2,0,-2,1,0,1,1,0,0,1,1,1,1,0,1,1,0,1,1,1,1,1,1,1,1,1,2,1,0,1,1,0,0,1,0,1,0,1,1,1,1,1,0,1,0,0,1,0,-2,,1,1,1,1,0,1,1,1,1,1,1,0,1,1,1,1,0,1,1,0,1,1,0,1,1,1,1,0,2,2,R,12.00 ,2,1,1,R,7429,2,A,.,R,7790,R,5810,A,.,R,75,R,85,1,1,0,0,0,0,0,1,102,1,102,1,102,1,102,0,1,1,0,0,0,0,0,0,0,0,0,0,2,,,,,,,
2022,236948,0,1,1,0,0,1,1,2,0,-2,0,0,0,0,0,0,1,0,1,1,0,1,1,1,2,1,1,1,1,1,1,1,1,2,0,1,1,1,1,0,1,0,1,0,1,1,1,1,1,1,1,1,0,1,0,-2,,1,1,1,1,0,1,1,1,1,1,1,0,1,0,1,0,0,1,1,0,1,1,0,1,1,1,1,0,2,2,R,7.40 ,2,1,1,R,10310,2,A,.,A,.,A,.,R,16068,R,80,R,85,1,1,0,0,0,0,0,1,127,1,127,1,127,1,127,0,1,0,0,0,0,0,1,1,0,1,1,0,1,,,,,,,
2022,239105,0,1,1,0,0,0,4,-2,-2,30,0,0,0,0,0,0,1,1,1,1,0,1,1,0,1,1,1,1,1,1,1,1,1,2,1,1,1,1,1,0,1,0,1,0,1,1,1,1,1,1,1,1,0,1,0,-2,,1,1,1,1,0,1,1,1,1,1,1,0,1,0,0,1,0,1,1,0,1,1,0,1,1,1,1,0,2,2,R,11.30 ,2,1,1,R,5295,1,R,99,R,9606,R,5030,A,.,R,0,R,50,1,1,0,0,0,0,0,2,-2,1,104,2,-2,1,104,0,1,0,0,0,0,0,0,1,0,1,1,0,2,,,,,,,
2022,240444,0,1,0,0,0,0,1,2,0,-2,1,0,1,1,0,0,1,1,1,1,0,1,1,0,1,1,1,1,1,1,1,1,1,2,1,1,1,1,1,0,1,1,1,0,1,1,1,1,1,0,1,1,1,1,0,-2,,1,1,1,1,0,1,1,1,1,1,1,0,1,0,0,1,0,1,1,0,1,1,0,1,1,1,1,0,2,2,R,9.07 ,2,1,1,R,10243,2,A,.,R,7167,R,4050,A,.,R,60,R,75,1,1,0,0,0,0,0,1,107,1,107,2,-2,1,107,0,1,1,0,1,0,0,0,1,0,0,1,0,1,,,,,,,
2022,243744,0,1,0,0,0,0,3,-2,-2,-2,0,0,0,0,0,0,1,0,1,1,0,1,1,0,2,1,1,1,1,2,1,1,1,2,1,0,1,1,1,0,1,0,1,0,1,1,1,1,1,0,1,1,0,1,0,-2,,1,1,1,1,0,1,1,1,1,1,1,0,2,0,0,0,0,1,0,0,1,1,0,1,1,1,1,0,2,2,R,24.46 ,1,2,1,R,14162,1,R,19,R,11682,R,6937,A,.,R,90,R,125,1,1,0,0,0,0,0,1,127,1,127,1,127,1,127,0,1,1,0,1,0,0,0,1,0,0,1,0,2,,,,,,,
2022,243780,0,1,1,0,0,0,1,2,0,-2,1,1,1,0,1,0,1,1,1,1,0,1,1,0,1,1,1,1,1,1,1,1,1,2,1,1,1,1,1,0,1,0,1,0,1,1,1,1,1,1,1,1,0,1,0,-2,,1,1,1,1,0,1,1,1,1,1,1,0,1,0,0,1,0,1,1,0,1,1,0,1,1,1,1,0,2,2,R,7.37 ,2,1,1,R,16056,1,R,21,R,4860,R,5398,A,.,R,60,R,60,1,1,0,0,0,0,0,1,107,1,107,1,107,1,107,0,1,1,0,1,0,0,0,1,0,0,0,0,1,,,,,,,
2022,445188,0,1,0,0,0,0,1,2,0,-2,0,0,0,0,0,0,1,0,1,0,0,1,0,0,1,1,1,1,1,1,1,-2,-2,2,1,0,1,1,1,0,1,0,1,0,0,0,0,0,1,0,0,0,0,0,0,-2,,1,1,0,1,0,1,1,1,1,1,1,0,1,0,0,1,0,1,0,0,1,0,0,1,0,1,1,0,2,1,A,. ,2,1,1,R,4351,2,A,.,A,.,A,.,R,19340,R,70,R,120,1,0,1,0,0,0,0,2,-2,1,301,2,-2,1,301,0,0,0,0,0,0,0,0,0,1,0,1,0,1,,,,,,,
2023,100858,0,1,1,0,0,0,1,2,0,-2,1,0,1,0,0,0,1,1,1,1,0,1,1,1,1,1,1,1,1,1,1,1,1,2,1,0,1,1,1,0,,0,1,0,1,1,1,1,1,0,1,1,0,1,0,-2,,1,1,1,0,0,1,1,1,1,1,1,0,1,0,0,1,0,1,0,0,1,1,0,1,1,1,1,0,2,2,R,12.99,2,1,1,R,4598,2,A,.,R,9562,R,5834,A,.,R,50,R,60,1,1,0,0,0,0,0,1,130,1,130,1,130,1,,0,0,0,0,0,0,0,1,1,0,0,1,0,2,0,1,1,130,1,1,0
2023,110404,0,1,0,0,0,0,3,-2,-2,-2,0,0,0,0,0,0,1,0,1,1,0,1,0,0,2,1,1,1,2,2,1,-2,-2,2,1,1,1,0,0,0,,0,0,1,1,1,0,1,1,0,0,0,0,0,0,-2,,1,1,1,0,0,1,1,1,1,1,1,0,1,0,0,1,0,0,0,1,0,0,1,0,0,0,0,1,2,2,R,15.68,2,2,1,R,1575,2,A,.,R,11247,R,8256,A,.,R,75,R,100,1,1,0,0,0,0,0,2,-2,1,197,1,197,1,,0,0,0,0,0,0,0,0,0,1,0,1,0,2,0,0,0,197,2,-2,-2
2023,110635,0,1,0,0,0,0,1,2,0,-2,0,0,0,0,0,0,1,1,1,1,0,1,1,0,1,1,1,1,1,1,1,1,1,2,1,0,1,1,0,0,,0,1,0,1,1,1,1,1,1,1,1,0,1,0,-2,,1,1,1,1,0,1,1,1,1,1,1,0,1,0,0,1,0,1,0,0,1,1,0,1,1,1,1,0,2,2,R,15.66,2,1,1,R,9899,2,A,.,A,.,A,.,R,22692,R,80,R,135,1,1,0,0,0,0,0,1,127,1,127,1,127,1,,0,1,1,0,1,0,1,1,1,0,1,1,0,1,0,1,1,127,2,-2,-2
2023,110644,0,1,1,0,0,0,1,2,0,-2,0,0,0,0,0,0,1,1,1,1,0,1,1,0,2,1,1,1,1,1,1,1,1,2,1,0,1,1,1,0,,0,1,0,1,1,0,0,1,0,1,1,0,1,0,-2,,1,1,1,1,0,1,1,1,1,1,1,0,1,0,0,1,0,1,0,0,1,1,0,1,1,1,1,0,2,2,R,9.03,2,1,1,R,16548,2,A,.,R,12498,R,6804,A,.,R,80,R,135,1,1,0,0,0,0,0,1,105,1,109,1,109,1,,1,0,0,1,0,0,0,0,0,0,0,1,1,2,0,1,1,109,2,-2,-2
2023,110653,0,1,1,0,0,0,1,2,0,-2,0,0,0,0,0,0,1,1,1,0,0,1,1,0,2,1,1,1,1,1,1,1,1,2,1,0,1,1,1,0,,0,1,0,1,1,0,1,1,0,1,1,0,1,0,-2,,1,1,1,1,0,1,1,1,1,1,1,0,1,0,0,1,0,1,0,0,1,1,0,1,1,1,1,0,2,1,A,.,2,1,1,R,15544,2,A,.,A,.,A,.,R,18423,R,80,R,135,1,1,0,0,0,0,0,2,-2,1,109,1,109,1,,0,0,0,0,0,0,0,0,0,1,0,1,0,2,0,1,1,109,2,-2,-2
2023,110662,0,1,0,0,0,0,1,2,0,-2,0,0,0,0,0,0,1,0,1,1,0,1,1,0,2,1,1,1,1,1,1,1,1,2,1,0,1,1,1,0,,0,1,0,1,1,1,1,1,0,0,0,0,0,0,-2,,1,1,1,1,0,1,1,1,1,1,1,0,1,0,0,1,0,1,0,0,1,1,0,1,1,1,1,0,2,2,R,4.00,2,1,1,R,23912,1,R,19,A,.,A,.,R,17148,R,80,R,135,1,1,0,0,0,0,0,1,127,1,127,1,127,1,,0,0,0,0,0,0,0,0,0,1,1,1,0,2,0,1,1,127,2,-2,-2
2023,110671,0,1,0,0,0,0,1,2,0,-2,0,0,0,0,0,0,1,0,1,0,0,1,1,0,2,1,1,1,1,1,1,1,1,2,1,1,1,1,1,0,,0,1,0,0,0,0,0,1,1,1,1,0,1,0,-2,,1,1,1,1,0,1,1,1,1,1,1,0,1,0,0,1,0,1,0,0,1,1,0,1,1,1,1,0,2,1,A,.,2,1,1,R,8700,2,A,.,A,.,A,.,R,19433,R,80,R,135,1,1,0,0,0,0,0,2,-2,1,109,1,109,1,,0,0,0,0,0,0,0,0,0,1,0,0,0,2,0,1,1,109,2,-2,-2
2023,110680,0,1,0,0,0,0,1,2,0,-2,0,0,0,0,0,0,1,0,1,0,0,1,1,0,2,1,1,1,1,1,1,1,1,2,1,0,1,1,1,0,,0,1,0,0,0,0,0,1,0,1,1,0,1,0,-2,,1,1,1,1,0,1,1,1,1,1,1,0,1,0,0,1,0,1,0,0,1,1,0,1,1,1,1,0,2,1,A,.,2,1,1,R,19711,2,A,.,A,.,A,.,R,17198,R,80,R,135,1,1,0,0,0,0,0,2,-2,1,109,1,109,1,,0,0,0,0,1,0,0,0,0,0,0,1,0,2,0,1,1,109,2,-2,-2
2023,110705,0,1,0,0,0,0,1,2,0,-2,0,0,0,0,0,0,1,1,1,0,0,1,0,0,2,1,1,1,1,1,1,-2,-2,2,1,1,1,1,0,0,,0,1,0,1,1,0,0,1,0,1,0,0,1,0,-2,,1,1,1,1,0,1,1,1,1,1,1,0,2,0,0,0,0,1,0,0,1,0,0,1,0,1,1,0,2,2,R,7.00,2,1,1,R,11432,1,R,19,A,.,A,.,R,18684,R,80,R,135,1,1,0,0,0,0,0,2,-2,1,109,1,109,1,,0,0,0,0,0,0,0,0,0,1,0,1,0,2,0,1,1,109,2,-2,-2
2023,110714,0,1,0,0,0,0,1,2,0,-2,0,0,0,0,0,0,1,0,1,0,0,1,0,0,2,1,1,1,1,1,1,-2,-2,2,0,1,1,1,1,0,,0,1,0,0,0,0,0,1,0,1,1,0,1,0,-2,,1,1,1,1,0,1,1,1,1,1,1,0,1,0,0,1,0,1,0,0,1,0,0,1,0,1,1,0,2,2,R,12.00,2,1,1,R,9524,2,A,.,A,.,A,.,R,18785,R,80,R,135,1,1,0,0,0,0,0,2,-2,1,170,2,-2,1,,0,0,0,0,0,0,0,0,0,1,0,1,0,2,0,1,1,170,2,-2,-2
2023,121150,0,1,0,0,0,0,4,-2,-2,74,1,0,1,0,0,0,1,1,1,0,0,1,1,0,1,1,1,1,1,1,1,1,1,2,1,0,1,1,0,0,,0,1,0,1,1,0,1,1,1,1,1,0,1,0,-2,,1,1,1,0,0,1,1,1,1,1,1,0,1,0,0,1,0,1,1,0,1,1,0,1,1,1,1,0,2,2,R,14.00,2,2,1,R,2545,2,A,.,R,15200,R,8070,A,.,R,65,R,65,1,1,0,0,0,0,0,2,-2,1,136,1,136,1,,0,0,0,0,0,0,0,0,0,1,0,1,0,2,0,0,0,136,1,1,0
2023,122931,0,1,0,0,0,0,4,-2,-2,30,0,0,0,0,0,0,1,1,1,1,0,1,1,0,2,1,1,1,1,1,1,1,1,2,1,0,1,1,0,0,,0,1,0,1,1,1,1,1,1,1,1,0,1,0,-2,,1,1,0,1,0,1,1,1,1,1,1,0,1,0,0,1,0,1,0,0,1,1,0,1,1,1,1,0,2,2,R,9.57,2,2,1,R,3797,2,A,.,A,.,A,.,R,18984,R,70,R,75,1,1,0,0,0,0,0,2,-2,1,136,1,136,1,,0,0,0,0,0,0,0,0,1,0,1,1,0,2,0,0,0,136,2,-2,-2
2023,123961,0,1,0,0,0,0,3,-2,-2,-2,0,0,0,0,0,0,1,1,1,1,0,1,1,1,1,1,1,1,1,1,1,1,1,2,1,1,1,1,1,0,,0,1,0,1,1,1,1,1,0,0,0,0,0,0,-2,,1,1,1,1,0,1,1,1,1,1,1,0,1,0,1,1,0,1,0,0,1,1,0,1,1,1,1,0,2,2,R,13.00,2,2,1,R,8500,2,A,.,R,11908,R,7290,A,.,R,85,R,90,1,1,0,0,0,0,0,1,127,1,127,1,127,1,,0,1,0,1,0,0,0,0,1,0,0,1,0,1,0,0,0,127,2,-2,-2
2023,126614,0,1,0,0,0,0,1,2,0,-2,0,0,0,0,0,0,1,0,1,0,0,1,1,0,1,1,1,1,1,1,1,1,1,2,1,1,1,1,1,0,,1,1,0,1,1,1,1,1,0,1,1,0,1,0,-2,,1,1,1,1,0,1,1,1,1,1,1,0,1,1,0,1,0,1,1,0,1,1,0,1,1,1,1,0,2,2,R,11.70,2,1,1,R,7550,1,R,19,A,.,A,.,R,16950,R,65,R,60,1,1,0,0,0,0,0,1,127,1,127,2,-2,1,,0,0,0,0,1,0,0,0,1,0,0,1,0,2,0,1,1,127,1,1,0
2023,126775,0,1,0,0,0,0,1,2,0,-2,0,0,0,0,0,0,1,1,1,1,0,1,0,0,1,1,1,1,1,1,1,-2,-2,2,0,1,1,1,1,0,,1,1,0,1,1,0,1,1,0,1,1,1,0,0,-2,,1,1,1,0,0,1,1,1,1,1,1,0,1,0,0,1,0,1,0,0,1,1,0,1,1,1,1,0,2,2,R,9.00,2,1,1,R,2280,2,A,.,R,9994,R,7126,A,.,R,50,R,75,1,1,0,0,0,0,0,1,159,1,159,1,159,1,,0,0,0,0,0,0,0,0,1,0,0,1,0,2,0,1,1,159,1,1,0
2023,129020,0,1,0,0,0,0,1,2,0,-2,0,0,0,0,1,0,1,1,1,1,0,1,1,0,1,1,1,1,1,1,1,1,1,2,1,1,1,1,1,0,,0,1,0,1,1,0,1,1,0,1,1,0,1,0,-2,,1,1,1,0,0,1,1,1,1,1,1,0,1,0,0,1,0,1,0,0,1,1,0,1,1,1,1,0,2,2,R,7.00,2,1,1,R,12170,2,A,.,R,7640,R,6658,A,.,R,80,R,75,1,1,0,0,0,0,0,1,112,1,104,1,104,1,,0,0,0,0,0,0,0,0,0,1,0,1,0,1,0,1,1,104,1,1,1
2023,130794,0,1,0,0,0,0,3,-2,-2,-2,0,0,0,0,0,1,1,1,1,1,0,1,1,1,1,1,1,1,1,2,1,1,1,2,1,0,1,1,1,0,,0,1,0,1,0,1,1,1,0,0,0,0,0,0,-2,,1,1,1,1,0,1,1,1,1,1,1,0,1,0,0,1,0,1,0,0,1,0,0,1,0,1,1,0,2,2,R,17.02,1,2,1,R,5576,2,A,.,R,10900,R,8280,A,.,R,80,R,105,1,1,0,0,0,0,0,1,117,1,117,1,117,1,,0,0,0,0,1,0,0,1,1,0,0,1,0,1,0,0,0,117,1,0,1
2023,130943,1,1,1,1,0,0,1,9,0,-2,0,0,0,0,1,0,1,0,1,0,0,1,1,0,4,1,1,1,1,1,1,1,2,2,1,1,1,1,1,0,,0,1,0,1,1,0,1,1,0,1,1,0,1,0,-2,,1,1,1,0,0,1,1,1,1,1,1,0,1,0,0,1,0,1,1,0,1,1,0,1,1,1,1,0,2,2,R,13.00,2,1,1,R,7191,1,R,19,R,8568,R,6270,A,.,R,75,R,75,1,1,0,0,0,0,0,1,110,1,110,1,110,1,,1,1,1,0,1,0,0,1,1,0,0,1,0,2,0,1,1,110,1,1,0
2023,131159,0,1,0,0,0,0,4,-2,-2,71,1,0,1,0,1,0,1,1,1,0,0,1,1,0,1,1,1,1,1,1,1,1,1,2,1,0,1,1,1,0,,0,1,0,1,1,0,1,1,1,1,1,0,1,0,-2,,1,1,0,1,0,1,1,1,1,1,1,0,1,0,1,1,0,1,1,0,1,1,0,1,1,1,1,0,2,2,R,13.90,2,2,1,R,4246,2,A,.,R,10910,R,6130,A,.,R,75,R,63,1,1,0,0,0,0,0,2,-2,1,128,2,-2,1,,0,0,0,0,0,0,0,1,1,0,0,1,0,2,0,0,0,128,1,1,0
2023,131469,0,1,1,0,0,0,3,-2,-2,-2,0,0,0,1,1,1,1,1,1,1,0,1,1,0,1,1,1,1,1,1,1,1,1,2,1,1,1,1,1,0,,0,1,0,1,0,1,0,1,0,1,1,0,1,0,-2,,1,1,1,0,0,1,1,1,1,1,1,0,1,0,0,1,0,1,1,0,1,1,0,1,1,1,1,0,2,2,R,9.19,2,2,1,R,7274,2,A,.,R,14400,R,5600,A,.,R,80,R,80,1,1,0,0,0,0,0,2,-2,1,103,1,103,1,,0,0,0,0,0,0,0,0,0,1,0,0,0,2,0,0,0,103,1,1,0
2023,131496,1,1,1,1,0,0,4,-2,-2,30,0,0,0,1,0,0,1,1,1,1,0,1,1,0,1,1,1,1,1,1,1,1,1,2,1,1,1,1,1,0,,0,1,0,1,1,1,1,1,1,0,0,0,0,0,-2,,1,1,1,0,0,1,1,1,1,1,1,0,1,0,0,1,0,1,1,0,1,1,0,1,1,1,1,0,2,2,R,12.00,1,2,1,R,5340,2,A,.,R,12736,R,7614,A,.,R,75,R,90,1,1,0,0,0,0,0,1,128,1,104,1,104,1,,0,1,1,0,0,0,0,1,1,0,0,1,0,2,0,0,0,104,1,1,0
2023,131520,0,1,0,0,0,0,3,-2,-2,-2,0,0,0,0,0,1,1,0,1,1,0,1,1,0,1,1,1,1,1,1,1,1,1,2,1,0,1,1,0,0,,0,1,0,1,1,0,1,1,0,1,0,0,1,0,-2,,1,1,1,0,0,1,1,1,1,1,1,0,1,0,0,1,0,1,0,0,1,1,0,1,1,1,1,0,2,2,R,3.50,2,2,1,R,6051,1,R,19,R,10570,R,5904,A,.,R,45,R,75,1,1,0,0,0,0,0,1,121,1,121,2,-2,1,,0,0,0,0,0,0,0,0,0,1,0,1,0,2,0,0,0,121,1,1,0
2023,133951,0,1,0,0,0,0,1,2,0,-2,0,0,0,0,1,0,1,1,1,1,0,1,1,0,1,1,1,1,1,1,1,1,1,2,0,1,1,1,1,0,,1,1,0,1,1,0,1,1,1,1,0,0,1,0,-2,,1,1,1,1,0,1,1,1,1,1,1,0,1,0,1,1,0,1,1,0,1,1,0,1,1,1,1,0,2,2,R,5.00,2,1,1,R,4403,2,A,.,R,8100,R,4056,A,.,R,30,R,30,1,1,0,0,0,0,0,1,111,1,111,1,111,1,,0,1,1,0,1,0,0,1,1,0,0,1,1,1,0,1,1,111,1,1,0
2023,134097,0,1,1,1,0,0,1,2,0,-2,0,0,0,0,1,0,1,0,1,1,0,1,1,0,1,1,1,1,1,1,1,1,1,2,1,1,1,1,1,0,,1,1,0,1,1,1,1,1,0,1,1,0,0,0,-2,,1,1,1,1,0,1,1,1,1,1,1,0,1,0,1,1,0,1,0,0,1,1,0,1,1,1,1,0,2,2,R,14.76,2,1,1,R,6709,1,R,99,R,7490,R,5750,A,.,R,30,R,30,1,1,0,0,0,0,0,1,102,1,102,1,102,1,,0,0,0,0,1,0,0,1,1,0,0,1,0,1,0,1,1,102,1,1,0
2023,134130,0,1,0,0,0,0,1,2,0,-2,1,1,1,1,1,0,1,1,1,1,0,1,1,0,1,1,1,1,1,1,1,1,1,2,1,1,1,1,1,0,,0,1,0,1,1,1,1,1,1,1,1,0,1,0,-2,,1,1,1,1,0,1,1,1,1,1,1,0,1,0,1,0,0,1,1,0,1,1,0,1,1,1,1,0,2,2,R,12.92,2,1,1,R,11668,2,A,.,R,6900,R,4600,A,.,R,30,R,30,1,1,0,0,0,0,0,1,130,1,130,1,130,1,,0,1,1,0,1,0,0,1,1,0,1,1,0,2,0,1,1,130,1,1,1
2023,135726,1,1,1,0,0,0,3,-2,-2,-2,1,0,1,0,0,0,1,1,1,1,0,1,1,0,1,1,1,1,1,1,1,1,1,2,1,1,1,1,1,0,,0,1,0,1,1,0,1,1,1,1,1,0,1,0,1,,1,1,1,1,0,1,1,1,1,1,1,0,1,0,0,1,0,1,0,0,1,1,0,1,1,1,1,0,2,2,R,7.00,2,2,1,R,4668,1,R,99,R,9940,R,8060,A,.,R,70,R,85,1,1,0,0,0,0,0,1,102,1,102,1,102,1,,1,0,0,0,0,0,0,1,1,0,0,1,0,2,0,0,0,102,1,1,0
2023,137351,0,1,0,0,0,0,1,2,4,-2,0,0,0,0,1,0,1,0,1,1,0,1,1,0,1,1,1,1,1,1,1,1,1,2,1,1,1,1,1,0,,0,1,0,1,1,1,1,1,1,1,0,0,1,0,-2,,1,1,1,1,0,1,1,1,1,1,1,0,2,0,0,0,0,1,1,0,1,1,0,1,1,1,1,0,2,2,R,5.47,2,1,1,R,7429,2,A,.,R,8505,R,5090,A,.,R,30,R,30,1,1,0,0,0,0,0,1,372,1,372,1,372,1,,0,1,1,0,1,0,0,0,1,0,1,1,0,2,0,1,1,372,1,1,0
2023,139658,1,1,1,1,0,0,4,-2,-2,71,0,0,0,0,0,0,1,1,1,1,0,1,1,0,1,1,1,1,1,1,1,1,1,2,1,0,0,1,0,0,,0,1,0,0,0,0,0,1,1,0,0,0,0,0,-2,,1,1,1,1,0,1,1,1,1,1,1,0,1,0,0,1,0,1,0,0,1,1,0,1,1,1,1,0,2,2,R,12.20,2,2,1,R,4813,2,A,.,R,11038,R,7934,A,.,R,75,R,75,1,1,0,0,0,0,0,2,-2,1,200,1,200,1,,0,1,1,0,0,0,0,0,1,0,0,1,0,2,0,0,0,200,1,0,1
2023,139755,0,1,1,0,0,0,1,2,0,-2,0,0,0,0,0,0,1,1,1,0,0,1,0,0,1,1,1,1,1,1,1,-2,-2,2,1,0,1,1,1,0,,0,1,0,1,1,1,1,1,1,0,0,0,0,0,-2,,1,1,1,1,0,1,1,1,1,1,1,0,1,0,0,1,0,1,0,0,1,1,0,1,1,1,1,0,2,1,A,.,2,1,1,R,8805,2,A,.,R,7090,R,5670,A,.,R,75,R,95,1,1,0,0,0,0,0,1,102,1,102,1,102,1,,0,1,1,0,0,0,0,0,1,0,0,1,1,1,0,1,1,102,1,1,0
2023,139959,0,1,0,0,0,0,1,2,0,-2,1,0,1,1,0,0,1,1,1,1,0,1,1,0,1,1,1,1,1,1,1,1,1,2,1,1,1,1,1,0,,0,1,0,1,1,0,1,1,0,1,1,0,1,0,-2,,1,1,1,1,0,1,1,1,1,1,1,0,1,0,0,1,0,1,1,0,1,1,0,1,1,1,1,0,2,2,R,6.50,2,1,1,R,10759,1,R,21,R,6988,R,4258,A,.,R,70,R,75,1,1,0,0,0,0,0,1,130,1,130,1,130,1,,0,0,1,0,1,0,0,0,1,0,0,0,1,1,0,1,1,130,1,1,0
2023,144050,0,1,1,0,0,0,3,-2,-2,-2,0,0,0,0,0,0,1,1,1,1,0,1,1,0,2,1,1,1,1,2,1,1,1,2,1,0,1,1,1,0,,0,1,0,1,1,0,1,1,0,0,0,0,0,0,-2,,1,1,1,0,0,1,1,1,1,1,1,0,1,0,0,1,0,0,0,1,1,1,0,1,1,0,1,0,2,2,R,17.00,1,2,1,R,4568,2,A,.,A,.,A,.,R,19221,R,75,R,90,1,1,0,0,0,0,0,1,182,1,200,1,182,1,,0,1,1,0,1,0,0,0,1,0,0,0,0,2,0,0,0,200,2,-2,-2
2023,145600,0,1,1,0,0,1,1,2,0,-2,0,0,0,1,0,0,1,1,1,1,0,1,1,0,1,1,1,1,1,1,1,1,1,2,0,1,1,1,1,0,,1,1,0,1,1,1,1,1,1,1,1,0,1,0,-2,,1,1,1,1,0,1,1,1,1,1,1,0,1,1,0,1,0,1,1,0,1,1,0,1,1,1,1,0,2,2,R,6.43,2,1,1,R,3489,1,R,19,R,9078,R,5129,A,.,R,60,R,70,1,1,0,0,0,0,0,2,-2,1,123,1,123,1,,1,0,1,0,0,0,0,1,1,0,0,1,1,1,0,1,1,123,1,1,0
2023,145637,0,1,1,0,0,1,1,2,0,-2,0,0,0,0,0,0,1,1,1,1,0,1,1,0,1,1,1,1,1,1,1,1,1,2,0,1,1,1,1,0,,0,1,0,1,1,1,1,1,0,1,1,0,1,0,-2,,1,1,1,1,0,1,1,1,1,1,1,0,1,1,0,1,0,1,1,0,1,1,0,1,1,1,1,0,2,2,R,9.30,1,1,1,R,15766,2,A,.,A,.,A,.,R,13354,R,50,R,70,1,1,0,0,0,0,0,1,107,1,107,1,107,1,,0,1,1,0,0,0,0,1,1,0,1,1,0,1,0,1,1,107,1,0,1
2023,147767,0,1,0,0,0,0,3,-2,-2,-2,0,0,0,1,0,0,1,1,1,1,0,1,1,0,2,1,1,1,1,2,1,1,1,2,1,0,0,1,0,0,,0,1,0,1,0,1,0,1,1,1,1,0,1,0,-2,,1,1,1,0,0,1,1,1,1,1,1,0,1,0,0,1,0,1,1,0,1,1,0,1,1,1,1,0,2,2,R,11.00,2,2,1,R,4488,2,A,.,R,12219,R,8115,A,.,R,75,R,95,1,1,0,0,0,0,0,1,107,1,107,1,107,1,,0,0,1,0,1,0,0,0,1,0,0,1,0,2,0,0,0,107,2,-2,-2
2023,151351,1,1,1,1,1,0,1,2,0,-2,1,0,1,1,1,0,1,1,1,0,0,1,1,0,1,1,1,1,1,1,1,1,1,2,1,1,1,1,1,0,,1,1,0,1,1,0,1,1,1,1,1,0,1,0,-2,,1,1,1,1,0,1,1,1,1,1,1,0,1,0,0,1,0,1,1,0,1,1,0,1,1,1,1,0,2,1,A,.,2,1,1,R,12496,2,A,.,A,.,A,.,R,13380,R,65,R,70,1,1,0,0,0,0,0,1,107,1,107,1,107,1,,0,1,0,0,1,0,0,0,0,0,0,1,1,1,0,1,1,107,1,1,0
2023,152080,0,1,0,0,0,0,4,-2,-2,30,0,0,0,0,0,0,1,0,1,0,0,1,1,0,1,1,1,1,1,2,1,1,1,2,1,0,1,1,1,0,,0,1,0,1,1,1,1,1,1,1,1,0,0,0,-2,,1,1,1,0,0,1,1,1,1,1,0,0,1,0,0,1,0,1,0,0,1,1,0,1,1,1,1,0,2,2,R,12.00,2,2,1,R,6934,1,R,21,A,.,A,.,R,17378,R,75,R,75,1,1,0,0,0,0,0,1,113,1,102,1,102,1,,0,0,0,0,0,0,0,0,0,1,0,0,0,2,0,0,0,102,2,-2,-2
2023,160472,1,0,-2,0,0,0,2,-2,-2,-2,1,1,1,1,0,0,-2,-2,-2,-2,0,-2,-2,-2,7,1,1,-2,1,1,-2,-2,-2,1,1,0,0,0,0,0,,0,0,1,0,0,0,0,0,0,-2,-2,-2,-2,1,-2,,1,0,1,0,0,1,1,1,0,1,0,0,1,1,1,1,0,0,0,1,-2,-2,-2,0,0,0,-2,1,2,1,A,.,2,-2,2,A,.,3,A,.,A,.,A,.,A,.,R,0,A,.,-2,-2,-2,-2,-2,-2,-2,-2,-2,-2,-2,-2,-2,-2,,0,0,0,0,0,0,0,0,0,1,0,0,0,2,-2,-2,-2,-2,2,-2,-2
2023,160755,0,1,1,0,0,0,3,-2,-2,-2,0,0,0,0,0,0,1,1,1,0,0,1,1,0,1,1,1,1,1,2,1,1,1,2,1,0,1,0,1,0,,0,1,0,1,1,1,1,1,1,1,1,0,1,0,-2,,1,1,1,1,0,1,1,1,1,1,1,0,1,0,0,1,0,1,0,0,1,1,0,1,1,1,1,0,2,2,R,19.52,2,2,1,R,4221,2,A,.,R,10289,R,7799,A,.,R,0,R,50,1,1,0,0,0,0,0,1,372,1,372,1,372,1,,0,0,0,0,0,0,0,0,0,1,0,1,0,1,0,0,0,372,1,0,1
2023,162928,0,1,1,0,0,0,3,-2,-2,-2,0,0,0,0,0,1,1,1,1,1,0,1,1,0,1,1,1,1,1,2,1,1,1,2,1,1,1,1,1,0,,0,1,0,1,1,0,0,1,1,1,1,0,1,0,-2,,1,1,1,0,0,1,1,1,1,1,1,0,1,0,0,1,0,1,0,0,1,1,0,1,1,1,1,0,2,2,R,10.00,2,2,1,R,2753,2,A,.,R,11400,R,7792,A,.,R,70,R,75,1,1,0,0,0,0,0,1,165,1,165,1,165,1,,0,1,0,0,1,0,0,0,1,0,0,1,0,2,0,0,0,165,1,0,1
2023,163286,0,1,0,0,0,0,1,2,0,-2,0,0,0,0,0,1,1,1,1,1,0,1,1,0,1,1,1,1,1,1,1,1,1,2,1,1,1,1,1,0,,0,1,0,1,1,1,1,1,0,1,1,0,1,0,-2,,1,1,1,0,0,1,1,1,1,1,1,0,1,0,1,1,0,1,0,0,1,1,0,1,1,1,1,0,2,1,A,.,2,1,1,R,12479,2,A,.,R,9228,R,6508,A,.,R,75,R,75,1,1,0,0,0,0,0,1,107,1,107,1,107,1,,0,0,0,0,0,0,0,1,0,0,0,0,1,1,0,1,1,107,1,0,1
2023,164924,0,1,0,0,0,0,4,-2,-2,30,1,0,1,0,0,0,1,1,1,1,0,1,1,0,1,1,1,1,1,2,1,1,1,2,1,1,1,1,1,0,,1,1,0,1,1,1,1,1,1,1,1,0,1,0,-2,,1,1,1,1,0,1,1,1,1,1,1,0,1,0,1,1,0,1,0,0,1,1,0,1,1,1,1,0,2,2,R,8.37,2,2,1,R,7607,2,A,.,R,10470,R,8005,A,.,R,80,R,75,1,1,0,0,0,0,0,1,102,1,102,1,102,1,,0,0,0,0,0,0,0,0,1,0,1,0,0,2,0,0,0,102,1,1,0
2023,164988,0,1,0,0,0,0,3,-2,-2,-2,1,0,1,1,0,1,1,1,1,1,0,1,1,0,1,1,1,1,1,1,1,1,1,2,1,0,1,1,1,0,,0,1,0,1,1,1,1,1,1,1,1,0,1,0,-2,,1,1,1,1,0,1,1,1,1,1,1,0,1,0,1,1,0,1,1,0,1,1,0,1,1,1,1,0,2,1,A,.,2,2,1,R,11767,2,A,.,R,11600,R,6510,A,.,R,80,R,95,1,1,0,0,0,0,0,2,-2,1,128,2,-2,1,,0,1,0,0,1,0,0,1,1,0,1,1,0,2,0,0,0,128,1,1,0
2023,165015,0,1,0,0,0,0,3,-2,-2,-2,0,0,0,0,0,0,1,0,1,1,0,1,0,0,1,1,1,1,1,2,1,-2,-2,2,1,0,0,0,1,0,,0,1,0,1,1,0,1,1,0,1,1,0,0,0,-2,,1,1,1,0,0,1,1,1,1,1,1,0,1,0,1,1,0,1,0,0,1,1,0,1,1,1,1,0,2,2,R,18.00,2,2,1,R,2950,2,A,.,R,10160,R,7658,A,.,R,80,R,93,1,1,0,0,0,0,0,2,-2,1,200,1,200,1,,0,0,0,0,0,0,0,0,1,0,0,0,0,2,0,0,0,200,2,-2,-2
2023,166027,0,1,1,0,0,0,3,-2,-2,-2,1,1,1,0,1,0,1,1,1,1,0,1,1,0,1,1,1,1,1,2,1,1,1,2,1,0,1,1,0,0,,0,0,1,1,1,1,1,1,1,1,1,1,1,0,-2,,1,1,1,0,0,1,1,1,1,1,1,0,1,0,1,1,0,1,1,0,1,1,0,1,1,1,1,0,2,2,R,17.00,1,2,1,R,14344,2,A,.,R,12424,R,7950,A,.,R,85,R,105,1,1,0,0,0,0,0,1,117,1,117,1,117,1,,0,1,1,0,1,0,1,1,1,0,1,1,0,2,0,0,0,117,1,0,1
2023,166629,1,1,1,0,0,0,1,2,0,-2,1,0,1,0,1,0,1,1,1,1,0,1,1,0,1,1,1,1,1,1,1,1,2,2,1,1,1,1,1,0,,1,1,0,1,1,0,1,1,1,1,1,0,1,0,-2,,1,1,1,1,0,1,1,1,1,1,1,0,1,0,0,1,0,1,1,0,1,1,0,1,1,1,1,0,2,2,R,11.34,2,1,1,R,14465,2,A,.,R,8154,R,7283,A,.,R,85,R,85,1,1,0,0,0,0,0,1,327,1,103,1,103,1,,0,1,0,0,0,0,0,0,1,0,0,0,0,2,0,1,1,103,1,1,1
2023,166683,0,1,0,0,0,0,3,-2,-2,-2,0,0,0,0,0,0,1,0,1,0,0,1,0,0,4,1,1,1,1,2,1,-2,-2,2,1,1,1,1,1,0,,0,1,0,1,1,1,1,1,0,1,1,1,1,0,-2,,1,1,1,1,0,1,1,1,1,1,1,0,1,0,0,1,0,0,0,1,1,0,0,1,0,0,1,0,2,2,R,6.60,2,2,1,R,7610,2,A,.,R,12380,R,7010,A,.,R,75,R,75,1,1,0,0,0,0,0,1,186,1,186,1,186,1,,0,1,0,0,0,0,0,0,1,0,1,0,0,2,0,0,0,186,2,-2,-2
2023,167358,0,1,1,0,0,0,3,-2,-2,-2,0,0,0,0,0,0,1,0,1,1,0,1,1,1,1,1,1,1,1,2,1,1,1,2,1,0,1,1,1,0,,1,1,0,1,1,1,1,1,0,0,0,0,0,0,-2,,1,1,1,1,0,1,1,1,1,1,1,0,1,0,0,1,0,1,0,0,1,1,0,1,1,1,1,0,2,1,A,.,2,2,1,R,11759,1,R,17,R,10610,R,8180,A,.,R,75,R,75,1,1,0,0,0,0,0,2,-2,1,110,1,110,1,,0,0,0,0,0,0,0,0,0,1,0,1,0,2,0,0,0,110,2,-2,-2
2023,168148,0,1,1,0,0,0,3,-2,-2,-2,1,0,1,0,0,0,1,1,1,1,0,1,1,0,1,1,1,1,1,1,1,1,1,2,1,0,1,0,0,0,,0,1,0,1,1,1,1,1,0,1,1,0,1,0,-2,,1,1,1,0,0,1,1,1,1,1,1,0,1,0,1,1,0,1,0,0,1,1,0,1,1,1,1,0,2,2,R,15.08,2,2,1,R,4210,1,R,99,R,9622,R,8038,A,.,R,75,R,85,1,1,0,0,0,0,0,1,185,1,185,1,185,1,,0,0,0,0,1,0,0,0,1,0,0,1,0,2,0,0,0,185,1,1,0
2023,168421,0,1,0,0,0,0,3,-2,-2,-2,0,0,0,0,0,0,1,1,1,1,0,1,0,0,1,1,1,1,1,2,1,-2,-2,2,1,0,1,0,0,0,,0,1,0,1,1,1,1,1,0,1,1,0,1,0,-2,,1,1,1,0,0,1,1,1,1,1,1,0,1,0,1,1,0,1,0,0,1,1,0,1,1,1,1,0,2,2,R,14.70,2,2,1,R,2628,1,R,19,R,9800,R,7458,A,.,R,0,R,70,1,1,0,0,0,0,0,1,186,1,186,1,186,1,,0,0,0,0,0,0,0,0,0,1,0,0,0,2,0,0,0,186,1,1,1
2023,170976,0,1,0,0,0,0,1,2,0,-2,0,0,0,0,0,0,1,1,1,1,0,1,1,0,3,1,1,1,1,1,1,1,1,2,1,1,1,1,1,0,,0,1,0,1,1,1,1,1,1,1,1,0,1,0,-2,,1,1,1,1,0,1,1,1,1,1,1,0,1,0,0,1,0,1,1,0,1,1,0,1,1,1,1,0,2,2,R,11.00,2,1,1,R,11631,2,A,.,A,.,A,.,R,13856,R,75,R,75,1,1,0,0,0,0,0,1,107,1,107,1,107,1,,0,1,1,0,1,0,0,1,1,0,1,0,0,1,0,1,1,107,1,1,0
2023,171100,0,1,0,0,0,0,1,2,0,-2,0,0,0,1,0,0,1,1,1,1,0,1,1,0,1,1,1,1,1,1,1,1,1,2,1,0,1,1,1,0,,0,1,0,1,1,0,1,1,1,0,0,0,0,0,-2,,1,1,1,0,0,1,1,1,1,1,1,0,1,0,0,1,0,1,0,0,1,1,0,1,1,1,1,0,2,2,R,5.40,2,1,1,R,17503,2,A,.,R,4854,R,6900,A,.,R,65,R,65,1,1,0,0,0,0,0,1,107,1,107,1,107,1,,0,1,1,1,1,0,1,1,1,0,0,1,0,1,0,1,1,107,1,1,0
2023,174066,0,1,1,1,0,0,1,2,0,-2,1,0,1,1,0,0,1,1,1,0,0,1,1,0,1,1,1,1,1,1,1,1,1,2,0,1,1,1,1,0,,1,1,0,1,1,1,1,1,1,1,1,0,1,0,-2,,1,1,1,1,0,1,1,1,1,1,1,0,1,0,0,1,0,1,1,0,1,1,0,1,1,1,1,0,2,2,R,9.00,2,1,1,R,7558,2,A,.,R,7478,R,5700,A,.,R,55,R,75,1,1,0,0,0,0,1,1,107,1,107,1,107,1,,0,1,1,1,1,0,0,1,1,0,1,1,0,1,0,1,1,107,1,1,0
2023,179867,0,1,0,0,0,0,3,-2,-2,-2,1,1,1,1,1,1,1,1,1,1,0,1,1,0,1,1,1,1,1,1,1,1,1,2,1,0,1,1,1,0,,0,1,0,1,1,0,1,1,1,1,1,0,1,0,-2,,1,1,1,1,0,1,1,1,1,1,1,0,1,0,1,1,0,1,1,0,1,1,0,1,1,1,1,0,2,2,R,13.15,2,2,1,R,7088,2,A,.,R,13188,R,7590,A,.,R,75,R,45,1,1,0,0,0,0,1,1,167,1,200,1,200,1,,0,1,1,0,1,0,0,0,1,0,0,1,0,2,0,0,0,200,2,-2,-2
2023,182670,0,1,0,0,0,0,3,-2,-2,-2,0,0,0,0,0,0,1,0,1,0,0,1,1,0,2,1,1,1,1,2,1,1,1,2,1,0,0,1,0,0,,0,0,1,1,1,0,0,1,0,0,0,0,0,0,-2,,1,1,1,0,0,1,1,1,1,1,1,0,1,0,1,1,0,0,0,1,1,0,0,1,0,0,1,0,2,2,R,12.80,1,2,1,R,3875,1,R,21,R,11418,R,7341,A,.,R,80,R,50,1,1,0,0,0,0,0,1,117,1,117,1,117,1,,0,0,0,0,1,0,0,0,0,0,0,1,0,2,0,0,0,117,1,1,0
2023,185828,1,1,1,0,0,0,1,2,0,-2,0,0,0,0,0,0,1,1,1,0,0,1,0,0,1,1,1,1,1,1,1,-2,-2,2,1,1,1,1,1,0,,0,1,0,1,0,0,1,1,1,1,1,0,0,0,-2,,1,1,1,0,0,1,1,1,1,1,1,0,1,0,0,1,0,1,0,0,1,1,0,1,1,1,1,0,2,1,A,.,2,1,1,R,2444,2,A,.,A,.,A,.,R,17200,R,75,R,75,1,1,0,0,0,0,0,2,-2,1,101,1,101,1,,1,1,1,0,0,0,0,0,1,0,0,1,0,2,0,1,1,101,1,1,1
2023,186131,0,1,0,0,0,0,3,-2,-2,-2,1,0,1,0,0,0,1,0,1,0,0,1,0,0,1,1,1,1,1,2,2,-2,-2,2,1,0,1,1,1,0,,0,1,0,1,1,1,1,1,0,1,1,0,1,0,-2,,1,1,1,1,0,1,1,1,1,1,1,0,1,0,0,1,0,0,0,1,0,0,1,0,0,0,0,1,2,2,R,4.80,1,2,1,R,5526,2,A,.,R,11400,R,7980,A,.,R,70,R,75,1,1,0,0,0,0,0,1,117,1,117,1,117,1,,0,0,0,0,0,0,0,0,0,1,1,0,0,2,0,0,0,117,1,0,1
2023,186371,0,1,1,0,0,0,1,2,0,-2,0,0,0,0,0,0,1,1,1,1,0,1,1,0,1,1,1,1,1,1,1,1,1,2,1,1,1,1,1,0,,0,1,0,1,1,0,1,1,1,1,1,0,0,0,-2,,1,1,1,1,0,1,1,1,1,1,1,0,1,0,0,1,0,1,1,0,1,1,0,1,1,1,1,0,2,2,R,11.00,2,1,1,R,830,2,A,.,R,9789,R,3600,A,.,R,70,R,70,1,1,0,0,0,0,0,2,-2,1,187,1,187,1,,1,1,1,1,1,1,1,1,1,0,0,1,0,1,0,1,1,187,1,1,0
2023,186380,0,1,1,0,0,0,1,2,0,-2,0,0,0,1,1,0,1,1,1,1,0,1,1,0,1,1,1,1,1,1,1,1,1,2,1,1,1,1,1,0,,0,1,0,1,1,1,1,1,1,1,1,0,0,0,-2,,1,1,1,1,0,1,1,1,1,1,1,0,1,0,0,1,0,1,1,0,1,1,0,1,1,1,1,0,2,2,R,7.00,2,1,1,R,15305,2,A,.,R,8836,R,5879,A,.,R,70,R,70,1,1,0,0,0,0,0,1,107,1,107,1,107,1,,1,1,1,1,1,1,1,1,1,0,1,1,0,1,0,1,1,107,1,1,0
2023,186399,0,1,1,0,0,0,1,2,0,-2,0,0,0,0,0,0,1,1,1,1,0,1,1,0,1,1,1,1,1,1,1,1,1,2,1,1,1,1,1,0,,0,1,0,1,1,0,1,1,1,1,1,0,0,0,-2,,1,1,1,1,0,1,1,1,1,1,1,0,1,0,0,1,0,1,1,0,1,1,0,1,1,1,1,0,2,2,R,8.00,2,1,1,R,2015,2,A,.,R,9550,R,5510,A,.,R,70,R,70,1,1,0,0,0,0,0,2,-2,1,187,1,187,1,,1,1,1,1,1,1,1,1,1,0,0,1,0,1,0,1,1,187,1,1,0
2023,186867,0,1,0,0,0,0,3,-2,-2,-2,0,0,0,0,0,0,1,1,1,0,0,1,0,0,1,1,1,1,1,2,1,-2,-2,2,1,0,1,0,0,0,,0,1,0,1,1,0,1,1,0,0,0,0,0,0,-2,,1,1,1,0,0,1,1,1,1,1,1,0,1,0,0,1,0,1,0,0,1,1,0,1,1,1,1,0,2,2,R,7.90,2,2,1,R,2028,2,A,.,R,10730,R,7700,A,.,R,70,R,60,1,1,0,0,0,0,0,1,181,1,181,1,181,1,,0,0,0,0,0,0,0,0,0,1,0,0,0,2,0,0,0,181,1,1,0
2023,190415,0,1,0,0,0,0,3,-2,-2,-2,0,0,0,0,0,0,1,1,1,0,0,1,1,0,1,1,1,1,1,2,1,1,1,2,1,0,1,1,1,0,,0,1,0,1,1,1,1,1,0,0,0,0,0,0,-2,,1,1,0,0,0,1,1,1,1,1,1,0,2,0,0,0,0,1,0,0,1,0,0,1,0,1,1,0,2,2,R,25.60,2,2,1,R,8747,1,R,14,R,11562,R,6942,A,.,R,80,R,105,1,1,0,0,0,0,0,1,117,1,117,1,117,1,,0,0,0,0,1,0,0,0,1,0,0,1,0,2,0,0,0,117,2,-2,-2
2023,191241,0,1,1,0,0,0,4,-2,-2,30,0,0,0,0,0,0,1,1,1,1,0,1,1,0,1,1,1,1,1,1,1,1,1,2,1,1,1,1,1,0,,1,1,0,1,1,1,1,1,0,1,1,0,1,0,-2,,1,1,1,0,0,1,1,1,1,1,1,0,1,0,1,1,0,1,0,0,1,1,0,1,1,1,1,0,2,2,R,12.20,2,2,1,R,4759,2,A,.,A,.,A,.,R,23075,R,70,R,60,1,1,0,0,0,0,0,1,128,1,103,1,103,1,,0,1,1,0,1,0,0,1,1,0,0,0,0,2,0,0,0,103,1,1,0
2023,193900,1,1,1,0,0,0,3,-2,-2,-2,0,0,0,0,1,0,1,1,1,1,0,1,1,1,1,1,1,1,1,1,1,1,1,2,1,0,1,1,1,0,,1,1,0,1,1,0,1,1,0,1,1,1,1,0,-2,,1,1,1,0,0,1,1,1,1,1,1,0,1,0,1,1,1,1,1,0,1,1,0,1,1,1,1,0,2,2,R,12.04,2,2,1,R,12577,2,A,.,R,16500,R,6286,A,.,R,80,R,110,1,1,0,0,0,0,0,2,-2,1,200,1,200,1,,0,1,0,0,1,0,0,1,1,0,0,1,0,2,0,0,0,200,1,0,1
2023,194824,0,1,0,0,0,0,3,-2,-2,-2,0,0,0,0,0,0,1,1,1,0,0,1,0,0,1,1,1,1,1,2,1,-2,-2,2,1,1,1,1,0,0,,0,1,0,1,1,1,1,1,0,0,0,0,0,0,-2,,1,1,1,0,0,1,1,1,1,1,1,0,1,0,0,1,0,0,0,1,0,0,1,0,0,0,0,1,2,2,R,5.81,2,2,1,R,3899,1,R,99,R,9460,R,8070,A,.,R,70,R,75,1,1,0,0,0,0,0,1,201,1,201,1,201,1,,0,0,0,0,0,0,0,0,0,1,0,1,0,2,0,0,0,201,1,1,0
2023,195003,1,1,1,0,0,0,3,-2,-2,-2,1,0,1,1,1,0,1,1,1,0,0,1,0,0,1,1,1,1,1,1,1,-2,-2,2,1,1,1,1,1,0,,1,1,0,1,1,1,1,1,1,1,1,0,1,0,-2,,1,1,1,1,0,1,1,1,1,1,1,0,1,0,1,1,0,1,1,0,1,1,0,1,1,1,1,0,2,2,R,14.36,2,2,1,R,6886,2,A,.,R,9032,R,7400,A,.,R,65,R,65,1,1,0,0,0,0,0,2,-2,1,201,1,201,1,,0,1,1,0,1,0,0,1,1,0,0,1,0,2,0,0,0,201,1,1,0
2023,195030,0,1,1,1,0,0,3,-2,-2,-2,1,1,1,0,0,0,1,1,1,1,0,1,1,0,1,1,1,1,1,2,1,1,1,2,1,0,1,1,1,0,,0,1,0,1,1,1,1,1,0,1,1,0,1,0,-2,,1,1,1,0,0,1,1,1,1,1,1,0,1,0,0,1,0,1,1,0,1,1,0,1,1,1,1,0,2,2,R,9.00,1,2,1,R,5618,2,A,.,R,11332,R,7592,A,.,R,50,R,50,1,1,0,0,0,0,0,1,200,1,200,1,200,1,,0,0,0,0,0,0,0,0,0,1,0,0,0,1,0,0,0,200,1,0,1
2023,196079,0,1,0,0,0,0,1,2,0,-2,0,0,0,0,0,0,1,0,1,1,0,1,1,0,1,1,1,1,1,1,1,1,1,2,0,1,1,1,1,0,,0,1,0,1,1,0,1,1,1,1,1,0,1,0,-2,,1,1,1,1,0,1,1,1,1,1,1,0,1,0,0,1,0,1,0,0,1,0,0,1,0,1,1,0,2,2,R,12.00,2,1,1,R,7586,2,A,.,R,12070,R,6688,A,.,R,50,R,75,1,1,0,0,0,0,0,2,-2,1,101,1,101,1,,0,0,0,0,1,0,0,0,0,0,0,0,0,2,0,1,1,101,1,0,1
2023,196088,0,1,0,0,0,0,1,2,0,-2,0,0,0,1,0,0,1,1,1,1,0,1,1,0,1,1,1,1,1,1,1,1,1,2,0,1,1,1,1,0,,0,1,0,1,1,0,0,1,1,1,1,0,0,0,-2,,1,1,1,1,0,1,1,1,1,1,1,0,1,0,0,1,0,1,1,0,1,1,0,1,1,1,1,0,2,2,R,6.30,2,1,1,R,7725,1,R,19,R,9314,R,7440,A,.,R,50,R,75,1,1,0,0,0,0,0,1,119,1,119,2,-2,1,,0,1,1,1,1,1,1,1,1,0,0,1,0,1,0,1,1,119,1,1,0
2023,196097,1,1,1,1,0,0,1,2,0,-2,0,0,0,0,0,0,1,1,1,1,0,1,1,0,1,1,1,1,1,1,1,1,1,2,0,1,1,1,1,0,,0,1,0,1,1,1,1,1,0,1,1,0,1,0,-2,,1,1,1,1,0,1,1,1,1,1,1,0,1,0,0,1,0,1,1,0,1,1,0,1,1,1,1,0,2,2,R,7.37,2,1,1,R,10501,2,A,.,R,10612,R,7050,A,.,R,50,R,100,1,1,0,0,0,0,0,1,110,1,110,1,110,1,,1,1,1,1,1,0,0,1,1,0,1,1,0,2,0,1,1,110,1,1,1
2023,196413,1,1,1,1,0,0,3,-2,-2,-2,1,0,1,0,1,0,1,1,1,1,0,1,1,0,1,1,1,1,1,1,1,1,1,2,1,1,1,1,1,0,,1,1,0,1,1,0,1,1,1,1,1,0,1,0,-2,,1,1,1,1,0,1,1,1,1,1,1,0,1,0,1,1,0,1,1,0,1,1,0,1,1,1,1,0,2,2,R,15.37,2,2,1,R,8370,1,R,99,R,10794,R,7650,A,.,R,85,R,75,1,1,0,0,0,0,0,1,102,1,102,2,-2,1,,0,1,1,0,1,0,0,1,1,0,0,1,1,1,0,0,0,102,1,1,0
2023,197708,0,1,1,0,0,0,3,-2,-2,-2,0,0,0,0,1,0,1,0,1,1,0,1,1,0,1,1,1,1,1,1,1,1,1,2,1,0,0,0,0,0,,0,1,0,0,0,0,0,1,1,1,1,0,1,0,-2,,1,1,1,0,0,1,1,1,1,1,1,0,1,0,0,1,0,1,0,0,1,1,0,1,1,1,1,0,2,2,R,28.10,2,2,1,R,1645,2,A,.,R,10750,R,4800,A,.,R,65,R,50,1,1,0,0,0,0,0,2,-2,1,196,1,196,1,,0,0,0,0,0,0,0,0,0,1,0,0,0,2,0,0,0,196,1,1,0
2023,198419,0,1,0,0,0,0,4,-2,-2,71,0,0,0,0,0,0,1,1,1,1,0,1,1,0,1,1,1,1,1,2,1,1,1,2,1,0,0,1,0,0,,0,1,0,1,1,1,1,1,0,1,0,0,1,0,-2,,1,1,1,0,0,1,1,1,1,1,1,0,1,0,1,0,0,1,0,0,1,1,0,1,1,1,1,0,2,1,A,.,1,2,1,R,5775,2,A,.,R,9884,R,7475,A,.,R,85,R,95,1,1,0,0,0,0,0,1,102,1,102,1,102,1,,0,0,0,0,0,0,0,0,0,1,0,1,0,2,0,0,0,102,2,-2,-2
2023,199120,1,1,1,0,0,0,1,2,0,-2,0,0,0,1,0,0,1,1,1,1,0,1,1,0,1,1,1,1,1,1,1,1,1,2,1,1,1,1,1,0,,1,1,0,1,1,1,1,1,1,1,1,0,1,0,-2,,1,1,0,1,0,1,1,1,1,1,1,0,1,1,0,1,0,1,0,0,1,1,0,1,1,1,1,0,2,2,R,9.44,2,1,1,R,10006,1,R,99,R,7366,R,5650,A,.,R,85,R,95,1,1,0,0,0,0,0,1,102,1,102,1,102,1,,0,1,1,0,1,0,0,0,1,0,1,1,0,1,0,1,1,102,1,1,0
2023,199193,1,1,1,1,0,0,1,2,0,-2,1,0,1,0,1,0,1,1,1,0,0,1,1,0,1,1,1,1,1,1,1,1,1,2,1,1,1,1,1,0,,0,1,0,1,1,1,1,1,0,1,1,0,1,0,-2,,1,1,1,0,0,1,1,1,1,1,1,0,1,1,0,1,0,1,1,0,1,1,0,1,1,1,1,0,2,2,R,6.18,2,1,1,R,10291,2,A,.,R,7996,R,5723,A,.,R,85,R,75,1,1,0,0,0,0,0,1,102,1,102,1,102,1,,0,1,1,1,1,0,0,1,1,0,1,1,0,2,0,1,1,102,1,1,1
2023,199847,0,1,0,0,0,0,3,-2,-2,-2,0,0,0,0,0,0,1,1,1,0,0,1,1,0,1,1,1,1,1,1,1,1,1,2,1,0,0,0,0,0,,0,1,0,1,1,0,0,1,1,1,1,0,1,0,-2,,1,1,1,0,0,1,1,1,1,1,1,0,1,0,1,1,0,1,0,0,1,1,0,1,1,1,1,0,2,2,R,13.93,2,2,1,R,4104,2,A,.,R,11214,R,9226,A,.,R,85,R,80,1,1,0,0,0,0,0,1,102,1,102,1,102,1,,0,0,0,0,1,0,0,0,1,0,0,1,0,2,0,0,0,102,1,0,1
2023,201645,0,1,1,1,0,0,3,-2,-2,-2,0,0,0,0,0,0,1,1,1,1,0,1,1,0,1,1,1,1,1,2,1,1,1,2,1,0,1,0,1,0,,0,1,0,1,1,0,1,1,0,1,1,0,1,0,-2,,1,1,1,0,0,1,1,1,1,1,1,0,1,0,0,1,0,1,0,0,1,1,0,1,1,1,1,0,2,2,R,16.00,2,2,1,R,4494,2,A,.,R,10482,R,7720,A,.,R,70,R,50,1,1,0,0,0,0,0,1,194,1,200,1,200,1,,0,0,0,0,0,0,0,0,1,0,0,0,0,1,0,0,0,200,2,-2,-2
2023,204796,0,1,0,0,0,0,1,2,0,-2,1,0,1,0,1,0,1,1,1,1,0,1,1,0,1,1,1,1,1,1,1,1,1,2,1,1,1,1,1,0,,0,1,0,1,1,1,1,1,1,1,1,0,1,0,-2,,1,1,1,1,0,1,1,1,1,1,1,0,1,1,0,1,0,1,1,0,1,1,0,1,1,1,1,0,2,1,A,.,2,1,1,R,15097,2,A,.,A,.,A,.,R,14272,R,60,R,60,1,1,0,0,0,0,0,1,107,1,107,1,107,1,,1,1,1,0,1,0,0,0,1,0,0,1,0,2,0,1,1,107,1,1,0
2023,211440,0,1,0,0,0,0,3,-2,-2,-2,0,0,0,0,0,0,1,1,1,1,0,1,0,0,1,1,1,1,1,1,1,-2,-2,2,1,0,1,1,1,0,,0,1,0,1,1,1,1,1,0,1,0,1,0,0,-2,,1,1,1,0,0,1,1,1,1,1,1,0,1,0,0,1,0,1,0,0,1,1,0,1,1,1,1,0,2,2,R,13.54,2,2,1,R,3996,2,A,.,R,10400,R,7068,A,.,R,75,R,75,1,1,0,0,0,0,0,1,200,1,200,2,-2,1,,0,0,0,0,1,0,0,0,1,0,1,0,0,2,0,0,0,200,1,1,0
2023,212054,1,1,1,0,0,0,3,-2,-2,-2,1,0,1,1,0,0,1,1,1,1,0,1,1,1,2,1,1,1,1,1,1,1,1,2,1,1,1,1,1,0,,1,1,0,1,1,1,1,1,1,1,1,0,1,0,-2,,1,1,1,0,0,1,1,1,1,1,1,0,1,0,0,1,0,1,1,0,1,1,0,1,1,1,1,0,2,2,R,9.84,2,2,1,R,3361,2,A,.,R,10950,R,6600,A,.,R,50,R,65,1,1,0,0,0,0,0,2,-2,1,110,2,-2,2,,0,1,1,0,1,1,0,0,0,0,0,1,0,2,0,0,0,-2,1,0,1
2023,213543,0,1,0,0,0,0,3,-2,-2,-2,1,0,1,0,0,0,1,1,1,0,0,1,0,0,1,1,1,1,1,2,1,-2,-2,2,1,0,0,0,0,0,,0,1,0,1,1,0,0,1,0,1,0,0,1,0,-2,,1,1,1,1,0,1,1,1,1,1,1,0,1,0,1,1,0,1,0,0,1,1,0,1,1,1,1,0,2,2,R,3.97,2,2,1,R,3021,2,A,.,R,9680,R,6790,A,.,R,75,R,75,1,1,0,0,0,0,0,1,128,1,128,1,128,1,,0,0,0,0,0,0,0,0,0,1,0,1,0,2,0,0,0,128,1,1,0
2023,214777,1,1,1,0,0,0,1,2,0,-2,1,0,1,1,1,0,1,1,1,0,0,1,1,0,1,1,1,1,1,1,1,1,1,2,1,1,1,1,1,0,,1,1,0,1,1,1,1,1,1,1,1,0,1,0,-2,,1,1,0,0,0,1,1,1,1,1,1,0,1,0,0,1,0,1,0,0,1,0,0,1,0,1,1,0,2,2,R,5.90,2,1,1,R,14238,2,A,.,R,7614,R,5416,A,.,R,65,R,65,1,1,0,0,0,0,0,1,107,1,107,1,107,1,,0,0,0,0,0,0,0,0,0,1,1,1,1,2,0,1,1,107,1,1,0
2023,215062,0,1,1,0,0,0,3,-2,-2,-2,1,0,1,1,1,0,1,1,1,1,0,1,1,0,1,1,1,1,1,2,1,1,1,2,1,0,1,1,1,0,,0,1,0,1,1,1,1,1,1,1,1,1,1,0,-2,,1,1,1,1,0,1,1,1,1,1,1,0,1,0,1,1,0,1,1,0,1,1,0,1,1,1,1,0,2,2,R,13.60,2,1,1,R,6022,2,A,.,R,12166,R,6330,A,.,R,75,R,90,1,1,0,0,0,0,0,1,117,1,117,1,117,1,,0,1,1,0,1,0,0,1,1,0,1,1,0,2,0,0,1,117,1,1,0
2023,215293,1,1,1,1,0,0,1,9,0,-2,1,0,1,0,1,1,1,1,1,1,0,1,1,0,1,1,1,1,1,1,1,1,1,2,1,1,1,1,1,0,,0,1,0,1,1,1,1,1,1,1,1,0,1,0,-2,,1,1,1,0,0,1,1,1,1,1,1,0,1,0,0,1,0,1,1,0,1,1,0,1,1,1,1,0,2,2,R,8.70,2,1,1,R,8860,2,A,.,R,7950,R,5470,A,.,R,55,R,75,1,1,0,0,0,0,0,1,102,1,102,1,102,1,,0,0,0,0,1,0,0,1,1,0,1,1,0,1,0,1,1,102,1,1,0
2023,216597,0,1,1,0,0,0,4,-2,-2,30,1,0,1,0,1,0,1,1,1,1,0,1,1,0,1,1,1,1,1,1,1,1,1,2,1,1,1,1,1,0,,0,1,0,1,1,1,1,1,1,1,1,1,1,0,-2,,1,1,1,0,0,1,1,1,1,1,1,0,1,0,0,1,0,1,1,0,1,1,0,1,1,1,1,0,2,2,R,13.99,2,2,1,R,5400,2,A,.,R,9016,R,7880,A,.,R,80,R,50,1,1,0,0,0,0,0,1,110,1,104,1,104,1,,0,1,1,0,1,0,0,1,1,0,1,1,1,2,0,0,0,104,1,1,0
2023,217156,0,1,1,0,0,0,3,-2,-2,-2,0,0,0,0,0,0,1,1,1,0,0,1,1,0,1,1,1,1,1,2,1,1,1,2,1,0,1,1,1,0,,0,0,1,1,1,1,1,1,0,1,1,0,0,0,-2,,1,1,1,0,0,1,1,1,1,1,1,0,1,0,1,1,0,1,0,0,1,1,0,1,1,1,1,0,2,2,R,17.00,1,2,1,R,5336,1,R,20,R,9650,R,6948,A,.,R,75,R,75,1,1,0,0,0,0,0,1,117,1,117,1,117,1,,0,1,1,0,0,0,0,1,1,0,0,1,0,2,0,0,0,117,1,1,0
2023,217882,0,1,1,1,0,0,1,2,0,-2,1,0,1,1,0,0,1,1,1,1,0,1,0,0,1,1,1,1,1,1,1,-2,-2,2,1,1,1,1,0,0,,0,1,0,1,1,0,1,1,0,1,1,0,1,0,-2,,1,1,1,1,0,1,1,1,1,1,1,0,1,0,0,1,0,1,1,0,1,1,0,1,1,1,1,0,2,2,R,7.68,2,1,1,R,7500,2,A,.,R,8026,R,4846,A,.,R,70,R,0,1,1,0,0,0,0,0,1,102,1,102,1,102,1,,0,1,0,0,1,0,0,0,1,0,0,1,1,2,0,1,1,102,1,1,1
2023,217925,0,1,1,0,0,0,3,-2,-2,-2,1,0,1,1,1,0,1,1,1,1,0,1,0,0,1,1,1,1,1,1,1,-2,-2,2,1,1,0,1,1,0,,0,1,0,0,0,0,0,1,0,1,1,0,1,0,-2,,1,1,1,0,0,1,1,1,1,1,1,0,1,0,0,1,0,1,1,0,1,1,0,1,1,1,1,0,2,2,R,7.03,2,2,1,R,400,1,R,20,A,.,A,.,R,11950,R,25,R,0,1,0,1,0,0,1,0,2,-2,1,316,1,316,1,,0,0,0,0,0,0,0,0,0,1,0,0,0,2,0,0,0,316,1,1,0
2023,221999,0,1,1,0,0,0,3,-2,-2,-2,0,0,0,0,0,0,1,0,1,1,0,1,1,0,1,1,1,1,1,1,1,1,1,2,1,0,0,0,0,0,,0,1,0,1,1,1,1,1,1,1,1,0,1,0,-2,,1,1,1,1,0,1,1,1,1,1,1,0,2,0,0,0,0,1,0,0,1,1,0,1,1,1,1,0,2,2,R,15.00,1,2,1,R,6009,1,R,21,R,13484,R,7570,A,.,R,50,R,95,1,1,0,0,0,0,0,1,130,1,130,1,130,1,,0,0,0,0,0,0,0,0,1,0,0,1,1,2,0,0,0,130,2,-2,-2
2023,223232,0,1,1,0,0,0,4,-2,-2,54,1,0,1,0,0,0,1,1,1,0,0,1,1,0,1,1,1,1,1,1,1,1,1,2,1,1,1,1,0,0,,1,1,0,1,1,0,1,1,0,1,1,0,1,0,-2,,1,1,1,0,0,1,1,1,1,1,1,0,1,1,1,1,0,1,0,0,1,1,0,1,1,1,1,0,2,2,R,9.70,2,2,1,R,4750,1,R,21,R,7700,R,6535,A,.,R,0,R,50,1,1,0,0,0,0,0,1,108,1,108,1,108,1,,0,0,0,0,0,0,0,1,0,0,0,1,0,2,0,0,0,108,1,1,1
2023,227757,0,1,1,0,0,0,3,-2,-2,-2,0,0,0,0,0,0,1,0,1,1,0,1,0,0,1,1,1,1,1,2,1,-2,-2,2,1,0,1,1,0,0,,0,1,0,1,1,1,1,1,1,1,1,0,1,0,-2,,1,1,1,0,0,1,1,1,1,1,1,0,1,0,1,1,0,1,0,0,1,1,0,1,1,1,1,0,2,2,R,8.88,2,2,1,R,3477,1,R,25,R,10400,R,5500,A,.,R,75,R,85,1,1,0,0,0,0,0,1,372,1,372,1,372,1,,0,1,1,0,1,0,0,1,1,0,1,1,0,2,0,0,0,372,1,0,1
2023,228246,0,1,1,1,0,0,4,-2,-2,71,0,0,0,0,0,0,1,1,1,1,0,1,1,0,1,1,1,1,1,1,1,1,1,2,1,1,1,1,1,0,,1,1,0,1,1,0,1,1,1,1,1,0,1,0,-2,,1,1,1,1,0,1,1,1,1,1,1,0,1,0,1,1,0,1,0,0,1,1,0,1,1,1,1,0,2,2,R,13.82,2,2,1,R,3251,2,A,.,R,11250,R,6980,A,.,R,60,R,75,1,1,0,0,0,0,0,1,372,1,372,2,-2,1,,0,1,1,0,1,0,0,1,1,0,0,1,0,1,0,0,0,372,1,0,1
2023,228723,0,1,0,0,1,0,1,2,0,-2,1,0,1,0,0,0,1,1,1,1,0,1,1,0,1,1,1,1,1,1,1,1,1,2,1,1,1,1,1,0,,0,1,0,1,1,1,1,1,1,1,1,0,1,0,-2,,1,1,1,1,0,1,1,1,1,1,1,0,1,1,0,1,0,1,1,0,1,1,0,1,1,1,1,0,2,2,R,7.90,2,1,1,R,11357,2,A,.,A,.,A,.,R,11780,R,75,R,65,1,1,0,0,0,0,0,1,130,1,130,1,130,1,,1,0,0,1,0,0,0,0,0,0,1,1,0,1,0,1,1,130,1,0,1
2023,228778,0,1,0,0,0,0,1,2,0,-2,1,0,1,0,0,0,1,1,1,0,0,1,1,0,1,1,1,1,1,1,1,1,1,2,1,1,1,1,1,0,,0,1,0,1,1,1,1,1,0,1,1,0,1,0,-2,,1,1,1,1,0,1,1,1,1,1,1,0,1,1,0,1,0,1,0,0,1,1,0,1,1,1,1,0,2,1,A,.,2,1,1,R,7960,2,A,.,A,.,A,.,R,14136,R,75,R,65,1,1,0,0,0,0,0,1,108,1,108,1,108,1,,0,1,1,1,1,0,0,1,1,0,1,0,1,1,0,1,1,108,1,1,0
2023,228875,1,1,1,1,0,0,4,-2,-2,61,0,0,0,1,0,0,1,1,1,1,0,1,1,0,1,1,1,1,1,1,1,1,1,2,1,1,1,1,1,0,,0,1,0,1,1,0,1,1,1,1,1,0,1,0,-2,,1,1,1,0,0,1,1,1,1,1,1,0,1,0,0,1,0,1,0,0,1,1,0,1,1,1,1,0,2,2,R,12.68,2,2,1,R,5187,2,A,.,R,8700,R,6100,A,.,R,50,R,60,1,1,0,0,0,0,0,1,108,1,108,1,108,1,,0,1,1,0,1,0,0,0,1,0,0,0,0,2,0,0,0,108,2,-2,-2
2023,231624,0,1,0,0,0,0,1,2,0,-2,0,0,0,0,0,0,1,1,1,1,0,1,1,0,1,1,1,1,1,1,1,1,1,2,1,1,1,1,1,0,,0,1,0,1,1,0,0,1,0,1,1,0,1,0,-2,,1,1,1,1,0,1,1,1,1,1,1,0,1,0,0,1,0,1,0,0,1,1,0,1,1,1,1,0,2,2,R,14.00,2,1,1,R,4455,2,A,.,R,8785,R,5770,A,.,R,75,R,50,1,1,0,0,0,0,0,1,110,1,110,1,110,1,,0,1,1,0,1,0,0,0,1,0,0,1,0,2,0,1,1,110,1,0,1
2023,234076,0,1,1,1,0,0,1,2,0,-2,1,0,1,1,0,0,1,1,1,1,0,1,1,0,1,1,1,1,1,1,1,1,1,2,1,0,1,1,0,0,,0,1,0,1,1,1,1,1,0,1,0,0,1,0,-2,,1,1,1,1,0,1,1,1,1,1,1,0,1,1,1,1,0,1,1,0,1,1,0,1,1,1,1,0,2,2,R,16.00,2,1,1,R,7363,2,A,.,R,8230,R,6470,A,.,R,75,R,85,1,1,0,0,0,0,0,1,102,1,102,1,102,1,,0,1,1,0,0,0,0,0,1,0,0,0,0,2,0,1,1,102,1,0,1
2023,236948,0,1,1,0,0,1,1,2,0,-2,0,0,0,0,0,0,1,0,1,1,0,1,1,1,2,1,1,1,1,1,1,1,1,2,0,1,1,1,1,0,,0,1,0,1,1,1,1,1,1,1,1,0,1,0,-2,,1,1,1,1,0,1,1,1,1,1,1,0,1,0,1,0,0,1,1,0,1,1,0,1,1,1,1,0,2,2,R,7.40,2,1,1,R,10230,2,A,.,R,12117,R,5865,A,.,R,80,R,85,1,1,0,0,0,0,0,1,127,1,127,1,127,1,,0,1,0,0,0,0,0,1,1,0,1,1,0,1,0,1,1,127,1,1,0
2023,239105,0,1,1,0,0,0,4,-2,-2,30,0,0,0,0,0,0,1,1,1,1,0,1,1,0,1,1,1,1,1,1,1,1,1,2,1,1,1,1,1,0,,0,1,0,1,1,1,1,1,1,1,1,0,1,0,-2,,1,1,1,1,0,1,1,1,1,1,1,0,1,0,0,1,0,1,0,0,1,1,0,1,1,1,1,0,2,2,R,11.66,2,1,1,R,5295,1,R,99,R,10500,R,5240,A,.,R,0,R,50,1,1,0,0,0,0,0,2,-2,1,104,2,-2,1,,0,1,0,0,0,0,0,0,1,0,1,1,0,2,0,0,1,104,1,1,0
2023,240444,0,1,0,0,0,0,1,2,0,-2,1,0,1,1,0,0,1,1,1,1,0,1,1,0,1,1,1,1,1,1,1,1,1,2,1,1,1,1,1,0,,1,1,0,1,1,1,1,1,0,1,1,1,1,0,-2,,1,1,1,1,0,1,1,1,1,1,1,0,1,0,0,1,0,1,1,0,1,1,0,1,1,1,1,0,2,2,R,10.00,2,1,1,R,8949,2,A,.,R,7433,R,4350,A,.,R,70,R,75,1,1,0,0,0,0,0,1,107,1,107,2,-2,1,,0,1,1,1,1,0,0,0,1,0,0,1,0,1,0,1,1,107,1,1,1
2023,243744,0,1,0,0,0,0,3,-2,-2,-2,0,0,0,0,0,0,1,0,1,1,0,1,1,0,2,1,1,1,1,2,1,1,1,2,1,0,1,1,1,0,,0,1,0,1,1,1,1,1,0,1,1,0,1,0,-2,,1,1,1,1,0,1,1,1,1,1,1,0,2,0,0,0,0,1,0,0,1,1,0,1,1,1,1,0,2,2,R,28.63,1,2,1,R,14415,1,R,19,R,12597,R,7325,A,.,R,90,R,125,1,1,0,0,0,0,0,1,127,1,127,1,127,1,,0,1,1,0,1,0,0,0,1,0,0,1,0,2,0,0,0,127,1,1,0
2023,243780,0,1,1,0,0,0,1,2,0,-2,1,1,1,0,1,0,1,1,1,1,0,1,1,0,1,1,1,1,1,1,1,1,1,2,1,1,1,1,1,0,,0,1,0,1,1,1,1,1,1,1,1,0,1,0,-2,,1,1,1,1,0,1,1,1,1,1,1,0,1,0,0,1,0,1,1,0,1,1,0,1,1,1,1,0,2,2,R,8.01,2,1,1,R,16270,1,R,21,R,6480,R,5398,A,.,R,60,R,60,1,1,0,0,0,0,0,1,107,1,107,1,107,1,,0,1,1,0,1,0,0,0,1,0,0,0,0,1,0,1,1,107,1,1,0
2023,445188,0,1,0,0,0,0,1,2,0,-2,0,0,0,0,0,0,1,0,1,0,0,1,0,0,1,1,1,1,1,1,1,-2,-2,2,1,0,1,1,1,0,,0,1,0,1,0,0,1,1,0,0,0,0,0,0,-2,,1,1,0,1,0,1,1,1,1,1,1,0,1,0,0,1,0,1,0,0,0,0,1,1,0,1,0,0,2,1,A,.,2,1,1,R,4341,2,A,.,A,.,A,.,R,20293,R,80,R,135,1,0,1,0,0,0,0,2,-2,1,301,2,-2,1,,0,0,0,0,0,0,0,0,0,1,0,1,0,1,0,1,1,301,2,-2,-2
