year,UNITID,XTUIT1,TUITION1,XFEE1,FEE1,XHRCHG1,HRCHG1,XTUIT2,TUITION2,XFEE2,FEE2,XHRCHG2,HRCHG2,XTUIT3,TUITION3,XFEE3,FEE3,XHRCHG3,HRCHG3,XTUIT5,TUITION5,XFEE5,FEE5,XHRCHG5,HRCHG5,XTUIT6,TUITION6,XFEE6,FEE6,XHRCHG6,HRCHG6,XTUIT7,TUITION7,XFEE7,FEE7,XHRCHG7,HRCHG7,XISPRO1,ISPROF1,XISPFE1,ISPFEE1,XOSPRO1,OSPROF1,XOSPFE1,OSPFEE1,XISPRO2,ISPROF2,XISPFE2,ISPFEE2,XOSPRO2,OSPROF2,XOSPFE2,OSPFEE2,XISPRO3,ISPROF3,XISPFE3,ISPFEE3,XOSPRO3,OSPROF3,XOSPFE3,OSPFEE3,XISPRO4,ISPROF4,XISPFE4,ISPFEE4,XOSPRO4,OSPROF4,XOSPFE4,OSPFEE4,XISPRO5,ISPROF5,XISPFE5,ISPFEE5,XOSPRO5,OSPROF5,XOSPFE5,OSPFEE5,XISPRO6,ISPROF6,XISPFE6,ISPFEE6,XOSPRO6,OSPROF6,XOSPFE6,OSPFEE6,XISPRO7,ISPROF7,XISPFE7,ISPFEE7,XOSPRO7,OSPROF7,XOSPFE7,OSPFEE7,XISPRO8,ISPROF8,XISPFE8,ISPFEE8,XOSPRO8,OSPROF8,XOSPFE8,OSPFEE8,XISPRO9,ISPROF9,XISPFE9,ISPFEE9,XOSPRO9,OSPROF9,XOSPFE9,OSPFEE9,XCHG1AT0,CHG1AT0,XCHG1AF0,CHG1AF0,XCHG1AY0,CHG1AY0,XCHG1AT1,CHG1AT1,XCHG1AF1,CHG1AF1,XCHG1AY1,CHG1AY1,XCHG1AT2,CHG1AT2,XCHG1AF2,CHG1AF2,XCHG1AY2,CHG1AY2,XCHG1AT3,CHG1AT3,XCHG1AF3,CHG1AF3,XCHG1AY3,CHG1AY3,CHG1TGTD,CHG1FGTD,XCHG2AT0,CHG2AT0,XCHG2AF0,CHG2AF0,XCHG2AY0,CHG2AY0,XCHG2AT1,CHG2AT1,XCHG2AF1,CHG2AF1,XCHG2AY1,CHG2AY1,XCHG2AT2,CHG2AT2,XCHG2AF2,CHG2AF2,XCHG2AY2,CHG2AY2,XCHG2AT3,CHG2AT3,XCHG2AF3,CHG2AF3,XCHG2AY3,CHG2AY3,CHG2TGTD,CHG2FGTD,XCHG3AT0,CHG3AT0,XCHG3AF0,CHG3AF0,XCHG3AY0,CHG3AY0,XCHG3AT1,CHG3AT1,XCHG3AF1,CHG3AF1,XCHG3AY1,CHG3AY1,XCHG3AT2,CHG3AT2,XCHG3AF2,CHG3AF2,XCHG3AY2,CHG3AY2,XCHG3AT3,CHG3AT3,XCHG3AF3,CHG3AF3,XCHG3AY3,CHG3AY3,CHG3TGTD,CHG3FGTD,XCHG4AY0,CHG4AY0,XCHG4AY1,CHG4AY1,XCHG4AY2,CHG4AY2,XCHG4AY3,CHG4AY3,XCHG5AY0,CHG5AY0,XCHG5AY1,CHG5AY1,XCHG5AY2,CHG5AY2,XCHG5AY3,CHG5AY3,XCHG6AY0,CHG6AY0,XCHG6AY1,CHG6AY1,XCHG6AY2,CHG6AY2,XCHG6AY3,CHG6AY3,XCHG7AY0,CHG7AY0,XCHG7AY1,CHG7AY1,XCHG7AY2,CHG7AY2,XCHG7AY3,CHG7AY3,XCHG8AY0,CHG8AY0,XCHG8AY1,CHG8AY1,XCHG8AY2,CHG8AY2,XCHG8AY3,CHG8AY3,XCHG9AY0,CHG9AY0,XCHG9AY1,CHG9AY1,XCHG9AY2,CHG9AY2,XCHG9AY3,CHG9AY3 
2020,100858,R,10080,R,1716,R,420,R,10080,R,1716,R,420,R,30240,R,1716,R,1260,R,10080,R,1716,R,560,R,10080,R,1716,R,560,R,30240,R,1716,R,1680,Y,.,Y,.,Y,.,Y,.,Y,.,Y,.,Y,.,Y,.,Y,.,Y,.,Y,.,Y,.,Y,.,Y,.,Y,.,Y,.,Y,.,Y,.,Y,.,Y,.,R,10323,R,12282,R,20403,R,12282,Y,.,Y,.,Y,.,Y,.,R,10582,R,14216,R,23662,R,20216,Y,.,Y,.,Y,.,Y,.,R,9336,R,1632,R,10968,R,9624,R,1652,R,11276,R,9816,R,1676,R,11492,R,10080,R,1716,R,11796,.,.,R,9336,R,1632,R,10968,R,9624,R,1652,R,11276,R,9816,R,1676,R,11492,R,10080,R,1716,R,11796,.,.,R,28008,R,1632,R,29640,R,28872,R,1652,R,30524,R,29448,R,1676,R,31124,R,30240,R,1716,R,31956,.,.,R,1200,R,1200,R,1200,R,1200,R,13332,R,13332,R,13600,R,13778,R,5782,R,5782,R,5904,R,5904,R,13332,R,13332,R,13600,R,13778,R,5782,R,5782,R,5904,R,5904,R,5782,R,5782,R,5904,R,5904
2020,110404,R,54570,R,2292,A,.,R,54570,R,2292,A,.,R,54570,R,2292,A,.,R,54570,R,2079,R,486,R,54570,R,2079,R,486,R,54570,R,2079,R,486,A,.,A,.,A,.,A,.,A,.,A,.,A,.,A,.,A,.,A,.,A,.,A,.,A,.,A,.,A,.,A,.,A,.,A,.,A,.,A,.,A,.,A,.,A,.,A,.,A,.,A,.,A,.,A,.,A,.,A,.,A,.,A,.,A,.,A,.,A,.,A,.,R,48111,R,1797,R,49908,R,50487,R,1875,R,52362,R,52506,R,2094,R,54600,R,54570,R,2292,R,56862,.,.,R,48111,R,1797,R,49908,R,50487,R,1875,R,52362,R,52506,R,2094,R,54600,R,54570,R,2292,R,56862,.,.,R,48111,R,1797,R,49908,R,50487,R,1875,R,52362,R,52506,R,2094,R,54600,R,54570,R,2292,R,56862,.,.,R,1323,R,1323,R,1428,R,1428,R,14796,R,15525,R,16644,R,17337,R,2874,R,2874,R,2091,R,2091,R,13293,R,13779,R,14631,R,16578,R,4248,R,4248,R,4311,R,4641,R,4383,R,4365,R,4698,R,4164
2020,110635,R,11442,R,2870,A,.,R,11442,R,2870,A,.,R,41196,R,2870,A,.,R,11442,R,2803,A,.,R,11442,R,2803,A,.,R,26544,R,2803,A,.,Y,.,Y,.,Y,.,Y,.,Y,.,Y,.,Y,.,Y,.,R,35214,R,2803,R,47459,R,2803,R,31418,R,2803,R,43263,R,2803,Y,.,Y,.,Y,.,Y,.,Y,.,Y,.,Y,.,Y,.,Y,.,Y,.,Y,.,Y,.,Y,.,Y,.,Y,.,Y,.,R,52078,R,2803,R,54737,R,2803,R,11502,R,2668,R,14170,R,11442,R,2742,R,14184,R,11442,R,2811,R,14253,R,11442,R,2870,R,14312,.,.,R,11502,R,2668,R,14170,R,11442,R,2742,R,14184,R,11442,R,2811,R,14253,R,11442,R,2870,R,14312,.,.,R,39516,R,2668,R,42184,R,40434,R,2742,R,43176,R,41196,R,2811,R,44007,R,41196,R,2870,R,44066,.,.,R,891,R,849,R,870,R,1091,R,17549,R,18222,R,19105,R,20530,R,4379,R,4811,R,5148,R,5595,R,13605,R,14246,R,14771,R,15638,R,4581,R,5017,R,5359,R,5874,R,11738,R,12441,R,13025,R,14084
2020,110644,R,11442,R,3155,A,.,R,11442,R,3155,A,.,R,41196,R,3155,A,.,R,11442,R,2156,A,.,R,11442,R,2156,A,.,R,26544,R,2156,A,.,Y,.,Y,.,Y,.,Y,.,Y,.,Y,.,Y,.,Y,.,R,35218,R,2156,R,47463,R,2156,Y,.,Y,.,Y,.,Y,.,Y,.,Y,.,Y,.,Y,.,Y,.,Y,.,Y,.,Y,.,Y,.,Y,.,Y,.,Y,.,R,27504,R,2156,R,39749,R,2156,R,48408,R,2156,R,58387,R,2156,R,11502,R,2917,R,14419,R,11442,R,2960,R,14402,R,11442,R,3053,R,14495,R,11442,R,3155,R,14597,.,.,R,11502,R,2917,R,14419,R,11442,R,2960,R,14402,R,11442,R,3053,R,14495,R,11442,R,3155,R,14597,.,.,R,39516,R,2917,R,42433,R,40434,R,2960,R,43394,R,41196,R,3053,R,44249,R,41196,R,3155,R,44351,.,.,R,1253,R,1136,R,1158,R,1178,R,16136,R,15645,R,15775,R,17238,R,3921,R,3994,R,4507,R,4638,R,9792,R,10228,R,10588,R,11050,R,4383,R,4467,R,4856,R,5073,R,11385,R,11733,R,12360,R,13260
2020,110653,R,11442,R,2311,A,.,R,11442,R,2311,A,.,R,41196,R,2311,A,.,R,11442,R,1912,A,.,R,11442,R,1912,A,.,R,26544,R,1912,A,.,Y,.,Y,.,Y,.,Y,.,Y,.,Y,.,Y,.,Y,.,R,35220,R,1912,R,47465,R,1912,Y,.,Y,.,Y,.,Y,.,Y,.,Y,.,Y,.,Y,.,Y,.,Y,.,Y,.,Y,.,Y,.,Y,.,Y,.,Y,.,Y,.,Y,.,Y,.,Y,.,R,48138,R,1912,R,53737,R,1912,R,11502,R,2236,R,13738,R,11442,R,2258,R,13700,R,11442,R,2285,R,13727,R,11442,R,2311,R,13753,.,.,R,11502,R,2236,R,13738,R,11442,R,2258,R,13700,R,11442,R,2285,R,13727,R,11442,R,2311,R,13753,.,.,R,39516,R,2236,R,41752,R,40434,R,2258,R,42692,R,41196,R,2285,R,43481,R,41196,R,2311,R,43507,.,.,R,1357,R,1363,R,1390,R,1361,R,14861,R,15263,R,16135,R,16677,R,3902,R,3935,R,4111,R,4250,R,11897,R,12424,R,12861,R,14034,R,4904,R,4968,R,5184,R,5116,R,10904,R,11203,R,11633,R,12466
2020,110662,R,11442,R,1807,A,.,R,11442,R,1807,A,.,R,41196,R,1807,A,.,R,11442,R,1587,A,.,R,11442,R,1587,A,.,R,26544,R,1587,A,.,Y,.,Y,.,Y,.,Y,.,R,39996,R,1587,R,50639,R,1587,R,37620,R,1587,R,49865,R,1587,Y,.,Y,.,Y,.,Y,.,Y,.,Y,.,Y,.,Y,.,Y,.,Y,.,Y,.,Y,.,Y,.,Y,.,Y,.,Y,.,Y,.,Y,.,Y,.,Y,.,R,48138,R,1587,R,53737,R,1587,R,11502,R,1759,R,13261,R,11442,R,1784,R,13226,R,11442,R,1798,R,13240,R,11442,R,1807,R,13249,.,.,R,11502,R,1759,R,13261,R,11442,R,1784,R,13226,R,11442,R,1798,R,13240,R,11442,R,1807,R,13249,.,.,R,39516,R,1759,R,41275,R,40434,R,1784,R,42218,R,41196,R,1798,R,42994,R,41196,R,1807,R,43003,.,.,R,1171,R,1450,R,1463,R,1314,R,15441,R,15816,R,16625,R,17599,R,4028,R,4128,R,4465,R,4625,R,13207,R,13808,R,14303,R,15241,R,4655,R,4772,R,5126,R,5284,R,11303,R,11673,R,12256,R,13154
2020,110671,R,11442,R,2417,A,.,R,11442,R,2417,A,.,R,41196,R,2417,A,.,R,11442,R,2142,A,.,R,11442,R,2142,A,.,R,26544,R,2142,A,.,Y,.,Y,.,Y,.,Y,.,Y,.,Y,.,Y,.,Y,.,R,36640,R,2142,R,48876,R,2142,Y,.,Y,.,Y,.,Y,.,Y,.,Y,.,Y,.,Y,.,Y,.,Y,.,Y,.,Y,.,Y,.,Y,.,Y,.,Y,.,Y,.,Y,.,Y,.,Y,.,Y,.,Y,.,Y,.,Y,.,R,11502,R,2415,R,13917,R,11442,R,2385,R,13827,R,11442,R,2411,R,13853,R,11442,R,2582,R,14024,.,.,R,11502,R,2415,R,13917,R,11442,R,2385,R,13827,R,11442,R,2411,R,13853,R,11442,R,2582,R,14024,.,.,R,39516,R,2415,R,41931,R,40434,R,2385,R,42819,R,41196,R,2411,R,43607,R,41196,R,2582,R,43778,.,.,R,1316,R,1404,R,1436,R,1520,R,15542,R,16017,R,16082,R,16261,R,3888,R,3994,R,4016,R,3717,R,10175,R,10618,R,10986,R,11496,R,4625,R,4751,R,4792,R,3147,R,10883,R,11252,R,11512,R,10552
2020,110680,R,11442,R,3206,A,.,R,11442,R,3206,A,.,R,41196,R,3206,A,.,R,11442,R,2087,A,.,R,11442,R,2087,A,.,R,26544,R,2087,A,.,Y,.,Y,.,Y,.,Y,.,Y,.,Y,.,Y,.,Y,.,R,36156,R,2087,R,48401,R,2087,Y,.,Y,.,Y,.,Y,.,Y,.,Y,.,Y,.,Y,.,R,39231,R,2087,R,51476,R,2087,Y,.,Y,.,Y,.,Y,.,Y,.,Y,.,Y,.,Y,.,Y,.,Y,.,Y,.,Y,.,R,11502,R,2516,R,14018,R,11442,R,2725,R,14167,R,11442,R,2973,R,14415,R,11442,R,3206,R,14648,.,.,R,11502,R,2516,R,14018,R,11442,R,2725,R,14167,R,11442,R,2973,R,14415,R,11442,R,3206,R,14648,.,.,R,39516,R,2516,R,42032,R,40434,R,2725,R,43159,R,41196,R,2973,R,44169,R,41196,R,3206,R,44402,.,.,R,1198,R,1102,R,1128,R,1124,R,13115,R,13651,R,14271,R,15336,R,3832,R,3918,R,4035,R,4203,R,12652,R,13215,R,13681,R,13749,R,4521,R,4626,R,4760,R,4900,R,11063,R,11418,R,11779,R,12624
2020,110705,R,11442,R,2964,A,.,R,11442,R,2964,A,.,R,41196,R,2964,A,.,R,11442,R,2126,A,.,R,11442,R,2126,A,.,R,26544,R,2126,A,.,A,.,A,.,A,.,A,.,A,.,A,.,A,.,A,.,A,.,A,.,A,.,A,.,A,.,A,.,A,.,A,.,A,.,A,.,A,.,A,.,A,.,A,.,A,.,A,.,A,.,A,.,A,.,A,.,A,.,A,.,A,.,A,.,A,.,A,.,A,.,A,.,R,11502,R,2949,R,14451,R,11442,R,2949,R,14391,R,11442,R,2949,R,14391,R,11442,R,2964,R,14406,.,.,R,11502,R,2949,R,14451,R,11442,R,2949,R,14391,R,11442,R,2949,R,14391,R,11442,R,2964,R,14406,.,.,R,39516,R,2949,R,42465,R,40434,R,2949,R,43383,R,41196,R,2949,R,44145,R,41196,R,2964,R,44160,.,.,R,1143,R,1157,R,1184,R,1259,R,15169,R,15673,R,15520,R,15903,R,5348,R,5438,R,5670,R,5381,R,11825,R,12370,R,12818,R,13188,R,5706,R,5808,R,6045,R,5916,R,12450,R,12807,R,13276,R,13986
2020,110714,R,11442,R,2583,A,.,R,11442,R,2583,A,.,R,41196,R,2583,A,.,R,11442,R,2408,A,.,R,11442,R,2408,A,.,R,26544,R,2408,A,.,A,.,A,.,A,.,A,.,A,.,A,.,A,.,A,.,A,.,A,.,A,.,A,.,A,.,A,.,A,.,A,.,A,.,A,.,A,.,A,.,A,.,A,.,A,.,A,.,A,.,A,.,A,.,A,.,A,.,A,.,A,.,A,.,A,.,A,.,A,.,A,.,R,11502,R,2518,R,14020,R,11442,R,2518,R,13960,R,11442,R,2549,R,13991,R,11442,R,2583,R,14025,.,.,R,11502,R,2518,R,14020,R,11442,R,2518,R,13960,R,11442,R,2549,R,13991,R,11442,R,2583,R,14025,.,.,R,39516,R,2518,R,42034,R,40434,R,2518,R,42952,R,41196,R,2549,R,43745,R,41196,R,2583,R,43779,.,.,R,1152,R,1089,R,1085,R,1162,R,16055,R,16448,R,16951,R,18866,R,4813,R,4720,R,5270,R,5084,R,12199,R,12757,R,13216,R,14453,R,5187,R,5102,R,5442,R,5602,R,12008,R,12182,R,12755,R,13467
2020,121150,R,57750,R,252,R,1810,R,57750,R,252,R,1810,R,57750,R,252,R,1810,R,36200,R,120,R,1810,R,36200,R,120,R,1810,R,36200,R,120,R,1810,Y,.,Y,.,Y,.,Y,.,Y,.,Y,.,Y,.,Y,.,Y,.,Y,.,Y,.,Y,.,Y,.,Y,.,Y,.,Y,.,Y,.,Y,.,Y,.,Y,.,Y,.,Y,.,Y,.,Y,.,Y,.,Y,.,Y,.,Y,.,Y,.,Y,.,Y,.,Y,.,R,59280,R,60,R,59280,R,60,R,51740,R,252,R,51992,R,53680,R,252,R,53932,R,55640,R,252,R,55892,R,57750,R,252,R,58002,.,.,R,51740,R,252,R,51992,R,53680,R,252,R,53932,R,55640,R,252,R,55892,R,57750,R,252,R,58002,.,.,R,51740,R,252,R,51992,R,53680,R,252,R,53932,R,55640,R,252,R,55892,R,57750,R,252,R,58002,.,.,R,1500,R,1250,R,1250,R,1250,R,14870,R,15320,R,15670,R,16160,R,2500,R,2500,R,2500,R,2500,R,14870,R,15320,R,15670,R,16160,R,2500,R,2500,R,2500,R,2500,R,2500,R,2500,R,2500,R,2500
2020,122931,R,52998,R,0,R,1472,R,52998,Z,0,R,1472,R,52998,Z,0,R,1472,R,23507,R,0,R,1150,R,23507,Z,0,R,1150,R,23507,Z,0,R,1150,Y,.,Y,.,Y,.,Y,.,Y,.,Y,.,Y,.,Y,.,Y,.,Y,.,Y,.,Y,.,Y,.,Y,.,Y,.,Y,.,Y,.,Y,.,Y,.,Y,.,Y,.,Y,.,Y,.,Y,.,Y,.,Y,.,Y,.,Y,.,Y,.,Y,.,Y,.,Y,.,R,56280,R,0,R,56280,R,0,R,49233,R,625,R,49858,R,51081,R,630,R,51711,R,52998,R,636,R,53634,R,52998,R,0,R,52998,.,.,R,49233,R,625,R,49858,R,51081,R,630,R,51711,R,52998,R,636,R,53634,R,52998,R,0,R,52998,.,.,R,49233,R,625,R,49858,R,51081,R,630,R,51711,R,52998,R,636,R,53634,R,52998,R,0,R,52998,.,.,R,1854,R,1917,R,1971,R,1080,R,14487,R,14910,R,15507,R,15972,R,3240,R,3240,R,3717,R,2934,R,13293,R,13779,R,15084,R,16581,R,4239,R,4248,R,5274,R,4641,R,4374,R,4365,R,4698,R,4164
2020,123961,R,59260,R,1015,R,1995,R,59260,R,1015,R,1995,R,59260,R,1015,R,1995,R,47880,R,835,R,1995,R,47880,R,835,R,1995,R,47880,R,835,R,1995,Y,.,Y,.,Y,.,Y,.,R,101145,R,8749,R,101145,R,8749,R,66150,R,3096,R,66150,R,3096,Y,.,Y,.,Y,.,Y,.,Y,.,Y,.,Y,.,Y,.,R,60896,R,3736,R,60896,R,3736,Y,.,Y,.,Y,.,Y,.,Y,.,Y,.,Y,.,Y,.,R,68628,R,965,R,68628,R,965,R,53448,R,875,R,54323,R,55320,R,905,R,56225,R,57256,R,939,R,58195,R,59260,R,1015,R,60275,.,.,R,53448,R,875,R,54323,R,55320,R,905,R,56225,R,57256,R,939,R,58195,R,59260,R,1015,R,60275,.,.,R,53448,R,875,R,54323,R,55320,R,905,R,56225,R,57256,R,939,R,58195,R,59260,R,1015,R,60275,.,.,R,1200,R,1200,R,1200,R,1200,R,14886,R,15400,R,15912,R,16398,R,1864,R,2000,R,2152,R,2278,R,14886,R,15400,R,15912,R,16398,R,1864,R,2000,R,2152,R,2278,R,2198,R,3332,R,3510,R,3628
2020,126614,R,10728,R,1738,R,447,R,10728,R,1738,R,447,R,34930,R,1738,R,2911,R,11826,R,1696,R,657,R,11826,R,1696,R,657,R,31284,R,1696,R,1738,Y,.,Y,.,Y,.,Y,.,Y,.,Y,.,Y,.,Y,.,Y,.,Y,.,Y,.,Y,.,Y,.,Y,.,Y,.,Y,.,Y,.,Y,.,Y,.,Y,.,Y,.,Y,.,Y,.,Y,.,Y,.,Y,.,Y,.,Y,.,Y,.,Y,.,Y,.,Y,.,R,29718,R,2052,R,36504,R,2052,R,10248,R,1838,R,12086,R,10728,R,1804,R,12532,R,10728,R,1772,R,12500,R,10728,R,1738,R,12466,0,0,R,10248,R,1838,R,12086,R,10728,R,1804,R,12532,R,10728,R,1772,R,12500,R,10728,R,1738,R,12466,0,0,R,34382,R,1838,R,36220,R,35482,R,1804,R,37286,R,36546,R,1772,R,38318,R,36546,R,1738,R,38284,0,.,R,1800,R,1800,R,1200,R,1200,R,13998,R,14418,R,14778,R,15220,R,2294,R,2294,R,2556,R,2556,R,12428,R,12622,R,13050,R,13050,R,2294,R,2294,R,2556,R,2556,R,2142,R,2142,R,2556,R,4617
2020,126775,R,16650,R,2450,R,555,R,16650,R,2450,R,555,R,37350,R,2450,R,1245,R,16650,R,2450,R,925,R,16650,R,2450,R,925,R,37350,R,2450,R,2075,A,.,A,.,A,.,A,.,A,.,A,.,A,.,A,.,A,.,A,.,A,.,A,.,A,.,A,.,A,.,A,.,A,.,A,.,A,.,A,.,A,.,A,.,A,.,A,.,A,.,A,.,A,.,A,.,A,.,A,.,A,.,A,.,A,.,A,.,A,.,A,.,R,16170,R,2216,R,18386,R,16650,R,2314,R,18964,R,16650,R,2412,R,19062,R,16650,R,2450,R,19100,.,.,R,16170,R,2216,R,18386,R,16650,R,2314,R,18964,R,16650,R,2412,R,19062,R,16650,R,2450,R,19100,.,.,R,35220,R,2216,R,37436,R,36270,R,2314,R,38584,R,37350,R,2412,R,39762,R,37350,R,2450,R,39800,.,.,R,1500,R,1500,R,1500,R,1500,R,11897,R,13169,R,14211,R,14720,R,1865,R,1865,R,1879,R,1879,R,9072,R,9072,R,10142,R,10142,R,2610,R,2615,R,3083,R,3065,R,2500,R,2505,R,2505,R,2505
2020,129020,R,14406,R,3428,R,601,R,14406,R,3428,R,601,R,37074,R,3428,R,1545,R,16908,R,2756,R,940,R,16908,R,2756,R,940,R,38820,R,2756,R,2157,Y,.,Y,.,Y,.,Y,.,R,37063,R,2844,R,74817,R,2844,R,40287,R,2785,R,74367,R,2785,Y,.,Y,.,Y,.,Y,.,Y,.,Y,.,Y,.,Y,.,R,27238,R,3428,R,55410,R,3428,Y,.,Y,.,Y,.,Y,.,Y,.,Y,.,Y,.,Y,.,R,30354,R,934,R,61396,R,934,R,11998,R,2882,R,14880,R,12848,R,2882,R,15730,R,13798,R,3428,R,17226,R,14406,R,3428,R,17834,.,.,R,11998,R,2882,R,14880,R,12848,R,2882,R,15730,R,13798,R,3428,R,17226,R,14406,R,3428,R,17834,.,.,R,34066,R,2882,R,36948,R,35216,R,2882,R,38098,R,36466,R,3428,R,39894,R,37074,R,3428,R,40502,.,.,R,850,R,950,R,950,R,950,R,12514,R,12874,R,13258,R,13258,R,2800,R,2850,R,2850,R,3032,R,12514,R,12874,R,13258,R,13258,R,2800,R,2850,R,2850,R,3032,R,2750,R,2650,R,2650,R,2754
2020,130794,R,57700,R,0,A,.,R,57700,Z,0,A,.,R,57700,Z,0,A,.,R,44500,R,0,A,.,R,44500,Z,0,A,.,R,44500,Z,0,A,.,Y,.,Y,.,Y,.,Y,.,Y,.,Y,.,Y,.,Y,.,R,64864,R,1090,R,64864,R,1090,Y,.,Y,.,Y,.,Y,.,Y,.,Y,.,Y,.,Y,.,Y,.,Y,.,Y,.,Y,.,Y,.,Y,.,Y,.,Y,.,Y,.,Y,.,Y,.,Y,.,R,65792,R,2325,R,65792,R,2325,R,51400,R,0,R,51400,R,53430,R,0,R,53430,R,55500,R,0,R,55500,R,57700,R,0,R,57700,.,.,R,51400,R,0,R,51400,R,53430,R,0,R,53430,R,55500,R,0,R,55500,R,57700,R,0,R,57700,.,.,R,51400,R,0,R,51400,R,53430,R,0,R,53430,R,55500,R,0,R,55500,R,57700,R,0,R,57700,.,.,R,3670,R,3750,R,1050,R,1000,R,15500,R,16000,R,16600,R,17200,R,720,R,720,R,3495,R,3470,A,.,A,.,A,.,A,.,A,.,A,.,A,.,A,.,A,.,A,.,A,.,A,.
2020,130943,R,12730,R,1930,R,530,R,12730,R,1930,R,530,R,34160,R,1930,R,1423,R,34164,R,1028,R,1898,R,34164,R,1028,R,1898,R,34164,R,1028,R,1898,A,.,A,.,A,.,A,.,A,.,A,.,A,.,A,.,A,.,A,.,A,.,A,.,A,.,A,.,A,.,A,.,A,.,A,.,A,.,A,.,A,.,A,.,A,.,A,.,A,.,A,.,A,.,A,.,A,.,A,.,A,.,A,.,A,.,A,.,A,.,A,.,R,11870,R,1290,R,13160,R,12250,R,1430,R,13680,R,12730,R,1550,R,14280,R,12730,R,1930,R,14660,.,.,R,11870,R,1290,R,13160,R,12250,R,1430,R,13680,R,12730,R,1550,R,14280,R,12730,R,1930,R,14660,.,.,R,31860,R,1290,R,33150,R,32880,R,1430,R,34310,R,34160,R,1550,R,35710,R,34160,R,1930,R,36090,.,.,R,1000,R,1000,R,1000,R,1000,R,12332,R,12862,R,13472,R,13472,R,1800,R,1800,R,1800,R,1800,R,12332,R,12862,R,13472,R,13472,R,1800,R,1800,R,1800,R,1800,R,3300,R,3300,R,3300,R,1800
2020,131159,R,50542,R,819,R,1684,R,50542,R,819,R,1684,R,50542,R,819,R,1684,R,34533,R,991,R,1906,R,34533,R,991,R,1906,R,34533,R,991,R,1906,Y,.,Y,.,Y,.,Y,.,Y,.,Y,.,Y,.,Y,.,Y,.,Y,.,Y,.,Y,.,Y,.,Y,.,Y,.,Y,.,Y,.,Y,.,Y,.,Y,.,Y,.,Y,.,Y,.,Y,.,Y,.,Y,.,Y,.,Y,.,Y,.,Y,.,Y,.,Y,.,R,57818,R,2141,R,57818,R,2141,R,45808,R,807,R,46615,R,47640,R,819,R,48459,R,49070,R,819,R,49889,R,50542,R,819,R,51361,.,.,R,45808,R,807,R,46615,R,47640,R,819,R,48459,R,49070,R,819,R,49889,R,50542,R,819,R,51361,.,.,R,45808,R,807,R,46615,R,47640,R,819,R,48459,R,49070,R,819,R,49889,R,50542,R,819,R,51361,.,.,R,800,R,800,R,800,R,800,R,14702,R,14880,R,14880,R,16196,R,921,R,909,R,909,R,1009,R,14702,R,14880,R,14880,R,16129,R,921,R,909,R,909,R,1009,R,1621,R,1609,R,1609,R,1709
2020,131469,R,55961,R,88,R,1675,R,55961,R,88,R,1675,R,55961,R,88,R,1675,R,31770,R,54,R,1765,R,31770,R,54,R,1765,R,31770,R,54,R,1765,Y,.,Y,.,Y,.,Y,.,Y,.,Y,.,Y,.,Y,.,R,62060,R,140,R,62060,R,140,Y,.,Y,.,Y,.,Y,.,Y,.,Y,.,Y,.,Y,.,Y,.,Y,.,Y,.,Y,.,Y,.,Y,.,Y,.,Y,.,Y,.,Y,.,Y,.,Y,.,R,63205,R,0,R,63205,R,0,R,53435,R,83,R,53518,R,55140,R,90,R,55230,R,56845,R,90,R,56935,R,58550,R,90,R,58640,.,.,R,53435,R,83,R,53518,R,55140,R,90,R,55230,R,56845,R,90,R,56935,R,58550,R,90,R,58640,.,.,R,53435,R,83,R,53518,R,55140,R,90,R,55230,R,56845,R,90,R,56935,R,58550,R,90,R,58640,.,.,R,1325,R,1325,R,1400,R,1400,R,13000,R,13850,R,14300,R,14711,R,1525,R,1525,R,1525,R,1525,R,13000,R,13850,R,14300,R,14711,R,1525,R,1525,R,1525,R,1525,R,1525,R,1525,R,1525,R,1525
2020,131496,R,57384,R,544,R,2391,R,57384,R,544,R,2391,R,57384,R,544,R,2391,R,53136,R,455,R,2214,R,53136,R,455,R,2214,R,53136,R,455,R,2214,Y,.,Y,.,Y,.,Y,.,Y,.,Y,.,Y,.,Y,.,R,55072,Z,0,R,55072,Z,0,Y,.,Y,.,Y,.,Y,.,Y,.,Y,.,Y,.,Y,.,Y,.,Y,.,Y,.,Y,.,Y,.,Y,.,Y,.,Y,.,Y,.,Y,.,Y,.,Y,.,R,66872,Z,0,R,66872,Z,0,R,51720,R,580,R,52300,R,53520,R,584,R,54104,R,55440,R,618,R,56058,R,57384,R,544,R,57928,.,.,R,51720,R,580,R,52300,R,53520,R,584,R,54104,R,55440,R,618,R,56058,R,57384,R,544,R,57928,.,.,R,51720,R,580,R,52300,R,53520,R,584,R,54104,R,55440,R,618,R,56058,R,57384,R,544,R,57928,.,.,R,1200,R,1200,R,1200,R,1200,R,15434,R,15850,R,16466,R,17032,R,2646,R,2686,R,2556,R,2594,A,.,A,.,A,.,A,.,A,.,A,.,A,.,A,.,A,.,A,.,A,.,A,.
2020,131520,R,26464,R,1976,R,1108,R,26464,R,1976,R,1108,R,26464,R,1976,R,1108,R,32248,R,1976,R,1750,R,32248,R,1976,R,1750,R,32248,R,1976,R,1750,Y,.,Y,.,Y,.,Y,.,R,42632,R,2244,R,42632,R,2244,R,46610,R,3250,R,46610,R,3250,Y,.,Y,.,Y,.,Y,.,Y,.,Y,.,Y,.,Y,.,R,30842,R,2644,R,30842,R,2644,Y,.,Y,.,Y,.,Y,.,Y,.,Y,.,Y,.,Y,.,R,33660,R,2626,R,33660,R,2626,R,24122,R,1575,R,25697,R,24966,R,1790,R,26756,R,24966,R,2240,R,27206,R,26464,R,1976,R,28440,.,.,R,24122,R,1575,R,25697,R,24966,R,1790,R,26756,R,24966,R,2240,R,27206,R,26464,R,1976,R,28440,.,.,R,24122,R,1575,R,25697,R,24966,R,1790,R,26756,R,24966,R,2240,R,27206,R,26464,R,1976,R,28440,.,.,R,1500,R,1500,R,1900,R,1900,R,13504,R,13895,R,14365,R,15650,R,2500,R,2500,R,2500,R,3260,A,.,A,.,A,.,A,.,A,.,A,.,A,.,A,.,A,.,A,.,A,.,A,.
2020,133951,R,4721,R,1844,R,206,R,4721,R,1844,R,206,R,16529,R,2434,R,619,R,8912,R,2194,R,446,R,8912,R,2194,R,446,R,21393,R,2818,R,992,Y,.,Y,.,Y,.,Y,.,Y,.,Y,.,Y,.,Y,.,R,32737,R,6118,R,62737,R,7618,Y,.,Y,.,Y,.,Y,.,Y,.,Y,.,Y,.,Y,.,Y,.,Y,.,Y,.,Y,.,Y,.,Y,.,Y,.,Y,.,Y,.,Y,.,Y,.,Y,.,R,17400,R,3269,R,30528,R,3925,R,4721,R,1835,R,6556,R,4721,R,1835,R,6556,R,4721,R,1844,R,6565,R,4721,R,1844,R,6565,.,.,R,4721,R,1835,R,6556,R,4721,R,1825,R,6546,R,4721,R,1844,R,6565,R,4721,R,1844,R,6565,.,.,R,16529,R,2425,R,18954,R,16529,R,2425,R,18954,R,16529,R,2434,R,18963,R,16529,R,2434,R,18963,.,.,R,1634,R,1350,R,1350,R,1350,R,10882,R,10882,R,11136,R,10956,R,4616,R,4718,R,4814,R,4932,R,12090,R,12348,R,12584,R,12876,R,5470,R,5590,R,5702,R,5840,R,7556,R,7718,R,7870,R,8056
2020,134097,R,4640,R,1877,R,218,R,4640,R,1877,R,218,R,19084,R,2599,R,724,R,9684,R,1869,R,482,R,9684,R,1869,R,482,R,24116,R,2591,R,1114,Y,.,Y,.,Y,.,Y,.,Y,.,Y,.,Y,.,Y,.,R,22408,R,3203,R,55314,R,4848,Y,.,Y,.,Y,.,Y,.,Y,.,Y,.,Y,.,Y,.,Y,.,Y,.,Y,.,Y,.,Y,.,Y,.,Y,.,Y,.,Y,.,Y,.,Y,.,Y,.,R,18071,R,2623,R,37130,R,3575,R,4022,R,1634,R,5656,R,4022,R,1634,R,5656,R,4022,R,1634,R,5656,R,4022,R,1634,R,5656,.,.,R,4022,R,1634,R,5656,R,4022,R,1634,R,5656,R,4022,R,1634,R,5656,R,4022,R,1634,R,5656,.,.,R,16540,R,2246,R,18786,R,16540,R,2246,R,18786,R,16540,R,2246,R,18786,R,16540,R,2246,R,18786,.,.,R,1000,R,1000,R,1000,R,1000,R,10458,R,10666,R,10780,R,11088,R,4660,R,4846,R,5010,R,5382,R,10458,R,10666,R,10780,R,11088,R,4660,R,4846,R,5010,R,5382,R,4660,R,4846,R,5010,R,5382
2020,134130,R,4477,R,1904,R,149,R,4477,R,1904,R,149,R,25694,R,2965,R,856,R,10770,R,1967,R,449,R,10770,R,1967,R,449,R,27335,R,2795,R,1139,Y,.,Y,.,Y,.,Y,.,R,37564,R,4154,R,62783,R,5415,R,32744,R,3913,R,60592,R,5306,Y,.,Y,.,Y,.,Y,.,Y,.,Y,.,Y,.,Y,.,R,19845,R,3057,R,41886,R,4159,Y,.,Y,.,Y,.,Y,.,R,25248,R,3539,R,45225,R,4538,R,19139,R,2665,R,34602,R,3438,R,4477,R,1904,R,6381,R,4477,R,1904,R,6381,R,4477,R,1904,R,6381,R,4477,R,1904,R,6381,.,.,R,4477,R,1904,R,6381,R,4477,R,1904,R,6381,R,4477,R,1904,R,6381,R,4477,R,1904,R,6381,.,.,R,25694,R,2965,R,28659,R,25694,R,2965,R,28659,R,25694,R,2965,R,28659,R,25694,R,2965,R,28659,.,.,R,1210,R,1030,R,850,R,890,R,9910,R,10120,R,10220,R,10590,R,3630,R,3680,R,3760,R,3570,R,9910,R,10120,R,10220,R,10590,R,3630,R,3680,R,3760,R,3570,R,3630,R,3680,R,3760,R,3570
2020,135726,R,52080,R,1602,R,2170,R,52080,R,1602,R,2170,R,52080,R,1602,R,2170,R,39060,R,1160,R,2170,R,39060,R,1160,R,2170,R,39060,R,1160,R,2170,Y,.,Y,.,Y,.,Y,.,Y,.,Y,.,Y,.,Y,.,R,47476,R,1348,R,47476,R,1348,Y,.,Y,.,Y,.,Y,.,Y,.,Y,.,Y,.,Y,.,Y,.,Y,.,Y,.,Y,.,Y,.,Y,.,Y,.,Y,.,Y,.,Y,.,Y,.,Y,.,R,54750,R,1186,R,54750,R,1186,R,47040,R,1444,R,48484,R,48720,R,1506,R,50226,R,50400,R,1530,R,51930,R,52080,R,1602,R,53682,.,.,R,47040,R,1444,R,48484,R,48720,R,1506,R,50226,R,50400,R,1530,R,51930,R,52080,R,1602,R,53682,.,.,R,47040,R,1444,R,48484,R,48720,R,1506,R,50226,R,50400,R,1530,R,51930,R,52080,R,1602,R,53682,.,.,R,1000,R,1000,R,1000,R,1000,R,13666,R,14108,R,14658,R,15470,R,3124,R,3126,R,3318,R,3560,R,16926,R,17448,R,18238,R,19190,R,3124,R,3126,R,3318,R,3560,R,3124,R,3126,R,3318,R,3560
2020,137351,R,4559,R,1851,R,214,R,4559,R,1851,R,214,R,15473,R,1851,R,577,R,8350,R,2078,R,435,R,8350,R,2078,R,435,R,19048,R,2078,R,880,Y,.,Y,.,Y,.,Y,.,Y,.,Y,.,Y,.,Y,.,R,29175,R,4551,R,49355,R,5561,Y,.,Y,.,Y,.,Y,.,Y,.,Y,.,Y,.,Y,.,R,16610,R,3295,R,34355,R,4182,Y,.,Y,.,Y,.,Y,.,Y,.,Y,.,Y,.,Y,.,Y,.,Y,.,Y,.,Y,.,R,4559,R,1851,R,6410,R,4559,R,1851,R,6410,R,4559,R,1851,R,6410,R,4559,R,1851,R,6410,.,.,R,4559,R,1851,R,6410,R,4559,R,1851,R,6410,R,4559,R,1851,R,6410,R,4559,R,1851,R,6410,.,.,R,15473,R,1851,R,17324,R,15473,R,1851,R,17324,R,15473,R,1851,R,17324,R,15473,R,1851,R,17324,.,.,R,1200,R,1200,R,1100,R,1100,R,10808,R,11610,R,11836,R,12256,R,4100,R,4100,R,4100,R,4100,R,9700,R,9820,R,9920,R,10062,R,4100,R,4100,R,4100,R,4100,R,4100,R,4100,R,4100,R,4100
2020,139658,R,53070,R,798,R,2211,R,53070,R,798,R,2211,R,53070,R,798,R,2211,R,43800,R,876,R,2433,R,43800,R,876,R,2433,R,43800,R,876,R,2433,Y,.,Y,.,Y,.,Y,.,Y,.,Y,.,Y,.,Y,.,R,51000,R,1176,R,51000,R,1176,Y,.,Y,.,Y,.,Y,.,Y,.,Y,.,Y,.,Y,.,Y,.,Y,.,Y,.,Y,.,Y,.,Y,.,Y,.,Y,.,Y,.,Y,.,Y,.,Y,.,R,59950,R,676,R,59950,R,676,R,48690,R,702,R,49392,R,50590,R,716,R,51306,R,53070,R,734,R,53804,R,53070,R,798,R,53868,.,.,R,48690,R,702,R,49392,R,50590,R,716,R,51306,R,53070,R,734,R,53804,R,53070,R,798,R,53868,.,.,R,48690,R,702,R,49392,R,50590,R,716,R,51306,R,53070,R,734,R,53804,R,53070,R,798,R,53868,.,.,R,1224,R,1224,R,1224,R,1224,R,13894,R,14506,R,14972,R,15242,R,2440,R,2466,R,2604,R,2550,R,13894,R,14506,R,14972,R,15242,R,2440,R,2466,R,2604,R,2550,R,2440,R,2466,R,2604,R,2550
2020,139755,R,10258,R,2594,R,342,R,10258,R,2594,R,342,R,31370,R,2594,R,684,R,14064,R,2194,R,586,R,14064,R,2194,R,586,R,29140,R,2194,R,1215,A,.,A,.,A,.,A,.,A,.,A,.,A,.,A,.,A,.,A,.,A,.,A,.,A,.,A,.,A,.,A,.,A,.,A,.,A,.,A,.,A,.,A,.,A,.,A,.,A,.,A,.,A,.,A,.,A,.,A,.,A,.,A,.,A,.,A,.,A,.,A,.,R,10008,R,2410,R,12418,R,10008,R,2416,R,12424,R,10258,R,2424,R,12682,R,10258,R,2594,R,12852,.,.,R,10008,R,2410,R,12418,R,10008,R,2416,R,12424,R,10258,R,2424,R,12682,R,10258,R,2594,R,12852,.,.,R,30604,R,2410,R,33014,R,30604,R,2416,R,33020,R,31370,R,2424,R,33794,R,31370,R,2594,R,33964,.,.,R,800,R,800,R,800,R,800,R,11492,R,11492,R,12090,R,12090,R,4060,R,4060,R,4060,R,4060,R,14126,R,14126,R,14830,R,14986,R,4060,R,4060,R,4060,R,4060,R,4060,R,4060,R,4060,R,4060
2020,139959,R,9790,R,2290,R,2909,R,9790,R,2290,R,2909,R,28830,R,2290,R,8555,R,8878,R,2290,R,370,R,8878,R,2290,R,370,R,25186,R,2290,R,1050,Y,.,Y,.,Y,.,Y,.,Y,.,Y,.,Y,.,Y,.,Y,.,Y,.,Y,.,Y,.,Y,.,Y,.,Y,.,Y,.,Y,.,Y,.,Y,.,Y,.,R,16636,R,2290,R,37344,R,2290,Y,.,Y,.,Y,.,Y,.,R,17514,R,2290,R,47176,R,2290,R,17604,R,2290,R,36362,R,2290,R,9552,R,2266,R,11818,R,9552,R,2278,R,11830,R,9790,R,2290,R,12080,R,9790,R,2290,R,12080,.,.,R,9552,R,2266,R,11818,R,9552,R,2278,R,11830,R,9790,R,2290,R,12080,R,9790,R,2290,R,12080,.,.,R,28126,R,2266,R,30392,R,28126,R,2278,R,30404,R,28830,R,2290,R,31120,R,28830,R,2290,R,31120,.,.,R,986,R,986,R,990,R,1052,R,10060,R,10038,R,10314,R,10328,R,3540,R,3834,R,4066,R,4198,R,7956,R,7936,R,8392,R,8376,R,4080,R,4374,R,4650,R,4828,R,4080,R,4374,R,4650,R,4828
2020,144050,R,57642,R,1656,R,1921,R,57642,R,1656,R,1921,R,57642,R,1656,R,1921,R,60300,R,1248,R,2010,R,60300,R,1248,R,2010,R,60300,R,1248,R,2010,Y,.,Y,.,Y,.,Y,.,Y,.,Y,.,Y,.,Y,.,R,75400,R,1664,R,75400,R,1664,Y,.,Y,.,Y,.,Y,.,Y,.,Y,.,Y,.,Y,.,Y,.,Y,.,Y,.,Y,.,Y,.,Y,.,Y,.,Y,.,Y,.,Y,.,Y,.,Y,.,R,68652,R,1248,R,68652,R,1248,R,53292,R,2742,R,56034,R,55425,R,2805,R,58230,R,57642,R,2910,R,60552,R,57642,R,2910,R,60552,.,.,R,53292,R,2742,R,56034,R,55425,R,2805,R,58230,R,57642,R,2910,R,60552,R,57642,R,2910,R,60552,.,.,R,53292,R,2742,R,56034,R,55425,R,2805,R,58230,R,57642,R,2910,R,60552,R,57642,R,2910,R,60552,.,.,R,1800,R,1800,R,1800,R,1800,R,15726,R,16350,R,17004,R,17004,R,2175,R,2175,R,2175,R,2175,A,.,A,.,A,.,A,.,A,.,A,.,A,.,A,.,A,.,A,.,A,.,A,.
2020,145600,R,12105,R,3322,R,456,R,12105,R,3322,R,456,R,26726,R,3322,R,804,R,13799,R,3322,R,692,R,13799,R,3322,R,692,R,23714,R,3322,R,993,Y,.,Y,.,Y,.,Y,.,R,35636,R,11474,R,64126,R,11474,R,30240,R,3363,R,52358,R,3363,Y,.,Y,.,Y,.,Y,.,Y,.,Y,.,Y,.,Y,.,R,25044,R,3322,R,25044,R,3322,Y,.,Y,.,Y,.,Y,.,Y,.,Y,.,Y,.,Y,.,R,36000,R,3322,R,45000,R,3322,R,10584,R,3120,R,13704,R,10584,R,3180,R,13764,R,10584,R,3290,R,13874,R,10776,R,3322,R,14098,0,.,R,10584,R,3120,R,13704,R,10584,R,3180,R,13764,R,10584,R,3290,R,13874,R,10776,R,3322,R,14098,0,.,R,23440,R,3120,R,26560,R,23800,R,3180,R,26980,R,24276,R,3290,R,27566,R,25126,R,3322,R,28448,0,.,R,1400,R,1400,R,1400,R,1400,R,11930,R,12074,R,12479,R,12000,R,3628,R,3628,R,3628,R,3470,R,10900,R,10900,R,12479,R,12000,R,3628,R,3628,R,3628,R,5570,R,5128,R,5128,R,5128,R,3000
2020,145637,R,14317,R,2896,R,605,R,14317,R,2896,R,605,R,33824,R,2896,R,1079,R,15016,R,2896,R,525,R,15016,R,2896,R,525,R,27187,R,2896,R,680,Y,.,Y,.,Y,.,Y,.,Y,.,Y,.,Y,.,Y,.,R,36456,R,2896,R,46006,R,2896,Y,.,Y,.,Y,.,Y,.,Y,.,Y,.,Y,.,Y,.,Y,.,Y,.,Y,.,Y,.,Y,.,Y,.,Y,.,Y,.,R,28694,R,3096,R,51398,R,3096,R,35000,R,2981,R,45000,R,2981,R,12036,R,3038,R,15074,R,12036,R,3058,R,15094,R,12036,R,3086,R,15122,R,12254,R,2896,R,15150,0,.,R,12036,R,3038,R,15074,R,12036,R,3058,R,15094,R,12036,R,3086,R,15122,R,12254,R,2896,R,15150,0,.,R,28156,R,3038,R,31194,R,28606,R,3058,R,31664,R,29178,R,3086,R,32264,R,29704,R,2896,R,32600,0,.,R,1200,R,1200,R,1200,R,1200,R,11308,R,11308,R,11480,R,12252,R,2500,R,2500,R,2500,R,2500,A,.,A,.,A,.,A,.,A,.,A,.,A,.,A,.,A,.,A,.,A,.,A,.
2020,147767,R,58227,R,474,R,6901,R,58227,R,474,R,6901,R,58227,R,474,R,6901,R,56067,R,500,R,6649,R,56067,R,500,R,6649,R,56067,R,500,R,6649,Y,.,Y,.,Y,.,Y,.,Y,.,Y,.,Y,.,Y,.,R,64262,R,828,R,64262,R,828,Y,.,Y,.,Y,.,Y,.,Y,.,Y,.,Y,.,Y,.,Y,.,Y,.,Y,.,Y,.,Y,.,Y,.,Y,.,Y,.,Y,.,Y,.,Y,.,Y,.,R,68500,R,300,R,68500,R,300,R,52239,R,439,R,52678,R,54120,R,447,R,54567,R,56232,R,459,R,56691,R,58227,R,474,R,58701,.,.,R,52239,R,439,R,52678,R,54120,R,447,R,54567,R,56232,R,459,R,56691,R,58227,R,474,R,58701,.,.,R,52239,R,439,R,52678,R,54120,R,447,R,54567,R,56232,R,459,R,56691,R,58227,R,474,R,58701,.,.,R,1660,R,1605,R,1638,R,1662,R,16047,R,16626,R,17019,R,17616,R,2595,R,1850,R,3306,R,3304,R,16047,R,16626,R,17019,R,17616,R,2595,R,1850,R,3306,R,3304,R,3399,R,3399,R,3075,R,3076
2020,151351,R,9815,R,1406,R,307,R,9815,R,1406,R,307,R,36194,R,1406,R,1131,R,9786,R,1406,R,408,R,9786,R,1406,R,408,R,31932,R,1406,R,1331,Y,.,Y,.,Y,.,Y,.,Y,.,Y,.,Y,.,Y,.,Y,.,Y,.,Y,.,Y,.,R,29378,R,1406,R,41914,R,1406,Y,.,Y,.,Y,.,Y,.,Y,.,Y,.,Y,.,Y,.,Y,.,Y,.,Y,.,Y,.,Y,.,Y,.,Y,.,Y,.,R,35275,R,1406,R,55500,R,1406,R,9210,R,1323,R,10533,R,9342,R,1339,R,10681,R,9575,R,1372,R,10947,R,9815,R,1406,R,11221,.,.,R,9210,R,1323,R,10533,R,9342,R,1339,R,10681,R,9575,R,1372,R,10947,R,9815,R,1406,R,11221,.,.,R,33522,R,1323,R,34845,R,34117,R,1339,R,35456,R,35140,R,1372,R,36512,R,36194,R,1406,R,37600,.,.,R,1034,R,930,R,1110,R,930,R,10258,R,10466,R,10830,R,11206,R,2602,R,2702,R,2770,R,2830,R,10258,R,10466,R,10830,R,11206,R,2602,R,2702,R,2770,R,2830,R,4096,R,4318,R,4250,R,4190
2020,152080,R,57192,R,507,R,2383,R,57192,R,507,R,2383,R,57192,R,507,R,2383,R,57050,R,472,R,3169,R,57050,R,472,R,3169,R,57050,R,472,R,3169,Y,.,Y,.,Y,.,Y,.,Y,.,Y,.,Y,.,Y,.,Y,.,Y,.,Y,.,Y,.,Y,.,Y,.,Y,.,Y,.,Y,.,Y,.,Y,.,Y,.,Y,.,Y,.,Y,.,Y,.,Y,.,Y,.,Y,.,Y,.,Y,.,Y,.,Y,.,Y,.,R,62590,R,490,R,62590,R,490,R,50998,R,507,R,51505,R,52884,R,507,R,53391,R,55046,R,507,R,55553,R,57192,R,507,R,57699,.,.,R,50998,R,507,R,51505,R,52884,R,507,R,53391,R,55046,R,507,R,55553,R,57192,R,507,R,57699,.,.,R,50998,R,507,R,51505,R,52884,R,507,R,53391,R,55046,R,507,R,55553,R,57192,R,507,R,57699,.,.,R,1050,R,1050,R,1050,R,1250,R,14890,R,15410,R,15640,R,15984,R,1950,R,1950,R,1950,R,1950,R,14890,R,15410,R,15640,R,15984,R,1950,R,1950,R,1950,R,1950,R,1950,R,1950,R,1950,R,1950
2020,160755,R,54766,R,4086,R,2282,R,54766,R,4086,R,2282,R,54766,R,4086,R,2282,R,59090,R,2086,R,3167,R,59090,R,2086,R,3167,R,59090,R,2086,R,3167,Y,.,Y,.,Y,.,Y,.,Y,.,Y,.,Y,.,Y,.,R,63154,R,4020,R,63154,R,4020,Y,.,Y,.,Y,.,Y,.,Y,.,Y,.,Y,.,Y,.,Y,.,Y,.,Y,.,Y,.,Y,.,Y,.,Y,.,Y,.,Y,.,Y,.,Y,.,Y,.,R,56374,R,4346,R,56374,R,4346,R,48920,R,4040,R,52960,R,50780,R,4040,R,54820,R,52760,R,4040,R,56800,R,54766,R,4086,R,58852,.,.,R,48920,R,4040,R,52960,R,50780,R,4040,R,54820,R,52760,R,4040,R,56800,R,54766,R,4086,R,58852,.,.,R,48920,R,4040,R,52960,R,50780,R,4040,R,54820,R,52760,R,4040,R,56800,R,54766,R,4086,R,58852,.,.,R,1200,R,1200,R,1200,R,1200,R,14536,R,15190,R,15774,R,16248,R,2068,R,2086,R,2110,R,2380,R,14536,R,15190,R,15774,R,16248,R,2068,R,2086,R,2110,R,2380,R,5004,R,5298,R,5418,R,5764
2020,162928,R,54160,R,0,R,1900,R,54160,Z,0,R,1900,R,54160,Z,0,R,1900,R,57010,R,2415,R,1900,R,57010,R,2415,R,1900,R,57010,R,2415,R,1900,Y,.,Y,.,Y,.,Y,.,Y,.,Y,.,Y,.,Y,.,R,56500,R,4957,R,56500,R,4957,Y,.,Y,.,Y,.,Y,.,Y,.,Y,.,Y,.,Y,.,Y,.,Y,.,Y,.,Y,.,Y,.,Y,.,Y,.,Y,.,Y,.,Y,.,Y,.,Y,.,Y,.,Y,.,Y,.,Y,.,R,52170,R,0,R,52170,R,53740,R,0,R,53740,R,55350,R,0,R,55350,R,54160,R,0,R,54160,.,.,R,52170,R,0,R,52170,R,53740,R,0,R,53740,R,55350,R,0,R,55350,R,54160,R,0,R,54160,.,.,R,52170,R,0,R,52170,R,53740,R,0,R,53740,R,55350,R,0,R,55350,R,54160,R,0,R,54160,.,.,R,1230,R,1240,R,1250,R,1260,R,15410,R,15836,R,16310,R,11095,R,1053,R,1085,R,1118,R,1152,R,10552,R,11650,R,12235,R,12820,R,1053,R,1085,R,1118,R,1152,R,1053,R,1085,R,1118,R,1152
2020,163286,R,8824,R,1955,R,367,R,8824,R,1955,R,367,R,34936,R,1955,R,1456,R,13158,R,1635,R,731,R,13158,R,1635,R,731,R,29250,R,1635,R,1625,Y,.,Y,.,Y,.,Y,.,Y,.,Y,.,Y,.,Y,.,Y,.,Y,.,Y,.,Y,.,Y,.,Y,.,Y,.,Y,.,Y,.,Y,.,Y,.,Y,.,Y,.,Y,.,Y,.,Y,.,Y,.,Y,.,Y,.,Y,.,R,21906,R,3529,R,50435,R,4133,Y,.,Y,.,Y,.,Y,.,R,8481,R,1918,R,10399,R,8651,R,1944,R,10595,R,8824,R,1955,R,10779,R,8824,R,1955,R,10779,.,.,R,8481,R,1918,R,10399,R,8651,R,1944,R,10595,R,8824,R,1955,R,10779,R,8824,R,1955,R,10779,.,.,R,31688,R,1918,R,33606,R,33272,R,1944,R,35216,R,34936,R,1955,R,36891,R,34936,R,1955,R,36891,.,.,R,1250,R,1250,R,1250,R,1250,R,12402,R,12809,R,13315,R,13256,R,2440,R,2492,R,2522,R,2522,R,14048,R,14314,R,14434,R,14434,R,4066,R,4172,R,4202,R,4202,R,4066,R,4172,R,4202,R,4202
2020,164924,R,59050,R,1152,R,534,R,59050,R,1152,R,534,R,59050,R,1152,R,534,R,31824,R,106,R,1768,R,31824,R,106,R,1768,R,31824,R,106,R,1768,Y,.,Y,.,Y,.,Y,.,Y,.,Y,.,Y,.,Y,.,Y,.,Y,.,Y,.,Y,.,Y,.,Y,.,Y,.,Y,.,Y,.,Y,.,Y,.,Y,.,Y,.,Y,.,Y,.,Y,.,Y,.,Y,.,Y,.,Y,.,Y,.,Y,.,Y,.,Y,.,R,59220,R,210,R,59220,R,210,R,52500,R,846,R,53346,R,54600,R,864,R,55464,R,56780,R,1130,R,57910,R,59050,R,1152,R,60202,.,.,R,52500,R,846,R,53346,R,54600,R,864,R,55464,R,56780,R,1130,R,57910,R,59050,R,1152,R,60202,.,.,R,52500,R,846,R,53346,R,54600,R,864,R,55464,R,56780,R,1130,R,57910,R,59050,R,1152,R,60202,.,.,R,1250,R,1250,R,1250,R,1250,R,14142,R,14478,R,14826,R,15220,R,1850,R,1900,R,1900,R,1900,R,10650,R,11100,R,11550,R,11550,R,1850,R,1900,R,1900,R,1900,R,3350,R,3400,R,3400,R,3400
2020,164988,R,56854,R,1218,R,1777,R,56854,R,1218,R,1777,R,56854,R,1218,R,1777,R,56854,R,812,R,1777,R,56854,R,812,R,1777,R,56854,R,812,R,1777,Y,.,Y,.,Y,.,Y,.,R,82500,Z,0,R,82500,Z,0,R,64884,Z,0,R,64884,Z,0,Y,.,Y,.,Y,.,Y,.,Y,.,Y,.,Y,.,Y,.,Y,.,Y,.,Y,.,Y,.,Y,.,Y,.,Y,.,Y,.,Y,.,Y,.,Y,.,Y,.,R,57650,Z,0,R,57650,Z,0,R,50980,R,1102,R,52082,R,52816,R,1132,R,53948,R,54720,R,1172,R,55892,R,56854,R,1218,R,58072,.,.,R,50980,R,1102,R,52082,R,52816,R,1132,R,53948,R,54720,R,1172,R,55892,R,56854,R,1218,R,58072,.,.,R,50980,R,1102,R,52082,R,52816,R,1132,R,53948,R,54720,R,1172,R,55892,R,56854,R,1218,R,58072,.,.,R,1000,R,1000,R,1000,R,1000,R,15270,R,15720,R,16160,R,16640,R,1950,R,1950,R,1950,R,1950,R,15270,R,15720,R,16160,R,16640,R,1950,R,1950,R,1950,R,1950,R,3800,R,3800,R,3800,R,3900
2020,165015,R,55340,R,1890,R,1729,R,55340,R,1890,R,1729,R,55340,R,1890,R,1729,R,51940,R,120,R,1623,R,51940,R,120,R,1623,R,51940,R,120,R,1623,A,.,A,.,A,.,A,.,A,.,A,.,A,.,A,.,A,.,A,.,A,.,A,.,A,.,A,.,A,.,A,.,A,.,A,.,A,.,A,.,A,.,A,.,A,.,A,.,A,.,A,.,A,.,A,.,A,.,A,.,A,.,A,.,A,.,A,.,A,.,A,.,R,51460,R,2077,R,53537,R,53260,R,2135,R,55395,R,55340,R,2221,R,57561,R,55340,R,2275,R,57615,.,.,R,51460,R,2077,R,53537,R,53260,R,2135,R,55395,R,55340,R,2221,R,57561,R,55340,R,2275,R,57615,.,.,R,51460,R,2077,R,53537,R,53260,R,2135,R,55395,R,55340,R,2221,R,57561,R,55340,R,2275,R,57615,.,.,R,1000,R,1000,R,1000,R,1000,R,14906,R,15440,R,16080,R,16080,R,1500,R,1500,R,1500,R,1500,R,11594,R,12000,R,12500,R,12500,R,1500,R,1500,R,1500,R,1500,R,3360,R,3370,R,3380,R,3300
2020,166027,R,49653,R,4315,R,1552,R,49653,R,4315,R,1552,R,49653,R,4315,R,1552,R,49448,R,1206,R,1545,R,49448,R,1206,R,1545,R,49448,R,1206,R,1545,Y,.,Y,.,Y,.,Y,.,R,64985,R,1776,R,64985,R,1776,R,64984,R,1803,R,64984,R,1803,Y,.,Y,.,Y,.,Y,.,Y,.,Y,.,Y,.,Y,.,Y,.,Y,.,Y,.,Y,.,Y,.,Y,.,Y,.,Y,.,Y,.,Y,.,Y,.,Y,.,R,65875,R,1206,R,65875,R,1206,R,44990,R,3959,R,48949,R,46340,R,4080,R,50420,R,47730,R,4195,R,51925,R,49653,R,4349,R,54002,.,.,R,44990,R,3959,R,48949,R,46340,R,4080,R,50420,R,47730,R,4195,R,51925,R,49653,R,4349,R,54002,.,.,R,44990,R,3959,R,48949,R,46340,R,4080,R,50420,R,47730,R,4195,R,51925,R,49653,R,4349,R,54002,.,.,R,1000,R,1000,R,800,R,900,R,16660,R,17160,R,17682,R,18389,R,4526,R,4905,R,5507,R,2600,A,.,A,.,A,.,A,.,A,.,A,.,A,.,A,.,A,.,A,.,A,.,A,.
2020,166629,R,15791,R,648,R,658,R,15791,R,648,R,658,R,35779,R,648,R,1491,R,14014,R,2221,R,779,R,14014,R,2221,R,779,R,30120,R,2221,R,1673,A,.,A,.,A,.,A,.,A,.,A,.,A,.,A,.,A,.,A,.,A,.,A,.,A,.,A,.,A,.,A,.,A,.,A,.,A,.,A,.,A,.,A,.,A,.,A,.,A,.,A,.,A,.,A,.,A,.,A,.,A,.,A,.,A,.,A,.,A,.,A,.,R,15030,R,381,R,15411,R,15406,R,481,R,15887,R,15791,R,598,R,16389,R,15791,R,648,R,16439,.,.,R,15030,R,381,R,15411,R,15406,R,481,R,15887,R,15791,R,598,R,16389,R,15791,R,648,R,16439,.,.,R,33096,R,381,R,33477,R,34089,R,481,R,34570,R,35112,R,598,R,35710,R,35779,R,648,R,36427,.,.,R,1000,R,1000,R,1000,R,1000,R,12258,R,12626,R,13004,R,13329,R,1400,R,1400,R,1400,R,1400,R,12258,R,12626,R,13004,R,13329,R,1400,R,1400,R,1400,R,1400,R,3400,R,3400,R,3400,R,3400
2020,166683,R,53450,R,0,R,860,R,53450,Z,0,R,860,R,53450,Z,0,R,860,R,53450,R,3269,R,860,R,53450,R,3269,R,860,R,53450,R,3269,R,860,A,.,A,.,A,.,A,.,A,.,A,.,A,.,A,.,A,.,A,.,A,.,A,.,A,.,A,.,A,.,A,.,A,.,A,.,A,.,A,.,A,.,A,.,A,.,A,.,A,.,A,.,A,.,A,.,A,.,A,.,A,.,A,.,A,.,A,.,A,.,A,.,R,49580,R,312,R,49892,R,51520,R,312,R,51832,R,53450,R,340,R,53790,R,53450,R,0,R,53450,.,.,R,49580,R,312,R,49892,R,51520,R,312,R,51832,R,53450,R,340,R,53790,R,53450,R,0,R,53450,.,.,R,49580,R,312,R,49892,R,51520,R,312,R,51832,R,53450,R,340,R,53790,R,53450,R,0,R,53450,.,.,R,1000,R,800,R,820,R,830,R,14720,R,15510,R,16390,R,16000,R,1818,R,2098,R,2160,R,2182,A,.,R,15510,R,16390,R,8000,A,.,R,2098,R,2160,R,2182,R,1818,R,2098,R,2160,R,2182
2020,167358,R,54360,R,1092,R,1638,R,54360,R,1092,R,1638,R,54360,R,1092,R,1638,R,25264,R,294,R,1579,R,25264,R,294,R,1579,R,25264,R,294,R,1579,Y,.,Y,.,Y,.,Y,.,Y,.,Y,.,Y,.,Y,.,Y,.,Y,.,Y,.,Y,.,Y,.,Y,.,Y,.,Y,.,Y,.,Y,.,Y,.,Y,.,R,54360,R,1092,R,54360,R,1092,Y,.,Y,.,Y,.,Y,.,Y,.,Y,.,Y,.,Y,.,R,54750,R,152,R,54750,R,152,R,48560,R,937,R,49497,R,50450,R,1072,R,51522,R,52420,R,1086,R,53506,R,54360,R,1092,R,55452,.,.,R,48560,R,937,R,49497,R,50450,R,1072,R,51522,R,52420,R,1086,R,53506,R,54360,R,1092,R,55452,.,.,R,48560,R,937,R,49497,R,50450,R,1072,R,51522,R,52420,R,1086,R,53506,R,54360,R,1092,R,55452,.,.,R,1000,R,1000,R,1000,R,1000,R,15660,R,16270,R,16930,R,17480,R,1800,R,1800,R,1800,R,1800,R,15660,R,16270,R,16930,R,17480,R,1800,R,1800,R,1800,R,1800,R,1800,R,1800,R,1800,R,1800
2020,168148,R,59560,R,1302,R,1985,R,59560,R,1302,R,1985,R,59560,R,1302,R,1985,R,54196,R,972,R,1799,R,54196,R,972,R,1799,R,54196,R,972,R,1799,Y,.,Y,.,Y,.,Y,.,R,82368,R,11905,R,82368,R,11905,R,65052,R,802,R,65052,R,802,Y,.,Y,.,Y,.,Y,.,Y,.,Y,.,Y,.,Y,.,Y,.,Y,.,Y,.,Y,.,Y,.,Y,.,Y,.,Y,.,R,60694,R,450,R,60694,R,450,Y,.,Y,.,Y,.,Y,.,R,53152,R,1166,R,54318,R,55172,R,1210,R,56382,R,57324,R,1254,R,58578,R,59560,R,1302,R,60862,.,.,R,53152,R,1166,R,54318,R,55172,R,1210,R,56382,R,57324,R,1254,R,58578,R,59560,R,1302,R,60862,.,.,R,53152,R,1166,R,54318,R,55172,R,1210,R,56382,R,57324,R,1254,R,58578,R,59560,R,1302,R,60862,.,.,R,800,R,1000,R,1000,R,1000,R,14054,R,14560,R,15086,R,15630,R,1428,R,1558,R,1536,R,1508,R,14054,R,14560,R,15086,R,15630,R,1428,R,1558,R,1536,R,1508,R,7382,R,7718,R,7922,R,8138
2020,168421,R,53100,R,1116,R,1475,R,53100,R,1116,R,1475,R,53100,R,1116,R,1475,R,28980,R,60,R,1610,R,28980,R,60,R,1610,R,28980,R,60,R,1610,A,.,A,.,A,.,A,.,A,.,A,.,A,.,A,.,A,.,A,.,A,.,A,.,A,.,A,.,A,.,A,.,A,.,A,.,A,.,A,.,A,.,A,.,A,.,A,.,A,.,A,.,A,.,A,.,A,.,A,.,A,.,A,.,A,.,A,.,A,.,A,.,R,47988,R,640,R,48628,R,49860,R,670,R,50530,R,51604,R,716,R,52320,R,53100,R,1316,R,54416,.,.,R,47988,R,640,R,48628,R,49860,R,670,R,50530,R,51604,R,716,R,52320,R,53100,R,1316,R,54416,.,.,R,47988,R,640,R,48628,R,49860,R,670,R,50530,R,51604,R,716,R,52320,R,53100,R,1316,R,54416,.,.,R,1000,R,1000,R,1000,R,1200,R,14218,R,14774,R,15302,R,15680,R,1200,R,1200,R,1200,R,1000,R,13736,R,14218,R,14774,R,15680,R,1200,R,1200,R,1200,R,1000,R,2700,R,2700,R,2700,R,2500
2020,170976,R,16520,R,428,R,656,R,16520,R,428,R,656,R,53669,R,428,R,2204,R,24344,R,428,R,1309,R,24344,R,428,R,1309,R,49120,R,428,R,2686,Y,.,Y,.,Y,.,Y,.,R,49269,R,643,R,67527,R,643,R,41790,R,643,R,60240,R,643,Y,.,Y,.,Y,.,Y,.,Y,.,Y,.,Y,.,Y,.,R,32498,R,428,R,38242,R,428,Y,.,Y,.,Y,.,Y,.,Y,.,Y,.,Y,.,Y,.,R,63680,R,428,R,66680,R,428,R,14498,R,328,R,14826,R,14934,R,328,R,15262,R,15230,R,328,R,15558,R,15520,R,428,R,15948,.,.,R,14498,R,328,R,14826,R,14934,R,328,R,15262,R,15230,R,328,R,15558,R,15520,R,428,R,15948,.,.,R,47148,R,328,R,47476,R,49022,R,328,R,49350,R,50872,R,328,R,51200,R,51838,R,428,R,52266,.,.,R,1048,R,1048,R,1048,R,1048,R,11198,R,11534,R,11996,R,12034,R,2454,R,2454,R,2454,R,2454,R,11198,R,11534,R,11996,R,12034,R,2454,R,2454,R,2454,R,2454,R,7268,R,7412,R,7612,R,7710
2020,171100,R,15555,R,0,R,519,R,15555,R,0,R,519,R,40384,R,0,R,1346,R,18858,R,0,R,786,R,18858,R,0,R,786,R,37056,R,0,R,1544,Y,.,Y,.,Y,.,Y,.,Y,.,Y,.,Y,.,Y,.,R,31312,Z,0,R,58066,Z,0,Y,.,Y,.,Y,.,Y,.,R,31312,Z,0,R,58066,Z,0,Y,.,Y,.,Y,.,Y,.,Y,.,Y,.,Y,.,Y,.,R,31628,Z,0,R,56470,Z,0,R,41040,Z,0,R,45600,Z,0,R,14460,R,0,R,14460,R,14460,R,0,R,14460,R,14460,R,0,R,14460,R,14460,R,0,R,14460,.,.,R,14460,R,0,R,14460,R,14460,R,0,R,14460,R,14460,R,0,R,14460,R,14460,R,0,R,14460,.,.,R,39406,R,0,R,39406,R,39766,R,0,R,39766,R,39766,R,0,R,39766,R,39766,R,0,R,39766,.,.,R,1084,R,1108,R,1108,R,1154,R,10026,R,10322,R,10522,R,10522,R,2908,R,2972,R,3040,R,3094,R,10026,R,10322,R,10522,R,10522,R,2908,R,2972,R,3040,R,3094,R,2908,R,2972,R,3040,R,3094
2020,174066,R,13318,R,1709,R,512,R,13318,R,1709,R,512,R,31616,R,1709,R,1216,R,17580,R,1641,R,1465,R,17580,R,1641,R,1465,R,27204,R,1641,R,2267,Y,.,Y,.,Y,.,Y,.,R,50536,R,7729,R,93269,R,7729,R,40191,R,2074,R,57678,R,2074,Y,.,Y,.,Y,.,Y,.,Y,.,Y,.,Y,.,Y,.,R,27864,R,2054,R,40800,R,2054,Y,.,Y,.,Y,.,Y,.,R,29952,R,2204,R,55656,R,2204,R,43704,R,2104,R,52560,R,2104,R,12800,R,1617,R,14417,R,13058,R,1702,R,14760,R,13318,R,1709,R,15027,R,13318,R,1709,R,15027,.,.,R,12800,R,1617,R,14417,R,13058,R,1702,R,14760,R,13318,R,1709,R,15027,R,13318,R,1709,R,15027,.,.,R,24986,R,1617,R,26603,R,28736,R,1702,R,30438,R,31616,R,1709,R,33325,R,31616,R,1709,R,33325,.,.,R,1000,R,1000,R,1000,R,1000,R,9852,R,9910,R,10358,R,10358,R,2200,R,2228,R,2434,R,2442,R,9852,R,9910,R,10358,R,10358,R,2200,R,2228,R,2434,R,2442,R,2200,R,2228,R,2434,R,2442
2020,179867,R,56300,R,593,R,2346,R,56300,R,593,R,2346,R,56300,R,593,R,2346,R,56300,R,262,R,2346,R,56300,R,262,R,2346,R,56300,R,262,R,2346,Y,.,Y,.,Y,.,Y,.,Y,.,Y,.,Y,.,Y,.,R,64231,R,1500,R,64231,R,1500,Y,.,Y,.,Y,.,Y,.,Y,.,Y,.,Y,.,Y,.,Y,.,Y,.,Y,.,Y,.,Y,.,Y,.,Y,.,Y,.,Y,.,Y,.,Y,.,Y,.,R,60900,R,262,R,60900,R,262,R,50650,R,883,R,51533,R,52400,R,999,R,53399,R,54250,R,1042,R,55292,R,56300,R,1086,R,57386,.,.,R,50650,R,883,R,51533,R,52400,R,999,R,53399,R,54250,R,1042,R,55292,R,56300,R,1086,R,57386,.,.,R,50650,R,883,R,51533,R,52400,R,999,R,53399,R,54250,R,1042,R,55292,R,56300,R,1086,R,57386,.,.,R,992,R,1010,R,1126,R,1144,R,16006,R,16440,R,16900,R,17402,R,3444,R,3512,R,3592,R,3654,R,16006,R,16440,R,16900,R,17402,R,3444,R,3512,R,3592,R,3654,R,4806,R,4900,R,5012,R,5098
2020,182670,R,57796,R,1662,R,7706,R,57796,R,1662,R,7706,R,57796,R,1662,R,7706,R,57796,R,324,R,7706,R,57796,R,324,R,7706,R,57796,R,324,R,7706,Y,.,Y,.,Y,.,Y,.,Y,.,Y,.,Y,.,Y,.,R,67532,R,2935,R,67532,R,2935,Y,.,Y,.,Y,.,Y,.,Y,.,Y,.,Y,.,Y,.,Y,.,Y,.,Y,.,Y,.,Y,.,Y,.,Y,.,Y,.,Y,.,Y,.,Y,.,Y,.,Y,.,Y,.,Y,.,Y,.,R,51468,R,1900,R,53368,R,53496,R,1957,R,55453,R,55605,R,2033,R,57638,R,57796,R,2321,R,60117,.,.,R,51468,R,1900,R,53368,R,53496,R,1957,R,55453,R,55605,R,2033,R,57638,R,57796,R,2321,R,60117,.,.,R,51468,R,1900,R,53368,R,53496,R,1957,R,55453,R,55605,R,2033,R,57638,R,57796,R,2321,R,60117,.,.,R,1260,R,1110,R,1100,R,1005,R,15159,R,15756,R,16374,R,17022,R,2040,R,2040,R,2040,R,2040,A,.,A,.,A,.,A,.,A,.,A,.,A,.,A,.,A,.,A,.,A,.,A,.
2020,185828,R,14448,R,3226,R,549,R,14448,R,3226,R,549,R,30160,R,3226,R,1289,R,20624,R,3204,R,1122,R,20624,R,3204,R,1122,R,30540,R,3204,R,1613,A,.,A,.,A,.,A,.,A,.,A,.,A,.,A,.,A,.,A,.,A,.,A,.,A,.,A,.,A,.,A,.,A,.,A,.,A,.,A,.,A,.,A,.,A,.,A,.,A,.,A,.,A,.,A,.,A,.,A,.,A,.,A,.,A,.,A,.,A,.,A,.,R,13906,R,2992,R,16898,R,14216,R,3164,R,17380,R,14448,R,3226,R,17674,R,14448,R,3226,R,17674,.,.,R,13906,R,2992,R,16898,R,14216,R,3164,R,17380,R,14448,R,3226,R,17674,R,14448,R,3226,R,17674,.,.,R,28926,R,2992,R,31918,R,29662,R,3164,R,32826,R,30160,R,3226,R,33386,R,30160,R,3226,R,33386,.,.,R,2600,R,2900,R,2900,R,2900,R,13300,R,13600,R,13900,R,13900,R,3700,R,3900,R,4100,R,4100,R,10400,R,13900,R,13900,R,12400,R,5900,R,6100,R,6300,R,6300,R,5900,R,6100,R,6300,R,6300
2020,186131,R,48502,R,0,R,1684,R,48502,Z,0,R,1684,R,48502,Z,0,R,1684,R,53890,R,2580,A,.,R,53890,R,2580,A,.,R,53890,R,2580,A,.,A,.,A,.,A,.,A,.,A,.,A,.,A,.,A,.,A,.,A,.,A,.,A,.,A,.,A,.,A,.,A,.,A,.,A,.,A,.,A,.,A,.,A,.,A,.,A,.,A,.,A,.,A,.,A,.,A,.,A,.,A,.,A,.,A,.,A,.,A,.,A,.,R,47140,R,0,R,47140,R,49450,R,890,R,50340,R,51870,R,930,R,52800,R,48502,R,0,R,48502,.,.,R,47140,R,0,R,47140,R,49450,R,890,R,50340,R,51870,R,930,R,52800,R,48502,R,0,R,48502,.,.,R,47140,R,0,R,47140,R,49450,R,890,R,50340,R,51870,R,930,R,52800,R,48502,R,0,R,48502,.,.,R,1050,R,1050,R,1050,R,1050,R,15610,R,16360,R,17150,R,15342,R,3150,R,3150,R,3150,R,3150,A,.,A,.,A,.,A,.,A,.,A,.,A,.,A,.,A,.,A,.,A,.,A,.
2020,186371,R,12230,R,2647,R,394,R,12230,R,2647,R,394,R,28466,R,2647,R,924,R,17736,R,2106,R,739,R,17736,R,2106,R,739,R,29232,R,2106,R,1218,Y,.,Y,.,Y,.,Y,.,Y,.,Y,.,Y,.,Y,.,Y,.,Y,.,Y,.,Y,.,Y,.,Y,.,Y,.,Y,.,Y,.,Y,.,Y,.,Y,.,Y,.,Y,.,Y,.,Y,.,Y,.,Y,.,Y,.,Y,.,Y,.,Y,.,Y,.,Y,.,R,25804,R,3068,R,39114,R,3068,R,11619,R,2882,R,14501,R,11886,R,2949,R,14835,R,12230,R,3034,R,15264,R,12230,R,2647,R,14877,.,.,R,11619,R,2882,R,14501,R,11886,R,2949,R,14835,R,12230,R,3034,R,15264,R,12230,R,2647,R,14877,.,.,R,27042,R,2882,R,29924,R,27664,R,2949,R,30613,R,28466,R,3034,R,31500,R,28466,R,2647,R,31113,.,.,R,1350,R,1350,R,1350,R,1350,R,12094,R,12336,R,12691,R,12691,R,3137,R,3413,R,3625,R,3574,R,18386,R,10572,R,16434,R,16706,R,3137,R,5785,R,6041,R,6641,R,3137,R,5785,R,6041,R,6641
2020,186380,R,12230,R,2773,R,394,R,12230,R,2773,R,394,R,29012,R,2773,R,942,R,17736,R,1988,R,739,R,17736,R,1988,R,739,R,30144,R,1988,R,1256,Y,.,Y,.,Y,.,Y,.,R,53164,R,13743,R,86137,R,13743,R,43345,R,2850,R,66882,R,2850,Y,.,Y,.,Y,.,Y,.,Y,.,Y,.,Y,.,Y,.,R,18961,R,2230,R,37311,R,2230,Y,.,Y,.,Y,.,Y,.,Y,.,Y,.,Y,.,Y,.,Y,.,Y,.,Y,.,Y,.,R,11619,R,3019,R,14638,R,11886,R,3088,R,14974,R,12230,R,3177,R,15407,R,12230,R,2773,R,15003,.,.,R,11619,R,3019,R,14638,R,11886,R,3088,R,14974,R,12230,R,3177,R,15407,R,12230,R,2773,R,15003,.,.,R,27560,R,3019,R,30579,R,28194,R,3088,R,31282,R,29012,R,3177,R,32189,R,29012,R,2773,R,31785,.,.,R,1350,R,1350,R,1350,R,1350,R,12452,R,12706,R,13075,R,13075,R,3137,R,3413,R,3625,R,3574,R,18386,R,10572,R,16434,R,16706,R,3137,R,5785,R,6041,R,6641,R,3137,R,5785,R,6041,R,6641
2020,186399,R,12230,R,2272,R,394,R,12230,R,2272,R,394,R,29012,R,2272,R,942,R,17736,R,1968,R,739,R,17736,R,1968,R,739,R,30144,R,1968,R,1256,Y,.,Y,.,Y,.,Y,.,Y,.,Y,.,Y,.,Y,.,Y,.,Y,.,Y,.,Y,.,Y,.,Y,.,Y,.,Y,.,Y,.,Y,.,Y,.,Y,.,Y,.,Y,.,Y,.,Y,.,Y,.,Y,.,Y,.,Y,.,Y,.,Y,.,Y,.,Y,.,R,25804,R,2843,R,39114,R,2843,R,11619,R,2466,R,14085,R,11886,R,2523,R,14409,R,12230,R,2596,R,14826,R,12230,R,2272,R,14502,.,.,R,11619,R,2466,R,14085,R,11886,R,2523,R,14409,R,12230,R,2596,R,14826,R,12230,R,2272,R,14502,.,.,R,27560,R,2466,R,30026,R,28194,R,2523,R,30717,R,29012,R,2596,R,31608,R,29012,R,2272,R,31284,.,.,R,1350,R,1350,R,1350,R,1350,R,13266,R,13536,R,13929,R,13929,R,3137,R,3413,R,3625,R,3574,R,18386,R,10572,R,16434,R,16706,R,3137,R,5785,R,6041,R,6641,R,3137,R,5785,R,6041,R,6641
2020,186867,R,53828,R,2124,R,1799,R,53828,R,2124,R,1799,R,53828,R,2124,R,1799,R,37414,R,1462,R,1686,R,37414,R,1462,R,1686,R,37414,R,1462,R,1686,A,.,A,.,A,.,A,.,A,.,A,.,A,.,A,.,A,.,A,.,A,.,A,.,A,.,A,.,A,.,A,.,A,.,A,.,A,.,A,.,A,.,A,.,A,.,A,.,A,.,A,.,A,.,A,.,A,.,A,.,A,.,A,.,A,.,A,.,A,.,A,.,R,48784,R,1770,R,50554,R,50370,R,1832,R,52202,R,52134,R,1880,R,54014,R,53828,R,2124,R,55952,.,.,R,48784,R,1770,R,50554,R,50370,R,1832,R,52202,R,52134,R,1880,R,54014,R,53828,R,2124,R,55952,.,.,R,48784,R,1770,R,50554,R,50370,R,1832,R,52202,R,52134,R,1880,R,54014,R,53828,R,2124,R,55952,.,.,R,1200,R,1200,R,1200,R,1200,R,14780,R,15244,R,15770,R,16260,R,1250,R,1050,R,1050,R,1020,R,14780,R,15244,R,15770,R,16260,R,1050,R,1050,R,1050,R,1050,R,1550,R,1550,R,1550,R,1550
2020,190415,R,58586,R,696,R,1575,R,58586,R,696,R,1575,R,58586,R,696,R,1575,R,29500,R,542,R,1575,R,29500,R,542,R,1575,R,29500,R,542,R,1575,Y,.,Y,.,Y,.,Y,.,Y,.,Y,.,Y,.,Y,.,Y,.,Y,.,Y,.,Y,.,Y,.,Y,.,Y,.,Y,.,Y,.,Y,.,Y,.,Y,.,Y,.,Y,.,Y,.,Y,.,Y,.,Y,.,Y,.,Y,.,R,38250,R,542,R,56824,R,542,R,70188,R,542,R,70188,R,542,R,52612,R,599,R,53211,R,54584,R,604,R,55188,R,56550,R,672,R,57222,R,58586,R,696,R,59282,.,.,R,52612,R,599,R,53211,R,54584,R,604,R,55188,R,56550,R,672,R,57222,R,58586,R,696,R,59282,.,.,R,52612,R,599,R,53211,R,54584,R,604,R,55188,R,56550,R,672,R,57222,R,58586,R,696,R,59282,.,.,R,930,R,950,R,970,R,990,R,14330,R,14766,R,15246,R,15756,R,1850,R,1850,R,1850,R,2964,R,14300,R,14766,R,15246,R,15396,R,1850,R,1850,R,1850,R,2964,R,1850,R,1850,R,1850,R,3324
2020,191241,R,54730,R,1046,R,945,R,54730,R,1046,R,945,R,54730,R,1046,R,945,R,23112,R,734,R,963,R,23112,R,734,R,963,R,23112,R,734,R,963,Y,.,Y,.,Y,.,Y,.,Y,.,Y,.,Y,.,Y,.,Y,.,Y,.,Y,.,Y,.,Y,.,Y,.,Y,.,Y,.,Y,.,Y,.,Y,.,Y,.,Y,.,Y,.,Y,.,Y,.,Y,.,Y,.,Y,.,Y,.,Y,.,Y,.,Y,.,Y,.,R,63932,R,900,R,63932,R,900,R,49645,R,1341,R,50986,R,51285,R,1402,R,52687,R,52980,R,1413,R,54393,R,54730,R,1431,R,56161,.,.,R,49645,R,1341,R,50986,R,51285,R,1402,R,52687,R,52980,R,1413,R,54393,R,54730,R,1431,R,56161,.,.,R,49645,R,1341,R,50986,R,51285,R,1402,R,52687,R,52980,R,1413,R,54393,R,54730,R,1431,R,56161,.,.,R,1012,R,1012,R,1039,R,1040,R,17445,R,17969,R,18510,R,19065,R,2796,R,2870,R,2949,R,2950,R,11924,R,12162,R,12438,R,12438,R,2766,R,2840,R,2919,R,2920,R,2720,R,2802,R,2887,R,2888
2020,193900,R,52204,R,2676,R,1537,R,52204,R,2676,R,1537,R,52204,R,2676,R,1537,R,34704,R,2188,R,1928,R,34704,R,2188,R,1928,R,34704,R,2188,R,1928,Y,.,Y,.,Y,.,Y,.,R,85288,R,2730,R,85288,R,2730,R,56623,R,3465,R,56623,R,3465,Y,.,Y,.,Y,.,Y,.,Y,.,Y,.,Y,.,Y,.,Y,.,Y,.,Y,.,Y,.,Y,.,Y,.,Y,.,Y,.,Y,.,Y,.,Y,.,Y,.,R,68348,R,2730,R,68348,R,2730,R,47942,R,2522,R,50464,R,49256,R,2572,R,51828,R,50684,R,2624,R,53308,R,52204,R,2676,R,54880,.,.,R,47942,R,2522,R,50464,R,49256,R,2572,R,51828,R,50684,R,2624,R,53308,R,52204,R,2676,R,54880,.,.,R,47942,R,2522,R,50464,R,49256,R,2572,R,51828,R,50684,R,2624,R,53308,R,52204,R,2676,R,54880,.,.,R,904,R,824,R,752,R,718,R,17664,R,18156,R,18684,R,19244,R,2758,R,2758,R,2758,R,2790,R,17664,R,18156,R,18684,R,19244,R,2758,R,2758,R,2758,R,2790,R,2758,R,2758,R,2758,R,2790
2020,194824,R,55600,R,1412,R,2320,R,55600,R,1412,R,2320,R,55600,R,1412,R,2320,R,55600,R,2725,R,2320,R,55600,R,2725,R,2320,R,55600,R,2725,R,2320,A,.,A,.,A,.,A,.,A,.,A,.,A,.,A,.,A,.,A,.,A,.,A,.,A,.,A,.,A,.,A,.,A,.,A,.,A,.,A,.,A,.,A,.,A,.,A,.,A,.,A,.,A,.,A,.,A,.,A,.,A,.,A,.,A,.,A,.,A,.,A,.,R,51000,R,1305,R,52305,R,52550,R,1330,R,53880,R,54000,R,1378,R,55378,R,55600,R,1412,R,57012,.,.,R,51000,R,1305,R,52305,R,52550,R,1330,R,53880,R,54000,R,1378,R,55378,R,55600,R,1412,R,57012,.,.,R,51000,R,1305,R,52305,R,52550,R,1330,R,53880,R,54000,R,1378,R,55378,R,55600,R,1412,R,57012,.,.,R,1286,R,1250,R,1250,R,1250,R,14960,R,15260,R,15580,R,15954,R,1581,R,1608,R,1608,R,1608,A,.,A,.,A,.,A,.,A,.,A,.,A,.,A,.,A,.,A,.,A,.,A,.
2020,195003,R,47352,R,676,R,1710,R,47352,R,676,R,1710,R,47352,R,676,R,1710,R,50136,R,306,R,2089,R,50136,R,306,R,2089,R,50136,R,306,R,2089,A,.,A,.,A,.,A,.,A,.,A,.,A,.,A,.,A,.,A,.,A,.,A,.,A,.,A,.,A,.,A,.,A,.,A,.,A,.,A,.,A,.,A,.,A,.,A,.,A,.,A,.,A,.,A,.,A,.,A,.,A,.,A,.,A,.,A,.,A,.,A,.,R,39506,R,562,R,40068,R,41772,R,584,R,42356,R,45244,R,646,R,45890,R,50564,R,676,R,51240,.,.,R,39506,R,562,R,40068,R,41772,R,584,R,42356,R,45244,R,646,R,45890,R,50564,R,676,R,51240,.,.,R,39506,R,562,R,40068,R,41772,R,584,R,42356,R,45244,R,646,R,45890,R,50564,R,676,R,51240,.,.,R,1066,R,1082,R,1098,R,1098,R,12666,R,13046,R,13540,R,13976,R,914,R,928,R,946,R,946,R,12666,R,13046,R,13540,R,13976,R,914,R,928,R,946,R,946,R,1160,R,1184,R,1208,R,1252
2020,195030,R,57188,R,1053,R,1784,R,57188,R,1053,R,1784,R,57188,R,1053,R,1784,R,49792,R,713,R,1784,R,49792,R,713,R,1784,R,49792,R,713,R,1784,Y,.,Y,.,Y,.,Y,.,Y,.,Y,.,Y,.,Y,.,R,61500,R,2462,R,61500,R,2462,Y,.,Y,.,Y,.,Y,.,Y,.,Y,.,Y,.,Y,.,Y,.,Y,.,Y,.,Y,.,Y,.,Y,.,Y,.,Y,.,Y,.,Y,.,Y,.,Y,.,Y,.,Y,.,Y,.,Y,.,R,51090,R,930,R,52020,R,52974,R,935,R,53909,R,55040,R,990,R,56030,R,57188,R,1053,R,58241,.,.,R,51090,R,930,R,52020,R,52974,R,935,R,53909,R,55040,R,990,R,56030,R,57188,R,1053,R,58241,.,.,R,51090,R,930,R,52020,R,52974,R,935,R,53909,R,55040,R,990,R,56030,R,57188,R,1053,R,58241,.,.,R,1310,R,1310,R,1310,R,1310,R,15398,R,16122,R,16470,R,17064,R,1380,R,1380,R,1380,R,1380,A,.,A,.,A,.,A,.,A,.,A,.,A,.,A,.,A,.,A,.,A,.,A,.
2020,196079,R,7070,R,2944,R,295,R,7070,R,2944,R,295,R,24660,R,2944,R,1028,R,11310,R,2190,R,471,R,11310,R,2190,R,471,R,23100,R,2190,R,963,Y,.,Y,.,Y,.,Y,.,Y,.,Y,.,Y,.,Y,.,Y,.,Y,.,Y,.,Y,.,Y,.,Y,.,Y,.,Y,.,Y,.,Y,.,Y,.,Y,.,R,26450,R,2190,R,37140,R,2190,Y,.,Y,.,Y,.,Y,.,Y,.,Y,.,Y,.,Y,.,Y,.,Y,.,Y,.,Y,.,R,6670,R,2853,R,9523,R,6870,R,2938,R,9808,R,7070,R,3131,R,10201,R,7070,R,2944,R,10014,.,.,R,6670,R,2853,R,9523,R,6870,R,2983,R,9853,R,7070,R,3131,R,10201,R,7070,R,2944,R,10014,.,.,R,21550,R,2853,R,24403,R,23710,R,2938,R,26648,R,24660,R,3131,R,27791,R,24660,R,2944,R,27604,.,.,R,1000,R,1000,R,1000,R,1000,R,14577,R,15058,R,16068,R,15601,R,1000,R,1000,R,1000,R,1000,R,14577,R,15058,R,16068,R,16068,R,1000,R,1200,R,1000,R,1000,R,2195,R,2195,R,2195,R,2195
2020,196088,R,7070,R,3456,R,295,R,7070,R,3456,R,295,R,24740,R,3456,R,1031,R,11310,R,2928,R,471,R,11310,R,2928,R,471,R,23100,R,2928,R,963,Y,.,Y,.,Y,.,Y,.,R,36900,R,2908,R,62950,R,2908,R,43670,R,3108,R,65160,R,3108,Y,.,Y,.,Y,.,Y,.,Y,.,Y,.,Y,.,Y,.,R,26450,R,2888,R,37140,R,2888,Y,.,Y,.,Y,.,Y,.,Y,.,Y,.,Y,.,Y,.,R,25410,R,2928,R,29500,R,2928,R,6670,R,3158,R,9828,R,6870,R,3229,R,10099,R,7070,R,3454,R,10524,R,7070,R,3456,R,10526,.,.,R,6670,R,3158,R,9828,R,6870,R,3229,R,10099,R,7070,R,3454,R,10524,R,7070,R,3456,R,10526,.,.,R,23910,R,3158,R,27068,R,24540,R,3229,R,27769,R,24740,R,3454,R,28194,R,24740,R,3456,R,28196,.,.,R,1177,R,1203,R,1203,R,1202,R,12477,R,13723,R,14134,R,14136,R,2676,R,2733,R,2805,R,2804,R,12477,R,13723,R,14134,R,14136,R,2748,R,2733,R,2805,R,2804,R,2748,R,2733,R,2805,R,2804
2020,196097,R,7070,R,3021,R,295,R,7070,R,3021,R,295,R,24740,R,3021,R,1031,R,11310,R,2483,R,471,R,11310,R,2483,R,471,R,23100,R,2483,R,963,Y,.,Y,.,Y,.,Y,.,R,36900,R,13943,R,62950,R,13943,R,43670,R,4009,R,65160,R,4009,Y,.,Y,.,Y,.,Y,.,Y,.,Y,.,Y,.,Y,.,Y,.,Y,.,Y,.,Y,.,Y,.,Y,.,Y,.,Y,.,Y,.,Y,.,Y,.,Y,.,Y,.,Y,.,Y,.,Y,.,R,6670,R,2587,R,9257,R,6870,R,2755,R,9625,R,7070,R,3105,R,10175,R,7070,R,3021,R,10091,.,.,R,6670,R,2587,R,9257,R,6870,R,2755,R,9625,R,7070,R,3105,R,10175,R,7070,R,3021,R,10091,.,.,R,24180,R,2587,R,26767,R,24540,R,2755,R,27295,R,24740,R,3105,R,27845,R,24740,R,3021,R,27761,.,.,R,900,R,900,R,900,R,900,R,13446,R,13698,R,14278,R,14884,R,1868,R,1868,R,1868,R,1868,R,13999,R,13999,R,14151,R,15572,R,5336,R,5336,R,5336,R,5336,R,5336,R,5336,R,5336,R,5336
2020,196413,R,53432,R,1656,R,2363,R,53432,R,1656,R,2363,R,53432,R,1656,R,2363,R,40392,R,1322,R,1683,R,40392,R,1322,R,1683,R,40392,R,1322,R,1683,Y,.,Y,.,Y,.,Y,.,Y,.,Y,.,Y,.,Y,.,Y,.,Y,.,Y,.,Y,.,Y,.,Y,.,Y,.,Y,.,Y,.,Y,.,Y,.,Y,.,Y,.,Y,.,Y,.,Y,.,Y,.,Y,.,Y,.,Y,.,Y,.,Y,.,Y,.,Y,.,R,53530,R,2592,R,53530,R,2592,R,45150,R,1605,R,46755,R,50230,R,1623,R,51853,R,52210,R,1639,R,53849,R,54270,R,1656,R,55926,.,.,R,45150,R,1605,R,46755,R,50230,R,1623,R,51853,R,52210,R,1639,R,53849,R,54270,R,1656,R,55926,.,.,R,45150,R,1605,R,46755,R,50230,R,1623,R,51853,R,52210,R,1639,R,53849,R,54270,R,1656,R,55926,.,.,R,1469,R,1500,R,1536,R,1564,R,15558,R,15550,R,15910,R,16356,R,1698,R,1733,R,1774,R,1806,R,15558,R,15550,R,15910,R,16356,R,1698,R,1733,R,1774,R,1806,R,1698,R,1733,R,1774,R,1806
2020,197708,R,43575,R,2900,R,1550,R,43575,R,2900,R,1550,R,43575,R,2900,R,1550,R,34800,R,300,R,1160,R,34800,R,300,R,1160,R,34800,R,300,R,1160,A,.,A,.,A,.,A,.,A,.,A,.,A,.,A,.,A,.,A,.,A,.,A,.,A,.,A,.,A,.,A,.,A,.,A,.,A,.,A,.,A,.,A,.,A,.,A,.,A,.,A,.,A,.,A,.,A,.,A,.,A,.,A,.,A,.,A,.,A,.,A,.,R,40000,R,2000,R,42000,R,41000,R,2500,R,43500,R,42200,R,2700,R,44900,R,43575,R,2900,R,46475,.,.,R,40000,R,2000,R,42000,R,41000,R,2500,R,43500,R,42200,R,2700,R,44900,R,43575,R,2900,R,46475,.,.,R,40000,R,2000,R,42000,R,41000,R,2500,R,43500,R,42200,R,2700,R,44900,R,43575,R,2900,R,46475,.,.,R,1224,R,1224,R,1250,R,1250,R,11950,R,12000,R,12500,R,12750,R,5351,R,5351,R,5400,R,5400,R,13283,R,13283,R,13283,R,13283,R,5283,R,5283,R,5400,R,5400,R,3866,R,3866,R,2363,R,2363
2020,198419,R,55880,R,1753,R,1746,R,55880,R,1753,R,1746,R,55880,R,1753,R,1746,R,57900,R,1240,R,3360,R,57900,R,1240,R,3360,R,57900,R,1240,R,3360,Y,.,Y,.,Y,.,Y,.,Y,.,Y,.,Y,.,Y,.,R,61170,R,1366,R,61170,R,1366,Y,.,Y,.,Y,.,Y,.,Y,.,Y,.,Y,.,Y,.,Y,.,Y,.,Y,.,Y,.,Y,.,Y,.,Y,.,Y,.,Y,.,Y,.,Y,.,Y,.,R,66000,R,1347,R,66000,R,1347,R,51720,R,1780,R,53500,R,53760,R,1935,R,55695,R,55880,R,2243,R,58123,R,55880,R,1753,R,57633,.,.,R,51720,R,1780,R,53500,R,53760,R,1935,R,55695,R,55880,R,2243,R,58123,R,55880,R,1753,R,57633,.,.,R,51720,R,1780,R,53500,R,53760,R,1935,R,55695,R,55880,R,2243,R,58123,R,55880,R,1753,R,57633,.,.,R,1260,R,1260,R,1434,R,1434,R,15500,R,15944,R,16313,R,16026,R,2206,R,2206,R,1976,R,1976,A,.,A,.,A,.,A,.,A,.,A,.,A,.,A,.,A,.,A,.,A,.,A,.
2020,199120,R,7019,R,1961,R,237,R,7019,R,1961,R,237,R,34198,R,1961,R,1155,R,10552,R,1970,R,517,R,10552,R,1970,R,517,R,28278,R,1970,R,1386,Y,.,Y,.,Y,.,Y,.,R,35609,R,5044,R,62124,R,5044,R,32746,R,1949,R,60140,R,1949,Y,.,Y,.,Y,.,Y,.,Y,.,Y,.,Y,.,Y,.,R,22387,R,1948,R,44948,R,1948,Y,.,Y,.,Y,.,Y,.,Y,.,Y,.,Y,.,Y,.,R,21141,R,3339,R,38287,R,3339,R,7019,R,1986,R,9005,R,7019,R,1968,R,8987,R,7019,R,1961,R,8980,R,7019,R,1961,R,8980,0,.,R,7019,R,1986,R,9005,R,7019,R,1968,R,8987,R,7019,R,1961,R,8980,R,7019,R,1961,R,8980,0,.,R,32602,R,1986,R,34588,R,33202,R,1968,R,35170,R,34198,R,1961,R,36159,R,34198,R,1961,R,36159,.,.,R,1604,R,948,R,972,R,990,R,11556,R,11190,R,11526,R,11740,R,3404,R,2686,R,2750,R,2836,R,11556,R,11190,R,11526,R,11740,R,3404,R,2686,R,2750,R,2836,R,3404,R,2686,R,2750,R,2836
2020,199193,R,6535,R,2566,R,218,R,6535,R,2566,R,218,R,26654,R,2566,R,888,R,9095,R,2578,R,505,R,9095,R,2578,R,505,R,26421,R,2578,R,1468,Y,.,Y,.,Y,.,Y,.,Y,.,Y,.,Y,.,Y,.,Y,.,Y,.,Y,.,Y,.,Y,.,Y,.,Y,.,Y,.,Y,.,Y,.,Y,.,Y,.,Y,.,Y,.,Y,.,Y,.,Y,.,Y,.,Y,.,Y,.,R,17039,R,2578,R,45080,R,2578,Y,.,Y,.,Y,.,Y,.,R,6535,R,2523,R,9058,R,6535,R,2566,R,9101,R,6535,R,2566,R,9101,R,6535,R,2566,R,9101,0,.,R,6535,R,2523,R,9058,R,6535,R,2566,R,9101,R,6535,R,2566,R,9101,R,6535,R,2566,R,9101,0,.,R,24883,R,2523,R,27406,R,25878,R,2566,R,28444,R,26654,R,2566,R,29220,R,26654,R,2566,R,29220,.,.,R,1082,R,1082,R,1082,R,1082,R,10854,R,11078,R,11359,R,11602,R,2706,R,2716,R,2717,R,2770,R,10854,R,11078,R,11359,R,11602,R,2706,R,2716,R,2717,R,2770,R,6942,R,7080,R,7362,R,7603
2020,199847,R,56722,R,1038,R,2352,R,56722,R,1038,R,2352,R,56722,R,1038,R,2352,R,38650,R,566,R,1510,R,38650,R,566,R,1510,R,38650,R,566,R,1510,Y,.,Y,.,Y,.,Y,.,Y,.,Y,.,Y,.,Y,.,R,61200,Z,0,R,61200,Z,0,Y,.,Y,.,Y,.,Y,.,Y,.,Y,.,Y,.,Y,.,Y,.,Y,.,Y,.,Y,.,Y,.,Y,.,Y,.,Y,.,Y,.,Y,.,Y,.,Y,.,R,47610,R,742,R,47610,R,742,R,50524,R,876,R,51400,R,52348,R,974,R,53322,R,54430,R,1010,R,55440,R,56722,R,1038,R,57760,.,.,R,50524,R,876,R,51400,R,52348,R,974,R,53322,R,54430,R,1010,R,55440,R,56722,R,1038,R,57760,.,.,R,50524,R,876,R,51400,R,52348,R,974,R,53322,R,54430,R,1010,R,55440,R,56722,R,1038,R,57760,.,.,R,1404,R,1500,R,1500,R,1500,R,13926,R,14416,R,15018,R,15520,R,2400,R,2400,R,2400,R,2498,R,13926,R,14416,R,15018,R,15520,R,2400,R,2400,R,2400,R,2498,R,1770,R,1770,R,1770,R,1830
2020,201645,R,52448,R,500,R,2186,R,52448,R,500,R,2186,R,52448,R,500,R,2186,R,47920,R,38,R,1997,R,47920,R,38,R,1997,R,47920,R,38,R,1997,Y,.,Y,.,Y,.,Y,.,R,75136,R,1385,R,75136,R,1385,R,67440,R,165,R,67440,R,165,Y,.,Y,.,Y,.,Y,.,Y,.,Y,.,Y,.,Y,.,Y,.,Y,.,Y,.,Y,.,Y,.,Y,.,Y,.,Y,.,Y,.,Y,.,Y,.,Y,.,R,55100,R,273,R,55100,R,273,R,47074,R,426,R,47500,R,48604,R,438,R,49042,R,50450,R,474,R,50924,R,52448,R,500,R,52948,.,.,R,47074,R,426,R,47500,R,48604,R,438,R,49042,R,50450,R,474,R,50924,R,52448,R,500,R,52948,.,.,R,47074,R,426,R,47500,R,48604,R,438,R,49042,R,50450,R,474,R,50924,R,52448,R,500,R,52948,.,.,R,1200,R,1200,R,1200,R,1200,R,16604,R,15190,R,15614,R,16080,R,1900,R,1900,R,1900,R,1900,R,16604,R,15190,R,9260,R,16080,R,1900,R,1900,R,1900,R,1900,R,4070,R,4070,R,4170,R,4520
2020,204796,R,10615,R,903,R,442,R,10615,R,903,R,442,R,32599,R,903,R,1358,R,11560,R,865,R,723,R,11560,R,865,R,723,R,36276,R,865,R,2267,Y,.,Y,.,Y,.,Y,.,R,38520,R,5269,R,82212,R,5269,R,29680,R,957,R,54600,R,957,R,26936,R,2047,R,47992,R,2047,Y,.,Y,.,Y,.,Y,.,R,24328,R,865,R,50354,R,865,Y,.,Y,.,Y,.,Y,.,R,32168,R,1420,R,71504,R,1420,R,31196,R,865,R,46448,R,865,R,9718,R,874,R,10592,R,9852,R,874,R,10726,R,10197,R,887,R,11084,R,10615,R,903,R,11518,0,0,R,9718,R,874,R,10592,R,9852,R,874,R,10726,R,10197,R,887,R,11084,R,10615,R,903,R,11518,0,0,R,28822,R,874,R,29696,R,29868,R,874,R,30742,R,31174,R,887,R,32061,R,32599,R,903,R,33502,.,.,R,1168,R,1168,R,1082,R,1082,R,12292,R,12474,R,12748,R,13066,R,2985,R,2999,R,2998,R,2998,R,11340,R,11498,R,11700,R,11700,R,3025,R,3041,R,3014,R,3014,R,5085,R,5129,R,4956,R,4956
2020,211440,R,57560,R,925,R,800,R,57560,R,925,R,800,R,57560,R,925,R,800,R,46441,R,885,R,633,R,46441,R,885,R,633,R,46441,R,885,R,633,A,.,A,.,A,.,A,.,A,.,A,.,A,.,A,.,A,.,A,.,A,.,A,.,A,.,A,.,A,.,A,.,A,.,A,.,A,.,A,.,A,.,A,.,A,.,A,.,A,.,A,.,A,.,A,.,A,.,A,.,A,.,A,.,A,.,A,.,A,.,A,.,R,52732,R,1178,R,53910,R,54244,R,1221,R,55465,R,55816,R,1303,R,57119,R,57560,R,1250,R,58810,.,.,R,52732,R,1178,R,53910,R,54244,R,1221,R,55465,R,55816,R,1303,R,57119,R,57560,R,1250,R,58810,.,.,R,52732,R,1178,R,53910,R,54244,R,1221,R,55465,R,55816,R,1303,R,57119,R,57560,R,1250,R,58810,.,.,R,1000,R,1000,R,1000,R,1000,R,13784,R,14418,R,14972,R,15550,R,1400,R,1400,R,1400,R,1400,R,12974,R,13608,R,14162,R,14740,R,1400,R,1400,R,1400,R,1400,R,2080,R,2080,R,2080,R,1400
2020,212054,R,53868,R,2370,R,1212,R,53868,R,2370,R,1212,R,53868,R,2370,R,1212,R,36234,R,840,R,1342,R,36234,R,840,R,1342,R,36234,R,840,R,1342,Y,.,Y,.,Y,.,Y,.,Y,.,Y,.,Y,.,Y,.,R,58106,R,1874,R,58106,R,1874,Y,.,Y,.,Y,.,Y,.,Y,.,Y,.,Y,.,Y,.,Y,.,Y,.,Y,.,Y,.,Y,.,Y,.,Y,.,Y,.,Y,.,Y,.,Y,.,Y,.,R,47700,R,420,R,47700,R,420,R,49632,R,2370,R,52002,R,50874,R,2370,R,53244,R,52146,R,2370,R,54516,R,53868,R,2370,R,56238,.,.,R,49632,R,2370,R,52002,R,50874,R,2370,R,53244,R,52146,R,2370,R,54516,R,53868,R,2370,R,56238,.,.,R,49632,R,2370,R,52002,R,50874,R,2370,R,53244,R,52146,R,2370,R,54516,R,53868,R,2370,R,56238,.,.,R,1700,R,1700,R,1700,R,1700,R,13890,R,14079,R,14241,R,16008,R,1200,R,1200,R,1200,R,1200,R,13890,R,14079,R,14241,R,17262,R,1200,R,1200,R,1200,R,1200,R,1200,R,1200,R,1200,R,1200
2020,213543,R,54790,R,470,R,2285,R,54790,R,470,R,2285,R,54790,R,470,R,2285,R,27000,R,130,R,1500,R,27000,R,130,R,1500,R,27000,R,130,R,1500,A,.,A,.,A,.,A,.,A,.,A,.,A,.,A,.,A,.,A,.,A,.,A,.,A,.,A,.,A,.,A,.,A,.,A,.,A,.,A,.,A,.,A,.,A,.,A,.,A,.,A,.,A,.,A,.,A,.,A,.,A,.,A,.,A,.,A,.,A,.,A,.,R,50320,R,420,R,50740,R,52480,R,450,R,52930,R,54790,R,450,R,55240,R,54790,R,470,R,55260,.,.,R,50320,R,420,R,50740,R,52480,R,450,R,52930,R,54790,R,450,R,55240,R,54790,R,470,R,55260,.,.,R,50320,R,420,R,50740,R,52480,R,450,R,52930,R,54790,R,450,R,55240,R,54790,R,470,R,55260,.,.,R,1000,R,1000,R,1000,R,1000,R,13120,R,13600,R,14160,R,14740,R,1065,R,1065,R,1065,R,1065,R,13120,R,13600,R,14160,R,14740,R,1065,R,1065,R,1065,R,1065,R,1065,R,1065,R,1065,R,1065
2020,215062,R,53166,R,6876,R,1892,R,53166,R,6876,R,1892,R,53166,R,6876,R,1892,R,37678,R,4082,R,1855,R,37678,R,4082,R,1855,R,37678,R,4082,R,1855,Y,.,Y,.,Y,.,Y,.,R,77612,R,5062,R,77612,R,5062,R,62008,R,5542,R,62008,R,5542,Y,.,Y,.,Y,.,Y,.,Y,.,Y,.,Y,.,Y,.,Y,.,Y,.,Y,.,Y,.,Y,.,Y,.,Y,.,Y,.,R,47832,R,5314,R,57832,R,5314,R,63610,R,5150,R,63610,R,5150,R,47416,R,6118,R,53534,R,49220,R,6364,R,55584,R,51156,R,6614,R,57770,R,53166,R,6876,R,60042,.,.,R,47416,R,6118,R,53534,R,49220,R,6364,R,55584,R,51156,R,6614,R,57770,R,53166,R,6876,R,60042,.,.,R,47416,R,6118,R,53534,R,49220,R,6364,R,55584,R,51156,R,6614,R,57770,R,53166,R,6876,R,60042,.,.,R,1280,R,1318,R,1358,R,1358,R,15066,R,15616,R,16190,R,16784,R,2704,R,2785,R,2868,R,2926,R,15066,R,15616,R,14406,R,14502,R,2704,R,2785,R,2868,R,2926,R,2704,R,2785,R,2868,R,2926
2020,215293,R,18628,R,1050,R,776,R,18628,R,1050,R,776,R,32656,R,1050,R,1360,R,23530,R,938,R,947,R,23530,R,938,R,947,R,39898,R,938,R,1630,Y,.,Y,.,Y,.,Y,.,R,50368,R,938,R,60396,R,938,R,57684,R,938,R,59930,R,938,Y,.,Y,.,Y,.,Y,.,Y,.,Y,.,Y,.,Y,.,R,32770,R,938,R,37678,R,938,Y,.,Y,.,Y,.,Y,.,Y,.,Y,.,Y,.,Y,.,R,34962,R,938,R,44996,R,938,R,18130,R,950,R,19080,R,18130,R,950,R,19080,R,18628,R,1090,R,19718,R,18628,R,1050,R,19678,.,.,R,18130,R,950,R,19080,R,18130,R,950,R,19080,R,18628,R,1090,R,19718,R,18629,R,1050,R,19679,.,.,R,29692,R,950,R,30642,R,31102,R,950,R,32052,R,32656,R,1090,R,33746,R,32656,R,1050,R,33706,.,.,R,773,R,752,R,755,R,716,R,11050,R,11050,R,11250,R,11250,R,2447,R,2621,R,2686,R,3502,R,11050,R,11582,R,11814,R,11814,R,2447,R,2621,R,2686,R,3502,R,2447,R,2621,R,2686,R,3502
2020,216597,R,56730,R,730,R,907,R,56730,R,730,R,907,R,56730,R,730,R,907,R,20619,R,100,R,1085,R,20619,R,100,R,1085,R,20619,R,100,R,1085,Y,.,Y,.,Y,.,Y,.,Y,.,Y,.,Y,.,Y,.,Y,.,Y,.,Y,.,Y,.,Y,.,Y,.,Y,.,Y,.,Y,.,Y,.,Y,.,Y,.,Y,.,Y,.,Y,.,Y,.,Y,.,Y,.,Y,.,Y,.,Y,.,Y,.,Y,.,Y,.,R,47446,R,555,R,47446,R,555,R,50554,R,730,R,51284,R,52578,R,730,R,53308,R,54550,R,730,R,55280,R,56730,R,730,R,57460,.,.,R,50554,R,730,R,51284,R,52578,R,730,R,53308,R,54550,R,730,R,55280,R,56730,R,730,R,57460,.,.,R,50554,R,730,R,51284,R,52578,R,730,R,53308,R,54550,R,730,R,55280,R,56730,R,730,R,57460,.,.,R,1100,R,1100,R,1100,R,1100,R,13547,R,14020,R,14444,R,14975,R,2300,R,2300,R,2300,R,2300,R,13547,R,14020,R,14444,R,14975,R,2300,R,2300,R,2300,R,2300,R,3950,R,3950,R,3950,R,3950
2020,217156,R,59254,R,1330,R,1851,R,59254,R,1330,R,1851,R,59254,R,1330,R,1851,R,59254,R,1109,R,1851,R,59254,R,1109,R,1851,R,59254,R,1109,R,1851,Y,.,Y,.,Y,.,Y,.,Y,.,Y,.,Y,.,Y,.,R,64974,R,1114,R,64974,R,1114,Y,.,Y,.,Y,.,Y,.,Y,.,Y,.,Y,.,Y,.,Y,.,Y,.,Y,.,Y,.,Y,.,Y,.,Y,.,Y,.,Y,.,Y,.,Y,.,Y,.,Y,.,Y,.,Y,.,Y,.,R,52231,R,1188,R,53419,R,54320,R,1236,R,55556,R,57112,R,1292,R,58404,R,59254,R,1442,R,60696,.,.,R,52231,R,1188,R,53419,R,54320,R,1236,R,55556,R,57112,R,1292,R,58404,R,59254,R,1442,R,60696,.,.,R,52231,R,1188,R,53419,R,54320,R,1236,R,55556,R,57112,R,1292,R,58404,R,59254,R,1442,R,60696,.,.,R,1571,R,1595,R,1632,R,1642,R,14020,R,14670,R,15332,R,15908,R,2040,R,2071,R,2122,R,2202,A,.,A,.,A,.,A,.,A,.,A,.,A,.,A,.,A,.,A,.,A,.,A,.
2020,217882,R,14118,R,1440,R,657,R,14118,R,1440,R,657,R,37110,R,1440,R,1657,R,10600,R,1196,R,724,R,10600,R,1196,R,724,R,22050,R,1196,R,1451,A,.,A,.,A,.,A,.,A,.,A,.,A,.,A,.,A,.,A,.,A,.,A,.,A,.,A,.,A,.,A,.,A,.,A,.,A,.,A,.,A,.,A,.,A,.,A,.,A,.,A,.,A,.,A,.,A,.,A,.,A,.,A,.,A,.,A,.,A,.,A,.,R,13752,R,1364,R,15116,R,13982,R,1392,R,15374,R,14118,R,1440,R,15558,R,14118,R,1440,R,15558,.,.,R,13752,R,1364,R,15116,R,13982,R,1392,R,15374,R,14118,R,1440,R,15558,R,14118,R,1440,R,15558,.,.,R,34694,R,1364,R,36058,R,35736,R,1392,R,37128,R,37110,R,1440,R,38550,R,37110,R,1440,R,38550,.,.,R,1346,R,1392,R,1436,R,1188,R,9592,R,10832,R,11414,R,11850,R,3520,R,3672,R,4054,R,4284,R,9592,R,10832,R,11414,R,11850,R,3520,R,3672,R,4054,R,4284,R,5146,R,5322,R,5848,R,6042
2020,217925,R,23550,R,1100,R,980,R,23550,R,1100,R,980,R,23550,R,1100,R,980,R,9540,R,1100,R,550,R,9540,R,1100,R,550,R,9540,R,1100,R,550,A,.,A,.,A,.,A,.,A,.,A,.,A,.,A,.,A,.,A,.,A,.,A,.,A,.,A,.,A,.,A,.,A,.,A,.,A,.,A,.,A,.,A,.,A,.,A,.,A,.,A,.,A,.,A,.,A,.,A,.,A,.,A,.,A,.,A,.,A,.,A,.,R,21720,R,670,R,22390,R,22840,R,850,R,23690,R,23090,R,910,R,24000,R,23550,R,1100,R,24650,.,.,R,21720,R,670,R,22390,R,22840,R,850,R,23690,R,23090,R,910,R,24000,R,23550,R,1100,R,24650,.,.,R,21720,R,670,R,22390,R,22840,R,850,R,23690,R,23090,R,910,R,24000,R,23550,R,1100,R,24650,.,.,R,600,R,600,R,600,R,600,R,7990,R,8150,R,8850,R,8950,R,3710,R,3710,R,3710,R,3710,R,8000,R,8000,R,8000,R,8000,R,4510,R,4510,R,4510,R,4510,R,4510,R,4510,R,4510,R,4510
2020,221999,R,52781,R,1377,R,2199,R,52781,R,1377,R,2199,R,52781,R,1377,R,2199,R,50082,R,542,R,2087,R,50082,R,542,R,2087,R,50082,R,542,R,2087,Y,.,Y,.,Y,.,Y,.,Y,.,Y,.,Y,.,Y,.,R,60870,R,634,R,60870,R,634,Y,.,Y,.,Y,.,Y,.,Y,.,Y,.,Y,.,Y,.,Y,.,Y,.,Y,.,Y,.,Y,.,Y,.,Y,.,Y,.,Y,.,Y,.,Y,.,Y,.,R,62230,R,700,R,62230,R,700,R,46500,R,1164,R,47664,R,48600,R,1216,R,49816,R,50800,R,1270,R,52070,R,52781,R,1377,R,54158,.,.,R,46500,R,1164,R,47664,R,48600,R,1216,R,49816,R,50800,R,1270,R,52070,R,52781,R,1377,R,54158,.,.,R,46500,R,1164,R,47664,R,48600,R,1216,R,49816,R,50800,R,1270,R,52070,R,52781,R,1377,R,54158,.,.,R,1294,R,1294,R,1294,R,1194,R,15584,R,16234,R,16910,R,17670,R,2850,R,2802,R,2874,R,3022,A,.,A,.,A,.,A,.,A,.,A,.,A,.,A,.,A,.,A,.,A,.,A,.
2020,223232,R,44544,R,4702,R,1856,R,44544,R,4702,R,1856,R,44544,R,4702,R,1856,R,33408,R,3528,R,1856,R,33408,R,3528,R,1856,R,33408,R,3528,R,1856,Y,.,Y,.,Y,.,Y,.,Y,.,Y,.,Y,.,Y,.,Y,.,Y,.,Y,.,Y,.,Y,.,Y,.,Y,.,Y,.,Y,.,Y,.,Y,.,Y,.,Y,.,Y,.,Y,.,Y,.,Y,.,Y,.,Y,.,Y,.,Y,.,Y,.,Y,.,Y,.,R,57369,R,3139,R,57369,R,3139,R,39610,R,4180,R,43790,R,41194,R,4348,R,45542,R,42842,R,4522,R,47364,R,44544,R,4702,R,49246,.,.,R,39610,R,4180,R,43790,R,41194,R,4348,R,45542,R,42842,R,4522,R,47364,R,44544,R,4702,R,49246,.,.,R,39610,R,4180,R,43790,R,41194,R,4348,R,45542,R,42842,R,4522,R,47364,R,44544,R,4702,R,49246,.,.,R,1200,R,1230,R,1264,R,1284,R,12588,R,13038,R,13415,R,13274,R,3080,R,3160,R,3260,R,3276,R,11448,R,11708,R,12020,R,12318,R,3686,R,3786,R,3900,R,3902,R,3416,R,3506,R,3610,R,3902
2020,227757,R,50310,R,797,R,2096,R,50310,R,797,R,2096,R,50310,R,797,R,2096,R,47306,R,607,R,2380,R,47306,R,607,R,2380,R,47306,R,607,R,2380,A,.,A,.,A,.,A,.,A,.,A,.,A,.,A,.,A,.,A,.,A,.,A,.,A,.,A,.,A,.,A,.,A,.,A,.,A,.,A,.,A,.,A,.,A,.,A,.,A,.,A,.,A,.,A,.,A,.,A,.,A,.,A,.,A,.,A,.,A,.,A,.,R,44900,R,708,R,45608,R,46600,R,750,R,47350,R,48330,R,782,R,49112,R,50310,R,797,R,51107,.,.,R,44900,R,708,R,45608,R,46600,R,750,R,47350,R,48330,R,782,R,49112,R,50310,R,797,R,51107,.,.,R,44900,R,708,R,45608,R,46600,R,750,R,47350,R,48330,R,782,R,49112,R,50310,R,797,R,51107,.,.,R,1200,R,1200,R,1200,R,1250,R,13850,R,14000,R,14140,R,14500,R,2500,R,2600,R,2650,R,2700,R,13850,R,14000,R,14140,R,14500,R,2500,R,2600,R,2650,R,2700,R,2500,R,2600,R,2650,R,2700
2020,228246,R,51958,R,6582,R,2171,R,51958,R,6582,R,2171,R,51958,R,6582,R,2171,R,40896,R,6582,R,1704,R,40896,R,6582,R,1704,R,40896,R,6582,R,1704,Y,.,Y,.,Y,.,Y,.,Y,.,Y,.,Y,.,Y,.,Y,.,Y,.,Y,.,Y,.,Y,.,Y,.,Y,.,Y,.,Y,.,Y,.,Y,.,Y,.,Y,.,Y,.,Y,.,Y,.,Y,.,Y,.,Y,.,Y,.,Y,.,Y,.,Y,.,Y,.,R,50984,R,6582,R,50984,R,6582,R,46594,R,5904,R,52498,R,48364,R,6128,R,54492,R,50200,R,6360,R,56560,R,51958,R,6582,R,58540,.,.,R,46594,R,5904,R,52498,R,48364,R,6128,R,54492,R,50200,R,6360,R,56560,R,51958,R,6582,R,58540,.,.,R,46594,R,5904,R,52498,R,48364,R,6128,R,54492,R,50200,R,6360,R,56560,R,51958,R,6582,R,58540,.,.,R,800,R,800,R,800,R,800,R,16510,R,16845,R,16750,R,17110,R,2600,R,2600,R,2600,R,2600,R,8700,R,8700,R,8700,R,8700,R,2600,R,2600,R,2600,R,2600,R,2600,R,2600,R,2600,R,2600
2020,228723,R,8395,R,3901,R,301,R,8395,R,3901,R,301,R,36849,R,3677,R,1196,R,6775,R,3695,R,282,R,6775,R,3695,R,282,R,19048,R,3695,R,793,Y,.,Y,.,Y,.,Y,.,R,18288,R,13408,R,29088,R,13408,R,16220,R,4549,R,29320,R,4549,Y,.,Y,.,Y,.,Y,.,Y,.,Y,.,Y,.,Y,.,R,8096,R,6694,R,43648,R,6694,Y,.,Y,.,Y,.,Y,.,R,22555,R,6068,R,38064,R,6068,R,8393,R,23506,R,23797,R,23506,R,7883,R,3351,R,11234,R,8308,R,3562,R,11870,R,8532,R,3621,R,12153,R,8974,R,3809,R,12783,0,0,R,7883,R,3351,R,11234,R,8308,R,3562,R,11870,R,8532,R,3621,R,12153,R,8974,R,3809,R,12783,0,0,R,33255,R,3351,R,36606,R,33933,R,3562,R,37495,R,34981,R,3621,R,38602,R,35531,R,3809,R,39340,.,.,R,1054,R,1222,R,1222,R,1222,R,10368,R,10436,R,10400,R,11400,R,5820,R,5978,R,6308,R,6062,R,10368,R,10436,R,10400,R,11400,R,5820,R,5978,R,6308,R,6062,R,5820,R,5978,R,6308,R,6062
2020,228778,R,11448,R,0,R,542,R,11448,R,0,R,542,R,40032,R,0,R,1795,R,12028,R,0,R,659,R,12028,R,0,R,659,R,22886,R,0,R,1228,Y,.,Y,.,Y,.,Y,.,Y,.,Y,.,Y,.,Y,.,R,21087,R,0,R,35406,R,0,Y,.,Y,.,Y,.,Y,.,Y,.,Y,.,Y,.,Y,.,R,21548,R,0,R,49240,R,0,Y,.,Y,.,Y,.,Y,.,Y,.,Y,.,Y,.,Y,.,R,34868,R,0,R,51774,R,0,R,10398,R,0,R,10398,R,10610,R,0,R,10610,R,10824,R,0,R,10824,R,11448,R,0,R,11448,13,.,R,10398,R,0,R,10398,R,10610,R,0,R,10610,R,10824,R,0,R,10824,R,11448,R,0,R,11448,13,.,R,36744,R,0,R,36744,R,37580,R,0,R,37580,R,38326,R,0,R,38326,R,40032,R,0,R,40032,10,.,R,662,R,700,R,700,R,714,R,10070,R,10804,R,11812,R,12286,R,4310,R,4392,R,4392,R,4480,R,10070,R,10804,R,11812,R,12286,R,4310,R,4392,R,4392,R,4480,R,4310,R,4392,R,4392,R,4480
2020,228875,R,51570,R,90,R,2180,R,51570,R,90,R,2180,R,51570,R,90,R,2180,R,32220,R,48,R,1790,R,32220,R,48,R,1790,R,32220,R,48,R,1790,Y,.,Y,.,Y,.,Y,.,Y,.,Y,.,Y,.,Y,.,R,60318,Z,0,R,60318,Z,0,Y,.,Y,.,Y,.,Y,.,Y,.,Y,.,Y,.,Y,.,Y,.,Y,.,Y,.,Y,.,Y,.,Y,.,Y,.,Y,.,Y,.,Y,.,Y,.,Y,.,Y,.,Y,.,Y,.,Y,.,R,44670,R,90,R,44760,R,46860,R,90,R,46950,R,49160,R,90,R,49250,R,51570,R,90,R,51660,.,.,R,44670,R,90,R,44760,R,46860,R,90,R,46950,R,49160,R,90,R,49250,R,51570,R,90,R,51660,.,.,R,44670,R,90,R,44760,R,46860,R,90,R,46950,R,49160,R,90,R,49250,R,51570,R,90,R,51660,.,.,R,970,R,950,R,900,R,900,R,12360,R,12804,R,13200,R,14040,R,4880,R,4980,R,5064,R,5228,R,12360,R,12804,R,13200,R,14040,R,4880,R,4980,R,5064,R,5228,R,4500,R,4640,R,4724,R,4788
2020,231624,R,17168,R,6194,R,425,R,17168,R,6194,R,425,R,40089,R,6765,R,1278,R,10516,R,5924,R,584,R,10516,R,5924,R,584,R,28305,R,6495,R,1573,Y,.,Y,.,Y,.,Y,.,Y,.,Y,.,Y,.,Y,.,Y,.,Y,.,Y,.,Y,.,Y,.,Y,.,Y,.,Y,.,Y,.,Y,.,Y,.,Y,.,Y,.,Y,.,Y,.,Y,.,Y,.,Y,.,Y,.,Y,.,Y,.,Y,.,Y,.,Y,.,R,28723,R,6277,R,37152,R,6848,R,16370,R,5674,R,22044,R,17434,R,5966,R,23400,R,17434,R,6194,R,23628,R,17434,R,6194,R,23628,3,.,R,16370,R,5674,R,22044,R,17434,R,5966,R,23400,R,17434,R,6194,R,23628,R,17434,R,6194,R,23628,3,.,R,37425,R,6245,R,43670,R,38735,R,6537,R,45272,R,40089,R,6765,R,46854,R,40089,R,6765,R,46854,.,.,R,1400,R,1425,R,1000,R,1000,R,11799,R,12236,R,12926,R,13356,R,2143,R,2160,R,2041,R,2050,R,11799,R,12236,R,12926,R,13356,R,2650,R,2665,R,2041,R,2050,R,2650,R,2665,R,2545,R,2550
2020,234076,R,15772,R,3123,R,510,R,15772,R,3123,R,510,R,49819,R,3808,R,1627,R,17076,R,3108,R,764,R,17076,R,3108,R,764,R,28604,R,3790,R,1290,Y,.,Y,.,Y,.,Y,.,Y,.,Y,.,Y,.,Y,.,R,43828,R,3160,R,53952,R,3842,Y,.,Y,.,Y,.,Y,.,Y,.,Y,.,Y,.,Y,.,Y,.,Y,.,Y,.,Y,.,Y,.,Y,.,Y,.,Y,.,Y,.,Y,.,Y,.,Y,.,R,62352,R,3148,R,64670,R,3830,R,14121,R,2732,R,16853,R,14811,R,2842,R,17653,R,14836,R,2962,R,17798,R,15840,R,3120,R,18960,0,.,R,14121,R,2732,R,16853,R,14811,R,2842,R,17653,R,14836,R,2962,R,17798,R,15840,R,3120,R,18960,0,.,R,43859,R,3414,R,47273,R,45508,R,3524,R,49032,R,47257,R,3643,R,50900,R,49041,R,3802,R,52843,.,.,R,1320,R,1350,R,1384,R,1356,R,11220,R,11590,R,11950,R,12350,R,2820,R,2900,R,2962,R,2998,R,11220,R,11590,R,11950,R,12350,R,2820,R,2900,R,2962,R,2998,R,2430,R,2490,R,2552,R,2568
2020,236948,R,10629,R,1116,R,354,R,10629,R,1116,R,354,R,37998,R,1116,R,1267,R,16278,R,1116,R,775,R,16278,R,1116,R,775,R,29178,R,1116,R,1389,Y,.,Y,.,Y,.,Y,.,R,47190,R,1116,R,72762,R,1116,R,37896,R,1116,R,68328,R,1116,Y,.,Y,.,Y,.,Y,.,Y,.,Y,.,Y,.,Y,.,R,32535,R,1116,R,54774,R,1116,Y,.,Y,.,Y,.,Y,.,Y,.,Y,.,Y,.,Y,.,R,37752,R,1116,R,49155,R,1116,R,9909,R,1065,R,10974,R,10127,R,1080,R,11207,R,10370,R,1095,R,11465,R,10629,R,1116,R,11745,.,.,R,9909,R,1065,R,10974,R,10127,R,1080,R,11207,R,10370,R,1095,R,11465,R,10629,R,1116,R,11745,.,.,R,34473,R,1065,R,35538,R,35508,R,1080,R,36588,R,37071,R,1095,R,38166,R,37998,R,1116,R,39114,.,.,R,825,R,900,R,900,R,900,R,12117,R,12798,R,13296,R,13887,R,2679,R,2733,R,2733,R,2787,R,12117,R,12798,R,13296,R,13887,R,2679,R,2733,R,2733,R,2787,R,2679,R,2733,R,2733,R,3003
2020,239105,R,44970,R,696,R,1115,R,44970,R,696,R,1115,R,44970,R,696,R,1115,R,21690,R,0,R,1205,R,21690,R,0,R,1205,R,21690,R,0,R,1205,Y,.,Y,.,Y,.,Y,.,R,56600,R,0,R,65260,R,0,Y,.,Y,.,Y,.,Y,.,Y,.,Y,.,Y,.,Y,.,Y,.,Y,.,Y,.,Y,.,Y,.,Y,.,Y,.,Y,.,Y,.,Y,.,Y,.,Y,.,Y,.,Y,.,Y,.,Y,.,R,48980,R,0,R,48980,R,0,R,39330,R,570,R,39900,R,41290,R,580,R,41870,R,43350,R,586,R,43936,R,44970,R,696,R,45666,.,.,R,39330,R,570,R,39900,R,41290,R,580,R,41870,R,43350,R,586,R,43936,R,44970,R,696,R,45666,.,.,R,39330,R,570,R,39900,R,41290,R,580,R,41870,R,43350,R,586,R,43936,R,44970,R,696,R,45666,.,.,R,912,R,912,R,816,R,816,R,11890,R,12720,R,13200,R,13656,R,2571,R,2555,R,2548,R,2550,R,11800,R,12720,R,13200,R,13656,R,4840,R,4840,R,4840,R,4840,R,4860,R,4860,R,4860,R,4860
2020,240444,R,9273,R,1469,R,386,R,9273,R,1469,R,386,R,37161,R,1469,R,1548,R,10728,R,1469,R,670,R,10728,R,1469,R,670,R,24054,R,1469,R,1503,Y,.,Y,.,Y,.,Y,.,Y,.,Y,.,Y,.,Y,.,R,38143,R,1469,R,54319,R,1469,Y,.,Y,.,Y,.,Y,.,Y,.,Y,.,Y,.,Y,.,R,25711,R,1469,R,43554,R,1469,Y,.,Y,.,Y,.,Y,.,R,31430,R,1469,R,50678,R,1469,R,26235,R,1469,R,44932,R,1469,R,9273,R,1260,R,10533,R,9273,R,1282,R,10555,R,9273,R,1452,R,10725,R,9273,R,1469,R,10742,.,.,R,9273,R,1260,R,10533,R,9273,R,1282,R,10555,R,9273,R,1452,R,10725,R,9273,R,1469,R,10742,.,.,R,33523,R,1260,R,34783,R,35523,R,1282,R,36805,R,36333,R,1452,R,37785,R,37161,R,1469,R,38630,.,.,R,1200,R,1200,R,1150,R,1150,R,10842,R,11114,R,11558,R,12200,R,3060,R,3156,R,3120,R,3066,R,10842,R,11114,R,11558,R,12200,R,3060,R,3156,R,3120,R,3066,R,3060,R,3156,R,3736,R,3066
2020,243744,R,55473,R,696,R,1234,R,55473,R,696,R,1234,R,55473,R,696,R,1234,R,54315,R,696,R,1207,R,54315,R,696,R,1207,R,54315,R,696,R,1207,Y,.,Y,.,Y,.,Y,.,Y,.,Y,.,Y,.,Y,.,R,62193,R,696,R,62193,R,696,Y,.,Y,.,Y,.,Y,.,Y,.,Y,.,Y,.,Y,.,Y,.,Y,.,Y,.,Y,.,Y,.,Y,.,Y,.,Y,.,Y,.,Y,.,Y,.,Y,.,R,64350,R,696,R,64350,R,696,R,48987,R,630,R,49617,R,50703,R,651,R,51354,R,52857,R,672,R,53529,R,55473,R,696,R,56169,.,.,R,48987,R,630,R,49617,R,50703,R,651,R,51354,R,52857,R,672,R,53529,R,55473,R,696,R,56169,.,.,R,48987,R,630,R,49617,R,50703,R,651,R,51354,R,52857,R,672,R,53529,R,55473,R,696,R,56169,.,.,R,1455,R,1455,R,1245,R,1290,R,15112,R,15763,R,16433,R,17255,R,2925,R,3015,R,3363,R,3504,A,.,A,.,A,.,A,.,A,.,A,.,A,.,A,.,A,.,A,.,A,.,A,.
2020,243780,R,9208,R,784,R,348,R,9208,R,784,R,348,R,28010,R,784,R,948,R,9208,R,784,R,348,R,9208,R,784,R,348,R,28010,R,784,R,948,Y,.,Y,.,Y,.,Y,.,Y,.,Y,.,Y,.,Y,.,Y,.,Y,.,Y,.,Y,.,Y,.,Y,.,Y,.,Y,.,Y,.,Y,.,Y,.,Y,.,R,21232,R,1064,R,39492,R,1064,Y,.,Y,.,Y,.,Y,.,R,18634,R,1284,R,43462,R,1284,Y,.,Y,.,Y,.,Y,.,R,9208,R,784,R,9992,R,9208,R,784,R,9992,R,9208,R,784,R,9992,R,9208,R,784,R,9992,.,.,R,9208,R,784,R,9992,R,9208,R,784,R,9992,R,9208,R,784,R,9992,R,9208,R,784,R,9992,.,.,R,28010,R,784,R,28794,R,28010,R,784,R,28794,R,28010,R,784,R,28794,R,28010,R,784,R,28794,.,.,R,1160,R,1160,R,1190,R,1000,R,10030,R,10030,R,10030,R,10030,R,1630,R,1640,R,1670,R,1760,R,8830,R,8890,R,9050,R,10520,R,1630,R,1640,R,1670,R,1760,R,3160,R,3180,R,3240,R,3350
2020,445188,R,12570,R,1530,A,.,R,12570,R,1530,A,.,R,42324,R,1530,A,.,R,12570,R,1530,A,.,R,12570,R,1530,A,.,R,42324,R,1530,A,.,A,.,A,.,A,.,A,.,A,.,A,.,A,.,A,.,A,.,A,.,A,.,A,.,A,.,A,.,A,.,A,.,A,.,A,.,A,.,A,.,A,.,A,.,A,.,A,.,A,.,A,.,A,.,A,.,A,.,A,.,A,.,A,.,A,.,A,.,A,.,A,.,R,11502,R,2096,R,13598,R,11442,R,2096,R,13538,R,11442,R,2096,R,13538,R,12570,R,1530,R,14100,.,.,R,11502,R,2096,R,13598,R,11442,R,2096,R,13538,R,11442,R,2096,R,13538,R,12570,R,1530,R,14100,.,.,R,39516,R,2096,R,41612,R,40434,R,2096,R,42530,R,41196,R,2096,R,43292,R,42324,R,1530,R,43854,.,.,R,1109,R,1006,R,1016,R,1200,R,16790,R,16814,R,17046,R,16500,R,4179,R,4305,R,4373,R,4900,R,7987,R,8318,R,8595,R,13400,R,4687,R,4827,R,4909,R,5300,R,11303,R,11695,R,12005,R,17250
2019,100858,R,9816,R,1676,R,409,R,9816,R,1676,R,409,R,29448,R,1676,R,1227,R,9828,R,1676,R,546,R,9828,R,1676,R,546,R,29484,R,1676,R,1638,Y,.,Y,.,Y,.,Y,.,Y,.,Y,.,Y,.,Y,.,Y,.,Y,.,Y,.,Y,.,Y,.,Y,.,Y,.,Y,.,Y,.,Y,.,Y,.,Y,.,R,9828,R,12242,R,29484,R,12242,Y,.,Y,.,Y,.,Y,.,R,9828,R,10760,R,29484,R,18760,Y,.,Y,.,Y,.,Y,.,R,9072,R,1624,R,10696,R,9336,R,1632,R,10968,R,9624,R,1652,R,11276,R,9816,R,1676,R,11492,.,.,R,9072,R,1624,R,10696,R,9336,R,1632,R,10968,R,9624,R,1652,R,11276,R,9816,R,1676,R,11492,.,.,R,27216,R,1624,R,28840,R,28008,R,1632,R,29640,R,28872,R,1652,R,30524,R,29448,R,1676,R,31124,.,.,R,1200,R,1200,R,1200,R,1200,R,12898,R,13332,R,13332,R,13600,R,5664,R,5782,R,5782,R,5904,R,12898,R,13332,R,13332,R,13600,R,5664,R,5782,R,5782,R,5904,R,5664,R,5782,R,5782,R,5904
2019,110404,R,52506,R,2094,A,.,R,52506,R,2094,A,.,R,52506,R,2094,A,.,R,52506,R,2031,R,486,R,52506,R,2031,R,486,R,52506,R,2031,R,486,A,.,A,.,A,.,A,.,A,.,A,.,A,.,A,.,A,.,A,.,A,.,A,.,A,.,A,.,A,.,A,.,A,.,A,.,A,.,A,.,A,.,A,.,A,.,A,.,A,.,A,.,A,.,A,.,A,.,A,.,A,.,A,.,A,.,A,.,A,.,A,.,R,45846,R,1731,R,47577,R,48111,R,1797,R,49908,R,50487,R,1875,R,52362,R,52506,R,2094,R,54600,.,.,R,45846,R,1731,R,47577,R,48111,R,1797,R,49908,R,50487,R,1875,R,52362,R,52506,R,2094,R,54600,.,.,R,45846,R,1731,R,47577,R,48111,R,1797,R,49908,R,50487,R,1875,R,52362,R,52506,R,2094,R,54600,.,.,R,1323,R,1323,R,1323,R,1428,R,14100,R,14796,R,15525,R,16644,R,2874,R,2874,R,2874,R,2091,R,12492,R,13293,R,13779,R,14631,R,4158,R,4248,R,4248,R,4311,R,4284,R,4383,R,4365,R,4698
2019,110635,R,11442,R,2811,A,.,R,11442,R,2811,A,.,R,41196,R,2811,A,.,R,11442,R,2745,A,.,R,11442,R,2745,A,.,R,26544,R,2745,A,.,Y,.,Y,.,Y,.,Y,.,Y,.,Y,.,Y,.,Y,.,R,34521,R,2745,R,46766,R,2745,R,30468,R,2745,R,42155,R,2745,Y,.,Y,.,Y,.,Y,.,Y,.,Y,.,Y,.,Y,.,Y,.,Y,.,Y,.,Y,.,Y,.,Y,.,Y,.,Y,.,R,49242,R,2745,R,52571,R,2745,R,11220,R,2289,R,13509,R,11502,R,2668,R,14170,R,11442,R,2742,R,14184,R,11442,R,2811,R,14253,.,.,R,11220,R,2289,R,13509,R,11502,R,2668,R,14170,R,11442,R,2742,R,14184,R,11442,R,2811,R,14253,.,.,R,37902,R,2289,R,40191,R,39516,R,2668,R,42184,R,40434,R,2742,R,43176,R,41196,R,2811,R,44007,.,.,R,1262,R,891,R,849,R,870,R,16389,R,17549,R,18222,R,19105,R,4804,R,4379,R,4811,R,5148,R,10549,R,13605,R,14246,R,14771,R,5162,R,4581,R,5017,R,5359,R,11227,R,11738,R,12441,R,13025
2019,110644,R,11442,R,3053,A,.,R,11442,R,3053,A,.,R,41196,R,3053,A,.,R,11442,R,2156,A,.,R,11442,R,2156,A,.,R,26544,R,2156,A,.,Y,.,Y,.,Y,.,Y,.,Y,.,Y,.,Y,.,Y,.,R,34526,R,2156,R,46771,R,2156,Y,.,Y,.,Y,.,Y,.,Y,.,Y,.,Y,.,Y,.,Y,.,Y,.,Y,.,Y,.,Y,.,Y,.,Y,.,Y,.,R,27504,R,2156,R,39749,R,2156,R,47332,R,2156,R,56435,R,2156,R,11220,R,2826,R,14046,R,11502,R,2917,R,14419,R,11442,R,2960,R,14402,R,11442,R,3053,R,14495,.,.,R,11220,R,2826,R,14046,R,11502,R,2917,R,14419,R,11442,R,2960,R,14402,R,11442,R,3053,R,14495,.,.,R,37902,R,2826,R,40728,R,39516,R,2917,R,42433,R,40434,R,2960,R,43394,R,41196,R,3053,R,44249,.,.,R,1601,R,1253,R,1136,R,1158,R,14838,R,16136,R,15645,R,15775,R,4482,R,3921,R,3994,R,4507,R,8606,R,9792,R,10228,R,10588,R,5665,R,4383,R,4467,R,4856,R,10907,R,11385,R,11733,R,12360
2019,110653,R,11442,R,2285,A,.,R,11442,R,2285,A,.,R,41196,R,2285,A,.,R,11442,R,1907,A,.,R,11442,R,1907,A,.,R,26544,R,1907,A,.,Y,.,Y,.,Y,.,Y,.,Y,.,Y,.,Y,.,Y,.,R,34527,R,1907,R,46772,R,1907,Y,.,Y,.,Y,.,Y,.,Y,.,Y,.,Y,.,Y,.,Y,.,Y,.,Y,.,Y,.,Y,.,Y,.,Y,.,Y,.,Y,.,Y,.,Y,.,Y,.,R,45578,R,1907,R,51641,R,1907,R,11220,R,2140,R,13360,R,11502,R,2236,R,13738,R,11442,R,2258,R,13700,R,11442,R,2285,R,13727,.,.,R,11220,R,2140,R,13360,R,11502,R,2236,R,13738,R,11442,R,2258,R,13700,R,11442,R,2285,R,13727,.,.,R,37902,R,2140,R,40042,R,39516,R,2236,R,41752,R,40434,R,2258,R,42692,R,41196,R,2285,R,43481,.,.,R,1766,R,1357,R,1363,R,1390,R,13429,R,14861,R,15263,R,16135,R,4375,R,3902,R,3935,R,4111,R,9814,R,11897,R,12424,R,12861,R,5383,R,4904,R,4968,R,5184,R,10290,R,10904,R,11203,R,11633
2019,110662,R,11442,R,1798,A,.,R,11442,R,1798,A,.,R,41196,R,1798,A,.,R,11442,R,1511,A,.,R,11442,R,1511,A,.,R,26544,R,1511,A,.,Y,.,Y,.,Y,.,Y,.,R,39162,R,1511,R,49355,R,1511,R,36374,R,1511,R,48619,R,1511,Y,.,Y,.,Y,.,Y,.,Y,.,Y,.,Y,.,Y,.,Y,.,Y,.,Y,.,Y,.,Y,.,Y,.,Y,.,Y,.,Y,.,Y,.,Y,.,Y,.,R,45578,R,1511,R,51641,R,1511,R,11220,R,1700,R,12920,R,11502,R,1759,R,13261,R,11442,R,1784,R,13226,R,11442,R,1798,R,13240,.,.,R,11220,R,1700,R,12920,R,11502,R,1759,R,13261,R,11442,R,1784,R,13226,R,11442,R,1798,R,13240,.,.,R,37902,R,1700,R,39602,R,39516,R,1759,R,41275,R,40434,R,1784,R,42218,R,41196,R,1798,R,42994,.,.,R,1636,R,1171,R,1450,R,1463,R,15069,R,15441,R,15816,R,16625,R,4431,R,4028,R,4128,R,4465,R,10667,R,13207,R,13808,R,14303,R,5140,R,4655,R,4772,R,5126,R,10765,R,11303,R,11673,R,12256
2019,110671,R,11442,R,2411,A,.,R,11442,R,2411,A,.,R,41196,R,2411,A,.,R,11442,R,2142,A,.,R,11442,R,2142,A,.,R,26544,R,2142,A,.,Y,.,Y,.,Y,.,Y,.,Y,.,Y,.,Y,.,Y,.,R,35430,R,2142,R,47675,R,2142,Y,.,Y,.,Y,.,Y,.,Y,.,Y,.,Y,.,Y,.,Y,.,Y,.,Y,.,Y,.,Y,.,Y,.,Y,.,Y,.,Y,.,Y,.,Y,.,Y,.,Y,.,Y,.,Y,.,Y,.,R,11220,R,2361,R,13581,R,11502,R,2415,R,13917,R,11442,R,2385,R,13827,R,11442,R,2411,R,13853,.,.,R,11220,R,2361,R,13581,R,11502,R,2415,R,13917,R,11442,R,2385,R,13827,R,11442,R,2411,R,13853,.,.,R,37902,R,2361,R,40263,R,39516,R,2415,R,41931,R,40434,R,2385,R,42819,R,41196,R,2411,R,43607,.,.,R,1716,R,1316,R,1404,R,1436,R,14607,R,15542,R,16017,R,16082,R,4487,R,3888,R,3994,R,4016,R,9008,R,10175,R,10618,R,10986,R,5317,R,4625,R,4751,R,4792,R,10244,R,10883,R,11252,R,11512
2019,110680,R,11442,R,2973,A,.,R,11442,R,2973,A,.,R,41196,R,2973,A,.,R,11442,R,2013,A,.,R,11442,R,2013,A,.,R,26544,R,2013,A,.,Y,.,Y,.,Y,.,Y,.,Y,.,Y,.,Y,.,Y,.,R,34977,R,2013,R,47222,R,2013,Y,.,Y,.,Y,.,Y,.,Y,.,Y,.,Y,.,Y,.,R,36936,R,2013,R,49181,R,2013,Y,.,Y,.,Y,.,Y,.,Y,.,Y,.,Y,.,Y,.,Y,.,Y,.,Y,.,Y,.,R,11220,R,2425,R,13645,R,11502,R,2516,R,14018,R,11442,R,2725,R,14167,R,11442,R,2973,R,14415,.,.,R,11220,R,2425,R,13645,R,11502,R,2516,R,14018,R,11442,R,2725,R,14167,R,11442,R,2973,R,14415,.,.,R,37902,R,2425,R,40327,R,39516,R,2516,R,42032,R,40434,R,2725,R,43159,R,41196,R,2973,R,44169,.,.,R,1541,R,1198,R,1102,R,1128,R,12545,R,13115,R,13651,R,14271,R,4508,R,3832,R,3918,R,4035,R,10131,R,12652,R,13215,R,13681,R,5621,R,4521,R,4626,R,4760,R,10626,R,11063,R,11418,R,11779
2019,110705,R,11442,R,2949,A,.,R,11442,R,2949,A,.,R,41196,R,2949,A,.,R,11442,R,2112,A,.,R,11442,R,2112,A,.,R,26544,R,2112,A,.,A,.,A,.,A,.,A,.,A,.,A,.,A,.,A,.,A,.,A,.,A,.,A,.,A,.,A,.,A,.,A,.,A,.,A,.,A,.,A,.,A,.,A,.,A,.,A,.,A,.,A,.,A,.,A,.,A,.,A,.,A,.,A,.,A,.,A,.,A,.,A,.,R,11220,R,2853,R,14073,R,11502,R,2949,R,14451,R,11442,R,2949,R,14391,R,11442,R,2949,R,14391,.,.,R,11220,R,2853,R,14073,R,11502,R,2949,R,14451,R,11442,R,2949,R,14391,R,11442,R,2949,R,14391,.,.,R,37902,R,2853,R,40755,R,39516,R,2949,R,42465,R,40434,R,2949,R,43383,R,41196,R,2949,R,44145,.,.,R,1431,R,1143,R,1157,R,1184,R,14015,R,15169,R,15673,R,15520,R,5653,R,5348,R,5438,R,5670,R,9855,R,11825,R,12370,R,12818,R,6105,R,5706,R,5808,R,6045,R,11765,R,12450,R,12807,R,13276
2019,110714,R,11442,R,2549,A,.,R,11442,R,2549,A,.,R,41196,R,2549,A,.,R,11442,R,2366,A,.,R,11442,R,2366,A,.,R,26544,R,2366,A,.,A,.,A,.,A,.,A,.,A,.,A,.,A,.,A,.,A,.,A,.,A,.,A,.,A,.,A,.,A,.,A,.,A,.,A,.,A,.,A,.,A,.,A,.,A,.,A,.,A,.,A,.,A,.,A,.,A,.,A,.,A,.,A,.,A,.,A,.,A,.,A,.,R,11220,R,2319,R,13539,R,11502,R,2518,R,14020,R,11442,R,2518,R,13960,R,11442,R,2549,R,13991,.,.,R,11220,R,2319,R,13539,R,11502,R,2518,R,14020,R,11442,R,2518,R,13960,R,11442,R,2549,R,13991,.,.,R,37902,R,2319,R,40221,R,39516,R,2518,R,42034,R,40434,R,2518,R,42952,R,41196,R,2549,R,43745,.,.,R,1470,R,1152,R,1089,R,1085,R,15217,R,16055,R,16448,R,16951,R,5182,R,4813,R,4720,R,5270,R,10296,R,12199,R,12757,R,13216,R,5972,R,5187,R,5102,R,5442,R,11490,R,12008,R,12182,R,12755
2019,121150,R,55640,R,252,R,1745,R,55640,R,252,R,1745,R,55640,R,252,R,1745,R,34900,R,120,R,1745,R,34900,R,120,R,1745,R,34900,R,120,R,1745,Y,.,Y,.,Y,.,Y,.,Y,.,Y,.,Y,.,Y,.,Y,.,Y,.,Y,.,Y,.,Y,.,Y,.,Y,.,Y,.,Y,.,Y,.,Y,.,Y,.,Y,.,Y,.,Y,.,Y,.,Y,.,Y,.,Y,.,Y,.,Y,.,Y,.,Y,.,Y,.,R,57500,R,60,R,57500,R,60,R,49770,R,252,R,50022,R,51740,R,252,R,51992,R,53680,R,252,R,53932,R,55640,R,252,R,55892,.,.,R,49770,R,252,R,50022,R,51740,R,252,R,51992,R,53680,R,252,R,53932,R,55640,R,252,R,55892,.,.,R,49770,R,252,R,50022,R,51740,R,252,R,51992,R,53680,R,252,R,53932,R,55640,R,252,R,55892,.,.,R,1500,R,1500,R,1250,R,1250,R,14330,R,14870,R,15320,R,15670,R,2500,R,2500,R,2500,R,2500,R,14330,R,14870,R,15320,R,15670,R,2500,R,2500,R,2500,R,2500,R,2500,R,2500,R,2500,R,2500
2019,122931,R,52998,R,636,R,1472,R,52998,R,636,R,1472,R,52998,R,636,R,1472,R,25056,R,0,R,1044,R,25056,Z,0,R,1044,R,25056,Z,0,R,1044,Y,.,Y,.,Y,.,Y,.,Y,.,Y,.,Y,.,Y,.,Y,.,Y,.,Y,.,Y,.,Y,.,Y,.,Y,.,Y,.,Y,.,Y,.,Y,.,Y,.,Y,.,Y,.,Y,.,Y,.,Y,.,Y,.,Y,.,Y,.,Y,.,Y,.,Y,.,Y,.,R,56280,R,0,R,56280,R,0,R,47112,R,0,R,47112,R,49233,R,625,R,49858,R,51081,R,630,R,51711,R,52998,R,636,R,53634,.,.,R,47112,R,0,R,47112,R,49233,R,625,R,49858,R,51081,R,630,R,51711,R,52998,R,636,R,53634,.,.,R,47112,R,0,R,47112,R,49233,R,625,R,49858,R,51081,R,630,R,51711,R,52998,R,636,R,53634,.,.,R,1791,R,1854,R,1917,R,1971,R,13965,R,14487,R,14910,R,15507,R,3168,R,3240,R,3240,R,3717,R,12492,R,13293,R,13779,R,15084,R,4158,R,4239,R,4248,R,5274,R,4284,R,4374,R,4365,R,4698
2019,123961,R,57256,R,877,R,1928,R,57256,R,877,R,1928,R,57256,R,877,R,1928,R,46272,R,835,R,1928,R,46272,R,835,R,1928,R,46272,R,835,R,1928,Y,.,Y,.,Y,.,Y,.,R,97725,R,8313,R,97725,R,8313,R,64538,R,3065,R,64538,R,3065,Y,.,Y,.,Y,.,Y,.,Y,.,Y,.,Y,.,Y,.,R,58836,R,3603,R,58836,R,3603,Y,.,Y,.,Y,.,Y,.,Y,.,Y,.,Y,.,Y,.,R,66306,R,885,R,66306,R,885,R,51442,R,841,R,52283,R,53448,R,811,R,54259,R,55320,R,905,R,56225,R,57256,R,939,R,58195,.,.,R,51442,R,841,R,52283,R,53448,R,811,R,54259,R,55320,R,905,R,56225,R,57256,R,939,R,58195,.,.,R,51442,R,841,R,52283,R,53448,R,811,R,54259,R,55320,R,905,R,56225,R,57256,R,939,R,58195,.,.,R,1200,R,1200,R,1200,R,1200,R,14348,R,14886,R,15400,R,15912,R,1880,R,1864,R,2000,R,2152,R,14348,R,14886,R,15400,R,15912,R,1880,R,1864,R,2000,R,2152,R,3940,R,3936,R,5070,R,5320
2019,126614,R,10728,R,1772,R,447,R,10728,R,1772,R,447,R,34930,R,1772,R,2911,R,11826,R,1730,R,657,R,11826,R,1730,R,657,R,31284,R,1730,R,1738,Y,.,Y,.,Y,.,Y,.,Y,.,Y,.,Y,.,Y,.,Y,.,Y,.,Y,.,Y,.,Y,.,Y,.,Y,.,Y,.,Y,.,Y,.,Y,.,Y,.,Y,.,Y,.,Y,.,Y,.,Y,.,Y,.,Y,.,Y,.,Y,.,Y,.,Y,.,Y,.,R,29718,R,2086,R,36504,R,2086,R,9768,R,1763,R,11531,R,10248,R,1838,R,12086,R,10728,R,1804,R,12532,R,10728,R,1772,R,12500,0,0,R,9768,R,1763,R,11531,R,10248,R,1838,R,12086,R,10728,R,1804,R,12532,R,10728,R,1772,R,12500,0,0,R,33316,R,1763,R,35079,R,34382,R,1838,R,36220,R,35482,R,1804,R,37286,R,36546,R,1772,R,38318,0,.,R,1800,R,1800,R,1800,R,1200,R,13590,R,13998,R,14418,R,14778,R,2294,R,2294,R,2294,R,2556,R,11788,R,12428,R,12622,R,13050,R,2294,R,2294,R,2294,R,2556,R,2142,R,2142,R,2142,R,2556
2019,126775,R,16650,R,2412,R,555,R,16650,R,2412,R,555,R,37350,R,2412,R,1245,R,16650,R,2412,R,925,R,16650,R,2412,R,925,R,37350,R,2412,R,2075,A,.,A,.,A,.,A,.,A,.,A,.,A,.,A,.,A,.,A,.,A,.,A,.,A,.,A,.,A,.,A,.,A,.,A,.,A,.,A,.,A,.,A,.,A,.,A,.,A,.,A,.,A,.,A,.,A,.,A,.,A,.,A,.,A,.,A,.,A,.,A,.,R,15690,R,2152,R,17842,R,16170,R,2216,R,18386,R,16650,R,2314,R,18964,R,16650,R,2412,R,19062,.,.,R,15690,R,2152,R,17842,R,16170,R,2216,R,18386,R,16650,R,2314,R,18964,R,16650,R,2412,R,19062,.,.,R,34020,R,2152,R,36172,R,35220,R,2216,R,37436,R,36270,R,2314,R,38584,R,37350,R,2412,R,39762,.,.,R,1500,R,1500,R,1500,R,1500,R,11477,R,11897,R,13169,R,14211,R,1865,R,1865,R,1865,R,1879,R,9072,R,9072,R,9072,R,10142,R,2610,R,2610,R,2615,R,3083,R,2500,R,2500,R,2505,R,2505
2019,129020,R,13798,R,3428,R,575,R,13798,R,3428,R,575,R,36466,R,3428,R,1520,R,16300,R,2756,R,906,R,16300,R,2756,R,906,R,38212,R,2756,R,2123,Y,.,Y,.,Y,.,Y,.,R,35810,R,2627,R,73564,R,2627,R,38585,R,2910,R,72665,R,2910,Y,.,Y,.,Y,.,Y,.,Y,.,Y,.,Y,.,Y,.,R,26630,R,3428,R,45268,R,3428,Y,.,Y,.,Y,.,Y,.,Y,.,Y,.,Y,.,Y,.,R,30354,R,934,R,51786,R,934,R,11224,R,2842,R,14066,R,11998,R,2882,R,14880,R,12848,R,2882,R,15730,R,13798,R,3428,R,17226,.,.,R,11224,R,2842,R,14066,R,11998,R,2882,R,14880,R,12848,R,2882,R,15730,R,13798,R,3428,R,17226,.,.,R,33016,R,2842,R,35858,R,34066,R,2882,R,36948,R,35216,R,2882,R,38098,R,36466,R,3428,R,39894,.,.,R,850,R,850,R,950,R,950,R,12436,R,12514,R,12874,R,13258,R,2650,R,2800,R,2850,R,2850,R,12436,R,12514,R,12874,R,13258,R,2650,R,2800,R,2850,R,2850,R,2600,R,2750,R,2650,R,2650
2019,130794,R,55500,R,0,A,.,R,55500,Z,0,A,.,R,55500,Z,0,A,.,R,43300,R,0,A,.,R,43300,Z,0,A,.,R,43300,Z,0,A,.,Y,.,Y,.,Y,.,Y,.,Y,.,Y,.,Y,.,Y,.,R,62974,R,1050,R,62974,R,1050,Y,.,Y,.,Y,.,Y,.,Y,.,Y,.,Y,.,Y,.,Y,.,Y,.,Y,.,Y,.,Y,.,Y,.,Y,.,Y,.,Y,.,Y,.,Y,.,Y,.,R,63878,R,2250,R,63878,R,2250,R,49480,R,0,R,49480,R,51400,R,0,R,51400,R,53430,R,0,R,53430,R,55500,R,0,R,55500,.,.,R,49480,R,0,R,49480,R,51400,R,0,R,51400,R,53430,R,0,R,53430,R,55500,R,0,R,55500,.,.,R,49480,R,0,R,49480,R,51400,R,0,R,51400,R,53430,R,0,R,53430,R,55500,R,0,R,55500,.,.,R,3580,R,3670,R,3750,R,1050,R,15170,R,15500,R,16000,R,16600,R,720,R,720,R,720,R,3495,A,.,A,.,A,.,A,.,A,.,A,.,A,.,A,.,A,.,A,.,A,.,A,.
2019,130943,R,12730,R,1550,R,530,R,12730,R,1550,R,530,R,34160,R,1550,R,1423,R,34164,R,792,R,1898,R,34164,R,792,R,1898,R,34164,R,792,R,1898,A,.,A,.,A,.,A,.,A,.,A,.,A,.,A,.,A,.,A,.,A,.,A,.,A,.,A,.,A,.,A,.,A,.,A,.,A,.,A,.,A,.,A,.,A,.,A,.,A,.,A,.,A,.,A,.,A,.,A,.,A,.,A,.,A,.,A,.,A,.,A,.,R,11540,R,1290,R,12830,R,11870,R,1290,R,13160,R,12250,R,1430,R,13680,R,12730,R,1550,R,14280,.,.,R,11540,R,1290,R,12830,R,11870,R,1290,R,13160,R,12250,R,1430,R,13680,R,12730,R,1550,R,14280,.,.,R,30960,R,1290,R,32250,R,31860,R,1290,R,33150,R,32880,R,1430,R,34310,R,34160,R,1550,R,35710,.,.,R,800,R,1000,R,1000,R,1000,R,12068,R,12332,R,12862,R,13208,R,1500,R,1800,R,1800,R,1800,R,12068,R,12332,R,12862,R,13208,R,1500,R,1800,R,1800,R,1800,R,1500,R,3300,R,1800,R,1800
2019,131159,R,49070,R,819,R,1635,R,49070,R,819,R,1635,R,49070,R,819,R,1635,R,30351,R,762,R,1861,R,30351,R,762,R,1861,R,30351,R,762,R,1861,Y,.,Y,.,Y,.,Y,.,Y,.,Y,.,Y,.,Y,.,Y,.,Y,.,Y,.,Y,.,Y,.,Y,.,Y,.,Y,.,Y,.,Y,.,Y,.,Y,.,Y,.,Y,.,Y,.,Y,.,Y,.,Y,.,Y,.,Y,.,Y,.,Y,.,Y,.,Y,.,R,56684,R,1152,R,56684,R,1152,R,44046,R,807,R,44853,R,45808,R,807,R,46615,R,47640,R,819,R,48459,R,49070,R,819,R,49889,.,.,R,44046,R,807,R,44853,R,45808,R,807,R,46615,R,47640,R,819,R,48459,R,49070,R,819,R,49889,.,.,R,44046,R,807,R,44853,R,45808,R,807,R,46615,R,47640,R,819,R,48459,R,49070,R,819,R,49889,.,.,R,800,R,800,R,800,R,800,R,15698,R,15898,R,16100,R,16096,R,921,R,921,R,909,R,909,R,15698,R,15898,R,16100,R,16096,R,921,R,921,R,909,R,909,R,1621,R,1621,R,1609,R,1609
2019,131469,R,54453,R,85,R,1625,R,54453,R,85,R,1625,R,54453,R,85,R,1625,R,31770,R,54,R,1765,R,31770,R,54,R,1765,R,31770,R,54,R,1765,Y,.,Y,.,Y,.,Y,.,Y,.,Y,.,Y,.,Y,.,R,62060,R,140,R,62060,R,140,Y,.,Y,.,Y,.,Y,.,Y,.,Y,.,Y,.,Y,.,Y,.,Y,.,Y,.,Y,.,Y,.,Y,.,Y,.,Y,.,Y,.,Y,.,Y,.,Y,.,R,63205,R,0,R,63205,R,0,R,51875,R,75,R,51950,R,53435,R,83,R,53518,R,55140,R,90,R,55230,R,56845,R,90,R,56935,0,0,R,51875,R,75,R,51950,R,53435,R,83,R,53518,R,55140,R,90,R,55230,R,56845,R,90,R,56935,0,0,R,51875,R,75,R,51950,R,53435,R,83,R,53518,R,55140,R,90,R,55230,R,56845,R,90,R,56935,0,0,R,1275,R,1325,R,1325,R,1400,R,12500,R,13000,R,13850,R,14300,R,1500,R,1525,R,1525,R,1525,R,12500,R,13000,R,13850,R,14300,R,1900,R,1525,R,1525,R,1525,R,1500,R,1525,R,1525,R,1525
2019,131496,R,55440,R,618,R,2310,R,55440,R,618,R,2310,R,55440,R,618,R,2310,R,51336,R,454,R,2139,R,51336,R,454,R,2139,R,51336,R,454,R,2139,Y,.,Y,.,Y,.,Y,.,Y,.,Y,.,Y,.,Y,.,R,53598,Z,0,R,53598,Z,0,Y,.,Y,.,Y,.,Y,.,Y,.,Y,.,Y,.,Y,.,Y,.,Y,.,Y,.,Y,.,Y,.,Y,.,Y,.,Y,.,Y,.,Y,.,Y,.,Y,.,R,64548,Z,0,R,64548,Z,0,R,49968,R,579,R,50547,R,51720,R,580,R,52300,R,53520,R,584,R,54104,R,55440,R,618,R,56058,.,.,R,49968,R,579,R,50547,R,51720,R,580,R,52300,R,53520,R,584,R,54104,R,55440,R,618,R,56058,.,.,R,49968,R,579,R,50547,R,51720,R,580,R,52300,R,53520,R,584,R,54104,R,55440,R,618,R,56058,.,.,R,1200,R,1200,R,1200,R,1200,R,14962,R,15434,R,15850,R,16466,R,2604,R,2646,R,2686,R,2556,A,.,A,.,A,.,A,.,A,.,A,.,A,.,A,.,A,.,A,.,A,.,A,.
2019,131520,R,24966,R,2240,R,1045,R,24966,R,2240,R,1045,R,24966,R,2240,R,1045,R,31309,R,1940,R,1700,R,31309,R,1940,R,1700,R,31309,R,1940,R,1700,Y,.,Y,.,Y,.,Y,.,R,42432,R,3058,R,42432,R,3058,R,45254,R,3214,R,45254,R,3214,Y,.,Y,.,Y,.,Y,.,Y,.,Y,.,Y,.,Y,.,R,30842,R,4340,R,30842,R,4340,Y,.,Y,.,Y,.,Y,.,Y,.,Y,.,Y,.,Y,.,R,32056,R,3590,R,32056,R,3590,R,23419,R,1489,R,24908,R,24122,R,1575,R,25697,R,24966,R,1790,R,26756,R,24966,R,2240,R,27206,.,.,R,23419,R,1489,R,24908,R,24122,R,1575,R,25697,R,24966,R,1790,R,26756,R,24966,R,2240,R,27206,.,.,R,23419,R,1489,R,24908,R,24122,R,1575,R,25697,R,24966,R,1790,R,26756,R,24966,R,2240,R,27206,.,.,R,1500,R,1500,R,1500,R,1900,R,13280,R,13504,R,13895,R,14365,R,1800,R,2500,R,2500,R,2500,A,.,A,.,A,.,A,.,A,.,A,.,A,.,A,.,A,.,A,.,A,.,A,.
2019,133951,R,4721,R,1844,R,206,R,4721,R,1844,R,206,R,16529,R,2434,R,619,R,8912,R,2194,R,446,R,8912,R,2194,R,446,R,21393,R,2818,R,992,Y,.,Y,.,Y,.,Y,.,Y,.,Y,.,Y,.,Y,.,R,32737,R,6118,R,62737,R,7618,Y,.,Y,.,Y,.,Y,.,Y,.,Y,.,Y,.,Y,.,Y,.,Y,.,Y,.,Y,.,Y,.,Y,.,Y,.,Y,.,Y,.,Y,.,Y,.,Y,.,R,17400,R,3269,R,30528,R,3925,R,4721,R,1835,R,6556,R,4721,R,1835,R,6556,R,4721,R,1835,R,6556,R,4721,R,1844,R,6565,.,.,R,4721,R,1835,R,6556,R,4721,R,1835,R,6556,R,4721,R,1825,R,6546,R,4721,R,1844,R,6565,.,.,R,16529,R,2425,R,18954,R,16529,R,2425,R,18954,R,16529,R,2425,R,18954,R,16529,R,2434,R,18963,.,.,R,1590,R,1634,R,1350,R,1350,R,10846,R,10882,R,10882,R,11136,R,4520,R,4616,R,4718,R,4814,R,11837,R,12090,R,12348,R,12584,R,5354,R,5470,R,5590,R,5702,R,7396,R,7556,R,7718,R,7870
2019,134097,R,4640,R,1877,R,218,R,4640,R,1877,R,218,R,19084,R,2599,R,724,R,9684,R,1869,R,482,R,9684,R,1869,R,482,R,24116,R,2591,R,1114,Y,.,Y,.,Y,.,Y,.,Y,.,Y,.,Y,.,Y,.,R,22408,R,3203,R,55314,R,4848,Y,.,Y,.,Y,.,Y,.,Y,.,Y,.,Y,.,Y,.,Y,.,Y,.,Y,.,Y,.,Y,.,Y,.,Y,.,Y,.,Y,.,Y,.,Y,.,Y,.,R,18071,R,2623,R,37130,R,3575,R,4640,R,1867,R,6507,R,4022,R,1634,R,5656,R,4022,R,1634,R,5656,R,4022,R,1634,R,5656,.,.,R,4640,R,1867,R,6507,R,4022,R,1634,R,5656,R,4022,R,1634,R,5656,R,4022,R,1634,R,5656,.,.,R,19084,R,2589,R,21673,R,16540,R,2246,R,18786,R,16540,R,2246,R,18786,R,16540,R,2246,R,18786,.,.,R,1000,R,1000,R,1000,R,1000,R,10304,R,10458,R,10666,R,10780,R,4764,R,4660,R,4846,R,5010,R,10304,R,10458,R,10666,R,10780,R,4764,R,4660,R,4846,R,5010,R,4764,R,4660,R,4846,R,5010
2019,134130,R,4477,R,1904,R,149,R,4477,R,1904,R,149,R,25694,R,2965,R,856,R,10770,R,1967,R,449,R,10770,R,1967,R,449,R,27335,R,2795,R,1139,Y,.,Y,.,Y,.,Y,.,R,37564,R,4154,R,62783,R,5415,R,32744,R,3913,R,60592,R,5306,Y,.,Y,.,Y,.,Y,.,Y,.,Y,.,Y,.,Y,.,R,19845,R,3057,R,41886,R,4159,Y,.,Y,.,Y,.,Y,.,R,25248,R,3539,R,45225,R,4538,R,19139,R,2665,R,34602,R,3438,R,4477,R,1904,R,6381,R,4477,R,1904,R,6381,R,4477,R,1904,R,6381,R,4477,R,1904,R,6381,.,.,R,4477,R,1904,R,6381,R,4477,R,1904,R,6381,R,4477,R,1904,R,6381,R,4477,R,1904,R,6381,.,.,R,25694,R,2965,R,28659,R,25694,R,2965,R,28659,R,25694,R,2965,R,28659,R,25694,R,2965,R,28659,.,.,R,1210,R,1210,R,1030,R,850,R,9910,R,9910,R,10120,R,10220,R,3750,R,3630,R,3680,R,3760,R,9890,R,9910,R,10120,R,10220,R,3750,R,3630,R,3680,R,3760,R,3750,R,3630,R,3680,R,3760
2019,135726,R,50400,R,1530,R,2100,R,50400,R,1530,R,2100,R,50400,R,1530,R,2100,R,37800,R,1108,R,2100,R,37800,R,1108,R,2100,R,37800,R,1108,R,2100,Y,.,Y,.,Y,.,Y,.,Y,.,Y,.,Y,.,Y,.,R,45871,R,1314,R,45871,R,1314,Y,.,Y,.,Y,.,Y,.,Y,.,Y,.,Y,.,Y,.,Y,.,Y,.,Y,.,Y,.,Y,.,Y,.,Y,.,Y,.,Y,.,Y,.,Y,.,Y,.,R,53000,R,1134,R,53000,R,1134,R,45600,R,1404,R,47004,R,47040,R,1444,R,48484,R,48720,R,1506,R,50226,R,50400,R,1530,R,51930,.,.,R,45600,R,1404,R,47004,R,47040,R,1444,R,48484,R,48720,R,1506,R,50226,R,50400,R,1530,R,51930,.,.,R,45600,R,1404,R,47004,R,47040,R,1444,R,48484,R,48720,R,1506,R,50226,R,50400,R,1530,R,51930,.,.,R,930,R,1000,R,1000,R,1000,R,13310,R,13666,R,14108,R,14658,R,3062,R,3124,R,3126,R,3318,R,16490,R,16926,R,17448,R,18238,R,3062,R,3124,R,3126,R,3318,R,3062,R,3124,R,3126,R,3318
2019,137351,R,4559,R,1851,R,211,R,4559,R,1851,R,211,R,15473,R,1851,R,575,R,8350,R,2078,R,431,R,8350,R,2078,R,431,R,19048,R,2078,R,877,Y,.,Y,.,Y,.,Y,.,Y,.,Y,.,Y,.,Y,.,R,29175,R,4551,R,49355,R,5561,Y,.,Y,.,Y,.,Y,.,Y,.,Y,.,Y,.,Y,.,R,16610,R,3295,R,34355,R,4182,Y,.,Y,.,Y,.,Y,.,Y,.,Y,.,Y,.,Y,.,Y,.,Y,.,Y,.,Y,.,R,4559,R,1851,R,6410,R,4559,R,1851,R,6410,R,4559,R,1851,R,6410,R,4559,R,1851,R,6410,.,.,R,4559,R,1851,R,6410,R,4559,R,1851,R,6410,R,4559,R,1851,R,6410,R,4559,R,1851,R,6410,.,.,R,15473,R,1851,R,17324,R,15473,R,1851,R,17324,R,15473,R,1851,R,17324,R,15473,R,1851,R,17324,.,.,R,1200,R,1200,R,1200,R,1100,R,9700,R,10808,R,11610,R,11836,R,4100,R,4100,R,4100,R,4100,R,9700,R,9700,R,9820,R,9920,R,4100,R,4100,R,4100,R,4100,R,4100,R,4100,R,4100,R,4100
2019,139658,R,53070,R,734,R,2211,R,53070,R,734,R,2211,R,53070,R,734,R,2211,R,42800,R,842,R,2378,R,42800,R,842,R,2378,R,42800,R,842,R,2378,Y,.,Y,.,Y,.,Y,.,Y,.,Y,.,Y,.,Y,.,R,51000,R,1142,R,51000,R,1142,Y,.,Y,.,Y,.,Y,.,Y,.,Y,.,Y,.,Y,.,Y,.,Y,.,Y,.,Y,.,Y,.,Y,.,Y,.,Y,.,Y,.,Y,.,Y,.,Y,.,R,58200,R,642,R,58200,R,642,R,47300,R,654,R,47954,R,48690,R,702,R,49392,R,50590,R,716,R,51306,R,53070,R,734,R,53804,.,.,R,47300,R,654,R,47954,R,48690,R,702,R,49392,R,50590,R,716,R,51306,R,53070,R,734,R,53804,.,.,R,47300,R,654,R,47954,R,48690,R,702,R,49392,R,50590,R,716,R,51306,R,53070,R,734,R,53804,.,.,R,1224,R,1224,R,1224,R,1224,R,13486,R,13894,R,14506,R,14972,R,2416,R,2440,R,2466,R,2604,R,13486,R,13894,R,14506,R,14972,R,2416,R,2440,R,2466,R,2604,R,2416,R,2440,R,2466,R,2604
2019,139755,R,10258,R,2424,R,3048,R,10258,R,2424,R,3048,R,31370,R,2424,R,9308,R,14064,R,2024,R,586,R,14064,R,2024,R,586,R,29140,R,2024,R,1215,A,.,A,.,A,.,A,.,A,.,A,.,A,.,A,.,A,.,A,.,A,.,A,.,A,.,A,.,A,.,A,.,A,.,A,.,A,.,A,.,A,.,A,.,A,.,A,.,A,.,A,.,A,.,A,.,A,.,A,.,A,.,A,.,A,.,A,.,A,.,A,.,R,9812,R,2400,R,12212,R,10008,R,2410,R,12418,R,10008,R,2416,R,12424,R,10258,R,2424,R,12682,.,.,R,9812,R,2400,R,12212,R,10008,R,2410,R,12418,R,10008,R,2416,R,12424,R,10258,R,2424,R,12682,.,.,R,30004,R,2400,R,32404,R,30604,R,2410,R,33014,R,30604,R,2416,R,33020,R,31370,R,2424,R,33794,.,.,R,800,R,800,R,800,R,800,R,11148,R,11492,R,11492,R,12090,R,3260,R,4060,R,4060,R,4060,R,13640,R,14126,R,14126,R,14830,R,3260,R,4060,R,4060,R,4060,R,3260,R,4060,R,4060,R,4060
2019,139959,R,9790,R,2290,R,2909,R,9790,R,2290,R,2909,R,28830,R,2290,R,8555,R,8878,R,2290,R,370,R,8878,R,2290,R,370,R,25186,R,2290,R,1050,Y,.,Y,.,Y,.,Y,.,Y,.,Y,.,Y,.,Y,.,Y,.,Y,.,Y,.,Y,.,Y,.,Y,.,Y,.,Y,.,Y,.,Y,.,Y,.,Y,.,R,16636,R,2290,R,37344,R,2290,Y,.,Y,.,Y,.,Y,.,R,17514,R,2290,R,47176,R,2290,R,17604,R,2290,R,36362,R,2290,R,9364,R,2270,R,11634,R,9552,R,2266,R,11818,R,9552,R,2278,R,11830,R,9790,R,2290,R,12080,.,.,R,9364,R,2270,R,11634,R,9552,R,2266,R,11818,R,9552,R,2278,R,11830,R,9790,R,2290,R,12080,.,.,R,27574,R,2270,R,29844,R,28126,R,2266,R,30392,R,28126,R,2278,R,30404,R,28830,R,2290,R,31120,.,.,R,1006,R,986,R,986,R,990,R,9616,R,10060,R,10038,R,10314,R,3952,R,3540,R,3834,R,4066,R,8032,R,7956,R,7936,R,8392,R,3952,R,4080,R,4374,R,4650,R,3952,R,4080,R,4374,R,4650
2019,144050,R,57642,R,1656,R,1921,R,57642,R,1656,R,1921,R,57642,R,1656,R,1921,R,60300,R,1248,R,2010,R,60300,R,1248,R,2010,R,60300,R,1248,R,2010,Y,.,Y,.,Y,.,Y,.,Y,.,Y,.,Y,.,Y,.,R,56550,R,1248,R,56550,R,1248,Y,.,Y,.,Y,.,Y,.,Y,.,Y,.,Y,.,Y,.,Y,.,Y,.,Y,.,Y,.,Y,.,Y,.,Y,.,Y,.,Y,.,Y,.,Y,.,Y,.,R,66651,R,1248,R,66651,R,1248,R,50997,R,2652,R,53649,R,53292,R,2742,R,56034,R,55425,R,2805,R,58230,R,57642,R,2910,R,60552,.,.,R,50997,R,2652,R,53649,R,53292,R,2742,R,56034,R,55425,R,2805,R,58230,R,57642,R,2910,R,60552,.,.,R,50997,R,2652,R,53649,R,53292,R,2742,R,56034,R,55425,R,2805,R,58230,R,57642,R,2910,R,60552,.,.,R,1800,R,1800,R,1800,R,1800,R,15093,R,15726,R,16350,R,17004,R,2175,R,2175,R,2175,R,2175,A,.,A,.,A,.,A,.,A,.,A,.,A,.,A,.,A,.,A,.,A,.,A,.
2019,145600,R,11924,R,3290,R,464,R,11924,R,3290,R,464,R,26224,R,3290,R,808,R,13276,R,3290,R,699,R,13276,R,3290,R,699,R,23850,R,3290,R,890,Y,.,Y,.,Y,.,Y,.,R,34766,R,11244,R,62562,R,11244,R,30906,R,3356,R,62358,R,3356,Y,.,Y,.,Y,.,Y,.,Y,.,Y,.,Y,.,Y,.,R,25044,R,3290,R,40562,R,3290,Y,.,Y,.,Y,.,Y,.,Y,.,Y,.,Y,.,Y,.,R,28800,R,3290,R,36000,R,3290,R,10584,R,3080,R,13664,R,10584,R,3120,R,13704,R,10584,R,3180,R,13764,R,10584,R,3290,R,13874,0,.,R,10584,R,3080,R,13664,R,10584,R,3120,R,13704,R,10584,R,3180,R,13764,R,10584,R,3290,R,13874,0,.,R,23440,R,3080,R,26520,R,23440,R,3120,R,26560,R,23800,R,3180,R,26980,R,24276,R,3290,R,27566,0,.,R,1400,R,1400,R,1400,R,1400,R,11342,R,11930,R,12074,R,12479,R,3628,R,3628,R,3628,R,3628,R,10882,R,10900,R,10900,R,12479,R,3628,R,3628,R,3628,R,3628,R,5128,R,5128,R,5128,R,5128
2019,145637,R,14188,R,3086,R,599,R,14188,R,3086,R,599,R,33127,R,3086,R,1034,R,14997,R,3086,R,543,R,14997,R,3086,R,543,R,28404,R,3086,R,726,Y,.,Y,.,Y,.,Y,.,Y,.,Y,.,Y,.,Y,.,R,35740,R,3086,R,45104,R,3086,Y,.,Y,.,Y,.,Y,.,Y,.,Y,.,Y,.,Y,.,Y,.,Y,.,Y,.,Y,.,Y,.,Y,.,Y,.,Y,.,R,28130,R,3286,R,50390,R,3286,R,35000,R,3171,R,45000,R,3171,R,12036,R,3022,R,15058,R,12036,R,3038,R,15074,R,12036,R,3058,R,15094,R,12036,R,3086,R,15122,0,.,R,12036,R,3022,R,15058,R,12036,R,3038,R,15074,R,12036,R,3058,R,15094,R,12036,R,3086,R,15122,0,.,R,27658,R,3022,R,30680,R,28156,R,3038,R,31194,R,28606,R,3058,R,31664,R,29178,R,3086,R,32264,0,.,R,1200,R,1200,R,1200,R,1200,R,11306,R,11308,R,11308,R,11480,R,2500,R,2500,R,2500,R,2500,A,.,A,.,A,.,A,.,A,.,A,.,A,.,A,.,A,.,A,.,A,.,A,.
2019,147767,R,56232,R,459,R,6668,R,56232,R,459,R,6668,R,56232,R,459,R,6668,R,56067,R,500,R,6649,R,56067,R,500,R,6649,R,56067,R,500,R,6649,Y,.,Y,.,Y,.,Y,.,Y,.,Y,.,Y,.,Y,.,R,62088,R,828,R,62088,R,828,Y,.,Y,.,Y,.,Y,.,Y,.,Y,.,Y,.,Y,.,Y,.,Y,.,Y,.,Y,.,Y,.,Y,.,Y,.,Y,.,Y,.,Y,.,Y,.,Y,.,R,66506,R,300,R,66506,R,300,R,50424,R,431,R,50855,R,52239,R,439,R,52678,R,54120,R,447,R,54567,R,56232,R,459,R,56691,.,.,R,50424,R,431,R,50855,R,52239,R,439,R,52678,R,54120,R,447,R,54567,R,56232,R,459,R,56691,.,.,R,50424,R,431,R,50855,R,52239,R,439,R,52678,R,54120,R,447,R,54567,R,56232,R,459,R,56691,.,.,R,1620,R,1660,R,1605,R,1638,R,15489,R,16047,R,16626,R,17019,R,2532,R,2595,R,1850,R,3306,R,15489,R,16047,R,16626,R,17019,R,2532,R,2595,R,1850,R,3306,R,3399,R,3399,R,3399,R,3075
2019,151351,R,9575,R,1372,R,299,R,9575,R,1372,R,299,R,35140,R,1372,R,1098,R,9501,R,1372,R,396,R,9501,R,1372,R,396,R,31932,R,1372,R,1331,Y,.,Y,.,Y,.,Y,.,Y,.,Y,.,Y,.,Y,.,Y,.,Y,.,Y,.,Y,.,R,28278,R,1372,R,40814,R,1372,Y,.,Y,.,Y,.,Y,.,Y,.,Y,.,Y,.,Y,.,Y,.,Y,.,Y,.,Y,.,Y,.,Y,.,Y,.,Y,.,R,35275,R,1372,R,55500,R,1372,R,9087,R,1301,R,10388,R,9210,R,1323,R,10533,R,9342,R,1339,R,10681,R,9575,R,1372,R,10947,.,.,R,9087,R,1301,R,10388,R,9210,R,1323,R,10533,R,9342,R,1339,R,10681,R,9575,R,1372,R,10947,.,.,R,32945,R,1301,R,34246,R,33522,R,1323,R,34845,R,34117,R,1339,R,35456,R,35140,R,1372,R,36512,.,.,R,1290,R,1034,R,930,R,1110,R,10041,R,10258,R,10466,R,10830,R,3090,R,2602,R,2702,R,2770,R,10041,R,10258,R,10466,R,10830,R,3090,R,2602,R,2702,R,2770,R,4270,R,4096,R,4318,R,4250
2019,152080,R,55046,R,507,R,2294,R,55046,R,507,R,2294,R,55046,R,507,R,2294,R,54908,R,472,R,3050,R,54908,R,472,R,3050,R,54908,R,472,R,3050,Y,.,Y,.,Y,.,Y,.,Y,.,Y,.,Y,.,Y,.,Y,.,Y,.,Y,.,Y,.,Y,.,Y,.,Y,.,Y,.,Y,.,Y,.,Y,.,Y,.,Y,.,Y,.,Y,.,Y,.,Y,.,Y,.,Y,.,Y,.,Y,.,Y,.,Y,.,Y,.,R,60240,R,490,R,60240,R,490,R,49178,R,507,R,49685,R,50998,R,507,R,51505,R,52884,R,507,R,53391,R,55046,R,507,R,55553,.,.,R,49178,R,507,R,49685,R,50998,R,507,R,51505,R,52884,R,507,R,53391,R,55046,R,507,R,55553,.,.,R,49178,R,507,R,49685,R,50998,R,507,R,51505,R,52884,R,507,R,53391,R,55046,R,507,R,55553,.,.,R,1050,R,1050,R,1050,R,1050,R,14358,R,14890,R,15410,R,15640,R,1950,R,1950,R,1950,R,1950,R,14358,R,14890,R,15410,R,15640,R,1950,R,1950,R,1950,R,1950,R,1950,R,1950,R,1950,R,1950
2019,160755,R,52760,R,4040,R,2198,R,52760,R,4040,R,2198,R,52760,R,4040,R,2198,R,54918,R,2040,R,3051,R,54918,R,2040,R,3051,R,54918,R,2040,R,3051,Y,.,Y,.,Y,.,Y,.,Y,.,Y,.,Y,.,Y,.,R,61148,R,3984,R,61148,R,3984,Y,.,Y,.,Y,.,Y,.,Y,.,Y,.,Y,.,Y,.,Y,.,Y,.,Y,.,Y,.,Y,.,Y,.,Y,.,Y,.,Y,.,Y,.,Y,.,Y,.,R,54310,R,4300,R,54310,R,4300,R,47130,R,3880,R,51010,R,48920,R,4040,R,52960,R,50780,R,4040,R,54820,R,52760,R,4040,R,56800,.,.,R,47130,R,3880,R,51010,R,48920,R,4040,R,52960,R,50780,R,4040,R,54820,R,52760,R,4040,R,56800,.,.,R,47130,R,3880,R,51010,R,48920,R,4040,R,52960,R,50780,R,4040,R,54820,R,52760,R,4040,R,56800,.,.,R,1200,R,1200,R,1200,R,1200,R,13844,R,14536,R,15190,R,15774,R,2060,R,2068,R,2086,R,1110,R,13844,R,14536,R,15190,R,15774,R,2060,R,2068,R,2086,R,1110,R,4956,R,5004,R,5298,R,5418
2019,162928,R,55350,R,0,R,1845,R,55350,Z,0,R,1845,R,55350,Z,0,R,1845,R,55350,R,2206,R,1845,R,55350,R,2206,R,1845,R,55350,R,2206,R,1845,Y,.,Y,.,Y,.,Y,.,Y,.,Y,.,Y,.,Y,.,R,54900,R,4909,R,54900,R,4909,Y,.,Y,.,Y,.,Y,.,Y,.,Y,.,Y,.,Y,.,Y,.,Y,.,Y,.,Y,.,Y,.,Y,.,Y,.,Y,.,Y,.,Y,.,Y,.,Y,.,Y,.,Y,.,Y,.,Y,.,R,50410,R,0,R,50410,R,52170,R,0,R,52170,R,53740,R,0,R,53740,R,55350,R,0,R,55350,.,.,R,50410,R,0,R,50410,R,52170,R,0,R,52170,R,53740,R,0,R,53740,R,55350,R,0,R,55350,.,.,R,50410,R,0,R,50410,R,52170,R,0,R,52170,R,53740,R,0,R,53740,R,55350,R,0,R,55350,.,.,R,1220,R,1230,R,1240,R,1250,R,14976,R,15410,R,15836,R,16310,R,1044,R,1053,R,1085,R,1118,R,10255,R,10552,R,11650,R,12235,R,1044,R,1053,R,1085,R,1118,R,1044,R,1053,R,1085,R,1118
2019,163286,R,8824,R,1955,R,367,R,8824,R,1955,R,367,R,34936,R,1955,R,1456,R,13158,R,1635,R,731,R,13158,R,1635,R,731,R,29250,R,1635,R,1625,Y,.,Y,.,Y,.,Y,.,Y,.,Y,.,Y,.,Y,.,Y,.,Y,.,Y,.,Y,.,Y,.,Y,.,Y,.,Y,.,Y,.,Y,.,Y,.,Y,.,Y,.,Y,.,Y,.,Y,.,Y,.,Y,.,Y,.,Y,.,R,21906,R,3471,R,50435,R,4075,Y,.,Y,.,Y,.,Y,.,R,8315,R,1866,R,10181,R,8481,R,1918,R,10399,R,8651,R,1944,R,10595,R,8824,R,1955,R,10779,.,.,R,8315,R,1866,R,10181,R,8481,R,1918,R,10399,R,8651,R,1944,R,10595,R,8824,R,1955,R,10779,.,.,R,30179,R,1866,R,32045,R,31688,R,1918,R,33606,R,33272,R,1944,R,35216,R,34936,R,1955,R,36891,.,.,R,1200,R,1250,R,1250,R,1250,R,12078,R,12402,R,12809,R,13315,R,2604,R,2440,R,2492,R,2522,R,13966,R,14048,R,14314,R,14434,R,3932,R,4066,R,4172,R,4202,R,3932,R,4066,R,4172,R,4202
2019,164924,R,56780,R,1130,R,2056,R,56780,R,1130,R,2056,R,56780,R,1130,R,2056,R,30600,R,100,R,1700,R,30600,R,100,R,1700,R,30600,R,100,R,1700,Y,.,Y,.,Y,.,Y,.,Y,.,Y,.,Y,.,Y,.,Y,.,Y,.,Y,.,Y,.,Y,.,Y,.,Y,.,Y,.,Y,.,Y,.,Y,.,Y,.,Y,.,Y,.,Y,.,Y,.,Y,.,Y,.,Y,.,Y,.,Y,.,Y,.,Y,.,Y,.,R,56940,R,210,R,56940,R,210,R,50480,R,816,R,51296,R,52500,R,846,R,53346,R,54600,R,864,R,55464,R,56780,R,1130,R,57910,.,.,R,50480,R,816,R,51296,R,52500,R,846,R,53346,R,54600,R,864,R,55464,R,56780,R,1130,R,57910,.,.,R,50480,R,816,R,51296,R,52500,R,846,R,53346,R,54600,R,864,R,55464,R,56780,R,1130,R,57910,.,.,R,1250,R,1250,R,1250,R,1250,R,13818,R,14142,R,14478,R,14826,R,1700,R,1850,R,1900,R,1900,R,10200,R,10650,R,11100,R,11550,R,1700,R,1850,R,1900,R,1900,R,3200,R,3350,R,3400,R,3400
2019,164988,R,54720,R,1172,R,1710,R,54720,R,1172,R,1710,R,54720,R,1172,R,1710,R,54720,R,782,R,1710,R,54720,R,782,R,1710,R,54720,R,782,R,1710,Y,.,Y,.,Y,.,Y,.,R,80000,Z,0,R,80000,Z,0,R,62872,Z,0,R,62872,Z,0,Y,.,Y,.,Y,.,Y,.,Y,.,Y,.,Y,.,Y,.,Y,.,Y,.,Y,.,Y,.,Y,.,Y,.,Y,.,Y,.,Y,.,Y,.,Y,.,Y,.,R,55700,R,1282,R,55700,R,1282,R,49176,R,1064,R,50240,R,50980,R,1102,R,52082,R,52816,R,1132,R,53948,R,54720,R,1172,R,55892,.,.,R,49176,R,1064,R,50240,R,50980,R,1102,R,52082,R,52816,R,1132,R,53948,R,54720,R,1172,R,55892,.,.,R,49176,R,1064,R,50240,R,50980,R,1102,R,52082,R,52816,R,1132,R,53948,R,54720,R,1172,R,55892,.,.,R,1000,R,1000,R,1000,R,1000,R,14870,R,15270,R,15720,R,16160,R,1950,R,1950,R,1950,R,1950,R,14870,R,15270,R,15720,R,15720,R,1950,R,1950,R,1950,R,1950,R,3800,R,3800,R,3800,R,3800
2019,165015,R,55340,R,1876,R,1729,R,55340,R,1876,R,1729,R,55340,R,1876,R,1729,R,51940,R,120,R,1623,R,51940,R,120,R,1623,R,51940,R,120,R,1623,A,.,A,.,A,.,A,.,A,.,A,.,A,.,A,.,A,.,A,.,A,.,A,.,A,.,A,.,A,.,A,.,A,.,A,.,A,.,A,.,A,.,A,.,A,.,A,.,A,.,A,.,A,.,A,.,A,.,A,.,A,.,A,.,A,.,A,.,A,.,A,.,R,49586,R,1984,R,51570,R,51460,R,2077,R,53537,R,53260,R,2135,R,55395,R,55340,R,2221,R,57561,.,.,R,49586,R,1984,R,51570,R,51460,R,2077,R,53537,R,53260,R,2135,R,55395,R,55340,R,2221,R,57561,.,.,R,49586,R,1984,R,51570,R,51460,R,2077,R,53537,R,53260,R,2135,R,55395,R,55340,R,2221,R,57561,.,.,R,1000,R,1000,R,1000,R,1000,R,14224,R,14906,R,15440,R,16080,R,1500,R,1500,R,1500,R,1500,R,11330,R,11594,R,12000,R,12500,R,1500,R,1500,R,1500,R,1500,R,3370,R,3360,R,3370,R,3300
2019,166027,R,47730,R,4195,R,1492,R,47730,R,4195,R,1492,R,47730,R,4195,R,1492,R,48008,R,1206,R,1500,R,48008,R,1206,R,1500,R,48008,R,1206,R,1500,Y,.,Y,.,Y,.,Y,.,R,63400,R,1776,R,63400,R,1776,R,63400,R,1803,R,63400,R,1803,Y,.,Y,.,Y,.,Y,.,Y,.,Y,.,Y,.,Y,.,Y,.,Y,.,Y,.,Y,.,Y,.,Y,.,Y,.,Y,.,Y,.,Y,.,Y,.,Y,.,R,65875,R,1206,R,65875,R,1206,R,43280,R,3794,R,47074,R,44990,R,3959,R,48949,R,46340,R,4080,R,50420,R,47730,R,4195,R,51925,.,.,R,43280,R,3794,R,47074,R,44990,R,3959,R,48949,R,46340,R,4080,R,50420,R,47730,R,4195,R,51925,.,.,R,43280,R,3794,R,47074,R,44990,R,3959,R,48949,R,46340,R,4080,R,50420,R,47730,R,4195,R,51925,.,.,R,1000,R,1000,R,1000,R,1000,R,15951,R,16660,R,17160,R,17682,R,4251,R,4526,R,4905,R,3193,A,.,A,.,A,.,A,.,A,.,A,.,A,.,A,.,A,.,A,.,A,.,A,.
2019,166629,R,15791,R,598,R,695,R,15791,R,598,R,695,R,35112,R,598,R,1500,R,14014,R,2195,R,930,R,14014,R,2195,R,930,R,29529,R,2195,R,1792,A,.,A,.,A,.,A,.,A,.,A,.,A,.,A,.,A,.,A,.,A,.,A,.,A,.,A,.,A,.,A,.,A,.,A,.,A,.,A,.,A,.,A,.,A,.,A,.,A,.,A,.,A,.,A,.,A,.,A,.,A,.,A,.,A,.,A,.,A,.,A,.,R,14590,R,381,R,14971,R,15030,R,381,R,15411,R,15406,R,481,R,15887,R,15791,R,598,R,16389,.,.,R,14590,R,381,R,14971,R,15030,R,381,R,15411,R,15406,R,481,R,15887,R,15791,R,598,R,16389,.,.,R,31823,R,381,R,32204,R,33096,R,381,R,33477,R,34089,R,481,R,34570,R,35112,R,598,R,35710,.,.,R,1000,R,1000,R,1000,R,1000,R,11897,R,12258,R,12626,R,13004,R,1400,R,1400,R,1400,R,1400,R,11897,R,12258,R,12626,R,13004,R,1400,R,1400,R,1400,R,1400,R,3400,R,3400,R,3400,R,3400
2019,166683,R,53450,R,340,R,830,R,53450,R,340,R,830,R,53450,R,340,R,830,R,53450,R,3609,R,830,R,53450,R,3609,R,830,R,53450,R,3609,R,830,A,.,A,.,A,.,A,.,A,.,A,.,A,.,A,.,A,.,A,.,A,.,A,.,A,.,A,.,A,.,A,.,A,.,A,.,A,.,A,.,A,.,A,.,A,.,A,.,A,.,A,.,A,.,A,.,A,.,A,.,A,.,A,.,A,.,A,.,A,.,A,.,R,48140,R,312,R,48452,R,49580,R,312,R,49892,R,51520,R,312,R,51832,R,53450,R,340,R,53790,.,.,R,48140,R,312,R,48452,R,49580,R,312,R,49892,R,51520,R,312,R,51832,R,53450,R,340,R,53790,.,.,R,48140,R,312,R,48452,R,49580,R,312,R,49892,R,51520,R,312,R,51832,R,53450,R,340,R,53790,.,.,R,1000,R,1000,R,800,R,820,R,14210,R,14720,R,15510,R,16390,R,1816,R,1818,R,2098,R,2160,A,.,A,.,A,.,A,.,A,.,A,.,A,.,A,.,R,1816,R,1818,R,2098,R,2160
2019,167358,R,52420,R,1086,R,1638,R,52420,R,1086,R,1638,R,52420,R,1086,R,1638,R,24793,R,292,R,1550,R,24793,R,292,R,1550,R,24793,R,292,R,1550,Y,.,Y,.,Y,.,Y,.,Y,.,Y,.,Y,.,Y,.,Y,.,Y,.,Y,.,Y,.,Y,.,Y,.,Y,.,Y,.,Y,.,Y,.,Y,.,Y,.,R,52240,R,1086,R,52240,R,1086,Y,.,Y,.,Y,.,Y,.,Y,.,Y,.,Y,.,Y,.,R,52800,R,152,R,52800,R,152,R,46720,R,933,R,47653,R,48560,R,937,R,49497,R,50450,R,1072,R,51522,R,52420,R,1086,R,53506,.,.,R,46720,R,933,R,47653,R,48560,R,937,R,49497,R,50450,R,1072,R,51522,R,52420,R,1086,R,53506,.,.,R,46720,R,933,R,47653,R,48560,R,937,R,49497,R,50450,R,1072,R,51522,R,52420,R,1086,R,53506,.,.,R,1000,R,1000,R,1000,R,1000,R,15050,R,15660,R,16270,R,16930,R,1800,R,1800,R,1800,R,1800,R,15050,R,15660,R,16270,R,16930,R,1800,R,1800,R,1800,R,1800,R,1800,R,1800,R,1800,R,1800
2019,168148,R,57324,R,1254,R,1911,R,57324,R,1254,R,1911,R,57324,R,1254,R,1911,R,52724,R,934,R,1758,R,52724,R,934,R,1758,R,52724,R,934,R,1758,Y,.,Y,.,Y,.,Y,.,R,79200,R,11779,R,79200,R,11779,R,63776,R,794,R,63776,R,794,Y,.,Y,.,Y,.,Y,.,Y,.,Y,.,Y,.,Y,.,Y,.,Y,.,Y,.,Y,.,Y,.,Y,.,Y,.,Y,.,R,58360,R,450,R,58360,R,450,Y,.,Y,.,Y,.,Y,.,R,51304,R,1126,R,52430,R,53152,R,1166,R,54318,R,55172,R,1210,R,56382,R,57324,R,1254,R,58578,.,.,R,51304,R,1126,R,52430,R,53152,R,1166,R,54318,R,55172,R,1210,R,56382,R,57324,R,1254,R,58578,.,.,R,51304,R,1126,R,52430,R,53152,R,1166,R,54318,R,55172,R,1210,R,56382,R,57324,R,1254,R,58578,.,.,R,800,R,800,R,1000,R,1000,R,13556,R,14054,R,14560,R,15086,R,1404,R,1428,R,1558,R,1536,R,13556,R,14054,R,14560,R,15086,R,1404,R,1428,R,1558,R,1536,R,5766,R,7382,R,7718,R,7922
2019,168421,R,51604,R,716,R,1433,R,51604,R,716,R,1433,R,51604,R,716,R,1433,R,28188,R,60,R,1566,R,28188,R,60,R,1566,R,28188,R,60,R,1566,A,.,A,.,A,.,A,.,A,.,A,.,A,.,A,.,A,.,A,.,A,.,A,.,A,.,A,.,A,.,A,.,A,.,A,.,A,.,A,.,A,.,A,.,A,.,A,.,A,.,A,.,A,.,A,.,A,.,A,.,A,.,A,.,A,.,A,.,A,.,A,.,R,46364,R,630,R,46994,R,47988,R,640,R,48628,R,49860,R,670,R,50530,R,51604,R,716,R,52320,.,.,R,46364,R,630,R,46994,R,47988,R,640,R,48628,R,49860,R,670,R,50530,R,51604,R,716,R,52320,.,.,R,46364,R,630,R,46994,R,47988,R,640,R,48628,R,49860,R,670,R,50530,R,51604,R,716,R,52320,.,.,R,1000,R,1000,R,1000,R,1000,R,13736,R,14218,R,14774,R,15302,R,1200,R,1200,R,1200,R,1200,R,13410,R,13736,R,14218,R,14774,R,1200,R,1200,R,1200,R,1200,R,2700,R,2700,R,2700,R,2700
2019,170976,R,16212,R,328,R,644,R,16212,R,328,R,644,R,52669,R,328,R,2163,R,23890,R,328,R,1285,R,23890,R,328,R,1285,R,48204,R,328,R,2636,Y,.,Y,.,Y,.,Y,.,R,46386,R,328,R,66267,R,328,R,39416,R,328,R,58734,R,328,Y,.,Y,.,Y,.,Y,.,Y,.,Y,.,Y,.,Y,.,R,31892,R,328,R,37528,R,328,Y,.,Y,.,Y,.,Y,.,Y,.,Y,.,Y,.,Y,.,R,61526,R,328,R,64526,R,328,R,14074,R,328,R,14402,R,14498,R,328,R,14826,R,14934,R,328,R,15262,R,15230,R,328,R,15558,.,.,R,14074,R,328,R,14402,R,14498,R,328,R,14826,R,14934,R,328,R,15262,R,15230,R,328,R,15558,.,.,R,45082,R,328,R,45410,R,47148,R,328,R,47476,R,49022,R,328,R,49350,R,50872,R,328,R,51200,.,.,R,1048,R,1048,R,1048,R,1048,R,10872,R,11198,R,11534,R,11996,R,2454,R,2454,R,2454,R,2454,R,10872,R,11198,R,11534,R,11996,R,2454,R,2454,R,2454,R,2454,R,7128,R,7268,R,7412,R,7612
2019,171100,R,15555,R,0,R,519,R,15555,R,0,R,519,R,40384,R,0,R,1346,R,18858,R,0,R,786,R,18858,R,0,R,786,R,37056,R,0,R,1544,Y,.,Y,.,Y,.,Y,.,Y,.,Y,.,Y,.,Y,.,R,31312,Z,0,R,58066,Z,0,Y,.,Y,.,Y,.,Y,.,R,31312,Z,0,R,58066,Z,0,Y,.,Y,.,Y,.,Y,.,Y,.,Y,.,Y,.,Y,.,R,31628,Z,0,R,56470,Z,0,Y,.,Y,.,Y,.,Y,.,R,14062,R,0,R,14062,R,14460,R,0,R,14460,R,14460,R,0,R,14460,R,14460,R,0,R,14460,.,.,R,14062,R,0,R,14062,R,14460,R,0,R,14460,R,14460,R,0,R,14460,R,14460,R,0,R,14460,.,.,R,37890,R,0,R,37890,R,39406,R,0,R,39406,R,39766,R,0,R,39766,R,39766,R,0,R,39766,.,.,R,1076,R,1084,R,1108,R,1108,R,9784,R,10026,R,10322,R,10522,R,2368,R,2908,R,2972,R,3040,R,9784,R,10026,R,10322,R,10522,R,2368,R,2908,R,2972,R,3040,R,2368,R,2908,R,2972,R,3040
2019,174066,R,13318,R,1709,R,512,R,13318,R,1709,R,512,R,31616,R,1709,R,1216,R,17580,R,1641,R,1465,R,17580,R,1641,R,1465,R,27204,R,1641,R,2267,Y,.,Y,.,Y,.,Y,.,R,49184,R,7729,R,90773,R,7729,R,39402,R,2074,R,56547,R,2074,Y,.,Y,.,Y,.,Y,.,Y,.,Y,.,Y,.,Y,.,R,27864,R,2054,R,40800,R,2054,Y,.,Y,.,Y,.,Y,.,R,29952,R,2204,R,55656,R,2204,R,43704,R,2104,R,52560,R,2104,R,12546,R,1596,R,14142,R,12800,R,1617,R,14417,R,13058,R,1702,R,14760,R,13318,R,1709,R,15027,.,.,R,12546,R,1596,R,14142,R,12800,R,1617,R,14417,R,13058,R,1702,R,14760,R,13318,R,1709,R,15027,.,.,R,22210,R,1596,R,23806,R,24986,R,1617,R,26603,R,28736,R,1702,R,30438,R,31616,R,1709,R,33325,.,.,R,1000,R,1000,R,1000,R,1000,R,9377,R,9852,R,9910,R,10358,R,2200,R,2200,R,2228,R,2434,R,9377,R,9852,R,9910,R,10358,R,2200,R,2200,R,2228,R,2434,R,2200,R,2200,R,2228,R,2434
2019,179867,R,54250,R,1042,R,2260,R,54250,R,1042,R,2260,R,54250,R,1042,R,2260,R,54250,R,500,R,2260,R,54250,R,500,R,2260,R,54250,R,500,R,2260,Y,.,Y,.,Y,.,Y,.,Y,.,Y,.,Y,.,Y,.,R,62664,R,1500,R,62664,R,1500,Y,.,Y,.,Y,.,Y,.,Y,.,Y,.,Y,.,Y,.,Y,.,Y,.,Y,.,Y,.,Y,.,Y,.,Y,.,Y,.,Y,.,Y,.,Y,.,Y,.,R,58800,R,500,R,58800,R,500,R,48950,R,820,R,49770,R,50650,R,883,R,51533,R,52400,R,999,R,53399,R,54250,R,1042,R,55292,.,.,R,48950,R,820,R,49770,R,50650,R,883,R,51533,R,52400,R,999,R,53399,R,54250,R,1042,R,55292,.,.,R,48950,R,820,R,49770,R,50650,R,883,R,51533,R,52400,R,999,R,53399,R,54250,R,1042,R,55292,.,.,R,980,R,992,R,1010,R,1126,R,15596,R,16006,R,16440,R,16900,R,3408,R,3444,R,3512,R,3592,R,15596,R,16006,R,16440,R,16900,R,3408,R,3444,R,3512,R,3592,R,4756,R,4806,R,4900,R,5012
2019,182670,R,55605,R,1599,R,7414,R,55605,R,1599,R,7414,R,55605,R,1599,R,7414,R,55605,R,342,R,7414,R,55605,R,342,R,7414,R,55605,R,342,R,7414,Y,.,Y,.,Y,.,Y,.,Y,.,Y,.,Y,.,Y,.,R,65566,R,2927,R,65566,R,2927,Y,.,Y,.,Y,.,Y,.,Y,.,Y,.,Y,.,Y,.,Y,.,Y,.,Y,.,Y,.,Y,.,Y,.,Y,.,Y,.,Y,.,Y,.,Y,.,Y,.,Y,.,Y,.,Y,.,Y,.,R,49998,R,1440,R,51438,R,51468,R,1900,R,53368,R,53496,R,1957,R,55453,R,55605,R,2033,R,57638,.,.,R,49998,R,1440,R,51438,R,51468,R,1900,R,53368,R,53496,R,1957,R,55453,R,55605,R,2033,R,57638,.,.,R,49998,R,1440,R,51438,R,51468,R,1900,R,53368,R,53496,R,1957,R,55453,R,55605,R,2033,R,57638,.,.,R,1260,R,1260,R,1110,R,1100,R,14736,R,15159,R,15756,R,16374,R,2040,R,2040,R,2040,R,2040,A,.,A,.,A,.,A,.,A,.,A,.,A,.,A,.,A,.,A,.,A,.,A,.
2019,185828,R,14448,R,3226,R,549,R,14448,R,3226,R,549,R,30160,R,3226,R,1289,R,20624,R,3204,R,1122,R,20624,R,3204,R,1122,R,30540,R,3204,R,1613,A,.,A,.,A,.,A,.,A,.,A,.,A,.,A,.,A,.,A,.,A,.,A,.,A,.,A,.,A,.,A,.,A,.,A,.,A,.,A,.,A,.,A,.,A,.,A,.,A,.,A,.,A,.,A,.,A,.,A,.,A,.,A,.,A,.,A,.,A,.,A,.,R,13602,R,2828,R,16430,R,13906,R,2992,R,16898,R,14216,R,3164,R,17380,R,14448,R,3226,R,17674,.,.,R,13602,R,2828,R,16430,R,13906,R,2992,R,16898,R,14216,R,3164,R,17380,R,14448,R,3226,R,17674,.,.,R,28206,R,2828,R,31034,R,28926,R,2992,R,31918,R,29662,R,3164,R,32826,R,30160,R,3226,R,33386,.,.,R,2800,R,2600,R,2900,R,2900,R,13400,R,13300,R,13600,R,13900,R,3600,R,3700,R,3900,R,4100,R,10500,R,10400,R,13900,R,14600,R,5400,R,5900,R,6100,R,6300,R,5400,R,5900,R,6100,R,6300
2019,186131,R,51870,R,930,R,1621,R,51870,R,930,R,1621,R,51870,R,930,R,1621,R,51870,R,1900,A,.,R,51870,R,1900,A,.,R,51870,R,1900,A,.,A,.,A,.,A,.,A,.,A,.,A,.,A,.,A,.,A,.,A,.,A,.,A,.,A,.,A,.,A,.,A,.,A,.,A,.,A,.,A,.,A,.,A,.,A,.,A,.,A,.,A,.,A,.,A,.,A,.,A,.,A,.,A,.,A,.,A,.,A,.,A,.,R,45320,R,0,R,45320,R,47140,R,0,R,47140,R,49450,R,890,R,50340,R,51870,R,930,R,52800,.,.,R,45320,R,0,R,45320,R,47140,R,0,R,47140,R,49450,R,890,R,50340,R,51870,R,930,R,52800,.,.,R,45320,R,0,R,45320,R,47140,R,0,R,47140,R,49450,R,890,R,50340,R,51870,R,930,R,52800,.,.,R,1050,R,1050,R,1050,R,1050,R,14770,R,15610,R,16360,R,17150,R,3250,R,3150,R,3150,R,3150,A,.,A,.,A,.,A,.,A,.,A,.,A,.,A,.,A,.,A,.,A,.,A,.
2019,186371,R,12230,R,3034,R,394,R,12230,R,3034,R,394,R,28466,R,3034,R,924,R,17736,R,2409,R,739,R,17736,R,2409,R,739,R,29232,R,2409,R,1218,Y,.,Y,.,Y,.,Y,.,Y,.,Y,.,Y,.,Y,.,Y,.,Y,.,Y,.,Y,.,Y,.,Y,.,Y,.,Y,.,Y,.,Y,.,Y,.,Y,.,Y,.,Y,.,Y,.,Y,.,Y,.,Y,.,Y,.,Y,.,Y,.,Y,.,Y,.,Y,.,R,25804,R,3371,R,39114,R,3371,R,11408,R,2830,R,14238,R,11619,R,2882,R,14501,R,11886,R,2949,R,14835,R,12230,R,3034,R,15264,.,.,R,11408,R,2830,R,14238,R,11619,R,2882,R,14501,R,11886,R,2949,R,14835,R,12230,R,3034,R,15264,.,.,R,26551,R,2830,R,29381,R,27042,R,2882,R,29924,R,27664,R,2949,R,30613,R,28466,R,3034,R,31500,.,.,R,1350,R,1350,R,1350,R,1350,R,11908,R,12094,R,12336,R,12691,R,3013,R,3137,R,3413,R,3625,R,17934,R,18386,R,10572,R,16434,R,3013,R,3137,R,5785,R,6041,R,3013,R,3137,R,5785,R,6041
2019,186380,R,12230,R,3177,R,394,R,12230,R,3177,R,394,R,29012,R,3177,R,942,R,17736,R,2247,R,739,R,17736,R,2247,R,739,R,30144,R,2247,R,1256,Y,.,Y,.,Y,.,Y,.,R,50154,R,13188,R,81262,R,13188,R,41281,R,2850,R,63697,R,2850,Y,.,Y,.,Y,.,Y,.,Y,.,Y,.,Y,.,Y,.,R,18058,R,2489,R,35532,R,2489,Y,.,Y,.,Y,.,Y,.,Y,.,Y,.,Y,.,Y,.,Y,.,Y,.,Y,.,Y,.,R,11408,R,2964,R,14372,R,11619,R,3019,R,14638,R,11886,R,3088,R,14974,R,12230,R,3177,R,15407,.,.,R,11408,R,2964,R,14372,R,11619,R,3019,R,14638,R,11886,R,3088,R,14974,R,12230,R,3177,R,15407,.,.,R,27059,R,2964,R,30023,R,27560,R,3019,R,30579,R,28194,R,3088,R,31282,R,29012,R,3177,R,32189,.,.,R,1350,R,1350,R,1350,R,1350,R,12260,R,12452,R,12706,R,13075,R,3013,R,3137,R,3413,R,3625,R,17934,R,18386,R,10572,R,16434,R,3013,R,3137,R,5785,R,6041,R,3013,R,3137,R,5785,R,6041
2019,186399,R,12230,R,2596,R,394,R,12230,R,2596,R,394,R,29012,R,2596,R,942,R,17736,R,2231,R,739,R,17736,R,2231,R,739,R,30144,R,2231,R,1256,Y,.,Y,.,Y,.,Y,.,Y,.,Y,.,Y,.,Y,.,Y,.,Y,.,Y,.,Y,.,Y,.,Y,.,Y,.,Y,.,Y,.,Y,.,Y,.,Y,.,Y,.,Y,.,Y,.,Y,.,Y,.,Y,.,Y,.,Y,.,Y,.,Y,.,Y,.,Y,.,R,25804,R,3106,R,39114,R,3106,R,11408,R,2421,R,13829,R,11619,R,2466,R,14085,R,11886,R,2523,R,14409,R,12230,R,2596,R,14826,.,.,R,11408,R,2421,R,13829,R,11619,R,2466,R,14085,R,11886,R,2523,R,14409,R,12230,R,2596,R,14826,.,.,R,27059,R,2421,R,29480,R,27560,R,2466,R,30026,R,28194,R,2523,R,30717,R,29012,R,2596,R,31608,.,.,R,1350,R,1350,R,1350,R,1350,R,13059,R,13266,R,13536,R,13929,R,3013,R,3137,R,3413,R,3625,R,17934,R,18386,R,10572,R,16434,R,3013,R,3137,R,5785,R,6041,R,3013,R,3137,R,5785,R,6041
2019,186867,R,52134,R,1880,R,1738,R,52134,R,1880,R,1738,R,52134,R,1880,R,1738,R,36680,R,1310,R,1652,R,36680,R,1310,R,1652,R,36680,R,1310,R,1652,A,.,A,.,A,.,A,.,A,.,A,.,A,.,A,.,A,.,A,.,A,.,A,.,A,.,A,.,A,.,A,.,A,.,A,.,A,.,A,.,A,.,A,.,A,.,A,.,A,.,A,.,A,.,A,.,A,.,A,.,A,.,A,.,A,.,A,.,A,.,A,.,R,47134,R,1704,R,48838,R,48784,R,1770,R,50554,R,50370,R,1832,R,52202,R,52134,R,1880,R,54014,.,.,R,47134,R,1704,R,48838,R,48784,R,1770,R,50554,R,50370,R,1832,R,52202,R,52134,R,1880,R,54014,.,.,R,47134,R,1704,R,48838,R,48784,R,1770,R,50554,R,50370,R,1832,R,52202,R,52134,R,1880,R,54014,.,.,R,1200,R,1200,R,1200,R,1200,R,13900,R,14780,R,15244,R,15770,R,1250,R,1250,R,1050,R,1050,R,14350,R,14780,R,15244,R,15770,R,1050,R,1050,R,1050,R,1050,R,1550,R,1550,R,1550,R,1550
2019,190415,R,56550,R,672,R,1520,R,56550,R,672,R,1520,R,56550,R,672,R,1520,R,29500,R,522,R,1520,R,29500,R,522,R,1520,R,29500,R,522,R,1520,Y,.,Y,.,Y,.,Y,.,Y,.,Y,.,Y,.,Y,.,Y,.,Y,.,Y,.,Y,.,Y,.,Y,.,Y,.,Y,.,Y,.,Y,.,Y,.,Y,.,Y,.,Y,.,Y,.,Y,.,Y,.,Y,.,Y,.,Y,.,R,37136,R,522,R,54744,R,522,R,67748,R,522,R,67748,R,522,R,50712,R,241,R,50953,R,52612,R,241,R,52853,R,54584,R,604,R,55188,R,56550,R,672,R,57222,.,.,R,50712,R,241,R,50953,R,52612,R,241,R,52853,R,54584,R,604,R,55188,R,56550,R,672,R,57222,.,.,R,50712,R,241,R,50953,R,52612,R,241,R,52853,R,54584,R,604,R,55188,R,56550,R,672,R,57222,.,.,R,910,R,930,R,1150,R,970,R,13900,R,14330,R,14766,R,15246,R,1850,R,2208,R,2800,R,2820,R,13900,R,14300,R,14766,R,15246,R,1850,R,2208,R,2800,R,2820,R,1850,R,2208,R,2800,R,2820
2019,191241,R,52980,R,1028,R,1037,R,52980,R,1028,R,1037,R,52980,R,1028,R,1037,R,34608,R,681,R,1442,R,34608,R,681,R,1442,R,34608,R,681,R,1442,Y,.,Y,.,Y,.,Y,.,Y,.,Y,.,Y,.,Y,.,Y,.,Y,.,Y,.,Y,.,Y,.,Y,.,Y,.,Y,.,Y,.,Y,.,Y,.,Y,.,Y,.,Y,.,Y,.,Y,.,Y,.,Y,.,Y,.,Y,.,Y,.,Y,.,Y,.,Y,.,R,61770,R,882,R,61770,R,882,R,47850,R,1223,R,49073,R,49645,R,1341,R,50986,R,51285,R,1402,R,52687,R,52980,R,1413,R,54393,.,.,R,47850,R,1223,R,49073,R,49645,R,1341,R,50986,R,51285,R,1402,R,52687,R,52980,R,1413,R,54393,.,.,R,47850,R,1223,R,49073,R,49645,R,1341,R,50986,R,51285,R,1402,R,52687,R,52980,R,1413,R,54393,.,.,R,1012,R,1012,R,1012,R,1039,R,16845,R,17445,R,17696,R,18510,R,2778,R,2796,R,2870,R,2949,R,11924,R,11924,R,12162,R,12438,R,2748,R,2766,R,2840,R,2919,R,2706,R,2720,R,2802,R,2887
2019,193900,R,50684,R,2624,R,1493,R,50684,R,2624,R,1493,R,50684,R,2624,R,1493,R,33408,R,2154,R,1856,R,33408,R,2154,R,1856,R,33408,R,2154,R,1856,Y,.,Y,.,Y,.,Y,.,R,82008,R,2676,R,82008,R,2676,R,55645,R,3495,R,55645,R,3495,Y,.,Y,.,Y,.,Y,.,Y,.,Y,.,Y,.,Y,.,Y,.,Y,.,Y,.,Y,.,Y,.,Y,.,Y,.,Y,.,Y,.,Y,.,Y,.,Y,.,R,66036,R,2676,R,66036,R,2676,R,46590,R,2472,R,49062,R,47942,R,2522,R,50464,R,49256,R,2572,R,51828,R,50684,R,2624,R,53308,.,.,R,46590,R,2472,R,49062,R,47942,R,2522,R,50464,R,49256,R,2572,R,51828,R,50684,R,2624,R,53308,.,.,R,46590,R,2472,R,49062,R,47942,R,2522,R,50464,R,49256,R,2572,R,51828,R,50684,R,2624,R,53308,.,.,R,1070,R,904,R,824,R,752,R,17578,R,17664,R,18156,R,18684,R,2000,R,2758,R,2758,R,2758,R,17578,R,17664,R,18156,R,18684,R,2000,R,2758,R,2758,R,2758,R,2000,R,2758,R,2758,R,2758
2019,194824,R,54000,R,1378,R,2250,R,54000,R,1378,R,2250,R,54000,R,1378,R,2250,R,54000,R,2708,R,2250,R,54000,R,2708,R,2250,R,54000,R,2708,R,2250,A,.,A,.,A,.,A,.,A,.,A,.,A,.,A,.,A,.,A,.,A,.,A,.,A,.,A,.,A,.,A,.,A,.,A,.,A,.,A,.,A,.,A,.,A,.,A,.,A,.,A,.,A,.,A,.,A,.,A,.,A,.,A,.,A,.,A,.,A,.,A,.,R,49520,R,1277,R,50797,R,51000,R,1305,R,52305,R,52550,R,1330,R,53880,R,54000,R,1378,R,55378,.,.,R,49520,R,1277,R,50797,R,51000,R,1305,R,52305,R,52550,R,1330,R,53880,R,54000,R,1378,R,55378,.,.,R,49520,R,1277,R,50797,R,51000,R,1305,R,52305,R,52550,R,1330,R,53880,R,54000,R,1378,R,55378,.,.,R,1264,R,1286,R,1250,R,1250,R,14630,R,14960,R,15260,R,15580,R,1553,R,1581,R,1608,R,1608,A,.,A,.,A,.,A,.,A,.,A,.,A,.,A,.,A,.,A,.,A,.,A,.
2019,195003,R,44049,R,646,R,1616,R,44049,R,646,R,1616,R,44049,R,646,R,1616,R,47522,R,296,R,1980,R,47522,R,296,R,1980,R,47522,R,296,R,1980,A,.,A,.,A,.,A,.,A,.,A,.,A,.,A,.,A,.,A,.,A,.,A,.,A,.,A,.,A,.,A,.,A,.,A,.,A,.,A,.,A,.,A,.,A,.,A,.,A,.,A,.,A,.,A,.,A,.,A,.,A,.,A,.,A,.,A,.,A,.,A,.,R,38024,R,544,R,38568,R,39506,R,562,R,40068,R,41772,R,584,R,42356,R,45244,R,646,R,45890,.,.,R,38024,R,544,R,38568,R,39506,R,562,R,40068,R,41772,R,584,R,42356,R,45244,R,646,R,45890,.,.,R,38024,R,544,R,38568,R,39506,R,562,R,40068,R,41772,R,584,R,42356,R,45244,R,646,R,45890,.,.,R,1050,R,1066,R,1082,R,1098,R,12274,R,12666,R,13046,R,13540,R,900,R,914,R,928,R,946,R,12274,R,12666,R,13046,R,13540,R,900,R,914,R,928,R,946,R,2476,R,1160,R,1184,R,1208
2019,195030,R,55040,R,990,R,1718,R,55040,R,990,R,1718,R,55040,R,990,R,1718,R,51705,R,1006,R,1718,R,51705,R,1006,R,1718,R,51705,R,1006,R,1718,Y,.,Y,.,Y,.,Y,.,Y,.,Y,.,Y,.,Y,.,R,59100,R,2947,R,59100,R,2947,Y,.,Y,.,Y,.,Y,.,Y,.,Y,.,Y,.,Y,.,Y,.,Y,.,Y,.,Y,.,Y,.,Y,.,Y,.,Y,.,Y,.,Y,.,Y,.,Y,.,Y,.,Y,.,Y,.,Y,.,R,49260,R,882,R,50142,R,51090,R,930,R,52020,R,52974,R,935,R,53909,R,55040,R,990,R,56030,.,.,R,49260,R,882,R,50142,R,51090,R,930,R,52020,R,52974,R,935,R,53909,R,55040,R,990,R,56030,.,.,R,49260,R,882,R,50142,R,51090,R,930,R,52020,R,52974,R,935,R,53909,R,55040,R,990,R,56030,.,.,R,1310,R,1310,R,1310,R,1310,R,14890,R,15398,R,16122,R,16470,R,1380,R,1380,R,1380,R,1380,A,.,A,.,A,.,A,.,A,.,A,.,A,.,A,.,A,.,A,.,A,.,A,.
2019,196079,R,7070,R,3131,R,295,R,7070,R,3131,R,295,R,24660,R,3131,R,1028,R,11310,R,2284,R,471,R,11310,R,2284,R,471,R,23100,R,2284,R,963,Y,.,Y,.,Y,.,Y,.,Y,.,Y,.,Y,.,Y,.,Y,.,Y,.,Y,.,Y,.,Y,.,Y,.,Y,.,Y,.,Y,.,Y,.,Y,.,Y,.,R,26450,R,2284,R,37140,R,2284,Y,.,Y,.,Y,.,Y,.,Y,.,Y,.,Y,.,Y,.,Y,.,Y,.,Y,.,Y,.,R,6470,R,2801,R,9271,R,6670,R,2853,R,9523,R,6870,R,2938,R,9808,R,7070,R,3131,R,10201,.,.,R,6470,R,2801,R,9271,R,6670,R,2853,R,9523,R,6870,R,2983,R,9853,R,7070,R,3131,R,10201,.,.,R,21550,R,2801,R,24351,R,21550,R,2853,R,24403,R,23710,R,2938,R,26648,R,24660,R,3131,R,27791,.,.,R,1000,R,1000,R,1000,R,1000,R,13590,R,14577,R,15058,R,16068,R,1000,R,1000,R,1000,R,1000,R,8090,R,14577,R,15058,R,16068,R,2632,R,1000,R,1200,R,1000,R,2195,R,2195,R,2195,R,2195
2019,196088,R,7070,R,3454,R,295,R,7070,R,3454,R,295,R,24740,R,3454,R,1031,R,11310,R,2820,R,471,R,11310,R,2820,R,471,R,23100,R,2820,R,963,Y,.,Y,.,Y,.,Y,.,R,36900,R,2850,R,62950,R,2850,R,43670,R,3050,R,65160,R,3050,Y,.,Y,.,Y,.,Y,.,Y,.,Y,.,Y,.,Y,.,R,26450,R,2780,R,37140,R,2780,Y,.,Y,.,Y,.,Y,.,Y,.,Y,.,Y,.,Y,.,R,25410,R,2870,R,29500,R,2870,R,6470,R,3104,R,9574,R,6670,R,3158,R,9828,R,6870,R,3229,R,10099,R,7070,R,3454,R,10524,.,.,R,6470,R,3104,R,9574,R,6670,R,3158,R,9828,R,6870,R,3229,R,10099,R,7070,R,3454,R,10524,.,.,R,23710,R,3104,R,26814,R,23910,R,3158,R,27068,R,24540,R,3229,R,27769,R,24740,R,3454,R,28194,.,.,R,1196,R,1177,R,1203,R,1203,R,12292,R,12477,R,13723,R,14134,R,2427,R,2676,R,2733,R,2805,R,11241,R,12477,R,13723,R,14134,R,3505,R,2748,R,2733,R,2805,R,3505,R,2748,R,2733,R,2805
2019,196097,R,7070,R,3105,R,295,R,7070,R,3105,R,295,R,24740,R,3105,R,1031,R,11310,R,2248,R,471,R,11310,R,2248,R,471,R,23100,R,2248,R,963,Y,.,Y,.,Y,.,Y,.,R,36900,R,13759,R,62950,R,13759,R,43670,R,3824,R,65160,R,3824,Y,.,Y,.,Y,.,Y,.,Y,.,Y,.,Y,.,Y,.,Y,.,Y,.,Y,.,Y,.,Y,.,Y,.,Y,.,Y,.,Y,.,Y,.,Y,.,Y,.,Y,.,Y,.,Y,.,Y,.,R,6470,R,2529,R,8999,R,6670,R,2587,R,9257,R,6870,R,2755,R,9625,R,7070,R,3105,R,10175,.,.,R,6470,R,2529,R,8999,R,6670,R,2587,R,9257,R,6870,R,2755,R,9625,R,7070,R,3105,R,10175,.,.,R,23710,R,2529,R,26239,R,24180,R,2587,R,26767,R,24540,R,2755,R,27295,R,24740,R,3105,R,27845,.,.,R,900,R,900,R,900,R,900,R,12882,R,13446,R,13698,R,14278,R,1868,R,1868,R,1868,R,1868,R,12900,R,13999,R,13999,R,14151,R,5336,R,5336,R,5336,R,5336,R,5336,R,5336,R,5336,R,5336
2019,196413,R,50616,R,1639,R,2274,R,50616,R,1639,R,2274,R,50616,R,1639,R,2274,R,38880,R,1308,R,1620,R,38880,R,1308,R,1620,R,38880,R,1308,R,1620,Y,.,Y,.,Y,.,Y,.,Y,.,Y,.,Y,.,Y,.,Y,.,Y,.,Y,.,Y,.,Y,.,Y,.,Y,.,Y,.,Y,.,Y,.,Y,.,Y,.,Y,.,Y,.,Y,.,Y,.,Y,.,Y,.,Y,.,Y,.,Y,.,Y,.,Y,.,Y,.,R,51500,R,2578,R,51500,R,2578,R,43440,R,1582,R,45022,R,45150,R,1605,R,46755,R,50230,R,1623,R,51853,R,52210,R,1639,R,53849,.,.,R,43440,R,1582,R,45022,R,45150,R,1605,R,46755,R,50230,R,1623,R,51853,R,52210,R,1639,R,53849,.,.,R,43440,R,1582,R,45022,R,45150,R,1605,R,46755,R,50230,R,1623,R,51853,R,52210,R,1639,R,53849,.,.,R,1440,R,1469,R,1500,R,1536,R,15217,R,15558,R,15550,R,15910,R,1665,R,1698,R,1733,R,1774,R,15217,R,15558,R,15550,R,15910,R,1665,R,1698,R,1733,R,1774,R,1665,R,1698,R,1733,R,1774
2019,197708,R,42200,R,2700,R,1520,R,42200,R,2700,R,1520,R,42200,R,2700,R,1520,R,34800,R,300,R,1160,R,34800,R,300,R,1160,R,34800,R,300,R,1160,Y,.,Y,.,Y,.,Y,.,Y,.,Y,.,Y,.,Y,.,Y,.,Y,.,Y,.,Y,.,Y,.,Y,.,Y,.,Y,.,Y,.,Y,.,Y,.,Y,.,Y,.,Y,.,Y,.,Y,.,Y,.,Y,.,Y,.,Y,.,Y,.,Y,.,Y,.,Y,.,R,61738,R,670,R,61738,R,670,R,39070,R,1600,R,40670,R,40000,R,2000,R,42000,R,41000,R,2500,R,43500,R,42200,R,2700,R,44900,.,.,R,39070,R,1600,R,40670,R,40000,R,2000,R,42000,R,41000,R,2500,R,43500,R,42200,R,2700,R,44900,.,.,R,39070,R,1600,R,40670,R,40000,R,2000,R,42000,R,41000,R,2500,R,43500,R,42200,R,2700,R,44900,.,.,R,1224,R,1224,R,1224,R,1250,R,11600,R,11950,R,12000,R,12500,R,5351,R,5351,R,5351,R,5400,R,13283,R,13283,R,13283,R,13283,R,5283,R,5283,R,5283,R,5400,R,3866,R,3866,R,3866,R,2363
2019,198419,R,55880,R,2051,R,1746,R,55880,R,2051,R,1746,R,55880,R,2051,R,1746,R,55680,R,1208,R,3230,R,55680,R,1208,R,3230,R,55680,R,1208,R,3230,Y,.,Y,.,Y,.,Y,.,Y,.,Y,.,Y,.,Y,.,R,61170,R,1333,R,61170,R,1333,Y,.,Y,.,Y,.,Y,.,Y,.,Y,.,Y,.,Y,.,Y,.,Y,.,Y,.,Y,.,Y,.,Y,.,Y,.,Y,.,Y,.,Y,.,Y,.,Y,.,R,66000,R,1318,R,66000,R,1318,R,49575,R,1690,R,51265,R,51720,R,1780,R,53500,R,53760,R,1935,R,55695,R,55880,R,2151,R,58031,.,.,R,49575,R,1690,R,51265,R,51720,R,1780,R,53500,R,53760,R,1935,R,55695,R,55880,R,2151,R,58031,.,.,R,49575,R,1690,R,51265,R,51720,R,1780,R,53500,R,53760,R,1935,R,55695,R,55880,R,2151,R,58031,.,.,R,1260,R,1260,R,1260,R,1434,R,15116,R,15500,R,15944,R,15588,R,2206,R,2206,R,2206,R,1976,A,.,A,.,A,.,A,.,A,.,A,.,A,.,A,.,A,.,A,.,A,.,A,.
2019,199120,R,7019,R,1961,R,237,R,7019,R,1961,R,237,R,34198,R,1961,R,1155,R,10552,R,1970,R,517,R,10552,R,1970,R,517,R,28278,R,1970,R,1386,Y,.,Y,.,Y,.,Y,.,R,35609,R,5044,R,62124,R,5044,R,32746,R,1949,R,60140,R,1949,Y,.,Y,.,Y,.,Y,.,Y,.,Y,.,Y,.,Y,.,R,22387,R,1948,R,44948,R,1948,Y,.,Y,.,Y,.,Y,.,Y,.,Y,.,Y,.,Y,.,R,21141,R,3339,R,38287,R,3339,R,6881,R,1953,R,8834,R,7019,R,1986,R,9005,R,7019,R,1968,R,8987,R,7019,R,1961,R,8980,0,.,R,6881,R,1953,R,8834,R,7019,R,1986,R,9005,R,7019,R,1968,R,8987,R,7019,R,1961,R,8980,0,.,R,31963,R,1953,R,33916,R,32602,R,1986,R,34588,R,33202,R,1968,R,35170,R,34198,R,1961,R,36159,.,.,R,1442,R,1604,R,948,R,972,R,11218,R,11556,R,11190,R,11526,R,3404,R,3404,R,2686,R,2750,R,12218,R,11556,R,11190,R,11526,R,3404,R,3404,R,2686,R,2750,R,3404,R,3404,R,2686,R,2750
2019,199193,R,6535,R,2566,R,221,R,6535,R,2566,R,221,R,26654,R,2566,R,900,R,9095,R,2578,R,446,R,9095,R,2578,R,446,R,26421,R,2578,R,1295,Y,.,Y,.,Y,.,Y,.,Y,.,Y,.,Y,.,Y,.,Y,.,Y,.,Y,.,Y,.,Y,.,Y,.,Y,.,Y,.,Y,.,Y,.,Y,.,Y,.,Y,.,Y,.,Y,.,Y,.,Y,.,Y,.,Y,.,Y,.,R,17039,R,2578,R,45080,R,2578,Y,.,Y,.,Y,.,Y,.,R,6407,R,2473,R,8880,R,6535,R,2523,R,9058,R,6535,R,2566,R,9101,R,6535,R,2566,R,9101,0,.,R,6407,R,2473,R,8880,R,6535,R,2523,R,9058,R,6535,R,2566,R,9101,R,6535,R,2566,R,9101,0,.,R,23926,R,2473,R,26399,R,24883,R,2523,R,27406,R,25878,R,2566,R,28444,R,26654,R,2566,R,29220,.,.,R,1082,R,1082,R,1082,R,1082,R,10635,R,10854,R,11078,R,11359,R,2442,R,2706,R,2716,R,2717,R,10635,R,10854,R,11078,R,11359,R,2442,R,2706,R,2716,R,2717,R,6517,R,6942,R,7080,R,7362
2019,199847,R,54430,R,1010,R,2256,R,54430,R,1010,R,2256,R,54430,R,1010,R,2256,R,38650,R,550,R,1465,R,38650,R,550,R,1465,R,38650,R,550,R,1465,Y,.,Y,.,Y,.,Y,.,Y,.,Y,.,Y,.,Y,.,R,60000,Z,0,R,60000,Z,0,Y,.,Y,.,Y,.,Y,.,Y,.,Y,.,Y,.,Y,.,Y,.,Y,.,Y,.,Y,.,Y,.,Y,.,Y,.,Y,.,Y,.,Y,.,Y,.,Y,.,R,46268,R,725,R,46268,R,725,R,48746,R,562,R,49308,R,50524,R,876,R,51400,R,52348,R,974,R,53322,R,54430,R,1010,R,55440,.,.,R,48746,R,562,R,49308,R,50524,R,876,R,51400,R,52348,R,974,R,53322,R,54430,R,1010,R,55440,.,.,R,48746,R,562,R,49308,R,50524,R,876,R,51400,R,52348,R,974,R,53322,R,54430,R,1010,R,55440,.,.,R,1400,R,1404,R,1500,R,1500,R,13404,R,13926,R,14416,R,15018,R,2400,R,2400,R,2400,R,2400,R,13404,R,13926,R,14416,R,15018,R,2400,R,2400,R,2400,R,2400,R,1450,R,1770,R,1770,R,1770
2019,201645,R,50450,R,474,R,2103,R,50450,R,474,R,2103,R,50450,R,474,R,2103,R,46524,R,36,R,1939,R,46524,R,36,R,1939,R,46524,R,36,R,1939,Y,.,Y,.,Y,.,Y,.,R,72420,R,1480,R,72420,R,1480,R,65476,R,165,R,65476,R,165,Y,.,Y,.,Y,.,Y,.,Y,.,Y,.,Y,.,Y,.,Y,.,Y,.,Y,.,Y,.,Y,.,Y,.,Y,.,Y,.,Y,.,Y,.,Y,.,Y,.,R,53500,R,174,R,53500,R,174,R,45592,R,414,R,46006,R,47074,R,426,R,47500,R,48604,R,438,R,49042,R,50450,R,474,R,50924,.,.,R,45592,R,414,R,46006,R,47074,R,426,R,47500,R,48604,R,438,R,49042,R,50450,R,474,R,50924,.,.,R,45592,R,414,R,46006,R,47074,R,426,R,47500,R,48604,R,438,R,49042,R,50450,R,474,R,50924,.,.,R,1200,R,1200,R,1200,R,1200,R,14298,R,16604,R,15190,R,15614,R,1900,R,1900,R,1900,R,1900,R,14298,R,16604,R,15190,R,15614,R,1900,R,1900,R,1900,R,1900,R,4070,R,4070,R,4070,R,4520
2019,204796,R,10197,R,887,R,425,R,10197,R,887,R,425,R,31174,R,887,R,1299,R,11560,R,865,R,723,R,11560,R,865,R,723,R,35144,R,865,R,2197,Y,.,Y,.,Y,.,Y,.,R,36340,R,4851,R,78760,R,4851,R,29680,R,957,R,53458,R,957,R,26936,R,2047,R,47992,R,2047,Y,.,Y,.,Y,.,Y,.,R,23392,R,865,R,48226,R,865,Y,.,Y,.,Y,.,Y,.,R,31536,R,1420,R,70872,R,1420,R,30584,R,865,R,45536,R,865,R,9168,R,869,R,10037,R,9718,R,874,R,10592,R,9852,R,874,R,10726,R,10197,R,887,R,11084,0,0,R,9168,R,869,R,10037,R,9718,R,874,R,10592,R,9852,R,874,R,10726,R,10197,R,887,R,11084,0,0,R,27360,R,869,R,28229,R,28822,R,874,R,29696,R,29868,R,874,R,30742,R,31174,R,887,R,32061,.,.,R,1234,R,1168,R,1168,R,1082,R,11706,R,12292,R,12474,R,12748,R,2843,R,2985,R,2999,R,2998,R,11706,R,11340,R,11498,R,11700,R,2843,R,3025,R,3041,R,3014,R,4905,R,5085,R,5129,R,4956
2019,211440,R,55816,R,1303,R,776,R,55816,R,1303,R,776,R,55816,R,1303,R,776,R,45037,R,872,R,629,R,45037,R,872,R,629,R,45037,R,872,R,629,A,.,A,.,A,.,A,.,A,.,A,.,A,.,A,.,A,.,A,.,A,.,A,.,A,.,A,.,A,.,A,.,A,.,A,.,A,.,A,.,A,.,A,.,A,.,A,.,A,.,A,.,A,.,A,.,A,.,A,.,A,.,A,.,A,.,A,.,A,.,A,.,R,51196,R,1114,R,52310,R,52732,R,1178,R,53910,R,54244,R,1221,R,55465,R,55816,R,1303,R,57119,.,.,R,51196,R,1114,R,52310,R,52732,R,1178,R,53910,R,54244,R,1221,R,55465,R,55816,R,1303,R,57119,.,.,R,51196,R,1114,R,52310,R,52732,R,1178,R,53910,R,54244,R,1221,R,55465,R,55816,R,1303,R,57119,.,.,R,1000,R,1000,R,1000,R,1000,R,13270,R,13784,R,14418,R,14972,R,1400,R,1400,R,1400,R,1400,R,13270,R,13784,R,14418,R,14162,R,1400,R,1400,R,1400,R,1400,R,2080,R,2080,R,2080,R,1400
2019,212054,R,52146,R,2370,R,1173,R,52146,R,2370,R,1173,R,52146,R,2370,R,1173,R,35181,R,840,R,1303,R,35181,R,840,R,1303,R,35181,R,840,R,1303,Y,.,Y,.,Y,.,Y,.,Y,.,Y,.,Y,.,Y,.,R,29053,R,838,R,29053,R,838,Y,.,Y,.,Y,.,Y,.,Y,.,Y,.,Y,.,Y,.,Y,.,Y,.,Y,.,Y,.,Y,.,Y,.,Y,.,Y,.,Y,.,Y,.,Y,.,Y,.,R,1540,R,420,R,1540,R,420,R,48660,R,2370,R,51030,R,49632,R,2370,R,52002,R,50874,R,2370,R,53244,R,52146,R,2370,R,54516,.,.,R,48660,R,2370,R,51030,R,49632,R,2370,R,52002,R,50874,R,2370,R,53244,R,52146,R,2370,R,54516,.,.,R,48660,R,2370,R,51030,R,49632,R,2370,R,52002,R,50874,R,2370,R,53244,R,52146,R,2370,R,54516,.,.,R,1700,R,1700,R,1700,R,1700,R,14367,R,13890,R,14079,R,14241,R,4278,R,1200,R,1200,R,1200,R,14367,R,13890,R,14079,R,14241,R,4278,R,1200,R,1200,R,1200,R,4278,R,1200,R,1200,R,1200
2019,213543,R,54790,R,450,R,2285,R,54790,R,450,R,2285,R,54790,R,450,R,2285,R,27000,R,130,R,1500,R,27000,R,130,R,1500,R,27000,R,130,R,1500,A,.,A,.,A,.,A,.,A,.,A,.,A,.,A,.,A,.,A,.,A,.,A,.,A,.,A,.,A,.,A,.,A,.,A,.,A,.,A,.,A,.,A,.,A,.,A,.,A,.,A,.,A,.,A,.,A,.,A,.,A,.,A,.,A,.,A,.,A,.,A,.,R,47920,R,400,R,48320,R,50320,R,420,R,50740,R,52480,R,450,R,52930,R,54790,R,450,R,55240,.,.,R,47920,R,400,R,48320,R,50320,R,420,R,50740,R,52480,R,450,R,52930,R,54790,R,450,R,55240,.,.,R,47920,R,400,R,48320,R,50320,R,420,R,50740,R,52480,R,450,R,52930,R,54790,R,450,R,55240,.,.,R,1000,R,1000,R,1000,R,1000,R,12690,R,13120,R,13600,R,14160,R,1065,R,1065,R,1065,R,1065,R,12690,R,13120,R,13600,R,14160,R,1065,R,1065,R,1065,R,1065,R,1065,R,1065,R,1065,R,1065
2019,214777,R,17416,R,1034,R,726,R,17416,R,1034,R,726,R,34480,R,1034,R,1437,R,21960,R,1034,R,915,R,21960,R,1034,R,915,R,37694,R,1034,R,1571,Y,.,Y,.,Y,.,Y,.,Y,.,Y,.,Y,.,Y,.,Y,.,Y,.,Y,.,Y,.,Y,.,Y,.,Y,.,Y,.,Y,.,Y,.,Y,.,Y,.,Y,.,Y,.,Y,.,Y,.,Y,.,Y,.,Y,.,Y,.,Y,.,Y,.,Y,.,Y,.,R,49896,R,1084,R,49896,R,1084,R,16952,R,948,R,17900,R,17416,R,1020,R,18436,R,17416,R,1038,R,18454,R,17416,R,1034,R,18450,.,.,R,16952,R,948,R,17900,R,17416,R,1020,R,18436,R,17416,R,1038,R,18454,R,17416,R,1034,R,18450,.,.,R,31434,R,948,R,32382,R,32644,R,1020,R,33664,R,33820,R,1038,R,34858,R,34480,R,1034,R,35514,.,.,R,1840,R,1840,R,1840,R,1840,R,11230,R,11280,R,11570,R,11884,R,4788,R,4788,R,4788,R,4788,R,11230,R,11280,R,11570,R,11884,R,4788,R,4788,R,4788,R,4788,R,4104,R,4104,R,4104,R,4104
2019,215062,R,51156,R,6614,R,1820,R,51156,R,6614,R,1820,R,51156,R,6614,R,1820,R,36254,R,3928,R,1785,R,36254,R,3928,R,1785,R,36254,R,3928,R,1785,Y,.,Y,.,Y,.,Y,.,R,74974,R,4880,R,74974,R,4880,R,59910,R,5378,R,59910,R,5378,Y,.,Y,.,Y,.,Y,.,Y,.,Y,.,Y,.,Y,.,Y,.,Y,.,Y,.,Y,.,Y,.,Y,.,Y,.,Y,.,R,46420,R,5130,R,56420,R,5130,R,63610,R,4996,R,63610,R,4996,R,45556,R,5908,R,51464,R,47416,R,6118,R,53534,R,49220,R,6364,R,55584,R,51156,R,6614,R,57770,.,.,R,45556,R,5908,R,51464,R,47416,R,6118,R,53534,R,49220,R,6364,R,55584,R,51156,R,6614,R,57770,.,.,R,45556,R,5908,R,51464,R,47416,R,6118,R,53534,R,49220,R,6364,R,55584,R,51156,R,6614,R,57770,.,.,R,1280,R,1280,R,1318,R,1358,R,14536,R,15066,R,15616,R,16190,R,2060,R,2704,R,2785,R,1946,R,14536,R,15066,R,15616,R,14406,R,2060,R,2704,R,2785,R,1946,R,2060,R,2704,R,2785,R,1946
2019,215293,R,18628,R,1090,R,776,R,18628,R,1090,R,776,R,32656,R,1090,R,1360,R,23530,R,950,R,947,R,23530,R,950,R,947,R,39898,R,950,R,1630,Y,.,Y,.,Y,.,Y,.,R,50368,R,950,R,60396,R,950,R,57684,R,950,R,59930,R,950,Y,.,Y,.,Y,.,Y,.,Y,.,Y,.,Y,.,Y,.,R,32770,R,950,R,37678,R,950,Y,.,Y,.,Y,.,Y,.,Y,.,Y,.,Y,.,Y,.,R,34962,R,950,R,44996,R,950,R,17688,R,930,R,18618,R,18130,R,950,R,19080,R,18130,R,950,R,19080,R,18628,R,1090,R,19718,.,.,R,17688,R,930,R,18618,R,18130,R,950,R,19080,R,18130,R,950,R,19080,R,18628,R,1090,R,19718,.,.,R,28828,R,930,R,29758,R,29692,R,950,R,30642,R,31102,R,950,R,32052,R,32656,R,1090,R,33746,.,.,R,680,R,773,R,752,R,755,R,10950,R,11050,R,11050,R,11250,R,2534,R,2447,R,2621,R,2686,R,10950,R,11050,R,11582,R,11814,R,2534,R,2447,R,2621,R,2686,R,2534,R,2447,R,2621,R,2686
2019,216597,R,54550,R,730,R,877,R,54550,R,730,R,877,R,54550,R,730,R,877,R,20506,R,100,R,1079,R,20506,R,100,R,1079,R,20506,R,100,R,1079,Y,.,Y,.,Y,.,Y,.,Y,.,Y,.,Y,.,Y,.,Y,.,Y,.,Y,.,Y,.,Y,.,Y,.,Y,.,Y,.,Y,.,Y,.,Y,.,Y,.,Y,.,Y,.,Y,.,Y,.,Y,.,Y,.,Y,.,Y,.,Y,.,Y,.,Y,.,Y,.,R,45993,R,555,R,45993,R,555,R,48610,R,670,R,49280,R,50554,R,730,R,51284,R,52578,R,730,R,53308,R,54550,R,730,R,55280,.,.,R,48610,R,670,R,49280,R,50554,R,730,R,51284,R,52578,R,730,R,53308,R,54550,R,730,R,55280,.,.,R,48610,R,670,R,49280,R,50554,R,730,R,51284,R,52578,R,730,R,53308,R,54550,R,730,R,55280,.,.,R,1100,R,1100,R,1100,R,1100,R,13093,R,13547,R,14020,R,14444,R,2300,R,2300,R,2300,R,2300,R,13066,R,13547,R,14020,R,14444,R,2300,R,2300,R,2300,R,2300,R,3950,R,3950,R,3950,R,3950
2019,217156,R,57112,R,1292,R,1784,R,57112,R,1292,R,1784,R,57112,R,1292,R,1784,R,57112,R,1068,R,1784,R,57112,R,1068,R,1784,R,57112,R,1068,R,1784,Y,.,Y,.,Y,.,Y,.,Y,.,Y,.,Y,.,Y,.,R,63082,R,1066,R,63082,R,1066,Y,.,Y,.,Y,.,Y,.,Y,.,Y,.,Y,.,Y,.,Y,.,Y,.,Y,.,Y,.,Y,.,Y,.,Y,.,Y,.,Y,.,Y,.,Y,.,Y,.,Y,.,Y,.,Y,.,Y,.,R,50224,R,1142,R,51366,R,52231,R,1188,R,53419,R,54320,R,1236,R,55556,R,57112,R,1292,R,58404,.,.,R,50224,R,1142,R,51366,R,52231,R,1188,R,53419,R,54320,R,1236,R,55556,R,57112,R,1292,R,58404,.,.,R,50224,R,1142,R,51366,R,52231,R,1188,R,53419,R,54320,R,1236,R,55556,R,57112,R,1292,R,58404,.,.,R,1540,R,1571,R,1595,R,1632,R,13200,R,14020,R,14670,R,15332,R,2000,R,2040,R,2071,R,2122,A,.,A,.,A,.,A,.,A,.,A,.,A,.,A,.,A,.,A,.,A,.,A,.
2019,217882,R,14118,R,1440,R,657,R,14118,R,1440,R,657,R,37110,R,1440,R,1657,R,10600,R,1196,R,724,R,10600,R,1196,R,724,R,22050,R,1196,R,1451,A,.,A,.,A,.,A,.,A,.,A,.,A,.,A,.,A,.,A,.,A,.,A,.,A,.,A,.,A,.,A,.,A,.,A,.,A,.,A,.,A,.,A,.,A,.,A,.,A,.,A,.,A,.,A,.,A,.,A,.,A,.,A,.,A,.,A,.,A,.,A,.,R,13418,R,1290,R,14708,R,13752,R,1364,R,15116,R,13982,R,1392,R,15374,R,14118,R,1440,R,15558,.,.,R,13418,R,1290,R,14708,R,13752,R,1364,R,15116,R,13982,R,1392,R,15374,R,14118,R,1440,R,15558,.,.,R,33300,R,1290,R,34590,R,34694,R,1364,R,36058,R,35736,R,1392,R,37128,R,37110,R,1440,R,38550,.,.,R,1308,R,1346,R,1392,R,1436,R,9144,R,9592,R,10832,R,11414,R,3502,R,3520,R,3672,R,4054,R,9144,R,9592,R,10832,R,11414,R,3502,R,3520,R,3672,R,4054,R,5990,R,5146,R,5322,R,5848
2019,217925,R,23090,R,910,R,965,R,23090,R,910,R,965,R,23090,R,910,R,965,R,9360,R,710,R,550,R,9360,R,710,R,550,R,9360,R,710,R,550,A,.,A,.,A,.,A,.,A,.,A,.,A,.,A,.,A,.,A,.,A,.,A,.,A,.,A,.,A,.,A,.,A,.,A,.,A,.,A,.,A,.,A,.,A,.,A,.,A,.,A,.,A,.,A,.,A,.,A,.,A,.,A,.,A,.,A,.,A,.,A,.,R,20880,R,610,R,21490,R,21720,R,670,R,22390,R,22840,R,850,R,23690,R,23090,R,910,R,24000,.,.,R,20880,R,610,R,21490,R,21720,R,670,R,22390,R,22840,R,850,R,23690,R,23090,R,910,R,24000,.,.,R,20880,R,610,R,21490,R,21720,R,670,R,22390,R,22840,R,850,R,23690,R,23090,R,910,R,24000,.,.,R,600,R,600,R,600,R,600,R,7760,R,7990,R,8150,R,8850,R,3770,R,3710,R,3710,R,3710,R,8000,R,8000,R,8000,R,8000,R,4570,R,4510,R,4510,R,4510,R,4570,R,4510,R,4510,R,4510
2019,221999,R,50800,R,1270,R,2117,R,50800,R,1270,R,2117,R,50800,R,1270,R,2117,R,48624,R,500,R,2026,R,48624,R,500,R,2026,R,48624,R,500,R,2026,Y,.,Y,.,Y,.,Y,.,Y,.,Y,.,Y,.,Y,.,R,58249,R,500,R,58249,R,500,Y,.,Y,.,Y,.,Y,.,Y,.,Y,.,Y,.,Y,.,Y,.,Y,.,Y,.,Y,.,Y,.,Y,.,Y,.,Y,.,Y,.,Y,.,Y,.,Y,.,R,59550,R,500,R,59550,R,500,R,44496,R,1114,R,45610,R,46500,R,1164,R,47664,R,48600,R,1216,R,49816,R,50800,R,1270,R,52070,.,.,R,44496,R,1114,R,45610,R,46500,R,1164,R,47664,R,48600,R,1216,R,49816,R,50800,R,1270,R,52070,.,.,R,44496,R,1114,R,45610,R,46500,R,1164,R,47664,R,48600,R,1216,R,49816,R,50800,R,1270,R,52070,.,.,R,1294,R,1294,R,1294,R,1294,R,14962,R,15584,R,16234,R,16910,R,2788,R,2850,R,2802,R,2874,A,.,A,.,A,.,A,.,A,.,A,.,A,.,A,.,A,.,A,.,A,.,A,.
2019,223232,R,42842,R,4522,R,1785,R,42842,R,4522,R,1785,R,42842,R,4522,R,1785,R,32130,R,3384,R,1785,R,32130,R,3384,R,1785,R,32130,R,3384,R,1785,Y,.,Y,.,Y,.,Y,.,Y,.,Y,.,Y,.,Y,.,Y,.,Y,.,Y,.,Y,.,Y,.,Y,.,Y,.,Y,.,Y,.,Y,.,Y,.,Y,.,Y,.,Y,.,Y,.,Y,.,Y,.,Y,.,Y,.,Y,.,Y,.,Y,.,Y,.,Y,.,R,55146,R,3127,R,55146,R,3127,R,37996,R,4010,R,42006,R,39610,R,4180,R,43790,R,41194,R,4348,R,45542,R,42842,R,4522,R,47364,.,.,R,37996,R,4010,R,42006,R,39610,R,4180,R,43790,R,41194,R,4348,R,45542,R,42842,R,4522,R,47364,.,.,R,37996,R,4010,R,42006,R,39610,R,4180,R,43790,R,41194,R,4348,R,45542,R,42842,R,4522,R,47364,.,.,R,1444,R,1200,R,1230,R,1264,R,11632,R,12588,R,13038,R,12992,R,3970,R,3080,R,3160,R,3260,R,10576,R,11448,R,11708,R,12020,R,4430,R,3686,R,3786,R,3900,R,3824,R,3416,R,3506,R,3610
2019,227757,R,48330,R,782,R,2014,R,48330,R,782,R,2014,R,48330,R,782,R,2014,R,48791,R,612,R,2400,R,48791,R,612,R,2400,R,48791,R,612,R,2400,A,.,A,.,A,.,A,.,A,.,A,.,A,.,A,.,A,.,A,.,A,.,A,.,A,.,A,.,A,.,A,.,A,.,A,.,A,.,A,.,A,.,A,.,A,.,A,.,A,.,A,.,A,.,A,.,A,.,A,.,A,.,A,.,A,.,A,.,A,.,A,.,R,43220,R,698,R,43918,R,44900,R,708,R,45608,R,46600,R,750,R,47350,R,48330,R,782,R,49112,.,.,R,43220,R,698,R,43918,R,44900,R,708,R,45608,R,46600,R,750,R,47350,R,48330,R,782,R,49112,.,.,R,43220,R,698,R,43918,R,44900,R,708,R,45608,R,46600,R,750,R,47350,R,48330,R,782,R,49112,.,.,R,800,R,1200,R,1200,R,1200,R,13750,R,13850,R,14000,R,14140,R,2050,R,2500,R,2600,R,2650,R,13750,R,13850,R,14000,R,14140,R,2050,R,2500,R,2600,R,2650,R,2050,R,2500,R,2600,R,2650
2019,228246,R,50200,R,6360,R,2098,R,50200,R,6360,R,2098,R,50200,R,6360,R,2098,R,40896,R,6360,R,1704,R,40896,R,6360,R,1704,R,40896,R,6360,R,1704,Y,.,Y,.,Y,.,Y,.,Y,.,Y,.,Y,.,Y,.,Y,.,Y,.,Y,.,Y,.,Y,.,Y,.,Y,.,Y,.,Y,.,Y,.,Y,.,Y,.,Y,.,Y,.,Y,.,Y,.,Y,.,Y,.,Y,.,Y,.,Y,.,Y,.,Y,.,Y,.,R,49404,R,6360,R,49404,R,6360,R,44694,R,5664,R,50358,R,46594,R,5904,R,52498,R,48364,R,6128,R,54492,R,50200,R,6360,R,56560,.,.,R,44694,R,5664,R,50358,R,46594,R,5904,R,52498,R,48364,R,6128,R,54492,R,50200,R,6360,R,56560,.,.,R,44694,R,5664,R,50358,R,46594,R,5904,R,52498,R,48364,R,6128,R,54492,R,50200,R,6360,R,56560,.,.,R,800,R,800,R,800,R,800,R,16125,R,16510,R,16845,R,16750,R,2600,R,2600,R,2600,R,2600,R,8700,R,8700,R,8700,R,8700,R,2600,R,2600,R,2600,R,2600,R,2600,R,2600,R,2600,R,2600
2019,228723,R,7941,R,3420,R,292,R,7941,R,3420,R,292,R,34190,R,3280,R,1176,R,6677,R,3496,R,278,R,6677,R,3496,R,278,R,18700,R,3496,R,779,Y,.,Y,.,Y,.,Y,.,R,18288,R,12256,R,29088,R,12256,R,15566,R,4157,R,28666,R,4157,Y,.,Y,.,Y,.,Y,.,Y,.,Y,.,Y,.,Y,.,R,8096,R,6694,R,43840,R,6694,Y,.,Y,.,Y,.,Y,.,R,22105,R,5720,R,36537,R,5720,R,8262,R,22992,R,23333,R,15918,R,7685,R,3351,R,11036,R,7883,R,3351,R,11234,R,8308,R,3562,R,11870,R,8532,R,3621,R,12153,0,0,R,7685,R,3351,R,11036,R,7883,R,3351,R,11234,R,8308,R,3562,R,11870,R,8532,R,3621,R,12153,0,0,R,27863,R,3351,R,31214,R,33255,R,3351,R,36606,R,33933,R,3562,R,37495,R,34981,R,3621,R,38602,.,.,R,1054,R,1054,R,1222,R,1222,R,10368,R,10368,R,10436,R,10400,R,5820,R,5820,R,5978,R,6308,R,10368,R,10368,R,10436,R,10400,R,5820,R,5820,R,5978,R,6308,R,5820,R,5820,R,5978,R,6308
2019,228778,R,10824,R,0,R,500,R,10824,R,0,R,500,R,38326,R,0,R,1729,R,11998,R,0,R,660,R,11998,R,0,R,660,R,22966,R,0,R,1224,Y,.,Y,.,Y,.,Y,.,Y,.,Y,.,Y,.,Y,.,R,20673,R,0,R,34711,R,0,Y,.,Y,.,Y,.,Y,.,Y,.,Y,.,Y,.,Y,.,R,21548,R,0,R,49240,R,0,Y,.,Y,.,Y,.,Y,.,Y,.,Y,.,Y,.,Y,.,R,34868,R,0,R,51774,R,0,R,10092,R,0,R,10092,R,10398,R,0,R,10398,R,10610,R,0,R,10610,R,10824,R,0,R,10824,8,.,R,10092,R,0,R,10092,R,10398,R,0,R,10398,R,10610,R,0,R,10610,R,10824,R,0,R,10824,8,.,R,35682,R,0,R,35682,R,36744,R,0,R,36744,R,37580,R,0,R,37580,R,38326,R,0,R,38326,5,.,R,662,R,662,R,700,R,700,R,10070,R,10070,R,10804,R,11812,R,4310,R,4310,R,4392,R,4392,R,10070,R,10070,R,10804,R,11812,R,4310,R,4310,R,4392,R,4392,R,4310,R,4310,R,4392,R,4392
2019,228875,R,49160,R,90,R,2080,R,49160,R,90,R,2080,R,49160,R,90,R,2080,R,30780,R,48,R,1710,R,30780,R,48,R,1710,R,30780,R,48,R,1710,Y,.,Y,.,Y,.,Y,.,Y,.,Y,.,Y,.,Y,.,R,57500,Z,0,R,57500,Z,0,Y,.,Y,.,Y,.,Y,.,Y,.,Y,.,Y,.,Y,.,Y,.,Y,.,Y,.,Y,.,Y,.,Y,.,Y,.,Y,.,Y,.,Y,.,Y,.,Y,.,Y,.,Y,.,Y,.,Y,.,R,42580,R,90,R,42670,R,44670,R,90,R,44760,R,46860,R,90,R,46950,R,49160,R,90,R,49250,.,.,R,42580,R,90,R,42670,R,44670,R,90,R,44760,R,46860,R,90,R,46950,R,49160,R,90,R,49250,.,.,R,42580,R,90,R,42670,R,44670,R,90,R,44760,R,46860,R,90,R,46950,R,49160,R,90,R,49250,.,.,R,1050,R,970,R,950,R,900,R,12000,R,12360,R,12804,R,13200,R,4700,R,4880,R,4980,R,5064,R,12000,R,12360,R,12804,R,13200,R,4700,R,4880,R,4980,R,5064,R,4700,R,4500,R,4640,R,4724
2019,231624,R,16728,R,6194,R,425,R,16728,R,6194,R,425,R,40089,R,6765,R,1278,R,10516,R,5924,R,584,R,10516,R,5924,R,584,R,28305,R,6495,R,1573,Y,.,Y,.,Y,.,Y,.,Y,.,Y,.,Y,.,Y,.,Y,.,Y,.,Y,.,Y,.,Y,.,Y,.,Y,.,Y,.,Y,.,Y,.,Y,.,Y,.,Y,.,Y,.,Y,.,Y,.,Y,.,Y,.,Y,.,Y,.,Y,.,Y,.,Y,.,Y,.,R,28723,R,6277,R,37152,R,6848,R,15674,R,5560,R,21234,R,16370,R,5674,R,22044,R,17434,R,5966,R,23400,R,17434,R,6194,R,23628,0,.,R,15674,R,5560,R,21234,R,16370,R,5674,R,22044,R,17434,R,5966,R,23400,R,17434,R,6194,R,23628,0,.,R,36158,R,6116,R,42274,R,37425,R,6245,R,43670,R,38735,R,6537,R,45272,R,40089,R,6765,R,46854,.,.,R,1350,R,1400,R,1425,R,1000,R,11382,R,11799,R,12236,R,12926,R,2025,R,2143,R,2160,R,2041,R,11382,R,11799,R,12236,R,12926,R,2025,R,2650,R,2665,R,2041,R,2530,R,2650,R,2665,R,2545
2019,234076,R,14970,R,2965,R,471,R,14970,R,2965,R,471,R,47833,R,3649,R,1556,R,16578,R,2950,R,736,R,16578,R,2950,R,736,R,27770,R,3632,R,1240,Y,.,Y,.,Y,.,Y,.,Y,.,Y,.,Y,.,Y,.,R,43828,R,3002,R,53952,R,3694,Y,.,Y,.,Y,.,Y,.,Y,.,Y,.,Y,.,Y,.,Y,.,Y,.,Y,.,Y,.,Y,.,Y,.,Y,.,Y,.,Y,.,Y,.,Y,.,Y,.,R,60210,R,2990,R,62528,R,3672,R,13746,R,2666,R,16412,R,14121,R,2732,R,16853,R,14811,R,2842,R,17653,R,14836,R,2962,R,17798,0,.,R,13746,R,2666,R,16412,R,14121,R,2732,R,16853,R,14811,R,2842,R,17653,R,14836,R,2962,R,17798,0,.,R,42408,R,3348,R,45756,R,43859,R,3414,R,47273,R,45508,R,3524,R,49032,R,47257,R,3643,R,50900,.,.,R,1294,R,1320,R,1350,R,1384,R,10726,R,11220,R,11590,R,11950,R,2754,R,2820,R,2900,R,2962,R,10726,R,11220,R,11590,R,11950,R,2754,R,2820,R,2900,R,2962,R,2380,R,2430,R,2490,R,2552
2019,236948,R,10370,R,1095,R,345,R,10370,R,1095,R,345,R,37071,R,1095,R,1235,R,18198,R,1095,R,866,R,18198,R,1095,R,866,R,32439,R,1095,R,1544,Y,.,Y,.,Y,.,Y,.,R,47190,R,1095,R,72762,R,1095,R,36792,R,1095,R,66987,R,1095,Y,.,Y,.,Y,.,Y,.,Y,.,Y,.,Y,.,Y,.,R,31617,R,1095,R,53229,R,1095,Y,.,Y,.,Y,.,Y,.,Y,.,Y,.,Y,.,Y,.,R,35955,R,1095,R,47493,R,1095,R,9694,R,1059,R,10753,R,9909,R,1065,R,10974,R,10127,R,1080,R,11207,R,10370,R,1095,R,11465,.,.,R,9694,R,1059,R,10753,R,9909,R,1065,R,10974,R,10127,R,1080,R,11207,R,10370,R,1095,R,11465,.,.,R,33732,R,1059,R,34791,R,34473,R,1065,R,35538,R,35508,R,1080,R,36588,R,37071,R,1095,R,38166,.,.,R,825,R,825,R,900,R,900,R,11691,R,12117,R,12798,R,13296,R,2679,R,2679,R,2733,R,2733,R,11691,R,12117,R,12798,R,13296,R,2679,R,2679,R,2733,R,2733,R,2679,R,2679,R,2733,R,2733
2019,239105,R,43350,R,580,R,1075,R,43350,R,580,R,1075,R,43350,R,580,R,1075,R,21060,R,0,R,1170,R,21060,R,0,R,1170,R,21060,R,0,R,1170,Y,.,Y,.,Y,.,Y,.,R,55320,Z,0,R,63980,Z,0,Y,.,Y,.,Y,.,Y,.,Y,.,Y,.,Y,.,Y,.,Y,.,Y,.,Y,.,Y,.,Y,.,Y,.,Y,.,Y,.,Y,.,Y,.,Y,.,Y,.,Y,.,Y,.,Y,.,Y,.,R,47550,Z,0,R,47550,Z,0,R,38000,R,470,R,38470,R,39330,R,570,R,39900,R,41290,R,580,R,41870,R,43350,R,586,R,43936,.,.,R,38000,R,470,R,38470,R,39330,R,570,R,39900,R,41290,R,580,R,41870,R,43350,R,586,R,43936,.,.,R,38000,R,470,R,38470,R,39330,R,570,R,39900,R,41290,R,580,R,41870,R,43350,R,586,R,43936,.,.,R,1008,R,912,R,912,R,816,R,11440,R,11890,R,12720,R,13200,R,2567,R,2571,R,2555,R,2548,R,12160,R,11800,R,12720,R,13200,R,4840,R,4840,R,4840,R,4840,R,4840,R,4860,R,4860,R,4860
2019,240444,R,9273,R,1452,R,386,R,9273,R,1452,R,386,R,36333,R,1452,R,1514,R,10728,R,1452,R,670,R,10728,R,1452,R,670,R,24054,R,1452,R,1503,Y,.,Y,.,Y,.,Y,.,Y,.,Y,.,Y,.,Y,.,R,36266,R,1452,R,50201,R,1452,Y,.,Y,.,Y,.,Y,.,Y,.,Y,.,Y,.,Y,.,R,23711,R,1452,R,41554,R,1452,Y,.,Y,.,Y,.,Y,.,R,30515,R,1452,R,49202,R,1452,R,24235,R,1452,R,42932,R,1452,R,9273,R,1215,R,10488,R,9273,R,1260,R,10533,R,9273,R,1282,R,10555,R,9273,R,1452,R,10725,.,.,R,9273,R,1215,R,10488,R,9273,R,1260,R,10533,R,9273,R,1282,R,10555,R,9273,R,1452,R,10725,.,.,R,31523,R,1215,R,32738,R,33523,R,1260,R,34783,R,35523,R,1282,R,36805,R,36333,R,1452,R,37785,.,.,R,1200,R,1200,R,1200,R,1150,R,10446,R,10842,R,11114,R,11558,R,3096,R,3060,R,3156,R,3120,R,10446,R,10842,R,11114,R,11558,R,3096,R,3060,R,3156,R,3120,R,3096,R,3060,R,3156,R,3736
2019,243744,R,52857,R,672,A,.,R,52857,R,672,A,.,R,52857,R,672,A,.,R,52479,R,672,R,1166,R,52479,R,672,R,1166,R,52479,R,672,R,1166,Y,.,Y,.,Y,.,Y,.,Y,.,Y,.,Y,.,Y,.,R,60234,R,672,R,60234,R,672,Y,.,Y,.,Y,.,Y,.,Y,.,Y,.,Y,.,Y,.,Y,.,Y,.,Y,.,Y,.,Y,.,Y,.,Y,.,Y,.,Y,.,Y,.,Y,.,Y,.,R,62175,R,672,R,62175,R,672,R,47331,R,609,R,47940,R,48987,R,630,R,49617,R,50703,R,651,R,51354,R,52857,R,672,R,53529,.,.,R,47331,R,609,R,47940,R,48987,R,630,R,49617,R,50703,R,651,R,51354,R,52857,R,672,R,53529,.,.,R,47331,R,609,R,47940,R,48987,R,630,R,49617,R,50703,R,651,R,51354,R,52857,R,672,R,53529,.,.,R,1455,R,1455,R,1455,R,1245,R,14601,R,15112,R,15763,R,16433,R,2700,R,2925,R,3015,R,3363,A,.,A,.,A,.,A,.,A,.,A,.,A,.,A,.,A,.,A,.,A,.,A,.
2019,243780,R,9208,R,784,R,348,R,9208,R,784,R,348,R,28010,R,784,R,948,R,9208,R,784,R,348,R,9208,R,784,R,348,R,28010,R,784,R,948,Y,.,Y,.,Y,.,Y,.,Y,.,Y,.,Y,.,Y,.,Y,.,Y,.,Y,.,Y,.,Y,.,Y,.,Y,.,Y,.,Y,.,Y,.,Y,.,Y,.,R,21232,R,1064,R,39492,R,1064,Y,.,Y,.,Y,.,Y,.,R,18634,R,1284,R,43462,R,1284,Y,.,Y,.,Y,.,Y,.,R,9208,R,794,R,10002,R,9208,R,784,R,9992,R,9208,R,784,R,9992,R,9208,R,784,R,9992,.,.,R,9208,R,794,R,10002,R,9208,R,784,R,9992,R,9208,R,784,R,9992,R,9208,R,784,R,9992,.,.,R,28010,R,794,R,28804,R,28010,R,784,R,28794,R,28010,R,784,R,28794,R,28010,R,784,R,28794,.,.,R,1220,R,1160,R,1160,R,1190,R,10030,R,10030,R,10030,R,10030,R,1780,R,1630,R,1640,R,1670,R,9460,R,8830,R,8890,R,9050,R,1780,R,1630,R,1640,R,1670,R,3180,R,3160,R,3180,R,3240
2019,445188,R,11442,R,2096,A,.,R,11442,R,2096,A,.,R,41196,R,2096,A,.,R,11442,R,1765,A,.,R,11442,R,1765,A,.,R,26544,R,1765,A,.,A,.,A,.,A,.,A,.,A,.,A,.,A,.,A,.,A,.,A,.,A,.,A,.,A,.,A,.,A,.,A,.,A,.,A,.,A,.,A,.,A,.,A,.,A,.,A,.,A,.,A,.,A,.,A,.,A,.,A,.,A,.,A,.,A,.,A,.,A,.,A,.,R,11220,R,2042,R,13262,R,11502,R,2096,R,13598,R,11442,R,2096,R,13538,R,11442,R,2096,R,13538,.,.,R,11220,R,2042,R,13262,R,11502,R,2096,R,13598,R,11442,R,2096,R,13538,R,11442,R,2096,R,13538,.,.,R,37902,R,2042,R,39944,R,39516,R,2096,R,41612,R,40434,R,2096,R,42530,R,41196,R,2096,R,43292,.,.,R,1444,R,1109,R,1006,R,1016,R,16100,R,16790,R,16814,R,17046,R,4705,R,4179,R,4305,R,4373,R,7205,R,7987,R,8318,R,8595,R,5604,R,4687,R,4827,R,4909,R,10886,R,11303,R,11695,R,12005
2021,100858,R,10080,R,1746,R,420,R,10080,R,1746,R,420,R,30240,R,1746,R,1260,R,10080,R,1746,R,560,R,10080,R,1746,R,560,R,30240,R,1746,R,1680,Y,.,Y,.,Y,.,Y,.,Y,.,Y,.,Y,.,Y,.,Y,.,Y,.,Y,.,Y,.,Y,.,Y,.,Y,.,Y,.,Y,.,Y,.,Y,.,Y,.,R,10323,R,12312,R,20403,R,12312,Y,.,Y,.,Y,.,Y,.,R,10582,R,14830,R,23662,R,18830,Y,.,Y,.,Y,.,Y,.,R,9624,R,1652,R,11276,R,9816,R,1676,R,11492,R,10080,R,1716,R,11796,R,10080,R,1746,R,11826,.,.,R,9624,R,1652,R,11276,R,9816,R,1676,R,11492,R,10080,R,1716,R,11796,R,10080,R,1746,R,11826,.,.,R,28872,R,1652,R,30524,R,29448,R,1676,R,31124,R,30240,R,1716,R,31956,R,30240,R,1746,R,31986,.,.,R,1200,R,1200,R,1200,R,1200,R,13332,R,13600,R,13778,R,14596,R,5782,R,5904,R,5904,R,6028,R,13332,R,13600,R,13778,R,14596,R,5782,R,5904,R,5904,R,6028,R,5782,R,5904,R,5904,R,6028
2021,110404,R,56364,R,2316,A,.,R,56364,R,2316,A,.,R,56364,R,2316,A,.,R,56364,R,2079,R,522,R,56364,R,2079,R,522,R,56364,R,2079,R,522,A,.,A,.,A,.,A,.,A,.,A,.,A,.,A,.,A,.,A,.,A,.,A,.,A,.,A,.,A,.,A,.,A,.,A,.,A,.,A,.,A,.,A,.,A,.,A,.,A,.,A,.,A,.,A,.,A,.,A,.,A,.,A,.,A,.,A,.,A,.,A,.,R,50487,R,1875,R,52362,R,52506,R,2094,R,54600,R,54570,R,2292,R,56862,R,56364,R,2316,R,58680,.,.,R,50487,R,1875,R,52362,R,52506,R,2094,R,54600,R,54570,R,2292,R,56862,R,56364,R,2316,R,58680,.,.,R,50487,R,1875,R,52362,R,52506,R,2094,R,54600,R,54570,R,2292,R,56862,R,56364,R,2316,R,58680,.,.,R,1323,R,1428,R,1428,R,1428,R,15525,R,16644,R,17337,R,17748,R,2874,R,2091,R,2091,R,2091,R,13779,R,14631,R,16578,R,17253,R,4248,R,4311,R,4641,R,4761,R,4365,R,4698,R,4164,R,4275
2021,110635,R,11442,R,2784,A,.,R,11442,R,2784,A,.,R,41196,R,2784,A,.,R,11442,R,2718,A,.,R,11442,R,2718,A,.,R,26544,R,2718,A,.,Y,.,Y,.,Y,.,Y,.,Y,.,Y,.,Y,.,Y,.,R,35928,R,2718,R,48173,R,2718,R,32416,R,2718,R,44437,R,2718,Y,.,Y,.,Y,.,Y,.,Y,.,Y,.,Y,.,Y,.,Y,.,Y,.,Y,.,Y,.,Y,.,Y,.,Y,.,Y,.,R,54110,R,2718,R,59395,R,2718,R,11442,R,2742,R,14184,R,11442,R,2811,R,14253,R,11442,R,2870,R,14312,R,11442,R,2784,R,14226,.,.,R,11442,R,2742,R,14184,R,11442,R,2811,R,14253,R,11442,R,2870,R,14312,R,11442,R,2784,R,14226,.,.,R,40434,R,2742,R,43176,R,41196,R,2811,R,44007,R,41196,R,2870,R,44066,R,41196,R,2784,R,43980,.,.,R,849,R,870,R,1091,R,1118,R,18222,R,19105,R,20530,R,20236,R,4811,R,5148,R,5595,R,5893,R,14246,R,14771,R,15638,R,16377,R,5017,R,5359,R,5874,R,6199,R,12441,R,13025,R,14084,R,14731
2021,110644,R,11442,R,3203,A,.,R,11442,R,3203,A,.,R,41196,R,3203,A,.,R,11442,R,2166,A,.,R,11442,R,2166,A,.,R,26544,R,2166,A,.,Y,.,Y,.,Y,.,Y,.,Y,.,Y,.,Y,.,Y,.,R,35930,R,2166,R,48175,R,2166,Y,.,Y,.,Y,.,Y,.,Y,.,Y,.,Y,.,Y,.,Y,.,Y,.,Y,.,Y,.,Y,.,Y,.,Y,.,Y,.,R,27986,R,2166,R,40231,R,2166,R,49514,R,2166,R,60457,R,2166,R,11442,R,2960,R,14402,R,11442,R,3053,R,14495,R,11442,R,3155,R,14597,R,11442,R,3203,R,14645,.,.,R,11442,R,2960,R,14402,R,11442,R,3053,R,14495,R,11442,R,3155,R,14597,R,11442,R,3203,R,14645,.,.,R,40434,R,2960,R,43394,R,41196,R,3053,R,44249,R,41196,R,3155,R,44351,R,41196,R,3203,R,44399,.,.,R,1136,R,1158,R,1178,R,1197,R,15645,R,15775,R,17238,R,17018,R,3994,R,4507,R,4638,R,4743,R,10228,R,10588,R,11050,R,11551,R,4467,R,4856,R,5073,R,5191,R,11733,R,12360,R,13260,R,13700
2021,110653,R,11442,R,2333,A,.,R,11442,R,2333,A,.,R,41196,R,2333,A,.,R,11442,R,1914,A,.,R,11442,R,1914,A,.,R,26544,R,1914,A,.,Y,.,Y,.,Y,.,Y,.,Y,.,Y,.,Y,.,Y,.,R,35934,R,1914,R,48179,R,1914,Y,.,Y,.,Y,.,Y,.,Y,.,Y,.,Y,.,Y,.,Y,.,Y,.,Y,.,Y,.,Y,.,Y,.,Y,.,Y,.,Y,.,Y,.,Y,.,Y,.,R,49974,R,1914,R,58217,R,1914,R,11442,R,2258,R,13700,R,11442,R,2285,R,13727,R,11442,R,2311,R,13753,R,11442,R,2333,R,13775,.,.,R,11442,R,2258,R,13700,R,11442,R,2285,R,13727,R,11442,R,2311,R,13753,R,11442,R,2333,R,13775,.,.,R,40434,R,2258,R,42692,R,41196,R,2285,R,43481,R,41196,R,2311,R,43507,R,41196,R,2333,R,43529,.,.,R,1363,R,1390,R,1361,R,1319,R,15263,R,16135,R,16677,R,16869,R,3935,R,4111,R,4250,R,4339,R,12424,R,12861,R,14034,R,14681,R,4968,R,5184,R,5116,R,5258,R,11203,R,11633,R,12466,R,12905
2021,110662,R,11442,R,1816,A,.,R,11442,R,1816,A,.,R,41196,R,1816,A,.,R,11442,R,1594,A,.,R,11442,R,1594,A,.,R,26544,R,1594,A,.,Y,.,Y,.,Y,.,Y,.,R,40854,R,1594,R,51989,R,1594,R,38930,R,1594,R,51175,R,1594,Y,.,Y,.,Y,.,Y,.,Y,.,Y,.,Y,.,Y,.,Y,.,Y,.,Y,.,Y,.,Y,.,Y,.,Y,.,Y,.,Y,.,Y,.,Y,.,Y,.,R,49974,R,1594,R,58245,R,1594,R,11442,R,1784,R,13226,R,11442,R,1798,R,13240,R,11442,R,1807,R,13249,R,11442,R,1816,R,13258,.,.,R,11442,R,1784,R,13226,R,11442,R,1798,R,13240,R,11442,R,1807,R,13249,R,11442,R,1816,R,13258,.,.,R,40434,R,1784,R,42218,R,41196,R,1798,R,42994,R,41196,R,1807,R,43003,R,41196,R,1816,R,43012,.,.,R,1450,R,1463,R,1314,R,1405,R,15816,R,16625,R,17599,R,16763,R,4128,R,4465,R,4625,R,4871,R,13808,R,14303,R,15241,R,15950,R,4772,R,5126,R,5284,R,5560,R,11673,R,12256,R,13154,R,13742
2021,110671,R,11442,R,2312,A,.,R,11442,R,2312,A,.,R,41196,R,2312,A,.,R,11442,R,2025,A,.,R,11442,R,2025,A,.,R,26544,R,2025,A,.,Y,.,Y,.,Y,.,Y,.,Y,.,Y,.,Y,.,Y,.,R,36630,R,2025,R,48875,R,2025,Y,.,Y,.,Y,.,Y,.,Y,.,Y,.,Y,.,Y,.,Y,.,Y,.,Y,.,Y,.,Y,.,Y,.,Y,.,Y,.,Y,.,Y,.,Y,.,Y,.,Y,.,Y,.,Y,.,Y,.,R,11442,R,2385,R,13827,R,11442,R,2411,R,13853,R,11442,R,2300,R,13742,R,11442,R,2312,R,13754,.,.,R,11442,R,2385,R,13827,R,11442,R,2411,R,13853,R,11442,R,2300,R,13742,R,11442,R,2312,R,13754,.,.,R,40434,R,2385,R,42819,R,41196,R,2411,R,43607,R,41196,R,2300,R,43496,R,41196,R,2312,R,43508,.,.,R,1404,R,1436,R,1520,R,1536,R,16017,R,16082,R,16147,R,16864,R,3994,R,4016,R,4272,R,4306,R,10618,R,10986,R,11495,R,12010,R,4751,R,4792,R,4969,R,5012,R,11252,R,11512,R,12370,R,12711
2021,110680,R,11442,R,3258,A,.,R,11442,R,3258,A,.,R,41196,R,3258,A,.,R,11442,R,2122,A,.,R,11442,R,2122,A,.,R,26544,R,2122,A,.,Y,.,Y,.,Y,.,Y,.,Y,.,Y,.,Y,.,Y,.,R,37395,R,2122,R,49640,R,2122,Y,.,Y,.,Y,.,Y,.,Y,.,Y,.,Y,.,Y,.,R,40068,R,2122,R,52313,R,2122,Y,.,Y,.,Y,.,Y,.,Y,.,Y,.,Y,.,Y,.,Y,.,Y,.,Y,.,Y,.,R,11442,R,2725,R,14167,R,11442,R,2973,R,14415,R,11442,R,3206,R,14648,R,11442,R,3258,R,14700,.,.,R,11442,R,2725,R,14167,R,11442,R,2973,R,14415,R,11442,R,3206,R,14648,R,11442,R,3258,R,14700,.,.,R,40434,R,2725,R,43159,R,41196,R,2973,R,44169,R,41196,R,3206,R,44402,R,41196,R,3258,R,44454,.,.,R,1102,R,1128,R,1124,R,1152,R,13651,R,14271,R,15336,R,16145,R,3918,R,4035,R,4203,R,4163,R,13215,R,13681,R,13749,R,14383,R,4626,R,4760,R,4900,R,4881,R,11418,R,11779,R,12624,R,12913
2021,110705,R,11442,R,2975,A,.,R,11442,R,2975,A,.,R,41196,R,2975,A,.,R,11442,R,2139,A,.,R,11442,R,2139,A,.,R,26544,R,2139,A,.,A,.,A,.,A,.,A,.,A,.,A,.,A,.,A,.,A,.,A,.,A,.,A,.,A,.,A,.,A,.,A,.,A,.,A,.,A,.,A,.,A,.,A,.,A,.,A,.,A,.,A,.,A,.,A,.,A,.,A,.,A,.,A,.,A,.,A,.,A,.,A,.,R,11442,R,2949,R,14391,R,11442,R,2949,R,14391,R,11442,R,2964,R,14406,R,11442,R,2975,R,14417,.,.,R,11442,R,2949,R,14391,R,11442,R,2949,R,14391,R,11442,R,2964,R,14406,R,11442,R,2975,R,14417,.,.,R,40434,R,2949,R,43383,R,41196,R,2949,R,44145,R,41196,R,2964,R,44160,R,41196,R,2975,R,44171,.,.,R,1157,R,1184,R,1259,R,1317,R,15673,R,15520,R,15903,R,16699,R,5438,R,5670,R,5381,R,5287,R,12370,R,12818,R,13188,R,13803,R,5808,R,6045,R,5916,R,5837,R,12807,R,13276,R,13986,R,14225
2021,110714,R,11442,R,2628,A,.,R,11442,R,2628,A,.,R,41196,R,2628,A,.,R,11442,R,2453,A,.,R,11442,R,2453,A,.,R,26544,R,2453,A,.,A,.,A,.,A,.,A,.,A,.,A,.,A,.,A,.,A,.,A,.,A,.,A,.,A,.,A,.,A,.,A,.,A,.,A,.,A,.,A,.,A,.,A,.,A,.,A,.,A,.,A,.,A,.,A,.,A,.,A,.,A,.,A,.,A,.,A,.,A,.,A,.,R,11442,R,2518,R,13960,R,11442,R,2549,R,13991,R,11442,R,2583,R,14025,R,11442,R,2628,R,14070,.,.,R,11442,R,2518,R,13960,R,11442,R,2549,R,13991,R,11442,R,2583,R,14025,R,11442,R,2628,R,14070,.,.,R,40434,R,2518,R,42952,R,41196,R,2549,R,43745,R,41196,R,2583,R,43779,R,41196,R,2628,R,43824,.,.,R,1089,R,1085,R,1162,R,1180,R,16448,R,16951,R,18866,R,17429,R,4720,R,5270,R,5084,R,5179,R,12757,R,13216,R,14453,R,15135,R,5102,R,5442,R,5602,R,5722,R,12182,R,12755,R,13467,R,13899
2021,121150,R,59450,R,252,R,1865,R,59450,R,252,R,1865,R,59450,R,252,R,1865,R,37300,R,120,R,1865,R,37300,R,120,R,1865,R,37300,R,120,R,1865,Y,.,Y,.,Y,.,Y,.,Y,.,Y,.,Y,.,Y,.,Y,.,Y,.,Y,.,Y,.,Y,.,Y,.,Y,.,Y,.,Y,.,Y,.,Y,.,Y,.,Y,.,Y,.,Y,.,Y,.,Y,.,Y,.,Y,.,Y,.,Y,.,Y,.,Y,.,Y,.,R,61210,R,60,R,61210,R,60,R,53680,R,252,R,53932,R,55640,R,252,R,55892,R,57750,R,252,R,58002,R,59450,R,252,R,59702,.,.,R,53680,R,252,R,53932,R,55640,R,252,R,55892,R,57750,R,252,R,58002,R,59450,R,252,R,59702,.,.,R,53680,R,252,R,53932,R,55640,R,252,R,55892,R,57750,R,252,R,58002,R,59450,R,252,R,59702,.,.,R,1250,R,1250,R,1250,R,1250,R,15320,R,15670,R,16160,R,16700,R,2500,R,2500,R,2500,R,2500,R,15320,R,15670,R,16160,R,16700,R,2500,R,2500,R,2500,R,2500,R,2500,R,2500,R,2500,R,2500
2021,122931,R,55224,R,636,R,1534,R,55224,R,636,R,1534,R,55224,R,636,R,1534,R,25170,R,0,R,1198,R,25170,Z,0,R,1198,R,25170,Z,0,R,1198,Y,.,Y,.,Y,.,Y,.,Y,.,Y,.,Y,.,Y,.,Y,.,Y,.,Y,.,Y,.,Y,.,Y,.,Y,.,Y,.,Y,.,Y,.,Y,.,Y,.,Y,.,Y,.,Y,.,Y,.,Y,.,Y,.,Y,.,Y,.,Y,.,Y,.,Y,.,Y,.,R,58680,R,0,R,58680,R,0,R,51081,R,630,R,51711,R,52998,R,636,R,53634,R,52998,R,0,R,52998,R,55224,R,636,R,55860,.,.,R,51081,R,630,R,51711,R,52998,R,636,R,53634,R,52998,R,0,R,52998,R,55224,R,636,R,55860,.,.,R,51081,R,630,R,51711,R,52998,R,636,R,53634,R,52998,R,0,R,52998,R,55224,R,636,R,55860,.,.,R,1917,R,1971,R,1080,R,1125,R,14910,R,15507,R,15972,R,16533,R,3240,R,3717,R,2934,R,2979,R,13779,R,15084,R,16581,R,17253,R,4248,R,5274,R,4641,R,4761,R,4365,R,4698,R,4164,R,4275
2021,123961,R,60446,R,1057,R,2035,R,60446,R,1057,R,2035,R,60446,R,1057,R,2035,R,60446,R,950,R,2035,R,60446,R,950,R,2035,R,60446,R,950,R,2035,Y,.,Y,.,Y,.,Y,.,R,103167,R,10252,R,103167,R,10252,R,67472,R,950,R,67472,R,950,Y,.,Y,.,Y,.,Y,.,Y,.,Y,.,Y,.,Y,.,R,60896,R,3771,R,60896,R,3771,Y,.,Y,.,Y,.,Y,.,Y,.,Y,.,Y,.,Y,.,R,69998,R,950,R,69998,R,950,R,55320,R,905,R,56225,R,57256,R,939,R,58195,R,59260,R,1015,R,60275,R,60446,R,1057,R,61503,.,.,R,55320,R,905,R,56225,R,57256,R,939,R,58195,R,59260,R,1015,R,60275,R,60446,R,1057,R,61503,.,.,R,55320,R,905,R,56225,R,57256,R,939,R,58195,R,59260,R,1015,R,60275,R,60446,R,1057,R,61503,.,.,R,1200,R,1200,R,1200,R,1200,R,15400,R,15912,R,16398,R,16732,R,2000,R,2152,R,2278,R,2224,R,15400,R,15912,R,16398,R,16732,R,2000,R,2152,R,2278,R,2224,R,3332,R,3510,R,3628,R,3556
2021,126614,R,10806,R,1804,R,450,R,10806,R,1804,R,450,R,36554,R,1804,R,1523,R,12168,R,1733,R,676,R,12168,R,1733,R,676,R,32220,R,1733,R,1790,Y,.,Y,.,Y,.,Y,.,Y,.,Y,.,Y,.,Y,.,Y,.,Y,.,Y,.,Y,.,Y,.,Y,.,Y,.,Y,.,Y,.,Y,.,Y,.,Y,.,Y,.,Y,.,Y,.,Y,.,Y,.,Y,.,Y,.,Y,.,Y,.,Y,.,Y,.,Y,.,R,30660,R,2089,R,37584,R,2089,R,10728,R,1804,R,12532,R,10728,R,1772,R,12500,R,10728,R,1738,R,12466,R,10728,R,1768,R,12496,0,0,R,10728,R,1804,R,12532,R,10728,R,1772,R,12500,R,10728,R,1738,R,12466,R,10728,R,1768,R,12496,0,0,R,35482,R,1804,R,37286,R,36546,R,1772,R,38318,R,36546,R,1738,R,38284,R,36546,R,1768,R,38314,0,0,R,1800,R,1200,R,1200,R,1200,R,14418,R,14778,R,15220,R,15676,R,2294,R,2556,R,2556,R,2979,R,12622,R,13050,R,13050,R,13050,R,2294,R,2556,R,2556,R,2979,R,2142,R,2556,R,4617,R,4806
2021,126775,R,17160,R,2378,R,572,R,17160,R,2378,R,572,R,38460,R,2378,R,1282,R,17154,R,2378,R,1085,R,17154,R,2378,R,1085,R,38466,R,2378,R,2269,A,.,A,.,A,.,A,.,A,.,A,.,A,.,A,.,A,.,A,.,A,.,A,.,A,.,A,.,A,.,A,.,A,.,A,.,A,.,A,.,A,.,A,.,A,.,A,.,A,.,A,.,A,.,A,.,A,.,A,.,A,.,A,.,A,.,A,.,A,.,A,.,R,16650,R,2314,R,18964,R,16650,R,2412,R,19062,R,16650,R,2450,R,19100,R,17160,R,2378,R,19538,.,.,R,16650,R,2314,R,18964,R,16650,R,2412,R,19062,R,16650,R,2450,R,19100,R,17160,R,2378,R,19538,.,.,R,36270,R,2314,R,38584,R,37350,R,2412,R,39762,R,37350,R,2450,R,39800,R,38460,R,2378,R,40838,.,.,R,1500,R,1500,R,1500,R,1500,R,13169,R,14211,R,14720,R,15286,R,1865,R,1879,R,1879,R,1879,R,9072,R,10142,R,10142,R,10142,R,2615,R,3083,R,3065,R,3065,R,2505,R,2505,R,2505,R,2505
2021,129020,R,15030,R,3494,R,627,R,15030,R,3494,R,627,R,37698,R,3494,R,1571,R,17532,R,2793,R,974,R,17532,R,2793,R,974,R,39444,R,2793,R,2192,Y,.,Y,.,Y,.,Y,.,R,48086,R,9726,R,77436,R,9726,R,41697,R,6797,R,74367,R,6797,Y,.,Y,.,Y,.,Y,.,Y,.,Y,.,Y,.,Y,.,R,27862,R,3494,R,56034,R,3494,Y,.,Y,.,Y,.,Y,.,Y,.,Y,.,Y,.,Y,.,R,30354,R,942,R,61396,R,942,R,12848,R,2882,R,15730,R,13798,R,3428,R,17226,R,14406,R,3428,R,17834,R,15030,R,3494,R,18524,.,.,R,12848,R,2882,R,15730,R,13798,R,3428,R,17226,R,14406,R,3428,R,17834,R,15030,R,3494,R,18524,.,.,R,35216,R,2882,R,38098,R,36466,R,3428,R,39894,R,37074,R,3428,R,40502,R,37698,R,3494,R,41192,.,.,R,950,R,950,R,950,R,950,R,12874,R,13258,R,13258,R,13258,R,2850,R,2850,R,3032,R,3032,R,12874,R,13258,R,13258,R,14760,R,2850,R,2850,R,3032,R,3032,R,2650,R,2650,R,2754,R,2754
2021,130794,R,59950,R,0,A,.,R,59950,Z,0,A,.,R,59950,Z,0,A,.,R,45700,R,0,A,.,R,45700,Z,0,A,.,R,45700,Z,0,A,.,Y,.,Y,.,Y,.,Y,.,Y,.,Y,.,Y,.,Y,.,R,66160,R,1063,R,66160,R,1063,Y,.,Y,.,Y,.,Y,.,Y,.,Y,.,Y,.,Y,.,Y,.,Y,.,Y,.,Y,.,Y,.,Y,.,Y,.,Y,.,Y,.,Y,.,Y,.,Y,.,R,67108,R,2325,R,67108,R,2325,R,53430,R,0,R,53430,R,55500,R,0,R,55500,R,57700,R,0,R,57700,R,59950,R,0,R,59950,.,.,R,53430,R,0,R,53430,R,55500,R,0,R,55500,R,57700,R,0,R,57700,R,59950,R,0,R,59950,.,.,R,53430,R,0,R,53430,R,55500,R,0,R,55500,R,57700,R,0,R,57700,R,59950,R,0,R,59950,.,.,R,1000,R,1000,R,1000,R,1000,R,16000,R,16600,R,17200,R,17800,R,3470,R,3420,R,3420,R,3420,A,.,A,.,A,.,A,.,A,.,A,.,A,.,A,.,A,.,A,.,A,.,A,.
2021,130943,R,12980,R,2040,R,541,R,12980,R,2040,R,541,R,34840,R,2040,R,1452,R,17100,R,1028,R,950,R,17100,R,1028,R,950,R,17100,R,1028,R,950,A,.,A,.,A,.,A,.,A,.,A,.,A,.,A,.,A,.,A,.,A,.,A,.,A,.,A,.,A,.,A,.,A,.,A,.,A,.,A,.,A,.,A,.,A,.,A,.,A,.,A,.,A,.,A,.,A,.,A,.,A,.,A,.,A,.,A,.,A,.,A,.,R,12250,R,1430,R,13680,R,12730,R,1550,R,14280,R,12730,R,1920,R,14650,R,12980,R,2040,R,15020,.,.,R,12250,R,1430,R,13680,R,12730,R,1550,R,14280,R,12730,R,1920,R,14650,R,12980,R,2040,R,15020,.,.,R,32880,R,1430,R,34310,R,34160,R,1550,R,35710,R,34160,R,1930,R,36090,R,34840,R,2040,R,36880,.,.,R,1000,R,1000,R,1000,R,1000,R,12862,R,13472,R,13472,R,13742,R,1800,R,1800,R,1800,R,1800,R,12862,R,13472,R,13472,R,13742,R,1800,R,1800,R,1800,R,1800,R,3300,R,3300,R,3300,R,1000
2021,131159,R,50542,R,792,R,1684,R,50542,R,792,R,1684,R,50542,R,792,R,1684,R,37447,R,1009,R,1922,R,37447,R,1009,R,1922,R,37447,R,1009,R,1922,Y,.,Y,.,Y,.,Y,.,Y,.,Y,.,Y,.,Y,.,Y,.,Y,.,Y,.,Y,.,Y,.,Y,.,Y,.,Y,.,Y,.,Y,.,Y,.,Y,.,Y,.,Y,.,Y,.,Y,.,Y,.,Y,.,Y,.,Y,.,Y,.,Y,.,Y,.,Y,.,R,57818,R,1152,R,57818,R,1152,R,47640,R,819,R,48459,R,49070,R,819,R,49889,R,50542,R,793,R,51335,R,52542,R,792,R,53334,.,.,R,47640,R,819,R,48459,R,49070,R,819,R,49889,R,50542,R,793,R,51335,R,52542,R,792,R,53334,.,.,R,47640,R,819,R,48459,R,49070,R,819,R,49889,R,50542,R,793,R,51335,R,52542,R,792,R,53334,.,.,R,800,R,800,R,800,R,800,R,14880,R,14880,R,14980,R,15150,R,909,R,909,R,909,R,1228,R,14880,R,14880,R,14980,R,15150,R,909,R,909,R,909,R,1228,R,1609,R,1609,R,1609,R,1736
2021,131469,R,57894,R,90,R,1995,R,57894,R,90,R,1995,R,57894,R,90,R,1995,R,32850,R,54,R,1825,R,32850,R,54,R,1825,R,32850,R,54,R,1825,Y,.,Y,.,Y,.,Y,.,Y,.,Y,.,Y,.,Y,.,R,63920,R,90,R,63920,R,90,Y,.,Y,.,Y,.,Y,.,Y,.,Y,.,Y,.,Y,.,Y,.,Y,.,Y,.,Y,.,Y,.,Y,.,Y,.,Y,.,Y,.,Y,.,Y,.,Y,.,R,65420,R,0,R,65420,R,0,R,55140,R,90,R,55230,R,56845,R,90,R,56935,R,58550,R,90,R,58640,R,59780,R,90,R,59870,.,.,R,55140,R,90,R,55230,R,56845,R,90,R,56935,R,58550,R,90,R,58640,R,59780,R,90,R,59870,.,.,R,55140,R,90,R,55230,R,56845,R,90,R,56935,R,58550,R,90,R,58640,R,59780,R,90,R,59870,.,.,R,1325,R,1400,R,1400,R,1400,R,13850,R,14300,R,14711,R,15440,R,1525,R,1525,R,1525,R,1625,R,13850,R,14300,R,14711,R,15440,R,1525,R,1525,R,1525,R,1625,R,1525,R,1525,R,1525,R,1625
2021,131496,R,59784,R,173,R,2491,R,59784,R,173,R,2491,R,59784,R,173,R,2491,R,54672,R,456,R,2278,R,54672,R,456,R,2278,R,54672,R,456,R,2278,Y,.,Y,.,Y,.,Y,.,Y,.,Y,.,Y,.,Y,.,R,56586,Z,0,R,56586,Z,0,Y,.,Y,.,Y,.,Y,.,Y,.,Y,.,Y,.,Y,.,Y,.,Y,.,Y,.,Y,.,Y,.,Y,.,Y,.,Y,.,Y,.,Y,.,Y,.,Y,.,R,69279,Z,0,R,69279,Z,0,R,53520,R,584,R,54104,R,55440,R,618,R,56058,R,51646,R,150,R,51796,R,59784,R,173,R,59957,.,.,R,53520,R,584,R,54104,R,55440,R,618,R,56058,R,51646,R,150,R,51796,R,59784,R,173,R,59957,.,.,R,53520,R,584,R,54104,R,55440,R,618,R,56058,R,51646,R,150,R,51796,R,59784,R,173,R,59957,.,.,R,1200,R,1200,R,1000,R,1200,R,15850,R,16466,R,5324,R,17758,R,2686,R,2556,R,1640,R,2600,A,.,A,.,A,.,A,.,A,.,A,.,A,.,A,.,A,.,A,.,A,.,A,.
2021,131520,R,28450,R,466,R,1185,R,28450,R,466,R,1185,R,28450,R,466,R,1185,R,33860,R,466,R,1838,R,33860,R,466,R,1838,R,33860,R,466,R,1838,Y,.,Y,.,Y,.,Y,.,R,42632,R,734,R,42632,R,734,R,50106,R,1740,R,50106,R,1740,Y,.,Y,.,Y,.,Y,.,Y,.,Y,.,Y,.,Y,.,R,30842,R,668,R,30842,R,668,Y,.,Y,.,Y,.,Y,.,Y,.,Y,.,Y,.,Y,.,R,35344,R,1116,R,35344,R,1116,R,24966,R,1790,R,26756,R,24966,R,2240,R,27206,R,26464,R,1976,R,28440,R,28450,R,466,R,28916,.,.,R,24966,R,1790,R,26756,R,24966,R,2240,R,27206,R,26464,R,1976,R,28440,R,28450,R,466,R,28916,.,.,R,24966,R,1790,R,26756,R,24966,R,2240,R,27206,R,26464,R,1976,R,28440,R,28450,R,466,R,28916,.,.,R,1500,R,1900,R,1900,R,1360,R,13895,R,14365,R,15650,R,14678,R,2500,R,2500,R,3260,R,3260,A,.,A,.,A,.,A,.,A,.,A,.,A,.,A,.,A,.,A,.,A,.,A,.
2021,133951,R,4721,R,1844,R,206,R,4721,R,1844,R,206,R,16529,R,2434,R,619,R,8912,R,2194,R,446,R,8912,R,2194,R,446,R,21393,R,2818,R,992,Y,.,Y,.,Y,.,Y,.,Y,.,Y,.,Y,.,Y,.,R,32737,R,6118,R,62737,R,7618,Y,.,Y,.,Y,.,Y,.,Y,.,Y,.,Y,.,Y,.,Y,.,Y,.,Y,.,Y,.,Y,.,Y,.,Y,.,Y,.,Y,.,Y,.,Y,.,Y,.,R,17400,R,3269,R,30528,R,3925,R,4721,R,1835,R,6556,R,4721,R,1844,R,6565,R,4721,R,1844,R,6565,R,4721,R,1844,R,6565,.,.,R,4721,R,1825,R,6546,R,4721,R,1844,R,6565,R,4721,R,1844,R,6565,R,4721,R,1844,R,6565,.,.,R,16529,R,2425,R,18954,R,16529,R,2434,R,18963,R,16529,R,2434,R,18963,R,16529,R,2434,R,18963,.,.,R,1350,R,1350,R,1350,R,1350,R,10882,R,11136,R,10956,R,11076,R,4718,R,4814,R,4932,R,5006,R,12348,R,12584,R,12876,R,13062,R,5590,R,5702,R,5840,R,5926,R,7718,R,7870,R,8056,R,8174
2021,134097,R,4640,R,1877,R,218,R,4640,R,1877,R,218,R,19084,R,2599,R,724,R,9684,R,1869,R,482,R,9684,R,1869,R,482,R,24116,R,2591,R,1114,Y,.,Y,.,Y,.,Y,.,Y,.,Y,.,Y,.,Y,.,R,22408,R,3203,R,55314,R,4848,Y,.,Y,.,Y,.,Y,.,Y,.,Y,.,Y,.,Y,.,Y,.,Y,.,Y,.,Y,.,Y,.,Y,.,Y,.,Y,.,Y,.,Y,.,Y,.,Y,.,R,18071,R,2623,R,37130,R,3575,R,4022,R,1634,R,5656,R,4022,R,1634,R,5656,R,4022,R,1634,R,5656,R,4022,R,1634,R,5656,.,.,R,4022,R,1634,R,5656,R,4022,R,1634,R,5656,R,4022,R,1634,R,5656,R,4022,R,1634,R,5656,.,.,R,16540,R,2246,R,18786,R,16540,R,2246,R,18786,R,16540,R,2246,R,18786,R,16540,R,2246,R,18786,.,.,R,1000,R,1000,R,1000,R,1000,R,10666,R,10780,R,11088,R,11472,R,4846,R,5010,R,5382,R,5348,R,10666,R,10780,R,11088,R,11472,R,4846,R,5010,R,5382,R,5348,R,4846,R,5010,R,5382,R,5348
2021,134130,R,4477,R,1904,R,149,R,4477,R,1904,R,149,R,25694,R,2965,R,856,R,10770,R,1967,R,449,R,10770,R,1967,R,449,R,27335,R,2795,R,1139,Y,.,Y,.,Y,.,Y,.,R,37564,R,4154,R,62783,R,5415,R,32744,R,3913,R,60592,R,5306,Y,.,Y,.,Y,.,Y,.,Y,.,Y,.,Y,.,Y,.,R,19845,R,3057,R,41886,R,4159,Y,.,Y,.,Y,.,Y,.,R,25248,R,3539,R,45225,R,4538,R,19139,R,2665,R,34602,R,3438,R,4477,R,1904,R,6381,R,4477,R,1904,R,6381,R,4477,R,1904,R,6381,R,4477,R,1904,R,6381,.,.,R,4477,R,1904,R,6381,R,4477,R,1904,R,6381,R,4477,R,1904,R,6381,R,4477,R,1904,R,6381,.,.,R,25694,R,2965,R,28659,R,25694,R,2965,R,28659,R,25694,R,2965,R,28659,R,25694,R,2965,R,28659,.,.,R,1030,R,850,R,890,R,810,R,10120,R,10220,R,10590,R,10400,R,3680,R,3760,R,3570,R,3840,R,10120,R,10220,R,10590,R,10400,R,3680,R,3760,R,3570,R,3840,R,3680,R,3760,R,3570,R,3650
2021,135726,R,53112,R,1648,R,2213,R,53112,R,1648,R,2213,R,53112,R,1648,R,2213,R,39834,R,1202,R,2213,R,39834,R,1202,R,2213,R,39834,R,1202,R,2213,Y,.,Y,.,Y,.,Y,.,Y,.,Y,.,Y,.,Y,.,R,48663,R,1658,R,48663,R,1658,Y,.,Y,.,Y,.,Y,.,Y,.,Y,.,Y,.,Y,.,Y,.,Y,.,Y,.,Y,.,Y,.,Y,.,Y,.,Y,.,Y,.,Y,.,Y,.,Y,.,R,55850,R,1228,R,55850,R,1228,R,48720,R,1506,R,50226,R,50400,R,1530,R,51930,R,52080,R,1602,R,53682,R,53112,R,1648,R,54760,.,.,R,48720,R,1506,R,50226,R,50400,R,1530,R,51930,R,52080,R,1602,R,53682,R,53112,R,1648,R,54760,.,.,R,48720,R,1506,R,50226,R,50400,R,1530,R,51930,R,52080,R,1602,R,53682,R,53112,R,1648,R,54760,.,.,R,1000,R,1000,R,1000,R,1000,R,14108,R,14658,R,15470,R,15980,R,3126,R,3318,R,3560,R,3590,R,17448,R,18238,R,19190,R,20060,R,3126,R,3318,R,3560,R,3590,R,3126,R,3318,R,3560,R,3590
2021,137351,R,4559,R,1851,R,214,R,4559,R,1851,R,214,R,15473,R,1851,R,577,R,8350,R,2078,R,435,R,8350,R,2078,R,435,R,19048,R,2078,R,880,Y,.,Y,.,Y,.,Y,.,Y,.,Y,.,Y,.,Y,.,R,29175,R,4551,R,49355,R,5561,Y,.,Y,.,Y,.,Y,.,Y,.,Y,.,Y,.,Y,.,R,16610,R,3295,R,34355,R,4182,Y,.,Y,.,Y,.,Y,.,Y,.,Y,.,Y,.,Y,.,Y,.,Y,.,Y,.,Y,.,R,4559,R,1851,R,6410,R,4559,R,1851,R,6410,R,4559,R,1851,R,6410,R,4559,R,1851,R,6410,.,.,R,4559,R,1851,R,6410,R,4559,R,1851,R,6410,R,4559,R,1851,R,6410,R,4559,R,1851,R,6410,.,.,R,15473,R,1851,R,17324,R,15473,R,1851,R,17324,R,15473,R,1851,R,17324,R,15473,R,1851,R,17324,.,.,R,1200,R,1100,R,1100,R,1100,R,11610,R,11836,R,12256,R,12568,R,4100,R,4100,R,4100,R,4100,R,9820,R,9920,R,10062,R,10202,R,4100,R,4100,R,4100,R,4100,R,4100,R,4100,R,4100,R,4100
2021,139658,R,54660,R,808,R,2278,R,54660,R,808,R,2278,R,54660,R,808,R,2278,R,44800,R,884,R,2489,R,44800,R,884,R,2489,R,44800,R,884,R,2489,Y,.,Y,.,Y,.,Y,.,Y,.,Y,.,Y,.,Y,.,R,52000,R,1184,R,52000,R,1184,Y,.,Y,.,Y,.,Y,.,Y,.,Y,.,Y,.,Y,.,Y,.,Y,.,Y,.,Y,.,Y,.,Y,.,Y,.,Y,.,Y,.,Y,.,Y,.,Y,.,R,61750,R,684,R,61750,R,684,R,50590,R,716,R,51306,R,53070,R,734,R,53804,R,53070,R,798,R,53868,R,54660,R,808,R,55468,.,.,R,50590,R,716,R,51306,R,53070,R,734,R,53804,R,53070,R,798,R,53868,R,54660,R,808,R,55468,.,.,R,50590,R,716,R,51306,R,53070,R,734,R,53804,R,53070,R,798,R,53868,R,54660,R,808,R,55468,.,.,R,1224,R,1224,R,1224,R,1250,R,14506,R,14972,R,15242,R,16302,R,2466,R,2604,R,2550,R,2574,R,14506,R,14972,R,15242,R,16302,R,2466,R,2604,R,2550,R,2574,R,2466,R,2604,R,2550,R,2574
2021,139755,R,10258,R,2594,R,342,R,10258,R,2594,R,342,R,31370,R,2594,R,684,R,14570,R,2194,R,586,R,14570,R,2194,R,586,R,29140,R,2194,R,1215,A,.,A,.,A,.,A,.,A,.,A,.,A,.,A,.,A,.,A,.,A,.,A,.,A,.,A,.,A,.,A,.,A,.,A,.,A,.,A,.,A,.,A,.,A,.,A,.,A,.,A,.,A,.,A,.,A,.,A,.,A,.,A,.,A,.,A,.,A,.,A,.,R,10008,R,2416,R,12424,R,10258,R,2424,R,12682,R,10258,R,2594,R,12852,R,10258,R,2594,R,12852,.,.,R,10008,R,2416,R,12424,R,10258,R,2424,R,12682,R,10258,R,2594,R,12852,R,10258,R,2594,R,12852,.,.,R,30604,R,2416,R,33020,R,31370,R,2424,R,33794,R,31370,R,2594,R,33964,R,31370,R,2594,R,33964,.,.,R,800,R,800,R,800,R,800,R,11492,R,12090,R,12090,R,12090,R,4060,R,4060,R,4060,R,4060,R,14126,R,14830,R,14986,R,14986,R,4060,R,4060,R,4060,R,4060,R,4060,R,4060,R,4060,R,4060
2021,139959,R,9790,R,2278,R,2909,R,9790,R,2278,R,2909,R,28830,R,2278,R,8555,R,8878,R,2278,R,370,R,8878,R,2278,R,370,R,25186,R,2278,R,1050,Y,.,Y,.,Y,.,Y,.,Y,.,Y,.,Y,.,Y,.,Y,.,Y,.,Y,.,Y,.,Y,.,Y,.,Y,.,Y,.,Y,.,Y,.,Y,.,Y,.,R,16636,R,2278,R,37344,R,2278,Y,.,Y,.,Y,.,Y,.,R,17514,R,2278,R,47176,R,2278,R,17604,R,2278,R,36362,R,2278,R,9552,R,2278,R,11830,R,9790,R,2290,R,12080,R,9790,R,2290,R,12080,R,9790,R,2278,R,12068,.,.,R,9552,R,2278,R,11830,R,9790,R,2290,R,12080,R,9790,R,2290,R,12080,R,9790,R,2278,R,12068,.,.,R,28126,R,2278,R,30404,R,28830,R,2290,R,31120,R,28830,R,2290,R,31120,R,28830,R,2278,R,31108,.,.,R,986,R,990,R,1052,R,1032,R,10038,R,10314,R,10328,R,10452,R,3834,R,4066,R,4198,R,4394,R,7936,R,8392,R,8376,R,8362,R,4374,R,4650,R,4828,R,5160,R,4374,R,4650,R,4828,R,5160
2021,144050,R,59256,R,1707,R,1975,R,59256,R,1707,R,1975,R,59256,R,1707,R,1975,R,62640,R,1296,R,2088,R,62640,R,1296,R,2088,R,62640,R,1296,R,2088,Y,.,Y,.,Y,.,Y,.,Y,.,Y,.,Y,.,Y,.,R,76531,R,1728,R,76531,R,1728,Y,.,Y,.,Y,.,Y,.,Y,.,Y,.,Y,.,Y,.,Y,.,Y,.,Y,.,Y,.,Y,.,Y,.,Y,.,Y,.,Y,.,Y,.,Y,.,Y,.,R,70710,R,1296,R,70710,R,1296,R,55425,R,2805,R,58230,R,57642,R,2910,R,60552,R,57642,R,2910,R,60552,R,59256,R,2985,R,62241,.,.,R,55425,R,2805,R,58230,R,57642,R,2910,R,60552,R,57642,R,2910,R,60552,R,59256,R,2985,R,62241,.,.,R,55425,R,2805,R,58230,R,57642,R,2910,R,60552,R,57642,R,2910,R,60552,R,59256,R,2985,R,62241,.,.,R,1800,R,1800,R,1800,R,1800,R,16350,R,17004,R,17004,R,17685,R,2175,R,2175,R,2175,R,2400,A,.,A,.,A,.,A,.,A,.,A,.,A,.,A,.,A,.,A,.,A,.,A,.
2021,145600,R,12253,R,3350,R,440,R,12253,R,3350,R,440,R,27020,R,3350,R,910,R,13927,R,3350,R,710,R,13927,R,3350,R,710,R,25118,R,3350,R,993,Y,.,Y,.,Y,.,Y,.,R,35636,R,12584,R,64126,R,12584,R,30240,R,3415,R,52358,R,3415,Y,.,Y,.,Y,.,Y,.,Y,.,Y,.,Y,.,Y,.,R,25044,R,3350,R,25044,R,3350,Y,.,Y,.,Y,.,Y,.,Y,.,Y,.,Y,.,Y,.,R,36000,R,3350,R,45000,R,3350,R,10584,R,3180,R,13764,R,10584,R,3290,R,13874,R,10776,R,3322,R,14098,R,10776,R,3350,R,14126,0,.,R,10584,R,3180,R,13764,R,10584,R,3290,R,13874,R,10776,R,3322,R,14098,R,10776,R,3350,R,14126,0,.,R,23800,R,3180,R,26980,R,24276,R,3290,R,27566,R,25126,R,3322,R,28448,R,25126,R,3350,R,28476,0,.,R,1400,R,1400,R,1400,R,1400,R,12074,R,12479,R,12000,R,12250,R,3628,R,3628,R,3470,R,3400,R,10900,R,12479,R,12000,R,12250,R,3628,R,3628,R,3470,R,3400,R,5128,R,5128,R,3000,R,3200
2021,145637,R,14446,R,3188,R,589,R,14446,R,3188,R,589,R,34444,R,3188,R,1015,R,14635,R,3188,R,529,R,14635,R,3188,R,529,R,27674,R,3188,R,594,Y,.,Y,.,Y,.,Y,.,Y,.,Y,.,Y,.,Y,.,R,36456,R,3188,R,46006,R,3188,Y,.,Y,.,Y,.,Y,.,Y,.,Y,.,Y,.,Y,.,Y,.,Y,.,Y,.,Y,.,Y,.,Y,.,Y,.,Y,.,R,29182,R,3388,R,52272,R,3388,R,35000,R,3273,R,45000,R,3273,R,12036,R,3058,R,15094,R,12036,R,3086,R,15122,R,12254,R,2896,R,15150,R,12254,R,3188,R,15442,0,.,R,12036,R,3058,R,15094,R,12036,R,3086,R,15122,R,12254,R,2896,R,15150,R,12254,R,3188,R,15442,0,.,R,28606,R,3058,R,31664,R,29178,R,3086,R,32264,R,29704,R,2896,R,32600,R,29704,R,3188,R,32892,0,.,R,1200,R,1200,R,1200,R,1200,R,11308,R,11480,R,12252,R,12494,R,2500,R,2500,R,2500,R,2500,A,.,A,.,A,.,A,.,A,.,A,.,A,.,A,.,A,.,A,.,A,.,A,.
2021,147767,R,60276,R,492,R,7143,R,60276,R,492,R,7143,R,60276,R,492,R,7143,R,56067,R,500,R,7123,R,56067,R,500,R,7123,R,56067,R,500,R,7123,Y,.,Y,.,Y,.,Y,.,Y,.,Y,.,Y,.,Y,.,R,66096,R,852,R,66096,R,852,Y,.,Y,.,Y,.,Y,.,Y,.,Y,.,Y,.,Y,.,Y,.,Y,.,Y,.,Y,.,Y,.,Y,.,Y,.,Y,.,Y,.,Y,.,Y,.,Y,.,R,69350,R,300,R,69350,R,300,R,54120,R,447,R,54567,R,56232,R,459,R,56691,R,58227,R,474,R,58701,R,60276,R,492,R,60768,.,.,R,54120,R,447,R,54567,R,56232,R,459,R,56691,R,58227,R,474,R,58701,R,60276,R,492,R,60768,.,.,R,54120,R,447,R,54567,R,56232,R,459,R,56691,R,58227,R,474,R,58701,R,60276,R,492,R,60768,.,.,R,1605,R,1638,R,1662,R,1566,R,16626,R,17019,R,17616,R,18264,R,1850,R,3306,R,3304,R,3240,R,16626,R,17019,R,17616,R,18264,R,1850,R,3306,R,3304,R,3240,R,3399,R,3075,R,3076,R,3111
2021,151351,R,9913,R,1420,R,310,R,9913,R,1420,R,310,R,36932,R,1420,R,1154,R,9909,R,1420,R,413,R,9909,R,1420,R,413,R,31932,R,1420,R,1331,Y,.,Y,.,Y,.,Y,.,Y,.,Y,.,Y,.,Y,.,Y,.,Y,.,Y,.,Y,.,R,30178,R,1420,R,42714,R,1420,Y,.,Y,.,Y,.,Y,.,Y,.,Y,.,Y,.,Y,.,Y,.,Y,.,Y,.,Y,.,Y,.,Y,.,Y,.,Y,.,R,36325,R,1420,R,57000,R,1420,R,9342,R,1339,R,10681,R,9575,R,1372,R,10947,R,9815,R,1406,R,11221,R,9913,R,1420,R,11333,.,.,R,9342,R,1339,R,10681,R,9575,R,1372,R,10947,R,9815,R,1406,R,11221,R,9913,R,1420,R,11333,.,.,R,34117,R,1339,R,35456,R,35140,R,1372,R,36512,R,36194,R,1406,R,37600,R,36932,R,1420,R,38352,.,.,R,930,R,1110,R,930,R,1050,R,10466,R,10830,R,11206,R,12098,R,2702,R,2770,R,2830,R,2818,R,10466,R,10830,R,11206,R,12098,R,2702,R,2770,R,2830,R,2818,R,4318,R,4250,R,4190,R,4140
2021,152080,R,58336,R,507,R,2431,R,58336,R,507,R,2431,R,58336,R,507,R,2431,R,58190,R,472,R,3233,R,58190,R,472,R,3233,R,58190,R,472,R,3233,Y,.,Y,.,Y,.,Y,.,Y,.,Y,.,Y,.,Y,.,Y,.,Y,.,Y,.,Y,.,Y,.,Y,.,Y,.,Y,.,Y,.,Y,.,Y,.,Y,.,Y,.,Y,.,Y,.,Y,.,Y,.,Y,.,Y,.,Y,.,Y,.,Y,.,Y,.,Y,.,R,63840,R,500,R,63840,R,500,R,52884,R,507,R,53391,R,55046,R,507,R,55553,R,57192,R,507,R,57699,R,58336,R,507,R,58843,.,.,R,52884,R,507,R,53391,R,55046,R,507,R,55553,R,57192,R,507,R,57699,R,58336,R,507,R,58843,.,.,R,52884,R,507,R,53391,R,55046,R,507,R,55553,R,57192,R,507,R,57699,R,58336,R,507,R,58843,.,.,R,1050,R,1050,R,1250,R,1250,R,15410,R,15640,R,15984,R,16304,R,1950,R,1950,R,1950,R,1950,R,15410,R,15640,R,15984,R,16304,R,1950,R,1950,R,1950,R,1950,R,1950,R,1950,R,1950,R,1950
2021,160755,R,56684,R,4130,R,2362,R,56684,R,4130,R,2362,R,56684,R,4130,R,2362,R,59000,R,2130,R,3278,R,59000,R,2130,R,3278,R,59000,R,2130,R,3278,Y,.,Y,.,Y,.,Y,.,Y,.,Y,.,Y,.,Y,.,R,65074,R,4234,R,65074,R,4234,Y,.,Y,.,Y,.,Y,.,Y,.,Y,.,Y,.,Y,.,Y,.,Y,.,Y,.,Y,.,Y,.,Y,.,Y,.,Y,.,Y,.,Y,.,Y,.,Y,.,R,58348,R,4390,R,58348,R,4390,R,50780,R,4040,R,54820,R,52760,R,4040,R,56800,R,54766,R,4086,R,58852,R,56684,R,4130,R,60814,.,.,R,50780,R,4040,R,54820,R,52760,R,4040,R,56800,R,54766,R,4086,R,58852,R,56684,R,4130,R,60814,.,.,R,50780,R,4040,R,54820,R,52760,R,4040,R,56800,R,54766,R,4086,R,58852,R,56684,R,4130,R,60814,.,.,R,1200,R,1200,R,1200,R,1200,R,15190,R,15774,R,16248,R,16778,R,2086,R,2110,R,2380,R,2440,R,15190,R,15774,R,16248,R,16778,R,2086,R,2110,R,2380,R,2440,R,5298,R,5418,R,5764,R,5846
2021,162928,R,58720,R,0,R,1957,R,58720,Z,0,R,1957,R,58720,Z,0,R,1957,R,58720,R,2482,R,1957,R,58720,R,2482,R,1957,R,58720,R,2482,R,1957,Y,.,Y,.,Y,.,Y,.,Y,.,Y,.,Y,.,Y,.,R,58000,R,5206,R,58000,R,5206,Y,.,Y,.,Y,.,Y,.,Y,.,Y,.,Y,.,Y,.,Y,.,Y,.,Y,.,Y,.,Y,.,Y,.,Y,.,Y,.,Y,.,Y,.,Y,.,Y,.,Y,.,Y,.,Y,.,Y,.,R,53740,R,0,R,53740,R,55350,R,0,R,55350,R,54160,R,0,R,54160,R,58720,R,0,R,58720,.,.,R,53740,R,0,R,53740,R,55350,R,0,R,55350,R,54160,R,0,R,54160,R,58720,R,0,R,58720,.,.,R,53740,R,0,R,53740,R,55350,R,0,R,55350,R,54160,R,0,R,54160,R,58720,R,0,R,58720,.,.,R,1240,R,1250,R,1260,R,1270,R,15836,R,16310,R,11095,R,16800,R,1085,R,1118,R,1152,R,1187,R,11650,R,12235,R,12820,R,13406,R,1085,R,1118,R,1152,R,1187,R,1085,R,1118,R,1152,R,1187
2021,163286,R,9000,R,1955,R,374,R,9000,R,1955,R,374,R,36683,R,1955,R,1529,R,15360,R,1635,R,768,R,15360,R,1635,R,768,R,34120,R,1635,R,1706,Y,.,Y,.,Y,.,Y,.,Y,.,Y,.,Y,.,Y,.,Y,.,Y,.,Y,.,Y,.,Y,.,Y,.,Y,.,Y,.,Y,.,Y,.,Y,.,Y,.,Y,.,Y,.,Y,.,Y,.,Y,.,Y,.,Y,.,Y,.,R,22462,R,3624,R,51459,R,4228,Y,.,Y,.,Y,.,Y,.,R,8651,R,1944,R,10595,R,8824,R,1955,R,10779,R,8824,R,1955,R,10779,R,9000,R,1955,R,10955,.,.,R,8651,R,1944,R,10595,R,8824,R,1955,R,10779,R,8824,R,1955,R,10779,R,9000,R,1955,R,10955,.,.,R,33272,R,1944,R,35216,R,34936,R,1955,R,36891,R,34936,R,1955,R,36891,R,36681,R,1955,R,38636,.,.,R,1250,R,1250,R,1250,R,1250,R,12809,R,13315,R,13256,R,13348,R,2492,R,2522,R,2522,R,2522,R,14314,R,14434,R,14434,R,14590,R,4172,R,4202,R,4202,R,4202,R,4172,R,4202,R,4202,R,4202
2021,164924,R,60530,R,1176,R,548,R,60530,R,1176,R,548,R,60530,R,1176,R,548,R,32616,R,106,R,1812,R,32616,R,106,R,1812,R,32616,R,106,R,1812,Y,.,Y,.,Y,.,Y,.,Y,.,Y,.,Y,.,Y,.,Y,.,Y,.,Y,.,Y,.,Y,.,Y,.,Y,.,Y,.,Y,.,Y,.,Y,.,Y,.,Y,.,Y,.,Y,.,Y,.,Y,.,Y,.,Y,.,Y,.,Y,.,Y,.,Y,.,Y,.,R,60700,R,210,R,60700,R,210,R,54600,R,864,R,55464,R,56780,R,1130,R,57910,R,59050,R,1152,R,60202,R,60530,R,1176,R,61706,.,.,R,54600,R,864,R,55464,R,56780,R,1130,R,57910,R,59050,R,1152,R,60202,R,60530,R,1176,R,61706,.,.,R,54600,R,864,R,55464,R,56780,R,1130,R,57910,R,59050,R,1152,R,60202,R,60530,R,1176,R,61706,.,.,R,1250,R,1250,R,1250,R,1250,R,14478,R,14826,R,15220,R,15602,R,1900,R,1900,R,1900,R,2100,R,11100,R,11550,R,11550,R,11550,R,1900,R,1900,R,1900,R,2100,R,3400,R,3400,R,3400,R,3900
2021,164988,R,58560,R,1256,R,1830,R,58560,R,1256,R,1830,R,58560,R,1256,R,1830,R,58560,R,858,R,1830,R,58560,R,858,R,1830,R,58560,R,858,R,1830,Y,.,Y,.,Y,.,Y,.,R,85000,Z,0,R,85000,Z,0,R,66702,Z,0,R,66702,Z,0,Y,.,Y,.,Y,.,Y,.,Y,.,Y,.,Y,.,Y,.,Y,.,Y,.,Y,.,Y,.,Y,.,Y,.,Y,.,Y,.,Y,.,Y,.,Y,.,Y,.,R,59380,Z,0,R,59380,Z,0,R,52816,R,1132,R,53948,R,54720,R,1172,R,55892,R,56854,R,1218,R,58072,R,58560,R,1256,R,59816,.,.,R,52816,R,1132,R,53948,R,54720,R,1172,R,55892,R,56854,R,1218,R,58072,R,58560,R,1256,R,59816,.,.,R,52816,R,1132,R,53948,R,54720,R,1172,R,55892,R,56854,R,1218,R,58072,R,58560,R,1256,R,59816,.,.,R,1000,R,1000,R,1000,R,1000,R,15720,R,16160,R,16640,R,16840,R,1950,R,1950,R,1950,R,1950,R,15720,R,16160,R,16640,R,16840,R,1950,R,1950,R,1950,R,1950,R,3800,R,3800,R,3900,R,3800
2021,165015,R,59408,R,598,R,1856,R,59408,R,598,R,1856,R,59408,R,598,R,1856,R,53498,R,120,R,1672,R,53498,R,120,R,1672,R,53498,R,120,R,1672,A,.,A,.,A,.,A,.,A,.,A,.,A,.,A,.,A,.,A,.,A,.,A,.,A,.,A,.,A,.,A,.,A,.,A,.,A,.,A,.,A,.,A,.,A,.,A,.,A,.,A,.,A,.,A,.,A,.,A,.,A,.,A,.,A,.,A,.,A,.,A,.,R,53260,R,2135,R,55395,R,55340,R,2221,R,57561,R,55340,R,2275,R,57615,R,59408,R,598,R,60006,.,.,R,53260,R,2135,R,55395,R,55340,R,2221,R,57561,R,55340,R,2275,R,57615,R,59408,R,598,R,60006,.,.,R,53260,R,2135,R,55395,R,55340,R,2221,R,57561,R,55340,R,2275,R,57615,R,59408,R,598,R,60006,.,.,R,1000,R,1000,R,1000,R,1000,R,15440,R,16080,R,16080,R,16450,R,1500,R,1500,R,1500,R,1500,R,12000,R,12500,R,11230,R,12500,R,1500,R,1500,R,1500,R,1500,R,3370,R,3380,R,2400,R,3300
2021,166027,R,51143,R,4444,R,1598,R,51143,R,4444,R,1598,R,51143,R,4444,R,1598,R,50928,R,1242,R,1592,R,50928,R,1242,R,1592,R,50928,R,1242,R,1592,Y,.,Y,.,Y,.,Y,.,R,66284,R,2112,R,66284,R,2112,R,66284,R,1839,R,66284,R,1839,Y,.,Y,.,Y,.,Y,.,Y,.,Y,.,Y,.,Y,.,Y,.,Y,.,Y,.,Y,.,Y,.,Y,.,Y,.,Y,.,Y,.,Y,.,Y,.,Y,.,R,67720,R,1242,R,67720,R,1242,R,46340,R,4080,R,50420,R,47730,R,4195,R,51925,R,49653,R,4349,R,54002,R,51143,R,4444,R,55587,.,.,R,46340,R,4080,R,50420,R,47730,R,4195,R,51925,R,49653,R,4349,R,54002,R,51143,R,4444,R,55587,.,.,R,46340,R,4080,R,50420,R,47730,R,4195,R,51925,R,49653,R,4349,R,54002,R,51143,R,4444,R,55587,.,.,R,1000,R,800,R,900,R,900,R,17160,R,17682,R,18389,R,18941,R,4905,R,5507,R,5649,R,2600,A,.,A,.,R,10000,A,.,A,.,A,.,R,5981,A,.,A,.,A,.,R,15981,A,.
2021,166629,R,15791,R,648,R,658,R,15791,R,648,R,658,R,36316,R,648,R,1514,R,14014,R,2237,R,779,R,14014,R,2237,R,779,R,30572,R,2237,R,1699,A,.,A,.,A,.,A,.,A,.,A,.,A,.,A,.,A,.,A,.,A,.,A,.,A,.,A,.,A,.,A,.,A,.,A,.,A,.,A,.,A,.,A,.,A,.,A,.,A,.,A,.,A,.,A,.,A,.,A,.,A,.,A,.,A,.,A,.,A,.,A,.,R,15406,R,481,R,15887,R,15791,R,598,R,16389,R,15791,R,648,R,16439,R,15791,R,648,R,16439,.,.,R,15406,R,481,R,15887,R,15791,R,598,R,16389,R,15791,R,648,R,16439,R,15791,R,648,R,16439,.,.,R,34089,R,481,R,34570,R,35112,R,598,R,35710,R,35779,R,648,R,36427,R,36316,R,648,R,36964,.,.,R,1000,R,1000,R,1000,R,1000,R,12626,R,13004,R,13329,R,13595,R,1400,R,1400,R,1400,R,1400,R,12626,R,13004,R,13329,R,13595,R,1400,R,1400,R,1400,R,1400,R,3400,R,3400,R,3400,R,3400
2021,166683,R,55510,R,368,R,860,R,55510,R,368,R,860,R,55510,R,368,R,860,R,55510,R,3457,R,860,R,55510,R,3457,R,860,R,55510,R,3457,R,860,A,.,A,.,A,.,A,.,A,.,A,.,A,.,A,.,A,.,A,.,A,.,A,.,A,.,A,.,A,.,A,.,A,.,A,.,A,.,A,.,A,.,A,.,A,.,A,.,A,.,A,.,A,.,A,.,A,.,A,.,A,.,A,.,A,.,A,.,A,.,A,.,R,51520,R,312,R,51832,R,53450,R,340,R,53790,R,53450,R,0,R,53450,R,55510,R,368,R,55878,.,.,R,51520,R,312,R,51832,R,53450,R,340,R,53790,R,53450,R,0,R,53450,R,55510,R,368,R,55878,.,.,R,51520,R,312,R,51832,R,53450,R,340,R,53790,R,53450,R,0,R,53450,R,55510,R,368,R,55878,.,.,R,800,R,820,R,830,R,840,R,15510,R,16390,R,16000,R,18100,R,2098,R,2160,R,2182,R,2202,R,15510,R,16390,R,8000,A,.,R,2098,R,2160,R,2182,A,.,R,2098,R,2160,R,2182,R,2202
2021,167358,R,56500,R,1092,R,1766,R,56500,R,1092,R,1766,R,56500,R,1092,R,1766,R,25801,R,294,R,1613,R,25801,R,294,R,1613,R,25801,R,294,R,1613,Y,.,Y,.,Y,.,Y,.,Y,.,Y,.,Y,.,Y,.,Y,.,Y,.,Y,.,Y,.,Y,.,Y,.,Y,.,Y,.,Y,.,Y,.,Y,.,Y,.,R,52216,R,1092,R,52216,R,1092,Y,.,Y,.,Y,.,Y,.,Y,.,Y,.,Y,.,Y,.,R,56940,R,154,R,56940,R,154,R,50450,R,1072,R,51522,R,52420,R,1086,R,53506,R,54360,R,1092,R,55452,R,56500,R,1092,R,57592,.,.,R,50450,R,1072,R,51522,R,52420,R,1086,R,53506,R,54360,R,1092,R,55452,R,56500,R,1092,R,57592,.,.,R,50450,R,1072,R,51522,R,52420,R,1086,R,53506,R,54360,R,1092,R,55452,R,56500,R,1092,R,57592,.,.,R,1000,R,1000,R,1000,R,1000,R,16270,R,16930,R,17480,R,17810,R,1800,R,1800,R,1800,R,1800,R,16270,R,16930,R,17480,R,17810,R,1800,R,1800,R,1800,R,1800,R,1800,R,1800,R,1800,R,1800
2021,168148,R,61646,R,1354,R,2055,R,61646,R,1354,R,2055,R,61646,R,1354,R,2055,R,54196,R,1020,R,1799,R,54196,R,1020,R,1799,R,54196,R,1020,R,1799,Y,.,Y,.,Y,.,Y,.,R,84840,R,11921,R,84840,R,11921,R,66354,R,812,R,66354,R,812,Y,.,Y,.,Y,.,Y,.,Y,.,Y,.,Y,.,Y,.,Y,.,Y,.,Y,.,Y,.,Y,.,Y,.,Y,.,Y,.,R,63122,R,450,R,63122,R,450,Y,.,Y,.,Y,.,Y,.,R,55172,R,1210,R,56382,R,57324,R,1254,R,58578,R,59560,R,1302,R,60862,R,61646,R,1354,R,63000,.,.,R,55172,R,1210,R,56382,R,57324,R,1254,R,58578,R,59560,R,1302,R,60862,R,61646,R,1354,R,63000,.,.,R,55172,R,1210,R,56382,R,57324,R,1254,R,58578,R,59560,R,1302,R,60862,R,61646,R,1354,R,63000,.,.,R,1000,R,1000,R,1000,R,1000,R,14560,R,15086,R,15630,R,16210,R,1558,R,1536,R,1508,R,1490,R,14560,R,15086,R,15630,R,16210,R,1558,R,1536,R,1508,R,1490,R,7718,R,7922,R,8138,R,8100
2021,168421,R,54640,R,891,R,1520,R,54640,R,891,R,1520,R,54640,R,891,R,1520,R,28980,R,60,R,1610,R,28980,R,60,R,1610,R,28980,R,60,R,1610,A,.,A,.,A,.,A,.,A,.,A,.,A,.,A,.,A,.,A,.,A,.,A,.,A,.,A,.,A,.,A,.,A,.,A,.,A,.,A,.,A,.,A,.,A,.,A,.,A,.,A,.,A,.,A,.,A,.,A,.,A,.,A,.,A,.,A,.,A,.,A,.,R,49860,R,670,R,50530,R,51604,R,716,R,52320,R,53100,R,1316,R,54416,R,54640,R,1091,R,55731,.,.,R,49860,R,670,R,50530,R,51604,R,716,R,52320,R,53100,R,1316,R,54416,R,54640,R,1091,R,55731,.,.,R,49860,R,670,R,50530,R,51604,R,716,R,52320,R,53100,R,1316,R,54416,R,54640,R,1091,R,55731,.,.,R,1000,R,1000,R,1200,R,1200,R,14774,R,15302,R,15680,R,16140,R,1200,R,1200,R,1000,R,1200,R,14218,R,14774,R,15680,R,16140,R,1200,R,1200,R,1000,R,1200,R,2700,R,2700,R,2500,R,2700
2021,170976,R,16865,R,328,R,671,R,16865,R,328,R,671,R,54769,R,328,R,2250,R,24902,R,328,R,1340,R,24902,R,328,R,1340,R,50136,R,328,R,2742,Y,.,Y,.,Y,.,Y,.,R,51156,R,493,R,69741,R,493,R,43881,R,493,R,62046,R,493,Y,.,Y,.,Y,.,Y,.,Y,.,Y,.,Y,.,Y,.,R,33206,R,328,R,39056,R,328,Y,.,Y,.,Y,.,Y,.,Y,.,Y,.,Y,.,Y,.,R,63680,R,328,R,66680,R,328,R,14934,R,328,R,15262,R,15230,R,328,R,15558,R,15520,R,428,R,15948,R,15850,R,328,R,16178,.,.,R,14934,R,328,R,15262,R,15230,R,328,R,15558,R,15520,R,428,R,15948,R,15850,R,328,R,16178,.,.,R,49022,R,328,R,49350,R,50872,R,328,R,51200,R,51838,R,428,R,52266,R,52904,R,328,R,53232,.,.,R,1048,R,1048,R,1048,R,1048,R,11534,R,11996,R,12034,R,12592,R,2454,R,2454,R,2454,R,2454,R,11534,R,11996,R,12034,R,12592,R,2454,R,2454,R,2454,R,2454,R,7412,R,7612,R,7710,R,7868
2021,171100,R,15966,R,0,R,529,R,15966,R,0,R,529,R,41290,R,0,R,1373,R,19714,R,0,R,817,R,19714,R,0,R,817,R,38638,R,0,R,1606,Y,.,Y,.,Y,.,Y,.,Y,.,Y,.,Y,.,Y,.,R,31412,Z,0,R,58166,Z,0,Y,.,Y,.,Y,.,Y,.,R,31412,Z,0,R,58166,Z,0,Y,.,Y,.,Y,.,Y,.,Y,.,Y,.,Y,.,Y,.,R,31728,Z,0,R,47536,Z,0,R,41140,Z,0,R,45700,Z,0,R,14460,R,0,R,14460,R,14460,R,0,R,14460,R,14460,R,0,R,14460,R,14750,R,0,R,14750,.,.,R,14460,R,0,R,14460,R,14460,R,0,R,14460,R,14460,R,0,R,14460,R,14750,R,0,R,14750,.,.,R,39766,R,0,R,39766,R,39766,R,0,R,39766,R,39766,R,0,R,39766,R,40562,R,0,R,40562,.,.,R,1108,R,1108,R,1154,R,1168,R,10322,R,10522,R,10522,R,10676,R,2972,R,3040,R,3094,R,3140,R,10322,R,10522,R,10522,R,10676,R,2972,R,3040,R,3094,R,3140,R,2972,R,3040,R,3094,R,3140
2021,174066,R,13532,R,1722,R,521,R,13532,R,1722,R,521,R,32096,R,1722,R,1236,R,17844,R,1650,R,1487,R,17844,R,1650,R,1487,R,27612,R,1650,R,2301,Y,.,Y,.,Y,.,Y,.,R,52558,R,7742,R,97000,R,7742,R,40995,R,2028,R,59985,R,2028,Y,.,Y,.,Y,.,Y,.,Y,.,Y,.,Y,.,Y,.,R,27864,R,2062,R,40800,R,2062,Y,.,Y,.,Y,.,Y,.,R,29952,R,2212,R,55656,R,2212,R,44376,R,2112,R,53352,R,2112,R,13058,R,1702,R,14760,R,13318,R,1709,R,15027,R,13318,R,1709,R,15027,R,13532,R,1722,R,15254,.,.,R,13058,R,1702,R,14760,R,13318,R,1709,R,15027,R,13318,R,1709,R,15027,R,13532,R,1722,R,15254,.,.,R,28736,R,1702,R,30438,R,31616,R,1709,R,33325,R,31616,R,1709,R,33325,R,32096,R,1722,R,33818,.,.,R,1000,R,1000,R,1000,R,1000,R,9910,R,10358,R,10358,R,10934,R,2228,R,2434,R,2442,R,2228,R,9910,R,10358,R,10358,R,10934,R,2228,R,2434,R,2442,R,2228,R,2228,R,2434,R,2442,R,2228
2021,179867,R,57750,R,1116,R,2406,R,57750,R,1116,R,2406,R,57750,R,1116,R,2406,R,57750,R,538,R,2406,R,57750,R,538,R,2406,R,57750,R,538,R,2406,Y,.,Y,.,Y,.,Y,.,Y,.,Y,.,Y,.,Y,.,R,65001,R,1500,R,65001,R,1500,Y,.,Y,.,Y,.,Y,.,Y,.,Y,.,Y,.,Y,.,Y,.,Y,.,Y,.,Y,.,Y,.,Y,.,Y,.,Y,.,Y,.,Y,.,Y,.,Y,.,R,62666,R,538,R,62666,R,538,R,52400,R,999,R,53399,R,54250,R,1042,R,55292,R,56300,R,1086,R,57386,R,57750,R,1116,R,58866,.,.,R,52400,R,999,R,53399,R,54250,R,1042,R,55292,R,56300,R,1086,R,57386,R,57750,R,1116,R,58866,.,.,R,52400,R,999,R,53399,R,54250,R,1042,R,55292,R,56300,R,1086,R,57386,R,57750,R,1116,R,58866,.,.,R,1010,R,1126,R,1144,R,1158,R,16440,R,16900,R,17402,R,17900,R,3512,R,3592,R,3654,R,3696,R,16440,R,16900,R,17402,R,17900,R,3512,R,3592,R,3654,R,3696,R,4900,R,5012,R,5098,R,5158
2021,182670,R,58953,R,1695,R,7860,R,58953,R,1695,R,7860,R,58953,R,1695,R,7860,R,58953,R,330,R,7860,R,58953,R,330,R,7860,R,58953,R,330,R,7860,Y,.,Y,.,Y,.,Y,.,Y,.,Y,.,Y,.,Y,.,R,67532,R,2533,R,67532,R,2533,Y,.,Y,.,Y,.,Y,.,Y,.,Y,.,Y,.,Y,.,Y,.,Y,.,Y,.,Y,.,Y,.,Y,.,Y,.,Y,.,Y,.,Y,.,Y,.,Y,.,Y,.,Y,.,Y,.,Y,.,R,53496,R,1957,R,55453,R,55605,R,2033,R,57638,R,57796,R,2321,R,60117,R,58953,R,1917,R,60870,.,.,R,53496,R,1957,R,55453,R,55605,R,2033,R,57638,R,57796,R,2321,R,60117,R,58953,R,1917,R,60870,.,.,R,53496,R,1957,R,55453,R,55605,R,2033,R,57638,R,57796,R,2321,R,60117,R,58953,R,1917,R,60870,.,.,R,1110,R,1100,R,1005,R,1005,R,15756,R,16374,R,17022,R,17586,R,2040,R,2040,R,2040,R,2040,A,.,A,.,A,.,A,.,A,.,A,.,A,.,A,.,A,.,A,.,A,.,A,.
2021,185828,R,14790,R,3226,R,563,R,14790,R,3226,R,563,R,30808,R,3226,R,1318,R,21342,R,3204,R,1161,R,21342,R,3204,R,1161,R,31556,R,3204,R,1667,A,.,A,.,A,.,A,.,A,.,A,.,A,.,A,.,A,.,A,.,A,.,A,.,A,.,A,.,A,.,A,.,A,.,A,.,A,.,A,.,A,.,A,.,A,.,A,.,A,.,A,.,A,.,A,.,A,.,A,.,A,.,A,.,A,.,A,.,A,.,A,.,R,14216,R,3164,R,17380,R,14448,R,3226,R,17674,R,14448,R,3226,R,17674,R,14790,R,3226,R,18016,.,.,R,14216,R,3164,R,17380,R,14448,R,3226,R,17674,R,14448,R,3226,R,17674,R,14790,R,3226,R,18016,.,.,R,29662,R,3164,R,32826,R,30160,R,3226,R,33386,R,30160,R,3226,R,33386,R,30808,R,3226,R,34034,.,.,R,2900,R,2900,R,2900,R,3000,R,13600,R,13900,R,13900,R,14200,R,3900,R,4100,R,4100,R,4100,R,13900,R,14600,R,12400,R,12700,R,6100,R,6300,R,6300,R,6300,R,6100,R,6300,R,6300,R,6300
2021,186131,R,56010,R,0,R,1750,R,56010,Z,0,R,1750,R,56010,Z,0,R,1750,R,56010,R,2780,A,.,R,56010,R,2780,A,.,R,56010,R,2780,A,.,A,.,A,.,A,.,A,.,A,.,A,.,A,.,A,.,A,.,A,.,A,.,A,.,A,.,A,.,A,.,A,.,A,.,A,.,A,.,A,.,A,.,A,.,A,.,A,.,A,.,A,.,A,.,A,.,A,.,A,.,A,.,A,.,A,.,A,.,A,.,A,.,R,49450,R,890,R,50340,R,51870,R,930,R,52800,R,48502,R,0,R,48502,R,56010,R,0,R,56010,.,.,R,49450,R,890,R,50340,R,51870,R,930,R,52800,R,48502,R,0,R,48502,R,56010,R,0,R,56010,.,.,R,49450,R,890,R,50340,R,51870,R,930,R,52800,R,48502,R,0,R,48502,R,56010,R,0,R,56010,.,.,R,1050,R,1050,R,1050,R,1050,R,16360,R,17150,R,15342,R,18180,R,3150,R,3150,R,3150,R,3250,A,.,A,.,A,.,A,.,A,.,A,.,A,.,A,.,A,.,A,.,A,.,A,.
2021,186371,R,12536,R,3121,R,404,R,12536,R,3121,R,404,R,29178,R,3121,R,947,R,18168,R,2481,R,757,R,18168,R,2481,R,757,R,29952,R,2481,R,1248,Y,.,Y,.,Y,.,Y,.,Y,.,Y,.,Y,.,Y,.,Y,.,Y,.,Y,.,Y,.,Y,.,Y,.,Y,.,Y,.,Y,.,Y,.,Y,.,Y,.,Y,.,Y,.,Y,.,Y,.,Y,.,Y,.,Y,.,Y,.,Y,.,Y,.,Y,.,Y,.,R,26320,R,3443,R,39896,R,3443,R,11886,R,2949,R,14835,R,12230,R,3034,R,15264,R,12230,R,2647,R,14877,R,12536,R,3121,R,15657,.,.,R,11886,R,2949,R,14835,R,12230,R,3034,R,15264,R,12230,R,2647,R,14877,R,12536,R,3121,R,15657,.,.,R,27664,R,2949,R,30613,R,28466,R,3034,R,31500,R,28466,R,2647,R,31113,R,29178,R,3121,R,32299,.,.,R,1350,R,1350,R,1350,R,1350,R,12336,R,12691,R,12691,R,12652,R,3413,R,3625,R,3574,R,3574,R,10572,R,16434,R,16706,R,16870,R,5785,R,6041,R,6641,R,6641,R,5785,R,6041,R,6641,R,6641
2021,186380,R,12536,R,3268,R,404,R,12536,R,3268,R,404,R,29737,R,3268,R,966,R,18180,R,2315,R,758,R,18180,R,2315,R,758,R,30900,R,2315,R,1288,Y,.,Y,.,Y,.,Y,.,R,55290,R,14312,R,89583,R,14312,R,43995,R,2870,R,67885,R,2870,Y,.,Y,.,Y,.,Y,.,Y,.,Y,.,Y,.,Y,.,R,19435,R,2563,R,38244,R,2563,Y,.,Y,.,Y,.,Y,.,Y,.,Y,.,Y,.,Y,.,Y,.,Y,.,Y,.,Y,.,R,11886,R,3088,R,14974,R,12230,R,3177,R,15407,R,12230,R,2773,R,15003,R,12536,R,3268,R,15804,.,.,R,11886,R,3088,R,14974,R,12230,R,3177,R,15407,R,12230,R,2773,R,15003,R,12536,R,3268,R,15804,.,.,R,28194,R,3088,R,31282,R,29012,R,3177,R,32189,R,29012,R,2773,R,31785,R,29737,R,3268,R,33005,.,.,R,1350,R,1350,R,1350,R,1350,R,12706,R,13075,R,13075,R,13402,R,3413,R,3625,R,3574,R,3574,R,10572,R,16434,R,16706,R,16870,R,5785,R,6041,R,6641,R,6641,R,5785,R,6041,R,6641,R,6641
2021,186399,R,12536,R,2672,R,404,R,12536,R,2672,R,404,R,29737,R,2672,R,966,R,18168,R,2298,R,757,R,18168,R,2298,R,757,R,30888,R,2298,R,1287,Y,.,Y,.,Y,.,Y,.,Y,.,Y,.,Y,.,Y,.,Y,.,Y,.,Y,.,Y,.,Y,.,Y,.,Y,.,Y,.,Y,.,Y,.,Y,.,Y,.,Y,.,Y,.,Y,.,Y,.,Y,.,Y,.,Y,.,Y,.,Y,.,Y,.,Y,.,Y,.,R,26320,R,3171,R,39896,R,3171,R,11886,R,2523,R,14409,R,12230,R,2596,R,14826,R,12230,R,2272,R,14502,R,12536,R,2672,R,15208,.,.,R,11886,R,2523,R,14409,R,12230,R,2596,R,14826,R,12230,R,2272,R,14502,R,12536,R,2672,R,15208,.,.,R,28194,R,2523,R,30717,R,29012,R,2596,R,31608,R,29012,R,2272,R,31284,R,29737,R,2672,R,32409,.,.,R,1350,R,1350,R,1350,R,1350,R,13536,R,13929,R,13929,R,13930,R,3413,R,3625,R,3574,R,3574,R,10572,R,16434,R,16706,R,16870,R,5785,R,6041,R,6641,R,6641,R,5785,R,6041,R,6641,R,6641
2021,186867,R,54780,R,2140,R,1826,R,54780,R,2140,R,1826,R,54780,R,2140,R,1826,R,38076,R,1480,R,1716,R,38076,R,1480,R,1716,R,38076,R,1480,R,1716,A,.,A,.,A,.,A,.,A,.,A,.,A,.,A,.,A,.,A,.,A,.,A,.,A,.,A,.,A,.,A,.,A,.,A,.,A,.,A,.,A,.,A,.,A,.,A,.,A,.,A,.,A,.,A,.,A,.,A,.,A,.,A,.,A,.,A,.,A,.,A,.,R,50370,R,1832,R,52202,R,52134,R,1880,R,54014,R,53828,R,2124,R,55952,R,54780,R,2140,R,56920,.,.,R,50370,R,1832,R,52202,R,52134,R,1880,R,54014,R,53828,R,2124,R,55952,R,54780,R,2140,R,56920,.,.,R,50370,R,1832,R,52202,R,52134,R,1880,R,54014,R,53828,R,2124,R,55952,R,54780,R,2140,R,56920,.,.,R,1200,R,1200,R,1200,R,1200,R,15244,R,15770,R,16244,R,16600,R,1050,R,1050,R,1020,R,1050,R,15244,R,15770,R,16244,R,16600,R,1050,R,1050,R,1050,R,1050,R,1550,R,1550,R,1550,R,1550
2021,190415,R,60286,R,729,R,1620,R,60286,R,729,R,1620,R,60286,R,729,R,1620,R,29500,R,506,R,1620,R,29500,R,506,R,1620,R,29500,R,506,R,1620,Y,.,Y,.,Y,.,Y,.,Y,.,Y,.,Y,.,Y,.,Y,.,Y,.,Y,.,Y,.,Y,.,Y,.,Y,.,Y,.,Y,.,Y,.,Y,.,Y,.,Y,.,Y,.,Y,.,Y,.,Y,.,Y,.,Y,.,Y,.,R,39206,R,506,R,58244,R,506,R,71552,R,506,R,71552,R,506,R,54584,R,604,R,55188,R,56550,R,672,R,57222,R,58586,R,696,R,59282,R,60286,R,729,R,61015,.,.,R,54584,R,604,R,55188,R,56550,R,672,R,57222,R,58586,R,696,R,59282,R,60286,R,729,R,61015,.,.,R,54584,R,604,R,55188,R,56550,R,672,R,57222,R,58586,R,696,R,59282,R,60286,R,729,R,61015,.,.,R,950,R,970,R,990,R,1000,R,14766,R,15246,R,15756,R,16396,R,1850,R,1850,R,2964,R,1876,R,14766,R,15246,R,15396,R,16396,R,1850,R,1850,R,2964,R,1876,R,1850,R,1850,R,3324,R,3576
2021,191241,R,54730,R,1046,R,945,R,54730,R,1046,R,945,R,54730,R,1046,R,945,R,23112,R,734,R,963,R,23112,R,734,R,963,R,23112,R,734,R,963,Y,.,Y,.,Y,.,Y,.,Y,.,Y,.,Y,.,Y,.,Y,.,Y,.,Y,.,Y,.,Y,.,Y,.,Y,.,Y,.,Y,.,Y,.,Y,.,Y,.,Y,.,Y,.,Y,.,Y,.,Y,.,Y,.,Y,.,Y,.,Y,.,Y,.,Y,.,Y,.,R,65850,R,900,R,65850,R,900,R,51285,R,1402,R,52687,R,52980,R,1413,R,54393,R,54730,R,1431,R,56161,R,54730,R,1431,R,56161,.,.,R,51285,R,1402,R,52687,R,52980,R,1413,R,54393,R,54730,R,1431,R,56161,R,54730,R,1431,R,56161,.,.,R,51285,R,1402,R,52687,R,52980,R,1413,R,54393,R,54730,R,1431,R,56161,R,54730,R,1431,R,56161,.,.,R,1012,R,1039,R,1040,R,1040,R,17969,R,18510,R,19065,R,21035,R,2870,R,2949,R,2950,R,2950,R,12162,R,12438,R,12438,R,12438,R,2840,R,2919,R,2920,R,2920,R,2802,R,2887,R,2888,R,2888
2021,193900,R,53770,R,2730,R,1583,R,53770,R,2730,R,1583,R,53770,R,2730,R,1583,R,35982,R,2224,R,1999,R,35982,R,2224,R,1999,R,35982,R,2224,R,1999,Y,.,Y,.,Y,.,Y,.,R,88700,R,2784,R,88700,R,2784,R,57887,R,3700,R,57887,R,3700,Y,.,Y,.,Y,.,Y,.,Y,.,Y,.,Y,.,Y,.,Y,.,Y,.,Y,.,Y,.,Y,.,Y,.,Y,.,Y,.,Y,.,Y,.,Y,.,Y,.,R,70400,R,2784,R,70400,R,2784,R,49256,R,2572,R,51828,R,50684,R,2624,R,53308,R,52204,R,2676,R,54880,R,53770,R,2730,R,56500,.,.,R,49256,R,2572,R,51828,R,50684,R,2624,R,53308,R,52204,R,2676,R,54880,R,53770,R,2730,R,56500,.,.,R,49256,R,2572,R,51828,R,50684,R,2624,R,53308,R,52204,R,2676,R,54880,R,53770,R,2730,R,56500,.,.,R,824,R,752,R,718,R,718,R,18156,R,18684,R,19244,R,19682,R,2758,R,2758,R,2790,R,2846,R,18156,R,18684,R,19244,R,19682,R,2758,R,2758,R,2790,R,2846,R,2758,R,2758,R,2790,R,2846
2021,194824,R,57100,R,1426,R,2380,R,57100,R,1426,R,2380,R,57100,R,1426,R,2380,R,57100,R,2926,R,2380,R,57100,R,2926,R,2380,R,57100,R,2926,R,2380,A,.,A,.,A,.,A,.,A,.,A,.,A,.,A,.,A,.,A,.,A,.,A,.,A,.,A,.,A,.,A,.,A,.,A,.,A,.,A,.,A,.,A,.,A,.,A,.,A,.,A,.,A,.,A,.,A,.,A,.,A,.,A,.,A,.,A,.,A,.,A,.,R,52550,R,1330,R,53880,R,54000,R,1378,R,55378,R,55600,R,1412,R,57012,R,57100,R,1426,R,58526,.,.,R,52550,R,1330,R,53880,R,54000,R,1378,R,55378,R,55600,R,1412,R,57012,R,57100,R,1426,R,58526,.,.,R,52550,R,1330,R,53880,R,54000,R,1378,R,55378,R,55600,R,1412,R,57012,R,57100,R,1426,R,58526,.,.,R,1250,R,1250,R,1250,R,1250,R,15260,R,15580,R,15954,R,16379,R,1608,R,1608,R,1608,R,1608,A,.,A,.,A,.,A,.,A,.,A,.,A,.,A,.,A,.,A,.,A,.,A,.
2021,195003,R,50225,R,726,R,1760,R,50225,R,726,R,1760,R,50225,R,726,R,1760,R,52092,R,316,R,2171,R,52092,R,316,R,2171,R,52092,R,316,R,2171,A,.,A,.,A,.,A,.,A,.,A,.,A,.,A,.,A,.,A,.,A,.,A,.,A,.,A,.,A,.,A,.,A,.,A,.,A,.,A,.,A,.,A,.,A,.,A,.,A,.,A,.,A,.,A,.,A,.,A,.,A,.,A,.,A,.,A,.,A,.,A,.,R,41772,R,584,R,42356,R,45244,R,646,R,45890,R,50564,R,676,R,51240,R,52030,R,726,R,52756,.,.,R,41772,R,584,R,42356,R,45244,R,646,R,45890,R,50564,R,676,R,51240,R,52030,R,726,R,52756,.,.,R,41772,R,584,R,42356,R,45244,R,646,R,45890,R,50564,R,676,R,51240,R,52030,R,726,R,52756,.,.,R,1082,R,1098,R,1098,R,1098,R,13046,R,13540,R,13976,R,14432,R,928,R,946,R,946,R,946,R,13046,R,13540,R,13976,R,14432,R,928,R,946,R,946,R,946,R,1184,R,1208,R,1252,R,1252
2021,195030,R,58276,R,1102,R,1818,R,58276,R,1102,R,1818,R,58276,R,1102,R,1818,R,46779,R,762,R,1818,R,46779,R,762,R,1818,R,46779,R,762,R,1818,Y,.,Y,.,Y,.,Y,.,Y,.,Y,.,Y,.,Y,.,R,64000,R,2472,R,64000,R,2472,Y,.,Y,.,Y,.,Y,.,Y,.,Y,.,Y,.,Y,.,Y,.,Y,.,Y,.,Y,.,Y,.,Y,.,Y,.,Y,.,Y,.,Y,.,Y,.,Y,.,Y,.,Y,.,Y,.,Y,.,R,52974,R,935,R,53909,R,55040,R,990,R,56030,R,57188,R,1053,R,58241,R,58276,R,1102,R,59378,.,.,R,52974,R,935,R,53909,R,55040,R,990,R,56030,R,57188,R,1053,R,58241,R,58276,R,1102,R,59378,.,.,R,52974,R,935,R,53909,R,55040,R,990,R,56030,R,57188,R,1053,R,58241,R,58276,R,1102,R,59378,.,.,R,1310,R,1310,R,1310,R,1310,R,16122,R,16470,R,17064,R,17388,R,1380,R,1380,R,1380,R,1380,A,.,A,.,A,.,A,.,A,.,A,.,A,.,A,.,A,.,A,.,A,.,A,.
2021,196079,R,7070,R,3320,R,295,R,7070,R,3320,R,295,R,24910,R,3320,R,1038,R,11310,R,2470,R,471,R,11310,R,2470,R,471,R,23100,R,2470,R,963,Y,.,Y,.,Y,.,Y,.,Y,.,Y,.,Y,.,Y,.,Y,.,Y,.,Y,.,Y,.,Y,.,Y,.,Y,.,Y,.,Y,.,Y,.,Y,.,Y,.,R,26450,R,2319,R,37140,R,2319,Y,.,Y,.,Y,.,Y,.,Y,.,Y,.,Y,.,Y,.,Y,.,Y,.,Y,.,Y,.,R,6870,R,2938,R,9808,R,7070,R,3131,R,10201,R,7070,R,2944,R,10014,R,7070,R,3320,R,10390,.,.,R,6870,R,2983,R,9853,R,7070,R,3131,R,10201,R,7070,R,2944,R,10014,R,7070,R,3320,R,10390,.,.,R,23710,R,2938,R,26648,R,24660,R,3131,R,27791,R,24660,R,2944,R,27604,R,23100,R,3320,R,26420,.,.,R,1000,R,1000,R,1000,R,1000,R,15058,R,16068,R,15601,R,17064,R,1000,R,1000,R,1000,R,1000,R,15058,R,16068,R,16068,R,17064,R,1200,R,1000,R,1000,R,1000,R,2195,R,2195,R,2195,R,2195
2021,196088,R,7070,R,3712,R,295,R,7070,R,3712,R,295,R,24990,R,3712,R,1041,R,11310,R,3078,R,471,R,11310,R,3078,R,471,R,23100,R,3078,R,963,Y,.,Y,.,Y,.,Y,.,R,36900,R,3058,R,63580,R,3058,R,43670,R,3258,R,65160,R,3258,Y,.,Y,.,Y,.,Y,.,Y,.,Y,.,Y,.,Y,.,R,26450,R,3038,R,37140,R,3038,Y,.,Y,.,Y,.,Y,.,Y,.,Y,.,Y,.,Y,.,R,25410,R,3078,R,30250,R,3078,R,6870,R,3229,R,10099,R,7070,R,3454,R,10524,R,7070,R,3456,R,10526,R,7070,R,3712,R,10782,.,.,R,6870,R,3229,R,10099,R,7070,R,3454,R,10524,R,7070,R,3456,R,10526,R,7070,R,3712,R,10782,.,.,R,24540,R,3229,R,27769,R,24740,R,3454,R,28194,R,24740,R,3456,R,28196,R,24990,R,3712,R,28702,.,.,R,1203,R,1203,R,1202,R,1202,R,13723,R,14134,R,14136,R,15452,R,2733,R,2805,R,2804,R,2804,R,13723,R,14134,R,14136,R,15452,R,2733,R,2805,R,2804,R,2804,R,2733,R,2805,R,2804,R,2804
2021,196097,R,7070,R,3385,R,295,R,7070,R,3385,R,295,R,24990,R,3385,R,1041,R,11310,R,2528,R,471,R,11310,R,2528,R,471,R,23100,R,2528,R,963,Y,.,Y,.,Y,.,Y,.,R,36900,R,14038,R,63580,R,14038,R,43670,R,4104,R,65160,R,4104,Y,.,Y,.,Y,.,Y,.,Y,.,Y,.,Y,.,Y,.,Y,.,Y,.,Y,.,Y,.,Y,.,Y,.,Y,.,Y,.,Y,.,Y,.,Y,.,Y,.,Y,.,Y,.,Y,.,Y,.,R,6870,R,2755,R,9625,R,7070,R,3105,R,10175,R,7070,R,3021,R,10091,R,7070,R,3385,R,10455,.,.,R,6870,R,2755,R,9625,R,7070,R,3105,R,10175,R,7070,R,3021,R,10091,R,7070,R,3385,R,10455,.,.,R,24540,R,2755,R,27295,R,24740,R,3105,R,27845,R,24740,R,3021,R,27761,R,24990,R,3385,R,28375,.,.,R,900,R,900,R,900,R,900,R,13698,R,14278,R,14884,R,15498,R,1868,R,1868,R,1868,R,2420,R,13999,R,14151,R,15572,R,16168,R,5336,R,5336,R,5336,R,6664,R,5336,R,5336,R,5336,R,6664
2021,196413,R,55920,R,1671,R,2434,R,55920,R,1671,R,2434,R,55920,R,1671,R,2434,R,41616,R,1338,R,1734,R,41616,R,1338,R,1734,R,41616,R,1338,R,1734,Y,.,Y,.,Y,.,Y,.,Y,.,Y,.,Y,.,Y,.,Y,.,Y,.,Y,.,Y,.,Y,.,Y,.,Y,.,Y,.,Y,.,Y,.,Y,.,Y,.,Y,.,Y,.,Y,.,Y,.,Y,.,Y,.,Y,.,Y,.,Y,.,Y,.,Y,.,Y,.,R,55140,R,2608,R,55140,R,2608,R,50230,R,1623,R,51853,R,52210,R,1639,R,53849,R,54270,R,1656,R,55926,R,55920,R,1671,R,57591,.,.,R,50230,R,1623,R,51853,R,52210,R,1639,R,53849,R,54270,R,1656,R,55926,R,55920,R,1671,R,57591,.,.,R,50230,R,1623,R,51853,R,52210,R,1639,R,53849,R,54270,R,1656,R,55926,R,55920,R,1671,R,57591,.,.,R,1500,R,1536,R,1564,R,1582,R,15550,R,15910,R,16356,R,16895,R,1733,R,1774,R,1806,R,1828,R,15550,R,15910,R,16356,R,16895,R,1733,R,1774,R,1806,R,1828,R,1733,R,1774,R,1806,R,1828
2021,197708,R,44300,R,3200,R,1585,R,44300,R,3200,R,1585,R,44300,R,3200,R,1585,R,34800,R,350,R,1165,R,34800,R,350,R,1165,R,34800,R,350,R,1165,Y,.,Y,.,Y,.,Y,.,Y,.,Y,.,Y,.,Y,.,Y,.,Y,.,Y,.,Y,.,Y,.,Y,.,Y,.,Y,.,Y,.,Y,.,Y,.,Y,.,Y,.,Y,.,Y,.,Y,.,Y,.,Y,.,Y,.,Y,.,Y,.,Y,.,Y,.,Y,.,R,65817,R,670,R,65817,R,670,R,41000,R,2500,R,43500,R,42200,R,2700,R,44900,R,43575,R,2900,R,46475,R,44300,R,3200,R,47500,.,.,R,41000,R,2500,R,43500,R,42200,R,2700,R,44900,R,43575,R,2900,R,46475,R,44300,R,3200,R,47500,.,.,R,41000,R,2500,R,43500,R,42200,R,2700,R,44900,R,43575,R,2900,R,46475,R,44300,R,3200,R,47500,.,.,R,1224,R,1250,R,1250,R,1250,R,12000,R,12500,R,12750,R,13000,R,5351,R,5400,R,5400,R,5400,R,13283,R,13283,R,13283,R,13283,R,5283,R,5400,R,5400,R,5400,R,3866,R,2363,R,2363,R,2363
2021,198419,R,58085,R,2159,R,1815,R,58085,R,2159,R,1815,R,58085,R,2159,R,1815,R,57900,R,1241,R,3360,R,57900,R,1241,R,3360,R,57900,R,1241,R,3360,Y,.,Y,.,Y,.,Y,.,Y,.,Y,.,Y,.,Y,.,R,63310,R,1365,R,63310,R,1365,Y,.,Y,.,Y,.,Y,.,Y,.,Y,.,Y,.,Y,.,Y,.,Y,.,Y,.,Y,.,Y,.,Y,.,Y,.,Y,.,Y,.,Y,.,Y,.,Y,.,R,68400,R,1350,R,68400,R,1350,R,53760,R,1935,R,55695,R,55880,R,2243,R,58123,R,55880,R,2054,R,57934,R,58085,R,2159,R,60244,.,.,R,53760,R,1935,R,55695,R,55880,R,2243,R,58123,R,55880,R,2054,R,57934,R,58085,R,2159,R,60244,.,.,R,53760,R,1935,R,55695,R,55880,R,2243,R,58123,R,55880,R,2054,R,57934,R,58085,R,2159,R,60244,.,.,R,1260,R,1434,R,1434,R,1434,R,15944,R,16313,R,17484,R,16206,R,2206,R,1976,R,1976,R,1976,A,.,A,.,A,.,A,.,A,.,A,.,A,.,A,.,A,.,A,.,R,11791,A,.
2021,199120,R,7019,R,2009,R,292,R,7019,R,2009,R,292,R,34882,R,2009,R,1453,R,10552,R,2014,R,586,R,10552,R,2014,R,586,R,28844,R,2014,R,1602,Y,.,Y,.,Y,.,Y,.,R,12153,R,4521,R,30566,R,4521,R,32746,R,1999,R,60706,R,1999,Y,.,Y,.,Y,.,Y,.,Y,.,Y,.,Y,.,Y,.,R,22387,R,1998,R,45514,R,1998,Y,.,Y,.,Y,.,Y,.,Y,.,Y,.,Y,.,Y,.,R,21141,R,3389,R,41353,R,3389,R,7019,R,1968,R,8987,R,7019,R,1961,R,8980,R,7019,R,1961,R,8980,R,7019,R,2009,R,9028,0,.,R,7019,R,1968,R,8987,R,7019,R,1961,R,8980,R,7019,R,1961,R,8980,R,7019,R,2009,R,9028,0,.,R,33202,R,1968,R,35170,R,34198,R,1961,R,36159,R,34198,R,1961,R,36159,R,34882,R,2009,R,36891,.,.,R,948,R,972,R,990,R,1002,R,11190,R,11526,R,11740,R,11882,R,2686,R,2750,R,2836,R,2858,R,11190,R,11526,R,11740,R,11882,R,2686,R,2750,R,2836,R,2858,R,2686,R,2750,R,2836,R,2858
2021,199193,R,6535,R,2596,R,272,R,6535,R,2596,R,272,R,27320,R,2596,R,1138,R,9095,R,2608,R,505,R,9095,R,2608,R,505,R,27082,R,2608,R,1505,Y,.,Y,.,Y,.,Y,.,Y,.,Y,.,Y,.,Y,.,Y,.,Y,.,Y,.,Y,.,Y,.,Y,.,Y,.,Y,.,Y,.,Y,.,Y,.,Y,.,Y,.,Y,.,Y,.,Y,.,Y,.,Y,.,Y,.,Y,.,R,17039,R,2608,R,45740,R,2608,Y,.,Y,.,Y,.,Y,.,R,6535,R,2566,R,9101,R,6535,R,2566,R,9101,R,6535,R,2566,R,9101,R,6535,R,2596,R,9131,0,.,R,6535,R,2566,R,9101,R,6535,R,2566,R,9101,R,6535,R,2566,R,9101,R,6535,R,2596,R,9131,0,.,R,25878,R,2566,R,28444,R,26654,R,2566,R,29220,R,26654,R,2566,R,29220,R,27320,R,2596,R,29916,.,.,R,1082,R,1082,R,1082,R,1094,R,11078,R,11359,R,11602,R,11957,R,2716,R,2717,R,2770,R,2804,R,11078,R,11359,R,11602,R,11957,R,2716,R,2717,R,2770,R,2804,R,7080,R,7362,R,7603,R,7787
2021,199847,R,58708,R,1062,R,2434,R,58708,R,1062,R,2434,R,58708,R,1062,R,2434,R,38650,R,590,R,1560,R,38650,R,590,R,1560,R,38650,R,590,R,1560,Y,.,Y,.,Y,.,Y,.,Y,.,Y,.,Y,.,Y,.,R,61200,Z,0,R,61200,Z,0,Y,.,Y,.,Y,.,Y,.,Y,.,Y,.,Y,.,Y,.,Y,.,Y,.,Y,.,Y,.,Y,.,Y,.,Y,.,Y,.,Y,.,Y,.,Y,.,Y,.,R,49276,R,890,R,49276,R,890,R,52348,R,974,R,53322,R,54430,R,1010,R,55440,R,56722,R,1038,R,57760,R,58708,R,1062,R,59770,.,.,R,52348,R,974,R,53322,R,54430,R,1010,R,55440,R,56722,R,1038,R,57760,R,58708,R,1062,R,59770,.,.,R,52348,R,974,R,53322,R,54430,R,1010,R,55440,R,56722,R,1038,R,57760,R,58708,R,1062,R,59770,.,.,R,1500,R,1500,R,1500,R,1500,R,14416,R,15018,R,15520,R,16044,R,2400,R,2400,R,2498,R,2572,R,14416,R,15018,R,15520,R,16044,R,2400,R,2400,R,2498,R,2572,R,1770,R,1770,R,1830,R,2390
2021,201645,R,54020,R,512,R,2251,R,54020,R,512,R,2251,R,54020,R,512,R,2251,R,49358,R,40,R,2057,R,49358,R,40,R,2057,R,49358,R,40,R,2057,Y,.,Y,.,Y,.,Y,.,R,77916,R,1400,R,77916,R,1400,R,68788,R,70,R,68788,R,70,Y,.,Y,.,Y,.,Y,.,Y,.,Y,.,Y,.,Y,.,Y,.,Y,.,Y,.,Y,.,Y,.,Y,.,Y,.,Y,.,Y,.,Y,.,Y,.,Y,.,R,56700,R,184,R,56700,R,184,R,48604,R,438,R,49042,R,50450,R,474,R,50924,R,52448,R,500,R,52948,R,54020,R,512,R,54532,.,.,R,48604,R,438,R,49042,R,50450,R,474,R,50924,R,52448,R,500,R,52948,R,54020,R,512,R,54532,.,.,R,48604,R,438,R,49042,R,50450,R,474,R,50924,R,52448,R,500,R,52948,R,54020,R,512,R,54532,.,.,R,1200,R,1200,R,1200,R,1200,R,15190,R,15614,R,16080,R,16482,R,1900,R,1900,R,1900,R,1900,R,15190,R,9260,R,9260,R,16482,R,1900,R,1900,R,1900,R,1900,R,4070,R,4170,R,4170,R,4170
2021,204796,R,11018,R,918,R,459,R,11018,R,918,R,459,R,34101,R,918,R,1421,R,11560,R,865,R,723,R,11560,R,865,R,723,R,37512,R,865,R,2345,Y,.,Y,.,Y,.,Y,.,R,40064,R,5709,R,85066,R,5709,R,30124,R,957,R,55044,R,957,R,26936,R,2116,R,49044,R,2116,Y,.,Y,.,Y,.,Y,.,R,25300,R,865,R,52628,R,865,Y,.,Y,.,Y,.,Y,.,R,32810,R,1420,R,72932,R,1420,R,31820,R,865,R,47072,R,865,R,9852,R,874,R,10726,R,10197,R,887,R,11084,R,10615,R,903,R,11518,R,11018,R,918,R,11936,0,0,R,9852,R,874,R,10726,R,10197,R,887,R,11084,R,10615,R,903,R,11518,R,11018,R,918,R,11936,0,0,R,29868,R,874,R,30742,R,31174,R,887,R,32061,R,32599,R,903,R,33502,R,34101,R,918,R,35019,.,.,R,1168,R,1082,R,1082,R,1012,R,12474,R,12748,R,13066,R,13392,R,2999,R,2998,R,2998,R,2682,R,11498,R,11700,R,11700,R,11952,R,3041,R,3014,R,3014,R,2896,R,5129,R,4956,R,4956,R,4858
2021,211440,R,57560,R,964,R,800,R,57560,R,964,R,800,R,57560,R,964,R,800,R,46441,R,906,R,633,R,46441,R,906,R,633,R,46441,R,906,R,633,A,.,A,.,A,.,A,.,A,.,A,.,A,.,A,.,A,.,A,.,A,.,A,.,A,.,A,.,A,.,A,.,A,.,A,.,A,.,A,.,A,.,A,.,A,.,A,.,A,.,A,.,A,.,A,.,A,.,A,.,A,.,A,.,A,.,A,.,A,.,A,.,R,54244,R,1221,R,55465,R,55816,R,1303,R,57119,R,57560,R,1364,R,58924,R,57560,R,1364,R,58924,.,.,R,54244,R,1221,R,55465,R,55816,R,1303,R,57119,R,57560,R,1364,R,58924,R,57560,R,1364,R,58924,.,.,R,54244,R,1221,R,55465,R,55816,R,1303,R,57119,R,57560,R,1364,R,58924,R,57560,R,1364,R,58924,.,.,R,1000,R,1000,R,1000,R,1000,R,14418,R,14972,R,15550,R,16150,R,1400,R,1400,R,1400,R,1400,R,13608,R,14162,R,14740,R,14340,R,1400,R,1400,R,1400,R,1400,R,2080,R,2080,R,2080,R,1400
2021,212054,R,54766,R,2370,R,1242,R,54766,R,2370,R,1242,R,54766,R,2370,R,1242,R,36234,R,840,R,1342,R,36234,R,840,R,1342,R,36234,R,840,R,1342,Y,.,Y,.,Y,.,Y,.,Y,.,Y,.,Y,.,Y,.,R,60158,R,1736,R,60158,R,1736,Y,.,Y,.,Y,.,Y,.,Y,.,Y,.,Y,.,Y,.,Y,.,Y,.,Y,.,Y,.,Y,.,Y,.,Y,.,Y,.,Y,.,Y,.,Y,.,Y,.,R,48893,R,840,R,48893,R,840,R,50874,R,2370,R,53244,R,52146,R,2370,R,54516,R,53868,R,2370,R,56238,R,54766,R,2370,R,57136,.,.,R,50874,R,2370,R,53244,R,52146,R,2370,R,54516,R,53868,R,2370,R,56238,R,54766,R,2370,R,57136,.,.,R,50874,R,2370,R,53244,R,52146,R,2370,R,54516,R,53868,R,2370,R,56238,R,54766,R,2370,R,57136,.,.,R,1700,R,1700,R,1700,R,1700,R,14079,R,14241,R,16008,R,16488,R,1200,R,1200,R,1200,R,1200,R,14079,R,14241,R,17262,R,17442,R,1200,R,1200,R,1200,R,1200,R,1200,R,1200,R,1200,R,1200
2021,213543,R,56980,R,490,R,2375,R,56980,R,490,R,2375,R,56980,R,490,R,2375,R,27000,R,130,R,1500,R,27000,R,130,R,1500,R,27000,R,130,R,1500,A,.,A,.,A,.,A,.,A,.,A,.,A,.,A,.,A,.,A,.,A,.,A,.,A,.,A,.,A,.,A,.,A,.,A,.,A,.,A,.,A,.,A,.,A,.,A,.,A,.,A,.,A,.,A,.,A,.,A,.,A,.,A,.,A,.,A,.,A,.,A,.,R,52480,R,450,R,52930,R,54790,R,450,R,55240,R,54790,R,470,R,55260,R,56980,R,490,R,57470,.,.,R,52480,R,450,R,52930,R,54790,R,450,R,55240,R,54790,R,470,R,55260,R,56980,R,490,R,57470,.,.,R,52480,R,450,R,52930,R,54790,R,450,R,55240,R,54790,R,470,R,55260,R,56980,R,490,R,57470,.,.,R,1000,R,1000,R,1000,R,1000,R,13600,R,14160,R,14740,R,15330,R,1065,R,1065,R,1065,R,1065,R,13600,R,14160,R,14740,R,15330,R,1065,R,1065,R,1065,R,1065,R,1065,R,1065,R,1065,R,1065
2021,215062,R,54652,R,7058,R,1945,R,54652,R,7058,R,1945,R,54652,R,7058,R,1945,R,38732,R,4200,R,1907,R,38732,R,4200,R,1907,R,38732,R,4200,R,1907,Y,.,Y,.,Y,.,Y,.,R,79166,R,5230,R,79166,R,5230,R,61586,R,5650,R,61586,R,5650,Y,.,Y,.,Y,.,Y,.,Y,.,Y,.,Y,.,Y,.,Y,.,Y,.,Y,.,Y,.,Y,.,Y,.,Y,.,Y,.,R,49277,R,5463,R,59277,R,5463,R,65392,R,5298,R,65392,R,5298,R,49220,R,6364,R,55584,R,51156,R,6614,R,57770,R,53166,R,6876,R,60042,R,54652,R,7058,R,61710,.,.,R,49220,R,6364,R,55584,R,51156,R,6614,R,57770,R,53166,R,6876,R,60042,R,54652,R,7058,R,61710,.,.,R,49220,R,6364,R,55584,R,51156,R,6614,R,57770,R,53166,R,6876,R,60042,R,54652,R,7058,R,61710,.,.,R,1318,R,1358,R,1358,R,1358,R,15616,R,16190,R,16784,R,17304,R,2785,R,2868,R,2926,R,2926,R,15616,R,14406,R,14502,R,14502,R,2785,R,2868,R,2926,R,2926,R,2785,R,2868,R,2926,R,2926
2021,215293,R,19092,R,1270,R,795,R,19092,R,1270,R,795,R,34124,R,1270,R,1421,R,24118,R,1130,R,970,R,24118,R,1130,R,970,R,40894,R,1130,R,1670,Y,.,Y,.,Y,.,Y,.,R,51626,R,1130,R,61904,R,1130,R,59126,R,1130,R,61428,R,1130,Y,.,Y,.,Y,.,Y,.,Y,.,Y,.,Y,.,Y,.,R,33558,R,1130,R,38618,R,1130,Y,.,Y,.,Y,.,Y,.,Y,.,Y,.,Y,.,Y,.,R,35836,R,1130,R,46120,R,1130,R,18130,R,950,R,19080,R,18628,R,1090,R,19718,R,18628,R,1050,R,19678,R,19092,R,1270,R,20362,.,.,R,18130,R,950,R,19080,R,18628,R,1090,R,19718,R,18629,R,1050,R,19679,R,19092,R,1270,R,20362,.,.,R,31102,R,950,R,32052,R,32656,R,1090,R,33746,R,32656,R,1050,R,33706,R,34124,R,1270,R,35394,.,.,R,752,R,755,R,716,R,716,R,11050,R,11250,R,11250,R,11820,R,2621,R,2686,R,3502,R,3502,R,11582,R,11814,R,11814,R,11814,R,2621,R,2686,R,3502,R,3502,R,2621,R,2686,R,3502,R,3502
2021,216597,R,58290,R,730,R,939,R,58290,R,730,R,939,R,58290,R,730,R,939,R,21099,R,100,R,1110,R,21099,R,100,R,1110,R,21099,R,100,R,1110,Y,.,Y,.,Y,.,Y,.,Y,.,Y,.,Y,.,Y,.,Y,.,Y,.,Y,.,Y,.,Y,.,Y,.,Y,.,Y,.,Y,.,Y,.,Y,.,Y,.,Y,.,Y,.,Y,.,Y,.,Y,.,Y,.,Y,.,Y,.,Y,.,Y,.,Y,.,Y,.,R,48780,R,555,R,48780,R,555,R,52578,R,730,R,53308,R,54550,R,730,R,55280,R,56730,R,730,R,57460,R,58290,R,730,R,59020,.,.,R,52578,R,730,R,53308,R,54550,R,730,R,55280,R,56730,R,730,R,57460,R,58290,R,730,R,59020,.,.,R,52578,R,730,R,53308,R,54550,R,730,R,55280,R,56730,R,730,R,57460,R,58290,R,730,R,59020,.,.,R,1100,R,1100,R,1100,R,1100,R,14020,R,14444,R,14975,R,15386,R,2300,R,2300,R,2300,R,2300,R,14020,R,14444,R,14975,R,15386,R,2300,R,2300,R,2300,R,2300,R,3950,R,3950,R,3950,R,3950
2021,217156,R,60944,R,1360,R,1905,R,60944,R,1360,R,1905,R,60944,R,1360,R,1905,R,60944,R,1139,R,1905,R,60944,R,1139,R,1905,R,60944,R,1139,R,1905,Y,.,Y,.,Y,.,Y,.,Y,.,Y,.,Y,.,Y,.,R,66110,R,1144,R,66110,R,1144,Y,.,Y,.,Y,.,Y,.,Y,.,Y,.,Y,.,Y,.,Y,.,Y,.,Y,.,Y,.,Y,.,Y,.,Y,.,Y,.,Y,.,Y,.,Y,.,Y,.,Y,.,Y,.,Y,.,Y,.,R,54320,R,1236,R,55556,R,57112,R,1292,R,58404,R,59254,R,1442,R,60696,R,60944,R,1360,R,62304,.,.,R,54320,R,1236,R,55556,R,57112,R,1292,R,58404,R,59254,R,1442,R,60696,R,60944,R,1360,R,62304,.,.,R,54320,R,1236,R,55556,R,57112,R,1292,R,58404,R,59254,R,1442,R,60696,R,60944,R,1360,R,62304,.,.,R,1595,R,1632,R,1642,R,1652,R,14670,R,15332,R,15908,R,16346,R,2071,R,2122,R,2202,R,2268,A,.,A,.,A,.,A,.,A,.,A,.,A,.,A,.,A,.,A,.,A,.,A,.
2021,217882,R,14118,R,1440,R,657,R,14118,R,1440,R,657,R,37110,R,1440,R,1657,R,10600,R,1196,R,724,R,10600,R,1196,R,724,R,22050,R,1196,R,1451,A,.,A,.,A,.,A,.,A,.,A,.,A,.,A,.,A,.,A,.,A,.,A,.,A,.,A,.,A,.,A,.,A,.,A,.,A,.,A,.,A,.,A,.,A,.,A,.,A,.,A,.,A,.,A,.,A,.,A,.,A,.,A,.,A,.,A,.,A,.,A,.,R,13982,R,1392,R,15374,R,14118,R,1440,R,15558,R,14118,R,1440,R,15558,R,14118,R,1440,R,15558,.,.,R,13982,R,1392,R,15374,R,14118,R,1440,R,15558,R,14118,R,1440,R,15558,R,14118,R,1440,R,15558,.,.,R,35736,R,1392,R,37128,R,37110,R,1440,R,38550,R,37110,R,1440,R,38550,R,37110,R,1440,R,38550,.,.,R,1392,R,1436,R,1188,R,1248,R,10832,R,11414,R,12210,R,12234,R,3672,R,4054,R,4214,R,5124,R,10832,R,11414,R,12210,R,12234,R,3672,R,4054,R,4214,R,5124,R,5322,R,5848,R,5972,R,6768
2021,217925,R,24490,R,1100,R,1020,R,24490,R,1100,R,1020,R,24490,R,1100,R,1020,R,10710,R,1100,R,595,R,10710,R,1100,R,595,R,10710,R,1100,R,595,A,.,A,.,A,.,A,.,A,.,A,.,A,.,A,.,A,.,A,.,A,.,A,.,A,.,A,.,A,.,A,.,A,.,A,.,A,.,A,.,A,.,A,.,A,.,A,.,A,.,A,.,A,.,A,.,A,.,A,.,A,.,A,.,A,.,A,.,A,.,A,.,R,22840,R,850,R,23690,R,23090,R,910,R,24000,R,23550,R,1100,R,24650,R,24490,R,1100,R,25590,.,.,R,22840,R,850,R,23690,R,23090,R,910,R,24000,R,23550,R,1100,R,24650,R,24490,R,1100,R,25590,.,.,R,22840,R,850,R,23690,R,23090,R,910,R,24000,R,23550,R,1100,R,24650,R,24490,R,1100,R,25590,.,.,R,600,R,600,R,600,R,600,R,8150,R,8850,R,8950,R,8950,R,3710,R,3710,R,3710,R,3710,R,8000,R,8000,R,8000,R,8000,R,4510,R,4510,R,4510,R,4510,R,4510,R,4510,R,4510,R,4510
2021,221999,R,54840,R,2126,R,2285,R,54840,R,2126,R,2285,R,54840,R,2126,R,2285,R,51600,R,562,R,2150,R,51600,R,562,R,2150,R,51600,R,562,R,2150,Y,.,Y,.,Y,.,Y,.,Y,.,Y,.,Y,.,Y,.,R,63610,R,658,R,63610,R,658,Y,.,Y,.,Y,.,Y,.,Y,.,Y,.,Y,.,Y,.,Y,.,Y,.,Y,.,Y,.,Y,.,Y,.,Y,.,Y,.,Y,.,Y,.,Y,.,Y,.,R,64284,R,700,R,64284,R,700,R,48600,R,1216,R,49816,R,50800,R,1270,R,52070,R,52781,R,1377,R,54158,R,54840,R,2126,R,56966,.,.,R,48600,R,1216,R,49816,R,50800,R,1270,R,52070,R,52781,R,1377,R,54158,R,54840,R,2126,R,56966,.,.,R,48600,R,1216,R,49816,R,50800,R,1270,R,52070,R,52781,R,1377,R,54158,R,54840,R,2126,R,56966,.,.,R,1294,R,1294,R,1194,R,1194,R,16234,R,16910,R,17670,R,18376,R,2802,R,2874,R,3022,R,3002,A,.,A,.,A,.,A,.,A,.,A,.,A,.,A,.,A,.,A,.,A,.,A,.
2021,223232,R,50232,R,0,R,2093,R,50232,Z,0,R,2093,R,50232,Z,0,R,2093,R,37674,R,0,R,2093,R,37674,Z,0,R,2093,R,37674,Z,0,R,2093,Y,.,Y,.,Y,.,Y,.,Y,.,Y,.,Y,.,Y,.,Y,.,Y,.,Y,.,Y,.,Y,.,Y,.,Y,.,Y,.,Y,.,Y,.,Y,.,Y,.,Y,.,Y,.,Y,.,Y,.,Y,.,Y,.,Y,.,Y,.,Y,.,Y,.,Y,.,Y,.,R,57369,R,61,R,57369,R,61,R,41194,R,4348,R,45542,R,42842,R,4522,R,47364,R,44544,R,4702,R,49246,R,50232,R,0,R,50232,.,.,R,41194,R,4348,R,45542,R,42842,R,4522,R,47364,R,44544,R,4702,R,49246,R,50232,R,0,R,50232,.,.,R,41194,R,4348,R,45542,R,42842,R,4522,R,47364,R,44544,R,4702,R,49246,R,50232,R,0,R,50232,.,.,R,1230,R,1264,R,1284,R,1302,R,13038,R,13415,R,13730,R,13274,R,3160,R,3260,R,3276,R,3318,R,11708,R,12020,R,12316,R,12670,R,3786,R,3900,R,3902,R,3946,R,3506,R,3610,R,3902,R,3946
2021,227757,R,52070,R,825,R,2170,R,52070,R,825,R,2170,R,52070,R,825,R,2170,R,49279,R,662,R,1942,R,49279,R,662,R,1942,R,49279,R,662,R,1942,A,.,A,.,A,.,A,.,A,.,A,.,A,.,A,.,A,.,A,.,A,.,A,.,A,.,A,.,A,.,A,.,A,.,A,.,A,.,A,.,A,.,A,.,A,.,A,.,A,.,A,.,A,.,A,.,A,.,A,.,A,.,A,.,A,.,A,.,A,.,A,.,R,46600,R,750,R,47350,R,48330,R,782,R,49112,R,50310,R,797,R,51107,R,52070,R,825,R,52895,.,.,R,46600,R,750,R,47350,R,48330,R,782,R,49112,R,50310,R,797,R,51107,R,52070,R,825,R,52895,.,.,R,46600,R,750,R,47350,R,48330,R,782,R,49112,R,50310,R,797,R,51107,R,52070,R,825,R,52895,.,.,R,1200,R,1200,R,1250,R,1300,R,14000,R,14140,R,14500,R,14800,R,2600,R,2650,R,2700,R,2750,R,14000,R,14140,R,14500,R,14800,R,2600,R,2650,R,2700,R,2750,R,2600,R,2650,R,2700,R,2750
2021,228246,R,53464,R,6772,R,2234,R,53464,R,6772,R,2234,R,53464,R,6772,R,2234,R,30672,R,5130,R,1704,R,30672,R,5130,R,1704,R,30672,R,5130,R,1704,Y,.,Y,.,Y,.,Y,.,Y,.,Y,.,Y,.,Y,.,Y,.,Y,.,Y,.,Y,.,Y,.,Y,.,Y,.,Y,.,Y,.,Y,.,Y,.,Y,.,Y,.,Y,.,Y,.,Y,.,Y,.,Y,.,Y,.,Y,.,Y,.,Y,.,Y,.,Y,.,R,39364,R,5130,R,39364,R,5130,R,48364,R,6128,R,54492,R,50200,R,6360,R,56560,R,51958,R,6582,R,58540,R,53464,R,6772,R,60236,.,.,R,48364,R,6128,R,54492,R,50200,R,6360,R,56560,R,51958,R,6582,R,58540,R,53464,R,6772,R,60236,.,.,R,48364,R,6128,R,54492,R,50200,R,6360,R,56560,R,51958,R,6582,R,58540,R,53464,R,6772,R,60236,.,.,R,800,R,800,R,800,R,800,R,16845,R,16750,R,17110,R,17438,R,2600,R,2600,R,2600,R,2600,R,8700,R,8700,R,8700,R,8700,R,2600,R,2600,R,2600,R,2600,R,2600,R,2600,R,2600,R,2600
2021,228723,R,8578,R,3626,R,315,R,8578,R,3626,R,315,R,35378,R,3477,R,1206,R,6885,R,3848,R,287,R,6885,R,3848,R,287,R,19592,R,4514,R,816,Y,.,Y,.,Y,.,Y,.,R,23112,R,14159,R,33912,R,14159,R,16220,R,5540,R,29320,R,5540,Y,.,Y,.,Y,.,Y,.,Y,.,Y,.,Y,.,Y,.,R,8261,R,6694,R,43781,R,6694,Y,.,Y,.,Y,.,Y,.,R,22951,R,6209,R,39340,R,6209,R,8540,R,24093,R,24524,R,24093,R,8308,R,3562,R,11870,R,8532,R,3621,R,12153,R,8974,R,3809,R,12783,R,9339,R,3900,R,13239,0,0,R,8308,R,3562,R,11870,R,8532,R,3621,R,12153,R,8974,R,3809,R,12783,R,9339,R,3900,R,13239,0,0,R,33933,R,3562,R,37495,R,34981,R,3621,R,38602,R,35531,R,3809,R,39340,R,36234,R,3900,R,40134,.,.,R,1222,R,1222,R,1222,R,1000,R,10436,R,10400,R,11400,R,11400,R,5978,R,6308,R,6062,R,6064,R,10436,R,10400,R,11400,R,11400,R,5978,R,6308,R,6062,R,6064,R,5978,R,6308,R,6062,R,6064
2021,228778,R,11752,R,0,R,549,R,11752,R,0,R,549,R,40996,R,0,R,1899,R,12050,R,0,R,659,R,12050,R,0,R,659,R,22944,R,0,R,1215,Y,.,Y,.,Y,.,Y,.,Y,.,Y,.,Y,.,Y,.,R,21087,R,0,R,35406,R,0,Y,.,Y,.,Y,.,Y,.,Y,.,Y,.,Y,.,Y,.,R,21548,R,0,R,49240,R,0,Y,.,Y,.,Y,.,Y,.,Y,.,Y,.,Y,.,Y,.,R,34868,R,0,R,51774,R,0,R,10610,R,0,R,10610,R,10824,R,0,R,10824,R,11448,R,0,R,11448,R,11752,R,0,R,11752,17,.,R,10610,R,0,R,10610,R,10824,R,0,R,10824,R,11448,R,0,R,11448,R,11752,R,0,R,11752,17,.,R,37580,R,0,R,37580,R,38326,R,0,R,38326,R,40032,R,0,R,40032,R,40996,R,0,R,40996,14,.,R,700,R,700,R,714,R,724,R,10804,R,11812,R,12286,R,12768,R,4392,R,4392,R,4480,R,4544,R,10804,R,11812,R,12286,R,12768,R,4392,R,4392,R,4480,R,4544,R,4392,R,4392,R,4480,R,4544
2021,228875,R,51570,R,90,R,2180,R,51570,R,90,R,2180,R,51570,R,90,R,2180,R,32220,R,48,R,1790,R,32220,R,48,R,1790,R,32220,R,48,R,1790,Y,.,Y,.,Y,.,Y,.,Y,.,Y,.,Y,.,Y,.,R,60318,Z,0,R,60318,Z,0,Y,.,Y,.,Y,.,Y,.,Y,.,Y,.,Y,.,Y,.,Y,.,Y,.,Y,.,Y,.,Y,.,Y,.,Y,.,Y,.,Y,.,Y,.,Y,.,Y,.,Y,.,Y,.,Y,.,Y,.,R,46860,R,90,R,46950,R,49160,R,90,R,49250,R,51570,R,90,R,51660,R,51570,R,90,R,51660,.,.,R,46860,R,90,R,46950,R,49160,R,90,R,49250,R,51570,R,90,R,51660,R,51570,R,90,R,51660,.,.,R,46860,R,90,R,46950,R,49160,R,90,R,49250,R,51570,R,90,R,51660,R,51570,R,90,R,51660,.,.,R,950,R,900,R,900,R,900,R,12804,R,13200,R,14040,R,14040,R,4980,R,5064,R,5228,R,3828,R,12804,R,13200,R,14040,R,14040,R,4980,R,5064,R,5228,R,3828,R,4640,R,4724,R,4788,R,3828
2021,231624,R,17434,R,6378,R,581,R,17434,R,6378,R,581,R,40089,R,6949,R,1336,R,10516,R,6102,R,584,R,10516,R,6102,R,584,R,28305,R,6673,R,1573,Y,.,Y,.,Y,.,Y,.,Y,.,Y,.,Y,.,Y,.,Y,.,Y,.,Y,.,Y,.,Y,.,Y,.,Y,.,Y,.,Y,.,Y,.,Y,.,Y,.,Y,.,Y,.,Y,.,Y,.,Y,.,Y,.,Y,.,Y,.,Y,.,Y,.,Y,.,Y,.,R,29887,R,6448,R,40533,R,7020,R,17434,R,5966,R,23400,R,17434,R,6194,R,23628,R,17434,R,6194,R,23628,R,17434,R,6378,R,23812,.,.,R,17434,R,5966,R,23400,R,17434,R,6194,R,23628,R,17434,R,6194,R,23628,R,17434,R,6378,R,23812,.,.,R,38735,R,6537,R,45272,R,40089,R,6765,R,46854,R,40089,R,6765,R,46854,R,40089,R,6949,R,47038,.,.,R,1425,R,1000,R,1000,R,1000,R,12236,R,12926,R,13356,R,13736,R,2160,R,2041,R,2050,R,2076,R,12236,R,12926,R,13356,R,13736,R,2665,R,2041,R,2050,R,2076,R,2665,R,2545,R,2550,R,2584
2021,234076,R,16547,R,3238,R,521,R,16547,R,3238,R,521,R,50518,R,3920,R,1638,R,17674,R,3232,R,795,R,17674,R,3232,R,795,R,29606,R,3914,R,1340,Y,.,Y,.,Y,.,Y,.,Y,.,Y,.,Y,.,Y,.,R,45143,R,3274,R,55571,R,3956,Y,.,Y,.,Y,.,Y,.,Y,.,Y,.,Y,.,Y,.,Y,.,Y,.,Y,.,Y,.,Y,.,Y,.,Y,.,Y,.,Y,.,Y,.,Y,.,Y,.,R,63238,R,3262,R,65556,R,3944,R,14811,R,2842,R,17653,R,14836,R,2962,R,17798,R,15840,R,3120,R,18960,R,16010,R,3234,R,19244,0,.,R,14811,R,2842,R,17653,R,14836,R,2962,R,17798,R,15840,R,3120,R,18960,R,16010,R,3234,R,19244,0,.,R,45508,R,3524,R,49032,R,47257,R,3643,R,50900,R,49041,R,3802,R,52843,R,49710,R,3916,R,53626,.,.,R,1350,R,1384,R,1356,R,1396,R,11590,R,11950,R,12350,R,12660,R,2900,R,2962,R,2998,R,3014,R,11590,R,11950,R,12350,R,12660,R,2900,R,2962,R,2998,R,3014,R,2490,R,2552,R,2568,R,2584
2021,236948,R,10927,R,1149,R,364,R,10927,R,1149,R,364,R,38757,R,1149,R,1292,R,16605,R,1149,R,791,R,16605,R,1149,R,791,R,29763,R,1149,R,1417,Y,.,Y,.,Y,.,Y,.,R,47190,R,1149,R,72762,R,1149,R,39033,R,1149,R,69696,R,1149,Y,.,Y,.,Y,.,Y,.,Y,.,Y,.,Y,.,Y,.,R,33186,R,1149,R,55431,R,1149,Y,.,Y,.,Y,.,Y,.,Y,.,Y,.,Y,.,Y,.,R,38886,R,1149,R,50385,R,1149,R,10127,R,1080,R,11207,R,10370,R,1095,R,11465,R,10629,R,1116,R,11745,R,10927,R,1149,R,12076,.,.,R,10127,R,1080,R,11207,R,10370,R,1095,R,11465,R,10629,R,1116,R,11745,R,10927,R,1149,R,12076,.,.,R,35508,R,1080,R,36588,R,37071,R,1095,R,38166,R,37998,R,1116,R,39114,R,38757,R,1149,R,39906,.,.,R,900,R,900,R,900,R,900,R,12798,R,13296,R,13887,R,14871,R,2733,R,2733,R,2787,R,2793,R,12798,R,13296,R,13887,R,14871,R,2733,R,2733,R,2787,R,2793,R,2733,R,2733,R,3003,R,3009
2021,239105,R,44970,R,796,R,1115,R,44970,R,796,R,1115,R,44970,R,796,R,1115,R,21960,R,0,R,1220,R,21960,R,0,R,1220,R,21960,R,0,R,1220,Y,.,Y,.,Y,.,Y,.,R,57450,R,0,R,66110,R,0,Y,.,Y,.,Y,.,Y,.,Y,.,Y,.,Y,.,Y,.,Y,.,Y,.,Y,.,Y,.,Y,.,Y,.,Y,.,Y,.,Y,.,Y,.,Y,.,Y,.,Y,.,Y,.,Y,.,Y,.,R,49710,R,0,R,49710,R,0,R,41290,R,580,R,41870,R,43350,R,586,R,43936,R,44970,R,696,R,45666,R,44970,R,796,R,45766,.,.,R,41290,R,580,R,41870,R,43350,R,586,R,43936,R,44970,R,696,R,45666,R,44970,R,796,R,45766,.,.,R,41290,R,580,R,41870,R,43350,R,586,R,43936,R,44970,R,696,R,45666,R,44970,R,796,R,45766,.,.,R,912,R,816,R,816,R,816,R,12720,R,13200,R,13656,R,14140,R,2555,R,2548,R,2550,R,2540,R,12720,R,13200,R,13656,R,14140,R,4840,R,4840,R,4840,R,4840,R,4860,R,4860,R,4860,R,4860
2021,240444,R,9273,R,1447,R,386,R,9273,R,1447,R,386,R,37161,R,1447,R,1548,R,10728,R,1447,R,670,R,10728,R,1447,R,670,R,24054,R,1447,R,1503,Y,.,Y,.,Y,.,Y,.,Y,.,Y,.,Y,.,Y,.,R,38563,R,1447,R,54917,R,1447,Y,.,Y,.,Y,.,Y,.,Y,.,Y,.,Y,.,Y,.,R,25711,R,1447,R,43554,R,1447,Y,.,Y,.,Y,.,Y,.,R,32216,R,1447,R,51945,R,1447,R,28835,R,1447,R,47532,R,1447,R,9273,R,1282,R,10555,R,9273,R,1452,R,10725,R,9273,R,1469,R,10742,R,9273,R,1447,R,10720,.,.,R,9273,R,1282,R,10555,R,9273,R,1452,R,10725,R,9273,R,1469,R,10742,R,9273,R,1447,R,10720,.,.,R,35523,R,1282,R,36805,R,36333,R,1452,R,37785,R,37161,R,1469,R,38630,R,37161,R,1447,R,38608,.,.,R,1200,R,1150,R,1150,R,1150,R,11114,R,11558,R,12200,R,12548,R,3156,R,3120,R,3066,R,3000,R,11114,R,11558,R,12200,R,12548,R,3156,R,3120,R,3066,R,3000,R,3156,R,3736,R,3066,R,3000
2021,243744,R,55473,R,696,R,1234,R,55473,R,696,R,1234,R,55473,R,696,R,1234,R,54315,R,696,R,1207,R,54315,R,696,R,1207,R,54315,R,696,R,1207,Y,.,Y,.,Y,.,Y,.,Y,.,Y,.,Y,.,Y,.,R,63747,R,696,R,63747,R,696,Y,.,Y,.,Y,.,Y,.,Y,.,Y,.,Y,.,Y,.,Y,.,Y,.,Y,.,Y,.,Y,.,Y,.,Y,.,Y,.,Y,.,Y,.,Y,.,Y,.,R,64350,R,696,R,64350,R,696,R,50703,R,651,R,51354,R,52857,R,672,R,53529,R,55473,R,0,R,55473,R,55473,R,696,R,56169,.,.,R,50703,R,651,R,51354,R,52857,R,672,R,53529,R,55473,R,0,R,55473,R,55473,R,696,R,56169,.,.,R,50703,R,651,R,51354,R,52857,R,672,R,53529,R,55473,R,0,R,55473,R,55473,R,696,R,56169,.,.,R,1455,R,1245,R,1290,R,1305,R,15763,R,16433,R,16650,R,17860,R,3015,R,3363,R,3300,R,3564,A,.,A,.,R,16650,A,.,A,.,A,.,R,4155,A,.,A,.,A,.,R,10155,A,.
2021,243780,R,9718,R,274,R,348,R,9718,R,274,R,348,R,28520,R,274,R,948,R,9718,R,274,R,348,R,9718,R,274,R,348,R,28520,R,274,R,948,Y,.,Y,.,Y,.,Y,.,Y,.,Y,.,Y,.,Y,.,Y,.,Y,.,Y,.,Y,.,Y,.,Y,.,Y,.,Y,.,Y,.,Y,.,Y,.,Y,.,R,21742,R,554,R,40002,R,554,Y,.,Y,.,Y,.,Y,.,R,19144,R,787,R,43972,R,787,Y,.,Y,.,Y,.,Y,.,R,9208,R,784,R,9992,R,9208,R,784,R,9992,R,9208,R,784,R,9992,R,9718,R,274,R,9992,.,.,R,9208,R,784,R,9992,R,9208,R,784,R,9992,R,9208,R,784,R,9992,R,9718,R,274,R,9992,.,.,R,28010,R,784,R,28794,R,28010,R,784,R,28794,R,28010,R,784,R,28794,R,28520,R,274,R,28794,.,.,R,1160,R,1190,R,1000,R,1010,R,10030,R,10030,R,10030,R,10030,R,1640,R,1670,R,1760,R,1780,R,8890,R,9050,R,10520,R,10030,R,1640,R,1670,R,1760,R,1780,R,3180,R,3240,R,3350,R,3400
2021,445188,R,11442,R,2215,A,.,R,11442,R,2215,A,.,R,41196,R,2215,A,.,R,11442,R,1765,A,.,R,11442,R,1765,A,.,R,26544,R,1765,A,.,A,.,A,.,A,.,A,.,A,.,A,.,A,.,A,.,A,.,A,.,A,.,A,.,A,.,A,.,A,.,A,.,A,.,A,.,A,.,A,.,A,.,A,.,A,.,A,.,A,.,A,.,A,.,A,.,A,.,A,.,A,.,A,.,A,.,A,.,A,.,A,.,R,11442,R,2096,R,13538,R,11442,R,2096,R,13538,R,11442,R,2096,R,13538,R,11442,R,2215,R,13657,.,.,R,11442,R,2096,R,13538,R,11442,R,2096,R,13538,R,11442,R,2096,R,13538,R,11442,R,2215,R,13657,.,.,R,40434,R,2096,R,42530,R,41196,R,2096,R,43292,R,41196,R,2096,R,43292,R,41196,R,2215,R,43411,.,.,R,1006,R,1016,R,1047,R,1073,R,16814,R,17046,R,18756,R,18901,R,4305,R,4373,R,4761,R,4603,R,8318,R,8595,R,8650,R,9022,R,4827,R,4909,R,5262,R,5118,R,11695,R,12056,R,12950,R,13114
2022,100858,R,10392,R,1784,R,433,R,10392,R,1784,R,433,R,31176,R,1784,R,1299,R,10386,R,1784,R,577,R,10386,R,1784,R,577,R,31158,R,1784,R,1731,Y,.,Y,.,Y,.,Y,.,Y,.,Y,.,Y,.,Y,.,Y,.,Y,.,Y,.,Y,.,Y,.,Y,.,Y,.,Y,.,Y,.,Y,.,Y,.,Y,.,R,10386,R,12350,R,31158,R,12350,Y,.,Y,.,Y,.,Y,.,R,10386,R,16868,R,31158,R,18868,Y,.,Y,.,Y,.,Y,.,R,9816,R,1676,R,11492,R,10080,R,1716,R,11796,R,10080,R,1746,R,11826,R,10392,R,1784,R,12176,.,.,R,9816,R,1676,R,11492,R,10080,R,1716,R,11796,R,10080,R,1746,R,11826,R,10392,R,1784,R,12176,.,.,R,29448,R,1676,R,31124,R,30240,R,1716,R,31956,R,30240,R,1746,R,31986,R,31176,R,1784,R,32960,.,.,R,1200,R,1200,R,1200,R,1200,R,13600,R,13778,R,14596,R,14998,R,5904,R,5904,R,6028,R,6028,R,13600,R,13778,R,14596,R,14998,R,5904,R,5904,R,6028,R,6028,R,5904,R,5904,R,6028,R,6028
2022,110404,R,58479,R,2385,A,.,R,58479,R,2385,A,.,R,58479,R,2385,A,.,R,58479,R,2178,R,541,R,58479,R,2178,R,541,R,58479,R,2178,R,541,A,.,A,.,A,.,A,.,A,.,A,.,A,.,A,.,A,.,A,.,A,.,A,.,A,.,A,.,A,.,A,.,A,.,A,.,A,.,A,.,A,.,A,.,A,.,A,.,A,.,A,.,A,.,A,.,A,.,A,.,A,.,A,.,A,.,A,.,A,.,A,.,R,52506,R,2094,R,54600,R,54570,R,2292,R,56862,R,56364,R,2316,R,58680,R,58479,R,2385,R,60864,.,.,R,52506,R,2094,R,54600,R,54570,R,2292,R,56862,R,56364,R,2316,R,58680,R,58479,R,2385,R,60864,.,.,R,52506,R,2094,R,54600,R,54570,R,2292,R,56862,R,56364,R,2316,R,58680,R,58479,R,2385,R,60864,.,.,R,1428,R,1428,R,1428,R,1428,R,16644,R,17337,R,17748,R,18606,R,2091,R,2091,R,2091,R,2700,R,14631,R,16578,R,17253,R,17784,R,4311,R,4641,R,4761,R,4860,R,4698,R,4164,R,4275,R,4374
2022,110635,R,11564,R,2831,A,.,R,11564,R,2831,A,.,R,41636,R,2831,A,.,R,11700,R,2776,A,.,R,11700,R,2776,A,.,R,26802,R,2776,A,.,Y,.,Y,.,Y,.,Y,.,Y,.,Y,.,Y,.,Y,.,R,36186,R,2776,R,48431,R,2776,R,33722,R,2776,R,45967,R,2776,Y,.,Y,.,Y,.,Y,.,Y,.,Y,.,Y,.,Y,.,Y,.,Y,.,Y,.,Y,.,Y,.,Y,.,Y,.,Y,.,R,56500,R,2776,R,65009,R,2776,R,11442,R,2811,R,14253,R,11442,R,2870,R,14312,R,11442,R,2784,R,14226,R,11564,R,2831,R,14395,.,.,R,11442,R,2811,R,14253,R,11442,R,2870,R,14312,R,11442,R,2784,R,14226,R,11564,R,2831,R,14395,.,.,R,41196,R,2811,R,44007,R,41196,R,2870,R,44066,R,41196,R,2784,R,43980,R,41636,R,2831,R,44467,.,.,R,870,R,1091,R,1118,R,1139,R,19105,R,20530,R,20236,R,21402,R,5148,R,5595,R,5893,R,6107,R,14771,R,15638,R,16377,R,16518,R,5359,R,5874,R,6199,R,6426,R,13025,R,14084,R,14731,R,14975
2022,110644,R,11564,R,3294,A,.,R,11564,R,3294,A,.,R,41636,R,3294,A,.,R,11700,R,2206,A,.,R,11700,R,2206,A,.,R,26802,R,2206,A,.,Y,.,Y,.,Y,.,Y,.,Y,.,Y,.,Y,.,Y,.,R,36924,R,2206,R,49169,R,2206,Y,.,Y,.,Y,.,Y,.,Y,.,Y,.,Y,.,Y,.,Y,.,Y,.,Y,.,Y,.,Y,.,Y,.,Y,.,Y,.,R,28244,R,2206,R,40489,R,2206,R,50914,R,2206,R,62915,R,2206,R,11442,R,3053,R,14495,R,11442,R,3155,R,14597,R,11442,R,3203,R,14645,R,11564,R,3294,R,14858,.,.,R,11442,R,3053,R,14495,R,11442,R,3155,R,14597,R,11442,R,3203,R,14645,R,11564,R,3294,R,14858,.,.,R,41196,R,3053,R,44249,R,41196,R,3155,R,44351,R,41196,R,3203,R,44399,R,41636,R,3294,R,44930,.,.,R,1158,R,1178,R,1197,R,1221,R,15775,R,17238,R,17018,R,17692,R,4507,R,4638,R,4743,R,4785,R,10588,R,11050,R,11551,R,12068,R,4856,R,5073,R,5191,R,5243,R,12360,R,13260,R,13700,R,13767
2022,110653,R,11564,R,2375,A,.,R,11564,R,2375,A,.,R,41636,R,2375,A,.,R,11700,R,1945,A,.,R,11700,R,1945,A,.,R,26802,R,1945,A,.,Y,.,Y,.,Y,.,Y,.,Y,.,Y,.,Y,.,Y,.,R,36927,R,1945,R,49172,R,1945,Y,.,Y,.,Y,.,Y,.,Y,.,Y,.,Y,.,Y,.,Y,.,Y,.,Y,.,Y,.,Y,.,Y,.,Y,.,Y,.,Y,.,Y,.,Y,.,Y,.,R,52158,R,1945,R,62273,R,1945,R,11442,R,2285,R,13727,R,11442,R,2311,R,13753,R,11442,R,2333,R,13775,R,11564,R,2375,R,13939,.,.,R,11442,R,2285,R,13727,R,11442,R,2311,R,13753,R,11442,R,2333,R,13775,R,11564,R,2375,R,13939,.,.,R,41196,R,2285,R,43481,R,41196,R,2311,R,43507,R,41196,R,2333,R,43529,R,41636,R,2375,R,44011,.,.,R,1390,R,1361,R,1319,R,1346,R,16135,R,16677,R,16869,R,17699,R,4111,R,4250,R,4339,R,4305,R,12861,R,14034,R,14681,R,14964,R,5184,R,5116,R,5258,R,5268,R,11633,R,12466,R,12905,R,12913
2022,110662,R,11564,R,1837,A,.,R,11564,R,1837,A,.,R,41636,R,1837,A,.,R,11700,R,1622,A,.,R,11700,R,1622,A,.,R,26802,R,1622,A,.,Y,.,Y,.,Y,.,Y,.,R,41994,R,1622,R,53663,R,1622,R,40562,R,1622,R,52807,R,1622,Y,.,Y,.,Y,.,Y,.,Y,.,Y,.,Y,.,Y,.,Y,.,Y,.,Y,.,Y,.,Y,.,Y,.,Y,.,Y,.,Y,.,Y,.,Y,.,Y,.,R,51388,R,1622,R,61895,R,1622,R,11442,R,1798,R,13240,R,11442,R,1807,R,13249,R,11442,R,1816,R,13258,R,11564,R,1837,R,13401,.,.,R,11442,R,1798,R,13240,R,11442,R,1807,R,13249,R,11442,R,1816,R,13258,R,11564,R,1837,R,13401,.,.,R,41196,R,1798,R,42994,R,41196,R,1807,R,43003,R,41196,R,1816,R,43012,R,41636,R,1837,R,43473,.,.,R,1463,R,1314,R,1405,R,1433,R,16625,R,17599,R,16763,R,17231,R,4465,R,4625,R,4871,R,4915,R,14303,R,15241,R,15950,R,16277,R,5126,R,5284,R,5560,R,5601,R,12256,R,13154,R,13742,R,13792
2022,110671,R,11564,R,2310,A,.,R,11564,R,2310,A,.,R,41636,R,2310,A,.,R,11700,R,2049,A,.,R,11700,R,2049,A,.,R,26802,R,2049,A,.,Y,.,Y,.,Y,.,Y,.,Y,.,Y,.,Y,.,Y,.,R,36888,R,2049,R,49133,R,2049,Y,.,Y,.,Y,.,Y,.,Y,.,Y,.,Y,.,Y,.,Y,.,Y,.,Y,.,Y,.,Y,.,Y,.,Y,.,Y,.,Y,.,Y,.,Y,.,Y,.,Y,.,Y,.,Y,.,Y,.,R,11442,R,2411,R,13853,R,11442,R,2300,R,13742,R,11442,R,2312,R,13754,R,11564,R,2310,R,13874,.,.,R,11442,R,2411,R,13853,R,11442,R,2300,R,13742,R,11442,R,2312,R,13754,R,11564,R,2310,R,13874,.,.,R,41196,R,2411,R,43607,R,41196,R,2300,R,43496,R,41196,R,2312,R,43508,R,41636,R,2310,R,43946,.,.,R,1436,R,1520,R,1536,R,1566,R,16082,R,16147,R,16864,R,17333,R,4016,R,4272,R,4306,R,4453,R,10986,R,11495,R,12010,R,12543,R,4792,R,4969,R,5012,R,5186,R,11512,R,12370,R,12711,R,12885
2022,110680,R,11564,R,3342,A,.,R,11564,R,3342,A,.,R,41636,R,3342,A,.,R,11700,R,2203,A,.,R,11700,R,2203,A,.,R,26802,R,2203,A,.,Y,.,Y,.,Y,.,Y,.,Y,.,Y,.,Y,.,Y,.,R,38952,R,2203,R,51197,R,2203,Y,.,Y,.,Y,.,Y,.,Y,.,Y,.,Y,.,Y,.,R,41187,R,2203,R,53432,R,2203,Y,.,Y,.,Y,.,Y,.,Y,.,Y,.,Y,.,Y,.,Y,.,Y,.,Y,.,Y,.,R,11442,R,2973,R,14415,R,11442,R,3206,R,14648,R,11442,R,3258,R,14700,R,11564,R,3342,R,14906,.,.,R,11442,R,2973,R,14415,R,11442,R,3206,R,14648,R,11442,R,3258,R,14700,R,11564,R,3342,R,14906,.,.,R,41196,R,2973,R,44169,R,41196,R,3206,R,44402,R,41196,R,3258,R,44454,R,41636,R,3342,R,44978,.,.,R,1128,R,1124,R,1152,R,1175,R,14271,R,15336,R,16145,R,16710,R,4035,R,4203,R,4163,R,4249,R,13681,R,13749,R,14383,R,14372,R,4760,R,4900,R,4881,R,4982,R,11779,R,12624,R,12913,R,13020
2022,110705,R,11564,R,3053,A,.,R,11564,R,3053,A,.,R,41636,R,3053,A,.,R,11700,R,2172,A,.,R,11700,R,2172,A,.,R,26802,R,2172,A,.,A,.,A,.,A,.,A,.,A,.,A,.,A,.,A,.,A,.,A,.,A,.,A,.,A,.,A,.,A,.,A,.,A,.,A,.,A,.,A,.,A,.,A,.,A,.,A,.,A,.,A,.,A,.,A,.,A,.,A,.,A,.,A,.,A,.,A,.,A,.,A,.,R,11442,R,2949,R,14391,R,11442,R,2964,R,14406,R,11442,R,2975,R,14417,R,11564,R,3053,R,14617,.,.,R,11442,R,2949,R,14391,R,11442,R,2964,R,14406,R,11442,R,2975,R,14417,R,11564,R,3053,R,14617,.,.,R,41196,R,2949,R,44145,R,41196,R,2964,R,44160,R,41196,R,2975,R,44171,R,41636,R,3053,R,44689,.,.,R,1184,R,1259,R,1317,R,1343,R,15520,R,15903,R,16699,R,16883,R,5670,R,5381,R,5287,R,5059,R,12818,R,13188,R,13803,R,14246,R,6045,R,5916,R,5837,R,5622,R,13276,R,13986,R,14225,R,14022
2022,110714,R,11564,R,2676,A,.,R,11564,R,2676,A,.,R,41636,R,2676,A,.,R,11700,R,2513,A,.,R,11700,R,2513,A,.,R,26802,R,2513,A,.,A,.,A,.,A,.,A,.,A,.,A,.,A,.,A,.,A,.,A,.,A,.,A,.,A,.,A,.,A,.,A,.,A,.,A,.,A,.,A,.,A,.,A,.,A,.,A,.,A,.,A,.,A,.,A,.,A,.,A,.,A,.,A,.,A,.,A,.,A,.,A,.,R,11442,R,2549,R,13991,R,11442,R,2583,R,14025,R,11442,R,2628,R,14070,R,11564,R,2676,R,14240,.,.,R,11442,R,2549,R,13991,R,11442,R,2583,R,14025,R,11442,R,2628,R,14070,R,11564,R,2676,R,14240,.,.,R,41196,R,2549,R,43745,R,41196,R,2583,R,43779,R,41196,R,2628,R,43824,R,41636,R,2676,R,44312,.,.,R,1085,R,1162,R,1180,R,1204,R,16951,R,18866,R,17429,R,18185,R,5270,R,5084,R,5179,R,5083,R,13216,R,14453,R,15135,R,15653,R,5442,R,5602,R,5722,R,5643,R,12755,R,13467,R,13899,R,13829
2022,121150,R,62390,R,752,R,1955,R,62390,R,752,R,1955,R,62390,R,752,R,1955,R,39100,R,620,R,1955,R,39100,R,620,R,1955,R,39100,R,620,R,1955,Y,.,Y,.,Y,.,Y,.,Y,.,Y,.,Y,.,Y,.,Y,.,Y,.,Y,.,Y,.,Y,.,Y,.,Y,.,Y,.,Y,.,Y,.,Y,.,Y,.,Y,.,Y,.,Y,.,Y,.,Y,.,Y,.,Y,.,Y,.,Y,.,Y,.,Y,.,Y,.,R,63660,R,560,R,63660,R,560,R,55640,R,252,R,55892,R,57750,R,252,R,58002,R,59450,R,252,R,59702,R,62390,R,752,R,63142,.,.,R,55640,R,252,R,55892,R,57750,R,252,R,58002,R,59450,R,252,R,59702,R,62390,R,752,R,63142,.,.,R,55640,R,252,R,55892,R,57750,R,252,R,58002,R,59450,R,252,R,59702,R,62390,R,752,R,63142,.,.,R,1250,R,1250,R,1250,R,1000,R,15670,R,16160,R,16700,R,18560,R,2500,R,2500,R,2500,R,2500,R,15670,R,16160,R,16700,R,18560,R,2500,R,2500,R,2500,R,2500,R,2500,R,2500,R,2500,R,2500
2022,122931,R,56880,R,654,R,1580,R,56880,R,654,R,1580,R,56880,R,654,R,1580,R,24798,R,0,R,1234,R,24798,Z,0,R,1234,R,24798,Z,0,R,1234,Y,.,Y,.,Y,.,Y,.,Y,.,Y,.,Y,.,Y,.,Y,.,Y,.,Y,.,Y,.,Y,.,Y,.,Y,.,Y,.,Y,.,Y,.,Y,.,Y,.,Y,.,Y,.,Y,.,Y,.,Y,.,Y,.,Y,.,Y,.,Y,.,Y,.,Y,.,Y,.,R,60480,Z,0,R,60480,Z,0,R,52998,R,636,R,53634,R,52998,R,0,R,52998,R,55224,R,636,R,55860,R,56880,R,654,R,57534,.,.,R,52998,R,636,R,53634,R,52998,R,0,R,52998,R,55224,R,636,R,55860,R,56880,R,654,R,57534,.,.,R,52998,R,636,R,53634,R,52998,R,0,R,52998,R,55224,R,636,R,55860,R,56880,R,654,R,57534,.,.,R,1971,R,1080,R,1125,R,1152,R,15507,R,15972,R,16533,R,17112,R,3717,R,2934,R,2979,R,3051,R,15084,R,16581,R,17253,R,17784,R,5274,R,4641,R,4761,R,4860,R,4698,R,4164,R,4275,R,4374
2022,123961,R,63468,R,1258,R,2137,R,63468,R,1258,R,2137,R,63468,R,1258,R,2137,R,63468,R,1198,R,2137,R,63468,R,1198,R,2137,R,63468,R,1198,R,2137,Y,.,Y,.,Y,.,Y,.,R,108324,R,10736,R,108324,R,10736,R,69160,R,1150,R,69160,R,1150,Y,.,Y,.,Y,.,Y,.,Y,.,Y,.,Y,.,Y,.,R,62418,R,3673,R,62418,R,3673,Y,.,Y,.,Y,.,Y,.,Y,.,Y,.,Y,.,Y,.,R,72798,R,1200,R,72798,R,1200,R,57256,R,939,R,58195,R,59260,R,1015,R,60275,R,60446,R,1057,R,61503,R,63468,R,1258,R,64726,.,.,R,57256,R,939,R,58195,R,59260,R,1015,R,60275,R,60446,R,1057,R,61503,R,63468,R,1258,R,64726,.,.,R,57256,R,939,R,58195,R,59260,R,1015,R,60275,R,60446,R,1057,R,61503,R,63468,R,1258,R,64726,.,.,R,1200,R,1200,R,1200,R,1200,R,15912,R,16398,R,16732,R,17436,R,2152,R,2278,R,2224,R,1702,R,15912,R,16398,R,16732,R,17436,R,2152,R,2278,R,2224,R,1702,R,3510,R,3628,R,3556,R,3650
2022,126614,R,11004,R,1586,R,450,R,11004,R,1586,R,480,R,37376,R,1586,R,1557,R,15251,R,1553,R,847,R,15251,R,1553,R,847,R,35017,R,1553,R,1945,Y,.,Y,.,Y,.,Y,.,Y,.,Y,.,Y,.,Y,.,Y,.,Y,.,Y,.,Y,.,Y,.,Y,.,Y,.,Y,.,Y,.,Y,.,Y,.,Y,.,Y,.,Y,.,Y,.,Y,.,Y,.,Y,.,Y,.,Y,.,A,.,A,.,A,.,A,.,C,31518,C,1553,C,38700,C,1553,R,10728,R,1772,R,12500,R,10728,R,1738,R,12466,R,10728,R,1768,R,12496,R,11520,R,1586,R,13106,4,.,R,10728,R,1772,R,12500,R,10728,R,1738,R,12466,R,10728,R,1768,R,12496,R,11520,R,1586,R,13106,4,.,R,36546,R,1772,R,38318,R,36546,R,1738,R,38284,R,36546,R,1768,R,38314,R,38770,R,1586,R,40356,3,.,R,1200,R,1200,R,1200,R,1200,R,14778,R,15220,R,15676,R,16146,R,2556,R,2556,R,2979,R,3014,R,13050,R,13050,R,13050,R,15164,R,2556,R,2556,R,2979,R,3014,R,2556,R,4617,R,4806,R,2862
2022,126775,R,17520,R,2520,R,584,R,17520,R,2520,R,584,R,39600,R,2520,R,1320,R,17676,R,2520,R,982,R,17676,R,2520,R,982,R,39618,R,2520,R,2201,A,.,A,.,A,.,A,.,A,.,A,.,A,.,A,.,A,.,A,.,A,.,A,.,A,.,A,.,A,.,A,.,A,.,A,.,A,.,A,.,A,.,A,.,A,.,A,.,A,.,A,.,A,.,A,.,A,.,A,.,A,.,A,.,A,.,A,.,A,.,A,.,R,16650,R,2412,R,19062,R,16650,R,2450,R,19100,R,17160,R,2378,R,19538,R,17520,R,2520,R,20040,.,.,R,16650,R,2412,R,19062,R,16650,R,2450,R,19100,R,17160,R,2378,R,19538,R,17520,R,2520,R,20040,.,.,R,37350,R,2412,R,39762,R,37350,R,2450,R,39800,R,38460,R,2378,R,40838,R,39600,R,2520,R,42120,.,.,R,1500,R,1500,R,1500,R,1500,R,14211,R,14720,R,15286,R,16110,R,1879,R,1879,R,1879,R,1879,R,10142,R,10142,R,10142,R,12015,R,3083,R,3065,R,3065,R,3065,R,2505,R,2505,R,2505,R,2505
2022,129020,R,15672,R,3762,R,653,R,15672,R,3762,R,653,R,38340,R,3762,R,1598,R,18174,R,3088,R,1010,R,18174,R,3088,R,1010,R,40086,R,3088,R,2227,Y,.,Y,.,Y,.,Y,.,R,39703,R,2913,R,80146,R,2913,R,43156,R,2660,R,74367,R,2660,Y,.,Y,.,Y,.,Y,.,Y,.,Y,.,Y,.,Y,.,R,28504,R,3762,R,56676,R,3762,Y,.,Y,.,Y,.,Y,.,Y,.,Y,.,Y,.,Y,.,R,30354,R,1062,R,61396,R,1062,R,13798,R,3428,R,17226,R,14406,R,3428,R,17834,R,15030,R,3494,R,18524,R,15672,R,3762,R,19434,.,.,R,13798,R,3428,R,17226,R,14406,R,3428,R,17834,R,15030,R,3494,R,18524,R,15672,R,3762,R,19434,.,.,R,36466,R,3428,R,39894,R,37074,R,3428,R,40502,R,37698,R,3494,R,41192,R,38340,R,3762,R,42102,.,.,R,950,R,950,R,950,R,950,R,13258,R,13258,R,13258,R,13622,R,2850,R,3032,R,3032,R,3032,R,13258,R,13258,R,14760,R,15388,R,2850,R,3032,R,3032,R,3032,R,2650,R,2754,R,2754,R,2754
2022,130794,R,62250,R,0,A,.,R,62250,Z,0,A,.,R,62250,Z,0,A,.,R,46900,R,0,A,.,R,46900,Z,0,A,.,R,46900,Z,0,A,.,Y,.,Y,.,Y,.,Y,.,Y,.,Y,.,Y,.,Y,.,R,67484,R,1213,R,67484,R,1213,Y,.,Y,.,Y,.,Y,.,Y,.,Y,.,Y,.,Y,.,Y,.,Y,.,Y,.,Y,.,Y,.,Y,.,Y,.,Y,.,Y,.,Y,.,Y,.,Y,.,R,69100,R,2325,R,69100,R,2325,R,55500,R,0,R,55500,R,57700,R,0,R,57700,R,59950,R,0,R,59950,R,62250,R,0,R,62250,.,.,R,55500,R,0,R,55500,R,57700,R,0,R,57700,R,59950,R,0,R,59950,R,62250,R,0,R,62250,.,.,R,55500,R,0,R,55500,R,57700,R,0,R,57700,R,59950,R,0,R,59950,R,62250,R,0,R,62250,.,.,R,1000,R,1000,R,1000,R,1000,R,16600,R,17200,R,17800,R,18450,R,3420,R,3420,R,3420,R,3420,A,.,A,.,A,.,A,.,A,.,A,.,A,.,A,.,A,.,A,.,A,.,A,.
2022,130943,R,13370,R,2040,R,557,R,13370,R,2040,R,557,R,35890,R,2040,R,1495,R,17622,R,1042,R,979,R,17622,R,1042,R,979,R,17622,R,1042,R,979,A,.,A,.,A,.,A,.,A,.,A,.,A,.,A,.,A,.,A,.,A,.,A,.,A,.,A,.,A,.,A,.,A,.,A,.,A,.,A,.,A,.,A,.,A,.,A,.,A,.,A,.,A,.,A,.,A,.,A,.,A,.,A,.,A,.,A,.,A,.,A,.,R,12730,R,1550,R,14280,R,12730,R,1920,R,14650,R,12980,R,2040,R,15020,R,13370,R,2040,R,15410,.,.,R,12730,R,1550,R,14280,R,12730,R,1920,R,14650,R,12980,R,2040,R,15020,R,13370,R,2040,R,15410,.,.,R,34160,R,1550,R,35710,R,34160,R,1930,R,36090,R,34840,R,2040,R,36880,R,35890,R,2040,R,37930,.,.,R,1000,R,1000,R,1000,R,1000,R,13472,R,13472,R,13742,R,14234,R,1800,R,1800,R,1800,R,1800,R,13472,R,13472,R,13742,R,14234,R,1800,R,1800,R,1800,R,1000,R,3300,R,3300,R,1000,R,1000
2022,131159,R,53070,R,819,R,1768,R,53070,R,819,R,1768,R,53070,R,819,R,1768,R,38139,R,987,R,1971,R,38139,R,987,R,1971,R,38139,R,987,R,1971,Y,.,Y,.,Y,.,Y,.,Y,.,Y,.,Y,.,Y,.,Y,.,Y,.,Y,.,Y,.,Y,.,Y,.,Y,.,Y,.,Y,.,Y,.,Y,.,Y,.,Y,.,Y,.,Y,.,Y,.,Y,.,Y,.,Y,.,Y,.,Y,.,Y,.,Y,.,Y,.,R,59842,R,1152,R,59842,R,1152,R,49070,R,819,R,49889,R,50542,R,793,R,51335,R,50542,R,792,R,51334,R,53070,R,819,R,53889,.,.,R,49070,R,819,R,49889,R,50542,R,793,R,51335,R,50542,R,792,R,51334,R,53070,R,819,R,53889,.,.,R,49070,R,819,R,49889,R,50542,R,793,R,51335,R,50542,R,792,R,51334,R,53070,R,819,R,53889,.,.,R,800,R,800,R,800,R,800,R,14880,R,14980,R,15150,R,15706,R,909,R,909,R,1308,R,1308,R,14880,R,14980,R,15150,R,15706,R,909,R,909,R,1308,R,1308,R,1609,R,1609,R,1736,R,1736
2022,131469,R,60856,R,90,R,1995,R,60856,R,90,R,1995,R,60856,R,90,R,1995,R,33930,R,54,R,1885,R,33930,R,54,R,1885,R,33930,R,54,R,1885,Y,.,Y,.,Y,.,Y,.,Y,.,Y,.,Y,.,Y,.,R,65840,R,90,R,65840,R,90,Y,.,Y,.,Y,.,Y,.,Y,.,Y,.,Y,.,Y,.,Y,.,Y,.,Y,.,Y,.,Y,.,Y,.,Y,.,Y,.,Y,.,Y,.,Y,.,Y,.,R,67380,R,0,R,67380,R,0,R,56845,R,90,R,56935,R,58550,R,90,R,58640,R,59780,R,90,R,59870,R,62110,R,90,R,62200,.,.,R,56845,R,90,R,56935,R,58550,R,90,R,58640,R,59780,R,90,R,59870,R,62110,R,90,R,62200,.,.,R,56845,R,90,R,56935,R,58550,R,90,R,58640,R,59780,R,90,R,59870,R,62110,R,90,R,62200,.,.,R,1400,R,1400,R,1400,R,1400,R,14300,R,14711,R,15440,R,15720,R,1525,R,1525,R,1625,R,1625,R,14300,R,14711,R,15440,R,15720,R,1525,R,1525,R,1625,R,1625,R,1525,R,1525,R,1625,R,1625
2022,131496,R,61872,R,179,R,2578,R,61872,R,179,R,2578,R,61872,R,179,R,2578,R,56592,R,457,R,2358,R,56592,R,457,R,2358,R,56592,R,457,R,2358,Y,.,Y,.,Y,.,Y,.,Y,.,Y,.,Y,.,Y,.,R,58142,Z,0,R,58142,Z,0,Y,.,Y,.,Y,.,Y,.,Y,.,Y,.,Y,.,Y,.,Y,.,Y,.,Y,.,Y,.,Y,.,Y,.,Y,.,Y,.,Y,.,Y,.,Y,.,Y,.,R,71996,Z,0,R,71996,Z,0,R,55440,R,618,R,56058,R,51646,R,150,R,51796,R,59784,R,173,R,59957,R,61872,R,180,R,62052,.,.,R,55440,R,618,R,56058,R,51646,R,150,R,51796,R,59784,R,173,R,59957,R,61872,R,180,R,62052,.,.,R,55440,R,618,R,56058,R,51646,R,150,R,51796,R,59784,R,173,R,59957,R,61872,R,180,R,62052,.,.,R,1200,R,1000,R,1200,R,1200,R,16466,R,5324,R,17758,R,18824,R,2556,R,1640,R,2600,R,2620,A,.,A,.,A,.,A,.,A,.,A,.,A,.,A,.,A,.,A,.,A,.,A,.
2022,131520,R,30584,R,466,R,1274,R,30584,R,466,R,1274,R,30584,R,466,R,1274,R,35556,R,466,R,1930,R,35556,R,466,R,1930,R,35556,R,466,R,1930,Y,.,Y,.,Y,.,Y,.,R,43912,R,2776,R,43912,R,2776,R,52612,R,2390,R,52612,R,2390,Y,.,Y,.,Y,.,Y,.,Y,.,Y,.,Y,.,Y,.,R,33156,R,2798,R,33156,R,2798,Y,.,Y,.,Y,.,Y,.,Y,.,Y,.,Y,.,Y,.,R,36404,R,1816,R,36404,R,1816,R,24966,R,2240,R,27206,R,26464,R,1976,R,28440,R,28450,R,466,R,28916,R,30584,R,466,R,31050,.,.,R,24966,R,2240,R,27206,R,26464,R,1976,R,28440,R,28450,R,466,R,28916,R,30584,R,466,R,31050,.,.,R,24966,R,2240,R,27206,R,26464,R,1976,R,28440,R,28450,R,466,R,28916,R,30584,R,466,R,31050,.,.,R,1900,R,1900,R,1360,R,1360,R,14365,R,15650,R,14678,R,15880,R,2500,R,3260,R,3260,R,3160,A,.,A,.,A,.,R,18380,A,.,A,.,A,.,R,8736,A,.,A,.,A,.,R,3160
2022,133951,R,4721,R,1844,R,206,R,4721,R,1844,R,206,R,16529,R,2434,R,619,R,9119,R,2214,R,456,R,9119,R,2214,R,456,R,21600,R,2838,R,1002,Y,.,Y,.,Y,.,Y,.,Y,.,Y,.,Y,.,Y,.,R,32737,R,6118,R,62737,R,7618,Y,.,Y,.,Y,.,Y,.,Y,.,Y,.,Y,.,Y,.,Y,.,Y,.,Y,.,Y,.,Y,.,Y,.,Y,.,Y,.,Y,.,Y,.,Y,.,Y,.,R,17805,R,3309,R,30933,R,3966,R,4721,R,1844,R,6565,R,4721,R,1844,R,6565,R,4721,R,1844,R,6565,R,4721,R,1844,R,6565,.,.,R,4721,R,1844,R,6565,R,4721,R,1844,R,6565,R,4721,R,1844,R,6565,R,4721,R,1844,R,6565,.,.,R,16529,R,2434,R,18963,R,16529,R,2434,R,18963,R,16529,R,2434,R,18963,R,16529,R,2434,R,18963,.,.,R,1350,R,1350,R,1350,R,1350,R,11136,R,10956,R,11076,R,11600,R,4814,R,4932,R,5006,R,5366,R,12584,R,12876,R,13062,R,13994,R,5702,R,5840,R,5926,R,6352,R,7870,R,8056,R,8174,R,8760
2022,134097,R,4640,R,1877,R,218,R,4640,R,1877,R,218,R,19084,R,2599,R,724,R,9684,R,1869,R,482,R,9684,R,1869,R,482,R,24116,R,2591,R,1114,Y,.,Y,.,Y,.,Y,.,Y,.,Y,.,Y,.,Y,.,R,22408,R,3203,R,55314,R,4848,Y,.,Y,.,Y,.,Y,.,Y,.,Y,.,Y,.,Y,.,Y,.,Y,.,Y,.,Y,.,Y,.,Y,.,Y,.,Y,.,Y,.,Y,.,Y,.,Y,.,R,18071,R,2623,R,37130,R,3575,R,4022,R,1634,R,5656,R,4022,R,1634,R,5656,R,4022,R,1634,R,5656,R,4022,R,1634,R,5656,.,.,R,4022,R,1634,R,5656,R,4022,R,1634,R,5656,R,4022,R,1634,R,5656,R,4022,R,1634,R,5656,.,.,R,16540,R,2246,R,18786,R,16540,R,2246,R,18786,R,16540,R,2246,R,18786,R,16540,R,2246,R,18786,.,.,R,1000,R,1000,R,1000,R,1000,R,10780,R,11088,R,11472,R,11592,R,5010,R,5382,R,5348,R,5532,R,10780,R,11088,R,11472,R,11592,R,5010,R,5382,R,5348,R,5532,R,5010,R,5382,R,5348,R,5532
2022,134130,R,4477,R,1904,R,149,R,4477,R,1904,R,149,R,25694,R,2965,R,856,R,10770,R,1967,R,449,R,10770,R,1967,R,449,R,27335,R,2795,R,1139,Y,.,Y,.,Y,.,Y,.,R,37564,R,4154,R,62783,R,5415,R,32744,R,3913,R,60592,R,5306,Y,.,Y,.,Y,.,Y,.,Y,.,Y,.,Y,.,Y,.,R,19845,R,3057,R,41886,R,4159,Y,.,Y,.,Y,.,Y,.,R,25248,R,3539,R,45225,R,4538,R,19139,R,2665,R,34602,R,3438,R,4477,R,1904,R,6381,R,4477,R,1904,R,6381,R,4477,R,1904,R,6381,R,4477,R,1904,R,6381,.,.,R,4477,R,1904,R,6381,R,4477,R,1904,R,6381,R,4477,R,1904,R,6381,R,4477,R,1904,R,6381,.,.,R,25694,R,2965,R,28659,R,25694,R,2965,R,28659,R,25694,R,2965,R,28659,R,25694,R,2965,R,28659,.,.,R,850,R,890,R,810,R,810,R,10220,R,10590,R,10400,R,10950,R,3760,R,3570,R,3840,R,3670,R,10220,R,10590,R,10400,R,10950,R,3760,R,3570,R,3840,R,3670,R,3760,R,3570,R,3650,R,3670
2022,135726,R,55440,R,1754,R,2310,R,55440,R,1754,R,2310,R,55440,R,1754,R,2310,R,41580,R,1236,R,2310,R,41580,R,1236,R,2310,R,41580,R,1236,R,2310,Y,.,Y,.,Y,.,Y,.,Y,.,Y,.,Y,.,Y,.,R,50123,R,1902,R,50123,R,1902,Y,.,Y,.,Y,.,Y,.,Y,.,Y,.,Y,.,Y,.,Y,.,Y,.,Y,.,Y,.,Y,.,Y,.,Y,.,Y,.,Y,.,Y,.,Y,.,Y,.,R,58300,R,1262,R,58300,R,1262,R,50400,R,1530,R,51930,R,52080,R,1602,R,53682,R,53112,R,1648,R,54760,R,55440,R,1754,R,57194,.,.,R,50400,R,1530,R,51930,R,52080,R,1602,R,53682,R,53112,R,1648,R,54760,R,55440,R,1754,R,57194,.,.,R,50400,R,1530,R,51930,R,52080,R,1602,R,53682,R,53112,R,1648,R,54760,R,55440,R,1754,R,57194,.,.,R,1000,R,1000,R,1000,R,1070,R,14658,R,15470,R,15980,R,16910,R,3318,R,3560,R,3590,R,3846,R,18238,R,19190,R,20060,R,21150,R,3318,R,3560,R,3590,R,3846,R,3318,R,3560,R,3590,R,3846
2022,137351,R,4559,R,1851,R,214,R,4559,R,1851,R,214,R,15473,R,1851,R,577,R,8350,R,2078,R,435,R,8350,R,2078,R,435,R,19048,R,2078,R,880,Y,.,Y,.,Y,.,Y,.,Y,.,Y,.,Y,.,Y,.,R,29175,R,4551,R,49355,R,5561,Y,.,Y,.,Y,.,Y,.,Y,.,Y,.,Y,.,Y,.,R,16610,R,3295,R,34355,R,4182,Y,.,Y,.,Y,.,Y,.,Y,.,Y,.,Y,.,Y,.,Y,.,Y,.,Y,.,Y,.,R,4559,R,1851,R,6410,R,4559,R,1851,R,6410,R,4559,R,1851,R,6410,R,4559,R,1851,R,6410,.,.,R,4559,R,1851,R,6410,R,4559,R,1851,R,6410,R,4559,R,1851,R,6410,R,4559,R,1851,R,6410,.,.,R,15473,R,1851,R,17324,R,15473,R,1851,R,17324,R,15473,R,1851,R,17324,R,15473,R,1851,R,17324,.,.,R,1100,R,1100,R,1100,R,770,R,11836,R,12256,R,12568,R,12622,R,4100,R,4100,R,4100,R,4850,R,9920,R,10062,R,10202,R,11844,R,4100,R,4100,R,4100,R,4850,R,4100,R,4100,R,4100,R,4850
2022,139658,R,57120,R,828,R,2380,R,57120,R,828,R,2380,R,57120,R,828,R,2380,R,45800,R,900,R,2544,R,45800,R,900,R,2544,R,45800,R,900,R,2544,Y,.,Y,.,Y,.,Y,.,Y,.,Y,.,Y,.,Y,.,R,53000,R,1200,R,53000,R,1200,Y,.,Y,.,Y,.,Y,.,Y,.,Y,.,Y,.,Y,.,Y,.,Y,.,Y,.,Y,.,Y,.,Y,.,Y,.,Y,.,Y,.,Y,.,Y,.,Y,.,R,63600,R,700,R,63600,R,700,R,53070,R,734,R,53804,R,53070,R,798,R,53868,R,54660,R,808,R,55468,R,57120,R,828,R,57948,.,.,R,53070,R,734,R,53804,R,53070,R,798,R,53868,R,54660,R,808,R,55468,R,57120,R,828,R,57948,.,.,R,53070,R,734,R,53804,R,53070,R,798,R,53868,R,54660,R,808,R,55468,R,57120,R,828,R,57948,.,.,R,1224,R,1224,R,1250,R,1250,R,14972,R,15242,R,16302,R,17016,R,2604,R,2550,R,2574,R,2600,R,14972,R,15242,R,16302,R,17016,R,2604,R,2550,R,2574,R,2600,R,2604,R,2550,R,2574,R,2600
2022,139755,R,10258,R,1506,R,427,R,10258,R,1506,R,427,R,31370,R,1506,R,1307,R,14064,R,1506,R,586,R,14064,R,1506,R,586,R,29140,R,1506,R,1215,A,.,A,.,A,.,A,.,A,.,A,.,A,.,A,.,A,.,A,.,A,.,A,.,A,.,A,.,A,.,A,.,A,.,A,.,A,.,A,.,A,.,A,.,A,.,A,.,A,.,A,.,A,.,A,.,A,.,A,.,A,.,A,.,A,.,A,.,A,.,A,.,R,10258,R,2424,R,12682,R,10258,R,2594,R,12852,R,10258,R,2594,R,12852,R,10258,R,1506,R,11764,.,.,R,10258,R,2424,R,12682,R,10258,R,2594,R,12852,R,10258,R,2594,R,12852,R,10258,R,1506,R,11764,.,.,R,31370,R,2424,R,33794,R,31370,R,2594,R,33964,R,31370,R,2594,R,33964,R,31370,R,1506,R,32876,.,.,R,800,R,800,R,800,R,800,R,12090,R,12090,R,12090,R,12342,R,4060,R,4060,R,4060,R,3200,R,14830,R,14986,R,14986,R,12342,R,4060,R,4060,R,4060,R,3200,R,4060,R,4060,R,4060,R,9200
2022,139959,R,9790,R,1390,R,2909,R,9790,R,1390,R,2909,R,28830,R,1390,R,8555,R,8878,R,1390,R,370,R,8878,R,1390,R,370,R,25186,R,1390,R,1050,Y,.,Y,.,Y,.,Y,.,Y,.,Y,.,Y,.,Y,.,Y,.,Y,.,Y,.,Y,.,Y,.,Y,.,Y,.,Y,.,Y,.,Y,.,Y,.,Y,.,R,16636,R,1390,R,37344,R,1390,Y,.,Y,.,Y,.,Y,.,R,17514,R,1390,R,47176,R,1390,R,17604,R,1390,R,36362,R,1390,R,9790,R,2290,R,12080,R,9790,R,2290,R,12080,R,9790,R,2290,R,12080,R,9790,R,1390,R,11180,.,.,R,9790,R,2290,R,12080,R,9790,R,2290,R,12080,R,9790,R,2290,R,12080,R,9790,R,1390,R,11180,.,.,R,28830,R,2290,R,31120,R,28830,R,2290,R,31120,R,28830,R,2290,R,31120,R,28830,R,1390,R,30220,.,.,R,990,R,1052,R,1032,R,888,R,10314,R,10328,R,10452,R,10904,R,4066,R,4198,R,4394,R,4570,R,8392,R,8376,R,8362,R,8644,R,4650,R,4828,R,5160,R,5446,R,4650,R,4828,R,5160,R,5446
2022,144050,R,61179,R,1761,R,2039,R,61179,R,1761,R,2039,R,61179,R,1761,R,2039,R,65145,R,1347,R,2172,R,65145,R,1347,R,2172,R,65145,R,1347,R,2172,Y,.,Y,.,Y,.,Y,.,Y,.,Y,.,Y,.,Y,.,R,78063,R,1796,R,78063,R,1796,Y,.,Y,.,Y,.,Y,.,Y,.,Y,.,Y,.,Y,.,Y,.,Y,.,Y,.,Y,.,Y,.,Y,.,Y,.,Y,.,Y,.,Y,.,Y,.,Y,.,R,73185,R,1347,R,73185,R,1347,R,57642,R,2910,R,60552,R,57642,R,2910,R,60552,R,59256,R,2985,R,62241,R,61179,R,3081,R,64260,.,.,R,57642,R,2910,R,60552,R,57642,R,2910,R,60552,R,59256,R,2985,R,62241,R,61179,R,3081,R,64260,.,.,R,57642,R,2910,R,60552,R,57642,R,2910,R,60552,R,59256,R,2985,R,62241,R,61179,R,3081,R,64260,.,.,R,1800,R,1800,R,1800,R,1800,R,17004,R,17004,R,17685,R,18396,R,2175,R,2175,R,2400,R,2400,A,.,A,.,A,.,A,.,A,.,A,.,A,.,A,.,A,.,A,.,A,.,A,.
2022,145600,R,12396,R,3076,R,455,R,12396,R,3076,R,455,R,27765,R,3076,R,898,R,14181,R,3076,R,736,R,14181,R,3076,R,736,R,25346,R,3076,R,1104,Y,.,Y,.,Y,.,Y,.,R,36526,R,11516,R,65730,R,11516,R,30600,R,3118,R,52720,R,3118,Y,.,Y,.,Y,.,Y,.,Y,.,Y,.,Y,.,Y,.,R,25670,R,3076,R,25670,R,3076,Y,.,Y,.,Y,.,Y,.,Y,.,Y,.,Y,.,Y,.,R,36000,R,3076,R,45000,R,3076,R,10584,R,3290,R,13874,R,10776,R,3322,R,14098,R,10776,R,3350,R,14126,R,10970,R,3076,R,14046,0,.,R,10584,R,3290,R,13874,R,10776,R,3322,R,14098,R,10776,R,3350,R,14126,R,10970,R,3076,R,14046,0,.,R,24276,R,3290,R,27566,R,25126,R,3322,R,28448,R,25126,R,3350,R,28476,R,25578,R,3076,R,28654,0,.,R,1400,R,1400,R,1400,R,1400,R,12479,R,12000,R,12250,R,14400,R,3628,R,3470,R,3400,R,6026,R,12479,R,12000,R,12250,R,14400,R,3628,R,3470,R,3400,R,6026,R,5128,R,3000,R,3200,R,5826
2022,145637,R,14542,R,3240,R,609,R,14542,R,3240,R,609,R,35122,R,3240,R,975,R,14891,R,3240,R,528,R,14891,R,3240,R,528,R,29176,R,3240,R,624,Y,.,Y,.,Y,.,Y,.,Y,.,Y,.,Y,.,Y,.,R,37186,R,3240,R,46926,R,3240,Y,.,Y,.,Y,.,Y,.,Y,.,Y,.,Y,.,Y,.,Y,.,Y,.,Y,.,Y,.,Y,.,Y,.,Y,.,Y,.,R,29708,R,3440,R,53214,R,3440,R,36500,R,3325,R,46500,R,3325,R,12036,R,3086,R,15122,R,12254,R,2896,R,15150,R,12254,R,3188,R,15442,R,12474,R,3240,R,15714,0,.,R,12036,R,3086,R,15122,R,12254,R,2896,R,15150,R,12254,R,3188,R,15442,R,12474,R,3240,R,15714,0,.,R,29178,R,3086,R,32264,R,29704,R,2896,R,32600,R,29704,R,3188,R,32892,R,30446,R,3240,R,33686,0,.,R,1200,R,1200,R,1200,R,1200,R,11480,R,12252,R,12494,R,12720,R,2500,R,2500,R,2500,R,2500,A,.,A,.,A,.,A,.,A,.,A,.,A,.,A,.,A,.,A,.,A,.,A,.
2022,147767,R,62391,R,1077,R,7394,R,62391,R,1077,R,7394,R,62391,R,1077,R,7394,R,51869,R,1155,R,7372,R,51869,R,1155,R,7372,R,51869,R,1155,R,7372,Y,.,Y,.,Y,.,Y,.,Y,.,Y,.,Y,.,Y,.,R,67880,R,2158,R,67880,R,2158,Y,.,Y,.,Y,.,Y,.,Y,.,Y,.,Y,.,Y,.,Y,.,Y,.,Y,.,Y,.,Y,.,Y,.,Y,.,Y,.,Y,.,Y,.,Y,.,Y,.,R,71432,R,780,R,71432,R,780,R,56232,R,459,R,56691,R,56286,R,454,R,56740,R,60276,R,492,R,60768,R,62391,R,1077,R,63468,.,.,R,56232,R,459,R,56691,R,56286,R,454,R,56740,R,60276,R,492,R,60768,R,62391,R,1077,R,63468,.,.,R,56232,R,459,R,56691,R,56286,R,454,R,56740,R,60276,R,492,R,60768,R,62391,R,1077,R,63468,.,.,R,1638,R,1662,R,1566,R,1590,R,17019,R,17616,R,18264,R,19440,R,3306,R,3304,R,3243,R,4896,R,17019,R,17616,R,18264,R,19440,R,3306,R,3304,R,3243,R,4896,R,5802,R,5845,R,5910,R,4536
2022,151351,R,10012,R,1435,R,313,R,10012,R,1435,R,313,R,37685,R,1435,R,1178,R,10033,R,1435,R,418,R,10033,R,1435,R,418,R,31932,R,1435,R,1131,Y,.,Y,.,Y,.,Y,.,Y,.,Y,.,Y,.,Y,.,Y,.,Y,.,Y,.,Y,.,R,31278,R,1435,R,43814,R,1435,Y,.,Y,.,Y,.,Y,.,Y,.,Y,.,Y,.,Y,.,Y,.,Y,.,Y,.,Y,.,Y,.,Y,.,Y,.,Y,.,R,36500,R,1435,R,57500,R,1435,R,9575,R,1372,R,10947,R,9815,R,1406,R,11221,R,9913,R,1420,R,11333,R,10012,R,1435,R,11447,.,.,R,9575,R,1372,R,10947,R,9815,R,1406,R,11221,R,9913,R,1420,R,11333,R,10012,R,1435,R,11447,.,.,R,35140,R,1372,R,36512,R,36194,R,1406,R,37600,R,36932,R,1420,R,38352,R,37685,R,1435,R,39120,.,.,R,1110,R,930,R,1050,R,900,R,10830,R,11206,R,12098,R,12228,R,2770,R,2830,R,2818,R,2882,R,10830,R,11206,R,12098,R,12228,R,2770,R,2830,R,2818,R,2882,R,4250,R,4190,R,4140,R,4182
2022,152080,R,59794,R,507,R,2491,R,59794,R,507,R,2491,R,59794,R,507,R,2491,R,59644,R,472,R,3313,R,59644,R,472,R,3313,R,59644,R,472,R,3313,Y,.,Y,.,Y,.,Y,.,Y,.,Y,.,Y,.,Y,.,Y,.,Y,.,Y,.,Y,.,Y,.,Y,.,Y,.,Y,.,Y,.,Y,.,Y,.,Y,.,Y,.,Y,.,Y,.,Y,.,Y,.,Y,.,Y,.,Y,.,Y,.,Y,.,Y,.,Y,.,R,65436,R,500,R,65436,R,500,R,55046,R,507,R,55553,R,57192,R,507,R,57699,R,58336,R,507,R,58843,R,59794,R,507,R,60301,.,.,R,55046,R,507,R,55553,R,57192,R,507,R,57699,R,58336,R,507,R,58843,R,59794,R,507,R,60301,.,.,R,55046,R,507,R,55553,R,57192,R,507,R,57699,R,58336,R,507,R,58843,R,59794,R,507,R,60301,.,.,R,1050,R,1250,R,1250,R,1250,R,15640,R,15984,R,16304,R,16710,R,1950,R,1950,R,1950,R,1950,R,15640,R,15984,R,16304,R,16710,R,1950,R,1950,R,1950,R,1950,R,1950,R,1950,R,1950,R,1950
2022,160755,R,58666,R,4178,R,2445,R,58666,R,4178,R,2445,R,58666,R,4178,R,2445,R,61066,R,2178,R,3393,R,61066,R,2178,R,3393,R,61066,R,2178,R,3393,Y,.,Y,.,Y,.,Y,.,Y,.,Y,.,Y,.,Y,.,R,66974,R,4288,R,66974,R,4288,Y,.,Y,.,Y,.,Y,.,Y,.,Y,.,Y,.,Y,.,Y,.,Y,.,Y,.,Y,.,Y,.,Y,.,Y,.,Y,.,Y,.,Y,.,Y,.,Y,.,R,60390,R,4478,R,60390,R,4478,R,52760,R,4040,R,56800,R,54766,R,4086,R,58852,R,56684,R,4130,R,60814,R,58666,R,4178,R,62844,.,.,R,52760,R,4040,R,56800,R,54766,R,4086,R,58852,R,56684,R,4130,R,60814,R,58666,R,4178,R,62844,.,.,R,52760,R,4040,R,56800,R,54766,R,4086,R,58852,R,56684,R,4130,R,60814,R,58666,R,4178,R,62844,.,.,R,1200,R,1200,R,1200,R,1200,R,15774,R,16248,R,16778,R,17346,R,2110,R,2380,R,2400,R,2500,R,15774,R,16248,R,16778,R,17346,R,2110,R,2380,R,2400,R,2500,R,5418,R,5764,R,5846,R,6222
2022,162928,R,60480,R,0,R,2016,R,60480,Z,0,R,2016,R,60480,Z,0,R,2016,R,60480,R,2482,R,2016,R,60480,R,2482,R,2016,R,60480,R,2482,R,2016,Y,.,Y,.,Y,.,Y,.,Y,.,Y,.,Y,.,Y,.,R,59700,R,5386,R,59700,R,5386,Y,.,Y,.,Y,.,Y,.,Y,.,Y,.,Y,.,Y,.,Y,.,Y,.,Y,.,Y,.,Y,.,Y,.,Y,.,Y,.,Y,.,Y,.,Y,.,Y,.,Y,.,Y,.,Y,.,Y,.,R,55350,R,500,R,55850,R,54160,R,500,R,54660,R,58720,R,500,R,59220,R,60480,R,0,R,60480,.,.,R,55350,R,500,R,55850,R,54160,R,500,R,54660,R,58720,R,500,R,59220,R,60480,R,0,R,60480,.,.,R,55350,R,500,R,55850,R,54160,R,500,R,54660,R,58720,R,500,R,59220,R,60480,R,0,R,60480,.,.,R,1250,R,1260,R,1270,R,1280,R,16310,R,11095,R,16800,R,17640,R,1118,R,1152,R,1187,R,1400,R,12235,R,12820,R,13406,R,13808,R,1118,R,1152,R,1187,R,1400,R,1118,R,1152,R,1187,R,1400
2022,163286,R,9695,R,1538,R,404,R,9695,R,1538,R,404,R,37931,R,1538,R,1581,R,16238,R,1210,R,812,R,16238,R,1210,R,812,R,35388,R,1210,R,1769,Y,.,Y,.,Y,.,Y,.,Y,.,Y,.,Y,.,Y,.,Y,.,Y,.,Y,.,Y,.,Y,.,Y,.,Y,.,Y,.,Y,.,Y,.,Y,.,Y,.,Y,.,Y,.,Y,.,Y,.,Y,.,Y,.,Y,.,Y,.,R,23136,R,3762,R,53003,R,4366,Y,.,Y,.,Y,.,Y,.,R,8824,R,1955,R,10779,R,8824,R,1955,R,10779,R,9000,R,1955,R,10955,R,9695,R,1538,R,11233,.,.,R,8824,R,1955,R,10779,R,8824,R,1955,R,10779,R,9000,R,1955,R,10955,R,9695,R,1538,R,11233,.,.,R,34936,R,1955,R,36891,R,34936,R,1955,R,36891,R,36681,R,1955,R,38636,R,37931,R,1538,R,39469,.,.,R,1250,R,1250,R,1250,R,1250,R,13315,R,13256,R,13348,R,14576,R,2522,R,2522,R,2522,R,2578,R,14434,R,14434,R,14590,R,15060,R,4202,R,4202,R,4202,R,4258,R,4202,R,4202,R,4202,R,4258
2022,164924,R,62950,R,1226,R,570,R,62950,R,1226,R,570,R,62950,R,1226,R,570,R,33912,R,116,R,1884,R,33912,R,116,R,1884,R,33912,R,116,R,1884,Y,.,Y,.,Y,.,Y,.,Y,.,Y,.,Y,.,Y,.,Y,.,Y,.,Y,.,Y,.,Y,.,Y,.,Y,.,Y,.,Y,.,Y,.,Y,.,Y,.,Y,.,Y,.,Y,.,Y,.,Y,.,Y,.,Y,.,Y,.,Y,.,Y,.,Y,.,Y,.,R,63130,R,225,R,63130,R,225,R,56780,R,1130,R,57910,R,59050,R,1152,R,60202,R,60530,R,1176,R,61706,R,62950,R,1226,R,64176,.,.,R,56780,R,1130,R,57910,R,59050,R,1152,R,60202,R,60530,R,1176,R,61706,R,62950,R,1226,R,64176,.,.,R,56780,R,1130,R,57910,R,59050,R,1152,R,60202,R,60530,R,1176,R,61706,R,62950,R,1226,R,64176,.,.,R,1250,R,1250,R,1250,R,1250,R,14826,R,15220,R,15602,R,16120,R,1900,R,1900,R,2100,R,2200,R,11550,R,11550,R,11550,R,11750,R,1900,R,1900,R,2100,R,2200,R,3400,R,3400,R,3900,R,4100
2022,164988,R,61050,R,1310,R,1908,R,61050,R,1310,R,1908,R,61050,R,1310,R,1908,R,61050,R,874,R,1908,R,61050,R,874,R,1908,R,61050,R,874,R,1908,Y,.,Y,.,Y,.,Y,.,R,88250,Z,0,R,88250,Z,0,R,68438,Z,0,R,68438,Z,0,Y,.,Y,.,Y,.,Y,.,Y,.,Y,.,Y,.,Y,.,Y,.,Y,.,Y,.,Y,.,Y,.,Y,.,Y,.,Y,.,Y,.,Y,.,Y,.,Y,.,R,61160,Z,0,R,61160,Z,0,R,54720,R,1172,R,55892,R,56854,R,1218,R,58072,R,58560,R,1256,R,59816,R,61050,R,1310,R,62360,.,.,R,54720,R,1172,R,55892,R,56854,R,1218,R,58072,R,58560,R,1256,R,59816,R,61050,R,1310,R,62360,.,.,R,54720,R,1172,R,55892,R,56854,R,1218,R,58072,R,58560,R,1256,R,59816,R,61050,R,1310,R,62360,.,.,R,1000,R,1000,R,1000,R,1000,R,16160,R,16640,R,16840,R,17400,R,1950,R,1950,R,1950,R,2000,R,16160,R,16640,R,16840,R,17400,R,1950,R,1950,R,1950,R,2000,R,3800,R,3900,R,3800,R,3850
2022,165015,R,61724,R,598,R,1929,R,61724,R,598,R,1929,R,61724,R,598,R,1929,R,55104,R,120,R,1722,R,55104,R,120,R,1722,R,55104,R,120,R,1722,A,.,A,.,A,.,A,.,A,.,A,.,A,.,A,.,A,.,A,.,A,.,A,.,A,.,A,.,A,.,A,.,A,.,A,.,A,.,A,.,A,.,A,.,A,.,A,.,A,.,A,.,A,.,A,.,A,.,A,.,A,.,A,.,A,.,A,.,A,.,A,.,R,55340,R,2221,R,57561,R,55340,R,2275,R,57615,R,59408,R,983,R,60391,R,61724,R,598,R,62322,.,.,R,55340,R,2221,R,57561,R,55340,R,2275,R,57615,R,59408,R,983,R,60391,R,61724,R,598,R,62322,.,.,R,55340,R,2221,R,57561,R,55340,R,2275,R,57615,R,59408,R,983,R,60391,R,61724,R,598,R,62322,.,.,R,1000,R,1000,R,1000,R,1000,R,16080,R,16080,R,16650,R,17092,R,1500,R,1500,R,1500,R,1500,R,12500,R,11230,R,11620,R,12074,R,1500,R,1500,R,1500,R,1500,R,3380,R,2400,R,2400,R,3600
2022,166027,R,52659,R,4602,R,1646,R,52659,R,4602,R,1646,R,52659,R,4602,R,1646,R,52456,R,1304,R,1639,R,52456,R,1304,R,1639,R,52456,R,1304,R,1639,Y,.,Y,.,Y,.,Y,.,R,67610,R,2182,R,67610,R,2182,R,67610,R,1901,R,67610,R,1901,Y,.,Y,.,Y,.,Y,.,Y,.,Y,.,Y,.,Y,.,Y,.,Y,.,Y,.,Y,.,Y,.,Y,.,Y,.,Y,.,Y,.,Y,.,Y,.,Y,.,R,70430,R,1304,R,70430,R,1304,R,47730,R,4195,R,51925,R,49653,R,4349,R,54002,R,51143,R,4444,R,55587,R,52659,R,4602,R,57261,.,.,R,47730,R,4195,R,51925,R,49653,R,4349,R,54002,R,51143,R,4444,R,55587,R,52659,R,4602,R,57261,.,.,R,47730,R,4195,R,51925,R,49653,R,4349,R,54002,R,51143,R,4444,R,55587,R,52659,R,4602,R,57261,.,.,R,800,R,900,R,900,R,900,R,17682,R,18389,R,18941,R,19502,R,5507,R,5649,R,5864,R,5875,A,.,A,.,A,.,A,.,A,.,A,.,A,.,A,.,A,.,R,15981,A,.,A,.
2022,166629,R,16186,R,766,R,675,R,16186,R,766,R,675,R,37405,R,766,R,1559,R,14364,R,2261,R,798,R,14364,R,2261,R,798,R,31489,R,2261,R,1749,A,.,A,.,A,.,A,.,A,.,A,.,A,.,A,.,A,.,A,.,A,.,A,.,A,.,A,.,A,.,A,.,A,.,A,.,A,.,A,.,A,.,A,.,A,.,A,.,A,.,A,.,A,.,A,.,A,.,A,.,A,.,A,.,A,.,A,.,A,.,A,.,R,15791,R,598,R,16389,R,15791,R,648,R,16439,R,15791,R,648,R,16439,R,16186,R,766,R,16952,.,.,R,15791,R,598,R,16389,R,15791,R,648,R,16439,R,15791,R,648,R,16439,R,16186,R,766,R,16952,.,.,R,35112,R,598,R,35710,R,35779,R,648,R,36427,R,36316,R,648,R,36964,R,37405,R,766,R,38171,.,.,R,1000,R,1000,R,1000,R,1000,R,13004,R,13329,R,13595,R,14123,R,1400,R,1400,R,1400,R,1400,R,13004,R,13329,R,13595,R,14123,R,1400,R,1400,R,1400,R,1400,R,3400,R,3400,R,3400,R,3400
2022,166683,R,57590,R,396,R,890,R,57590,R,396,R,890,R,57590,R,396,R,890,R,57590,R,3485,R,890,R,57590,R,3485,R,890,R,57590,R,3485,R,890,A,.,A,.,A,.,A,.,A,.,A,.,A,.,A,.,A,.,A,.,A,.,A,.,A,.,A,.,A,.,A,.,A,.,A,.,A,.,A,.,A,.,A,.,A,.,A,.,A,.,A,.,A,.,A,.,A,.,A,.,A,.,A,.,A,.,A,.,A,.,A,.,R,53450,R,340,R,53790,R,53450,R,0,R,53450,R,55510,R,368,R,55878,R,57590,R,396,R,57986,.,.,R,53450,R,340,R,53790,R,53450,R,0,R,53450,R,55510,R,368,R,55878,R,57590,R,396,R,57986,.,.,R,53450,R,340,R,53790,R,53450,R,0,R,53450,R,55510,R,368,R,55878,R,57590,R,396,R,57986,.,.,R,820,R,830,R,840,R,850,R,16390,R,16000,R,18100,R,18790,R,2160,R,2182,R,2202,R,2224,R,16390,R,8000,R,18100,C,18790,R,2160,R,2182,R,2202,C,2224,R,2160,R,2182,R,2202,R,2224
2022,167358,R,59100,R,1092,R,1847,R,59100,R,1092,R,1847,R,59100,R,1092,R,1847,R,26715,R,294,R,1670,R,26715,R,294,R,1670,R,26715,R,294,R,1670,Y,.,Y,.,Y,.,Y,.,Y,.,Y,.,Y,.,Y,.,Y,.,Y,.,Y,.,Y,.,Y,.,Y,.,Y,.,Y,.,Y,.,Y,.,Y,.,Y,.,R,52216,R,1092,R,52216,R,1092,Y,.,Y,.,Y,.,Y,.,Y,.,Y,.,Y,.,Y,.,R,58648,R,154,R,58648,R,154,R,52420,R,1086,R,53506,R,54360,R,1092,R,55452,R,56500,R,1092,R,57592,R,59100,R,1092,R,60192,.,.,R,52420,R,1086,R,53506,R,54360,R,1092,R,55452,R,56500,R,1092,R,57592,R,59100,R,1092,R,60192,.,.,R,52420,R,1086,R,53506,R,54360,R,1092,R,55452,R,56500,R,1092,R,57592,R,59100,R,1092,R,60192,.,.,R,1000,R,1000,R,1000,R,1000,R,16930,R,17480,R,17810,R,18430,R,1800,R,1800,R,1800,R,1800,R,16930,R,17480,R,17810,R,18430,R,1800,R,1800,R,1800,R,1800,R,1800,R,1800,R,1800,R,1800
2022,168148,R,63804,R,1418,R,2127,R,63804,R,1418,R,2127,R,63804,R,1418,R,2127,R,54196,R,1084,R,1799,R,54196,R,1084,R,1799,R,54196,R,1084,R,1799,Y,.,Y,.,Y,.,Y,.,R,87384,R,11869,R,87384,R,11869,R,67682,R,822,R,67682,R,822,Y,.,Y,.,Y,.,Y,.,Y,.,Y,.,Y,.,Y,.,Y,.,Y,.,Y,.,Y,.,Y,.,Y,.,Y,.,Y,.,R,65332,R,450,R,65332,R,450,Y,.,Y,.,Y,.,Y,.,R,57324,R,1254,R,58578,R,59560,R,1302,R,60862,R,61646,R,1354,R,63000,R,63804,R,1418,R,65222,.,.,R,57324,R,1254,R,58578,R,59560,R,1302,R,60862,R,61646,R,1354,R,63000,R,63804,R,1418,R,65222,.,.,R,57324,R,1254,R,58578,R,59560,R,1302,R,60862,R,61646,R,1354,R,63000,R,63804,R,1418,R,65222,.,.,R,1000,R,1000,R,1000,R,1000,R,15086,R,15630,R,16210,R,16778,R,1536,R,1508,R,1490,R,1600,R,15086,R,15630,R,16210,R,16778,R,1536,R,1508,R,1490,R,1600,R,7922,R,8138,R,8100,R,8378
2022,168421,R,56000,R,896,R,1556,R,56000,R,896,R,1556,R,56000,R,896,R,1556,R,28980,R,60,R,1610,R,28980,R,60,R,1610,R,28980,R,60,R,1610,A,.,A,.,A,.,A,.,A,.,A,.,A,.,A,.,A,.,A,.,A,.,A,.,A,.,A,.,A,.,A,.,A,.,A,.,A,.,A,.,A,.,A,.,A,.,A,.,A,.,A,.,A,.,A,.,A,.,A,.,A,.,A,.,A,.,A,.,A,.,A,.,R,51604,R,716,R,52320,R,53100,R,1316,R,54416,R,54640,R,1091,R,55731,R,56000,R,1096,R,57096,.,.,R,51604,R,716,R,52320,R,53100,R,1316,R,54416,R,54640,R,1091,R,55731,R,56000,R,1096,R,57096,.,.,R,51604,R,716,R,52320,R,53100,R,1316,R,54416,R,54640,R,1091,R,55731,R,56000,R,1096,R,57096,.,.,R,1000,R,1200,R,1200,R,1200,R,15302,R,15680,R,16140,R,16544,R,1200,R,1000,R,1200,R,1200,R,14774,R,15680,R,16140,R,16544,R,1200,R,1000,R,1200,R,1200,R,2700,R,2500,R,2700,R,2700
2022,170976,R,17454,R,332,R,695,R,17454,R,332,R,695,R,56941,R,332,R,2340,R,25894,R,332,R,1395,R,25894,R,332,R,1395,R,52124,R,332,R,2853,Y,.,Y,.,Y,.,Y,.,R,53433,R,498,R,72483,R,498,R,50265,R,498,R,69714,R,498,Y,.,Y,.,Y,.,Y,.,Y,.,Y,.,Y,.,Y,.,R,33970,R,332,R,39954,R,332,Y,.,Y,.,Y,.,Y,.,Y,.,Y,.,Y,.,Y,.,R,66386,R,332,R,69386,R,332,R,15230,R,328,R,15558,R,15520,R,428,R,15948,R,15850,R,328,R,16178,R,16404,R,332,R,16736,.,.,R,15230,R,328,R,15558,R,15520,R,428,R,15948,R,15850,R,328,R,16178,R,16404,R,332,R,16736,.,.,R,50872,R,328,R,51200,R,51838,R,428,R,52266,R,52904,R,328,R,53232,R,55002,R,332,R,55334,.,.,R,1048,R,1048,R,1048,R,1092,R,11996,R,12034,R,12592,R,13171,R,2454,R,2454,R,2454,R,2557,R,11996,R,12034,R,12592,R,13171,R,2454,R,2454,R,2454,R,2557,R,7612,R,7710,R,7868,R,8221
2022,171100,R,16437,R,180,R,548,R,16437,R,180,R,548,R,42427,R,180,R,1414,R,20202,R,180,R,842,R,20202,R,180,R,842,R,39696,R,180,R,1654,Y,.,Y,.,Y,.,Y,.,Y,.,Y,.,Y,.,Y,.,R,31312,R,180,R,58066,R,180,Y,.,Y,.,Y,.,Y,.,R,31312,R,180,R,43550,R,180,Y,.,Y,.,Y,.,Y,.,Y,.,Y,.,Y,.,Y,.,R,31628,R,180,R,47436,R,180,R,41040,R,180,R,45600,R,180,R,14460,R,0,R,14460,R,14460,R,0,R,14460,R,14750,R,0,R,14750,R,15192,R,180,R,15372,.,.,R,14460,R,0,R,14460,R,14460,R,0,R,14460,R,14750,R,0,R,14750,R,15192,R,180,R,15372,.,.,R,39766,R,0,R,39766,R,39766,R,0,R,39766,R,40562,R,0,R,40562,R,41778,R,180,R,41958,.,.,R,1108,R,1154,R,1168,R,1254,R,10522,R,10522,R,10676,R,10990,R,3040,R,3094,R,3140,R,3374,R,10522,R,10522,R,10676,R,10990,R,3040,R,3094,R,3140,R,3374,R,3040,R,3094,R,3140,R,3374
2022,174066,R,14006,R,1853,R,539,R,14006,R,1853,R,539,R,33246,R,1853,R,1279,R,18468,R,1847,R,1539,R,18468,R,1847,R,1539,R,28578,R,1847,R,2382,Y,.,Y,.,Y,.,Y,.,R,55186,R,7842,R,101849,R,7842,R,41919,R,2057,R,62085,R,2057,Y,.,Y,.,Y,.,Y,.,Y,.,Y,.,Y,.,Y,.,R,27864,R,2129,R,40800,R,2129,Y,.,Y,.,Y,.,Y,.,R,30996,R,2279,R,57600,R,2279,R,45504,R,2179,R,54696,R,2179,R,13318,R,1709,R,15027,R,13318,R,1709,R,15027,R,13532,R,1722,R,15254,R,14006,R,1853,R,15859,.,.,R,13318,R,1709,R,15027,R,13318,R,1709,R,15027,R,13532,R,1722,R,15254,R,14006,R,1853,R,15859,.,.,R,31616,R,1709,R,33325,R,31616,R,1709,R,33325,R,32096,R,1722,R,33818,R,33246,R,1853,R,35099,.,.,R,1000,R,1000,R,1000,R,1000,R,10358,R,10358,R,10934,R,11894,R,2434,R,2442,R,2228,R,2346,R,10358,R,10358,R,10934,R,11894,R,2434,R,2442,R,2228,R,2346,R,2434,R,2442,R,2228,R,2346
2022,179867,R,59420,R,1170,R,2476,R,59420,R,1170,R,2476,R,59420,R,1170,R,2476,R,59420,R,1170,R,2476,R,59420,R,1170,R,2476,R,59420,R,1170,R,2476,Y,.,Y,.,Y,.,Y,.,Y,.,Y,.,Y,.,Y,.,R,65976,R,1500,R,65976,R,1500,Y,.,Y,.,Y,.,Y,.,Y,.,Y,.,Y,.,Y,.,Y,.,Y,.,Y,.,Y,.,Y,.,Y,.,Y,.,Y,.,Y,.,Y,.,Y,.,Y,.,R,64488,R,576,R,64488,R,576,R,54250,R,1042,R,55292,R,56300,R,1086,R,57386,R,57750,R,1116,R,58866,R,59420,R,1170,R,60590,.,.,R,54250,R,1042,R,55292,R,56300,R,1086,R,57386,R,57750,R,1116,R,58866,R,59420,R,1170,R,60590,.,.,R,54250,R,1042,R,55292,R,56300,R,1086,R,57386,R,57750,R,1116,R,58866,R,59420,R,1170,R,60590,.,.,R,1126,R,1144,R,1158,R,1180,R,16900,R,17402,R,17900,R,18470,R,3592,R,3654,R,3696,R,3236,R,16900,R,17402,R,17900,R,18470,R,3592,R,3654,R,3696,R,3236,R,5012,R,5098,R,5158,R,5260
2022,182670,R,60687,R,1743,R,8092,R,60687,R,1743,R,8092,R,60687,R,1743,R,8092,R,60687,R,369,R,8092,R,60687,R,369,R,8092,R,60687,R,369,R,8092,Y,.,Y,.,Y,.,Y,.,Y,.,Y,.,Y,.,Y,.,R,67532,R,2539,R,67532,R,2539,Y,.,Y,.,Y,.,Y,.,Y,.,Y,.,Y,.,Y,.,Y,.,Y,.,Y,.,Y,.,Y,.,Y,.,Y,.,Y,.,Y,.,Y,.,Y,.,Y,.,Y,.,Y,.,Y,.,Y,.,R,55605,R,2033,R,57638,R,57796,R,2321,R,60117,R,58953,R,1917,R,60870,R,60687,R,1971,R,62658,.,.,R,55605,R,2033,R,57638,R,57796,R,2321,R,60117,R,58953,R,1917,R,60870,R,60687,R,1971,R,62658,.,.,R,55605,R,2033,R,57638,R,57796,R,2321,R,60117,R,58953,R,1917,R,60870,R,60687,R,1971,R,62658,.,.,R,1100,R,1005,R,1005,R,1005,R,16374,R,17022,R,17586,R,18099,R,2040,R,2040,R,2040,R,2040,A,.,A,.,A,.,A,.,A,.,A,.,A,.,A,.,A,.,A,.,A,.,A,.
2022,185828,R,15198,R,3314,R,579,R,15198,R,3314,R,579,R,31658,R,3314,R,1354,R,21932,R,3292,R,1193,R,21932,R,3292,R,1193,R,32426,R,3292,R,1713,A,.,A,.,A,.,A,.,A,.,A,.,A,.,A,.,A,.,A,.,A,.,A,.,A,.,A,.,A,.,A,.,A,.,A,.,A,.,A,.,A,.,A,.,A,.,A,.,A,.,A,.,A,.,A,.,A,.,A,.,A,.,A,.,A,.,A,.,A,.,A,.,R,14448,R,3226,R,17674,R,14448,R,3226,R,17674,R,14790,R,3226,R,18016,R,15198,R,3314,R,18512,.,.,R,14448,R,3226,R,17674,R,14448,R,3226,R,17674,R,14790,R,3226,R,18016,R,15198,R,3314,R,18512,.,.,R,30160,R,3226,R,33386,R,30160,R,3226,R,33386,R,30808,R,3226,R,34034,R,31658,R,3314,R,34972,.,.,R,2900,R,2900,R,3000,R,2750,R,13900,R,13900,R,14200,R,14600,R,4100,R,4100,R,4100,R,4300,R,14600,R,12400,R,12700,R,12200,R,6300,R,6300,R,6300,R,6500,R,6300,R,6300,R,6300,R,6500
2022,186131,R,57410,R,0,R,1851,R,57410,Z,0,R,1851,R,57410,Z,0,R,1851,R,57410,R,3000,A,.,R,57410,R,3000,A,.,R,57410,R,3000,A,.,A,.,A,.,A,.,A,.,A,.,A,.,A,.,A,.,A,.,A,.,A,.,A,.,A,.,A,.,A,.,A,.,A,.,A,.,A,.,A,.,A,.,A,.,A,.,A,.,A,.,A,.,A,.,A,.,A,.,A,.,A,.,A,.,A,.,A,.,A,.,A,.,R,51870,R,930,R,52800,R,48502,R,0,R,48502,R,56010,R,0,R,56010,R,57410,R,0,R,57410,.,.,R,51870,R,930,R,52800,R,48502,R,0,R,48502,R,56010,R,0,R,56010,R,57410,R,0,R,57410,.,.,R,51870,R,930,R,52800,R,48502,R,0,R,48502,R,56010,R,0,R,56010,R,57410,R,0,R,57410,.,.,R,1050,R,1050,R,1050,R,1050,R,17150,R,15342,R,18180,R,18630,R,3150,R,3150,R,3250,R,3325,A,.,A,.,A,.,A,.,A,.,A,.,A,.,A,.,A,.,A,.,A,.,A,.
2022,186371,R,12900,R,3212,R,416,R,12900,R,3212,R,416,R,30600,R,3212,R,994,R,18696,R,2552,R,779,R,18696,R,2552,R,779,R,30816,R,2552,R,1284,Y,.,Y,.,Y,.,Y,.,Y,.,Y,.,Y,.,Y,.,Y,.,Y,.,Y,.,Y,.,Y,.,Y,.,Y,.,Y,.,Y,.,Y,.,Y,.,Y,.,Y,.,Y,.,Y,.,Y,.,Y,.,Y,.,Y,.,Y,.,Y,.,Y,.,Y,.,Y,.,R,27083,R,3543,R,41053,R,3543,R,12230,R,3034,R,15264,R,12230,R,2647,R,14877,R,12536,R,3121,R,15657,R,12900,R,3212,R,16112,.,.,R,12230,R,3034,R,15264,R,12230,R,2647,R,14877,R,12536,R,3121,R,15657,R,12900,R,3212,R,16112,.,.,R,28466,R,3034,R,31500,R,28466,R,2647,R,31113,R,29178,R,3121,R,32299,R,30600,R,3212,R,33812,.,.,R,1350,R,1350,R,1350,R,1350,R,12691,R,12691,R,12652,R,12923,R,3625,R,3574,R,3574,R,4244,R,16434,R,16706,R,16870,R,17878,R,6041,R,6641,R,6641,R,11418,R,6041,R,6641,R,6641,R,11418
2022,186380,R,12900,R,3363,R,416,R,12900,R,3363,R,416,R,30600,R,3363,R,994,R,18696,R,2382,R,779,R,18696,R,2382,R,779,R,31800,R,2382,R,1325,Y,.,Y,.,Y,.,Y,.,R,58055,R,15442,R,94062,R,15442,R,44435,R,3070,R,68564,R,3070,Y,.,Y,.,Y,.,Y,.,Y,.,Y,.,Y,.,Y,.,R,19999,R,2637,R,39353,R,2637,Y,.,Y,.,Y,.,Y,.,Y,.,Y,.,Y,.,Y,.,Y,.,Y,.,Y,.,Y,.,R,12230,R,3177,R,15407,R,12230,R,2773,R,15003,R,12536,R,3268,R,15804,R,12900,R,3363,R,16263,.,.,R,12230,R,3177,R,15407,R,12230,R,2773,R,15003,R,12536,R,3268,R,15804,R,12900,R,3363,R,16263,.,.,R,29012,R,3177,R,32189,R,29012,R,2773,R,31785,R,29737,R,3268,R,33005,R,30600,R,3363,R,33963,.,.,R,1350,R,1350,R,1350,R,1350,R,13075,R,13075,R,13402,R,13909,R,3625,R,3574,R,3574,R,4244,R,16434,R,16706,R,16870,R,17878,R,6041,R,6641,R,6641,R,11418,R,6041,R,6641,R,6641,R,11418
2022,186399,R,12900,R,2748,R,416,R,12900,R,2748,R,416,R,30600,R,2748,R,994,R,18696,R,2364,R,779,R,18696,R,2364,R,779,R,31800,R,2364,R,1325,Y,.,Y,.,Y,.,Y,.,Y,.,Y,.,Y,.,Y,.,Y,.,Y,.,Y,.,Y,.,Y,.,Y,.,Y,.,Y,.,Y,.,Y,.,Y,.,Y,.,Y,.,Y,.,Y,.,Y,.,Y,.,Y,.,Y,.,Y,.,Y,.,Y,.,Y,.,Y,.,R,27083,R,3263,R,41053,R,3263,R,12230,R,2596,R,14826,R,12230,R,2272,R,14502,R,12536,R,2672,R,15208,R,12900,R,2748,R,15648,.,.,R,12230,R,2596,R,14826,R,12230,R,2272,R,14502,R,12536,R,2672,R,15208,R,12900,R,2748,R,15648,.,.,R,29012,R,2596,R,31608,R,29012,R,2272,R,31284,R,29737,R,2672,R,32409,R,30600,R,2748,R,33348,.,.,R,1350,R,1350,R,1350,R,1350,R,13929,R,13929,R,13930,R,14343,R,3625,R,3574,R,3574,R,4244,R,16434,R,16706,R,16870,R,17878,R,6041,R,6641,R,6641,R,11418,R,6041,R,6641,R,6641,R,11418
2022,186867,R,56424,R,2200,R,1882,R,56424,R,2200,R,1882,R,56424,R,2200,R,1882,R,39408,R,1532,R,1776,R,39408,R,1532,R,1776,R,39408,R,1532,R,1776,A,.,A,.,A,.,A,.,A,.,A,.,A,.,A,.,A,.,A,.,A,.,A,.,A,.,A,.,A,.,A,.,A,.,A,.,A,.,A,.,A,.,A,.,A,.,A,.,A,.,A,.,A,.,A,.,A,.,A,.,A,.,A,.,A,.,A,.,A,.,A,.,R,52134,R,1880,R,54014,R,53828,R,2124,R,55952,R,54780,R,2140,R,56920,R,56424,R,2200,R,58624,.,.,R,52134,R,1880,R,54014,R,53828,R,2124,R,55952,R,54780,R,2140,R,56920,R,56424,R,2200,R,58624,.,.,R,52134,R,1880,R,54014,R,53828,R,2124,R,55952,R,54780,R,2140,R,56920,R,56424,R,2200,R,58624,.,.,R,1200,R,1200,R,1200,R,1200,R,15770,R,16244,R,16600,R,17080,R,1050,R,1020,R,1050,R,1050,R,15770,R,16244,R,16600,R,17080,R,1050,R,1050,R,1050,R,1050,R,1550,R,1550,R,1550,R,1550
2022,190415,R,62456,R,744,R,1680,R,62456,R,744,R,1680,R,62456,R,744,R,1680,R,29500,R,519,R,1680,R,29500,R,519,R,1680,R,29500,R,519,R,1680,Y,.,Y,.,Y,.,Y,.,Y,.,Y,.,Y,.,Y,.,Y,.,Y,.,Y,.,Y,.,Y,.,Y,.,Y,.,Y,.,Y,.,Y,.,Y,.,Y,.,Y,.,Y,.,Y,.,Y,.,Y,.,Y,.,Y,.,Y,.,R,74098,R,519,R,74098,R,519,R,71522,R,519,R,71522,R,519,R,56550,R,672,R,57222,R,58586,R,696,R,59282,R,60286,R,729,R,61015,R,62456,R,744,R,63200,.,.,R,56550,R,672,R,57222,R,58586,R,696,R,59282,R,60286,R,729,R,61015,R,62456,R,744,R,63200,.,.,R,56550,R,672,R,57222,R,58586,R,696,R,59282,R,60286,R,729,R,61015,R,62456,R,744,R,63200,.,.,R,970,R,990,R,1000,R,1000,R,15246,R,15756,R,16396,R,16988,R,1850,R,2964,R,1876,R,2008,R,15246,R,15396,R,16396,R,16988,R,1850,R,2964,R,1876,R,2008,R,1850,R,3324,R,3576,R,4782
2022,191241,R,56920,R,1162,R,973,R,56920,R,1162,R,973,R,56920,R,1162,R,973,R,23112,R,838,R,963,R,23112,R,838,R,963,R,23112,R,838,R,963,Y,.,Y,.,Y,.,Y,.,Y,.,Y,.,Y,.,Y,.,Y,.,Y,.,Y,.,Y,.,Y,.,Y,.,Y,.,Y,.,Y,.,Y,.,Y,.,Y,.,Y,.,Y,.,Y,.,Y,.,Y,.,Y,.,Y,.,Y,.,Y,.,Y,.,Y,.,Y,.,R,68156,R,1010,R,68156,R,1010,R,52980,R,1413,R,54393,R,54730,R,1431,R,56161,R,54730,R,1431,R,56161,R,56920,R,1547,R,58467,.,.,R,52980,R,1413,R,54393,R,54730,R,1431,R,56161,R,54730,R,1431,R,56161,R,56920,R,1547,R,58467,.,.,R,52980,R,1413,R,54393,R,54730,R,1431,R,56161,R,54730,R,1431,R,56161,R,56920,R,1547,R,58467,.,.,R,1039,R,1040,R,1040,R,1040,R,18510,R,19065,R,21035,R,21060,R,2949,R,2950,R,2950,R,3099,R,12438,R,12438,R,12438,R,13743,R,2919,R,2920,R,2920,R,3068,R,2887,R,2888,R,2888,R,3029
2022,193900,R,55384,R,2784,R,1630,R,55384,R,2784,R,1630,R,55384,R,2784,R,1630,R,37332,R,2260,R,2074,R,37332,R,2260,R,2074,R,37332,R,2260,R,2074,Y,.,Y,.,Y,.,Y,.,R,92248,R,2840,R,92248,R,2840,R,59485,R,3950,R,59485,R,3950,Y,.,Y,.,Y,.,Y,.,Y,.,Y,.,Y,.,Y,.,Y,.,Y,.,Y,.,Y,.,Y,.,Y,.,Y,.,Y,.,Y,.,Y,.,Y,.,Y,.,R,73216,R,2840,R,73216,R,2840,R,50684,R,2624,R,53308,R,52204,R,2676,R,54880,R,53770,R,2730,R,56500,R,55384,R,2784,R,58168,.,.,R,50684,R,2624,R,53308,R,52204,R,2676,R,54880,R,53770,R,2730,R,56500,R,55384,R,2784,R,58168,.,.,R,50684,R,2624,R,53308,R,52204,R,2676,R,54880,R,53770,R,2730,R,56500,R,55384,R,2784,R,58168,.,.,R,752,R,718,R,718,R,752,R,18684,R,19244,R,19682,R,20272,R,2758,R,2790,R,2846,R,2903,R,18684,R,19244,R,19682,R,20272,R,2758,R,2790,R,2846,R,2903,R,2758,R,2790,R,2846,R,2903
2022,194824,R,58600,R,1474,R,2440,R,58600,R,1474,R,2440,R,58600,R,1474,R,2440,R,58600,R,3073,R,2440,R,58600,R,3073,R,2440,R,58600,R,3073,R,2440,A,.,A,.,A,.,A,.,A,.,A,.,A,.,A,.,A,.,A,.,A,.,A,.,A,.,A,.,A,.,A,.,A,.,A,.,A,.,A,.,A,.,A,.,A,.,A,.,A,.,A,.,A,.,A,.,A,.,A,.,A,.,A,.,A,.,A,.,A,.,A,.,R,54000,R,1378,R,55378,R,55600,R,1412,R,57012,R,57100,R,1426,R,58526,R,58600,R,1474,R,60074,.,.,R,54000,R,1378,R,55378,R,55600,R,1412,R,57012,R,57100,R,1426,R,58526,R,58600,R,1474,R,60074,.,.,R,54000,R,1378,R,55378,R,55600,R,1412,R,57012,R,57100,R,1426,R,58526,R,58600,R,1474,R,60074,.,.,R,1250,R,1250,R,1250,R,1260,R,15580,R,15954,R,16379,R,16980,R,1608,R,1608,R,1608,R,1620,A,.,A,.,A,.,A,.,A,.,A,.,A,.,A,.,A,.,A,.,A,.,A,.
2022,195003,R,52740,R,798,R,1817,R,52740,R,798,R,1817,R,52740,R,798,R,1817,R,54176,R,798,R,2257,R,54176,R,798,R,2257,R,54176,R,798,R,2257,A,.,A,.,A,.,A,.,A,.,A,.,A,.,A,.,A,.,A,.,A,.,A,.,A,.,A,.,A,.,A,.,A,.,A,.,A,.,A,.,A,.,A,.,A,.,A,.,A,.,A,.,A,.,A,.,A,.,A,.,A,.,A,.,A,.,A,.,A,.,A,.,R,45244,R,646,R,45890,R,50564,R,676,R,51240,R,52030,R,726,R,52756,R,53720,R,798,R,54518,.,.,R,45244,R,646,R,45890,R,50564,R,676,R,51240,R,52030,R,726,R,52756,R,53720,R,798,R,54518,.,.,R,45244,R,646,R,45890,R,50564,R,676,R,51240,R,52030,R,726,R,52756,R,53720,R,798,R,54518,.,.,R,1098,R,1098,R,1098,R,1100,R,13540,R,13976,R,14432,R,14978,R,946,R,946,R,946,R,1700,R,13540,R,13976,R,14432,R,14978,R,946,R,946,R,946,R,1700,R,1208,R,1252,R,1252,R,1330
2022,195030,R,60550,R,1128,R,1890,R,60550,R,1128,R,1890,R,60550,R,1128,R,1890,R,41888,R,780,R,1890,R,41888,R,780,R,1890,R,41888,R,780,R,1890,Y,.,Y,.,Y,.,Y,.,Y,.,Y,.,Y,.,Y,.,R,65920,R,2537,R,65920,R,2537,Y,.,Y,.,Y,.,Y,.,Y,.,Y,.,Y,.,Y,.,Y,.,Y,.,Y,.,Y,.,Y,.,Y,.,Y,.,Y,.,Y,.,Y,.,Y,.,Y,.,Y,.,Y,.,Y,.,Y,.,R,55040,R,990,R,56030,R,57188,R,1053,R,58241,R,58276,R,1068,R,59344,R,60550,R,1128,R,61678,.,.,R,55040,R,990,R,56030,R,57188,R,1053,R,58241,R,58276,R,1068,R,59344,R,60550,R,1128,R,61678,.,.,R,55040,R,990,R,56030,R,57188,R,1053,R,58241,R,58276,R,1068,R,59344,R,60550,R,1128,R,61678,.,.,R,1310,R,1310,R,1310,R,1310,R,16470,R,17064,R,17456,R,18232,R,1380,R,1380,R,1380,R,1380,A,.,A,.,A,.,A,.,A,.,A,.,A,.,A,.,A,.,A,.,A,.,A,.
2022,196079,R,7070,R,3293,R,295,R,7070,R,3293,R,295,R,24910,R,3293,R,1038,R,11310,R,2470,R,471,R,11310,R,2470,R,471,R,23100,R,2470,R,963,Y,.,Y,.,Y,.,Y,.,Y,.,Y,.,Y,.,Y,.,Y,.,Y,.,Y,.,Y,.,Y,.,Y,.,Y,.,Y,.,Y,.,Y,.,Y,.,Y,.,R,26450,R,2319,R,37140,R,2319,Y,.,Y,.,Y,.,Y,.,Y,.,Y,.,Y,.,Y,.,Y,.,Y,.,Y,.,Y,.,R,7070,R,3131,R,10201,R,7070,R,2944,R,10014,R,7070,R,3320,R,10390,R,7070,R,3293,R,10363,.,.,R,7070,R,3131,R,10201,R,7070,R,2944,R,10014,R,7070,R,3320,R,10390,R,7070,R,3293,R,10363,.,.,R,24660,R,3131,R,27791,R,24660,R,2944,R,27604,R,23100,R,3320,R,26420,R,24910,R,3293,R,28203,.,.,R,1000,R,1000,R,1000,R,1000,R,16068,R,15601,R,17064,R,17506,R,1000,R,1000,R,1000,R,1000,R,16068,R,16068,R,17064,R,17506,R,1000,R,1000,R,1000,R,1000,R,2195,R,2195,R,2195,R,2195
2022,196088,R,7070,R,3712,R,295,R,7070,R,3712,R,295,R,24990,R,3712,R,1041,R,11310,R,3078,R,471,R,11310,R,3078,R,471,R,23100,R,3078,R,963,Y,.,Y,.,Y,.,Y,.,R,36900,R,3058,R,63580,R,3058,R,43670,R,3258,R,65160,R,3258,Y,.,Y,.,Y,.,Y,.,Y,.,Y,.,Y,.,Y,.,R,26450,R,3038,R,37140,R,3038,Y,.,Y,.,Y,.,Y,.,Y,.,Y,.,Y,.,Y,.,R,25410,R,3078,R,30250,R,3078,R,7070,R,3454,R,10524,R,7070,R,3456,R,10526,R,7070,R,3712,R,10782,R,7070,R,3712,R,10782,.,.,R,7070,R,3454,R,10524,R,7070,R,3456,R,10526,R,7070,R,3712,R,10782,R,7070,R,3712,R,10782,.,.,R,24740,R,3454,R,28194,R,24740,R,3456,R,28196,R,24990,R,3712,R,28702,R,24990,R,3712,R,28702,.,.,R,1203,R,1202,R,1202,R,1300,R,14134,R,14136,R,15452,R,16212,R,2805,R,2804,R,2804,R,2972,R,14134,R,14136,R,15452,R,14672,R,2805,R,2804,R,2804,R,2972,R,2805,R,2804,R,2804,R,2972
2022,196097,R,7070,R,3490,R,295,R,7070,R,3490,R,295,R,24990,R,3490,R,1041,R,11310,R,2633,R,471,R,11310,R,2633,R,471,R,23100,R,2633,R,963,Y,.,Y,.,Y,.,Y,.,R,36900,R,14158,R,63580,R,14158,R,43670,R,4209,R,65160,R,4209,Y,.,Y,.,Y,.,Y,.,Y,.,Y,.,Y,.,Y,.,Y,.,Y,.,Y,.,Y,.,Y,.,Y,.,Y,.,Y,.,Y,.,Y,.,Y,.,Y,.,Y,.,Y,.,Y,.,Y,.,R,7070,R,3105,R,10175,R,7070,R,3021,R,10091,R,7070,R,3385,R,10455,R,7070,R,3490,R,10560,.,.,R,7070,R,3105,R,10175,R,7070,R,3021,R,10091,R,7070,R,3385,R,10455,R,7070,R,3490,R,10560,.,.,R,24740,R,3105,R,27845,R,24740,R,3021,R,27761,R,24990,R,3385,R,28375,R,24990,R,3490,R,28480,.,.,R,900,R,900,R,900,R,900,R,14278,R,14884,R,15498,R,16408,R,1868,R,1868,R,2420,R,2650,R,14151,R,15572,R,16168,R,16732,R,5336,R,5336,R,6664,R,6894,R,5336,R,5336,R,6664,R,6894
2022,196413,R,58440,R,1695,R,2544,R,58440,R,1695,R,2544,R,58440,R,1695,R,2544,R,43428,R,1362,R,1802,R,43428,R,1362,R,1802,R,43428,R,1362,R,1802,Y,.,Y,.,Y,.,Y,.,Y,.,Y,.,Y,.,Y,.,Y,.,Y,.,Y,.,Y,.,Y,.,Y,.,Y,.,Y,.,Y,.,Y,.,Y,.,Y,.,Y,.,Y,.,Y,.,Y,.,Y,.,Y,.,Y,.,Y,.,Y,.,Y,.,Y,.,Y,.,R,57290,R,2632,R,57290,R,2632,R,52210,R,1639,R,53849,R,54270,R,1656,R,55926,R,55920,R,1671,R,57591,R,58440,R,1695,R,60135,.,.,R,52210,R,1639,R,53849,R,54270,R,1656,R,55926,R,55920,R,1671,R,57591,R,58440,R,1695,R,60135,.,.,R,52210,R,1639,R,53849,R,54270,R,1656,R,55926,R,55920,R,1671,R,57591,R,58440,R,1695,R,60135,.,.,R,1536,R,1564,R,1582,R,1690,R,15910,R,16356,R,16895,R,17170,R,1774,R,1806,R,1828,R,1952,R,15910,R,16356,R,16895,R,17170,R,1774,R,1806,R,1828,R,1952,R,1774,R,1806,R,1828,R,1952
2022,197708,R,45200,R,3600,R,1625,R,45200,R,3600,R,1625,R,45200,R,3600,R,1625,R,34800,R,350,R,1165,R,34800,R,350,R,1165,R,34800,R,350,R,1165,Y,.,Y,.,Y,.,Y,.,Y,.,Y,.,Y,.,Y,.,Y,.,Y,.,Y,.,Y,.,Y,.,Y,.,Y,.,Y,.,Y,.,Y,.,Y,.,Y,.,Y,.,Y,.,Y,.,Y,.,Y,.,Y,.,Y,.,Y,.,Y,.,Y,.,Y,.,Y,.,R,67792,R,670,R,67792,R,670,R,42200,R,2700,R,44900,R,43575,R,2900,R,46475,R,44300,R,3200,R,47500,R,45200,R,3600,R,48800,.,.,R,42200,R,2700,R,44900,R,43575,R,2900,R,46475,R,44300,R,3200,R,47500,R,45200,R,3600,R,48800,.,.,R,42200,R,2700,R,44900,R,43575,R,2900,R,46475,R,44300,R,3200,R,47500,R,45200,R,3600,R,48800,.,.,R,1250,R,1250,R,1250,R,1250,R,12500,R,12750,R,13000,R,13850,R,5400,R,5400,R,5400,R,5400,R,13283,R,13283,R,13283,R,13283,R,5400,R,5400,R,5400,R,5400,R,2363,R,2363,R,2363,R,2363
2022,198419,R,60435,R,2253,R,1888,R,60435,R,2253,R,1888,R,60435,R,2253,R,1888,R,60220,R,1302,R,3495,R,60220,R,1302,R,3495,R,60220,R,1302,R,3495,Y,.,Y,.,Y,.,Y,.,Y,.,Y,.,Y,.,Y,.,R,65526,R,1427,R,65526,R,1427,Y,.,Y,.,Y,.,Y,.,Y,.,Y,.,Y,.,Y,.,Y,.,Y,.,Y,.,Y,.,Y,.,Y,.,Y,.,Y,.,Y,.,Y,.,Y,.,Y,.,R,71100,R,1412,R,71100,R,1412,R,55880,R,2243,R,58123,R,55880,R,2054,R,57934,R,58085,R,2159,R,60244,R,60435,R,2253,R,62688,.,.,R,55880,R,2243,R,58123,R,55880,R,2054,R,57934,R,58085,R,2159,R,60244,R,60435,R,2253,R,62688,.,.,R,55880,R,2243,R,58123,R,55880,R,2054,R,57934,R,58085,R,2159,R,60244,R,60435,R,2253,R,62688,.,.,R,1434,R,1434,R,1434,R,1434,R,16313,R,17484,R,17484,R,16651,R,1976,R,1976,R,1976,R,1976,A,.,A,.,A,.,A,.,A,.,A,.,A,.,A,.,A,.,R,11791,A,.,A,.
2022,199120,R,7019,R,1970,R,292,R,7019,R,1970,R,292,R,35580,R,1970,R,1483,R,10552,R,1975,R,586,R,10552,R,1975,R,586,R,28844,R,1975,R,1602,Y,.,Y,.,Y,.,Y,.,R,35609,R,5055,R,62690,R,5055,R,32746,R,1960,R,60706,R,1960,Y,.,Y,.,Y,.,Y,.,Y,.,Y,.,Y,.,Y,.,R,22387,R,1959,R,45514,R,1959,Y,.,Y,.,Y,.,Y,.,Y,.,Y,.,Y,.,Y,.,R,21141,R,3350,R,41353,R,3350,R,7019,R,1961,R,8980,R,7019,R,1961,R,8980,R,7019,R,2009,R,9028,R,7019,R,1970,R,8989,0,.,R,7019,R,1961,R,8980,R,7019,R,1961,R,8980,R,7019,R,2009,R,9028,R,7019,R,1970,R,8989,0,.,R,34198,R,1961,R,36159,R,34198,R,1961,R,36159,R,34882,R,2009,R,36891,R,35580,R,1970,R,37550,.,.,R,972,R,990,R,1002,R,1290,R,11526,R,11740,R,11882,R,12254,R,2750,R,2836,R,2858,R,2716,R,11526,R,11740,R,11882,R,12254,R,2750,R,2836,R,2858,R,2716,R,2750,R,2836,R,2858,R,2716
2022,199193,R,6535,R,2593,R,272,R,6535,R,2593,R,272,R,28276,R,2593,R,1178,R,9095,R,2605,R,505,R,9095,R,2605,R,505,R,28301,R,2605,R,1572,Y,.,Y,.,Y,.,Y,.,Y,.,Y,.,Y,.,Y,.,Y,.,Y,.,Y,.,Y,.,Y,.,Y,.,Y,.,Y,.,Y,.,Y,.,Y,.,Y,.,Y,.,Y,.,Y,.,Y,.,Y,.,Y,.,Y,.,Y,.,R,17039,R,2605,R,46960,R,2605,Y,.,Y,.,Y,.,Y,.,R,6535,R,2566,R,9101,R,6535,R,2566,R,9101,R,6535,R,2596,R,9131,R,6535,R,2593,R,9128,0,.,R,6535,R,2566,R,9101,R,6535,R,2566,R,9101,R,6535,R,2596,R,9131,R,6535,R,2593,R,9128,0,.,R,26654,R,2566,R,29220,R,26654,R,2566,R,29220,R,27320,R,2596,R,29916,R,28276,R,2593,R,30869,.,.,R,1082,R,1082,R,1094,R,854,R,11359,R,11602,R,11957,R,12748,R,2717,R,2770,R,2804,R,3022,R,11359,R,11602,R,11957,R,12748,R,2717,R,2770,R,2804,R,3022,R,7362,R,7603,R,7787,R,8338
2022,199847,R,61012,R,1116,R,2542,R,61012,R,1116,R,2542,R,61012,R,1116,R,2542,R,38650,R,678,R,1610,R,38650,R,678,R,1610,R,38650,R,678,R,1610,Y,.,Y,.,Y,.,Y,.,Y,.,Y,.,Y,.,Y,.,R,62425,Z,0,R,62425,Z,0,Y,.,Y,.,Y,.,Y,.,Y,.,Y,.,Y,.,Y,.,Y,.,Y,.,Y,.,Y,.,Y,.,Y,.,Y,.,Y,.,Y,.,Y,.,Y,.,Y,.,R,51000,R,1028,R,51000,R,1028,R,54430,R,1010,R,55440,R,56722,R,1038,R,57760,R,58708,R,1062,R,59770,R,61012,R,1116,R,62128,.,.,R,54430,R,1010,R,55440,R,56722,R,1038,R,57760,R,58708,R,1062,R,59770,R,61012,R,1116,R,62128,.,.,R,54430,R,1010,R,55440,R,56722,R,1038,R,57760,R,58708,R,1062,R,59770,R,61012,R,1116,R,62128,.,.,R,1500,R,1500,R,1500,R,1500,R,15018,R,15520,R,16044,R,16652,R,2400,R,2498,R,2572,R,2708,R,15018,R,15520,R,16044,R,16652,R,2400,R,2498,R,2572,R,2708,R,1770,R,1830,R,2390,R,2502
2022,201645,R,61040,R,544,R,2544,R,61040,R,544,R,2544,R,61040,R,544,R,2544,R,50838,R,40,R,2119,R,50838,R,40,R,2119,R,50838,R,40,R,2119,Y,.,Y,.,Y,.,Y,.,R,80760,R,1400,R,80760,R,1400,R,68788,R,1286,R,68788,R,1286,Y,.,Y,.,Y,.,Y,.,Y,.,Y,.,Y,.,Y,.,Y,.,Y,.,Y,.,Y,.,Y,.,Y,.,Y,.,Y,.,Y,.,Y,.,Y,.,Y,.,R,58500,R,308,R,58500,R,308,R,50450,R,474,R,50924,R,52448,R,500,R,52948,R,54020,R,512,R,54532,R,61040,R,544,R,61584,.,.,R,50450,R,474,R,50924,R,52448,R,500,R,52948,R,54020,R,512,R,54532,R,61040,R,544,R,61584,.,.,R,50450,R,474,R,50924,R,52448,R,500,R,52948,R,54020,R,512,R,54532,R,61040,R,544,R,61584,.,.,R,1200,R,1200,R,1200,R,1200,R,15614,R,16080,R,16482,R,17220,R,1900,R,1900,R,1900,R,2000,R,9260,R,9260,R,9390,R,10048,R,1900,R,1900,R,1900,R,1900,R,4170,R,4170,R,4170,R,4170
2022,204796,R,11525,R,960,R,480,R,11525,R,960,R,480,R,35782,R,960,R,1490,R,12092,R,905,R,756,R,12092,R,905,R,756,R,38693,R,905,R,2418,Y,.,Y,.,Y,.,Y,.,R,42072,R,6137,R,89324,R,6137,R,30124,R,957,R,55044,R,957,R,27474,R,2157,R,48530,R,2157,Y,.,Y,.,Y,.,Y,.,R,25808,R,905,R,53819,R,905,Y,.,Y,.,Y,.,Y,.,R,33466,R,1460,R,74390,R,1460,R,32456,R,904,R,47708,R,904,R,10197,R,887,R,11084,R,10615,R,903,R,11518,R,11018,R,918,R,11936,R,11525,R,960,R,12485,0,0,R,10197,R,887,R,11084,R,10615,R,903,R,11518,R,11018,R,918,R,11936,R,11525,R,960,R,12485,0,0,R,31174,R,887,R,32061,R,32599,R,903,R,33502,R,34101,R,918,R,35019,R,35762,R,960,R,36722,.,.,R,1082,R,1082,R,1012,R,1012,R,12748,R,13066,R,13392,R,14006,R,2998,R,2998,R,2682,R,2682,R,11700,R,11700,R,11952,R,11952,R,3014,R,3014,R,2896,R,2896,R,4956,R,4956,R,4858,R,4858
2022,211440,R,59864,R,990,R,832,R,59864,R,990,R,832,R,59864,R,990,R,832,R,47629,R,928,R,648,R,47629,R,928,R,648,R,47629,R,928,R,648,A,.,A,.,A,.,A,.,A,.,A,.,A,.,A,.,A,.,A,.,A,.,A,.,A,.,A,.,A,.,A,.,A,.,A,.,A,.,A,.,A,.,A,.,A,.,A,.,A,.,A,.,A,.,A,.,A,.,A,.,A,.,A,.,A,.,A,.,A,.,A,.,R,55816,R,1303,R,57119,R,57560,R,1364,R,58924,R,57560,R,1364,R,58924,R,59864,R,1480,R,61344,.,.,R,55816,R,1303,R,57119,R,57560,R,1364,R,58924,R,57560,R,1364,R,58924,R,59864,R,1480,R,61344,.,.,R,55816,R,1303,R,57119,R,57560,R,1364,R,58924,R,57560,R,1364,R,58924,R,59864,R,1480,R,61344,.,.,R,1000,R,1000,R,1000,R,1000,R,14972,R,15550,R,16150,R,16486,R,1400,R,1400,R,1400,R,1400,R,14162,R,14740,R,14340,R,14986,R,1400,R,1400,R,1400,R,1400,R,2080,R,2080,R,2080,R,2080
2022,212054,R,56595,R,2370,R,1273,R,56595,R,2370,R,1273,R,56595,R,2370,R,1273,R,36234,R,840,R,1342,R,36234,R,840,R,1342,R,36234,R,840,R,1342,Y,.,Y,.,Y,.,Y,.,Y,.,Y,.,Y,.,Y,.,R,62564,R,2027,R,62564,R,2027,Y,.,Y,.,Y,.,Y,.,Y,.,Y,.,Y,.,Y,.,Y,.,Y,.,Y,.,Y,.,Y,.,Y,.,Y,.,Y,.,Y,.,Y,.,Y,.,Y,.,R,50700,R,420,R,50700,R,420,R,52146,R,2370,R,54516,R,53868,R,2370,R,56238,R,54766,R,2370,R,57136,R,56595,R,2370,R,58965,.,.,R,52146,R,2370,R,54516,R,53868,R,2370,R,56238,R,54766,R,2370,R,57136,R,56595,R,2370,R,58965,.,.,R,52146,R,2370,R,54516,R,53868,R,2370,R,56238,R,54766,R,2370,R,57136,R,56595,R,2370,R,58965,.,.,R,1700,R,1700,R,1700,R,1700,R,14241,R,16008,R,16488,R,16980,R,1200,R,1200,R,1200,R,1500,R,14241,R,17262,R,17442,R,17625,R,1200,R,1200,R,1200,R,1500,R,1200,R,1200,R,1200,R,1500
2022,213543,R,58970,R,960,R,2460,R,58970,R,960,R,2460,R,58970,R,960,R,2460,R,27000,R,200,R,1500,R,27000,R,200,R,1500,R,27000,R,200,R,1500,A,.,A,.,A,.,A,.,A,.,A,.,A,.,A,.,A,.,A,.,A,.,A,.,A,.,A,.,A,.,A,.,A,.,A,.,A,.,A,.,A,.,A,.,A,.,A,.,A,.,A,.,A,.,A,.,A,.,A,.,A,.,A,.,A,.,A,.,A,.,A,.,R,54790,R,450,R,55240,R,54790,R,470,R,55260,R,56980,R,490,R,57470,R,58970,R,960,R,59930,.,.,R,54790,R,450,R,55240,R,54790,R,470,R,55260,R,56980,R,490,R,57470,R,58970,R,960,R,59930,.,.,R,54790,R,450,R,55240,R,54790,R,470,R,55260,R,56980,R,490,R,57470,R,58970,R,960,R,59930,.,.,R,1000,R,1000,R,1000,R,1000,R,14160,R,14740,R,15330,R,15890,R,1065,R,1065,R,1065,R,1065,R,14160,R,14740,R,15330,R,15890,R,1065,R,1065,R,1065,R,1065,R,1065,R,1065,R,1065,R,1065
2022,214777,R,19286,R,549,R,804,R,19286,R,549,R,804,R,38102,R,549,R,1588,R,24466,R,549,R,1019,R,24466,R,549,R,1019,R,41602,R,549,R,1733,Y,.,Y,.,Y,.,Y,.,Y,.,Y,.,Y,.,Y,.,R,55504,R,72,R,55504,R,72,Y,.,Y,.,Y,.,Y,.,Y,.,Y,.,Y,.,Y,.,Y,.,Y,.,Y,.,Y,.,Y,.,Y,.,Y,.,Y,.,Y,.,Y,.,Y,.,Y,.,R,54744,R,600,R,54744,R,600,R,17416,R,1034,R,18450,R,17920,R,530,R,18450,R,18368,R,530,R,18898,R,19286,R,549,R,19835,.,.,R,17416,R,1034,R,18450,R,17920,R,530,R,18450,R,18368,R,530,R,18898,R,19286,R,549,R,19835,.,.,R,34480,R,1034,R,35514,R,34984,R,530,R,35514,R,35946,R,530,R,36476,R,38102,R,549,R,38651,.,.,R,1840,R,1840,R,1840,R,1840,R,11884,R,12318,R,12744,R,12984,R,4788,R,4788,R,4788,R,4788,R,11884,R,12318,R,12744,R,12984,R,4788,R,4788,R,4788,R,4788,R,4104,R,4104,R,4104,R,4104
2022,215062,R,56212,R,7240,R,2000,R,56212,R,7240,R,2000,R,56212,R,7240,R,2000,R,39838,R,4324,R,1962,R,39838,R,4324,R,1962,R,39838,R,4324,R,1962,Y,.,Y,.,Y,.,Y,.,R,83122,R,5406,R,83122,R,5406,R,63434,R,5774,R,63434,R,5774,Y,.,Y,.,Y,.,Y,.,Y,.,Y,.,Y,.,Y,.,Y,.,Y,.,Y,.,Y,.,Y,.,Y,.,Y,.,Y,.,R,50464,R,5612,R,60464,R,5612,R,67550,R,5458,R,67550,R,5458,R,51156,R,6614,R,57770,R,53166,R,6876,R,60042,R,54652,R,7058,R,61710,R,56212,R,7240,R,63452,.,.,R,51156,R,6614,R,57770,R,53166,R,6876,R,60042,R,54652,R,7058,R,61710,R,56212,R,7240,R,63452,.,.,R,51156,R,6614,R,57770,R,53166,R,6876,R,60042,R,54652,R,7058,R,61710,R,56212,R,7240,R,63452,.,.,R,1358,R,1358,R,1358,R,1358,R,16190,R,16784,R,17304,R,17888,R,2868,R,2926,R,2926,R,3040,R,14406,R,14502,R,14502,R,15284,R,2868,R,2926,R,2926,R,3040,R,2868,R,2926,R,2926,R,3040
2022,215293,R,19760,R,1320,R,823,R,19760,R,1320,R,823,R,36000,R,1320,R,1500,R,24962,R,1180,R,1003,R,24962,R,1180,R,1003,R,42324,R,1180,R,1728,Y,.,Y,.,Y,.,Y,.,R,53432,R,1180,R,64070,R,1180,R,61194,R,1180,R,63576,R,1180,Y,.,Y,.,Y,.,Y,.,Y,.,Y,.,Y,.,Y,.,R,34762,R,1180,R,39968,R,1180,Y,.,Y,.,Y,.,Y,.,Y,.,Y,.,Y,.,Y,.,R,37090,R,1180,R,47734,R,1180,R,18628,R,1090,R,19718,R,18628,R,1050,R,19678,R,19092,R,1270,R,20362,R,19760,R,1320,R,21080,.,.,R,18628,R,1090,R,19718,R,18629,R,1050,R,19679,R,19092,R,1270,R,20362,R,19760,R,1320,R,21080,.,.,R,32656,R,1090,R,33746,R,32656,R,1050,R,33706,R,34124,R,1270,R,35394,R,36000,R,1320,R,37320,.,.,R,755,R,716,R,716,R,716,R,11250,R,11250,R,11820,R,12360,R,2686,R,3502,R,3502,R,2872,R,11814,R,11814,R,11814,R,12268,R,2686,R,3502,R,3502,R,2872,R,2686,R,3502,R,3502,R,2872
2022,216597,R,60768,R,850,R,967,R,60768,R,850,R,967,R,60768,R,850,R,967,R,21207,R,100,R,1116,R,21207,R,100,R,1116,R,21207,R,100,R,1116,Y,.,Y,.,Y,.,Y,.,Y,.,Y,.,Y,.,Y,.,Y,.,Y,.,Y,.,Y,.,Y,.,Y,.,Y,.,Y,.,Y,.,Y,.,Y,.,Y,.,Y,.,Y,.,Y,.,Y,.,Y,.,Y,.,Y,.,Y,.,Y,.,Y,.,Y,.,Y,.,R,50653,R,575,R,50653,R,575,R,54550,R,730,R,55280,R,56730,R,730,R,57460,R,58290,R,730,R,59020,R,60768,R,850,R,61618,.,.,R,54550,R,730,R,55280,R,56730,R,730,R,57460,R,58290,R,730,R,59020,R,60768,R,850,R,61618,.,.,R,54550,R,730,R,55280,R,56730,R,730,R,57460,R,58290,R,730,R,59020,R,60768,R,850,R,61618,.,.,R,1100,R,1100,R,1100,R,1100,R,14444,R,14975,R,15386,R,16087,R,2300,R,2300,R,2300,R,2300,R,14444,R,14975,R,15386,R,16087,R,2300,R,2300,R,2300,R,2300,R,3950,R,3950,R,3950,R,3950
2022,217156,R,62680,R,2366,R,1958,R,62680,R,2366,R,1958,R,62680,R,2366,R,1958,R,62680,R,1186,R,1958,R,62680,R,1186,R,1958,R,62680,R,1186,R,1958,Y,.,Y,.,Y,.,Y,.,Y,.,Y,.,Y,.,Y,.,R,67268,R,1176,R,67268,R,1176,Y,.,Y,.,Y,.,Y,.,Y,.,Y,.,Y,.,Y,.,Y,.,Y,.,Y,.,Y,.,Y,.,Y,.,Y,.,Y,.,Y,.,Y,.,Y,.,Y,.,Y,.,Y,.,Y,.,Y,.,R,57112,R,1292,R,58404,R,59254,R,1442,R,60696,R,60944,R,1360,R,62304,R,62680,R,2466,R,65146,.,.,R,57112,R,1292,R,58404,R,59254,R,1442,R,60696,R,60944,R,1360,R,62304,R,62680,R,2466,R,65146,.,.,R,57112,R,1292,R,58404,R,59254,R,1442,R,60696,R,60944,R,1360,R,62304,R,62680,R,2466,R,65146,.,.,R,1632,R,1642,R,1652,R,0,R,15332,R,15908,R,16346,R,15840,R,2122,R,2202,R,2268,R,2700,A,.,A,.,A,.,A,.,A,.,A,.,A,.,A,.,A,.,A,.,A,.,A,.
2022,217882,R,14118,R,1440,R,657,R,14118,R,1440,R,657,R,38062,R,1440,R,1698,R,10858,R,1346,R,743,R,10858,R,1346,R,743,R,22566,R,1346,R,1488,A,.,A,.,A,.,A,.,A,.,A,.,A,.,A,.,A,.,A,.,A,.,A,.,A,.,A,.,A,.,A,.,A,.,A,.,A,.,A,.,A,.,A,.,A,.,A,.,A,.,A,.,A,.,A,.,A,.,A,.,A,.,A,.,A,.,A,.,A,.,A,.,R,14118,R,1440,R,15558,R,14118,R,1440,R,15558,R,14118,R,1440,R,15558,R,14118,R,1440,R,15558,.,.,R,14118,R,1440,R,15558,R,14118,R,1440,R,15558,R,14118,R,1440,R,15558,R,14118,R,1440,R,15558,.,.,R,37110,R,1440,R,38550,R,37110,R,1440,R,38550,R,37110,R,1440,R,38550,R,38062,R,1440,R,39502,.,.,R,1436,R,1188,R,1248,R,1388,R,11414,R,12210,R,12234,R,12350,R,4054,R,4214,R,5124,R,5454,R,11414,R,12210,R,12234,R,12350,R,4054,R,4214,R,5124,R,5454,R,5848,R,5972,R,6768,R,7316
2022,217925,R,25620,R,1220,R,1065,R,25620,R,1220,R,1065,R,25620,R,1220,R,1065,R,10710,R,1220,R,595,R,10710,R,1220,R,595,R,10710,R,1220,R,595,A,.,A,.,A,.,A,.,A,.,A,.,A,.,A,.,A,.,A,.,A,.,A,.,A,.,A,.,A,.,A,.,A,.,A,.,A,.,A,.,A,.,A,.,A,.,A,.,A,.,A,.,A,.,A,.,A,.,A,.,A,.,A,.,A,.,A,.,A,.,A,.,R,23090,R,910,R,24000,R,23550,R,1100,R,24650,R,24490,R,1100,R,25590,R,25620,R,1220,R,26840,.,.,R,23090,R,910,R,24000,R,23550,R,1100,R,24650,R,24490,R,1100,R,25590,R,25620,R,1220,R,26840,.,.,R,23090,R,910,R,24000,R,23550,R,1100,R,24650,R,24490,R,1100,R,25590,R,25620,R,1220,R,26840,.,.,R,600,R,600,R,600,R,200,R,8850,R,8950,R,8950,R,9950,R,3710,R,3710,R,3710,R,3280,R,8000,R,8000,R,8000,R,9020,R,4510,R,4510,R,4510,R,4080,R,4510,R,4510,R,4510,R,4080
2022,221999,R,58130,R,2218,R,2422,R,58130,R,2218,R,2422,R,58130,R,2218,R,2422,R,53160,R,562,R,2215,R,53160,R,562,R,2215,R,53160,R,562,R,2215,Y,.,Y,.,Y,.,Y,.,Y,.,Y,.,Y,.,Y,.,R,64882,R,681,R,64882,R,681,Y,.,Y,.,Y,.,Y,.,Y,.,Y,.,Y,.,Y,.,Y,.,Y,.,Y,.,Y,.,Y,.,Y,.,Y,.,Y,.,Y,.,Y,.,Y,.,Y,.,R,66696,R,700,R,66696,R,700,R,50800,R,1270,R,52070,R,52781,R,1377,R,54158,R,54840,R,2126,R,56966,R,58130,R,2218,R,60348,.,.,R,50800,R,1270,R,52070,R,52781,R,1377,R,54158,R,54840,R,2126,R,56966,R,58130,R,2218,R,60348,.,.,R,50800,R,1270,R,52070,R,52781,R,1377,R,54158,R,54840,R,2126,R,56966,R,58130,R,2218,R,60348,.,.,R,1294,R,1194,R,1194,R,1194,R,16910,R,17670,R,18376,R,19862,R,2874,R,3022,R,3002,R,3008,A,.,A,.,A,.,A,.,A,.,A,.,A,.,A,.,A,.,A,.,A,.,A,.
2022,223232,R,51738,R,0,R,2154,R,51738,Z,0,R,2154,R,51738,Z,0,R,2154,R,38772,R,0,R,2154,R,38772,Z,0,R,2154,R,38772,Z,0,R,2154,Y,.,Y,.,Y,.,Y,.,Y,.,Y,.,Y,.,Y,.,Y,.,Y,.,Y,.,Y,.,Y,.,Y,.,Y,.,Y,.,Y,.,Y,.,Y,.,Y,.,Y,.,Y,.,Y,.,Y,.,Y,.,Y,.,Y,.,Y,.,Y,.,Y,.,Y,.,Y,.,R,57369,R,61,R,57369,R,61,R,42842,R,4522,R,47364,R,44544,R,4702,R,49246,R,50232,R,0,R,50232,R,51738,R,0,R,51738,.,.,R,42842,R,4522,R,47364,R,44544,R,4702,R,49246,R,50232,R,0,R,50232,R,51738,R,0,R,51738,.,.,R,42842,R,4522,R,47364,R,44544,R,4702,R,49246,R,50232,R,0,R,50232,R,51738,R,0,R,51738,.,.,R,1264,R,1284,R,1302,R,1390,R,13415,R,13730,R,13730,R,13587,R,3260,R,3276,R,3318,R,3456,R,12020,R,12316,R,12670,R,13232,R,3900,R,3902,R,3946,R,4100,R,3610,R,3902,R,3946,R,4100
2022,227757,R,54100,R,860,R,2254,R,54100,R,860,R,2254,R,54100,R,860,R,2254,R,51634,R,708,R,2063,R,51634,R,708,R,2063,R,51634,R,708,R,2063,A,.,A,.,A,.,A,.,A,.,A,.,A,.,A,.,A,.,A,.,A,.,A,.,A,.,A,.,A,.,A,.,A,.,A,.,A,.,A,.,A,.,A,.,A,.,A,.,A,.,A,.,A,.,A,.,A,.,A,.,A,.,A,.,A,.,A,.,A,.,A,.,R,48330,R,782,R,49112,R,50310,R,797,R,51107,R,52070,R,825,R,52895,R,54100,R,860,R,54960,.,.,R,48330,R,782,R,49112,R,50310,R,797,R,51107,R,52070,R,825,R,52895,R,54100,R,860,R,54960,.,.,R,48330,R,782,R,49112,R,50310,R,797,R,51107,R,52070,R,825,R,52895,R,54100,R,860,R,54960,.,.,R,1200,R,1250,R,1300,R,1350,R,14140,R,14500,R,14800,R,15000,R,2650,R,2700,R,2750,R,2800,R,14140,R,14500,R,14800,R,15000,R,2650,R,2700,R,2750,R,2800,R,2650,R,2700,R,2750,R,2800
2022,228246,R,55012,R,6968,R,2298,R,55012,R,6968,R,2298,R,55012,R,6968,R,2298,R,31590,R,5274,R,1755,R,31590,R,5274,R,1755,R,31590,R,5274,R,1755,Y,.,Y,.,Y,.,Y,.,Y,.,Y,.,Y,.,Y,.,Y,.,Y,.,Y,.,Y,.,Y,.,Y,.,Y,.,Y,.,Y,.,Y,.,Y,.,Y,.,Y,.,Y,.,Y,.,Y,.,Y,.,Y,.,Y,.,Y,.,Y,.,Y,.,Y,.,Y,.,R,40564,R,5274,R,40564,R,5274,R,50200,R,6360,R,56560,R,51958,R,6582,R,58540,R,53464,R,6772,R,60236,R,55012,R,6968,R,61980,.,.,R,50200,R,6360,R,56560,R,51958,R,6582,R,58540,R,53464,R,6772,R,60236,R,55012,R,6968,R,61980,.,.,R,50200,R,6360,R,56560,R,51958,R,6582,R,58540,R,53464,R,6772,R,60236,R,55012,R,6968,R,61980,.,.,R,800,R,800,R,800,R,800,R,16750,R,17110,R,17438,R,17750,R,2600,R,2600,R,2600,R,2600,R,8700,R,8700,R,8700,R,8700,R,2600,R,2600,R,2600,R,2600,R,2600,R,2600,R,2600,R,2600
2022,228723,R,8815,R,3790,R,303,R,8815,R,3790,R,303,R,36239,R,3900,R,1217,R,6885,R,3802,R,287,R,6885,R,3802,R,287,R,19593,R,3802,R,816,Y,.,Y,.,Y,.,Y,.,R,28584,R,8687,R,39384,R,8687,R,17968,R,3792,R,31068,R,3792,Y,.,Y,.,Y,.,Y,.,Y,.,Y,.,Y,.,Y,.,R,8261,R,6694,R,43780,R,6694,Y,.,Y,.,Y,.,Y,.,R,22950,R,6209,R,39340,R,6209,R,8540,R,24093,R,24529,R,24093,R,8532,R,3621,R,12153,R,8974,R,3809,R,12783,R,9339,R,3900,R,13239,R,9339,R,3900,R,13239,0,0,R,8532,R,3621,R,12153,R,8974,R,3809,R,12783,R,9339,R,3900,R,13239,R,9339,R,3900,R,13239,0,0,R,34981,R,3621,R,38602,R,35531,R,3809,R,39340,R,36234,R,3900,R,40134,R,36239,R,3900,R,40139,.,.,R,1222,R,1222,R,1000,R,1000,R,10400,R,11400,R,11400,R,11550,R,6308,R,6062,R,6064,R,6464,R,10400,R,11400,R,11400,R,11550,R,6308,R,6062,R,6064,R,6464,R,6308,R,6062,R,6064,R,6464
2022,228778,R,11698,R,0,R,544,R,11698,R,0,R,544,R,41070,R,0,R,1900,R,12036,R,0,R,659,R,12036,R,0,R,659,R,22952,R,0,R,1235,Y,.,Y,.,Y,.,Y,.,Y,.,Y,.,Y,.,Y,.,R,21087,R,0,R,35406,R,0,Y,.,Y,.,Y,.,Y,.,Y,.,Y,.,Y,.,Y,.,R,21548,R,0,R,49240,R,0,Y,.,Y,.,Y,.,Y,.,Y,.,Y,.,Y,.,Y,.,R,34868,R,0,R,51774,R,0,R,10824,R,0,R,10824,R,11448,R,0,R,11448,R,11752,R,0,R,11752,R,11698,R,0,R,11698,17,.,R,10824,R,0,R,10824,R,11448,R,0,R,11448,R,11752,R,0,R,11752,R,11698,R,0,R,11698,17,.,R,38326,R,0,R,38326,R,40032,R,0,R,40032,R,40996,R,0,R,40996,R,41070,R,0,R,41070,14,.,R,700,R,714,R,724,R,724,R,11812,R,12286,R,12768,R,13058,R,4392,R,4480,R,4544,R,4766,R,11812,R,12286,R,12768,R,13280,R,4392,R,4480,R,4544,R,4766,R,4392,R,4480,R,4544,R,4766
2022,228875,R,53890,R,90,R,2280,R,53890,R,90,R,2280,R,53890,R,90,R,2280,R,33660,R,48,R,1870,R,33660,R,48,R,1870,R,33660,R,48,R,1870,Y,.,Y,.,Y,.,Y,.,Y,.,Y,.,Y,.,Y,.,R,63032,Z,0,R,63032,Z,0,Y,.,Y,.,Y,.,Y,.,Y,.,Y,.,Y,.,Y,.,Y,.,Y,.,Y,.,Y,.,Y,.,Y,.,Y,.,Y,.,Y,.,Y,.,Y,.,Y,.,Y,.,Y,.,Y,.,Y,.,R,49160,R,90,R,49250,R,51570,R,90,R,51660,R,51570,R,90,R,51660,R,53890,R,90,R,53980,.,.,R,49160,R,90,R,49250,R,51570,R,90,R,51660,R,51570,R,90,R,51660,R,53890,R,90,R,53980,.,.,R,49160,R,90,R,49250,R,51570,R,90,R,51660,R,51570,R,90,R,51660,R,53890,R,90,R,53980,.,.,R,900,R,900,R,900,R,900,R,13200,R,14040,R,14040,R,14250,R,5064,R,5228,R,5228,R,3980,R,13200,R,14040,R,14040,R,14250,R,5064,R,5228,R,5228,R,3980,R,4724,R,4788,R,4788,R,3980
2022,231624,R,17434,R,6536,R,581,R,17434,R,6536,R,581,R,40089,R,7107,R,1336,R,10516,R,6260,R,584,R,10516,R,6260,R,584,R,28305,R,6831,R,1573,Y,.,Y,.,Y,.,Y,.,Y,.,Y,.,Y,.,Y,.,Y,.,Y,.,Y,.,Y,.,Y,.,Y,.,Y,.,Y,.,Y,.,Y,.,Y,.,Y,.,Y,.,Y,.,Y,.,Y,.,Y,.,Y,.,Y,.,Y,.,Y,.,Y,.,Y,.,Y,.,R,31525,R,6606,R,45364,R,7177,R,17434,R,6194,R,23628,R,17434,R,6194,R,23628,R,17434,R,6378,R,23812,R,17434,R,6536,R,23970,.,.,R,17434,R,6194,R,23628,R,17434,R,6194,R,23628,R,17434,R,6378,R,23812,R,17434,R,6536,R,23970,.,.,R,40089,R,6765,R,46854,R,40089,R,6765,R,46854,R,40089,R,6949,R,47038,R,40089,R,7107,R,47196,.,.,R,1000,R,1000,R,1000,R,1080,R,12926,R,13356,R,13736,R,13828,R,2041,R,2050,R,2076,R,2240,R,12926,R,13356,R,13736,R,13828,R,2041,R,2050,R,2076,R,2240,R,2545,R,2550,R,2584,R,2790
2022,234076,R,18059,R,3366,R,617,R,18059,R,3366,R,617,R,53325,R,4049,R,1791,R,18382,R,3360,R,827,R,18382,R,3360,R,827,R,30790,R,4042,R,1394,Y,.,Y,.,Y,.,Y,.,Y,.,Y,.,Y,.,Y,.,R,46045,R,3402,R,57793,R,4084,Y,.,Y,.,Y,.,Y,.,Y,.,Y,.,Y,.,Y,.,Y,.,Y,.,Y,.,Y,.,Y,.,Y,.,Y,.,Y,.,Y,.,Y,.,Y,.,Y,.,R,65110,R,3390,R,67428,R,4072,R,14836,R,2962,R,17798,R,15840,R,3120,R,18960,R,16010,R,3234,R,19244,R,16980,R,3362,R,20342,0,.,R,14836,R,2962,R,17798,R,15840,R,3120,R,18960,R,16010,R,3234,R,19244,R,16980,R,3362,R,20342,0,.,R,47257,R,3643,R,50900,R,49041,R,3802,R,52843,R,49710,R,3916,R,53626,R,51870,R,4044,R,55914,.,.,R,1384,R,1356,R,1396,R,1400,R,11950,R,12350,R,12660,R,12890,R,2962,R,2998,R,3014,R,3500,R,11950,R,12350,R,12660,R,12890,R,2962,R,2998,R,3014,R,3500,R,2552,R,2568,R,2584,R,3000
2022,236948,R,11189,R,1053,R,373,R,11189,R,1053,R,373,R,39687,R,1053,R,1323,R,17004,R,1053,R,810,R,17004,R,1053,R,810,R,30477,R,1053,R,1451,Y,.,Y,.,Y,.,Y,.,R,47190,R,1053,R,72762,R,1053,R,39033,R,1053,R,69696,R,1053,Y,.,Y,.,Y,.,Y,.,Y,.,Y,.,Y,.,Y,.,R,34182,R,1053,R,56430,R,1053,Y,.,Y,.,Y,.,Y,.,Y,.,Y,.,Y,.,Y,.,R,40635,R,1053,R,52401,R,1053,R,10370,R,1095,R,11465,R,10629,R,1116,R,11745,R,10927,R,1149,R,12076,R,11189,R,1053,R,12242,.,.,R,10370,R,1095,R,11465,R,10629,R,1116,R,11745,R,10927,R,1149,R,12076,R,11189,R,1053,R,12242,.,.,R,37071,R,1095,R,38166,R,37998,R,1116,R,39114,R,38757,R,1149,R,39906,R,39687,R,1053,R,40740,.,.,R,900,R,900,R,900,R,900,R,13296,R,13887,R,14871,R,16068,R,2733,R,2787,R,2793,R,2880,R,13296,R,13887,R,14871,R,16068,R,2733,R,2787,R,2793,R,2880,R,2733,R,3003,R,3009,R,3102
2022,239105,R,45860,R,810,R,1135,R,45860,R,810,R,1135,R,45860,R,810,R,1135,R,22410,R,0,R,1245,R,22410,R,0,R,1245,R,22410,R,0,R,1245,Y,.,Y,.,Y,.,Y,.,R,57450,R,0,R,66110,R,0,Y,.,Y,.,Y,.,Y,.,Y,.,Y,.,Y,.,Y,.,Y,.,Y,.,Y,.,Y,.,Y,.,Y,.,Y,.,Y,.,Y,.,Y,.,Y,.,Y,.,Y,.,Y,.,Y,.,Y,.,R,49710,R,0,R,49710,R,0,R,43350,R,586,R,43936,R,44970,R,696,R,45666,R,44970,R,796,R,45766,R,45860,R,810,R,46670,.,.,R,43350,R,586,R,43936,R,44970,R,696,R,45666,R,44970,R,796,R,45766,R,45860,R,810,R,46670,.,.,R,43350,R,586,R,43936,R,44970,R,696,R,45666,R,44970,R,796,R,45766,R,45860,R,810,R,46670,.,.,R,816,R,816,R,816,R,720,R,13200,R,13656,R,14140,R,14636,R,2548,R,2550,R,2540,R,2536,R,13200,R,13656,R,14140,R,14636,R,4840,R,4840,R,4840,R,5250,R,4860,R,4860,R,4860,R,4860
2022,240444,R,9273,R,1523,R,386,R,9273,R,1523,R,386,R,37904,R,1523,R,1579,R,10728,R,1523,R,670,R,10728,R,1523,R,670,R,24054,R,1523,R,1503,Y,.,Y,.,Y,.,Y,.,Y,.,Y,.,Y,.,Y,.,R,39681,R,1523,R,56510,R,1523,Y,.,Y,.,Y,.,Y,.,Y,.,Y,.,Y,.,Y,.,R,25711,R,1523,R,43554,R,1523,Y,.,Y,.,Y,.,Y,.,R,33021,R,1523,R,53244,R,1523,R,31635,R,1523,R,50332,R,1523,R,9273,R,1452,R,10725,R,9273,R,1469,R,10742,R,9273,R,1447,R,10720,R,9273,R,1523,R,10796,.,.,R,9273,R,1452,R,10725,R,9273,R,1469,R,10742,R,9273,R,1447,R,10720,R,9273,R,1523,R,10796,.,.,R,36333,R,1452,R,37785,R,37161,R,1469,R,38630,R,37161,R,1447,R,38608,R,37904,R,1523,R,39427,.,.,R,1150,R,1150,R,1150,R,1150,R,11558,R,12200,R,12548,R,12894,R,3120,R,3066,R,3000,R,3154,R,11558,R,12200,R,12548,R,12894,R,3120,R,3066,R,3000,R,3154,R,3736,R,3066,R,3000,R,3154
2022,243744,R,57693,R,723,R,1282,R,57693,R,723,R,1282,R,57693,R,723,R,1282,R,56487,R,723,R,1255,R,56487,R,723,R,1255,R,56487,R,723,R,1255,Y,.,Y,.,Y,.,Y,.,Y,.,Y,.,Y,.,Y,.,R,63747,R,723,R,63747,R,723,Y,.,Y,.,Y,.,Y,.,Y,.,Y,.,Y,.,Y,.,Y,.,Y,.,Y,.,Y,.,Y,.,Y,.,Y,.,Y,.,Y,.,Y,.,Y,.,Y,.,R,66924,R,723,R,66924,R,723,R,52857,R,672,R,53529,R,55473,R,0,R,55473,R,55473,R,696,R,56169,R,57693,R,723,R,58416,.,.,R,52857,R,672,R,53529,R,55473,R,0,R,55473,R,55473,R,696,R,56169,R,57693,R,723,R,58416,.,.,R,52857,R,672,R,53529,R,55473,R,0,R,55473,R,55473,R,696,R,56169,R,57693,R,723,R,58416,.,.,R,1245,R,1290,R,1305,R,1350,R,16433,R,16650,R,17860,R,18619,R,3363,R,3300,R,3564,R,3777,A,.,R,16650,A,.,A,.,A,.,R,4155,A,.,A,.,A,.,R,10155,A,.,A,.
2022,243780,R,9718,R,274,R,348,R,9718,R,274,R,348,R,28520,R,274,R,948,R,9718,R,274,R,348,R,9718,R,274,R,348,R,28520,R,274,R,948,Y,.,Y,.,Y,.,Y,.,Y,.,Y,.,Y,.,Y,.,Y,.,Y,.,Y,.,Y,.,Y,.,Y,.,Y,.,Y,.,Y,.,Y,.,Y,.,Y,.,R,22998,R,274,R,41258,R,274,Y,.,Y,.,Y,.,Y,.,R,22657,R,274,R,47485,R,274,Y,.,Y,.,Y,.,Y,.,R,9208,R,784,R,9992,R,9208,R,784,R,9992,R,9718,R,274,R,9992,R,9718,R,274,R,9992,.,.,R,9208,R,784,R,9992,R,9208,R,784,R,9992,R,9718,R,274,R,9992,R,9718,R,274,R,9992,.,.,R,28010,R,784,R,28794,R,28010,R,784,R,28794,R,28520,R,274,R,28794,R,28520,R,274,R,28794,.,.,R,1190,R,1000,R,1010,R,1050,R,10030,R,10030,R,10030,R,10030,R,1670,R,1760,R,1780,R,1850,R,9050,R,10520,R,10030,R,10030,R,1670,R,1760,R,1780,R,1850,R,3240,R,3350,R,3400,R,3530
2022,445188,R,11564,R,2227,A,.,R,11564,R,2227,A,.,R,41636,R,2227,A,.,R,11700,R,1789,A,.,R,11700,R,1789,A,.,R,26802,R,1789,A,.,A,.,A,.,A,.,A,.,A,.,A,.,A,.,A,.,A,.,A,.,A,.,A,.,A,.,A,.,A,.,A,.,A,.,A,.,A,.,A,.,A,.,A,.,A,.,A,.,A,.,A,.,A,.,A,.,A,.,A,.,A,.,A,.,A,.,A,.,A,.,A,.,R,11442,R,2096,R,13538,R,11442,R,2096,R,13538,R,11442,R,2215,R,13657,R,11564,R,2227,R,13791,.,.,R,11442,R,2096,R,13538,R,11442,R,2096,R,13538,R,11442,R,2215,R,13657,R,11564,R,2227,R,13791,.,.,R,41196,R,2096,R,43292,R,41196,R,2096,R,43292,R,41196,R,2215,R,43411,R,41636,R,2227,R,43863,.,.,R,1016,R,1047,R,1073,R,1094,R,17046,R,18756,R,18901,R,19340,R,4373,R,4761,R,4603,R,4682,R,8595,R,8650,R,9022,R,9745,R,4909,R,5262,R,5118,R,5209,R,12056,R,12950,R,13114,R,13209
2023,100858,R,10704,R,1832,R,446,R,10704,R,1832,R,446,R,32112,R,1832,R,1338,R,10692,R,1832,R,594,R,10692,R,1832,R,594,R,32076,R,1832,R,1782,Y,.,Y,.,Y,.,Y,.,Y,.,Y,.,Y,.,Y,.,Y,.,Y,.,Y,.,Y,.,Y,.,Y,.,Y,.,Y,.,Y,.,Y,.,Y,.,Y,.,R,10692,R,13832,R,32076,R,13832,Y,.,Y,.,Y,.,Y,.,R,10692,R,18916,R,32076,R,18916,Y,.,Y,.,Y,.,Y,.,R,10080,R,1716,R,11796,R,10080,R,1746,R,11826,R,10392,R,1784,R,12176,R,10704,R,1832,R,12536,.,.,R,10080,R,1716,R,11796,R,10080,R,1746,R,11826,R,10392,R,1784,R,12176,R,10704,R,1832,R,12536,.,.,R,30240,R,1716,R,31956,R,30240,R,1746,R,31986,R,31176,R,1784,R,32960,R,32112,R,1832,R,33944,.,.,R,1200,R,1200,R,1200,R,1200,R,13778,R,14596,R,14998,R,15396,R,5904,R,6028,R,6028,R,6166,R,13778,R,14596,R,14998,R,14736,R,5904,R,6028,R,6028,R,6166,R,5904,R,6028,R,6028,R,6166
2023,110404,R,60816,R,2439,A,.,R,60816,R,2439,A,.,R,60816,R,2439,A,.,R,60816,R,2247,R,563,R,60816,R,2247,R,563,R,60816,R,2247,R,563,A,.,A,.,A,.,A,.,A,.,A,.,A,.,A,.,A,.,A,.,A,.,A,.,A,.,A,.,A,.,A,.,A,.,A,.,A,.,A,.,A,.,A,.,A,.,A,.,A,.,A,.,A,.,A,.,A,.,A,.,A,.,A,.,A,.,A,.,A,.,A,.,R,54570,R,2292,R,56862,R,56364,R,2316,R,58680,R,58479,R,2385,R,60864,R,60816,R,2439,R,63255,.,.,R,54570,R,2292,R,56862,R,56364,R,2316,R,58680,R,58479,R,2385,R,60864,R,60816,R,2439,R,63255,.,.,R,54570,R,2292,R,56862,R,56364,R,2316,R,58680,R,58479,R,2385,R,60864,R,60816,R,2439,R,63255,.,.,R,1428,R,1428,R,1428,R,1428,R,17337,R,17748,R,18606,R,19503,R,2091,R,2091,R,2700,R,2700,R,16578,R,17253,R,17784,R,19431,R,4641,R,4761,R,4860,R,6192,R,4164,R,4275,R,4374,R,5220
2023,110635,R,11834,R,3016,A,.,R,11834,R,3016,A,.,R,42611,R,3016,A,.,R,12264,R,2997,A,.,R,12264,R,2997,A,.,R,27366,R,2997,A,.,Y,.,Y,.,Y,.,Y,.,Y,.,Y,.,Y,.,Y,.,R,36750,R,2997,R,48955,R,2997,R,35386,R,2997,R,47631,R,2997,Y,.,Y,.,Y,.,Y,.,Y,.,Y,.,Y,.,Y,.,Y,.,Y,.,Y,.,Y,.,Y,.,Y,.,Y,.,Y,.,R,59304,R,2997,R,71731,R,2997,R,11442,R,2870,R,14312,R,11442,R,2784,R,14226,R,11564,R,2831,R,14395,R,11834,R,3016,R,14850,.,.,R,11442,R,2870,R,14312,R,11442,R,2784,R,14226,R,11564,R,2831,R,14395,R,11834,R,3016,R,14850,.,.,R,41196,R,2870,R,44066,R,41196,R,2784,R,43980,R,41636,R,2831,R,44467,R,42611,R,3016,R,45627,.,.,R,1091,R,1118,R,1139,R,1273,R,20530,R,20236,R,21402,R,22692,R,5595,R,5893,R,6107,R,6238,R,15638,R,16377,R,16518,R,17614,R,5874,R,6199,R,6426,R,6580,R,14084,R,14731,R,14975,R,15898
2023,110644,R,11834,R,3413,A,.,R,11834,R,3413,A,.,R,42611,R,3413,A,.,R,12264,R,2296,A,.,R,12264,R,2296,A,.,R,27366,R,2296,A,.,Y,.,Y,.,Y,.,Y,.,Y,.,Y,.,Y,.,Y,.,R,38244,R,2296,R,50489,R,2296,Y,.,Y,.,Y,.,Y,.,Y,.,Y,.,Y,.,Y,.,Y,.,Y,.,Y,.,Y,.,Y,.,Y,.,Y,.,Y,.,R,29634,R,2296,R,41879,R,2296,R,52654,R,2296,R,64899,R,2296,R,11442,R,3155,R,14597,R,11442,R,3203,R,14645,R,11564,R,3294,R,14858,R,11834,R,3413,R,15247,.,.,R,11442,R,3155,R,14597,R,11442,R,3203,R,14645,R,11564,R,3294,R,14858,R,11834,R,3413,R,15247,.,.,R,41196,R,3155,R,44351,R,41196,R,3203,R,44399,R,41636,R,3294,R,44930,R,42611,R,3413,R,46024,.,.,R,1178,R,1197,R,1221,R,1381,R,17238,R,17018,R,17692,R,19068,R,4638,R,4743,R,4785,R,5359,R,11050,R,11551,R,12068,R,13076,R,5073,R,5191,R,5243,R,5865,R,13260,R,13700,R,13767,R,15157
2023,110653,R,11834,R,2403,A,.,R,11834,R,2403,A,.,R,42611,R,2403,A,.,R,12264,R,2011,A,.,R,12264,R,2011,A,.,R,27366,R,2011,A,.,Y,.,Y,.,Y,.,Y,.,Y,.,Y,.,Y,.,Y,.,R,38250,R,2011,R,50495,R,2011,Y,.,Y,.,Y,.,Y,.,Y,.,Y,.,Y,.,Y,.,R,46434,R,2011,R,58679,R,2011,Y,.,Y,.,Y,.,Y,.,Y,.,Y,.,Y,.,Y,.,R,53934,R,2011,R,66179,R,2011,R,11442,R,2311,R,13753,R,11442,R,2333,R,13775,R,11564,R,2375,R,13939,R,11834,R,2403,R,14237,.,.,R,11442,R,2311,R,13753,R,11442,R,2333,R,13775,R,11564,R,2375,R,13939,R,11834,R,2403,R,14237,.,.,R,41196,R,2311,R,43507,R,41196,R,2333,R,43529,R,41636,R,2375,R,44011,R,42611,R,2403,R,45014,.,.,R,1361,R,1319,R,1346,R,1550,R,16677,R,16869,R,17699,R,18423,R,4250,R,4339,R,4305,R,4841,R,14034,R,14681,R,14964,R,16216,R,5116,R,5258,R,5268,R,5907,R,12466,R,12905,R,12913,R,14225
2023,110662,R,11834,R,1913,A,.,R,11834,R,1913,A,.,R,42611,R,1913,A,.,R,12264,R,1619,A,.,R,12264,R,1619,A,.,R,27366,R,1619,A,.,Y,.,Y,.,Y,.,Y,.,R,44073,R,1619,R,56318,R,1619,R,42568,R,1619,R,54813,R,1619,Y,.,Y,.,Y,.,Y,.,Y,.,Y,.,Y,.,Y,.,Y,.,Y,.,Y,.,Y,.,Y,.,Y,.,Y,.,Y,.,Y,.,Y,.,Y,.,Y,.,R,53936,R,1619,R,66181,R,1619,R,11442,R,1807,R,13249,R,11442,R,1816,R,13258,R,11564,R,1837,R,13401,R,11834,R,1913,R,13747,.,.,R,11442,R,1807,R,13249,R,11442,R,1816,R,13258,R,11564,R,1837,R,13401,R,11834,R,1913,R,13747,.,.,R,41196,R,1807,R,43003,R,41196,R,1816,R,43012,R,41636,R,1837,R,43473,R,42611,R,1913,R,44524,.,.,R,1314,R,1405,R,1433,R,1574,R,17599,R,16763,R,17231,R,17148,R,4625,R,4871,R,4915,R,5562,R,15241,R,15950,R,16277,R,17436,R,5284,R,5560,R,5601,R,6320,R,13154,R,13742,R,13792,R,15243
2023,110671,R,11834,R,2336,A,.,R,11834,R,2336,A,.,R,42611,R,2336,A,.,R,12264,R,2102,A,.,R,12264,R,2102,A,.,R,27366,R,2102,A,.,Y,.,Y,.,Y,.,Y,.,Y,.,Y,.,Y,.,Y,.,R,38208,R,2102,R,50453,R,2102,Y,.,Y,.,Y,.,Y,.,Y,.,Y,.,Y,.,Y,.,Y,.,Y,.,Y,.,Y,.,Y,.,Y,.,Y,.,Y,.,Y,.,Y,.,Y,.,Y,.,Y,.,Y,.,Y,.,Y,.,R,11442,R,2300,R,13742,R,11442,R,2312,R,13754,R,11564,R,2310,R,13874,R,11834,R,2336,R,14170,.,.,R,11442,R,2300,R,13742,R,11442,R,2312,R,13754,R,11564,R,2310,R,13874,R,11834,R,2336,R,14170,.,.,R,41196,R,2300,R,43496,R,41196,R,2312,R,43508,R,41636,R,2310,R,43946,R,42611,R,2336,R,44947,.,.,R,1520,R,1536,R,1566,R,1748,R,16147,R,16864,R,17333,R,19433,R,4272,R,4306,R,4453,R,4934,R,11495,R,12010,R,12543,R,13781,R,4969,R,5012,R,5186,R,5752,R,12370,R,12711,R,12885,R,14130
2023,110680,R,11834,R,3431,A,.,R,11834,R,3431,A,.,R,42611,R,3431,A,.,R,12264,R,2271,A,.,R,12264,R,2271,A,.,R,27366,R,2271,A,.,Y,.,Y,.,Y,.,Y,.,Y,.,Y,.,Y,.,Y,.,R,40881,R,2271,R,53126,R,2271,Y,.,Y,.,Y,.,Y,.,Y,.,Y,.,Y,.,Y,.,R,42639,R,2271,R,54884,R,2271,Y,.,Y,.,Y,.,Y,.,Y,.,Y,.,Y,.,Y,.,Y,.,Y,.,Y,.,Y,.,R,11442,R,3206,R,14648,R,11442,R,3258,R,14700,R,11564,R,3342,R,14906,R,11834,R,3431,R,15265,.,.,R,11442,R,3206,R,14648,R,11442,R,3258,R,14700,R,11564,R,3342,R,14906,R,11834,R,3431,R,15265,.,.,R,41196,R,3206,R,44402,R,41196,R,3258,R,44454,R,41636,R,3342,R,44978,R,42611,R,3431,R,46042,.,.,R,1124,R,1152,R,1175,R,1307,R,15336,R,16145,R,16710,R,17198,R,4203,R,4163,R,4249,R,4735,R,13749,R,14383,R,14372,R,15566,R,4900,R,4881,R,4982,R,5546,R,12624,R,12913,R,13020,R,14299
2023,110705,R,11834,R,3131,A,.,R,11834,R,3131,A,.,R,42611,R,3131,A,.,R,12264,R,2189,A,.,R,12264,R,2189,A,.,R,27366,R,2189,A,.,A,.,A,.,A,.,A,.,A,.,A,.,A,.,A,.,A,.,A,.,A,.,A,.,A,.,A,.,A,.,A,.,A,.,A,.,A,.,A,.,A,.,A,.,A,.,A,.,A,.,A,.,A,.,A,.,A,.,A,.,A,.,A,.,A,.,A,.,A,.,A,.,R,11442,R,2964,R,14406,R,11442,R,2975,R,14417,R,11564,R,3053,R,14617,R,11834,R,3131,R,14965,.,.,R,11442,R,2964,R,14406,R,11442,R,2975,R,14417,R,11564,R,3053,R,14617,R,11834,R,3131,R,14965,.,.,R,41196,R,2964,R,44160,R,41196,R,2975,R,44171,R,41636,R,3053,R,44689,R,42611,R,3131,R,45742,.,.,R,1259,R,1317,R,1343,R,1482,R,15903,R,16699,R,16883,R,18684,R,5381,R,5287,R,5059,R,5456,R,13188,R,13803,R,14246,R,15416,R,5916,R,5837,R,5622,R,6076,R,13986,R,14225,R,14022,R,15232
2023,110714,R,11834,R,2726,A,.,R,11834,R,2726,A,.,R,42611,R,2726,A,.,R,12264,R,2591,A,.,R,12264,R,2591,A,.,R,27366,R,2591,A,.,A,.,A,.,A,.,A,.,A,.,A,.,A,.,A,.,A,.,A,.,A,.,A,.,A,.,A,.,A,.,A,.,A,.,A,.,A,.,A,.,A,.,A,.,A,.,A,.,A,.,A,.,A,.,A,.,A,.,A,.,A,.,A,.,A,.,A,.,A,.,A,.,R,11442,R,2583,R,14025,R,11442,R,2628,R,14070,R,11564,R,2676,R,14240,R,11834,R,2726,R,14560,.,.,R,11442,R,2583,R,14025,R,11442,R,2628,R,14070,R,11564,R,2676,R,14240,R,11834,R,2726,R,14560,.,.,R,41196,R,2583,R,43779,R,41196,R,2628,R,43824,R,41636,R,2676,R,44312,R,42611,R,2726,R,45337,.,.,R,1162,R,1180,R,1204,R,1315,R,18866,R,17429,R,18185,R,18785,R,5084,R,5179,R,5083,R,5646,R,14453,R,15135,R,15653,R,16697,R,5602,R,5722,R,5643,R,6264,R,13467,R,13899,R,13829,R,15181
2023,121150,R,65990,R,752,R,2070,R,65990,R,752,R,2070,R,65990,R,752,R,2070,R,41400,R,620,R,2070,R,41400,R,620,R,2070,R,41400,R,620,R,2070,Y,.,Y,.,Y,.,Y,.,Y,.,Y,.,Y,.,Y,.,Y,.,Y,.,Y,.,Y,.,Y,.,Y,.,Y,.,Y,.,Y,.,Y,.,Y,.,Y,.,Y,.,Y,.,Y,.,Y,.,Y,.,Y,.,Y,.,Y,.,Y,.,Y,.,Y,.,Y,.,R,67450,R,596,R,67450,R,596,R,57750,R,252,R,58002,R,59450,R,252,R,59702,R,62390,R,752,R,63142,R,65990,R,752,R,66742,.,.,R,57750,R,252,R,58002,R,59450,R,252,R,59702,R,62390,R,752,R,63142,R,65990,R,752,R,66742,.,.,R,57750,R,252,R,58002,R,59450,R,252,R,59702,R,62390,R,752,R,63142,R,65990,R,752,R,66742,.,.,R,1250,R,1250,R,1000,R,1000,R,16160,R,16700,R,18560,R,23270,R,2500,R,2500,R,2500,R,2500,R,16160,R,16700,R,18560,R,23270,R,2500,R,2500,R,2500,R,2500,R,2500,R,2500,R,2500,R,2500
2023,122931,R,58587,R,654,R,1627,R,58587,R,654,R,1627,R,58587,R,654,R,1627,R,25873,R,0,R,1160,R,25873,Z,0,R,1160,R,25873,Z,0,R,1160,Y,.,Y,.,Y,.,Y,.,Y,.,Y,.,Y,.,Y,.,Y,.,Y,.,Y,.,Y,.,Y,.,Y,.,Y,.,Y,.,Y,.,Y,.,Y,.,Y,.,Y,.,Y,.,Y,.,Y,.,Y,.,Y,.,Y,.,Y,.,Y,.,Y,.,Y,.,Y,.,R,58464,Z,0,R,58464,Z,0,R,52998,R,0,R,52998,R,55224,R,636,R,55860,R,56880,R,654,R,57534,R,58587,R,654,R,59241,.,.,R,52998,R,0,R,52998,R,55224,R,636,R,55860,R,56880,R,654,R,57534,R,58587,R,654,R,59241,.,.,R,52998,R,0,R,52998,R,55224,R,636,R,55860,R,56880,R,654,R,57534,R,58587,R,654,R,59241,.,.,R,1080,R,1125,R,1152,R,939,R,15972,R,16533,R,17112,R,18984,R,2934,R,2979,R,3051,R,3978,R,16581,R,17253,R,17784,R,19431,R,4641,R,4761,R,4860,R,6192,R,4164,R,4275,R,4374,R,5220
2023,123961,R,66640,R,1597,R,2244,R,66640,R,1597,R,2244,R,66640,R,1597,R,2244,R,66640,R,1488,R,2244,R,66640,R,1488,R,2244,R,66640,R,1488,R,2244,Y,.,Y,.,Y,.,Y,.,R,113739,R,9943,R,113739,R,9943,R,70889,R,1803,R,70889,R,1803,Y,.,Y,.,Y,.,Y,.,Y,.,Y,.,Y,.,Y,.,R,64914,R,2243,R,64914,R,2243,Y,.,Y,.,Y,.,Y,.,Y,.,Y,.,Y,.,Y,.,R,76438,R,1608,R,76438,R,1608,R,59260,R,1015,R,60275,R,60446,R,1057,R,61503,R,63468,R,1258,R,64726,R,66640,R,1597,R,68237,.,.,R,59260,R,1015,R,60275,R,60446,R,1057,R,61503,R,63468,R,1258,R,64726,R,66640,R,1597,R,68237,.,.,R,59260,R,1015,R,60275,R,60446,R,1057,R,61503,R,63468,R,1258,R,64726,R,66640,R,1597,R,68237,.,.,R,1200,R,1200,R,1200,R,1200,R,16398,R,16732,R,17436,R,19198,R,2278,R,2224,R,1702,R,1818,R,16398,R,16732,R,17436,R,19198,R,2278,R,2224,R,1702,R,1818,R,3628,R,3556,R,3650,R,3690
2023,126614,R,13910,R,1646,R,616,R,13910,R,1646,R,616,R,40297,R,1646,R,1680,R,15849,R,1613,R,881,R,15849,R,1613,R,881,R,36407,R,1613,R,2023,Y,.,Y,.,Y,.,Y,.,Y,.,Y,.,Y,.,Y,.,Y,.,Y,.,Y,.,Y,.,Y,.,Y,.,Y,.,Y,.,Y,.,Y,.,Y,.,Y,.,Y,.,Y,.,Y,.,Y,.,Y,.,Y,.,Y,.,Y,.,Y,.,Y,.,Y,.,Y,.,R,32778,R,1969,R,40248,R,1969,R,10728,R,1738,R,12466,R,10728,R,1768,R,12496,R,11520,R,1586,R,13106,R,14784,R,1646,R,16430,0,0,R,10728,R,1738,R,12466,R,10728,R,1768,R,12496,R,11520,R,1586,R,13106,R,14784,R,1646,R,16430,0,0,R,36546,R,1738,R,38284,R,36546,R,1768,R,38314,R,38770,R,1586,R,40356,R,40297,R,1646,R,41943,0,0,R,1200,R,1200,R,1200,R,1200,R,15220,R,15676,R,16146,R,16950,R,2556,R,2979,R,3014,R,3104,R,13050,R,13050,R,15164,R,15470,R,2556,R,2979,R,3014,R,3104,R,4617,R,4806,R,2862,R,2934
2023,126775,R,18390,R,2796,R,613,R,18390,R,2796,R,613,R,41580,R,2796,R,1386,R,18558,R,2796,R,1031,R,18558,R,2796,R,1031,R,41580,R,2796,R,2310,A,.,A,.,A,.,A,.,A,.,A,.,A,.,A,.,A,.,A,.,A,.,A,.,A,.,A,.,A,.,A,.,A,.,A,.,A,.,A,.,A,.,A,.,A,.,A,.,A,.,A,.,A,.,A,.,A,.,A,.,A,.,A,.,A,.,A,.,A,.,A,.,R,16650,R,2450,R,19100,R,17160,R,2378,R,19538,R,17520,R,2520,R,20040,R,18390,R,2796,R,21186,.,.,R,16650,R,2450,R,19100,R,17160,R,2378,R,19538,R,17520,R,2520,R,20040,R,18390,R,2796,R,21186,.,.,R,37350,R,2450,R,39800,R,38460,R,2378,R,40838,R,39600,R,2520,R,42120,R,41580,R,2796,R,44376,.,.,R,1500,R,1500,R,1500,R,1500,R,14720,R,15286,R,16110,R,16820,R,1879,R,1879,R,1879,R,2500,R,10142,R,10142,R,12015,R,14679,R,3065,R,3065,R,3065,R,3276,R,2505,R,2505,R,2505,R,3105
2023,129020,R,16332,R,4034,R,681,R,16332,R,4034,R,681,R,39000,R,4034,R,1625,R,18834,R,3360,R,1047,R,18834,R,3360,R,1047,R,40746,R,3360,R,2264,Y,.,Y,.,Y,.,Y,.,R,41291,R,2986,R,83352,R,2986,R,44666,R,2660,R,74367,R,2660,Y,.,Y,.,Y,.,Y,.,Y,.,Y,.,Y,.,Y,.,R,29164,R,4034,R,57336,R,4034,Y,.,Y,.,Y,.,Y,.,Y,.,Y,.,Y,.,Y,.,R,30354,R,1154,R,61396,R,1154,R,14406,R,3428,R,17834,R,15030,R,3494,R,18524,R,15672,R,3762,R,19434,R,16332,R,4034,R,20366,.,.,R,14406,R,3428,R,17834,R,15030,R,3494,R,18524,R,15672,R,3762,R,19434,R,16332,R,4034,R,20366,.,.,R,37074,R,3428,R,40502,R,37698,R,3494,R,41192,R,38340,R,3762,R,42102,R,39000,R,4034,R,43034,.,.,R,950,R,950,R,950,R,990,R,13258,R,13258,R,13622,R,13996,R,3032,R,3032,R,3032,R,4330,R,13258,R,14760,R,15388,R,14764,R,3032,R,3032,R,3032,R,4330,R,2754,R,2754,R,2754,R,3988
2023,130794,R,64700,R,0,A,.,R,64700,Z,0,A,.,R,64700,Z,0,A,.,R,48300,R,0,A,.,R,48300,Z,0,A,.,R,48300,Z,0,A,.,Y,.,Y,.,Y,.,Y,.,Y,.,Y,.,Y,.,Y,.,R,70184,R,1205,R,70184,R,1205,Y,.,Y,.,Y,.,Y,.,Y,.,Y,.,Y,.,Y,.,Y,.,Y,.,Y,.,Y,.,Y,.,Y,.,Y,.,Y,.,Y,.,Y,.,Y,.,Y,.,R,71540,R,2325,R,71540,R,2325,R,57700,R,0,R,57700,R,59950,R,0,R,59950,R,62250,R,0,R,62250,R,64700,R,0,R,64700,.,.,R,57700,R,0,R,57700,R,59950,R,0,R,59950,R,62250,R,0,R,62250,R,64700,R,0,R,64700,.,.,R,57700,R,0,R,57700,R,59950,R,0,R,59950,R,62250,R,0,R,62250,R,64700,R,0,R,64700,.,.,R,1000,R,1000,R,1000,R,1000,R,17200,R,17800,R,18450,R,19180,R,3420,R,3420,R,3420,R,3420,A,.,A,.,A,.,A,.,A,.,A,.,A,.,A,.,A,.,A,.,A,.,A,.
2023,130943,R,14040,R,2040,R,585,R,14040,R,2040,R,585,R,37680,R,2040,R,1570,R,18504,R,1042,R,1028,R,18504,R,1042,R,1028,R,18504,R,1042,R,1028,A,.,A,.,A,.,A,.,A,.,A,.,A,.,A,.,A,.,A,.,A,.,A,.,A,.,A,.,A,.,A,.,A,.,A,.,A,.,A,.,A,.,A,.,A,.,A,.,A,.,A,.,A,.,A,.,A,.,A,.,A,.,A,.,A,.,A,.,A,.,A,.,R,12730,R,1920,R,14650,R,12980,R,2040,R,15020,R,13370,R,2040,R,15410,R,14040,R,2040,R,16080,.,.,R,12730,R,1920,R,14650,R,12980,R,2040,R,15020,R,13370,R,2040,R,15410,R,14040,R,2040,R,16080,.,.,R,34160,R,1930,R,36090,R,34840,R,2040,R,36880,R,35890,R,2040,R,37930,R,37680,R,2040,R,39720,.,.,R,1000,R,1000,R,1000,R,1000,R,13472,R,13742,R,14234,R,14838,R,1800,R,1800,R,1800,R,1800,R,13472,R,13742,R,14234,R,14838,R,1800,R,1800,R,1000,R,1000,R,3300,R,1000,R,1000,R,1000
2023,131159,R,55724,R,819,R,1856,R,55724,R,819,R,1856,R,55724,R,819,R,1856,R,32224,R,1015,R,2077,R,32224,R,1015,R,2077,R,32224,R,1015,R,2077,Y,.,Y,.,Y,.,Y,.,Y,.,Y,.,Y,.,Y,.,Y,.,Y,.,Y,.,Y,.,Y,.,Y,.,Y,.,Y,.,Y,.,Y,.,Y,.,Y,.,Y,.,Y,.,Y,.,Y,.,Y,.,Y,.,Y,.,Y,.,Y,.,Y,.,Y,.,Y,.,R,61936,R,1152,R,61936,R,1152,R,50542,R,793,R,51335,R,50542,R,792,R,51334,R,53070,R,819,R,53889,R,55724,R,819,R,56543,.,.,R,50542,R,793,R,51335,R,50542,R,792,R,51334,R,53070,R,819,R,53889,R,55724,R,819,R,56543,.,.,R,50542,R,793,R,51335,R,50542,R,792,R,51334,R,53070,R,819,R,53889,R,55724,R,819,R,56543,.,.,R,800,R,800,R,800,R,1000,R,14980,R,15150,R,15706,R,17012,R,909,R,1308,R,1308,R,1620,R,14980,R,15150,R,15706,R,14712,R,909,R,1308,R,1308,R,2404,R,1609,R,1736,R,1736,R,2298
2023,131469,R,64508,R,290,R,2080,R,64508,R,290,R,2080,R,64508,R,290,R,2080,R,35100,R,54,R,1950,R,35100,R,54,R,1950,R,35100,R,54,R,1950,Y,.,Y,.,Y,.,Y,.,Y,.,Y,.,Y,.,Y,.,R,67816,R,240,R,67816,R,240,Y,.,Y,.,Y,.,Y,.,Y,.,Y,.,Y,.,Y,.,Y,.,Y,.,Y,.,Y,.,Y,.,Y,.,Y,.,Y,.,Y,.,Y,.,Y,.,Y,.,R,69740,R,0,R,69740,R,0,R,58550,R,90,R,58640,R,59780,R,90,R,59870,R,62110,R,290,R,62400,R,64700,R,290,R,64990,.,.,R,58550,R,90,R,58640,R,59780,R,90,R,59870,R,62110,R,290,R,62400,R,64700,R,290,R,64990,.,.,R,58550,R,90,R,58640,R,59780,R,90,R,59870,R,62110,R,290,R,62400,R,64700,R,290,R,64990,.,.,R,1400,R,1400,R,1400,R,1400,R,14711,R,15440,R,15720,R,16300,R,1525,R,1625,R,1625,R,1625,R,14711,R,15440,R,15720,R,16300,R,1525,R,1625,R,1625,R,1625,R,1525,R,1625,R,1625,R,1625
2023,131496,R,64896,R,185,R,2704,R,64896,R,185,R,2704,R,64896,R,185,R,2704,R,58848,R,458,R,2452,R,58848,R,458,R,2452,R,58848,R,458,R,2452,Y,.,Y,.,Y,.,Y,.,Y,.,Y,.,Y,.,Y,.,R,60613,Z,0,R,60613,Z,0,Y,.,Y,.,Y,.,Y,.,Y,.,Y,.,Y,.,Y,.,Y,.,Y,.,Y,.,Y,.,Y,.,Y,.,Y,.,Y,.,Y,.,Y,.,Y,.,Y,.,R,75959,Z,0,R,75959,Z,0,R,51646,R,150,R,51796,R,59784,R,173,R,59957,R,61872,R,180,R,62052,R,64896,R,185,R,65081,.,.,R,51646,R,150,R,51796,R,59784,R,173,R,59957,R,61872,R,180,R,62052,R,64896,R,185,R,65081,.,.,R,51646,R,150,R,51796,R,59784,R,173,R,59957,R,61872,R,180,R,62052,R,64896,R,185,R,65081,.,.,R,1000,R,1200,R,1200,R,1200,R,5324,R,17758,R,18824,R,19750,R,1640,R,2600,R,2620,R,2710,A,.,A,.,A,.,A,.,A,.,A,.,A,.,A,.,A,.,A,.,A,.,A,.
2023,131520,R,32878,R,466,R,1370,R,32878,R,466,R,1370,R,32878,R,466,R,1370,R,37334,R,716,R,2027,R,37334,R,716,R,2027,R,37334,R,716,R,2027,Y,.,Y,.,Y,.,Y,.,R,46000,R,734,R,46000,R,734,R,55242,R,2390,R,55242,R,2390,Y,.,Y,.,Y,.,Y,.,Y,.,Y,.,Y,.,Y,.,R,34150,R,1220,R,34150,R,1220,Y,.,Y,.,Y,.,Y,.,Y,.,Y,.,Y,.,Y,.,R,37496,R,1116,R,37496,R,1116,R,26464,R,1976,R,28440,R,28450,R,466,R,28916,R,30584,R,466,R,31050,R,32878,R,466,R,33344,.,.,R,26464,R,1976,R,28440,R,28450,R,466,R,28916,R,30584,R,466,R,31050,R,32878,R,466,R,33344,.,.,R,26464,R,1976,R,28440,R,28450,R,466,R,28916,R,30584,R,466,R,31050,R,32878,R,466,R,33344,.,.,R,1900,R,1360,R,1360,R,1360,R,15650,R,14678,R,15880,R,16474,R,3260,R,3260,R,3160,R,3452,A,.,A,.,R,18380,R,22216,A,.,A,.,R,8736,R,6776,A,.,A,.,R,3160,R,3325
2023,133951,R,4721,R,1844,R,206,R,4721,R,1844,R,206,R,16529,R,2435,R,619,R,9119,R,2215,R,456,R,9119,R,2215,R,456,R,21600,R,2839,R,1002,Y,.,Y,.,Y,.,Y,.,Y,.,Y,.,Y,.,Y,.,R,32737,R,6118,R,62737,R,7618,Y,.,Y,.,Y,.,Y,.,Y,.,Y,.,Y,.,Y,.,Y,.,Y,.,Y,.,Y,.,Y,.,Y,.,Y,.,Y,.,Y,.,Y,.,Y,.,Y,.,R,17805,R,3310,R,30933,R,3966,R,4721,R,1844,R,6565,R,4721,R,1844,R,6565,R,4721,R,1844,R,6565,R,4721,R,1844,R,6565,.,.,R,4721,R,1844,R,6565,R,4721,R,1844,R,6565,R,4721,R,1844,R,6565,R,4721,R,1844,R,6565,.,.,R,16529,R,2434,R,18963,R,16529,R,2434,R,18963,R,16529,R,2434,R,18963,R,16529,R,2434,R,18963,.,.,R,1350,R,1350,R,1350,R,1350,R,10956,R,11076,R,11600,R,12156,R,4932,R,5006,R,5366,R,5900,R,12876,R,13062,R,13994,R,12500,R,5840,R,5926,R,6352,R,6984,R,8056,R,8174,R,8760,R,9188
2023,134097,R,4640,R,1877,R,218,R,4640,R,1877,R,218,R,19084,R,2599,R,724,R,9684,R,1869,R,482,R,9684,R,1869,R,482,R,24116,R,2591,R,1114,Y,.,Y,.,Y,.,Y,.,Y,.,Y,.,Y,.,Y,.,R,22408,R,3203,R,55314,R,4848,Y,.,Y,.,Y,.,Y,.,Y,.,Y,.,Y,.,Y,.,Y,.,Y,.,Y,.,Y,.,Y,.,Y,.,Y,.,Y,.,Y,.,Y,.,Y,.,Y,.,R,18071,R,2623,R,37130,R,3575,R,4022,R,1634,R,5656,R,4022,R,1634,R,5656,R,4022,R,1634,R,5656,R,4022,R,1634,R,5656,.,.,R,4022,R,1634,R,5656,R,4022,R,1634,R,5656,R,4022,R,1634,R,5656,R,4022,R,1634,R,5656,.,.,R,16540,R,2246,R,18786,R,16540,R,2246,R,18786,R,16540,R,2246,R,18786,R,16540,R,2246,R,18786,.,.,R,1000,R,1000,R,1000,R,1000,R,11088,R,11472,R,11592,R,12740,R,5382,R,5348,R,5532,R,6556,R,11088,R,11472,R,11592,R,12660,R,5382,R,5348,R,5532,R,6556,R,5382,R,5348,R,5532,R,5774
2023,134130,R,4477,R,1904,R,149,R,4477,R,1904,R,149,R,25694,R,2965,R,856,R,10770,R,1967,R,449,R,10770,R,1967,R,449,R,27335,R,2795,R,1139,Y,.,Y,.,Y,.,Y,.,R,37564,R,4154,R,62783,R,5415,R,32744,R,3913,R,60592,R,5306,Y,.,Y,.,Y,.,Y,.,Y,.,Y,.,Y,.,Y,.,R,19845,R,3057,R,41886,R,4159,Y,.,Y,.,Y,.,Y,.,R,25248,R,3539,R,45225,R,4538,R,19139,R,2665,R,34602,R,3438,R,4477,R,1904,R,6381,R,4477,R,1904,R,6381,R,4477,R,1904,R,6381,R,4477,R,1904,R,6381,.,.,R,4477,R,1904,R,6381,R,4477,R,1904,R,6381,R,4477,R,1904,R,6381,R,4477,R,1904,R,6381,.,.,R,25694,R,2965,R,28659,R,25694,R,2965,R,28659,R,25694,R,2965,R,28659,R,25694,R,2965,R,28659,.,.,R,890,R,810,R,810,R,1050,R,10590,R,10400,R,10950,R,11500,R,3570,R,3840,R,3670,R,3670,R,10590,R,10400,R,10950,R,11500,R,3570,R,3840,R,3670,R,4210,R,3570,R,3650,R,3670,R,4210
2023,135726,R,58104,R,1822,R,2421,R,58104,R,1822,R,2421,R,58104,R,1822,R,2421,R,43578,R,1280,R,2421,R,43578,R,1280,R,2421,R,43578,R,1280,R,2421,Y,.,Y,.,Y,.,Y,.,Y,.,Y,.,Y,.,Y,.,R,51628,R,1883,R,51628,R,1883,Y,.,Y,.,Y,.,Y,.,Y,.,Y,.,Y,.,Y,.,Y,.,Y,.,Y,.,Y,.,Y,.,Y,.,Y,.,Y,.,Y,.,Y,.,Y,.,Y,.,R,61100,R,1203,R,61100,R,1203,R,52080,R,1602,R,53682,R,53112,R,1648,R,54760,R,55440,R,1754,R,57194,R,58104,R,1822,R,59926,.,.,R,52080,R,1602,R,53682,R,53112,R,1648,R,54760,R,55440,R,1754,R,57194,R,58104,R,1822,R,59926,.,.,R,52080,R,1602,R,53682,R,53112,R,1648,R,54760,R,55440,R,1754,R,57194,R,58104,R,1822,R,59926,.,.,R,1000,R,1000,R,1070,R,1328,R,15470,R,15980,R,16910,R,21580,R,3560,R,3590,R,3846,R,5606,R,19190,R,20060,R,21150,R,22446,R,3560,R,3590,R,3846,R,5606,R,3560,R,3590,R,3846,R,5606
2023,137351,R,4559,R,1851,R,214,R,4559,R,1851,R,214,R,15473,R,1851,R,577,R,8350,R,2078,R,435,R,8350,R,2078,R,435,R,19048,R,2078,R,880,Y,.,Y,.,Y,.,Y,.,Y,.,Y,.,Y,.,Y,.,R,29175,R,4551,R,49355,R,5561,Y,.,Y,.,Y,.,Y,.,Y,.,Y,.,Y,.,Y,.,R,16610,R,3295,R,34355,R,4182,Y,.,Y,.,Y,.,Y,.,Y,.,Y,.,Y,.,Y,.,Y,.,Y,.,Y,.,Y,.,R,4559,R,1851,R,6410,R,4559,R,1851,R,6410,R,4559,R,1851,R,6410,R,4559,R,1851,R,6410,.,.,R,4559,R,1851,R,6410,R,4559,R,1851,R,6410,R,4559,R,1851,R,6410,R,4559,R,1851,R,6410,.,.,R,15473,R,1851,R,17324,R,15473,R,1851,R,17324,R,15473,R,1851,R,17324,R,15473,R,1851,R,17324,.,.,R,1100,R,1100,R,770,R,770,R,12256,R,12568,R,12622,R,13595,R,4100,R,4100,R,4850,R,4850,R,10062,R,10202,R,11844,R,12170,R,4100,R,4100,R,4850,R,4850,R,4100,R,4100,R,4850,R,4850
2023,139658,R,59920,R,854,R,2497,R,59920,R,854,R,2497,R,59920,R,854,R,2497,R,46800,R,922,R,2600,R,46800,R,922,R,2600,R,46800,R,922,R,2600,Y,.,Y,.,Y,.,Y,.,Y,.,Y,.,Y,.,Y,.,R,54000,R,1242,R,54000,R,1242,Y,.,Y,.,Y,.,Y,.,Y,.,Y,.,Y,.,Y,.,Y,.,Y,.,Y,.,Y,.,Y,.,Y,.,Y,.,Y,.,Y,.,Y,.,Y,.,Y,.,R,65510,R,722,R,65510,R,722,R,53070,R,798,R,53868,R,54660,R,808,R,55468,R,57120,R,828,R,57948,R,59920,R,854,R,60774,.,.,R,53070,R,798,R,53868,R,54660,R,808,R,55468,R,57120,R,828,R,57948,R,59920,R,854,R,60774,.,.,R,53070,R,798,R,53868,R,54660,R,808,R,55468,R,57120,R,828,R,57948,R,59920,R,854,R,60774,.,.,R,1224,R,1250,R,1250,R,1250,R,15242,R,16302,R,17016,R,18972,R,2550,R,2574,R,2600,R,2626,R,15242,R,16302,R,17016,R,18972,R,2550,R,2574,R,2600,R,2626,R,2550,R,2574,R,2600,R,2626
2023,139755,R,10258,R,1506,R,427,R,10258,R,1506,R,427,R,31370,R,1506,R,1307,R,14064,R,1506,R,586,R,14064,R,1506,R,586,R,29140,R,1506,R,1215,A,.,A,.,A,.,A,.,A,.,A,.,A,.,A,.,A,.,A,.,A,.,A,.,A,.,A,.,A,.,A,.,A,.,A,.,A,.,A,.,A,.,A,.,A,.,A,.,A,.,A,.,A,.,A,.,A,.,A,.,A,.,A,.,A,.,A,.,A,.,A,.,R,10258,R,2594,R,12852,R,10258,R,2594,R,12852,R,10258,R,1506,R,11764,R,10258,R,1506,R,11764,.,.,R,10258,R,2594,R,12852,R,10258,R,2594,R,12852,R,10258,R,1506,R,11764,R,10258,R,1506,R,11764,.,.,R,31370,R,2594,R,33964,R,31370,R,2594,R,33964,R,31370,R,1506,R,32876,R,31370,R,1506,R,32876,.,.,R,800,R,800,R,800,R,800,R,12090,R,12090,R,12342,R,12760,R,4060,R,4060,R,3200,R,3200,R,14986,R,14986,R,12342,R,12760,R,4060,R,4060,R,3200,R,3200,R,4060,R,4060,R,9200,R,9200
2023,139959,R,9790,R,1390,R,2909,R,9790,R,1390,R,2909,R,28830,R,1390,R,8555,R,8878,R,1390,R,370,R,8878,R,1390,R,370,R,25186,R,1390,R,1050,Y,.,Y,.,Y,.,Y,.,Y,.,Y,.,Y,.,Y,.,Y,.,Y,.,Y,.,Y,.,Y,.,Y,.,Y,.,Y,.,Y,.,Y,.,Y,.,Y,.,R,16636,R,1390,R,37344,R,1390,Y,.,Y,.,Y,.,Y,.,R,17514,R,1390,R,47176,R,1390,R,17604,R,1390,R,36362,R,1390,R,9790,R,2290,R,12080,R,9790,R,2290,R,12080,R,9790,R,1390,R,11180,R,9790,R,1390,R,11180,.,.,R,9790,R,2290,R,12080,R,9790,R,2290,R,12080,R,9790,R,1390,R,11180,R,9790,R,1390,R,11180,.,.,R,28830,R,2290,R,31120,R,28830,R,2290,R,31120,R,28830,R,1390,R,30220,R,28830,R,1390,R,30220,.,.,R,1052,R,1032,R,888,R,1002,R,10328,R,10452,R,10904,R,11246,R,4198,R,4394,R,4570,R,4678,R,8376,R,8362,R,8644,R,9898,R,4828,R,5160,R,5446,R,5634,R,4828,R,5160,R,5446,R,5634
2023,144050,R,63801,R,1818,R,2127,R,63801,R,1818,R,2127,R,63801,R,1818,R,2127,R,65145,R,1398,R,2172,R,65145,R,1398,R,2172,R,65145,R,1398,R,2172,Y,.,Y,.,Y,.,Y,.,Y,.,Y,.,Y,.,Y,.,R,79624,R,1864,R,79624,R,1864,Y,.,Y,.,Y,.,Y,.,Y,.,Y,.,Y,.,Y,.,Y,.,Y,.,Y,.,Y,.,Y,.,Y,.,Y,.,Y,.,Y,.,Y,.,Y,.,Y,.,R,76479,R,1398,R,76479,R,1398,R,57642,R,2910,R,60552,R,59256,R,2985,R,62241,R,61179,R,3081,R,64260,R,63801,R,3138,R,66939,.,.,R,57642,R,2910,R,60552,R,59256,R,2985,R,62241,R,61179,R,3081,R,64260,R,63801,R,3138,R,66939,.,.,R,57642,R,2910,R,60552,R,59256,R,2985,R,62241,R,61179,R,3081,R,64260,R,63801,R,3138,R,66939,.,.,R,1800,R,1800,R,1800,R,1800,R,17004,R,17685,R,18396,R,19221,R,2175,R,2400,R,2400,R,2400,A,.,A,.,A,.,A,.,A,.,A,.,A,.,A,.,A,.,A,.,A,.,A,.
2023,145600,R,12656,R,3160,R,449,R,12656,R,3160,R,449,R,28345,R,3160,R,843,R,14108,R,3160,R,772,R,14108,R,3160,R,772,R,25481,R,3160,R,1121,Y,.,Y,.,Y,.,Y,.,R,37074,R,11726,R,66716,R,11726,R,31200,R,3202,R,53800,R,3202,Y,.,Y,.,Y,.,Y,.,Y,.,Y,.,Y,.,Y,.,R,26270,R,3160,R,26270,R,3160,Y,.,Y,.,Y,.,Y,.,Y,.,Y,.,Y,.,Y,.,R,36000,R,3160,R,45000,R,3160,R,10776,R,3322,R,14098,R,10776,R,3350,R,14126,R,10970,R,3076,R,14046,R,11178,R,3160,R,14338,0,.,R,10776,R,3322,R,14098,R,10776,R,3350,R,14126,R,10970,R,3076,R,14046,R,11178,R,3160,R,14338,0,.,R,25126,R,3322,R,28448,R,25126,R,3350,R,28476,R,25578,R,3076,R,28654,R,26200,R,3160,R,29360,0,.,R,1400,R,1400,R,1400,R,1400,R,12000,R,12250,R,14400,R,14600,R,3470,R,3400,R,6026,R,6026,R,12000,R,12250,R,14400,R,14400,R,3470,R,3400,R,6026,R,6026,R,3000,R,3200,R,5826,R,5826
2023,145637,R,14768,R,3292,R,601,R,14768,R,3292,R,601,R,35900,R,3292,R,1019,R,15545,R,3292,R,543,R,15545,R,3292,R,543,R,30348,R,3292,R,648,Y,.,Y,.,Y,.,Y,.,Y,.,Y,.,Y,.,Y,.,R,37186,R,3292,R,46926,R,3292,Y,.,Y,.,Y,.,Y,.,Y,.,Y,.,Y,.,Y,.,Y,.,Y,.,Y,.,Y,.,Y,.,Y,.,Y,.,Y,.,R,30452,R,3492,R,54544,R,3492,R,36500,R,3317,R,46500,R,3317,R,12254,R,2896,R,15150,R,12254,R,3188,R,15442,R,12474,R,3240,R,15714,R,12712,R,3292,R,16004,0,.,R,12254,R,2896,R,15150,R,12254,R,3188,R,15442,R,12474,R,3240,R,15714,R,12712,R,3292,R,16004,0,.,R,29704,R,2896,R,32600,R,29704,R,3188,R,32892,R,30446,R,3240,R,33686,R,31208,R,3293,R,34501,0,.,R,1200,R,1200,R,1200,R,1200,R,12252,R,12494,R,12720,R,13938,R,2500,R,2500,R,2500,R,2500,A,.,A,.,A,.,A,.,A,.,A,.,A,.,A,.,A,.,A,.,A,.,A,.
2023,147767,R,64887,R,1110,R,7690,R,64887,R,1110,R,7690,R,64887,R,1110,R,7690,R,52698,R,1173,R,7667,R,52698,R,1173,R,7667,R,52698,R,1173,R,7667,Y,.,Y,.,Y,.,Y,.,Y,.,Y,.,Y,.,Y,.,R,69850,R,2198,R,69850,R,2198,Y,.,Y,.,Y,.,Y,.,Y,.,Y,.,Y,.,Y,.,Y,.,Y,.,Y,.,Y,.,Y,.,Y,.,Y,.,Y,.,Y,.,Y,.,Y,.,Y,.,R,73754,R,798,R,73754,R,798,R,56286,R,454,R,56740,R,60276,R,492,R,60768,R,62391,R,1077,R,63468,R,64887,R,1110,R,65997,.,.,R,56286,R,454,R,56740,R,60276,R,492,R,60768,R,62391,R,1077,R,63468,R,64887,R,1110,R,65997,.,.,R,56286,R,454,R,56740,R,60276,R,492,R,60768,R,62391,R,1077,R,63468,R,64887,R,1110,R,65997,.,.,R,1662,R,1566,R,1590,R,1686,R,17616,R,18264,R,19440,R,20334,R,3304,R,3243,R,3306,R,3273,R,17616,R,18264,R,19440,R,20334,R,3304,R,3243,R,3306,R,3273,R,5845,R,5910,R,5817,R,6234
2023,151351,R,10312,R,1478,R,322,R,10312,R,1478,R,322,R,39004,R,1478,R,1219,R,10133,R,1478,R,422,R,10133,R,1478,R,422,R,31932,R,1478,R,1331,Y,.,Y,.,Y,.,Y,.,Y,.,Y,.,Y,.,Y,.,Y,.,Y,.,Y,.,Y,.,R,32478,R,1478,R,45014,R,1478,Y,.,Y,.,Y,.,Y,.,Y,.,Y,.,Y,.,Y,.,Y,.,Y,.,Y,.,Y,.,Y,.,Y,.,Y,.,Y,.,R,36750,R,1478,R,58000,R,1478,R,9815,R,1406,R,11221,R,9913,R,1420,R,11333,R,10012,R,1435,R,11447,R,10312,R,1478,R,11790,.,.,R,9815,R,1406,R,11221,R,9913,R,1420,R,11333,R,10012,R,1435,R,11447,R,10312,R,1478,R,11790,.,.,R,36194,R,1406,R,37600,R,36932,R,1420,R,38352,R,37685,R,1435,R,39120,R,39004,R,1478,R,40482,.,.,R,930,R,1050,R,900,R,690,R,11206,R,12098,R,12228,R,13380,R,2830,R,2818,R,2882,R,3040,R,11206,R,12098,R,12228,R,13380,R,2830,R,2818,R,2882,R,3040,R,4190,R,4140,R,4182,R,4550
2023,152080,R,62186,R,507,R,2591,R,62186,R,507,R,2591,R,62186,R,507,R,2591,R,62030,R,472,R,3446,R,62030,R,472,R,3446,R,62030,R,472,R,3446,Y,.,Y,.,Y,.,Y,.,Y,.,Y,.,Y,.,Y,.,Y,.,Y,.,Y,.,Y,.,Y,.,Y,.,Y,.,Y,.,Y,.,Y,.,Y,.,Y,.,Y,.,Y,.,Y,.,Y,.,Y,.,Y,.,Y,.,Y,.,Y,.,Y,.,Y,.,Y,.,R,68054,R,500,R,68054,R,500,R,57192,R,507,R,57699,R,58336,R,507,R,58843,R,59794,R,507,R,60301,R,62186,R,507,R,62693,.,.,R,57192,R,507,R,57699,R,58336,R,507,R,58843,R,59794,R,507,R,60301,R,62186,R,507,R,62693,.,.,R,57192,R,507,R,57699,R,58336,R,507,R,58843,R,59794,R,507,R,60301,R,62186,R,507,R,62693,.,.,R,1250,R,1250,R,1250,R,1250,R,15984,R,16304,R,16710,R,17378,R,1950,R,1950,R,1950,R,1950,R,15984,R,16304,R,16710,R,17378,R,1950,R,1950,R,1950,R,1950,R,1950,R,1950,R,1950,R,1950
2023,160755,R,61306,R,4232,R,2555,R,61306,R,4232,R,2555,R,61306,R,4232,R,2555,R,63814,R,2232,R,3546,R,63814,R,2232,R,3546,R,63814,R,2232,R,3546,Y,.,Y,.,Y,.,Y,.,Y,.,Y,.,Y,.,Y,.,R,69318,R,4448,R,69318,R,4448,Y,.,Y,.,Y,.,Y,.,Y,.,Y,.,Y,.,Y,.,Y,.,Y,.,Y,.,Y,.,Y,.,Y,.,Y,.,Y,.,Y,.,Y,.,Y,.,Y,.,R,63108,R,4672,R,63108,R,4672,R,54766,R,4086,R,58852,R,56684,R,4130,R,60814,R,58666,R,4178,R,62844,R,61306,R,4232,R,65538,.,.,R,54766,R,4086,R,58852,R,56684,R,4130,R,60814,R,58666,R,4178,R,62844,R,61306,R,4232,R,65538,.,.,R,54766,R,4086,R,58852,R,56684,R,4130,R,60814,R,58666,R,4178,R,62844,R,61306,R,4232,R,65538,.,.,R,1200,R,1200,R,1200,R,1200,R,16248,R,16778,R,17322,R,18088,R,2380,R,2400,R,2500,R,2620,R,16248,R,16778,R,17322,R,18088,R,2380,R,2400,R,2500,R,2620,R,5764,R,5846,R,6222,R,6720
2023,162928,R,62840,R,0,R,2095,R,62840,Z,0,R,2095,R,62840,Z,0,R,2095,R,62840,R,3116,R,2095,R,62840,R,3116,R,2095,R,62840,R,3116,R,2095,Y,.,Y,.,Y,.,Y,.,Y,.,Y,.,Y,.,Y,.,R,62850,R,3966,R,62850,R,3966,Y,.,Y,.,Y,.,Y,.,Y,.,Y,.,Y,.,Y,.,Y,.,Y,.,Y,.,Y,.,Y,.,Y,.,Y,.,Y,.,Y,.,Y,.,Y,.,Y,.,Y,.,Y,.,Y,.,Y,.,R,54160,R,500,R,54660,R,58720,R,500,R,59220,R,60480,R,500,R,60980,R,62840,R,500,R,63340,.,.,R,54160,R,500,R,54660,R,58720,R,500,R,59220,R,60480,R,500,R,60980,R,62840,R,500,R,63340,.,.,R,54160,R,500,R,54660,R,58720,R,500,R,59220,R,60480,R,500,R,60980,R,62840,R,500,R,63340,.,.,R,1260,R,1270,R,1280,R,1345,R,11095,R,16800,R,17640,R,19910,R,1152,R,1187,R,1400,R,1470,R,12820,R,13406,R,13808,R,14498,R,1152,R,1187,R,1400,R,1470,R,1152,R,1187,R,1400,R,1470
2023,163286,R,9889,R,1616,R,412,R,9889,R,1616,R,412,R,38690,R,1616,R,1613,R,16560,R,1283,R,828,R,16560,R,1283,R,828,R,36100,R,1283,R,1805,Y,.,Y,.,Y,.,Y,.,Y,.,Y,.,Y,.,Y,.,Y,.,Y,.,Y,.,Y,.,Y,.,Y,.,Y,.,Y,.,Y,.,Y,.,Y,.,Y,.,Y,.,Y,.,Y,.,Y,.,Y,.,Y,.,Y,.,Y,.,R,24177,R,1990,R,55388,R,2292,Y,.,Y,.,Y,.,Y,.,R,8824,R,1955,R,10779,R,9000,R,1955,R,10955,R,9695,R,1538,R,11233,R,9889,R,1616,R,11505,.,.,R,8824,R,1955,R,10779,R,9000,R,1955,R,10955,R,9695,R,1538,R,11233,R,9889,R,1616,R,11505,.,.,R,34936,R,1955,R,36891,R,36681,R,1955,R,38636,R,37931,R,1538,R,39469,R,38690,R,1616,R,40306,.,.,R,1250,R,1250,R,1250,R,1250,R,13256,R,13348,R,14576,R,15416,R,2522,R,2522,R,2578,R,2714,R,14434,R,14590,R,15060,R,15902,R,4202,R,4202,R,4258,R,4258,R,4202,R,4202,R,4258,R,4258
2023,164924,R,66410,R,1270,R,602,R,66410,R,1270,R,602,R,66410,R,1270,R,602,R,35784,R,116,R,1988,R,35784,R,116,R,1988,R,35784,R,116,R,1988,Y,.,Y,.,Y,.,Y,.,Y,.,Y,.,Y,.,Y,.,Y,.,Y,.,Y,.,Y,.,Y,.,Y,.,Y,.,Y,.,Y,.,Y,.,Y,.,Y,.,Y,.,Y,.,Y,.,Y,.,Y,.,Y,.,Y,.,Y,.,Y,.,Y,.,Y,.,Y,.,R,66600,R,295,R,66600,R,295,R,59050,R,1152,R,60202,R,60530,R,1176,R,61706,R,62950,R,1226,R,64176,R,66410,R,1270,R,67680,.,.,R,59050,R,1152,R,60202,R,60530,R,1176,R,61706,R,62950,R,1226,R,64176,R,66410,R,1270,R,67680,.,.,R,59050,R,1152,R,60202,R,60530,R,1176,R,61706,R,62950,R,1226,R,64176,R,66410,R,1270,R,67680,.,.,R,1250,R,1250,R,1250,R,1250,R,15220,R,15602,R,16120,R,18475,R,1900,R,2100,R,2200,R,2200,R,11550,R,11550,R,11750,R,14641,R,1900,R,2100,R,2200,R,2200,R,3400,R,3900,R,4100,R,5158
2023,164988,R,63798,R,1370,R,1994,R,63798,R,1370,R,1994,R,63798,R,1370,R,1994,R,63798,R,914,R,1994,R,63798,R,914,R,1994,R,63798,R,914,R,1994,Y,.,Y,.,Y,.,Y,.,R,91500,R,514,R,91500,R,514,R,69806,R,514,R,69806,R,514,Y,.,Y,.,Y,.,Y,.,Y,.,Y,.,Y,.,Y,.,Y,.,Y,.,Y,.,Y,.,Y,.,Y,.,Y,.,Y,.,Y,.,Y,.,Y,.,Y,.,R,63606,R,914,R,63606,R,914,R,56854,R,1218,R,58072,R,58560,R,1256,R,59816,R,61050,R,1310,R,62360,R,63798,R,1370,R,65168,.,.,R,56854,R,1218,R,58072,R,58560,R,1256,R,59816,R,61050,R,1310,R,62360,R,63798,R,1370,R,65168,.,.,R,56854,R,1218,R,58072,R,58560,R,1256,R,59816,R,61050,R,1310,R,62360,R,63798,R,1370,R,65168,.,.,R,1000,R,1000,R,1000,R,1000,R,16640,R,16840,R,17400,R,18110,R,1950,R,1950,R,2000,R,2085,R,16640,R,16840,R,17400,R,18110,R,1950,R,1950,R,2000,R,2085,R,3900,R,3800,R,3850,R,3935
2023,165015,R,64348,R,598,R,2011,R,64348,R,598,R,2011,R,64348,R,598,R,2011,R,61458,R,120,R,1920,R,61458,R,120,R,1920,R,61458,R,120,R,1920,A,.,A,.,A,.,A,.,A,.,A,.,A,.,A,.,A,.,A,.,A,.,A,.,A,.,A,.,A,.,A,.,A,.,A,.,A,.,A,.,A,.,A,.,A,.,A,.,A,.,A,.,A,.,A,.,A,.,A,.,A,.,A,.,A,.,A,.,A,.,A,.,R,55340,R,2275,R,57615,R,59408,R,983,R,60391,R,61724,R,998,R,62722,R,64348,R,598,R,64946,.,.,R,55340,R,2275,R,57615,R,59408,R,983,R,60391,R,61724,R,998,R,62722,R,64348,R,598,R,64946,.,.,R,55340,R,2275,R,57615,R,59408,R,983,R,60391,R,61724,R,998,R,62722,R,64348,R,598,R,64946,.,.,R,1000,R,1000,R,1000,R,1000,R,16080,R,16650,R,17092,R,19096,R,1500,R,1500,R,1500,R,1200,R,11230,R,11620,R,12074,R,12648,R,1500,R,1500,R,1500,R,1200,R,2400,R,2400,R,3600,R,2100
2023,166027,R,54269,R,4807,R,1696,R,54269,R,4807,R,1696,R,54269,R,4807,R,1696,R,54032,R,1408,R,1689,R,54032,R,1408,R,1689,R,54032,R,1408,R,1689,Y,.,Y,.,Y,.,Y,.,R,69300,R,2288,R,69300,R,2288,R,69300,R,2005,R,69300,R,2005,Y,.,Y,.,Y,.,Y,.,Y,.,Y,.,Y,.,Y,.,Y,.,Y,.,Y,.,Y,.,Y,.,Y,.,Y,.,Y,.,Y,.,Y,.,Y,.,Y,.,R,73600,R,1408,R,73600,R,1408,R,49653,R,4349,R,54002,R,51143,R,4444,R,55587,R,52659,R,4602,R,57261,R,54269,R,4807,R,59076,.,.,R,49653,R,4349,R,54002,R,51143,R,4444,R,55587,R,52659,R,4602,R,57261,R,54269,R,4807,R,59076,.,.,R,49653,R,4349,R,54002,R,51143,R,4444,R,55587,R,52659,R,4602,R,57261,R,54269,R,4807,R,59076,.,.,R,900,R,900,R,900,R,1000,R,18389,R,18941,R,19502,R,20374,R,5649,R,5864,R,5179,R,6255,A,.,A,.,A,.,A,.,A,.,A,.,A,.,A,.,R,15981,A,.,A,.,A,.
2023,166629,R,16591,R,766,R,691,R,16591,R,766,R,691,R,38527,R,766,R,1605,R,14723,R,2286,R,818,R,14723,R,2286,R,818,R,32434,R,2286,R,1802,A,.,A,.,A,.,A,.,A,.,A,.,A,.,A,.,A,.,A,.,A,.,A,.,A,.,A,.,A,.,A,.,A,.,A,.,A,.,A,.,A,.,A,.,A,.,A,.,A,.,A,.,A,.,A,.,A,.,A,.,A,.,A,.,A,.,A,.,A,.,A,.,R,15791,R,648,R,16439,R,15791,R,648,R,16439,R,16186,R,766,R,16952,R,16591,R,766,R,17357,.,.,R,15791,R,648,R,16439,R,15791,R,648,R,16439,R,16186,R,766,R,16952,R,16591,R,766,R,17357,.,.,R,35779,R,648,R,36427,R,36316,R,648,R,36964,R,37405,R,766,R,38171,R,38527,R,766,R,39293,.,.,R,1000,R,1000,R,1000,R,1000,R,13329,R,13595,R,14123,R,14869,R,1400,R,1400,R,1400,R,1440,R,13329,R,13595,R,14123,R,15437,R,1400,R,1400,R,1400,R,1440,R,3400,R,3400,R,3400,R,3840
2023,166683,R,59750,R,406,R,2775,R,59750,R,406,R,2775,R,59750,R,406,R,2775,R,59750,R,3643,R,2775,R,59750,R,3643,R,2775,R,59750,R,3643,R,2775,A,.,A,.,A,.,A,.,A,.,A,.,A,.,A,.,A,.,A,.,A,.,A,.,A,.,A,.,A,.,A,.,A,.,A,.,A,.,A,.,A,.,A,.,A,.,A,.,A,.,A,.,A,.,A,.,A,.,A,.,A,.,A,.,A,.,A,.,A,.,A,.,R,53450,R,0,R,53450,R,55510,R,368,R,55878,R,57590,R,396,R,57986,R,59750,R,406,R,60156,.,.,R,53450,R,0,R,53450,R,55510,R,368,R,55878,R,57590,R,396,R,57986,R,59750,R,406,R,60156,.,.,R,53450,R,0,R,53450,R,55510,R,368,R,55878,R,57590,R,396,R,57986,R,59750,R,406,R,60156,.,.,R,830,R,840,R,850,R,880,R,16000,R,18100,R,18790,R,19390,R,2182,R,2202,R,2224,R,2304,A,.,A,.,A,.,A,.,A,.,A,.,A,.,A,.,R,2182,R,2202,R,2224,R,2304
2023,167358,R,62000,R,1141,R,1938,R,62000,R,1141,R,1938,R,62000,R,1141,R,1938,R,27728,R,372,R,1733,R,27728,R,372,R,1733,R,27728,R,372,R,1733,Y,.,Y,.,Y,.,Y,.,Y,.,Y,.,Y,.,Y,.,Y,.,Y,.,Y,.,Y,.,Y,.,Y,.,Y,.,Y,.,Y,.,Y,.,Y,.,Y,.,R,62000,R,1092,R,62000,R,1092,Y,.,Y,.,Y,.,Y,.,Y,.,Y,.,Y,.,Y,.,R,60408,R,158,R,60408,R,158,R,54360,R,1092,R,55452,R,56500,R,1092,R,57592,R,59100,R,1092,R,60192,R,62000,R,1141,R,63141,.,.,R,54360,R,1092,R,55452,R,56500,R,1092,R,57592,R,59100,R,1092,R,60192,R,62000,R,1141,R,63141,.,.,R,54360,R,1092,R,55452,R,56500,R,1092,R,57592,R,59100,R,1092,R,60192,R,62000,R,1141,R,63141,.,.,R,1000,R,1000,R,1000,R,1000,R,17480,R,17810,R,18430,R,18790,R,1800,R,1800,R,1800,R,1800,R,17480,R,17810,R,18430,R,18790,R,1800,R,1800,R,1800,R,1800,R,1800,R,1800,R,1800,R,1800
2023,168148,R,66358,R,1486,R,2212,R,66358,R,1486,R,2212,R,66358,R,1486,R,2212,R,48324,R,1152,R,1611,R,48324,R,1152,R,1611,R,48324,R,1152,R,1611,Y,.,Y,.,Y,.,Y,.,R,91056,R,13545,R,91056,R,13545,R,69036,R,832,R,69036,R,832,Y,.,Y,.,Y,.,Y,.,Y,.,Y,.,Y,.,Y,.,Y,.,Y,.,Y,.,Y,.,Y,.,Y,.,Y,.,Y,.,R,67618,R,1290,R,67618,R,1290,Y,.,Y,.,Y,.,Y,.,R,59560,R,1302,R,60862,R,61646,R,1354,R,63000,R,63804,R,1418,R,65222,R,66358,R,1486,R,67844,.,.,R,59560,R,1302,R,60862,R,61646,R,1354,R,63000,R,63804,R,1418,R,65222,R,66358,R,1486,R,67844,.,.,R,59560,R,1302,R,60862,R,61646,R,1354,R,63000,R,63804,R,1418,R,65222,R,66358,R,1486,R,67844,.,.,R,1000,R,1000,R,1000,R,1000,R,15630,R,16210,R,16778,R,17660,R,1508,R,1490,R,1600,R,1796,R,15630,R,16210,R,16778,R,17660,R,1508,R,1490,R,1600,R,1796,R,8138,R,8100,R,8378,R,9834
2023,168421,R,57960,R,910,R,1610,R,57960,R,910,R,1610,R,57960,R,910,R,1610,R,28980,R,60,R,1610,R,28980,R,60,R,1610,R,28980,R,60,R,1610,A,.,A,.,A,.,A,.,A,.,A,.,A,.,A,.,A,.,A,.,A,.,A,.,A,.,A,.,A,.,A,.,A,.,A,.,A,.,A,.,A,.,A,.,A,.,A,.,A,.,A,.,A,.,A,.,A,.,A,.,A,.,A,.,A,.,A,.,A,.,A,.,R,53100,R,1316,R,54416,R,54640,R,1091,R,55731,R,56000,R,1096,R,57096,R,57960,R,1110,R,59070,.,.,R,53100,R,1316,R,54416,R,54640,R,1091,R,55731,R,56000,R,1096,R,57096,R,57960,R,1110,R,59070,.,.,R,53100,R,1316,R,54416,R,54640,R,1091,R,55731,R,56000,R,1096,R,57096,R,57960,R,1110,R,59070,.,.,R,1200,R,1200,R,1200,R,1200,R,15680,R,16140,R,16544,R,18072,R,1000,R,1200,R,1200,R,1200,R,15680,R,16140,R,16544,R,18072,R,1000,R,1200,R,1200,R,1200,R,2500,R,2700,R,2700,R,2700
2023,170976,R,17977,R,332,R,716,R,17977,R,332,R,716,R,59775,R,332,R,2458,R,27192,R,332,R,1467,R,27192,R,332,R,1467,R,54720,R,332,R,2996,Y,.,Y,.,Y,.,Y,.,R,56100,R,498,R,76095,R,498,R,52779,R,498,R,71805,R,498,Y,.,Y,.,Y,.,Y,.,Y,.,Y,.,Y,.,Y,.,R,35666,R,332,R,41948,R,332,Y,.,Y,.,Y,.,Y,.,Y,.,Y,.,Y,.,Y,.,R,69162,R,332,R,72162,R,332,R,15520,R,428,R,15948,R,15850,R,328,R,16178,R,16404,R,332,R,16736,R,16896,R,332,R,17228,.,.,R,15520,R,428,R,15948,R,15850,R,328,R,16178,R,16404,R,332,R,16736,R,16896,R,332,R,17228,.,.,R,51838,R,428,R,52266,R,52904,R,328,R,53232,R,55002,R,332,R,55334,R,57740,R,332,R,58072,.,.,R,1048,R,1048,R,1092,R,1126,R,12034,R,12592,R,13171,R,13856,R,2454,R,2454,R,2557,R,2572,R,12034,R,12592,R,13171,R,13856,R,2454,R,2454,R,2557,R,2572,R,7710,R,7868,R,8221,R,8476
2023,171100,R,16930,R,340,R,564,R,16930,R,340,R,564,R,43700,R,340,R,1457,R,20808,R,340,R,867,R,20808,R,340,R,867,R,40884,R,340,R,1704,Y,.,Y,.,Y,.,Y,.,Y,.,Y,.,Y,.,Y,.,R,31312,R,340,R,58066,R,340,Y,.,Y,.,Y,.,Y,.,R,31312,R,340,R,43550,R,340,Y,.,Y,.,Y,.,Y,.,Y,.,Y,.,Y,.,Y,.,R,31628,R,340,R,47436,R,340,R,41040,R,340,R,45600,R,340,R,14460,R,0,R,14460,R,14750,R,0,R,14750,R,15192,R,180,R,15372,R,15648,R,340,R,15988,.,.,R,14460,R,0,R,14460,R,14750,R,0,R,14750,R,15192,R,180,R,15372,R,15648,R,340,R,15988,.,.,R,39766,R,0,R,39766,R,40562,R,0,R,40562,R,41778,R,180,R,41958,R,43032,R,340,R,43372,.,.,R,1154,R,1168,R,1254,R,1334,R,10522,R,10676,R,10990,R,11754,R,3094,R,3140,R,3374,R,3592,R,10522,R,10676,R,10990,R,11754,R,3094,R,3140,R,3374,R,3592,R,3094,R,3140,R,3374,R,3592
2023,174066,R,14496,R,1992,R,558,R,14496,R,1992,R,558,R,34410,R,1992,R,1324,R,19116,R,1975,R,1593,R,19116,R,1975,R,1593,R,29580,R,1975,R,2465,Y,.,Y,.,Y,.,Y,.,R,58083,R,8026,R,107197,R,8026,R,42861,R,2316,R,64257,R,2316,Y,.,Y,.,Y,.,Y,.,Y,.,Y,.,Y,.,Y,.,R,27864,R,2259,R,32000,R,2259,Y,.,Y,.,Y,.,Y,.,R,32076,R,2409,R,59616,R,2409,R,46656,R,2309,R,56088,R,2309,R,13318,R,1709,R,15027,R,13532,R,1722,R,15254,R,14006,R,1853,R,15859,R,14496,R,1992,R,16488,.,.,R,13318,R,1709,R,15027,R,13532,R,1722,R,15254,R,14006,R,1853,R,15859,R,14496,R,1992,R,16488,.,.,R,31616,R,1709,R,33325,R,32096,R,1722,R,33818,R,33246,R,1853,R,35099,R,34410,R,1992,R,36402,.,.,R,1000,R,1000,R,1000,R,1000,R,10358,R,10934,R,11894,R,13028,R,2442,R,2228,R,2346,R,2350,R,10358,R,10934,R,11894,R,13028,R,2442,R,2228,R,2346,R,2350,R,2442,R,2228,R,2346,R,2350
2023,179867,R,61750,R,1232,R,2573,R,61750,R,1232,R,2573,R,61750,R,1232,R,2573,R,61750,R,616,R,2573,R,61750,R,616,R,2573,R,61750,R,616,R,2573,Y,.,Y,.,Y,.,Y,.,Y,.,Y,.,Y,.,Y,.,R,67295,R,1500,R,67295,R,1500,Y,.,Y,.,Y,.,Y,.,Y,.,Y,.,Y,.,Y,.,Y,.,Y,.,Y,.,Y,.,Y,.,Y,.,Y,.,Y,.,Y,.,Y,.,Y,.,Y,.,R,67008,R,616,R,67008,R,616,R,56300,R,1086,R,57386,R,57750,R,1116,R,58866,R,59420,R,1170,R,60590,R,61750,R,1232,R,62982,.,.,R,56300,R,1086,R,57386,R,57750,R,1116,R,58866,R,59420,R,1170,R,60590,R,61750,R,1232,R,62982,.,.,R,56300,R,1086,R,57386,R,57750,R,1116,R,58866,R,59420,R,1170,R,60590,R,61750,R,1232,R,62982,.,.,R,1144,R,1158,R,1180,R,1264,R,17402,R,17900,R,18470,R,20778,R,3654,R,3696,R,3236,R,3464,R,17402,R,17900,R,18470,R,20778,R,3654,R,3696,R,3236,R,3464,R,5098,R,5158,R,5260,R,5629
2023,182670,R,63684,R,1827,R,8491,R,63684,R,1827,R,8491,R,63684,R,1827,R,8491,R,63684,R,384,R,8491,R,63684,R,384,R,8491,R,63684,R,384,R,8491,Y,.,Y,.,Y,.,Y,.,Y,.,Y,.,Y,.,Y,.,R,67532,R,2551,R,67532,R,2551,Y,.,Y,.,Y,.,Y,.,Y,.,Y,.,Y,.,Y,.,Y,.,Y,.,Y,.,Y,.,Y,.,Y,.,Y,.,Y,.,Y,.,Y,.,Y,.,Y,.,Y,.,Y,.,Y,.,Y,.,R,57796,R,2321,R,60117,R,58953,R,1917,R,60870,R,60687,R,1971,R,62658,R,63684,R,2055,R,65739,.,.,R,57796,R,2321,R,60117,R,58953,R,1917,R,60870,R,60687,R,1971,R,62658,R,63684,R,2055,R,65739,.,.,R,57796,R,2321,R,60117,R,58953,R,1917,R,60870,R,60687,R,1971,R,62658,R,63684,R,2055,R,65739,.,.,R,1005,R,1005,R,1005,R,1005,R,17022,R,17586,R,18099,R,19009,R,2040,R,2040,R,2040,R,2040,A,.,A,.,A,.,A,.,A,.,A,.,A,.,A,.,A,.,A,.,A,.,A,.
2023,185828,R,15616,R,3406,R,595,R,15616,R,3406,R,595,R,32528,R,3406,R,1392,R,22534,R,3384,R,1226,R,22534,R,3384,R,1226,R,33318,R,3384,R,1760,A,.,A,.,A,.,A,.,A,.,A,.,A,.,A,.,A,.,A,.,A,.,A,.,A,.,A,.,A,.,A,.,A,.,A,.,A,.,A,.,A,.,A,.,A,.,A,.,A,.,A,.,A,.,A,.,A,.,A,.,A,.,A,.,A,.,A,.,A,.,A,.,R,14448,R,3226,R,17674,R,14790,R,3226,R,18016,R,15198,R,3314,R,18512,R,15616,R,3406,R,19022,.,.,R,14448,R,3226,R,17674,R,14790,R,3226,R,18016,R,15198,R,3314,R,18512,R,15616,R,3406,R,19022,.,.,R,30160,R,3226,R,33386,R,30808,R,3226,R,34034,R,31658,R,3314,R,34972,R,32528,R,3406,R,35934,.,.,R,2900,R,3000,R,2750,R,2750,R,13900,R,14200,R,14600,R,15000,R,4100,R,4100,R,4300,R,4580,R,12400,R,12700,R,12200,R,17200,R,6300,R,6300,R,6500,R,6680,R,6300,R,6300,R,6500,R,6680
2023,186131,R,59710,R,0,R,1926,R,59710,Z,0,R,1926,R,59710,Z,0,R,1926,R,59710,R,3150,A,.,R,59710,R,3150,A,.,R,59710,R,3150,A,.,A,.,A,.,A,.,A,.,A,.,A,.,A,.,A,.,A,.,A,.,A,.,A,.,A,.,A,.,A,.,A,.,A,.,A,.,A,.,A,.,A,.,A,.,A,.,A,.,A,.,A,.,A,.,A,.,A,.,A,.,A,.,A,.,A,.,A,.,A,.,A,.,R,48502,R,0,R,48502,R,56010,R,0,R,56010,R,57410,R,0,R,57410,R,59710,R,0,R,59710,.,.,R,48502,R,0,R,48502,R,56010,R,0,R,56010,R,57410,R,0,R,57410,R,59710,R,0,R,59710,.,.,R,48502,R,0,R,48502,R,56010,R,0,R,56010,R,57410,R,0,R,57410,R,59710,R,0,R,59710,.,.,R,1050,R,1050,R,1050,R,1050,R,15342,R,18180,R,18630,R,19380,R,3150,R,3250,R,3350,R,3900,A,.,A,.,A,.,A,.,A,.,A,.,A,.,A,.,A,.,A,.,A,.,A,.
2023,186371,R,13674,R,3405,R,441,R,13674,R,3405,R,441,R,32436,R,3405,R,1054,R,19824,R,2704,R,826,R,19824,R,2704,R,826,R,32664,R,2704,R,1361,Y,.,Y,.,Y,.,Y,.,Y,.,Y,.,Y,.,Y,.,Y,.,Y,.,Y,.,Y,.,Y,.,Y,.,Y,.,Y,.,Y,.,Y,.,Y,.,Y,.,Y,.,Y,.,Y,.,Y,.,Y,.,Y,.,Y,.,Y,.,Y,.,Y,.,Y,.,Y,.,R,28370,R,3692,R,43003,R,3692,R,12230,R,2647,R,14877,R,12536,R,3121,R,15657,R,12900,R,3212,R,16112,R,13674,R,3405,R,17079,.,.,R,12230,R,2647,R,14877,R,12536,R,3121,R,15657,R,12900,R,3212,R,16112,R,13674,R,3405,R,17079,.,.,R,28466,R,2647,R,31113,R,29178,R,3121,R,32299,R,30600,R,3212,R,33812,R,32436,R,3405,R,35841,.,.,R,1350,R,1350,R,1350,R,1391,R,12691,R,12652,R,12923,R,13389,R,3574,R,3574,R,4244,R,4372,R,16706,R,16870,R,17878,R,18414,R,6641,R,6641,R,11418,R,11760,R,6641,R,6641,R,11418,R,11760
2023,186380,R,13674,R,3565,R,441,R,13674,R,3565,R,441,R,32436,R,3565,R,1054,R,19824,R,2524,R,826,R,19824,R,2524,R,826,R,33720,R,2524,R,1405,Y,.,Y,.,Y,.,Y,.,R,59796,R,15221,R,96884,R,15221,R,44435,R,3070,R,71279,R,3070,Y,.,Y,.,Y,.,Y,.,Y,.,Y,.,Y,.,Y,.,R,21199,R,2794,R,41714,R,2794,Y,.,Y,.,Y,.,Y,.,Y,.,Y,.,Y,.,Y,.,Y,.,Y,.,Y,.,Y,.,R,12230,R,2773,R,15003,R,12536,R,3268,R,15804,R,12900,R,3363,R,16263,R,13674,R,3565,R,17239,.,.,R,12230,R,2773,R,15003,R,12536,R,3268,R,15804,R,12900,R,3363,R,16263,R,13674,R,3565,R,17239,.,.,R,29012,R,2773,R,31785,R,29737,R,3268,R,33005,R,30600,R,3363,R,33963,R,32436,R,3565,R,36001,.,.,R,1350,R,1350,R,1350,R,1391,R,13075,R,13402,R,13909,R,14715,R,3574,R,3574,R,4244,R,4372,R,16706,R,16870,R,17878,R,18414,R,6641,R,6641,R,11418,R,11760,R,6641,R,6641,R,11418,R,11760
2023,186399,R,13674,R,2912,R,441,R,13674,R,2912,R,441,R,32436,R,2912,R,1054,R,19824,R,2505,R,826,R,19824,R,2505,R,826,R,33720,R,2505,R,1405,Y,.,Y,.,Y,.,Y,.,Y,.,Y,.,Y,.,Y,.,Y,.,Y,.,Y,.,Y,.,Y,.,Y,.,Y,.,Y,.,Y,.,Y,.,Y,.,Y,.,Y,.,Y,.,Y,.,Y,.,Y,.,Y,.,Y,.,Y,.,Y,.,Y,.,Y,.,Y,.,R,28370,R,3395,R,43003,R,3395,R,12230,R,2272,R,14502,R,12536,R,2672,R,15208,R,12900,R,2748,R,15648,R,13674,R,2912,R,16586,.,.,R,12230,R,2272,R,14502,R,12536,R,2672,R,15208,R,12900,R,2748,R,15648,R,13674,R,2912,R,16586,.,.,R,29012,R,2272,R,31284,R,29737,R,2672,R,32409,R,30600,R,2748,R,33348,R,32436,R,2912,R,35348,.,.,R,1350,R,1350,R,1350,R,1391,R,13929,R,13930,R,14343,R,15060,R,3574,R,3574,R,4244,R,4372,R,16706,R,16870,R,17878,R,18414,R,6641,R,6641,R,11418,R,11760,R,6641,R,6641,R,11418,R,11760
2023,186867,R,58680,R,2272,R,1956,R,58680,R,2272,R,1956,R,58680,R,2272,R,1956,R,41380,R,1608,R,1864,R,41380,R,1608,R,1864,R,41380,R,1608,R,1864,A,.,A,.,A,.,A,.,A,.,A,.,A,.,A,.,A,.,A,.,A,.,A,.,A,.,A,.,A,.,A,.,A,.,A,.,A,.,A,.,A,.,A,.,A,.,A,.,A,.,A,.,A,.,A,.,A,.,A,.,A,.,A,.,A,.,A,.,A,.,A,.,R,53828,R,2124,R,55952,R,54780,R,2140,R,56920,R,56424,R,2200,R,58624,R,58680,R,2272,R,60952,.,.,R,53828,R,2124,R,55952,R,54780,R,2140,R,56920,R,56424,R,2200,R,58624,R,58680,R,2272,R,60952,.,.,R,53828,R,2124,R,55952,R,54780,R,2140,R,56920,R,56424,R,2200,R,58624,R,58680,R,2272,R,60952,.,.,R,1200,R,1200,R,1200,R,1200,R,16244,R,16600,R,17080,R,18650,R,1020,R,1050,R,1050,R,1050,R,16244,R,16600,R,17080,R,18650,R,1050,R,1050,R,1050,R,1050,R,1550,R,1550,R,1550,R,1550
2023,190415,R,65204,R,810,R,1750,R,65204,R,810,R,1750,R,65204,R,810,R,1750,R,29500,R,585,R,1680,R,29500,R,585,R,1680,R,29500,R,585,R,1680,Y,.,Y,.,Y,.,Y,.,Y,.,Y,.,Y,.,Y,.,Y,.,Y,.,Y,.,Y,.,Y,.,Y,.,Y,.,Y,.,Y,.,Y,.,Y,.,Y,.,Y,.,Y,.,Y,.,Y,.,Y,.,Y,.,Y,.,Y,.,R,41098,R,585,R,41098,R,585,R,77508,R,585,R,77508,R,585,R,58586,R,696,R,59282,R,60286,R,729,R,61015,R,62456,R,744,R,63200,R,65204,R,810,R,66014,.,.,R,58586,R,696,R,59282,R,60286,R,729,R,61015,R,62456,R,744,R,63200,R,65204,R,810,R,66014,.,.,R,58586,R,696,R,59282,R,60286,R,729,R,61015,R,62456,R,744,R,63200,R,65204,R,810,R,66014,.,.,R,990,R,1000,R,1000,R,1354,R,15756,R,16396,R,16988,R,18554,R,2964,R,1876,R,2008,R,2218,R,15396,R,16396,R,16988,R,18554,R,2964,R,1876,R,2008,R,2218,R,3324,R,3576,R,4782,R,2218
2023,191241,R,60335,R,1232,R,1020,R,60335,R,1232,R,1020,R,60335,R,1232,R,1020,R,25080,R,874,R,1045,R,25080,R,874,R,1045,R,25080,R,874,R,1045,Y,.,Y,.,Y,.,Y,.,Y,.,Y,.,Y,.,Y,.,Y,.,Y,.,Y,.,Y,.,Y,.,Y,.,Y,.,Y,.,Y,.,Y,.,Y,.,Y,.,Y,.,Y,.,Y,.,Y,.,Y,.,Y,.,Y,.,Y,.,Y,.,Y,.,Y,.,Y,.,R,71224,R,1058,R,71224,R,1058,R,54730,R,1431,R,56161,R,54730,R,1431,R,56161,R,56920,R,1547,R,58467,R,60335,R,1657,R,61992,.,.,R,54730,R,1431,R,56161,R,54730,R,1431,R,56161,R,56920,R,1547,R,58467,R,60335,R,1657,R,61992,.,.,R,54730,R,1431,R,56161,R,54730,R,1431,R,56161,R,56920,R,1547,R,58467,R,60335,R,1657,R,61992,.,.,R,1040,R,1040,R,1040,R,1088,R,19065,R,21035,R,21060,R,23075,R,2950,R,2950,R,3099,R,3420,R,12438,R,12438,R,13743,R,14870,R,2920,R,2920,R,3068,R,3388,R,2888,R,2888,R,3029,R,3376
2023,193900,R,60438,R,0,R,1844,R,60438,Z,0,R,1844,R,60438,Z,0,R,1844,R,38826,R,2298,R,2157,R,38826,R,2298,R,2157,R,38826,R,2298,R,2157,Y,.,Y,.,Y,.,Y,.,R,98892,R,0,R,98892,R,0,R,60775,R,4250,R,60775,R,4250,Y,.,Y,.,Y,.,Y,.,Y,.,Y,.,Y,.,Y,.,Y,.,Y,.,Y,.,Y,.,Y,.,Y,.,Y,.,Y,.,Y,.,Y,.,Y,.,Y,.,R,76878,R,2898,R,76878,R,2898,R,52204,R,2676,R,54880,R,53770,R,2730,R,56500,R,55384,R,2784,R,58168,R,60438,R,0,R,60438,.,.,R,52204,R,2676,R,54880,R,53770,R,2730,R,56500,R,55384,R,2784,R,58168,R,60438,R,0,R,60438,.,.,R,52204,R,2676,R,54880,R,53770,R,2730,R,56500,R,55384,R,2784,R,58168,R,60438,R,0,R,60438,.,.,R,718,R,718,R,752,R,1494,R,19244,R,19682,R,20272,R,22786,R,2790,R,2846,R,2903,R,3034,R,19244,R,19682,R,20272,R,22786,R,2790,R,2846,R,2903,R,3034,R,2790,R,2846,R,2903,R,3034
2023,194824,R,60360,R,1524,R,2520,R,60360,R,1524,R,2520,R,60360,R,1524,R,2520,R,60360,R,1513,R,2520,R,60360,R,1513,R,2520,R,60360,R,1513,R,2520,A,.,A,.,A,.,A,.,A,.,A,.,A,.,A,.,A,.,A,.,A,.,A,.,A,.,A,.,A,.,A,.,A,.,A,.,A,.,A,.,A,.,A,.,A,.,A,.,A,.,A,.,A,.,A,.,A,.,A,.,A,.,A,.,A,.,A,.,A,.,A,.,R,55600,R,1412,R,57012,R,57100,R,1426,R,58526,R,58600,R,1474,R,60074,R,60360,R,1524,R,61884,.,.,R,55600,R,1412,R,57012,R,57100,R,1426,R,58526,R,58600,R,1474,R,60074,R,60360,R,1524,R,61884,.,.,R,55600,R,1412,R,57012,R,57100,R,1426,R,58526,R,58600,R,1474,R,60074,R,60360,R,1524,R,61884,.,.,R,1250,R,1250,R,1260,R,1310,R,15954,R,16379,R,16980,R,17530,R,1608,R,1608,R,1620,R,1680,A,.,A,.,A,.,R,17530,A,.,A,.,A,.,R,1680,A,.,A,.,A,.,R,11750
2023,195003,R,55784,R,880,R,2017,R,55784,R,880,R,2017,R,55784,R,880,R,2017,R,56884,R,880,R,2370,R,56884,R,880,R,2370,R,56884,R,880,R,2370,A,.,A,.,A,.,A,.,A,.,A,.,A,.,A,.,A,.,A,.,A,.,A,.,A,.,A,.,A,.,A,.,A,.,A,.,A,.,A,.,A,.,A,.,A,.,A,.,A,.,A,.,A,.,A,.,A,.,A,.,A,.,A,.,A,.,A,.,A,.,A,.,R,50564,R,676,R,51240,R,52030,R,726,R,52756,R,53720,R,798,R,54518,R,56136,R,880,R,57016,.,.,R,50564,R,676,R,51240,R,52030,R,726,R,52756,R,53720,R,798,R,54518,R,56136,R,880,R,57016,.,.,R,50564,R,676,R,51240,R,52030,R,726,R,52756,R,53720,R,798,R,54518,R,56136,R,880,R,57016,.,.,R,1098,R,1098,R,1100,R,1100,R,13976,R,14432,R,14978,R,15516,R,946,R,946,R,1700,R,1700,R,13976,R,14432,R,14978,R,15516,R,946,R,946,R,1700,R,1700,R,1252,R,1252,R,1330,R,1330
2023,195030,R,63150,R,1198,R,1970,R,63150,R,1198,R,1970,R,63150,R,1198,R,1970,R,38083,R,780,R,1970,R,38083,R,780,R,1970,R,38083,R,780,R,1970,Y,.,Y,.,Y,.,Y,.,Y,.,Y,.,Y,.,Y,.,R,68230,R,2717,R,68230,R,2717,Y,.,Y,.,Y,.,Y,.,Y,.,Y,.,Y,.,Y,.,Y,.,Y,.,Y,.,Y,.,Y,.,Y,.,Y,.,Y,.,Y,.,Y,.,Y,.,Y,.,Y,.,Y,.,Y,.,Y,.,R,57188,R,1053,R,58241,R,58276,R,1068,R,59344,R,60550,R,1128,R,61678,R,63150,R,1198,R,64348,.,.,R,57188,R,1053,R,58241,R,58276,R,1068,R,59344,R,60550,R,1128,R,61678,R,63150,R,1198,R,64348,.,.,R,57188,R,1053,R,58241,R,58276,R,1068,R,59344,R,60550,R,1128,R,61678,R,63150,R,1198,R,64348,.,.,R,1310,R,1310,R,1310,R,1310,R,17064,R,17456,R,18232,R,18924,R,1380,R,1380,R,1380,R,1380,A,.,A,.,A,.,A,.,A,.,A,.,A,.,A,.,A,.,A,.,A,.,A,.
2023,196079,R,7070,R,3293,R,295,R,7070,R,3293,R,295,R,26160,R,3293,R,1090,R,11310,R,2470,R,471,R,11310,R,2470,R,471,R,23790,R,2470,R,991,Y,.,Y,.,Y,.,Y,.,Y,.,Y,.,Y,.,Y,.,Y,.,Y,.,Y,.,Y,.,Y,.,Y,.,Y,.,Y,.,Y,.,Y,.,Y,.,Y,.,R,26450,R,2470,R,37140,R,2470,Y,.,Y,.,Y,.,Y,.,Y,.,Y,.,Y,.,Y,.,Y,.,Y,.,Y,.,Y,.,R,7070,R,2944,R,10014,R,7070,R,3320,R,10390,R,7070,R,3293,R,10363,R,7070,R,3293,R,10363,.,.,R,7070,R,2944,R,10014,R,7070,R,3320,R,10390,R,7070,R,3293,R,10363,R,7070,R,3293,R,10363,.,.,R,24660,R,2944,R,27604,R,23100,R,3320,R,26420,R,24910,R,3293,R,28203,R,26160,R,3293,R,29453,.,.,R,1000,R,1000,R,1000,R,1000,R,15601,R,17064,R,17506,R,18294,R,1000,R,1000,R,1000,R,1000,R,16068,R,17064,R,17506,R,18294,R,1000,R,1000,R,1000,R,1000,R,2195,R,2195,R,2195,R,3745
2023,196088,R,7070,R,3712,R,295,R,7070,R,3712,R,295,R,26860,R,3712,R,1119,R,11310,R,3078,R,471,R,11310,R,3078,R,471,R,24260,R,3078,R,1011,Y,.,Y,.,Y,.,Y,.,R,37640,R,3058,R,64850,R,3058,R,44980,R,3058,R,67110,R,3058,Y,.,Y,.,Y,.,Y,.,Y,.,Y,.,Y,.,Y,.,R,26450,R,3038,R,38250,R,3038,Y,.,Y,.,Y,.,Y,.,Y,.,Y,.,Y,.,Y,.,R,26170,R,3078,R,31160,R,3078,R,7070,R,3456,R,10526,R,7070,R,3712,R,10782,R,7070,R,3712,R,10782,R,7070,R,3712,R,10782,.,.,R,7070,R,3456,R,10526,R,7070,R,3712,R,10782,R,7070,R,3712,R,10782,R,7070,R,3712,R,10782,.,.,R,24740,R,3456,R,28196,R,24990,R,3712,R,28702,R,24990,R,3712,R,28702,R,26860,R,3712,R,30572,.,.,R,1202,R,1202,R,1300,R,1500,R,14136,R,15452,R,16212,R,16754,R,2804,R,2804,R,2972,R,4752,R,14136,R,15452,R,14672,R,14674,R,2804,R,2804,R,2972,R,4752,R,2804,R,2804,R,2972,R,4752
2023,196097,R,7070,R,3490,R,295,R,7070,R,3490,R,295,R,26860,R,3490,R,1119,R,11310,R,2633,R,471,R,11310,R,2633,R,471,R,24490,R,2633,R,1020,Y,.,Y,.,Y,.,Y,.,R,37640,R,14158,R,64850,R,14158,R,44980,R,4209,R,67110,R,4209,Y,.,Y,.,Y,.,Y,.,Y,.,Y,.,Y,.,Y,.,Y,.,Y,.,Y,.,Y,.,Y,.,Y,.,Y,.,Y,.,Y,.,Y,.,Y,.,Y,.,Y,.,Y,.,Y,.,Y,.,R,7070,R,3021,R,10091,R,7070,R,3385,R,10455,R,7070,R,3490,R,10560,R,7070,R,3490,R,10560,.,.,R,7070,R,3021,R,10091,R,7070,R,3385,R,10455,R,7070,R,3490,R,10560,R,7070,R,3490,R,10560,.,.,R,24740,R,3021,R,27761,R,24990,R,3385,R,28375,R,24990,R,3490,R,28480,R,26860,R,3490,R,30350,.,.,R,900,R,900,R,900,R,900,R,14884,R,15498,R,16408,R,17662,R,1868,R,2420,R,2650,R,3248,R,15572,R,16168,R,16732,R,15976,R,5336,R,6664,R,6894,R,7152,R,5336,R,6664,R,6894,R,7152
2023,196413,R,61310,R,1751,R,2669,R,61310,R,1751,R,2669,R,61310,R,1751,R,2669,R,44928,R,1390,R,1872,R,44928,R,1390,R,1872,R,44928,R,1390,R,1872,Y,.,Y,.,Y,.,Y,.,Y,.,Y,.,Y,.,Y,.,Y,.,Y,.,Y,.,Y,.,Y,.,Y,.,Y,.,Y,.,Y,.,Y,.,Y,.,Y,.,Y,.,Y,.,Y,.,Y,.,Y,.,Y,.,Y,.,Y,.,Y,.,Y,.,Y,.,Y,.,R,59880,R,2610,R,59880,R,2610,R,54270,R,1656,R,55926,R,55920,R,1671,R,57591,R,58440,R,1695,R,60135,R,61310,R,1751,R,63061,.,.,R,54270,R,1656,R,55926,R,55920,R,1671,R,57591,R,58440,R,1695,R,60135,R,61310,R,1751,R,63061,.,.,R,54270,R,1656,R,55926,R,55920,R,1671,R,57591,R,58440,R,1695,R,60135,R,61310,R,1751,R,63061,.,.,R,1564,R,1582,R,1690,R,1690,R,16356,R,16895,R,17170,R,18444,R,1806,R,1828,R,1952,R,1952,R,16356,R,16895,R,17170,R,18444,R,1806,R,1828,R,1952,R,1952,R,1806,R,1828,R,1952,R,1952
2023,197708,R,46000,R,3900,R,1674,R,46000,R,3900,R,1674,R,46000,R,3900,R,1674,R,34800,R,350,R,1250,R,34800,R,350,R,1250,R,34800,R,350,R,1250,Y,.,Y,.,Y,.,Y,.,Y,.,Y,.,Y,.,Y,.,Y,.,Y,.,Y,.,Y,.,Y,.,Y,.,Y,.,Y,.,Y,.,Y,.,Y,.,Y,.,Y,.,Y,.,Y,.,Y,.,Y,.,Y,.,Y,.,Y,.,Y,.,Y,.,Y,.,Y,.,R,69826,R,820,R,69826,R,820,R,43575,R,2900,R,46475,R,44300,R,3200,R,47500,R,45200,R,3600,R,48800,R,46000,R,3900,R,49900,.,.,R,43575,R,2900,R,46475,R,44300,R,3200,R,47500,R,45200,R,3600,R,48800,R,46000,R,3900,R,49900,.,.,R,43575,R,2900,R,46475,R,44300,R,3200,R,47500,R,45200,R,3600,R,48800,R,46000,R,3900,R,49900,.,.,R,1250,R,1250,R,1250,R,1250,R,12750,R,13000,R,13850,R,15000,R,5400,R,5400,R,5400,R,5400,R,13283,R,13283,R,13283,R,14250,R,5400,R,5400,R,5400,R,5400,R,2363,R,2363,R,2363,R,2363
2023,198419,R,63450,R,2355,R,1983,R,63450,R,2355,R,1983,R,63450,R,2355,R,1983,R,62620,R,1365,R,4325,R,62620,R,1365,R,4325,R,62620,R,1365,R,4325,Y,.,Y,.,Y,.,Y,.,Y,.,Y,.,Y,.,Y,.,R,68147,R,1490,R,68147,R,1490,Y,.,Y,.,Y,.,Y,.,Y,.,Y,.,Y,.,Y,.,Y,.,Y,.,Y,.,Y,.,Y,.,Y,.,Y,.,Y,.,Y,.,Y,.,Y,.,Y,.,R,74100,R,1515,R,74100,R,1515,R,55880,R,2054,R,57934,R,58085,R,2159,R,60244,R,60435,R,2253,R,62688,R,63450,R,2355,R,65805,.,.,R,55880,R,2054,R,57934,R,58085,R,2159,R,60244,R,60435,R,2253,R,62688,R,63450,R,2355,R,65805,.,.,R,55880,R,2054,R,57934,R,58085,R,2159,R,60244,R,60435,R,2253,R,62688,R,63450,R,2355,R,65805,.,.,R,1434,R,1434,R,1434,R,1602,R,17484,R,17484,R,16651,R,17458,R,1976,R,1976,R,1976,R,2207,A,.,A,.,A,.,A,.,A,.,A,.,A,.,A,.,R,11791,A,.,A,.,A,.
2023,199120,R,7019,R,1970,R,292,R,7019,R,1970,R,292,R,37360,R,1970,R,1557,R,10552,R,1975,R,586,R,10552,R,1975,R,586,R,28844,R,1975,R,1602,Y,.,Y,.,Y,.,Y,.,R,35609,R,5055,R,62690,R,5055,R,32746,R,1960,R,60706,R,1960,Y,.,Y,.,Y,.,Y,.,Y,.,Y,.,Y,.,Y,.,R,25073,R,1959,R,48200,R,1959,Y,.,Y,.,Y,.,Y,.,Y,.,Y,.,Y,.,Y,.,R,24641,R,3350,R,44853,R,3350,R,7019,R,1961,R,8980,R,7019,R,2009,R,9028,R,7019,R,1970,R,8989,R,7019,R,1970,R,8989,0,.,R,7019,R,1961,R,8980,R,7019,R,2009,R,9028,R,7019,R,1970,R,8989,R,7019,R,1970,R,8989,0,.,R,34198,R,1961,R,36159,R,34882,R,2009,R,36891,R,35580,R,1970,R,37550,R,37360,R,1970,R,39330,.,.,R,990,R,1002,R,1290,R,1290,R,11740,R,11882,R,12254,R,13016,R,2836,R,2858,R,2716,R,2814,R,11740,R,11882,R,12254,R,13016,R,2836,R,2858,R,2716,R,2814,R,2836,R,2858,R,2716,R,2814
2023,199193,R,6535,R,2360,R,272,R,6535,R,2360,R,272,R,29407,R,2360,R,1225,R,9459,R,2360,R,526,R,9459,R,2360,R,526,R,29433,R,2360,R,1635,Y,.,Y,.,Y,.,Y,.,Y,.,Y,.,Y,.,Y,.,Y,.,Y,.,Y,.,Y,.,Y,.,Y,.,Y,.,Y,.,Y,.,Y,.,Y,.,Y,.,Y,.,Y,.,Y,.,Y,.,Y,.,Y,.,Y,.,Y,.,R,17403,R,2582,R,48092,R,2582,Y,.,Y,.,Y,.,Y,.,R,6535,R,2566,R,9101,R,6535,R,2596,R,9131,R,6535,R,2593,R,9128,R,6535,R,2360,R,8895,0,.,R,6535,R,2566,R,9101,R,6535,R,2596,R,9131,R,6535,R,2593,R,9128,R,6535,R,2360,R,8895,0,.,R,26654,R,2566,R,29220,R,27320,R,2596,R,29916,R,28276,R,2593,R,30869,R,29407,R,2360,R,31767,.,.,R,1082,R,1094,R,854,R,869,R,11602,R,11957,R,12748,R,13719,R,2770,R,2804,R,3022,R,3121,R,11602,R,11957,R,12748,R,13719,R,2770,R,2804,R,3022,R,3121,R,7603,R,7787,R,8338,R,8844
2023,199847,R,63608,R,1150,R,2650,R,63608,R,1150,R,2650,R,63608,R,1150,R,2650,R,38650,R,700,R,1610,R,38650,R,700,R,1610,R,38650,R,700,R,1610,Y,.,Y,.,Y,.,Y,.,Y,.,Y,.,Y,.,Y,.,R,63674,Z,0,R,63674,Z,0,Y,.,Y,.,Y,.,Y,.,Y,.,Y,.,Y,.,Y,.,Y,.,Y,.,Y,.,Y,.,Y,.,Y,.,Y,.,Y,.,Y,.,Y,.,Y,.,Y,.,R,53142,R,1050,R,53142,R,1050,R,56722,R,1038,R,57760,R,58708,R,1062,R,59770,R,61012,R,1116,R,62128,R,63608,R,1150,R,64758,.,.,R,56722,R,1038,R,57760,R,58708,R,1062,R,59770,R,61012,R,1116,R,62128,R,63608,R,1150,R,64758,.,.,R,56722,R,1038,R,57760,R,58708,R,1062,R,59770,R,61012,R,1116,R,62128,R,63608,R,1150,R,64758,.,.,R,1500,R,1500,R,1500,R,1630,R,15520,R,16044,R,16652,R,17848,R,2498,R,2572,R,2708,R,3320,R,15520,R,16044,R,16652,R,17848,R,2498,R,2572,R,2708,R,3320,R,1830,R,2390,R,2502,R,2880
2023,201645,R,64100,R,578,R,2672,R,64100,R,578,R,2672,R,64100,R,578,R,2672,R,52360,R,42,R,2182,R,52360,R,42,R,2182,R,52360,R,42,R,2182,Y,.,Y,.,Y,.,Y,.,R,83666,R,2075,R,83666,R,2075,R,69712,R,1866,R,69712,R,1866,Y,.,Y,.,Y,.,Y,.,Y,.,Y,.,Y,.,Y,.,Y,.,Y,.,Y,.,Y,.,Y,.,Y,.,Y,.,Y,.,Y,.,Y,.,Y,.,Y,.,R,60800,R,194,R,60800,R,194,R,52448,R,500,R,52948,R,54020,R,512,R,54532,R,61040,R,544,R,61584,R,64100,R,571,R,64671,.,.,R,52448,R,500,R,52948,R,54020,R,512,R,54532,R,61040,R,544,R,61584,R,64100,R,571,R,64671,.,.,R,52448,R,500,R,52948,R,54020,R,512,R,54532,R,61040,R,544,R,61584,R,64100,R,571,R,64671,.,.,R,1200,R,1200,R,1200,R,1200,R,16080,R,16482,R,17040,R,18202,R,1900,R,1900,R,1900,R,2000,R,9260,R,9390,R,10048,R,10750,R,1900,R,1900,R,1900,R,2000,R,4170,R,4170,R,4170,R,4326
2023,204796,R,11826,R,1033,R,493,R,11826,R,1033,R,493,R,37332,R,1033,R,1556,R,12515,R,982,R,782,R,12515,R,982,R,782,R,40245,R,982,R,2515,Y,.,Y,.,Y,.,Y,.,R,43760,R,8318,R,92902,R,8318,R,30124,R,1164,R,55044,R,1164,R,28300,R,2234,R,49356,R,2234,Y,.,Y,.,Y,.,Y,.,R,26066,R,982,R,54077,R,982,Y,.,Y,.,Y,.,Y,.,R,34136,R,1537,R,75866,R,1537,R,33104,R,982,R,48356,R,982,R,10615,R,903,R,11518,R,11018,R,918,R,11936,R,11525,R,960,R,12485,R,11826,R,1033,R,12859,0,0,R,10615,R,903,R,11518,R,11018,R,918,R,11936,R,11525,R,960,R,12485,R,11826,R,1033,R,12859,0,0,R,32599,R,903,R,33502,R,34101,R,918,R,35019,R,35762,R,960,R,36722,R,37332,R,1033,R,38365,.,.,R,1082,R,1012,R,1012,R,1030,R,13066,R,13392,R,14006,R,14272,R,2998,R,2682,R,2682,R,3070,R,11700,R,11952,R,11952,R,13814,R,3014,R,2896,R,2896,R,3294,R,4956,R,4858,R,4858,R,6090
2023,211440,R,62260,R,1014,R,865,R,62260,R,1014,R,865,R,62260,R,1014,R,865,R,48496,R,954,R,680,R,48496,R,954,R,680,R,48496,R,954,R,680,A,.,A,.,A,.,A,.,A,.,A,.,A,.,A,.,A,.,A,.,A,.,A,.,A,.,A,.,A,.,A,.,A,.,A,.,A,.,A,.,A,.,A,.,A,.,A,.,A,.,A,.,A,.,A,.,A,.,A,.,A,.,A,.,A,.,A,.,A,.,A,.,R,57560,R,1364,R,58924,R,57560,R,1364,R,58924,R,59864,R,1480,R,61344,R,62260,R,1569,R,63829,.,.,R,57560,R,1364,R,58924,R,57560,R,1364,R,58924,R,59864,R,1480,R,61344,R,62260,R,1569,R,63829,.,.,R,57560,R,1364,R,58924,R,57560,R,1364,R,58924,R,59864,R,1480,R,61344,R,62260,R,1569,R,63829,.,.,R,1000,R,1000,R,1000,R,1000,R,15550,R,16150,R,16796,R,17468,R,1400,R,1400,R,1400,R,1400,R,14740,R,14340,R,14986,R,15658,R,1400,R,1400,R,1400,R,1400,R,2080,R,2080,R,2080,R,2080
2023,212054,R,58293,R,2370,R,1311,R,58293,R,2370,R,1311,R,58293,R,2370,R,1311,R,36234,R,840,R,1382,R,36234,R,840,R,1382,R,36234,R,840,R,1382,Y,.,Y,.,Y,.,Y,.,Y,.,Y,.,Y,.,Y,.,R,65692,R,2098,R,65692,R,2098,Y,.,Y,.,Y,.,Y,.,Y,.,Y,.,Y,.,Y,.,Y,.,Y,.,Y,.,Y,.,Y,.,Y,.,Y,.,Y,.,Y,.,Y,.,Y,.,Y,.,R,52800,R,900,R,52800,R,900,R,53868,R,2370,R,56238,R,54766,R,2370,R,57136,R,56595,R,2370,R,58965,R,58293,R,2370,R,60663,.,.,R,53868,R,2370,R,56238,R,54766,R,2370,R,57136,R,56595,R,2370,R,58965,R,58293,R,2370,R,60663,.,.,R,53868,R,2370,R,56238,R,54766,R,2370,R,57136,R,56595,R,2370,R,58965,R,58293,R,2370,R,60663,.,.,R,1700,R,1700,R,1700,R,1700,R,16008,R,16488,R,16980,R,17550,R,1200,R,1200,R,1500,R,1500,R,17262,R,17442,R,17625,R,17874,R,1200,R,1200,R,1500,R,1500,R,1200,R,1200,R,1500,R,1500
2023,213543,R,61180,R,1000,R,2550,R,61180,R,1000,R,2550,R,61180,R,1000,R,2550,R,27810,R,210,R,1545,R,27810,R,210,R,1545,R,27810,R,210,R,1545,A,.,A,.,A,.,A,.,A,.,A,.,A,.,A,.,A,.,A,.,A,.,A,.,A,.,A,.,A,.,A,.,A,.,A,.,A,.,A,.,A,.,A,.,A,.,A,.,A,.,A,.,A,.,A,.,A,.,A,.,A,.,A,.,A,.,A,.,A,.,A,.,R,54790,R,470,R,55260,R,56980,R,490,R,57470,R,58970,R,960,R,59930,R,61180,R,1000,R,62180,.,.,R,54790,R,470,R,55260,R,56980,R,490,R,57470,R,58970,R,960,R,59930,R,61180,R,1000,R,62180,.,.,R,54790,R,470,R,55260,R,56980,R,490,R,57470,R,58970,R,960,R,59930,R,61180,R,1000,R,62180,.,.,R,1000,R,1000,R,1000,R,1000,R,14740,R,15330,R,15890,R,16470,R,1065,R,1065,R,1065,R,1500,R,14740,R,15330,R,15890,R,16470,R,1065,R,1065,R,1065,R,1500,R,1065,R,1065,R,1065,R,1500
2023,214777,R,19672,R,562,R,820,R,19672,R,562,R,820,R,39626,R,562,R,1651,R,24956,R,562,R,1040,R,24956,R,562,R,1040,R,43266,R,562,R,1803,Y,.,Y,.,Y,.,Y,.,Y,.,Y,.,Y,.,Y,.,R,57724,R,72,R,57724,R,72,Y,.,Y,.,Y,.,Y,.,Y,.,Y,.,Y,.,Y,.,Y,.,Y,.,Y,.,Y,.,Y,.,Y,.,Y,.,Y,.,Y,.,Y,.,Y,.,Y,.,R,55824,R,612,R,55824,R,612,R,17920,R,530,R,18450,R,18368,R,530,R,18898,R,19286,R,549,R,19835,R,19672,R,562,R,20234,.,.,R,17920,R,530,R,18450,R,18368,R,530,R,18898,R,19286,R,549,R,19835,R,19672,R,562,R,20234,.,.,R,34984,R,530,R,35514,R,35946,R,530,R,36476,R,38102,R,549,R,38651,R,39626,R,562,R,40188,.,.,R,1840,R,1840,R,1840,R,1840,R,12318,R,12744,R,12984,R,13030,R,4788,R,4788,R,4788,R,4788,R,12318,R,12744,R,12984,R,13448,R,4788,R,4788,R,4788,R,4788,R,4104,R,4104,R,4104,R,4104
2023,215062,R,58620,R,7484,R,1871,R,58620,R,7484,R,1871,R,58620,R,7484,R,1871,R,41544,R,4490,R,1927,R,41544,R,4490,R,1927,R,41544,R,4490,R,1927,Y,.,Y,.,Y,.,Y,.,R,86448,R,5626,R,86448,R,5626,R,65940,R,5940,R,65940,R,5940,Y,.,Y,.,Y,.,Y,.,Y,.,Y,.,Y,.,Y,.,Y,.,Y,.,Y,.,Y,.,Y,.,Y,.,Y,.,Y,.,R,51672,R,5804,R,61674,R,5804,R,71266,R,5668,R,71266,R,5668,R,53166,R,6876,R,60042,R,54652,R,7058,R,61710,R,56212,R,7240,R,63452,R,58620,R,7484,R,66104,.,.,R,53166,R,6876,R,60042,R,54652,R,7058,R,61710,R,56212,R,7240,R,63452,R,58620,R,7484,R,66104,.,.,R,53166,R,6876,R,60042,R,54652,R,7058,R,61710,R,56212,R,7240,R,63452,R,58620,R,7484,R,66104,.,.,R,1358,R,1358,R,1358,R,1358,R,16784,R,17304,R,17888,R,18496,R,2926,R,2926,R,3040,R,3070,R,14502,R,14502,R,15284,R,18360,R,2926,R,2926,R,3040,R,3070,R,2926,R,2926,R,3040,R,3714
2023,215293,R,20154,R,1370,R,839,R,20154,R,1370,R,839,R,38520,R,1370,R,1605,R,25834,R,1230,R,1038,R,25834,R,1230,R,1038,R,43804,R,1230,R,1788,Y,.,Y,.,Y,.,Y,.,R,55302,R,1230,R,66312,R,1230,R,63334,R,1230,R,65800,R,1230,Y,.,Y,.,Y,.,Y,.,Y,.,Y,.,Y,.,Y,.,R,35978,R,1230,R,41366,R,1230,Y,.,Y,.,Y,.,Y,.,Y,.,Y,.,Y,.,Y,.,R,38388,R,1230,R,49404,R,1230,R,18628,R,1050,R,19678,R,19092,R,1270,R,20362,R,19760,R,1320,R,21080,R,20154,R,1370,R,21524,.,.,R,18629,R,1050,R,19679,R,19092,R,1270,R,20362,R,19760,R,1320,R,21080,R,20154,R,1370,R,21524,.,.,R,32656,R,1050,R,33706,R,34124,R,1270,R,35394,R,36000,R,1320,R,37320,R,38520,R,1370,R,39890,.,.,R,716,R,716,R,716,R,584,R,11250,R,11820,R,12360,R,13420,R,3502,R,3502,R,2872,R,2918,R,11814,R,11814,R,12268,R,13978,R,3502,R,3502,R,2872,R,2918,R,3502,R,3502,R,2872,R,2918
2023,216597,R,63806,R,895,R,1010,R,63806,R,895,R,1010,R,63806,R,895,R,1010,R,21261,R,100,R,1119,R,21261,R,100,R,1119,R,21261,R,100,R,1119,Y,.,Y,.,Y,.,Y,.,Y,.,Y,.,Y,.,Y,.,Y,.,Y,.,Y,.,Y,.,Y,.,Y,.,Y,.,Y,.,Y,.,Y,.,Y,.,Y,.,Y,.,Y,.,Y,.,Y,.,Y,.,Y,.,Y,.,Y,.,Y,.,Y,.,Y,.,Y,.,R,52863,R,575,R,52863,R,575,R,56730,R,730,R,57460,R,58290,R,730,R,59020,R,60768,R,850,R,61618,R,63806,R,895,R,64701,.,.,R,56730,R,730,R,57460,R,58290,R,730,R,59020,R,60768,R,850,R,61618,R,63806,R,895,R,64701,.,.,R,56730,R,730,R,57460,R,58290,R,730,R,59020,R,60768,R,850,R,61618,R,63806,R,895,R,64701,.,.,R,1100,R,1100,R,1100,R,1100,R,14975,R,15386,R,16087,R,16896,R,2300,R,2300,R,2300,R,2300,R,14975,R,15386,R,16087,R,16896,R,2300,R,2300,R,2300,R,2300,R,3950,R,3950,R,3950,R,3950
2023,217156,R,65656,R,2574,R,2051,R,65656,R,2574,R,2051,R,65656,R,2574,R,2051,R,65656,R,1350,R,2051,R,65656,R,1350,R,2051,R,65656,R,1350,R,2051,Y,.,Y,.,Y,.,Y,.,Y,.,Y,.,Y,.,Y,.,R,69286,R,1340,R,69286,R,1340,Y,.,Y,.,Y,.,Y,.,Y,.,Y,.,Y,.,Y,.,Y,.,Y,.,Y,.,Y,.,Y,.,Y,.,Y,.,Y,.,Y,.,Y,.,Y,.,Y,.,Y,.,Y,.,Y,.,Y,.,R,59254,R,1442,R,60696,R,60944,R,1360,R,62304,R,62680,R,2466,R,65146,R,65656,R,2574,R,68230,.,.,R,59254,R,1442,R,60696,R,60944,R,1360,R,62304,R,62680,R,2466,R,65146,R,65656,R,2574,R,68230,.,.,R,59254,R,1442,R,60696,R,60944,R,1360,R,62304,R,62680,R,2466,R,65146,R,65656,R,2574,R,68230,.,.,R,1642,R,1652,R,1300,R,0,R,15908,R,16346,R,15840,R,16598,R,2202,R,2268,R,2700,R,2820,A,.,A,.,A,.,A,.,A,.,A,.,A,.,A,.,A,.,A,.,A,.,A,.
2023,217882,R,14038,R,1516,R,654,R,14038,R,1516,R,654,R,37982,R,1516,R,1695,R,11220,R,1426,R,772,R,11220,R,1426,R,772,R,23372,R,1426,R,1548,A,.,A,.,A,.,A,.,A,.,A,.,A,.,A,.,A,.,A,.,A,.,A,.,A,.,A,.,A,.,A,.,A,.,A,.,A,.,A,.,A,.,A,.,A,.,A,.,A,.,A,.,A,.,A,.,A,.,A,.,A,.,A,.,A,.,A,.,A,.,A,.,R,14118,R,1440,R,15558,R,14118,R,1440,R,15558,R,14118,R,1440,R,15558,R,14038,R,1516,R,15554,.,.,R,14118,R,1440,R,15558,R,14118,R,1440,R,15558,R,14118,R,1440,R,15558,R,14038,R,1516,R,15554,.,.,R,37110,R,1440,R,38550,R,37110,R,1440,R,38550,R,38062,R,1440,R,39502,R,37982,R,1516,R,39498,.,.,R,1188,R,1248,R,1388,R,1436,R,12210,R,12234,R,12350,R,12872,R,4214,R,5124,R,5454,R,5476,R,12210,R,12234,R,12350,R,12872,R,4214,R,5124,R,5454,R,5476,R,5972,R,6768,R,7316,R,8980
2023,217925,R,26700,R,1200,R,1115,R,26700,R,1200,R,1115,R,26700,R,1200,R,1115,R,10440,R,1200,R,580,R,10440,R,1200,R,580,R,10440,R,1200,R,580,A,.,A,.,A,.,A,.,A,.,A,.,A,.,A,.,A,.,A,.,A,.,A,.,A,.,A,.,A,.,A,.,A,.,A,.,A,.,A,.,A,.,A,.,A,.,A,.,A,.,A,.,A,.,A,.,A,.,A,.,A,.,A,.,A,.,A,.,A,.,A,.,R,23550,R,1100,R,24650,R,24490,R,1100,R,25590,R,25620,R,1220,R,26840,R,26700,R,1200,R,27900,.,.,R,23550,R,1100,R,24650,R,24490,R,1100,R,25590,R,25620,R,1220,R,26840,R,26700,R,1200,R,27900,.,.,R,23550,R,1100,R,24650,R,24490,R,1100,R,25590,R,25620,R,1220,R,26840,R,26700,R,1200,R,27900,.,.,R,600,R,600,R,200,R,200,R,8950,R,8950,R,9950,R,11950,R,3710,R,3710,R,3280,R,3400,R,8000,R,8000,R,9020,R,9020,R,4510,R,4510,R,4080,R,4200,R,4510,R,4510,R,4080,R,4200
2023,221999,R,61618,R,2328,R,2567,R,61618,R,2328,R,2567,R,61618,R,2328,R,2567,R,54744,R,1384,R,2281,R,54744,R,1384,R,2281,R,54744,R,1384,R,2281,Y,.,Y,.,Y,.,Y,.,Y,.,Y,.,Y,.,Y,.,R,66828,R,1602,R,66828,R,1602,Y,.,Y,.,Y,.,Y,.,Y,.,Y,.,Y,.,Y,.,Y,.,Y,.,Y,.,Y,.,Y,.,Y,.,Y,.,Y,.,Y,.,Y,.,Y,.,Y,.,R,69998,R,700,R,69998,R,700,R,52781,R,1377,R,54158,R,54840,R,2126,R,56966,R,58130,R,2218,R,60348,R,61618,R,2328,R,63946,.,.,R,52781,R,1377,R,54158,R,54840,R,2126,R,56966,R,58130,R,2218,R,60348,R,61618,R,2328,R,63946,.,.,R,52781,R,1377,R,54158,R,54840,R,2126,R,56966,R,58130,R,2218,R,60348,R,61618,R,2328,R,63946,.,.,R,1194,R,1194,R,1194,R,1194,R,17670,R,18376,R,19862,R,21054,R,3022,R,3002,R,3008,R,3396,A,.,A,.,A,.,A,.,A,.,A,.,A,.,A,.,A,.,A,.,A,.,A,.
2023,223232,R,54844,R,0,R,2285,R,54844,Z,0,R,2285,R,54844,Z,0,R,2285,R,41130,R,0,R,2285,R,41130,Z,0,R,2285,R,41130,Z,0,R,2285,Y,.,Y,.,Y,.,Y,.,Y,.,Y,.,Y,.,Y,.,Y,.,Y,.,Y,.,Y,.,Y,.,Y,.,Y,.,Y,.,Y,.,Y,.,Y,.,Y,.,Y,.,Y,.,Y,.,Y,.,Y,.,Y,.,Y,.,Y,.,Y,.,Y,.,Y,.,Y,.,R,57369,R,61,R,57369,R,61,R,44544,R,4702,R,49246,R,50232,R,0,R,50232,R,51738,R,0,R,51738,R,54844,R,0,R,54844,.,.,R,44544,R,4702,R,49246,R,50232,R,0,R,50232,R,51738,R,0,R,51738,R,54844,R,0,R,54844,.,.,R,44544,R,4702,R,49246,R,50232,R,0,R,50232,R,51738,R,0,R,51738,R,54844,R,0,R,54844,.,.,R,1284,R,1302,R,1390,R,1438,R,13730,R,13730,R,13587,R,14235,R,3276,R,3318,R,3456,R,3752,R,12316,R,12670,R,13232,R,14594,R,3902,R,3946,R,4100,R,4484,R,3902,R,3946,R,4100,R,4484
2023,227757,R,57210,R,918,R,2384,R,57210,R,918,R,2384,R,57210,R,918,R,2384,R,53712,R,750,R,1939,R,53712,R,750,R,1939,R,53712,R,750,R,1939,A,.,A,.,A,.,A,.,A,.,A,.,A,.,A,.,A,.,A,.,A,.,A,.,A,.,A,.,A,.,A,.,A,.,A,.,A,.,A,.,A,.,A,.,A,.,A,.,A,.,A,.,A,.,A,.,A,.,A,.,A,.,A,.,A,.,A,.,A,.,A,.,R,50310,R,797,R,51107,R,52070,R,825,R,52895,R,54100,R,860,R,54960,R,57210,R,918,R,58128,.,.,R,50310,R,797,R,51107,R,52070,R,825,R,52895,R,54100,R,860,R,54960,R,57210,R,918,R,58128,.,.,R,50310,R,797,R,51107,R,52070,R,825,R,52895,R,54100,R,860,R,54960,R,57210,R,918,R,58128,.,.,R,1250,R,1300,R,1350,R,1400,R,14500,R,14800,R,15000,R,15900,R,2700,R,2750,R,2800,R,2850,R,14500,R,14800,R,15000,R,15900,R,2700,R,2750,R,2800,R,2850,R,2700,R,2750,R,2800,R,2850
2023,228246,R,57212,R,7248,R,2389,R,57212,R,7248,R,2389,R,57212,R,7248,R,2389,R,31590,R,5472,R,1755,R,31590,R,5472,R,1755,R,31590,R,5472,R,1755,Y,.,Y,.,Y,.,Y,.,Y,.,Y,.,Y,.,Y,.,Y,.,Y,.,Y,.,Y,.,Y,.,Y,.,Y,.,Y,.,Y,.,Y,.,Y,.,Y,.,Y,.,Y,.,Y,.,Y,.,Y,.,Y,.,Y,.,Y,.,Y,.,Y,.,Y,.,Y,.,R,42186,R,5472,R,42186,R,5472,R,51958,R,6582,R,58540,R,53464,R,6772,R,60236,R,55012,R,6968,R,61980,R,57212,R,7248,R,64460,.,.,R,51958,R,6582,R,58540,R,53464,R,6772,R,60236,R,55012,R,6968,R,61980,R,57212,R,7248,R,64460,.,.,R,51958,R,6582,R,58540,R,53464,R,6772,R,60236,R,55012,R,6968,R,61980,R,57212,R,7248,R,64460,.,.,R,800,R,800,R,800,R,800,R,17110,R,17438,R,17750,R,18230,R,2600,R,2600,R,2600,R,2600,R,8700,R,8700,R,8700,R,10808,R,2600,R,2600,R,2600,R,2600,R,2600,R,2600,R,2600,R,2600
2023,228723,R,9003,R,3838,R,307,R,9003,R,3838,R,307,R,36428,R,3900,R,1225,R,6885,R,4208,R,287,R,6885,R,4208,R,287,R,19882,R,4208,R,828,Y,.,Y,.,Y,.,Y,.,R,28584,R,8687,R,39384,R,8687,R,17968,R,3792,R,31068,R,3792,Y,.,Y,.,Y,.,Y,.,Y,.,Y,.,Y,.,Y,.,R,9672,R,5455,R,45576,R,5455,Y,.,Y,.,Y,.,Y,.,R,22951,R,6209,R,39340,R,6209,R,8540,R,24093,R,24909,R,24093,R,8974,R,3809,R,12783,R,9339,R,3900,R,13239,R,9339,R,3900,R,13239,R,9199,R,3900,R,13099,0,0,R,8974,R,3809,R,12783,R,9339,R,3900,R,13239,R,9339,R,3900,R,13239,R,9199,R,3900,R,13099,0,0,R,35531,R,3809,R,39340,R,36234,R,3900,R,40134,R,36239,R,3900,R,40139,R,36428,R,3900,R,40328,.,.,R,1222,R,1000,R,1000,R,900,R,11400,R,11400,R,11550,R,13154,R,6062,R,6064,R,6464,R,6354,R,11400,R,11400,R,11550,R,11780,R,6062,R,6064,R,6464,R,6354,R,6062,R,6064,R,6464,R,6354
2023,228778,R,11678,R,0,R,546,R,11678,R,0,R,546,R,42778,R,0,R,1930,R,12012,R,0,R,660,R,12012,R,0,R,660,R,22954,R,0,R,1237,Y,.,Y,.,Y,.,Y,.,Y,.,Y,.,Y,.,Y,.,R,21086,R,0,R,35406,R,0,Y,.,Y,.,Y,.,Y,.,Y,.,Y,.,Y,.,Y,.,R,21548,R,0,R,49240,R,0,Y,.,Y,.,Y,.,Y,.,Y,.,Y,.,Y,.,Y,.,R,34868,R,0,R,51774,R,0,R,11448,R,0,R,11448,R,11752,R,0,R,11752,R,11698,R,0,R,11698,R,11678,R,0,R,11678,20,.,R,11448,R,0,R,11448,R,11752,R,0,R,11752,R,11698,R,0,R,11698,R,11678,R,0,R,11678,20,.,R,40032,R,0,R,40032,R,40996,R,0,R,40996,R,41070,R,0,R,41070,R,42778,R,0,R,42778,14,.,R,714,R,724,R,724,R,724,R,12286,R,12768,R,13058,R,14136,R,4480,R,4544,R,4766,R,5034,R,12286,R,12768,R,13280,R,14840,R,4480,R,4544,R,4766,R,5034,R,4480,R,4544,R,4766,R,5034
2023,228875,R,57130,R,90,R,2420,R,57130,R,90,R,2420,R,57130,R,90,R,2420,R,35730,R,48,R,1985,R,35730,R,48,R,1985,R,35730,R,48,R,1985,Y,.,Y,.,Y,.,Y,.,Y,.,Y,.,Y,.,Y,.,R,66820,Z,0,R,66820,Z,0,Y,.,Y,.,Y,.,Y,.,Y,.,Y,.,Y,.,Y,.,Y,.,Y,.,Y,.,Y,.,Y,.,Y,.,Y,.,Y,.,Y,.,Y,.,Y,.,Y,.,Y,.,Y,.,Y,.,Y,.,R,51570,R,90,R,51660,R,51570,R,90,R,51660,R,53890,R,90,R,53980,R,57130,R,90,R,57220,.,.,R,51570,R,90,R,51660,R,51570,R,90,R,51660,R,53890,R,90,R,53980,R,57130,R,90,R,57220,.,.,R,51570,R,90,R,51660,R,51570,R,90,R,51660,R,53890,R,90,R,53980,R,57130,R,90,R,57220,.,.,R,900,R,900,R,900,R,800,R,14040,R,14040,R,14250,R,14800,R,5228,R,5228,R,3980,R,4240,R,14040,R,14040,R,14250,R,14800,R,5228,R,5228,R,3980,R,4240,R,4788,R,4788,R,3980,R,4240
2023,231624,R,18253,R,6788,R,608,R,18253,R,6788,R,608,R,42053,R,7359,R,1402,R,10905,R,6517,R,606,R,10905,R,6517,R,606,R,29352,R,7088,R,1631,Y,.,Y,.,Y,.,Y,.,Y,.,Y,.,Y,.,Y,.,Y,.,Y,.,Y,.,Y,.,Y,.,Y,.,Y,.,Y,.,Y,.,Y,.,Y,.,Y,.,Y,.,Y,.,Y,.,Y,.,Y,.,Y,.,Y,.,Y,.,Y,.,Y,.,Y,.,Y,.,R,34307,R,6868,R,53018,R,7439,R,17434,R,6194,R,23628,R,17434,R,6378,R,23812,R,17434,R,6536,R,23970,R,18252,R,6788,R,25040,.,.,R,17434,R,6194,R,23628,R,17434,R,6378,R,23812,R,17434,R,6536,R,23970,R,18252,R,6788,R,25040,.,.,R,40089,R,6765,R,46854,R,40089,R,6949,R,47038,R,40089,R,7107,R,47196,R,42053,R,7359,R,49412,.,.,R,1000,R,1000,R,1080,R,1080,R,13356,R,13736,R,13828,R,14555,R,2050,R,2076,R,2240,R,2360,R,13356,R,13736,R,13828,R,14555,R,2050,R,2076,R,2240,R,2360,R,2550,R,2584,R,2790,R,2850
2023,234076,R,18823,R,3500,R,653,R,18823,R,3500,R,653,R,55450,R,4183,R,1869,R,19118,R,3494,R,830,R,19118,R,3494,R,830,R,32022,R,4176,R,1450,Y,.,Y,.,Y,.,Y,.,Y,.,Y,.,Y,.,Y,.,R,47196,R,3536,R,58670,R,4218,Y,.,Y,.,Y,.,Y,.,Y,.,Y,.,Y,.,Y,.,Y,.,Y,.,Y,.,Y,.,Y,.,Y,.,Y,.,Y,.,Y,.,Y,.,Y,.,Y,.,R,67676,R,3452,R,69994,R,4206,R,15840,R,3120,R,18960,R,16010,R,3234,R,19244,R,16980,R,3362,R,20342,R,17490,R,3496,R,20986,0,.,R,15840,R,3120,R,18960,R,16010,R,3234,R,19244,R,16980,R,3362,R,20342,R,17490,R,3496,R,20986,0,.,R,49041,R,3802,R,52843,R,49710,R,3916,R,53626,R,51870,R,4044,R,55914,R,53836,R,4178,R,58014,.,.,R,1356,R,1396,R,1400,R,1480,R,12350,R,12660,R,12890,R,13940,R,2998,R,3014,R,3500,R,3520,R,12350,R,12660,R,12890,R,13940,R,2998,R,3014,R,3500,R,3520,R,2568,R,2584,R,3000,R,3000
2023,236948,R,11524,R,1119,R,384,R,11524,R,1119,R,384,R,40878,R,1119,R,1363,R,17514,R,1119,R,834,R,17514,R,1119,R,834,R,31392,R,1119,R,1495,Y,.,Y,.,Y,.,Y,.,R,48135,R,1119,R,72762,R,1119,R,40203,R,1119,R,71787,R,1119,Y,.,Y,.,Y,.,Y,.,Y,.,Y,.,Y,.,Y,.,R,34866,R,1119,R,56430,R,1119,Y,.,Y,.,Y,.,Y,.,Y,.,Y,.,Y,.,Y,.,R,42465,R,1119,R,54498,R,1119,R,10629,R,1116,R,11745,R,10927,R,1149,R,12076,R,11189,R,1053,R,12242,R,11524,R,1119,R,12643,.,.,R,10629,R,1116,R,11745,R,10927,R,1149,R,12076,R,11189,R,1053,R,12242,R,11524,R,1119,R,12643,.,.,R,37998,R,1116,R,39114,R,38757,R,1149,R,39906,R,39687,R,1053,R,40740,R,40878,R,1119,R,41997,.,.,R,900,R,900,R,900,R,900,R,13887,R,14871,R,16068,R,17982,R,2787,R,2793,R,2880,R,3027,R,13887,R,14871,R,16068,R,17982,R,2787,R,2793,R,2880,R,3027,R,3003,R,3009,R,3102,R,3297
2023,239105,R,47690,R,1010,R,1180,R,47690,R,1010,R,1180,R,47690,R,1010,R,1180,R,23845,R,0,R,1295,R,23845,R,0,R,1295,R,23845,R,0,R,1295,Y,.,Y,.,Y,.,Y,.,R,58440,R,0,R,67100,R,0,Y,.,Y,.,Y,.,Y,.,Y,.,Y,.,Y,.,Y,.,Y,.,Y,.,Y,.,Y,.,Y,.,Y,.,Y,.,Y,.,Y,.,Y,.,Y,.,Y,.,Y,.,Y,.,Y,.,Y,.,R,49710,R,0,R,49710,R,0,R,44970,R,696,R,45666,R,44970,R,796,R,45766,R,45860,R,810,R,46670,R,47690,R,1010,R,48700,.,.,R,44970,R,696,R,45666,R,44970,R,796,R,45766,R,45860,R,810,R,46670,R,47690,R,1010,R,48700,.,.,R,44970,R,696,R,45666,R,44970,R,796,R,45766,R,45860,R,810,R,46670,R,47690,R,1010,R,48700,.,.,R,816,R,816,R,720,R,720,R,13656,R,14140,R,14636,R,15740,R,2550,R,2540,R,2536,R,3270,R,13656,R,14140,R,14636,R,11660,R,4840,R,4840,R,5250,R,5950,R,4860,R,4860,R,4860,R,5950
2023,240444,R,9644,R,1561,R,402,R,9644,R,1561,R,402,R,39042,R,1561,R,1627,R,10728,R,1561,R,670,R,10728,R,1561,R,670,R,24054,R,1561,R,1503,Y,.,Y,.,Y,.,Y,.,Y,.,Y,.,Y,.,Y,.,R,40673,R,1561,R,57923,R,1561,Y,.,Y,.,Y,.,Y,.,Y,.,Y,.,Y,.,Y,.,R,28371,R,1561,R,47947,R,1561,Y,.,Y,.,Y,.,Y,.,R,33846,R,1561,R,54841,R,1561,R,33635,R,1561,R,51332,R,1561,R,9273,R,1469,R,10742,R,9273,R,1447,R,10720,R,9273,R,1523,R,10796,R,9644,R,1561,R,11205,.,.,R,9273,R,1469,R,10742,R,9273,R,1447,R,10720,R,9273,R,1523,R,10796,R,9644,R,1561,R,11205,.,.,R,37161,R,1469,R,38630,R,37161,R,1447,R,38608,R,37904,R,1523,R,39427,R,39042,R,1561,R,40603,.,.,R,1150,R,1150,R,1150,R,1100,R,12200,R,12548,R,12894,R,13500,R,3066,R,3000,R,3154,R,3100,R,12200,R,12548,R,12894,R,13500,R,3066,R,3000,R,3154,R,3100,R,3066,R,3000,R,3154,R,3800
2023,243744,R,61731,R,753,R,1372,R,61731,R,753,R,1372,R,61731,R,753,R,1372,R,58746,R,753,R,1272,R,58746,R,753,R,1272,R,58746,R,753,R,1272,Y,.,Y,.,Y,.,Y,.,Y,.,Y,.,Y,.,Y,.,R,65343,R,753,R,65343,R,753,Y,.,Y,.,Y,.,Y,.,Y,.,Y,.,Y,.,Y,.,Y,.,Y,.,Y,.,Y,.,Y,.,Y,.,Y,.,Y,.,Y,.,Y,.,Y,.,Y,.,R,71610,R,753,R,71610,R,753,R,55473,R,696,R,56169,R,55473,R,696,R,56169,R,57693,R,723,R,58416,R,61731,R,753,R,62484,.,.,R,55473,R,696,R,56169,R,55473,R,696,R,56169,R,57693,R,723,R,58416,R,61731,R,753,R,62484,.,.,R,55473,R,696,R,56169,R,55473,R,696,R,56169,R,57693,R,723,R,58416,R,61731,R,753,R,62484,.,.,R,1290,R,1305,R,1350,R,825,R,17255,R,17860,R,18619,R,19922,R,3504,R,3564,R,3777,R,4602,R,17255,R,17860,R,18619,A,.,R,3504,R,3564,R,3777,A,.,R,3222,R,2250,R,3348,A,.
2023,243780,R,9718,R,274,R,348,R,9718,R,274,R,348,R,28520,R,274,R,948,R,9718,R,274,R,348,R,9718,R,274,R,348,R,28520,R,274,R,948,Y,.,Y,.,Y,.,Y,.,Y,.,Y,.,Y,.,Y,.,Y,.,Y,.,Y,.,Y,.,Y,.,Y,.,Y,.,Y,.,Y,.,Y,.,Y,.,Y,.,R,22998,R,274,R,41258,R,274,Y,.,Y,.,Y,.,Y,.,R,22657,R,274,R,47485,R,274,Y,.,Y,.,Y,.,Y,.,R,9208,R,784,R,9992,R,9718,R,274,R,9992,R,9718,R,274,R,9992,R,9718,R,274,R,9992,.,.,R,9208,R,784,R,9992,R,9718,R,274,R,9992,R,9718,R,274,R,9992,R,9718,R,274,R,9992,.,.,R,28010,R,784,R,28794,R,28520,R,274,R,28794,R,28520,R,274,R,28794,R,28520,R,274,R,28794,.,.,R,1000,R,1010,R,1050,R,1030,R,10030,R,10030,R,10030,R,11650,R,1760,R,1780,R,1850,R,2210,R,10520,R,10030,R,10030,R,12390,R,1760,R,1780,R,1850,R,2210,R,3350,R,3400,R,3530,R,4140
2023,445188,R,11834,R,2333,A,.,R,11834,R,2333,A,.,R,42611,R,2333,A,.,R,12264,R,1923,A,.,R,12264,R,1923,A,.,R,27366,R,1923,A,.,A,.,A,.,A,.,A,.,A,.,A,.,A,.,A,.,A,.,A,.,A,.,A,.,A,.,A,.,A,.,A,.,A,.,A,.,A,.,A,.,A,.,A,.,A,.,A,.,A,.,A,.,A,.,A,.,A,.,A,.,A,.,A,.,A,.,A,.,A,.,A,.,R,11442,R,2096,R,13538,R,11442,R,2215,R,13657,R,11564,R,2227,R,13791,R,11834,R,2333,R,14167,.,.,R,11442,R,2096,R,13538,R,11442,R,2215,R,13657,R,11564,R,2227,R,13791,R,11834,R,2333,R,14167,.,.,R,41196,R,2096,R,43292,R,41196,R,2215,R,43411,R,41636,R,2227,R,43863,R,42611,R,2333,R,44944,.,.,R,1047,R,1073,R,1094,R,1214,R,18756,R,18901,R,19340,R,20293,R,4761,R,4603,R,4682,R,5011,R,8650,R,9022,R,9745,R,10537,R,5262,R,5118,R,5209,R,5593,R,12950,R,13114,R,13209,R,14305
