sheet,row_idx,col_1,col_2,col_3,col_4,col_5,col_6,col_7,col_8,col_9,col_10,col_11,col_12,col_13,col_14,col_15,col_16,col_17,col_18,col_19,col_20,col_21,col_22,col_23,col_24,col_25,col_26,col_27,col_28,col_29,col_30,col_31,col_32,col_33,col_34,col_35,col_36,col_37,col_38,col_39,col_40,col_41,col_42,col_43,col_44,col_45,col_46,col_47,col_48,col_49,col_50
Introduction,0,"File Documentation for the Admissions Data File, 2022-23",,,,,,,,,
Introduction,1,(Final/revised release),,,,,,,,,
Introduction,2,Filename,ADM2022,,,,,,,,
Introduction,3,  Provisional release:,December 2023
Introduction,4,Filename,ADM2022_RV
Introduction,5,  Final  release:,September 2024
Introduction,6,Overview,"This file contains information about the undergraduate selection process for entering first-time, degree/certificate-seeking students. This includes information about admission considerations,  applicants, applicants that were admitted, and admitted students who enrolled. SAT and ACT test scores are included for institutions, that require or consider test scores for admission. These data are applicable for institutions that do not have an open admissions policy for entering first-time students.  In 2022-23, new admissions considerations were added and the 50th percentile (median) for test scores are available for the first time.  Additional gender variables were added for students that do not fit the binary gender categories provided (men/women).  For more information go to the various worksheets in this workbook.  The possible values for the admission consideration variables have also changed from previous versions.  See frequencies for complete listing.  Writing scores for both SAT and ACT have been discontinued since 2016-17.
",,,,,,,,
Introduction,7,Note,"IPEDS data, including provisional release data and final release data, adhere to rigorous quality control procedures established by NCES. Data are imputed for nonresponding institutions. Provisional release data are used for First Look  web tables. Final release data include revisions to the provisional release data that have been made by institutions during the subsequent data collection year. While the final release data offer  the most up to date data, these data may not match tables from the First Look web tables based on provisional release data.  							",,,,,,,,
Introduction,8,Contents of spreadsheet,,,,,,,,,
Introduction,9,Varlist,"Variable list: Lists all variables in the table. Includes the variable name, variable label and the data type, format and maximum field width of each variable.  The data type describes a variable as either a numeric (N) or Alphanumeric (A) and the format of a variable defines a variable as either continuous (Cont) or categorical (Disc).  It all also lists the variable name of all imputation flag variables for each continuous variable. Imputation flag variable describes whether a value for the corresponding variable was reported, imputed or not applicable.",,,,,,,,
Introduction,10,Description,Long description or glossary definition of a variable. ,,,,,,,,
Introduction,11,Frequencies,This worksheet contains the code values for of all categorical variables in the data file. It also lists the frequency and percent distribution for each code value by variable.(Provisional release),,,,,,,,
Introduction,12,Statistics,"This worksheet lists the sum, mean, minimum and maximum values of all continuous variables in the data file. (Provisional release)",,,,,,,,
Introduction,13,FrequenciesRV,This worksheet contains the code values for of all categorical variables in the data file. It also lists the frequency and percent distribution for each code value by variable. (Final/revised release),,,,,,,,
Introduction,14,StatisticsRV,"This worksheet lists the sum, mean, minimum and maximum values of all continuous variables in the data file. ",,,,,,,,
Introduction,15,Imputation code values,This worksheet lists the code values for all imputation flag variables. (Final/revised released),,,,,,,,
varlist,0,varnumber,varname,DataType,Fieldwidth,format,imputationvar,varTitle
varlist,1,1,UNITID,N,6,Cont,,Unique identification number of the institution
varlist,2,10521,ADMCON1,N,2,Disc,,Secondary school GPA
varlist,3,10526,ADMCON2,N,2,Disc,,Secondary school rank
varlist,4,10531,ADMCON3,N,2,Disc,,Secondary school record
varlist,5,10536,ADMCON4,N,2,Disc,,Completion of college-preparatory program
varlist,6,10541,ADMCON5,N,2,Disc,,Recommendations
varlist,7,10546,ADMCON6,N,2,Disc,,Formal demonstration of competencies
varlist,8,10551,ADMCON7,N,2,Disc,,Admission test scores
varlist,9,10556,ADMCON8,N,2,Disc,,English Proficiency Test
varlist,10,10559,ADMCON9,N,2,Disc,,"Other Test (Wonderlic, WISC-III, etc.)"
varlist,11,10548,ADMCON10,N,2,Disc,,Work experience
varlist,12,10549,ADMCON11,N,2,Disc,,Personal statement or essay
varlist,13,10550,ADMCON12,N,2,Disc,,Legacy status
varlist,14,11016,APPLCN,N,6,Cont,XAPPLCN,Applicants total
varlist,15,10566,APPLCNM,N,6,Cont,XAPPLCNM,Applicants men
varlist,16,10571,APPLCNW,N,6,Cont,XAPPLCNW,Applicants women
varlist,17,10573,APPLCNAN,N,6,Cont,XAPPLCNAN,Applicants another gender
varlist,18,10574,APPLCNUN,N,6,Cont,XAPPLCNUN,Applicants gender unknown
varlist,19,11021,ADMSSN,N,6,Cont,XADMSSN,Admissions total
varlist,20,10576,ADMSSNM,N,6,Cont,XADMSSNM,Admissions men
varlist,21,10581,ADMSSNW,N,6,Cont,XADMSSNW,Admissions women
varlist,22,10584,ADMSSNAN,N,6,Cont,XADMSSNAN,Admissions another gender
varlist,23,10585,ADMSSNUN,N,6,Cont,XADMSSNUN,Admissions gender unknown
varlist,24,11011,ENRLT,N,6,Cont,XENRLT,Enrolled total
varlist,25,11001,ENRLM,N,6,Cont,XENRLM,Enrolled  men
varlist,26,11006,ENRLW,N,6,Cont,XENRLW,Enrolled  women
varlist,27,11009,ENRLAN,N,6,Cont,XENRLAN,Enrolled another gender
varlist,28,11010,ENRLUN,N,6,Cont,XENRLUN,Enrolled gender unknown
varlist,29,11026,ENRLFT,N,6,Cont,XENRLFT,Enrolled full time total
varlist,30,10586,ENRLFTM,N,6,Cont,XENRLFTM,Enrolled full time men
varlist,31,10591,ENRLFTW,N,6,Cont,XENRLFTW,Enrolled full time women
varlist,32,10594,ENRLFTAN,N,6,Cont,XENRLFTAN,Enrolled full time another gender
varlist,33,10595,ENRLFTUN,N,6,Cont,XENRLFTUN,Enrolled full time gender unknown
varlist,34,11031,ENRLPT,N,6,Cont,XENRLPT,Enrolled part time total
varlist,35,10596,ENRLPTM,N,6,Cont,XENRLPTM,Enrolled part time men
varlist,36,10601,ENRLPTW,N,6,Cont,XENRLPTW,Enrolled part time women
varlist,37,10604,ENRLPTAN,N,6,Cont,XENRLPTAN,Enrolled part time another gender
varlist,38,10605,ENRLPTUN,N,6,Cont,XENRLPTUN,Enrolled part time gender unknown
varlist,39,10611,SATNUM,N,6,Cont,XSATNUM,Number of first-time degree/certificate-seeking students submitting SAT scores
varlist,40,10616,SATPCT,N,3,Cont,XSATPCT,Percent of first-time degree/certificate-seeking students submitting SAT scores
varlist,41,10621,ACTNUM,N,6,Cont,XACTNUM,Number of first-time degree/certificate-seeking students submitting ACT scores
varlist,42,10626,ACTPCT,N,3,Cont,XACTPCT,Percent of first-time degree/certificate-seeking students submitting ACT scores
varlist,43,10631,SATVR25,N,3,Cont,XSATVR25,SAT Evidence-Based Reading and Writing 25th percentile score
varlist,44,10633,SATVR50,N,3,Cont,XSATVR50,SAT Evidence-Based Reading and Writing 50th percentile score
varlist,45,10636,SATVR75,N,3,Cont,XSATVR75,SAT Evidence-Based Reading and Writing 75th percentile score
varlist,46,10641,SATMT25,N,3,Cont,XSATMT25,SAT Math 25th percentile score
varlist,47,10642,SATMT50,N,3,Cont,XSATMT50,SAT Math 50th percentile score
varlist,48,10646,SATMT75,N,3,Cont,XSATMT75,SAT Math 75th percentile score
varlist,49,10651,ACTCM25,N,3,Cont,XACTCM25,ACT Composite 25th percentile score
varlist,50,10653,ACTCM50,N,3,Cont,XACTCM50,ACT Composite 50th percentile score
varlist,51,10656,ACTCM75,N,3,Cont,XACTCM75,ACT Composite 75th percentile score
varlist,52,10661,ACTEN25,N,3,Cont,XACTEN25,ACT English 25th percentile score
varlist,53,10663,ACTEN50,N,3,Cont,XACTEN50,ACT English 50th percentile score
varlist,54,10666,ACTEN75,N,3,Cont,XACTEN75,ACT English 75th percentile score
varlist,55,10671,ACTMT25,N,3,Cont,XACTMT25,ACT Math 25th percentile score
varlist,56,10673,ACTMT50,N,3,Cont,XACTMT50,ACT Math 50th percentile score
varlist,57,10676,ACTMT75,N,3,Cont,XACTMT75,ACT Math 75th percentile score
Description,0,varnumber,varname,longDescription
Description,1,1,UNITID,Unique identification number of the institution
Description,2,10521,ADMCON1,"Please select the option that best describes how your institution uses any of the following data in its undergraduate selection process. 

Admissions considerations - This question refers to the admission policy for entering first-time undergraduate students. Indicate the types of considerations that are used as part of the selection process for entering first-time degree/certificate-seeking students. For each, select one of the following options:
 Required to be considered for admission,
 Not required for admission, but considered if submitted, 
 Not considered for admission, even if submitted

This is applicable to institutions that do not have an open admission policy for entering first-time undergraduate students. 

Secondary school GPA"
Description,3,10526,ADMCON2,"Please select the option that best describes how your institution uses any of the following data in its undergraduate selection process. 

Admissions considerations - This question refers to the admission policy for entering first-time undergraduate students. Indicate the types of considerations that are used as part of the selection process for entering first-time degree/certificate-seeking students. For each, select one of the following options:
 Required to be considered for admission,
 Not required for admission, but considered if submitted, 
 Not considered for admission, even if submitted

This is applicable to institutions that do not have an open admission policy for entering first-time undergraduate students. 

Secondary school rank"
Description,4,10531,ADMCON3,"Please select the option that best describes how your institution uses any of the following data in its undergraduate selection process. 

Admissions considerations - This question refers to the admission policy for entering first-time undergraduate students. Indicate the types of considerations that are used as part of the selection process for entering first-time degree/certificate-seeking students. For each, select one of the following options:
 Required to be considered for admission,
 Not required for admission, but considered if submitted, 
 Not considered for admission, even if submitted

This is applicable to institutions that do not have an open admission policy for entering first-time undergraduate students. 

Secondary school record"
Description,5,10536,ADMCON4,"Please select the option that best describes how your institution uses any of the following data in its undergraduate selection process. 

Admissions considerations - This question refers to the admission policy for entering first-time undergraduate students. Indicate the types of considerations that are used as part of the selection process for entering first-time degree/certificate-seeking students. For each, select one of the following options:
 Required to be considered for admission,
 Not required for admission, but considered if submitted, 
 Not considered for admission, even if submitted

This is applicable to institutions that do not have an open admission policy for entering first-time undergraduate students. 

Completion of college-preparatory program"
Description,6,10541,ADMCON5,"Please select the option that best describes how your institution uses any of the following data in its undergraduate selection process. 

Admissions considerations - This question refers to the admission policy for entering first-time undergraduate students. Indicate the types of considerations that are used as part of the selection process for entering first-time degree/certificate-seeking students. For each, select one of the following options:
 Required to be considered for admission,
 Not required for admission, but considered if submitted, 
 Not considered for admission, even if submitted

This is applicable to institutions that do not have an open admission policy for entering first-time undergraduate students. 

Recommendations"
Description,7,10546,ADMCON6,"Please select the option that best describes how your institution uses any of the following data in its undergraduate selection process. 

Admissions considerations - This question refers to the admission policy for entering first-time undergraduate students. Indicate the types of considerations that are used as part of the selection process for entering first-time degree/certificate-seeking students. For each, select one of the following options:
 Required to be considered for admission,
 Not required for admission, but considered if submitted, 
 Not considered for admission, even if submitted

This is applicable to institutions that do not have an open admission policy for entering first-time undergraduate students. 

Formal demonstration of competencies (e.g., portfolios, certificates of mastery, assessment instruments)"
Description,8,10551,ADMCON7,"Please select the option that best describes how your institution uses any of the following data in its undergraduate selection process. 

Admissions considerations - This question refers to the admission policy for entering first-time undergraduate students. Indicate the types of considerations that are used as part of the selection process for entering first-time degree/certificate-seeking students. For each, select one of the following options:
 Required to be considered for admission,
 Not required for admission, but considered if submitted (test optional institutions) 
 Not considered for admission, even if submitted (test blind institutions) 

This is applicable to institutions that do not have an open admission policy for entering first-time undergraduate students. 

Admission test scores (SAT,ACT, etc,)

ADMISSIONS TEST SCORES - Scores on standardized admissions tests or special admissions tests 

SAT (SCHOLASTIC APTITUDE TEST) - An examination administered by the Educational Testing Service and used to predict the facility with which an individual will progress in learning college-level academic subjects. 

ACT (AMERICAN COLLEGE TESTING PROGRAM) - The ACT assessment program measures educational development and readiness to pursue college-level coursework in English, mathematics, natural science, and social studies. Student performance does not reflect innate ability and is influenced by a student's educational preparedness."
Description,9,10556,ADMCON8,"Please select the option that best describes how your institution uses any of the following data in its undergraduate selection process.

 Admissions considerations - This question refers to the admission policy for entering first-time undergraduate students. Indicate the types of considerations that are used as part of the selection process for entering first-time degree/certificate-seeking students. For each, select one of the following options:
 Required to be considered for admission,
 Not required for admission, but considered if submitted (test optional institutions) 
 Not considered for admission, even if submitted (test blind institutions) 

This is applicable to institutions that do not have an open admission policy for entering first-time undergraduate students. 

English Proficiency Test (for applicable students)"
Description,10,10559,ADMCON9,"Please select the option that best describes how your institution uses any of the following data in its undergraduate selection process. 

Admissions considerations - This question refers to the admission policy for entering first-time undergraduate students. Indicate the types of considerations that are used as part of the selection process for entering first-time degree/certificate-seeking students. For each, select one of the following options:
 Required to be considered for admission,
 Not required for admission, but considered if submitted (test optional institutions) 
 Not considered for admission, even if submitted (test blind institutions) 

This is applicable to institutions that do not have an open admission policy for entering first-time undergraduate students. 

Other Test (Wonderlic, WISC-III, etc.)"
Description,11,10548,ADMCON10,"Please select the option that best describes how your institution uses any of the following data in its undergraduate selection process. 

Admissions considerations - This question refers to the admission policy for entering first-time undergraduate students. Indicate the types of considerations that are used as part of the selection process for entering first-time degree/certificate-seeking students. For each, select one of the following options:
 Required to be considered for admission,
 Not required for admission, but considered if submitted, 
 Not considered for admission, even if submitted

This is applicable to institutions that do not have an open admission policy for entering first-time undergraduate students. 
 (e.g., portfolios, certificates of mastery, assessment instruments) 

Work experience"
Description,12,10549,ADMCON11,"Please select the option that best describes how your institution uses any of the following data in its undergraduate selection process. 

Admissions considerations - This question refers to the admission policy for entering first-time undergraduate students. Indicate the types of considerations that are used as part of the selection process for entering first-time degree/certificate-seeking students. For each, select one of the following options:
 Required to be considered for admission,
 Not required for admission, but considered if submitted, 
 Not considered for admission, even if submitted

This is applicable to institutions that do not have an open admission policy for entering first-time undergraduate students.

Personal statement or essay"
Description,13,10550,ADMCON12,"Please select the option that best describes how your institution uses any of the following data in its undergraduate selection process. 

Admissions considerations - This question refers to the admission policy for entering first-time undergraduate students. Indicate the types of considerations that are used as part of the selection process for entering first-time degree/certificate-seeking students. For each, select one of the following options:
 Not required for admission, but considered if submitted, 
 Not considered for admission, even if submitted

This is applicable to institutions that do not have an open admission policy for entering first-time undergraduate students. 

Legacy status
 Required to be considered for admission is not applicable for this consideration"
Description,14,11016,APPLCN,"Please provide the number of first-time, degree/certificate-seeking undergraduate students who applied, were admitted, and enrolled (full or part time) at your institution for the most recent fall period available. Include early decision, early action, and students who began studies during the summer prior to that fall. 
This is applicable to institutions that have no open admission policy for entering first-time undergraduate students

Total number of applicants

APPLICANT - An individual who has fulfilled the institution’s requirements to be considered for admission (including payment or waiving of the application fee, if any) and who has been notified of one of the following actions: admission, nonadmission, placement on waiting list, or application withdrawn (by applicant or institution). 

FIRST-TIME STUDENT (UNDERGRADUATE) - A student attending any institution for the first time at the undergraduate level. Includes students enrolled in academic or occupational programs. Also includes students enrolled in the fall term who attended college for the first time in the prior summer term, and students who entered with advanced standing (college credits earned before graduation from high school). 

DEGREE/CERTIFICATE-SEEKING STUDENTS 
Students enrolled in courses for credit who are recognized by the institution as seeking a degree or formal award. At the undergraduate level, this is intended to include students enrolled in vocational or occupational programs. 

EARLY DECISION 
A plan that allows students to apply and be notified of an admission decision (and financial aid offer, if applicable) well in advance of the regular notification date. Applicants agree to accept an offer of admission and, if admitted, to withdraw their applications from other colleges. There are three possible decision applications: admitted, denied, or not admitted but forwarded for consideration with the regular applicant pool, without prejudice. 

EARLY ACTION 
An admission plan that allows students to apply and be notified of an admission decision well in advance of the regular notification dates. If admitted, the candidate is not committed to enroll (unlike early decision). Students may reply to the offer under the college's regular reply policy."
Description,15,10566,APPLCNM,"Please provide the number of first-time, degree/certificate-seeking undergraduate students who applied, were admitted, and enrolled (full or part time) at your institution for the most recent fall period available. Include early decision, early action, and students who began studies during the summer prior to that fall. 
This is applicable to institutions that have no open admission policy for entering first-time undergraduate students

Number of applicants men

APPLICANT - An individual who has fulfilled the institution’s requirements to be considered for admission (including payment or waiving of the application fee, if any) and who has been notified of one of the following actions: admission, nonadmission, placement on waiting list, or application withdrawn (by applicant or institution). 

FIRST-TIME STUDENT (UNDERGRADUATE) - A student attending any institution for the first time at the undergraduate level. Includes students enrolled in academic or occupational programs. Also includes students enrolled in the fall term who attended college for the first time in the prior summer term, and students who entered with advanced standing (college credits earned before graduation from high school). 

DEGREE/CERTIFICATE-SEEKING STUDENTS 
Students enrolled in courses for credit who are recognized by the institution as seeking a degree or formal award. At the undergraduate level, this is intended to include students enrolled in vocational or occupational programs. 

EARLY DECISION 
A plan that allows students to apply and be notified of an admission decision (and financial aid offer, if applicable) well in advance of the regular notification date. Applicants agree to accept an offer of admission and, if admitted, to withdraw their applications from other colleges. There are three possible decision applications: admitted, denied, or not admitted but forwarded for consideration with the regular applicant pool, without prejudice. 

EARLY ACTION 
An admission plan that allows students to apply and be notified of an admission decision well in advance of the regular notification dates. If admitted, the candidate is not committed to enroll (unlike early decision). Students may reply to the offer under the college's regular reply policy."
Description,16,10571,APPLCNW,"Please provide the number of first-time, degree/certificate-seeking undergraduate students who applied, were admitted, and enrolled (full or part time) at your institution for the most recent fall period available. Include early decision, early action, and students who began studies during the summer prior to that fall. 
This is applicable to institutions that have no open admission policy for entering first-time undergraduate students

Number of applicants women

APPLICANT - An individual who has fulfilled the institution’s requirements to be considered for admission (including payment or waiving of the application fee, if any) and who has been notified of one of the following actions: admission, nonadmission, placement on waiting list, or application withdrawn (by applicant or institution). 

FIRST-TIME STUDENT (UNDERGRADUATE) - A student attending any institution for the first time at the undergraduate level. Includes students enrolled in academic or occupational programs. Also includes students enrolled in the fall term who attended college for the first time in the prior summer term, and students who entered with advanced standing (college credits earned before graduation from high school). 

DEGREE/CERTIFICATE-SEEKING STUDENTS 
Students enrolled in courses for credit who are recognized by the institution as seeking a degree or formal award. At the undergraduate level, this is intended to include students enrolled in vocational or occupational programs. 

EARLY DECISION 
A plan that allows students to apply and be notified of an admission decision (and financial aid offer, if applicable) well in advance of the regular notification date. Applicants agree to accept an offer of admission and, if admitted, to withdraw their applications from other colleges. There are three possible decision applications: admitted, denied, or not admitted but forwarded for consideration with the regular applicant pool, without prejudice. 

EARLY ACTION 
An admission plan that allows students to apply and be notified of an admission decision well in advance of the regular notification dates. If admitted, the candidate is not committed to enroll (unlike early decision). Students may reply to the offer under the college's regular reply policy."
Description,17,10573,APPLCNAN,"Please provide the number of first-time, degree/certificate-seeking undergraduate students who applied, were admitted, and enrolled (full or part time) at your institution for the most recent fall period available. Include early decision, early action, and students who began studies during the summer prior to that fall. 
This is applicable to institutions that have no open admission policy for entering first-time undergraduate students

Number of applicants another gender 

Another gender (i.e., gender information is known but does not fall into either of the mutually exclusive binary categories provided [Men/Women]). This variable is left missing or blank for institutions who indicated that they were not able to report another gender for this data collection. For institutions who indicated that they were able to report another gender for this data collection, but no students identified as another gender this variable/cell is zero.

APPLICANT - An individual who has fulfilled the institution’s requirements to be considered for admission (including payment or waiving of the application fee, if any) and who has been notified of one of the following actions: admission, nonadmission, placement on waiting list, or application withdrawn (by applicant or institution). 

FIRST-TIME STUDENT (UNDERGRADUATE) - A student attending any institution for the first time at the undergraduate level. Includes students enrolled in academic or occupational programs. Also includes students enrolled in the fall term who attended college for the first time in the prior summer term, and students who entered with advanced standing (college credits earned before graduation from high school). 

DEGREE/CERTIFICATE-SEEKING STUDENTS 
Students enrolled in courses for credit who are recognized by the institution as seeking a degree or formal award. At the undergraduate level, this is intended to include students enrolled in vocational or occupational programs. 

EARLY DECISION 
A plan that allows students to apply and be notified of an admission decision (and financial aid offer, if applicable) well in advance of the regular notification date. Applicants agree to accept an offer of admission and, if admitted, to withdraw their applications from other colleges. There are three possible decision applications: admitted, denied, or not admitted but forwarded for consideration with the regular applicant pool, without prejudice. 

EARLY ACTION 
An admission plan that allows students to apply and be notified of an admission decision well in advance of the regular notification dates. If admitted, the candidate is not committed to enroll (unlike early decision). Students may reply to the offer under the college's regular reply policy."
Description,18,10574,APPLCNUN,"Please provide the number of first-time, degree/certificate-seeking undergraduate students who applied, were admitted, and enrolled (full or part time) at your institution for the most recent fall period available. Include early decision, early action, and students who began studies during the summer prior to that fall. 
This is applicable to institutions that have no open admission policy for entering first-time undergraduate students

Number of applicants gender unknown
 
APPLICANT - An individual who has fulfilled the institution’s requirements to be considered for admission (including payment or waiving of the application fee, if any) and who has been notified of one of the following actions: admission, nonadmission, placement on waiting list, or application withdrawn (by applicant or institution). 

FIRST-TIME STUDENT (UNDERGRADUATE) - A student attending any institution for the first time at the undergraduate level. Includes students enrolled in academic or occupational programs. Also includes students enrolled in the fall term who attended college for the first time in the prior summer term, and students who entered with advanced standing (college credits earned before graduation from high school). 

DEGREE/CERTIFICATE-SEEKING STUDENTS 
Students enrolled in courses for credit who are recognized by the institution as seeking a degree or formal award. At the undergraduate level, this is intended to include students enrolled in vocational or occupational programs. 

EARLY DECISION 
A plan that allows students to apply and be notified of an admission decision (and financial aid offer, if applicable) well in advance of the regular notification date. Applicants agree to accept an offer of admission and, if admitted, to withdraw their applications from other colleges. There are three possible decision applications: admitted, denied, or not admitted but forwarded for consideration with the regular applicant pool, without prejudice. 

EARLY ACTION 
An admission plan that allows students to apply and be notified of an admission decision well in advance of the regular notification dates. If admitted, the candidate is not committed to enroll (unlike early decision). Students may reply to the offer under the college's regular reply policy."
Description,19,11021,ADMSSN,"Please provide the number of first-time, degree/certificate-seeking undergraduate students who applied, were admitted, and enrolled (full or part time) at your institution for the most recent fall period available. Include early decision, early action, and students who began studies during the summer prior to that fall. 
This is applicable to institutions that have no open admission policy for entering first-time undergraduate students

Total number of admissions

ADMISSIONS - Applicants that have been granted an official offer to enroll in a college or university. 

FIRST-TIME STUDENT (UNDERGRADUATE) - A student attending any institution for the first time at the undergraduate level. Includes students enrolled in academic or occupational programs. Also includes students enrolled in the fall term who attended college for the first time in the prior summer term, and students who entered with advanced standing (college credits earned before graduation from high school). 

DEGREE/CERTIFICATE-SEEKING STUDENTS 
Students enrolled in courses for credit who are recognized by the institution as seeking a degree or formal award. At the undergraduate level, this is intended to include students enrolled in vocational or occupational programs. 

EARLY DECISION 
A plan that allows students to apply and be notified of an admission decision (and financial aid offer, if applicable) well in advance of the regular notification date. Applicants agree to accept an offer of admission and, if admitted, to withdraw their applications from other colleges. There are three possible decision applications: admitted, denied, or not admitted but forwarded for consideration with the regular applicant pool, without prejudice. 

EARLY ACTION 
An admission plan that allows students to apply and be notified of an admission decision well in advance of the regular notification dates. If admitted, the candidate is not committed to enroll (unlike early decision). Students may reply to the offer under the college's regular reply policy."
Description,20,10576,ADMSSNM,"Please provide the number of first-time, degree/certificate-seeking undergraduate students who applied, were admitted, and enrolled (full or part time) at your institution for the most recent fall period available. Include early decision, early action, and students who began studies during the summer prior to that fall. 
This is applicable to institutions that have no open admission policy for entering first-time undergraduate students

Number of admissions men

ADMISSIONS - Applicants that have been granted an official offer to enroll in a college or university. 

FIRST-TIME STUDENT (UNDERGRADUATE) - A student attending any institution for the first time at the undergraduate level. Includes students enrolled in academic or occupational programs. Also includes students enrolled in the fall term who attended college for the first time in the prior summer term, and students who entered with advanced standing (college credits earned before graduation from high school). 

DEGREE/CERTIFICATE-SEEKING STUDENTS 
Students enrolled in courses for credit who are recognized by the institution as seeking a degree or formal award. At the undergraduate level, this is intended to include students enrolled in vocational or occupational programs. 

EARLY DECISION 
A plan that allows students to apply and be notified of an admission decision (and financial aid offer, if applicable) well in advance of the regular notification date. Applicants agree to accept an offer of admission and, if admitted, to withdraw their applications from other colleges. There are three possible decision applications: admitted, denied, or not admitted but forwarded for consideration with the regular applicant pool, without prejudice. 

EARLY ACTION 
An admission plan that allows students to apply and be notified of an admission decision well in advance of the regular notification dates. If admitted, the candidate is not committed to enroll (unlike early decision). Students may reply to the offer under the college's regular reply policy."
Description,21,10581,ADMSSNW,"Please provide the number of first-time, degree/certificate-seeking undergraduate students who applied, were admitted, and enrolled (full or part time) at your institution for the most recent fall period available. Include early decision, early action, and students who began studies during the summer prior to that fall. 
This is applicable to institutions that have no open admission policy for entering first-time undergraduate students

Number of admissions women

ADMISSIONS - Applicants that have been granted an official offer to enroll in a college or university. 

FIRST-TIME STUDENT (UNDERGRADUATE) - A student attending any institution for the first time at the undergraduate level. Includes students enrolled in academic or occupational programs. Also includes students enrolled in the fall term who attended college for the first time in the prior summer term, and students who entered with advanced standing (college credits earned before graduation from high school). 

DEGREE/CERTIFICATE-SEEKING STUDENTS 
Students enrolled in courses for credit who are recognized by the institution as seeking a degree or formal award. At the undergraduate level, this is intended to include students enrolled in vocational or occupational programs. 

EARLY DECISION 
A plan that allows students to apply and be notified of an admission decision (and financial aid offer, if applicable) well in advance of the regular notification date. Applicants agree to accept an offer of admission and, if admitted, to withdraw their applications from other colleges. There are three possible decision applications: admitted, denied, or not admitted but forwarded for consideration with the regular applicant pool, without prejudice. 

EARLY ACTION 
An admission plan that allows students to apply and be notified of an admission decision well in advance of the regular notification dates. If admitted, the candidate is not committed to enroll (unlike early decision). Students may reply to the offer under the college's regular reply policy."
Description,22,10584,ADMSSNAN,"Please provide the number of first-time, degree/certificate-seeking undergraduate students who applied, were admitted, and enrolled (full or part time) at your institution for the most recent fall period available. Include early decision, early action, and students who began studies during the summer prior to that fall. 
This is applicable to institutions that have no open admission policy for entering first-time undergraduate students

Number of admissions another gender

Another gender (i.e., gender information is known but does not fall into either of the mutually exclusive binary categories provided [Men/Women]). This variable is left missing or blank for institutions who indicated that they were not able to report another gender for this data collection. For institutions who indicated that they were able to report another gender for this data collection, but no students identified as another gender this variable/cell is zero.

ADMISSIONS - Applicants that have been granted an official offer to enroll in a college or university. 

FIRST-TIME STUDENT (UNDERGRADUATE) - A student attending any institution for the first time at the undergraduate level. Includes students enrolled in academic or occupational programs. Also includes students enrolled in the fall term who attended college for the first time in the prior summer term, and students who entered with advanced standing (college credits earned before graduation from high school). 

DEGREE/CERTIFICATE-SEEKING STUDENTS 
Students enrolled in courses for credit who are recognized by the institution as seeking a degree or formal award. At the undergraduate level, this is intended to include students enrolled in vocational or occupational programs. 

EARLY DECISION 
A plan that allows students to apply and be notified of an admission decision (and financial aid offer, if applicable) well in advance of the regular notification date. Applicants agree to accept an offer of admission and, if admitted, to withdraw their applications from other colleges. There are three possible decision applications: admitted, denied, or not admitted but forwarded for consideration with the regular applicant pool, without prejudice. 

EARLY ACTION 
An admission plan that allows students to apply and be notified of an admission decision well in advance of the regular notification dates. If admitted, the candidate is not committed to enroll (unlike early decision). Students may reply to the offer under the college's regular reply policy."
Description,23,10585,ADMSSNUN,"Please provide the number of first-time, degree/certificate-seeking undergraduate students who applied, were admitted, and enrolled (full or part time) at your institution for the most recent fall period available. Include early decision, early action, and students who began studies during the summer prior to that fall. 
This is applicable to institutions that have no open admission policy for entering first-time undergraduate students

Number of admissions gender unknown

ADMISSIONS - Applicants that have been granted an official offer to enroll in a college or university. 

FIRST-TIME STUDENT (UNDERGRADUATE) - A student attending any institution for the first time at the undergraduate level. Includes students enrolled in academic or occupational programs. Also includes students enrolled in the fall term who attended college for the first time in the prior summer term, and students who entered with advanced standing (college credits earned before graduation from high school). 

DEGREE/CERTIFICATE-SEEKING STUDENTS 
Students enrolled in courses for credit who are recognized by the institution as seeking a degree or formal award. At the undergraduate level, this is intended to include students enrolled in vocational or occupational programs. 

EARLY DECISION 
A plan that allows students to apply and be notified of an admission decision (and financial aid offer, if applicable) well in advance of the regular notification date. Applicants agree to accept an offer of admission and, if admitted, to withdraw their applications from other colleges. There are three possible decision applications: admitted, denied, or not admitted but forwarded for consideration with the regular applicant pool, without prejudice. 

EARLY ACTION 
An admission plan that allows students to apply and be notified of an admission decision well in advance of the regular notification dates. If admitted, the candidate is not committed to enroll (unlike early decision). Students may reply to the offer under the college's regular reply policy."
Description,24,11011,ENRLT,"Please provide the number of first-time, degree/certificate-seeking undergraduate students who applied, were admitted, and enrolled (full or part time) at your institution for the most recent fall period available. Include early decision, early action, and students who began studies during the summer prior to that fall. 
This is applicable to institutions that have no open admission policy for entering first-time undergraduate students

Total number of enrolled 

FIRST-TIME STUDENT (UNDERGRADUATE) - A student attending any institution for the first time at the undergraduate level. Includes students enrolled in academic or occupational programs. Also includes students enrolled in the fall term who attended college for the first time in the prior summer term, and students who entered with advanced standing (college credits earned before graduation from high school). 

DEGREE/CERTIFICATE-SEEKING STUDENTS 
Students enrolled in courses for credit who are recognized by the institution as seeking a degree or formal award. At the undergraduate level, this is intended to include students enrolled in vocational or occupational programs. 

EARLY DECISION 
A plan that allows students to apply and be notified of an admission decision (and financial aid offer, if applicable) well in advance of the regular notification date. Applicants agree to accept an offer of admission and, if admitted, to withdraw their applications from other colleges. There are three possible decision applications: admitted, denied, or not admitted but forwarded for consideration with the regular applicant pool, without prejudice. 

EARLY ACTION 
An admission plan that allows students to apply and be notified of an admission decision well in advance of the regular notification dates. If admitted, the candidate is not committed to enroll (unlike early decision). Students may reply to the offer under the college's regular reply policy."
Description,25,11001,ENRLM,"Please provide the number of first-time, degree/certificate-seeking undergraduate students who applied, were admitted, and enrolled (full or part time) at your institution for the most recent fall period available. Include early decision, early action, and students who began studies during the summer prior to that fall. 
This is applicable to institutions that have no open admission policy for entering first-time undergraduate students

Number of enrolled men

FIRST-TIME STUDENT (UNDERGRADUATE) - A student attending any institution for the first time at the undergraduate level. Includes students enrolled in academic or occupational programs. Also includes students enrolled in the fall term who attended college for the first time in the prior summer term, and students who entered with advanced standing (college credits earned before graduation from high school). 

DEGREE/CERTIFICATE-SEEKING STUDENTS 
Students enrolled in courses for credit who are recognized by the institution as seeking a degree or formal award. At the undergraduate level, this is intended to include students enrolled in vocational or occupational programs. 

EARLY DECISION 
A plan that allows students to apply and be notified of an admission decision (and financial aid offer, if applicable) well in advance of the regular notification date. Applicants agree to accept an offer of admission and, if admitted, to withdraw their applications from other colleges. There are three possible decision applications: admitted, denied, or not admitted but forwarded for consideration with the regular applicant pool, without prejudice. 

EARLY ACTION 
An admission plan that allows students to apply and be notified of an admission decision well in advance of the regular notification dates. If admitted, the candidate is not committed to enroll (unlike early decision). Students may reply to the offer under the college's regular reply policy."
Description,26,11006,ENRLW,"Please provide the number of first-time, degree/certificate-seeking undergraduate students who applied, were admitted, and enrolled (full or part time) at your institution for the most recent fall period available. Include early decision, early action, and students who began studies during the summer prior to that fall. 
This is applicable to institutions that have no open admission policy for entering first-time undergraduate students

Number of enrolled women

FIRST-TIME STUDENT (UNDERGRADUATE) - A student attending any institution for the first time at the undergraduate level. Includes students enrolled in academic or occupational programs. Also includes students enrolled in the fall term who attended college for the first time in the prior summer term, and students who entered with advanced standing (college credits earned before graduation from high school). 

DEGREE/CERTIFICATE-SEEKING STUDENTS 
Students enrolled in courses for credit who are recognized by the institution as seeking a degree or formal award. At the undergraduate level, this is intended to include students enrolled in vocational or occupational programs. 

EARLY DECISION 
A plan that allows students to apply and be notified of an admission decision (and financial aid offer, if applicable) well in advance of the regular notification date. Applicants agree to accept an offer of admission and, if admitted, to withdraw their applications from other colleges. There are three possible decision applications: admitted, denied, or not admitted but forwarded for consideration with the regular applicant pool, without prejudice. 

EARLY ACTION 
An admission plan that allows students to apply and be notified of an admission decision well in advance of the regular notification dates. If admitted, the candidate is not committed to enroll (unlike early decision). Students may reply to the offer under the college's regular reply policy."
Description,27,11009,ENRLAN,"Please provide the number of first-time, degree/certificate-seeking undergraduate students who applied, were admitted, and enrolled (full or part time) at your institution for the most recent fall period available. Include early decision, early action, and students who began studies during the summer prior to that fall. 
This is applicable to institutions that have no open admission policy for entering first-time undergraduate students

Number of enrolled another gender

Another gender (i.e., gender information is known but does not fall into either of the mutually exclusive binary categories provided [Men/Women]). This variable is left missing or blank for institutions who indicated that they were not able to report another gender for this data collection. For institutions who indicated that they were able to report another gender for this data collection, but no students identified as another gender this variable/cell is zero.

FIRST-TIME STUDENT (UNDERGRADUATE) - A student attending any institution for the first time at the undergraduate level. Includes students enrolled in academic or occupational programs. Also includes students enrolled in the fall term who attended college for the first time in the prior summer term, and students who entered with advanced standing (college credits earned before graduation from high school). 

DEGREE/CERTIFICATE-SEEKING STUDENTS 
Students enrolled in courses for credit who are recognized by the institution as seeking a degree or formal award. At the undergraduate level, this is intended to include students enrolled in vocational or occupational programs. 

EARLY DECISION 
A plan that allows students to apply and be notified of an admission decision (and financial aid offer, if applicable) well in advance of the regular notification date. Applicants agree to accept an offer of admission and, if admitted, to withdraw their applications from other colleges. There are three possible decision applications: admitted, denied, or not admitted but forwarded for consideration with the regular applicant pool, without prejudice. 

EARLY ACTION 
An admission plan that allows students to apply and be notified of an admission decision well in advance of the regular notification dates. If admitted, the candidate is not committed to enroll (unlike early decision). Students may reply to the offer under the college's regular reply policy."
Description,28,11010,ENRLUN,"Please provide the number of first-time, degree/certificate-seeking undergraduate students who applied, were admitted, and enrolled (full or part time) at your institution for the most recent fall period available. Include early decision, early action, and students who began studies during the summer prior to that fall. 
This is applicable to institutions that have no open admission policy for entering first-time undergraduate students

Number of enrolled gender unknown

FIRST-TIME STUDENT (UNDERGRADUATE) - A student attending any institution for the first time at the undergraduate level. Includes students enrolled in academic or occupational programs. Also includes students enrolled in the fall term who attended college for the first time in the prior summer term, and students who entered with advanced standing (college credits earned before graduation from high school). 

DEGREE/CERTIFICATE-SEEKING STUDENTS 
Students enrolled in courses for credit who are recognized by the institution as seeking a degree or formal award. At the undergraduate level, this is intended to include students enrolled in vocational or occupational programs. 

EARLY DECISION 
A plan that allows students to apply and be notified of an admission decision (and financial aid offer, if applicable) well in advance of the regular notification date. Applicants agree to accept an offer of admission and, if admitted, to withdraw their applications from other colleges. There are three possible decision applications: admitted, denied, or not admitted but forwarded for consideration with the regular applicant pool, without prejudice. 

EARLY ACTION 
An admission plan that allows students to apply and be notified of an admission decision well in advance of the regular notification dates. If admitted, the candidate is not committed to enroll (unlike early decision). Students may reply to the offer under the college's regular reply policy."
Description,29,11026,ENRLFT,"Please provide the number of first-time, degree/certificate-seeking undergraduate students who applied, were admitted, and enrolled (full or part time) at your institution for the most recent fall period available. Include early decision, early action, and students who began studies during the summer prior to that fall. 
This is applicable to institutions that have no open admission policy for entering first-time undergraduate students

Total number of full time enrolled

FIRST-TIME STUDENT (UNDERGRADUATE) - A student attending any institution for the first time at the undergraduate level. Includes students enrolled in academic or occupational programs. Also includes students enrolled in the fall term who attended college for the first time in the prior summer term, and students who entered with advanced standing (college credits earned before graduation from high school). 

DEGREE/CERTIFICATE-SEEKING STUDENTS 
Students enrolled in courses for credit who are recognized by the institution as seeking a degree or formal award. At the undergraduate level, this is intended to include students enrolled in vocational or occupational programs. 

EARLY DECISION 
A plan that allows students to apply and be notified of an admission decision (and financial aid offer, if applicable) well in advance of the regular notification date. Applicants agree to accept an offer of admission and, if admitted, to withdraw their applications from other colleges. There are three possible decision applications: admitted, denied, or not admitted but forwarded for consideration with the regular applicant pool, without prejudice. 

EARLY ACTION 
An admission plan that allows students to apply and be notified of an admission decision well in advance of the regular notification dates. If admitted, the candidate is not committed to enroll (unlike early decision). Students may reply to the offer under the college's regular reply policy. 

FULL-TIME STUDENT Undergraduate - A student enrolled for 12 or more semester credits, or 12 or more quarter credits, or 24 or more clock hours a week each term"
Description,30,10586,ENRLFTM,"Please provide the number of first-time, degree/certificate-seeking undergraduate students who applied, were admitted, and enrolled (full or part time) at your institution for the most recent fall period available. Include early decision, early action, and students who began studies during the summer prior to that fall. 
This is applicable to institutions that have no open admission policy for entering first-time undergraduate students

Number of full time enrolled men

FIRST-TIME STUDENT (UNDERGRADUATE) - A student attending any institution for the first time at the undergraduate level. Includes students enrolled in academic or occupational programs. Also includes students enrolled in the fall term who attended college for the first time in the prior summer term, and students who entered with advanced standing (college credits earned before graduation from high school). 

DEGREE/CERTIFICATE-SEEKING STUDENTS - Students enrolled in courses for credit who are recognized by the institution as seeking a degree or formal award. At the undergraduate level, this is intended to include students enrolled in vocational or occupational programs.

EARLY DECISION 
A plan that allows students to apply and be notified of an admission decision (and financial aid offer, if applicable) well in advance of the regular notification date. Applicants agree to accept an offer of admission and, if admitted, to withdraw their applications from other colleges. There are three possible decision applications: admitted, denied, or not admitted but forwarded for consideration with the regular applicant pool, without prejudice. 

EARLY ACTION 
An admission plan that allows students to apply and be notified of an admission decision well in advance of the regular notification dates. If admitted, the candidate is not committed to enroll (unlike early decision). Students may reply to the offer under the college's regular reply policy. 

FULL-TIME STUDENT Undergraduate - A student enrolled for 12 or more semester credits, or 12 or more quarter credits, or 24 or more clock hours a week each term"
Description,31,10591,ENRLFTW,"Please provide the number of first-time, degree/certificate-seeking undergraduate students who applied, were admitted, and enrolled (full or part time) at your institution for the most recent fall period available. Include early decision, early action, and students who began studies during the summer prior to that fall. 
This is applicable to institutions that have no open admission policy for entering first-time undergraduate students

Number of full time enrolled women

FIRST-TIME STUDENT (UNDERGRADUATE) - A student attending any institution for the first time at the undergraduate level. Includes students enrolled in academic or occupational programs. Also includes students enrolled in the fall term who attended college for the first time in the prior summer term, and students who entered with advanced standing (college credits earned before graduation from high school). 

DEGREE/CERTIFICATE-SEEKING STUDENTS - Students enrolled in courses for credit who are recognized by the institution as seeking a degree or formal award. At the undergraduate level, this is intended to include students enrolled in vocational or occupational programs.

EARLY DECISION 
A plan that allows students to apply and be notified of an admission decision (and financial aid offer, if applicable) well in advance of the regular notification date. Applicants agree to accept an offer of admission and, if admitted, to withdraw their applications from other colleges. There are three possible decision applications: admitted, denied, or not admitted but forwarded for consideration with the regular applicant pool, without prejudice. 

EARLY ACTION 
An admission plan that allows students to apply and be notified of an admission decision well in advance of the regular notification dates. If admitted, the candidate is not committed to enroll (unlike early decision). Students may reply to the offer under the college's regular reply policy. 

FULL-TIME STUDENT Undergraduate - A student enrolled for 12 or more semester credits, or 12 or more quarter credits, or 24 or more clock hours a week each term"
Description,32,10594,ENRLFTAN,"Please provide the number of first-time, degree/certificate-seeking undergraduate students who applied, were admitted, and enrolled (full or part time) at your institution for the most recent fall period available. Include early decision, early action, and students who began studies during the summer prior to that fall. 
This is applicable to institutions that have no open admission policy for entering first-time undergraduate students

Number of full time enrolled another gender

Another gender (i.e., gender information is known but does not fall into either of the mutually exclusive binary categories provided [Men/Women]). This variable is left missing or blank for institutions who indicated that they were not able to report another gender for this data collection. For institutions who indicated that they were able to report another gender for this data collection, but no students identified as another gender this variable/cell is zero.

FIRST-TIME STUDENT (UNDERGRADUATE) - A student attending any institution for the first time at the undergraduate level. Includes students enrolled in academic or occupational programs. Also includes students enrolled in the fall term who attended college for the first time in the prior summer term, and students who entered with advanced standing (college credits earned before graduation from high school). 

DEGREE/CERTIFICATE-SEEKING STUDENTS - Students enrolled in courses for credit who are recognized by the institution as seeking a degree or formal award. At the undergraduate level, this is intended to include students enrolled in vocational or occupational programs.

EARLY DECISION 
A plan that allows students to apply and be notified of an admission decision (and financial aid offer, if applicable) well in advance of the regular notification date. Applicants agree to accept an offer of admission and, if admitted, to withdraw their applications from other colleges. There are three possible decision applications: admitted, denied, or not admitted but forwarded for consideration with the regular applicant pool, without prejudice. 

EARLY ACTION 
An admission plan that allows students to apply and be notified of an admission decision well in advance of the regular notification dates. If admitted, the candidate is not committed to enroll (unlike early decision). Students may reply to the offer under the college's regular reply policy. 

FULL-TIME STUDENT Undergraduate - A student enrolled for 12 or more semester credits, or 12 or more quarter credits, or 24 or more clock hours a week each term"
Description,33,10595,ENRLFTUN,"Please provide the number of first-time, degree/certificate-seeking undergraduate students who applied, were admitted, and enrolled (full or part time) at your institution for the most recent fall period available. Include early decision, early action, and students who began studies during the summer prior to that fall. 
This is applicable to institutions that have no open admission policy for entering first-time undergraduate students

Number of full time enrolled gender unknown

FIRST-TIME STUDENT (UNDERGRADUATE) - A student attending any institution for the first time at the undergraduate level. Includes students enrolled in academic or occupational programs. Also includes students enrolled in the fall term who attended college for the first time in the prior summer term, and students who entered with advanced standing (college credits earned before graduation from high school). 

DEGREE/CERTIFICATE-SEEKING STUDENTS - Students enrolled in courses for credit who are recognized by the institution as seeking a degree or formal award. At the undergraduate level, this is intended to include students enrolled in vocational or occupational programs.

EARLY DECISION 
A plan that allows students to apply and be notified of an admission decision (and financial aid offer, if applicable) well in advance of the regular notification date. Applicants agree to accept an offer of admission and, if admitted, to withdraw their applications from other colleges. There are three possible decision applications: admitted, denied, or not admitted but forwarded for consideration with the regular applicant pool, without prejudice. 

EARLY ACTION 
An admission plan that allows students to apply and be notified of an admission decision well in advance of the regular notification dates. If admitted, the candidate is not committed to enroll (unlike early decision). Students may reply to the offer under the college's regular reply policy. 

FULL-TIME STUDENT Undergraduate - A student enrolled for 12 or more semester credits, or 12 or more quarter credits, or 24 or more clock hours a week each term"
Description,34,11031,ENRLPT,"Total number of first-time degree/certificate-seeking undergraduate enrolled part time.

FIRST-TIME STUDENT (UNDERGRADUATE) - A student attending any institution for the first time at the undergraduate level. Includes students enrolled in academic or occupational programs. Also includes students enrolled in the fall term who attended college for the first time in the prior summer term, and students who entered with advanced standing (college credits earned before graduation from high school). 

DEGREE/CERTIFICATE-SEEKING STUDENTS - Students enrolled in courses for credit who are recognized by the institution as seeking a degree or formal award. At the undergraduate level, this is intended to include students enrolled in vocational or occupational programs.

PART-TIME STUDENT Undergraduate - A student enrolled for either 11 semester credits or less, or 11 quarter credits or less, or less than 24 clock hours a week each term."
Description,35,10596,ENRLPTM,"Please provide the number of first-time, degree/certificate-seeking undergraduate students who applied, were admitted, and enrolled (full or part time) at your institution for the most recent fall period available. Include early decision, early action, and students who began studies during the summer prior to that fall. 
This is applicable to institutions that have no open admission policy for entering first-time undergraduate students

Number of part time enrolled men

FIRST-TIME STUDENT (UNDERGRADUATE) - A student attending any institution for the first time at the undergraduate level. Includes students enrolled in academic or occupational programs. Also includes students enrolled in the fall term who attended college for the first time in the prior summer term, and students who entered with advanced standing (college credits earned before graduation from high school). 

DEGREE/CERTIFICATE-SEEKING STUDENTS - Students enrolled in courses for credit who are recognized by the institution as seeking a degree or formal award. At the undergraduate level, this is intended to include students enrolled in vocational or occupational programs.

EARLY DECISION 
A plan that allows students to apply and be notified of an admission decision (and financial aid offer, if applicable) well in advance of the regular notification date. Applicants agree to accept an offer of admission and, if admitted, to withdraw their applications from other colleges. There are three possible decision applications: admitted, denied, or not admitted but forwarded for consideration with the regular applicant pool, without prejudice. 

EARLY ACTION 
An admission plan that allows students to apply and be notified of an admission decision well in advance of the regular notification dates. If admitted, the candidate is not committed to enroll (unlike early decision). Students may reply to the offer under the college's regular reply policy. 

PART-TIME STUDENT Undergraduate - A student enrolled for either 11 semester credits or less, or 11 quarter credits or less, or less than 24 clock hours a week each term."
Description,36,10601,ENRLPTW,"Please provide the number of first-time, degree/certificate-seeking undergraduate students who applied, were admitted, and enrolled (full or part time) at your institution for the most recent fall period available. Include early decision, early action, and students who began studies during the summer prior to that fall. 
This is applicable to institutions that have no open admission policy for entering first-time undergraduate students

Number of part time enrolled women

FIRST-TIME STUDENT (UNDERGRADUATE) - A student attending any institution for the first time at the undergraduate level. Includes students enrolled in academic or occupational programs. Also includes students enrolled in the fall term who attended college for the first time in the prior summer term, and students who entered with advanced standing (college credits earned before graduation from high school). 

DEGREE/CERTIFICATE-SEEKING STUDENTS - Students enrolled in courses for credit who are recognized by the institution as seeking a degree or formal award. At the undergraduate level, this is intended to include students enrolled in vocational or occupational programs.

EARLY DECISION 
A plan that allows students to apply and be notified of an admission decision (and financial aid offer, if applicable) well in advance of the regular notification date. Applicants agree to accept an offer of admission and, if admitted, to withdraw their applications from other colleges. There are three possible decision applications: admitted, denied, or not admitted but forwarded for consideration with the regular applicant pool, without prejudice. 

EARLY ACTION 
An admission plan that allows students to apply and be notified of an admission decision well in advance of the regular notification dates. If admitted, the candidate is not committed to enroll (unlike early decision). Students may reply to the offer under the college's regular reply policy. 

PART-TIME STUDENT Undergraduate - A student enrolled for either 11 semester credits or less, or 11 quarter credits or less, or less than 24 clock hours a week each term."
Description,37,10604,ENRLPTAN,"Please provide the number of first-time, degree/certificate-seeking undergraduate students who applied, were admitted, and enrolled (full or part time) at your institution for the most recent fall period available. Include early decision, early action, and students who began studies during the summer prior to that fall. 
This is applicable to institutions that have no open admission policy for entering first-time undergraduate students

Number of part time enrolled another gender

Another gender (i.e., gender information is known but does not fall into either of the mutually exclusive binary categories provided [Men/Women]). This variable is left missing or blank for institutions who indicated that they were not able to report another gender for this data collection. For institutions who indicated that they were able to report another gender for this data collection, but no students identified as another gender this variable/cell is zero.

FIRST-TIME STUDENT (UNDERGRADUATE) - A student attending any institution for the first time at the undergraduate level. Includes students enrolled in academic or occupational programs. Also includes students enrolled in the fall term who attended college for the first time in the prior summer term, and students who entered with advanced standing (college credits earned before graduation from high school). 

DEGREE/CERTIFICATE-SEEKING STUDENTS - Students enrolled in courses for credit who are recognized by the institution as seeking a degree or formal award. At the undergraduate level, this is intended to include students enrolled in vocational or occupational programs.

EARLY DECISION 
A plan that allows students to apply and be notified of an admission decision (and financial aid offer, if applicable) well in advance of the regular notification date. Applicants agree to accept an offer of admission and, if admitted, to withdraw their applications from other colleges. There are three possible decision applications: admitted, denied, or not admitted but forwarded for consideration with the regular applicant pool, without prejudice. 

EARLY ACTION 
An admission plan that allows students to apply and be notified of an admission decision well in advance of the regular notification dates. If admitted, the candidate is not committed to enroll (unlike early decision). Students may reply to the offer under the college's regular reply policy. 

PART-TIME STUDENT Undergraduate - A student enrolled for either 11 semester credits or less, or 11 quarter credits or less, or less than 24 clock hours a week each term."
Description,38,10605,ENRLPTUN,"Please provide the number of first-time, degree/certificate-seeking undergraduate students who applied, were admitted, and enrolled (full or part time) at your institution for the most recent fall period available. Include early decision, early action, and students who began studies during the summer prior to that fall. 
This is applicable to institutions that have no open admission policy for entering first-time undergraduate students

Number of part time enrolled gender unknown

FIRST-TIME STUDENT (UNDERGRADUATE) - A student attending any institution for the first time at the undergraduate level. Includes students enrolled in academic or occupational programs. Also includes students enrolled in the fall term who attended college for the first time in the prior summer term, and students who entered with advanced standing (college credits earned before graduation from high school). 

DEGREE/CERTIFICATE-SEEKING STUDENTS - Students enrolled in courses for credit who are recognized by the institution as seeking a degree or formal award. At the undergraduate level, this is intended to include students enrolled in vocational or occupational programs.

EARLY DECISION 
A plan that allows students to apply and be notified of an admission decision (and financial aid offer, if applicable) well in advance of the regular notification date. Applicants agree to accept an offer of admission and, if admitted, to withdraw their applications from other colleges. There are three possible decision applications: admitted, denied, or not admitted but forwarded for consideration with the regular applicant pool, without prejudice. 

EARLY ACTION 
An admission plan that allows students to apply and be notified of an admission decision well in advance of the regular notification dates. If admitted, the candidate is not committed to enroll (unlike early decision). Students may reply to the offer under the college's regular reply policy. 

PART-TIME STUDENT Undergraduate - A student enrolled for either 11 semester credits or less, or 11 quarter credits or less, or less than 24 clock hours a week each term."
Description,39,10611,SATNUM,"If test scores are required for admission for first-time, degree/certificate-seeking undergraduate students, please provide the following information: the number and percentage of students submitting SAT/ACT scores and the 25th, 50th, and 75th percentile scores for each test. Provide data for the most recent group of students for which data are available; include new students admitted the summer prior to that fall. 
(This is applicable to institutions that have no open admission policy for entering first-time undergraduate students ). 

Number submitting SAT scores 

SAT (SCHOLASTIC APTITUDE TEST) - An examination administered by the Educational Testing Service and used to predict the facility with which an individual will progress in learning college-level academic subjects. 

FIRST-TIME STUDENT (UNDERGRADUATE) - A student attending any institution for the first time at the undergraduate level. Includes students enrolled in academic or occupational programs. Also includes students enrolled in the fall term who attended college for the first time in the prior summer term, and students who entered with advanced standing (college credits earned before graduation from high school). 

DEGREE/CERTIFICATE-SEEKING STUDENTS 
Students enrolled in courses for credit who are recognized by the institution as seeking a degree or formal award. At the undergraduate level, this is intended to include students enrolled in vocational or occupational programs."
Description,40,10616,SATPCT,"If test scores are required for admission for first-time, degree/certificate-seeking undergraduate students, please provide the following information: the number and percentage of students submitting SAT/ACT scores and the 25th, 50th and 75th percentile scores for each test. Provide data for the most recent group of students for which data are available; include new students admitted the summer prior to that fall. 
(This is applicable to institutions that have no open admission policy for entering first-time undergraduate students ). 

Percent submitting SAT scores 

SAT (SCHOLASTIC APTITUDE TEST) - An examination administered by the Educational Testing Service and used to predict the facility with which an individual will progress in learning college-level academic subjects. 

FIRST-TIME STUDENT (UNDERGRADUATE) - A student attending any institution for the first time at the undergraduate level. Includes students enrolled in academic or occupational programs. Also includes students enrolled in the fall term who attended college for the first time in the prior summer term, and students who entered with advanced standing (college credits earned before graduation from high school). 

DEGREE/CERTIFICATE-SEEKING STUDENTS 
Students enrolled in courses for credit who are recognized by the institution as seeking a degree or formal award. At the undergraduate level, this is intended to include students enrolled in vocational or occupational programs."
Description,41,10621,ACTNUM,"If test scores are required for admission for first-time, degree/certificate-seeking undergraduate students, please provide the following information: the number and percentage of students submitting SAT/ACT scores and the 25th, 50th and 75th percentile scores for each test. Provide data for the most recent group of students for which data are available; include new students admitted the summer prior to that fall. 
(This is applicable to institutions that have no open admission policy for entering first-time undergraduate students ). 

Number submitting ACT scores 

ACT (AMERICAN COLLEGE TESTING PROGRAM) - The ACT assessment program measures educational development and readiness to pursue college-level coursework in English, mathematics, natural science, and social studies. Student performance does not reflect innate ability and is influenced by a student's educational preparedness. 


FIRST-TIME STUDENT (UNDERGRADUATE) - A student attending any institution for the first time at the undergraduate level. Includes students enrolled in academic or occupational programs. Also includes students enrolled in the fall term who attended college for the first time in the prior summer term, and students who entered with advanced standing (college credits earned before graduation from high school). 

DEGREE/CERTIFICATE-SEEKING STUDENTS 
Students enrolled in courses for credit who are recognized by the institution as seeking a degree or formal award. At the undergraduate level, this is intended to include students enrolled in vocational or occupational programs."
Description,42,10626,ACTPCT,"If test scores are required for admission for first-time, degree/certificate-seeking undergraduate students, please provide the following information: the number and percentage of students submitting SAT/ACT scores and the 25th, 50th and 75th percentile scores for each test. Provide data for the most recent group of students for which data are available; include new students admitted the summer prior to that fall. 
(This is applicable to institutions that have no open admission policy for entering first-time undergraduate students ). 


Percent submitting ACT scores

ACT (AMERICAN COLLEGE TESTING PROGRAM) - The ACT assessment program measures educational development and readiness to pursue college-level coursework in English, mathematics, natural science, and social studies. Student performance does not reflect innate ability and is influenced by a student's educational preparedness. 


FIRST-TIME STUDENT (UNDERGRADUATE) - A student attending any institution for the first time at the undergraduate level. Includes students enrolled in academic or occupational programs. Also includes students enrolled in the fall term who attended college for the first time in the prior summer term, and students who entered with advanced standing (college credits earned before graduation from high school). 

DEGREE/CERTIFICATE-SEEKING STUDENTS 
Students enrolled in courses for credit who are recognized by the institution as seeking a degree or formal award. At the undergraduate level, this is intended to include students enrolled in vocational or occupational programs."
Description,43,10631,SATVR25,"If test scores are required for admission for first-time, degree/certificate-seeking undergraduate students, please provide the following information: the number and percentage of students submitting SAT/ACT scores and the 25th, 50th and 75th percentile scores for each test. Provide data for the most recent group of students for which data are available; include new students admitted the summer prior to that fall. 
(This is applicable to institutions that have no open admission policy for entering first-time undergraduate students ). 

SAT Evidence-Based Reading and Writing 25th percentile score 

SAT (SCHOLASTIC APTITUDE TEST) - An examination administered by the Educational Testing Service and used to predict the facility with which an individual will progress in learning college-level academic subjects. 

FIRST-TIME STUDENT (UNDERGRADUATE) - A student attending any institution for the first time at the undergraduate level. Includes students enrolled in academic or occupational programs. Also includes students enrolled in the fall term who attended college for the first time in the prior summer term, and students who entered with advanced standing (college credits earned before graduation from high school). 

DEGREE/CERTIFICATE-SEEKING STUDENTS 
Students enrolled in courses for credit who are recognized by the institution as seeking a degree or formal award. At the undergraduate level, this is intended to include students enrolled in vocational or occupational programs."
Description,44,10633,SATVR50,"If test scores are required for admission for first-time, degree/certificate-seeking undergraduate students, please provide the following information: the number and percentage of students submitting SAT/ACT scores and the 25th, 50th and 75th percentile scores for each test. Provide data for the most recent group of students for which data are available; include new students admitted the summer prior to that fall. 
(This is applicable to institutions that have no open admission policy for entering first-time undergraduate students ). 

SAT Evidence-Based Reading and Writing 50th percentile score 

SAT (SCHOLASTIC APTITUDE TEST) - An examination administered by the Educational Testing Service and used to predict the facility with which an individual will progress in learning college-level academic subjects. 

FIRST-TIME STUDENT (UNDERGRADUATE) - A student attending any institution for the first time at the undergraduate level. Includes students enrolled in academic or occupational programs. Also includes students enrolled in the fall term who attended college for the first time in the prior summer term, and students who entered with advanced standing (college credits earned before graduation from high school). 

DEGREE/CERTIFICATE-SEEKING STUDENTS 
Students enrolled in courses for credit who are recognized by the institution as seeking a degree or formal award. At the undergraduate level, this is intended to include students enrolled in vocational or occupational programs."
Description,45,10636,SATVR75,"If test scores are required for admission for first-time, degree/certificate-seeking undergraduate students, please provide the following information: the number and percentage of students submitting SAT/ACT scores and the 25th, 50th and 75th percentile scores for each test. Provide data for the most recent group of students for which data are available; include new students admitted the summer prior to that fall. 
(This is applicable to institutions that have no open admission policy for entering first-time undergraduate students ). 

SAT I Evidence-Based Reading and Writing 75th percentile score 

SAT (SCHOLASTIC APTITUDE TEST) - An examination administered by the Educational Testing Service and used to predict the facility with which an individual will progress in learning college-level academic subjects. 

FIRST-TIME STUDENT (UNDERGRADUATE) - A student attending any institution for the first time at the undergraduate level. Includes students enrolled in academic or occupational programs. Also includes students enrolled in the fall term who attended college for the first time in the prior summer term, and students who entered with advanced standing (college credits earned before graduation from high school). 

DEGREE/CERTIFICATE-SEEKING STUDENTS 
Students enrolled in courses for credit who are recognized by the institution as seeking a degree or formal award. At the undergraduate level, this is intended to include students enrolled in vocational or occupational programs."
Description,46,10641,SATMT25,"If test scores are required for admission for first-time, degree/certificate-seeking undergraduate students, please provide the following information: the number and percentage of students submitting SAT/ACT scores and the 25th, 50th and 75th percentile scores for each test. Provide data for the most recent group of students for which data are available; include new students admitted the summer prior to that fall. 
(This is applicable to institutions that have no open admission policy for entering first-time undergraduate students ). 

SAT I Math 25th percentile score 

SAT (SCHOLASTIC APTITUDE TEST) - An examination administered by the Educational Testing Service and used to predict the facility with which an individual will progress in learning college-level academic subjects. 

FIRST-TIME STUDENT (UNDERGRADUATE) - A student attending any institution for the first time at the undergraduate level. Includes students enrolled in academic or occupational programs. Also includes students enrolled in the fall term who attended college for the first time in the prior summer term, and students who entered with advanced standing (college credits earned before graduation from high school). 

DEGREE/CERTIFICATE-SEEKING STUDENTS 
Students enrolled in courses for credit who are recognized by the institution as seeking a degree or formal award. At the undergraduate level, this is intended to include students enrolled in vocational or occupational programs."
Description,47,10642,SATMT50,"If test scores are required for admission for first-time, degree/certificate-seeking undergraduate students, please provide the following information: the number and percentage of students submitting SAT/ACT scores and the 25th, 50th and 75th percentile scores for each test. Provide data for the most recent group of students for which data are available; include new students admitted the summer prior to that fall. 
(This is applicable to institutions that have no open admission policy for entering first-time undergraduate students ). 

SAT I Math 50th percentile score 

SAT (SCHOLASTIC APTITUDE TEST) - An examination administered by the Educational Testing Service and used to predict the facility with which an individual will progress in learning college-level academic subjects. 

FIRST-TIME STUDENT (UNDERGRADUATE) - A student attending any institution for the first time at the undergraduate level. Includes students enrolled in academic or occupational programs. Also includes students enrolled in the fall term who attended college for the first time in the prior summer term, and students who entered with advanced standing (college credits earned before graduation from high school). 

DEGREE/CERTIFICATE-SEEKING STUDENTS 
Students enrolled in courses for credit who are recognized by the institution as seeking a degree or formal award. At the undergraduate level, this is intended to include students enrolled in vocational or occupational programs."
Description,48,10646,SATMT75,"If test scores are required for admission for first-time, degree/certificate-seeking undergraduate students, please provide the following information: the number and percentage of students submitting SAT/ACT scores and the 25th, 50th and 75th percentile scores for each test. Provide data for the most recent group of students for which data are available; include new students admitted the summer prior to that fall. 
(This is applicable to institutions that have no open admission policy for entering first-time undergraduate students ). 

SAT I Math 75th percentile score 

SAT (SCHOLASTIC APTITUDE TEST) - An examination administered by the Educational Testing Service and used to predict the facility with which an individual will progress in learning college-level academic subjects. 

FIRST-TIME STUDENT (UNDERGRADUATE) - A student attending any institution for the first time at the undergraduate level. Includes students enrolled in academic or occupational programs. Also includes students enrolled in the fall term who attended college for the first time in the prior summer term, and students who entered with advanced standing (college credits earned before graduation from high school). 

DEGREE/CERTIFICATE-SEEKING STUDENTS 
Students enrolled in courses for credit who are recognized by the institution as seeking a degree or formal award. At the undergraduate level, this is intended to include students enrolled in vocational or occupational programs."
Description,49,10651,ACTCM25,"If test scores are required for admission for first-time, degree/certificate-seeking undergraduate students, please provide the following information: the number and percentage of students submitting SAT/ACT scores and the 25th, 50th and 75th percentile scores for each test. Provide data for the most recent group of students for which data are available; include new students admitted the summer prior to that fall. 
(This is applicable to institutions that have no open admission policy for entering first-time undergraduate students ). 

ACT Composite 25th percentile score 

ACT (AMERICAN COLLEGE TESTING PROGRAM) - The ACT assessment program measures educational development and readiness to pursue college-level coursework in English, mathematics, natural science, and social studies. Student performance does not reflect innate ability and is influenced by a student's educational preparedness. 


FIRST-TIME STUDENT (UNDERGRADUATE) - A student attending any institution for the first time at the undergraduate level. Includes students enrolled in academic or occupational programs. Also includes students enrolled in the fall term who attended college for the first time in the prior summer term, and students who entered with advanced standing (college credits earned before graduation from high school). 

DEGREE/CERTIFICATE-SEEKING STUDENTS 
Students enrolled in courses for credit who are recognized by the institution as seeking a degree or formal award. At the undergraduate level, this is intended to include students enrolled in vocational or occupational programs."
Description,50,10653,ACTCM50,"If test scores are required for admission for first-time, degree/certificate-seeking undergraduate students, please provide the following information: the number and percentage of students submitting SAT/ACT scores and the 25th, 50th and 75th percentile scores for each test. Provide data for the most recent group of students for which data are available; include new students admitted the summer prior to that fall. 
(This is applicable to institutions that have no open admission policy for entering first-time undergraduate students ). 

ACT Composite 50th percentile score 

ACT (AMERICAN COLLEGE TESTING PROGRAM) - The ACT assessment program measures educational development and readiness to pursue college-level coursework in English, mathematics, natural science, and social studies. Student performance does not reflect innate ability and is influenced by a student's educational preparedness. 


FIRST-TIME STUDENT (UNDERGRADUATE) - A student attending any institution for the first time at the undergraduate level. Includes students enrolled in academic or occupational programs. Also includes students enrolled in the fall term who attended college for the first time in the prior summer term, and students who entered with advanced standing (college credits earned before graduation from high school). 

DEGREE/CERTIFICATE-SEEKING STUDENTS 
Students enrolled in courses for credit who are recognized by the institution as seeking a degree or formal award. At the undergraduate level, this is intended to include students enrolled in vocational or occupational programs."
Description,51,10656,ACTCM75,"If test scores are required for admission for first-time, degree/certificate-seeking undergraduate students, please provide the following information: the number and percentage of students submitting SAT/ACT scores and the 25th, 50th and 75th percentile scores for each test. Provide data for the most recent group of students for which data are available; include new students admitted the summer prior to that fall. 
(This is applicable to institutions that have no open admission policy for entering first-time undergraduate students ). 

ACT Composite 75th percentile score 

ACT (AMERICAN COLLEGE TESTING PROGRAM) - The ACT assessment program measures educational development and readiness to pursue college-level coursework in English, mathematics, natural science, and social studies. Student performance does not reflect innate ability and is influenced by a student's educational preparedness. 


FIRST-TIME STUDENT (UNDERGRADUATE) - A student attending any institution for the first time at the undergraduate level. Includes students enrolled in academic or occupational programs. Also includes students enrolled in the fall term who attended college for the first time in the prior summer term, and students who entered with advanced standing (college credits earned before graduation from high school). 

DEGREE/CERTIFICATE-SEEKING STUDENTS 
Students enrolled in courses for credit who are recognized by the institution as seeking a degree or formal award. At the undergraduate level, this is intended to include students enrolled in vocational or occupational programs."
Description,52,10661,ACTEN25,"If test scores are required for admission for first-time, degree/certificate-seeking undergraduate students, please provide the following information: the number and percentage of students submitting SAT/ACT scores and the 25th, 50th and 75th percentile scores for each test. Provide data for the most recent group of students for which data are available; include new students admitted the summer prior to that fall. 
(This is applicable to institutions that have no open admission policy for entering first-time undergraduate students ). 

ACT English 25th percentile score 

ACT (AMERICAN COLLEGE TESTING PROGRAM) - The ACT assessment program measures educational development and readiness to pursue college-level coursework in English, mathematics, natural science, and social studies. Student performance does not reflect innate ability and is influenced by a student's educational preparedness. 


FIRST-TIME STUDENT (UNDERGRADUATE) - A student attending any institution for the first time at the undergraduate level. Includes students enrolled in academic or occupational programs. Also includes students enrolled in the fall term who attended college for the first time in the prior summer term, and students who entered with advanced standing (college credits earned before graduation from high school). 

DEGREE/CERTIFICATE-SEEKING STUDENTS 
Students enrolled in courses for credit who are recognized by the institution as seeking a degree or formal award. At the undergraduate level, this is intended to include students enrolled in vocational or occupational programs."
Description,53,10663,ACTEN50,"If test scores are required for admission for first-time, degree/certificate-seeking undergraduate students, please provide the following information: the number and percentage of students submitting SAT/ACT scores and the 25th, 50th and 75th percentile scores for each test. Provide data for the most recent group of students for which data are available; include new students admitted the summer prior to that fall. 
(This is applicable to institutions that have no open admission policy for entering first-time undergraduate students ). 

ACT English 50th percentile score 

ACT (AMERICAN COLLEGE TESTING PROGRAM) - The ACT assessment program measures educational development and readiness to pursue college-level coursework in English, mathematics, natural science, and social studies. Student performance does not reflect innate ability and is influenced by a student's educational preparedness. 


FIRST-TIME STUDENT (UNDERGRADUATE) - A student attending any institution for the first time at the undergraduate level. Includes students enrolled in academic or occupational programs. Also includes students enrolled in the fall term who attended college for the first time in the prior summer term, and students who entered with advanced standing (college credits earned before graduation from high school). 

DEGREE/CERTIFICATE-SEEKING STUDENTS 
Students enrolled in courses for credit who are recognized by the institution as seeking a degree or formal award. At the undergraduate level, this is intended to include students enrolled in vocational or occupational programs."
Description,54,10666,ACTEN75,"If test scores are required for admission for first-time, degree/certificate-seeking undergraduate students, please provide the following information: the number and percentage of students submitting SAT/ACT scores and the 25th, 50th and 75th percentile scores for each test. Provide data for the most recent group of students for which data are available; include new students admitted the summer prior to that fall. 
(This is applicable to institutions that have no open admission policy for entering first-time undergraduate students ). 

ACT English 75th percentile score 

ACT (AMERICAN COLLEGE TESTING PROGRAM) - The ACT assessment program measures educational development and readiness to pursue college-level coursework in English, mathematics, natural science, and social studies. Student performance does not reflect innate ability and is influenced by a student's educational preparedness. 


FIRST-TIME STUDENT (UNDERGRADUATE) - A student attending any institution for the first time at the undergraduate level. Includes students enrolled in academic or occupational programs. Also includes students enrolled in the fall term who attended college for the first time in the prior summer term, and students who entered with advanced standing (college credits earned before graduation from high school). 

DEGREE/CERTIFICATE-SEEKING STUDENTS 
Students enrolled in courses for credit who are recognized by the institution as seeking a degree or formal award. At the undergraduate level, this is intended to include students enrolled in vocational or occupational programs."
Description,55,10671,ACTMT25,"If test scores are required for admission for first-time, degree/certificate-seeking undergraduate students, please provide the following information: the number and percentage of students submitting SAT/ACT scores and the 25th, 50th and 75th percentile scores for each test. Provide data for the most recent group of students for which data are available; include new students admitted the summer prior to that fall. 
(This is applicable to institutions that have no open admission policy for entering first-time undergraduate students ). 

ACT Math 25th percentile score 

ACT (AMERICAN COLLEGE TESTING PROGRAM) - The ACT assessment program measures educational development and readiness to pursue college-level coursework in English, mathematics, natural science, and social studies. Student performance does not reflect innate ability and is influenced by a student's educational preparedness. 


FIRST-TIME STUDENT (UNDERGRADUATE) - A student attending any institution for the first time at the undergraduate level. Includes students enrolled in academic or occupational programs. Also includes students enrolled in the fall term who attended college for the first time in the prior summer term, and students who entered with advanced standing (college credits earned before graduation from high school). 

DEGREE/CERTIFICATE-SEEKING STUDENTS 
Students enrolled in courses for credit who are recognized by the institution as seeking a degree or formal award. At the undergraduate level, this is intended to include students enrolled in vocational or occupational programs."
Description,56,10673,ACTMT50,"If test scores are required for admission for first-time, degree/certificate-seeking undergraduate students, please provide the following information: the number and percentage of students submitting SAT/ACT scores and the 25th, 50th and 75th percentile scores for each test. Provide data for the most recent group of students for which data are available; include new students admitted the summer prior to that fall. 
(This is applicable to institutions that have no open admission policy for entering first-time undergraduate students ). 

ACT Math 50th percentile score 

ACT (AMERICAN COLLEGE TESTING PROGRAM) - The ACT assessment program measures educational development and readiness to pursue college-level coursework in English, mathematics, natural science, and social studies. Student performance does not reflect innate ability and is influenced by a student's educational preparedness. 


FIRST-TIME STUDENT (UNDERGRADUATE) - A student attending any institution for the first time at the undergraduate level. Includes students enrolled in academic or occupational programs. Also includes students enrolled in the fall term who attended college for the first time in the prior summer term, and students who entered with advanced standing (college credits earned before graduation from high school). 

DEGREE/CERTIFICATE-SEEKING STUDENTS 
Students enrolled in courses for credit who are recognized by the institution as seeking a degree or formal award. At the undergraduate level, this is intended to include students enrolled in vocational or occupational programs."
Description,57,10676,ACTMT75,"If test scores are required for admission for first-time, degree/certificate-seeking undergraduate students, please provide the following information: the number and percentage of students submitting SAT/ACT scores and the 25th, 50th and 75th percentile scores for each test. Provide data for the most recent group of students for which data are available; include new students admitted the summer prior to that fall. 
(This is applicable to institutions that have no open admission policy for entering first-time undergraduate students ). 

ACT Math 75th percentile score 

ACT (AMERICAN COLLEGE TESTING PROGRAM) - The ACT assessment program measures educational development and readiness to pursue college-level coursework in English, mathematics, natural science, and social studies. Student performance does not reflect innate ability and is influenced by a student's educational preparedness. 


FIRST-TIME STUDENT (UNDERGRADUATE) - A student attending any institution for the first time at the undergraduate level. Includes students enrolled in academic or occupational programs. Also includes students enrolled in the fall term who attended college for the first time in the prior summer term, and students who entered with advanced standing (college credits earned before graduation from high school). 

DEGREE/CERTIFICATE-SEEKING STUDENTS 
Students enrolled in courses for credit who are recognized by the institution as seeking a degree or formal award. At the undergraduate level, this is intended to include students enrolled in vocational or occupational programs."
Frequencies,0,varnumber,varname,codevalue,valuelabel,frequency,percent
Frequencies,1,10521,ADMCON1,1,Required to be considered for admission,1570,78.849999999999994
Frequencies,2,10521,ADMCON1,5,"Not required for admission, but considered if submitted",259,13.01
Frequencies,3,10521,ADMCON1,3,"Not considered for admission, even if submitted",162,8.14
Frequencies,4,10526,ADMCON2,1,Required to be considered for admission,121,6.08
Frequencies,5,10526,ADMCON2,5,"Not required for admission, but considered if submitted",823,41.34
Frequencies,6,10526,ADMCON2,3,"Not considered for admission, even if submitted",1047,52.59
Frequencies,7,10531,ADMCON3,1,Required to be considered for admission,1733,87.04
Frequencies,8,10531,ADMCON3,5,"Not required for admission, but considered if submitted",167,8.39
Frequencies,9,10531,ADMCON3,3,"Not considered for admission, even if submitted",91,4.57
Frequencies,10,10536,ADMCON4,1,Required to be considered for admission,653,32.799999999999997
Frequencies,11,10536,ADMCON4,5,"Not required for admission, but considered if submitted",662,33.25
Frequencies,12,10536,ADMCON4,3,"Not considered for admission, even if submitted",676,33.950000000000003
Frequencies,13,10541,ADMCON5,1,Required to be considered for admission,665,33.4
Frequencies,14,10541,ADMCON5,5,"Not required for admission, but considered if submitted",639,32.090000000000003
Frequencies,15,10541,ADMCON5,3,"Not considered for admission, even if submitted",687,34.51
Frequencies,16,10546,ADMCON6,1,Required to be considered for admission,176,8.84
Frequencies,17,10546,ADMCON6,5,"Not required for admission, but considered if submitted",469,23.56
Frequencies,18,10546,ADMCON6,3,"Not considered for admission, even if submitted",1346,67.599999999999994
Frequencies,19,10551,ADMCON7,1,Required to be considered for admission,127,6.38
Frequencies,20,10551,ADMCON7,5,"Not required for admission, but considered if submitted (Test Optional)",1208,60.67
Frequencies,21,10551,ADMCON7,3,"Not considered for admission, even if submitted (Test Blind)",656,32.950000000000003
Frequencies,22,10556,ADMCON8,1,Required to be considered for admission,1397,70.17
Frequencies,23,10556,ADMCON8,5,"Not required for admission, but considered if submitted (Test Optional)",208,10.45
Frequencies,24,10556,ADMCON8,3,"Not considered for admission, even if submitted (Test Blind)",386,19.39
Frequencies,25,10559,ADMCON9,1,Required to be considered for admission,230,11.55
Frequencies,26,10559,ADMCON9,5,"Not required for admission, but considered if submitted (Test Optional)",138,6.93
Frequencies,27,10559,ADMCON9,3,"Not considered for admission, even if submitted (Test Blind)",1623,81.52
Frequencies,28,10548,ADMCON10,1,Required to be considered for admission,28,1.41
Frequencies,29,10548,ADMCON10,5,"Not required for admission, but considered if submitted",847,42.54
Frequencies,30,10548,ADMCON10,3,"Not considered for admission, even if submitted",1116,56.05
Frequencies,31,10549,ADMCON11,1,Required to be considered for admission,661,33.200000000000003
Frequencies,32,10549,ADMCON11,5,"Not required for admission, but considered if submitted",731,36.72
Frequencies,33,10549,ADMCON11,3,"Not considered for admission, even if submitted",599,30.09
Frequencies,34,10550,ADMCON12,5,"Not required for admission, but considered if submitted",593,29.78
Frequencies,35,10550,ADMCON12,3,"Not considered for admission, even if submitted",1398,70.22
Frequencies,36,,,,,,
Frequencies,37,,,,,,
Frequencies,38,,,,,,
Frequencies,39,,,,,,
Frequencies,40,,,,,,
Frequencies,41,,,,,,
Frequencies,42,,,,,,
Frequencies,43,,,,,,
Frequencies,44,,,,,,
Frequencies,45,,,,,,
Frequencies,46,,,,,,
Frequencies,47,,,,,,
Frequencies,48,,,,,,
Frequencies,49,,,,,,
Frequencies,50,,,,,,
Frequencies,51,,,,,,
Frequencies,52,,,,,,
Frequencies,53,,,,,,
Frequencies,54,,,,,,
Frequencies,55,,,,,,
Frequencies,56,,,,,,
Frequencies,57,,,,,,
Frequencies,58,,,,,,
Frequencies,59,,,,,,
Frequencies,60,,,,,,
Frequencies,61,,,,,,
Frequencies,62,,,,,,
Frequencies,63,,,,,,
Frequencies,64,,,,,,
Frequencies,65,,,,,,
Frequencies,66,,,,,,
Frequencies,67,,,,,,
Frequencies,68,,,,,,
Frequencies,69,,,,,,
Frequencies,70,,,,,,
Frequencies,71,,,,,,
Frequencies,72,,,,,,
Frequencies,73,,,,,,
Frequencies,74,,,,,,
Frequencies,75,,,,,,
Frequencies,76,,,,,,
Frequencies,77,,,,,,
Frequencies,78,,,,,,
Frequencies,79,,,,,,
Frequencies,80,,,,,,
Frequencies,81,,,,,,
Frequencies,82,,,,,,
Frequencies,83,,,,,,
Frequencies,84,,,,,,
Frequencies,85,,,,,,
Frequencies,86,,,,,,
Frequencies,87,,,,,,
Frequencies,88,,,,,,
Frequencies,89,,,,,,
Frequencies,90,,,,,,
Frequencies,91,,,,,,
Frequencies,92,,,,,,
Frequencies,93,,,,,,
Frequencies,94,,,,,,
Frequencies,95,,,,,,
Frequencies,96,,,,,,
Frequencies,97,,,,,,
Frequencies,98,,,,,,
Frequencies,99,,,,,,
Frequencies,100,,,,,,
Frequencies,101,,,,,,
Frequencies,102,,,,,,
Frequencies,103,,,,,,
Frequencies,104,,,,,,
Frequencies,105,,,,,,
Frequencies,106,,,,,,
Frequencies,107,,,,,,
Frequencies,108,,,,,,
Frequencies,109,,,,,,
Frequencies,110,,,,,,
Frequencies,111,,,,,,
Frequencies,112,,,,,,
Frequencies,113,,,,,,
Frequencies,114,,,,,,
Frequencies,115,,,,,,
Frequencies,116,,,,,,
Frequencies,117,,,,,,
Frequencies,118,,,,,,
Frequencies,119,,,,,,
Frequencies,120,,,,,,
Frequencies,121,,,,,,
Frequencies,122,,,,,,
Frequencies,123,,,,,,
Frequencies,124,,,,,,
Frequencies,125,,,,,,
Frequencies,126,,,,,,
Frequencies,127,,,,,,
Frequencies,128,,,,,,
Frequencies,129,,,,,,
Frequencies,130,,,,,,
Frequencies,131,,,,,,
Frequencies,132,,,,,,
Frequencies,133,,,,,,
Frequencies,134,,,,,,
Frequencies,135,,,,,,
Frequencies,136,,,,,,
Frequencies,137,,,,,,
Frequencies,138,,,,,,
Frequencies,139,,,,,,
Frequencies,140,,,,,,
Frequencies,141,,,,,,
Frequencies,142,,,,,,
Frequencies,143,,,,,,
Frequencies,144,,,,,,
Frequencies,145,,,,,,
Frequencies,146,,,,,,
Frequencies,147,,,,,,
Frequencies,148,,,,,,
Frequencies,149,,,,,,
Frequencies,150,,,,,,
Frequencies,151,,,,,,
Frequencies,152,,,,,,
Frequencies,153,,,,,,
Frequencies,154,,,,,,
Frequencies,155,,,,,,
Frequencies,156,,,,,,
Frequencies,157,,,,,,
Frequencies,158,,,,,,
Frequencies,159,,,,,,
Frequencies,160,,,,,,
Frequencies,161,,,,,,
Frequencies,162,,,,,,
Frequencies,163,,,,,,
Frequencies,164,,,,,,
Frequencies,165,,,,,,
Frequencies,166,,,,,,
Frequencies,167,,,,,,
Frequencies,168,,,,,,
Frequencies,169,,,,,,
Frequencies,170,,,,,,
Frequencies,171,,,,,,
Frequencies,172,,,,,,
Frequencies,173,,,,,,
Frequencies,174,,,,,,
Frequencies,175,,,,,,
Frequencies,176,,,,,,
Frequencies,177,,,,,,
Frequencies,178,,,,,,
Frequencies,179,,,,,,
Frequencies,180,,,,,,
Frequencies,181,,,,,,
Frequencies,182,,,,,,
Frequencies,183,,,,,,
Frequencies,184,,,,,,
Frequencies,185,,,,,,
Frequencies,186,,,,,,
Frequencies,187,,,,,,
Frequencies,188,,,,,,
Frequencies,189,,,,,,
Frequencies,190,,,,,,
Frequencies,191,,,,,,
Frequencies,192,,,,,,
Frequencies,193,,,,,,
Frequencies,194,,,,,,
Frequencies,195,,,,,,
Frequencies,196,,,,,,
Frequencies,197,,,,,,
Frequencies,198,,,,,,
Frequencies,199,,,,,,
Frequencies,200,,,,,,
Frequencies,201,,,,,,
Frequencies,202,,,,,,
Frequencies,203,,,,,,
Frequencies,204,,,,,,
Frequencies,205,,,,,,
Frequencies,206,,,,,,
Frequencies,207,,,,,,
Frequencies,208,,,,,,
Frequencies,209,,,,,,
Frequencies,210,,,,,,
Frequencies,211,,,,,,
Frequencies,212,,,,,,
Frequencies,213,,,,,,
Frequencies,214,,,,,,
Frequencies,215,,,,,,
Frequencies,216,,,,,,
Frequencies,217,,,,,,
Frequencies,218,,,,,,
Frequencies,219,,,,,,
Frequencies,220,,,,,,
Frequencies,221,,,,,,
Frequencies,222,,,,,,
Frequencies,223,,,,,,
Frequencies,224,,,,,,
Frequencies,225,,,,,,
Frequencies,226,,,,,,
Frequencies,227,,,,,,
Frequencies,228,,,,,,
Frequencies,229,,,,,,
Frequencies,230,,,,,,
Frequencies,231,,,,,,
Frequencies,232,,,,,,
Frequencies,233,,,,,,
Frequencies,234,,,,,,
Frequencies,235,,,,,,
Frequencies,236,,,,,,
Frequencies,237,,,,,,
Frequencies,238,,,,,,
Frequencies,239,,,,,,
Frequencies,240,,,,,,
Frequencies,241,,,,,,
Frequencies,242,,,,,,
Frequencies,243,,,,,,
Frequencies,244,,,,,,
Frequencies,245,,,,,,
Frequencies,246,,,,,,
Frequencies,247,,,,,,
Frequencies,248,,,,,,
Frequencies,249,,,,,,
Frequencies,250,,,,,,
Frequencies,251,,,,,,
Frequencies,252,,,,,,
Frequencies,253,,,,,,
Frequencies,254,,,,,,
Frequencies,255,,,,,,
Frequencies,256,,,,,,
Frequencies,257,,,,,,
Frequencies,258,,,,,,
Frequencies,259,,,,,,
Frequencies,260,,,,,,
Frequencies,261,,,,,,
Frequencies,262,,,,,,
Frequencies,263,,,,,,
Frequencies,264,,,,,,
Frequencies,265,,,,,,
Frequencies,266,,,,,,
Frequencies,267,,,,,,
Frequencies,268,,,,,,
Frequencies,269,,,,,,
Frequencies,270,,,,,,
Frequencies,271,,,,,,
Frequencies,272,,,,,,
Frequencies,273,,,,,,
Frequencies,274,,,,,,
Frequencies,275,,,,,,
Frequencies,276,,,,,,
Frequencies,277,,,,,,
Frequencies,278,,,,,,
Frequencies,279,,,,,,
Frequencies,280,,,,,,
Frequencies,281,,,,,,
Frequencies,282,,,,,,
Frequencies,283,,,,,,
Frequencies,284,,,,,,
Frequencies,285,,,,,,
Frequencies,286,,,,,,
Frequencies,287,,,,,,
Frequencies,288,,,,,,
Frequencies,289,,,,,,
Frequencies,290,,,,,,
Frequencies,291,,,,,,
Frequencies,292,,,,,,
Frequencies,293,,,,,,
Frequencies,294,,,,,,
Frequencies,295,,,,,,
Frequencies,296,,,,,,
Frequencies,297,,,,,,
Frequencies,298,,,,,,
Frequencies,299,,,,,,
Frequencies,300,,,,,,
Frequencies,301,,,,,,
Frequencies,302,,,,,,
Frequencies,303,,,,,,
Frequencies,304,,,,,,
Frequencies,305,,,,,,
Frequencies,306,,,,,,
Frequencies,307,,,,,,
Frequencies,308,,,,,,
Frequencies,309,,,,,,
Frequencies,310,,,,,,
Frequencies,311,,,,,,
Frequencies,312,,,,,,
Frequencies,313,,,,,,
Frequencies,314,,,,,,
Frequencies,315,,,,,,
Frequencies,316,,,,,,
Frequencies,317,,,,,,
Frequencies,318,,,,,,
Frequencies,319,,,,,,
Frequencies,320,,,,,,
Frequencies,321,,,,,,
Frequencies,322,,,,,,
Frequencies,323,,,,,,
Frequencies,324,,,,,,
Frequencies,325,,,,,,
Frequencies,326,,,,,,
Frequencies,327,,,,,,
Frequencies,328,,,,,,
Frequencies,329,,,,,,
Frequencies,330,,,,,,
Frequencies,331,,,,,,
Frequencies,332,,,,,,
Frequencies,333,,,,,,
Frequencies,334,,,,,,
Frequencies,335,,,,,,
Frequencies,336,,,,,,
Frequencies,337,,,,,,
Frequencies,338,,,,,,
Frequencies,339,,,,,,
Frequencies,340,,,,,,
Frequencies,341,,,,,,
Frequencies,342,,,,,,
Frequencies,343,,,,,,
Frequencies,344,,,,,,
Frequencies,345,,,,,,
Frequencies,346,,,,,,
Frequencies,347,,,,,,
Frequencies,348,,,,,,
Frequencies,349,,,,,,
Frequencies,350,,,,,,
Frequencies,351,,,,,,
Frequencies,352,,,,,,
Frequencies,353,,,,,,
Frequencies,354,,,,,,
Frequencies,355,,,,,,
Frequencies,356,,,,,,
Frequencies,357,,,,,,
Frequencies,358,,,,,,
Frequencies,359,,,,,,
Frequencies,360,,,,,,
Frequencies,361,,,,,,
Frequencies,362,,,,,,
Frequencies,363,,,,,,
Frequencies,364,,,,,,
Frequencies,365,,,,,,
Frequencies,366,,,,,,
Frequencies,367,,,,,,
Frequencies,368,,,,,,
Frequencies,369,,,,,,
Frequencies,370,,,,,,
Frequencies,371,,,,,,
Frequencies,372,,,,,,
Frequencies,373,,,,,,
Frequencies,374,,,,,,
Frequencies,375,,,,,,
Frequencies,376,,,,,,
Frequencies,377,,,,,,
Frequencies,378,,,,,,
Frequencies,379,,,,,,
Frequencies,380,,,,,,
Frequencies,381,,,,,,
Frequencies,382,,,,,,
Frequencies,383,,,,,,
Frequencies,384,,,,,,
Frequencies,385,,,,,,
Frequencies,386,,,,,,
Frequencies,387,,,,,,
Frequencies,388,,,,,,
Frequencies,389,,,,,,
Frequencies,390,,,,,,
Frequencies,391,,,,,,
Frequencies,392,,,,,,
Frequencies,393,,,,,,
Frequencies,394,,,,,,
Frequencies,395,,,,,,
Frequencies,396,,,,,,
Frequencies,397,,,,,,
Frequencies,398,,,,,,
Frequencies,399,,,,,,
Frequencies,400,,,,,,
Frequencies,401,,,,,,
Frequencies,402,,,,,,
Frequencies,403,,,,,,
Frequencies,404,,,,,,
Frequencies,405,,,,,,
Frequencies,406,,,,,,
Frequencies,407,,,,,,
Frequencies,408,,,,,,
Frequencies,409,,,,,,
Frequencies,410,,,,,,
Frequencies,411,,,,,,
Frequencies,412,,,,,,
Frequencies,413,,,,,,
Frequencies,414,,,,,,
Frequencies,415,,,,,,
Frequencies,416,,,,,,
Frequencies,417,,,,,,
Frequencies,418,,,,,,
Frequencies,419,,,,,,
Frequencies,420,,,,,,
Frequencies,421,,,,,,
Frequencies,422,,,,,,
Frequencies,423,,,,,,
Frequencies,424,,,,,,
Frequencies,425,,,,,,
Frequencies,426,,,,,,
Frequencies,427,,,,,,
Frequencies,428,,,,,,
Frequencies,429,,,,,,
Frequencies,430,,,,,,
Frequencies,431,,,,,,
Frequencies,432,,,,,,
Frequencies,433,,,,,,
Frequencies,434,,,,,,
Frequencies,435,,,,,,
Frequencies,436,,,,,,
Frequencies,437,,,,,,
Frequencies,438,,,,,,
Frequencies,439,,,,,,
Frequencies,440,,,,,,
Frequencies,441,,,,,,
Frequencies,442,,,,,,
Frequencies,443,,,,,,
Frequencies,444,,,,,,
Frequencies,445,,,,,,
Frequencies,446,,,,,,
Frequencies,447,,,,,,
Frequencies,448,,,,,,
Frequencies,449,,,,,,
Frequencies,450,,,,,,
Frequencies,451,,,,,,
Frequencies,452,,,,,,
Frequencies,453,,,,,,
Frequencies,454,,,,,,
Frequencies,455,,,,,,
Frequencies,456,,,,,,
Frequencies,457,,,,,,
Frequencies,458,,,,,,
Frequencies,459,,,,,,
Frequencies,460,,,,,,
Frequencies,461,,,,,,
Frequencies,462,,,,,,
Frequencies,463,,,,,,
Frequencies,464,,,,,,
Frequencies,465,,,,,,
Frequencies,466,,,,,,
Frequencies,467,,,,,,
Frequencies,468,,,,,,
Frequencies,469,,,,,,
Frequencies,470,,,,,,
Frequencies,471,,,,,,
Frequencies,472,,,,,,
Frequencies,473,,,,,,
Frequencies,474,,,,,,
Frequencies,475,,,,,,
Frequencies,476,,,,,,
Frequencies,477,,,,,,
Frequencies,478,,,,,,
Frequencies,479,,,,,,
Frequencies,480,,,,,,
Frequencies,481,,,,,,
Frequencies,482,,,,,,
Frequencies,483,,,,,,
Frequencies,484,,,,,,
Frequencies,485,,,,,,
Frequencies,486,,,,,,
Frequencies,487,,,,,,
Frequencies,488,,,,,,
Frequencies,489,,,,,,
Frequencies,490,,,,,,
Frequencies,491,,,,,,
Frequencies,492,,,,,,
Frequencies,493,,,,,,
Frequencies,494,,,,,,
Frequencies,495,,,,,,
Frequencies,496,,,,,,
Frequencies,497,,,,,,
Frequencies,498,,,,,,
Frequencies,499,,,,,,
Frequencies,500,,,,,,
Frequencies,501,,,,,,
Frequencies,502,,,,,,
Frequencies,503,,,,,,
Frequencies,504,,,,,,
Frequencies,505,,,,,,
Frequencies,506,,,,,,
Frequencies,507,,,,,,
Frequencies,508,,,,,,
Frequencies,509,,,,,,
Frequencies,510,,,,,,
Frequencies,511,,,,,,
Frequencies,512,,,,,,
Frequencies,513,,,,,,
Frequencies,514,,,,,,
Frequencies,515,,,,,,
Frequencies,516,,,,,,
Frequencies,517,,,,,,
Frequencies,518,,,,,,
Frequencies,519,,,,,,
Frequencies,520,,,,,,
Frequencies,521,,,,,,
Frequencies,522,,,,,,
Frequencies,523,,,,,,
Frequencies,524,,,,,,
Frequencies,525,,,,,,
Frequencies,526,,,,,,
Frequencies,527,,,,,,
Frequencies,528,,,,,,
Frequencies,529,,,,,,
Frequencies,530,,,,,,
Frequencies,531,,,,,,
Frequencies,532,,,,,,
Frequencies,533,,,,,,
Frequencies,534,,,,,,
Frequencies,535,,,,,,
Frequencies,536,,,,,,
Frequencies,537,,,,,,
Frequencies,538,,,,,,
Frequencies,539,,,,,,
Frequencies,540,,,,,,
Frequencies,541,,,,,,
Frequencies,542,,,,,,
Frequencies,543,,,,,,
Frequencies,544,,,,,,
Frequencies,545,,,,,,
Frequencies,546,,,,,,
Frequencies,547,,,,,,
Frequencies,548,,,,,,
Frequencies,549,,,,,,
Frequencies,550,,,,,,
Frequencies,551,,,,,,
Frequencies,552,,,,,,
Frequencies,553,,,,,,
Frequencies,554,,,,,,
Frequencies,555,,,,,,
Frequencies,556,,,,,,
Frequencies,557,,,,,,
Frequencies,558,,,,,,
Frequencies,559,,,,,,
Frequencies,560,,,,,,
Frequencies,561,,,,,,
Frequencies,562,,,,,,
Frequencies,563,,,,,,
Frequencies,564,,,,,,
Frequencies,565,,,,,,
Frequencies,566,,,,,,
Frequencies,567,,,,,,
Frequencies,568,,,,,,
Frequencies,569,,,,,,
Frequencies,570,,,,,,
Frequencies,571,,,,,,
Frequencies,572,,,,,,
Frequencies,573,,,,,,
Frequencies,574,,,,,,
Frequencies,575,,,,,,
Frequencies,576,,,,,,
Frequencies,577,,,,,,
Frequencies,578,,,,,,
Frequencies,579,,,,,,
Frequencies,580,,,,,,
Frequencies,581,,,,,,
Frequencies,582,,,,,,
Frequencies,583,,,,,,
Frequencies,584,,,,,,
Frequencies,585,,,,,,
Frequencies,586,,,,,,
Frequencies,587,,,,,,
Frequencies,588,,,,,,
Frequencies,589,,,,,,
Frequencies,590,,,,,,
Frequencies,591,,,,,,
Frequencies,592,,,,,,
Frequencies,593,,,,,,
Frequencies,594,,,,,,
Frequencies,595,,,,,,
Frequencies,596,,,,,,
Frequencies,597,,,,,,
Frequencies,598,,,,,,
Frequencies,599,,,,,,
Frequencies,600,,,,,,
Frequencies,601,,,,,,
Frequencies,602,,,,,,
Frequencies,603,,,,,,
Frequencies,604,,,,,,
Frequencies,605,,,,,,
Frequencies,606,,,,,,
Frequencies,607,,,,,,
Frequencies,608,,,,,,
Frequencies,609,,,,,,
Frequencies,610,,,,,,
Frequencies,611,,,,,,
Frequencies,612,,,,,,
Frequencies,613,,,,,,
Frequencies,614,,,,,,
Frequencies,615,,,,,,
Frequencies,616,,,,,,
Frequencies,617,,,,,,
Frequencies,618,,,,,,
Frequencies,619,,,,,,
Frequencies,620,,,,,,
Frequencies,621,,,,,,
Frequencies,622,,,,,,
Frequencies,623,,,,,,
Frequencies,624,,,,,,
Frequencies,625,,,,,,
Frequencies,626,,,,,,
Frequencies,627,,,,,,
Frequencies,628,,,,,,
Frequencies,629,,,,,,
Frequencies,630,,,,,,
Frequencies,631,,,,,,
Frequencies,632,,,,,,
Frequencies,633,,,,,,
Frequencies,634,,,,,,
Frequencies,635,,,,,,
Frequencies,636,,,,,,
Frequencies,637,,,,,,
Frequencies,638,,,,,,
Frequencies,639,,,,,,
Frequencies,640,,,,,,
Frequencies,641,,,,,,
Frequencies,642,,,,,,
Frequencies,643,,,,,,
Frequencies,644,,,,,,
Frequencies,645,,,,,,
Frequencies,646,,,,,,
Frequencies,647,,,,,,
Frequencies,648,,,,,,
Frequencies,649,,,,,,
Frequencies,650,,,,,,
Frequencies,651,,,,,,
Frequencies,652,,,,,,
Frequencies,653,,,,,,
Frequencies,654,,,,,,
Frequencies,655,,,,,,
Frequencies,656,,,,,,
Frequencies,657,,,,,,
Frequencies,658,,,,,,
Frequencies,659,,,,,,
Frequencies,660,,,,,,
Frequencies,661,,,,,,
Frequencies,662,,,,,,
Frequencies,663,,,,,,
Frequencies,664,,,,,,
Frequencies,665,,,,,,
Frequencies,666,,,,,,
Frequencies,667,,,,,,
Frequencies,668,,,,,,
Frequencies,669,,,,,,
Frequencies,670,,,,,,
Frequencies,671,,,,,,
Frequencies,672,,,,,,
Frequencies,673,,,,,,
Frequencies,674,,,,,,
Frequencies,675,,,,,,
Frequencies,676,,,,,,
Frequencies,677,,,,,,
Frequencies,678,,,,,,
Frequencies,679,,,,,,
Frequencies,680,,,,,,
Frequencies,681,,,,,,
Frequencies,682,,,,,,
Frequencies,683,,,,,,
Frequencies,684,,,,,,
Frequencies,685,,,,,,
Frequencies,686,,,,,,
Frequencies,687,,,,,,
Frequencies,688,,,,,,
Frequencies,689,,,,,,
Frequencies,690,,,,,,
Frequencies,691,,,,,,
Frequencies,692,,,,,,
Frequencies,693,,,,,,
Frequencies,694,,,,,,
Frequencies,695,,,,,,
Frequencies,696,,,,,,
Frequencies,697,,,,,,
Frequencies,698,,,,,,
Frequencies,699,,,,,,
Frequencies,700,,,,,,
Frequencies,701,,,,,,
Frequencies,702,,,,,,
Frequencies,703,,,,,,
Frequencies,704,,,,,,
Frequencies,705,,,,,,
Frequencies,706,,,,,,
Frequencies,707,,,,,,
Frequencies,708,,,,,,
Frequencies,709,,,,,,
Frequencies,710,,,,,,
Frequencies,711,,,,,,
Frequencies,712,,,,,,
Frequencies,713,,,,,,
Frequencies,714,,,,,,
Frequencies,715,,,,,,
Frequencies,716,,,,,,
Frequencies,717,,,,,,
Frequencies,718,,,,,,
Frequencies,719,,,,,,
Frequencies,720,,,,,,
Frequencies,721,,,,,,
Frequencies,722,,,,,,
Frequencies,723,,,,,,
Frequencies,724,,,,,,
Frequencies,725,,,,,,
Frequencies,726,,,,,,
Frequencies,727,,,,,,
Frequencies,728,,,,,,
Frequencies,729,,,,,,
Frequencies,730,,,,,,
Frequencies,731,,,,,,
Frequencies,732,,,,,,
Frequencies,733,,,,,,
Frequencies,734,,,,,,
Frequencies,735,,,,,,
Frequencies,736,,,,,,
Frequencies,737,,,,,,
Frequencies,738,,,,,,
Frequencies,739,,,,,,
Frequencies,740,,,,,,
Frequencies,741,,,,,,
Frequencies,742,,,,,,
Frequencies,743,,,,,,
Frequencies,744,,,,,,
Frequencies,745,,,,,,
Frequencies,746,,,,,,
Frequencies,747,,,,,,
Frequencies,748,,,,,,
Frequencies,749,,,,,,
Frequencies,750,,,,,,
Frequencies,751,,,,,,
Frequencies,752,,,,,,
Frequencies,753,,,,,,
Frequencies,754,,,,,,
Frequencies,755,,,,,,
Frequencies,756,,,,,,
Frequencies,757,,,,,,
Frequencies,758,,,,,,
Frequencies,759,,,,,,
Frequencies,760,,,,,,
Frequencies,761,,,,,,
Frequencies,762,,,,,,
Frequencies,763,,,,,,
Frequencies,764,,,,,,
Frequencies,765,,,,,,
Frequencies,766,,,,,,
Frequencies,767,,,,,,
Frequencies,768,,,,,,
Frequencies,769,,,,,,
Frequencies,770,,,,,,
Frequencies,771,,,,,,
Frequencies,772,,,,,,
Frequencies,773,,,,,,
Frequencies,774,,,,,,
Frequencies,775,,,,,,
Frequencies,776,,,,,,
Frequencies,777,,,,,,
Frequencies,778,,,,,,
Frequencies,779,,,,,,
Frequencies,780,,,,,,
Frequencies,781,,,,,,
Frequencies,782,,,,,,
Frequencies,783,,,,,,
Frequencies,784,,,,,,
Frequencies,785,,,,,,
Frequencies,786,,,,,,
Frequencies,787,,,,,,
Frequencies,788,,,,,,
Frequencies,789,,,,,,
Frequencies,790,,,,,,
Frequencies,791,,,,,,
Frequencies,792,,,,,,
Frequencies,793,,,,,,
Frequencies,794,,,,,,
Frequencies,795,,,,,,
Frequencies,796,,,,,,
Frequencies,797,,,,,,
Frequencies,798,,,,,,
Frequencies,799,,,,,,
Frequencies,800,,,,,,
Frequencies,801,,,,,,
Frequencies,802,,,,,,
Frequencies,803,,,,,,
Frequencies,804,,,,,,
Frequencies,805,,,,,,
Frequencies,806,,,,,,
Frequencies,807,,,,,,
Frequencies,808,,,,,,
Frequencies,809,,,,,,
Frequencies,810,,,,,,
Frequencies,811,,,,,,
Frequencies,812,,,,,,
Frequencies,813,,,,,,
Frequencies,814,,,,,,
Frequencies,815,,,,,,
Frequencies,816,,,,,,
Frequencies,817,,,,,,
Frequencies,818,,,,,,
Frequencies,819,,,,,,
Frequencies,820,,,,,,
Frequencies,821,,,,,,
Frequencies,822,,,,,,
Frequencies,823,,,,,,
Frequencies,824,,,,,,
Frequencies,825,,,,,,
Frequencies,826,,,,,,
Frequencies,827,,,,,,
Frequencies,828,,,,,,
Frequencies,829,,,,,,
Frequencies,830,,,,,,
Frequencies,831,,,,,,
Frequencies,832,,,,,,
Frequencies,833,,,,,,
Frequencies,834,,,,,,
Frequencies,835,,,,,,
Frequencies,836,,,,,,
Frequencies,837,,,,,,
Frequencies,838,,,,,,
Frequencies,839,,,,,,
Frequencies,840,,,,,,
Frequencies,841,,,,,,
Frequencies,842,,,,,,
Frequencies,843,,,,,,
Frequencies,844,,,,,,
Frequencies,845,,,,,,
Frequencies,846,,,,,,
Frequencies,847,,,,,,
Frequencies,848,,,,,,
Frequencies,849,,,,,,
Frequencies,850,,,,,,
Frequencies,851,,,,,,
Frequencies,852,,,,,,
Frequencies,853,,,,,,
Frequencies,854,,,,,,
Frequencies,855,,,,,,
Frequencies,856,,,,,,
Frequencies,857,,,,,,
Frequencies,858,,,,,,
Frequencies,859,,,,,,
Frequencies,860,,,,,,
Frequencies,861,,,,,,
Frequencies,862,,,,,,
Frequencies,863,,,,,,
Frequencies,864,,,,,,
Frequencies,865,,,,,,
Frequencies,866,,,,,,
Frequencies,867,,,,,,
Frequencies,868,,,,,,
Frequencies,869,,,,,,
Frequencies,870,,,,,,
Frequencies,871,,,,,,
Frequencies,872,,,,,,
Frequencies,873,,,,,,
Frequencies,874,,,,,,
Frequencies,875,,,,,,
Frequencies,876,,,,,,
Frequencies,877,,,,,,
Frequencies,878,,,,,,
Frequencies,879,,,,,,
Frequencies,880,,,,,,
Frequencies,881,,,,,,
Frequencies,882,,,,,,
Frequencies,883,,,,,,
Frequencies,884,,,,,,
Frequencies,885,,,,,,
Frequencies,886,,,,,,
Frequencies,887,,,,,,
Frequencies,888,,,,,,
Frequencies,889,,,,,,
Frequencies,890,,,,,,
Frequencies,891,,,,,,
Frequencies,892,,,,,,
Frequencies,893,,,,,,
Frequencies,894,,,,,,
Frequencies,895,,,,,,
Frequencies,896,,,,,,
Frequencies,897,,,,,,
Frequencies,898,,,,,,
Frequencies,899,,,,,,
Frequencies,900,,,,,,
Frequencies,901,,,,,,
Frequencies,902,,,,,,
Frequencies,903,,,,,,
Frequencies,904,,,,,,
Frequencies,905,,,,,,
Frequencies,906,,,,,,
Frequencies,907,,,,,,
Frequencies,908,,,,,,
Frequencies,909,,,,,,
Frequencies,910,,,,,,
Frequencies,911,,,,,,
Frequencies,912,,,,,,
Frequencies,913,,,,,,
Frequencies,914,,,,,,
Frequencies,915,,,,,,
Frequencies,916,,,,,,
Frequencies,917,,,,,,
Frequencies,918,,,,,,
Frequencies,919,,,,,,
Frequencies,920,,,,,,
Frequencies,921,,,,,,
Frequencies,922,,,,,,
Frequencies,923,,,,,,
Frequencies,924,,,,,,
Frequencies,925,,,,,,
Frequencies,926,,,,,,
Frequencies,927,,,,,,
Frequencies,928,,,,,,
Frequencies,929,,,,,,
Frequencies,930,,,,,,
Frequencies,931,,,,,,
Frequencies,932,,,,,,
Frequencies,933,,,,,,
Frequencies,934,,,,,,
Frequencies,935,,,,,,
Frequencies,936,,,,,,
Frequencies,937,,,,,,
Frequencies,938,,,,,,
Frequencies,939,,,,,,
Frequencies,940,,,,,,
Frequencies,941,,,,,,
Frequencies,942,,,,,,
Frequencies,943,,,,,,
Frequencies,944,,,,,,
Frequencies,945,,,,,,
Frequencies,946,,,,,,
Frequencies,947,,,,,,
Frequencies,948,,,,,,
Frequencies,949,,,,,,
Frequencies,950,,,,,,
Frequencies,951,,,,,,
Frequencies,952,,,,,,
Frequencies,953,,,,,,
Frequencies,954,,,,,,
Frequencies,955,,,,,,
Frequencies,956,,,,,,
Frequencies,957,,,,,,
Frequencies,958,,,,,,
Frequencies,959,,,,,,
Frequencies,960,,,,,,
Frequencies,961,,,,,,
Frequencies,962,,,,,,
Frequencies,963,,,,,,
Frequencies,964,,,,,,
Frequencies,965,,,,,,
Frequencies,966,,,,,,
Frequencies,967,,,,,,
Frequencies,968,,,,,,
Frequencies,969,,,,,,
Frequencies,970,,,,,,
Frequencies,971,,,,,,
Frequencies,972,,,,,,
Frequencies,973,,,,,,
Frequencies,974,,,,,,
Frequencies,975,,,,,,
Frequencies,976,,,,,,
Frequencies,977,,,,,,
Frequencies,978,,,,,,
Frequencies,979,,,,,,
Frequencies,980,,,,,,
Frequencies,981,,,,,,
Frequencies,982,,,,,,
Frequencies,983,,,,,,
Frequencies,984,,,,,,
Frequencies,985,,,,,,
Frequencies,986,,,,,,
Frequencies,987,,,,,,
Frequencies,988,,,,,,
Frequencies,989,,,,,,
Frequencies,990,,,,,,
Frequencies,991,,,,,,
Frequencies,992,,,,,,
Frequencies,993,,,,,,
Frequencies,994,,,,,,
Frequencies,995,,,,,,
Frequencies,996,,,,,,
Frequencies,997,,,,,,
Frequencies,998,,,,,,
Frequencies,999,,,,,,
Frequencies,1000,,,,,,
Frequencies,1001,,,,,,
Frequencies,1002,,,,,,
Frequencies,1003,,,,,,
Frequencies,1004,,,,,,
Frequencies,1005,,,,,,
Frequencies,1006,,,,,,
Frequencies,1007,,,,,,
Frequencies,1008,,,,,,
Frequencies,1009,,,,,,
Frequencies,1010,,,,,,
Frequencies,1011,,,,,,
Frequencies,1012,,,,,,
Frequencies,1013,,,,,,
Frequencies,1014,,,,,,
Frequencies,1015,,,,,,
Frequencies,1016,,,,,,
Frequencies,1017,,,,,,
Frequencies,1018,,,,,,
Frequencies,1019,,,,,,
Frequencies,1020,,,,,,
Frequencies,1021,,,,,,
Frequencies,1022,,,,,,
Frequencies,1023,,,,,,
Frequencies,1024,,,,,,
Frequencies,1025,,,,,,
Frequencies,1026,,,,,,
Frequencies,1027,,,,,,
Frequencies,1028,,,,,,
Frequencies,1029,,,,,,
Frequencies,1030,,,,,,
Frequencies,1031,,,,,,
Frequencies,1032,,,,,,
Frequencies,1033,,,,,,
Frequencies,1034,,,,,,
Frequencies,1035,,,,,,
Frequencies,1036,,,,,,
Frequencies,1037,,,,,,
Frequencies,1038,,,,,,
Frequencies,1039,,,,,,
Frequencies,1040,,,,,,
Frequencies,1041,,,,,,
Frequencies,1042,,,,,,
Frequencies,1043,,,,,,
Frequencies,1044,,,,,,
Frequencies,1045,,,,,,
Frequencies,1046,,,,,,
Frequencies,1047,,,,,,
Frequencies,1048,,,,,,
Frequencies,1049,,,,,,
Frequencies,1050,,,,,,
Frequencies,1051,,,,,,
Frequencies,1052,,,,,,
Frequencies,1053,,,,,,
Frequencies,1054,,,,,,
Frequencies,1055,,,,,,
Frequencies,1056,,,,,,
Frequencies,1057,,,,,,
Frequencies,1058,,,,,,
Frequencies,1059,,,,,,
Frequencies,1060,,,,,,
Frequencies,1061,,,,,,
Frequencies,1062,,,,,,
Frequencies,1063,,,,,,
Frequencies,1064,,,,,,
Frequencies,1065,,,,,,
Frequencies,1066,,,,,,
Frequencies,1067,,,,,,
Frequencies,1068,,,,,,
Frequencies,1069,,,,,,
Frequencies,1070,,,,,,
Frequencies,1071,,,,,,
Frequencies,1072,,,,,,
Frequencies,1073,,,,,,
Frequencies,1074,,,,,,
Frequencies,1075,,,,,,
Frequencies,1076,,,,,,
Frequencies,1077,,,,,,
Frequencies,1078,,,,,,
Frequencies,1079,,,,,,
Frequencies,1080,,,,,,
Frequencies,1081,,,,,,
Frequencies,1082,,,,,,
Frequencies,1083,,,,,,
Frequencies,1084,,,,,,
Frequencies,1085,,,,,,
Frequencies,1086,,,,,,
Frequencies,1087,,,,,,
Frequencies,1088,,,,,,
Frequencies,1089,,,,,,
Frequencies,1090,,,,,,
Frequencies,1091,,,,,,
Frequencies,1092,,,,,,
Frequencies,1093,,,,,,
Frequencies,1094,,,,,,
Frequencies,1095,,,,,,
Frequencies,1096,,,,,,
Frequencies,1097,,,,,,
Frequencies,1098,,,,,,
Frequencies,1099,,,,,,
Frequencies,1100,,,,,,
Frequencies,1101,,,,,,
Frequencies,1102,,,,,,
Frequencies,1103,,,,,,
Frequencies,1104,,,,,,
Frequencies,1105,,,,,,
Frequencies,1106,,,,,,
Frequencies,1107,,,,,,
Frequencies,1108,,,,,,
Frequencies,1109,,,,,,
Frequencies,1110,,,,,,
Frequencies,1111,,,,,,
Frequencies,1112,,,,,,
Frequencies,1113,,,,,,
Frequencies,1114,,,,,,
Frequencies,1115,,,,,,
Frequencies,1116,,,,,,
Frequencies,1117,,,,,,
Frequencies,1118,,,,,,
Frequencies,1119,,,,,,
Frequencies,1120,,,,,,
Frequencies,1121,,,,,,
Frequencies,1122,,,,,,
Frequencies,1123,,,,,,
Frequencies,1124,,,,,,
Frequencies,1125,,,,,,
Frequencies,1126,,,,,,
Frequencies,1127,,,,,,
Frequencies,1128,,,,,,
Frequencies,1129,,,,,,
Frequencies,1130,,,,,,
Frequencies,1131,,,,,,
Frequencies,1132,,,,,,
Frequencies,1133,,,,,,
Frequencies,1134,,,,,,
Frequencies,1135,,,,,,
Frequencies,1136,,,,,,
Frequencies,1137,,,,,,
Frequencies,1138,,,,,,
Frequencies,1139,,,,,,
Frequencies,1140,,,,,,
Frequencies,1141,,,,,,
Frequencies,1142,,,,,,
Frequencies,1143,,,,,,
Frequencies,1144,,,,,,
Frequencies,1145,,,,,,
Frequencies,1146,,,,,,
Frequencies,1147,,,,,,
Frequencies,1148,,,,,,
Frequencies,1149,,,,,,
Frequencies,1150,,,,,,
Frequencies,1151,,,,,,
Frequencies,1152,,,,,,
Frequencies,1153,,,,,,
Frequencies,1154,,,,,,
Frequencies,1155,,,,,,
Frequencies,1156,,,,,,
Frequencies,1157,,,,,,
Frequencies,1158,,,,,,
Frequencies,1159,,,,,,
Frequencies,1160,,,,,,
Frequencies,1161,,,,,,
Frequencies,1162,,,,,,
Frequencies,1163,,,,,,
Frequencies,1164,,,,,,
Frequencies,1165,,,,,,
Frequencies,1166,,,,,,
Frequencies,1167,,,,,,
Frequencies,1168,,,,,,
Frequencies,1169,,,,,,
Frequencies,1170,,,,,,
Frequencies,1171,,,,,,
Frequencies,1172,,,,,,
Frequencies,1173,,,,,,
Frequencies,1174,,,,,,
Frequencies,1175,,,,,,
Frequencies,1176,,,,,,
Frequencies,1177,,,,,,
Frequencies,1178,,,,,,
Frequencies,1179,,,,,,
Frequencies,1180,,,,,,
Frequencies,1181,,,,,,
Frequencies,1182,,,,,,
Frequencies,1183,,,,,,
Frequencies,1184,,,,,,
Frequencies,1185,,,,,,
Frequencies,1186,,,,,,
Frequencies,1187,,,,,,
Frequencies,1188,,,,,,
Frequencies,1189,,,,,,
Frequencies,1190,,,,,,
Frequencies,1191,,,,,,
Frequencies,1192,,,,,,
Frequencies,1193,,,,,,
Frequencies,1194,,,,,,
Frequencies,1195,,,,,,
Frequencies,1196,,,,,,
Frequencies,1197,,,,,,
Frequencies,1198,,,,,,
Frequencies,1199,,,,,,
Frequencies,1200,,,,,,
Frequencies,1201,,,,,,
Frequencies,1202,,,,,,
Frequencies,1203,,,,,,
Frequencies,1204,,,,,,
Frequencies,1205,,,,,,
Frequencies,1206,,,,,,
Frequencies,1207,,,,,,
Frequencies,1208,,,,,,
Frequencies,1209,,,,,,
Frequencies,1210,,,,,,
Frequencies,1211,,,,,,
Frequencies,1212,,,,,,
Frequencies,1213,,,,,,
Frequencies,1214,,,,,,
Frequencies,1215,,,,,,
Frequencies,1216,,,,,,
Frequencies,1217,,,,,,
Frequencies,1218,,,,,,
Frequencies,1219,,,,,,
Frequencies,1220,,,,,,
Frequencies,1221,,,,,,
Frequencies,1222,,,,,,
Frequencies,1223,,,,,,
Frequencies,1224,,,,,,
Frequencies,1225,,,,,,
Frequencies,1226,,,,,,
Frequencies,1227,,,,,,
Frequencies,1228,,,,,,
Frequencies,1229,,,,,,
Frequencies,1230,,,,,,
Frequencies,1231,,,,,,
Frequencies,1232,,,,,,
Frequencies,1233,,,,,,
Frequencies,1234,,,,,,
Frequencies,1235,,,,,,
Frequencies,1236,,,,,,
Frequencies,1237,,,,,,
Frequencies,1238,,,,,,
Frequencies,1239,,,,,,
Frequencies,1240,,,,,,
Frequencies,1241,,,,,,
Frequencies,1242,,,,,,
Frequencies,1243,,,,,,
Frequencies,1244,,,,,,
Frequencies,1245,,,,,,
Frequencies,1246,,,,,,
Frequencies,1247,,,,,,
Frequencies,1248,,,,,,
Frequencies,1249,,,,,,
Frequencies,1250,,,,,,
Frequencies,1251,,,,,,
Frequencies,1252,,,,,,
Frequencies,1253,,,,,,
Frequencies,1254,,,,,,
Frequencies,1255,,,,,,
Frequencies,1256,,,,,,
Frequencies,1257,,,,,,
Frequencies,1258,,,,,,
Frequencies,1259,,,,,,
Frequencies,1260,,,,,,
Frequencies,1261,,,,,,
Frequencies,1262,,,,,,
Frequencies,1263,,,,,,
Frequencies,1264,,,,,,
Frequencies,1265,,,,,,
Frequencies,1266,,,,,,
Frequencies,1267,,,,,,
Frequencies,1268,,,,,,
Frequencies,1269,,,,,,
Frequencies,1270,,,,,,
Frequencies,1271,,,,,,
Frequencies,1272,,,,,,
Frequencies,1273,,,,,,
Frequencies,1274,,,,,,
Frequencies,1275,,,,,,
Frequencies,1276,,,,,,
Frequencies,1277,,,,,,
Frequencies,1278,,,,,,
Frequencies,1279,,,,,,
Frequencies,1280,,,,,,
Frequencies,1281,,,,,,
Frequencies,1282,,,,,,
Frequencies,1283,,,,,,
Frequencies,1284,,,,,,
Frequencies,1285,,,,,,
Frequencies,1286,,,,,,
Frequencies,1287,,,,,,
Frequencies,1288,,,,,,
Frequencies,1289,,,,,,
Frequencies,1290,,,,,,
Frequencies,1291,,,,,,
Frequencies,1292,,,,,,
Frequencies,1293,,,,,,
Frequencies,1294,,,,,,
Frequencies,1295,,,,,,
Frequencies,1296,,,,,,
Frequencies,1297,,,,,,
Frequencies,1298,,,,,,
Frequencies,1299,,,,,,
Frequencies,1300,,,,,,
Frequencies,1301,,,,,,
Frequencies,1302,,,,,,
Frequencies,1303,,,,,,
Frequencies,1304,,,,,,
Frequencies,1305,,,,,,
Frequencies,1306,,,,,,
Frequencies,1307,,,,,,
Frequencies,1308,,,,,,
Frequencies,1309,,,,,,
Frequencies,1310,,,,,,
Frequencies,1311,,,,,,
Frequencies,1312,,,,,,
Frequencies,1313,,,,,,
Frequencies,1314,,,,,,
Frequencies,1315,,,,,,
Frequencies,1316,,,,,,
Frequencies,1317,,,,,,
Frequencies,1318,,,,,,
Frequencies,1319,,,,,,
Frequencies,1320,,,,,,
Frequencies,1321,,,,,,
Frequencies,1322,,,,,,
Frequencies,1323,,,,,,
Frequencies,1324,,,,,,
Frequencies,1325,,,,,,
Frequencies,1326,,,,,,
Frequencies,1327,,,,,,
Frequencies,1328,,,,,,
Frequencies,1329,,,,,,
Frequencies,1330,,,,,,
Frequencies,1331,,,,,,
Frequencies,1332,,,,,,
Frequencies,1333,,,,,,
Frequencies,1334,,,,,,
Frequencies,1335,,,,,,
Frequencies,1336,,,,,,
Frequencies,1337,,,,,,
Frequencies,1338,,,,,,
Frequencies,1339,,,,,,
Frequencies,1340,,,,,,
Frequencies,1341,,,,,,
Frequencies,1342,,,,,,
Frequencies,1343,,,,,,
Frequencies,1344,,,,,,
Frequencies,1345,,,,,,
Frequencies,1346,,,,,,
Frequencies,1347,,,,,,
Frequencies,1348,,,,,,
Frequencies,1349,,,,,,
Frequencies,1350,,,,,,
Frequencies,1351,,,,,,
Frequencies,1352,,,,,,
Frequencies,1353,,,,,,
Frequencies,1354,,,,,,
Frequencies,1355,,,,,,
Frequencies,1356,,,,,,
Frequencies,1357,,,,,,
Frequencies,1358,,,,,,
Frequencies,1359,,,,,,
Frequencies,1360,,,,,,
Frequencies,1361,,,,,,
Frequencies,1362,,,,,,
Frequencies,1363,,,,,,
Frequencies,1364,,,,,,
Frequencies,1365,,,,,,
Frequencies,1366,,,,,,
Frequencies,1367,,,,,,
Frequencies,1368,,,,,,
Frequencies,1369,,,,,,
Frequencies,1370,,,,,,
Frequencies,1371,,,,,,
Frequencies,1372,,,,,,
Frequencies,1373,,,,,,
Frequencies,1374,,,,,,
Frequencies,1375,,,,,,
Frequencies,1376,,,,,,
Frequencies,1377,,,,,,
Frequencies,1378,,,,,,
Frequencies,1379,,,,,,
Frequencies,1380,,,,,,
Frequencies,1381,,,,,,
Frequencies,1382,,,,,,
Frequencies,1383,,,,,,
Frequencies,1384,,,,,,
Frequencies,1385,,,,,,
Frequencies,1386,,,,,,
Frequencies,1387,,,,,,
Frequencies,1388,,,,,,
Frequencies,1389,,,,,,
Frequencies,1390,,,,,,
Frequencies,1391,,,,,,
Frequencies,1392,,,,,,
Frequencies,1393,,,,,,
Frequencies,1394,,,,,,
Frequencies,1395,,,,,,
Frequencies,1396,,,,,,
Frequencies,1397,,,,,,
Frequencies,1398,,,,,,
Frequencies,1399,,,,,,
Frequencies,1400,,,,,,
Frequencies,1401,,,,,,
Frequencies,1402,,,,,,
Frequencies,1403,,,,,,
Frequencies,1404,,,,,,
Frequencies,1405,,,,,,
Frequencies,1406,,,,,,
Frequencies,1407,,,,,,
Frequencies,1408,,,,,,
Frequencies,1409,,,,,,
Frequencies,1410,,,,,,
Frequencies,1411,,,,,,
Frequencies,1412,,,,,,
Frequencies,1413,,,,,,
Frequencies,1414,,,,,,
Frequencies,1415,,,,,,
Frequencies,1416,,,,,,
Frequencies,1417,,,,,,
Frequencies,1418,,,,,,
Frequencies,1419,,,,,,
Frequencies,1420,,,,,,
Frequencies,1421,,,,,,
Frequencies,1422,,,,,,
Frequencies,1423,,,,,,
Frequencies,1424,,,,,,
Frequencies,1425,,,,,,
Frequencies,1426,,,,,,
Frequencies,1427,,,,,,
Frequencies,1428,,,,,,
Frequencies,1429,,,,,,
Frequencies,1430,,,,,,
Frequencies,1431,,,,,,
Frequencies,1432,,,,,,
Frequencies,1433,,,,,,
Frequencies,1434,,,,,,
Frequencies,1435,,,,,,
Frequencies,1436,,,,,,
Frequencies,1437,,,,,,
Frequencies,1438,,,,,,
Statistics,0,varnumber,varname,n,sum,mean,min,max,varTitle
Statistics,1,11016,APPLCN,1991,13172188,6615.8653942742339,0,149801,Applicants total
Statistics,2,10566,APPLCNM,1991,5616488,2820.9382219989957,0,68595,Applicants men
Statistics,3,10571,APPLCNW,1991,7516515,3775.2461074836765,0,81206,Applicants women
Statistics,4,10573,APPLCNAN,722,22104,30.614958448753463,0,1407,Applicants another gender
Statistics,5,10574,APPLCNUN,1991,17081,8.5791059768960327,0,1375,Applicants gender unknown
Statistics,6,11021,ADMSSN,1964,7701420,3921.2932790224031,0,61739,Admissions total
Statistics,7,10576,ADMSSNM,1892,3119288,1648.6723044397463,0,30036,Admissions men
Statistics,8,10581,ADMSSNW,1874,4566864,2436.9605122732123,0,31628,Admissions women
Statistics,9,10584,ADMSSNAN,377,9870,26.180371352785144,0,422,Admissions another gender
Statistics,10,10585,ADMSSNUN,1991,5398,2.7112004018081368,0,473,Admissions gender unknown
Statistics,11,11011,ENRLT,1959,1657007,845.84328739152625,0,15151,Enrolled total
Statistics,12,11001,ENRLM,1875,728664,388.62079999999997,0,7693,Enrolled  men
Statistics,13,11006,ENRLW,1868,925748,495.58244111349035,0,8590,Enrolled  women
Statistics,14,11009,ENRLAN,334,1873,5.6077844311377243,0,101,Enrolled another gender
Statistics,15,11010,ENRLUN,1991,722,0.36263184329482673,0,75,Enrolled gender unknown
Statistics,16,11026,ENRLFT,1948,1590847,816.65657084188911,0,14980,Enrolled full time total
Statistics,17,10586,ENRLFTM,1855,700576,377.66900269541782,0,7606,Enrolled full time men
Statistics,18,10591,ENRLFTW,1856,887798,478.33943965517244,0,7345,Enrolled full time women
Statistics,19,10594,ENRLFTAN,199,1822,9.1557788944723626,0,100,Enrolled full time another gender
Statistics,20,10595,ENRLFTUN,1985,651,0.32795969773299749,0,75,Enrolled full time gender unknown
Statistics,21,11031,ENRLPT,1499,66160,44.136090727151434,0,10635,Enrolled part time total
Statistics,22,10596,ENRLPTM,1444,28088,19.451523545706372,0,3927,Enrolled part time men
Statistics,23,10601,ENRLPTW,1487,37950,25.521183591123066,0,6708,Enrolled part time women
Statistics,24,10604,ENRLPTAN,151,51,0.33774834437086093,0,6,Enrolled part time another gender
Statistics,25,10605,ENRLPTUN,1522,71,4.664914586070959E-2,0,18,Enrolled part time gender unknown
Statistics,26,10611,SATNUM,1275,386397,303.0564705882353,0,9745,Number of first-time degree/certificate-seeking students submitting SAT scores
Statistics,27,10616,SATPCT,1275,27781,21.789019607843137,0,100,Percent of first-time degree/certificate-seeking students submitting SAT scores
Statistics,28,10621,ACTNUM,1282,338433,263.98829953198128,0,5315,Number of first-time degree/certificate-seeking students submitting ACT scores
Statistics,29,10626,ACTPCT,1283,29528,23.01480904130943,0,100,Percent of first-time degree/certificate-seeking students submitting ACT scores
Statistics,30,10631,SATVR25,1008,541914,537.61309523809518,215,740,SAT Evidence-Based Reading and Writing 25th percentile score
Statistics,31,10633,SATVR50,1008,592413,587.71130952380952,380,760,SAT Evidence-Based Reading and Writing 50th percentile score
Statistics,32,10636,SATVR75,1008,643337,638.23115079365084,420,780,SAT Evidence-Based Reading and Writing 75th percentile score
Statistics,33,10641,SATMT25,1008,533727,529.49107142857144,225,790,SAT Math 25th percentile score
Statistics,34,10642,SATMT50,1008,585493,580.84623015873012,310,800,SAT Math 50th percentile score
Statistics,35,10646,SATMT75,1008,637545,632.48511904761904,320,800,SAT Math 75th percentile score
Statistics,36,10651,ACTCM25,1004,21784,21.697211155378486,1,35,ACT Composite 25th percentile score
Statistics,37,10653,ACTCM50,1004,24598,24.5,5,35,ACT Composite 50th percentile score
Statistics,38,10656,ACTCM75,1004,27467,27.357569721115539,9,36,ACT Composite 75th percentile score
Statistics,39,10661,ACTEN25,945,19546,20.683597883597884,1,35,ACT English 25th percentile score
Statistics,40,10663,ACTEN50,945,22821,24.149206349206349,2,35,ACT English 50th percentile score
Statistics,41,10666,ACTEN75,945,26184,27.707936507936509,9,36,ACT English 75th percentile score
Statistics,42,10671,ACTMT25,945,18921,20.022222222222222,1,35,ACT Math 25th percentile score
Statistics,43,10673,ACTMT50,945,21788,23.056084656084657,5,35,ACT Math 50th percentile score
Statistics,44,10676,ACTMT75,945,24791,26.233862433862434,7,36,ACT Math 75th percentile score
FrequenciesRV,0,varnumber,varname,codevalue,valuelabel,frequency,percent
FrequenciesRV,1,10521,ADMCON1,1,Required to be considered for admission,1570,78.849999999999994
FrequenciesRV,2,10521,ADMCON1,5,"Not required for admission, but considered if submitted",259,13.01
FrequenciesRV,3,10521,ADMCON1,3,"Not considered for admission, even if submitted",162,8.14
FrequenciesRV,4,10526,ADMCON2,1,Required to be considered for admission,121,6.08
FrequenciesRV,5,10526,ADMCON2,5,"Not required for admission, but considered if submitted",822,41.29
FrequenciesRV,6,10526,ADMCON2,3,"Not considered for admission, even if submitted",1048,52.64
FrequenciesRV,7,10531,ADMCON3,1,Required to be considered for admission,1733,87.04
FrequenciesRV,8,10531,ADMCON3,5,"Not required for admission, but considered if submitted",167,8.39
FrequenciesRV,9,10531,ADMCON3,3,"Not considered for admission, even if submitted",91,4.57
FrequenciesRV,10,10536,ADMCON4,1,Required to be considered for admission,653,32.799999999999997
FrequenciesRV,11,10536,ADMCON4,5,"Not required for admission, but considered if submitted",662,33.25
FrequenciesRV,12,10536,ADMCON4,3,"Not considered for admission, even if submitted",676,33.950000000000003
FrequenciesRV,13,10541,ADMCON5,1,Required to be considered for admission,665,33.4
FrequenciesRV,14,10541,ADMCON5,5,"Not required for admission, but considered if submitted",639,32.090000000000003
FrequenciesRV,15,10541,ADMCON5,3,"Not considered for admission, even if submitted",687,34.51
FrequenciesRV,16,10546,ADMCON6,1,Required to be considered for admission,176,8.84
FrequenciesRV,17,10546,ADMCON6,5,"Not required for admission, but considered if submitted",468,23.51
FrequenciesRV,18,10546,ADMCON6,3,"Not considered for admission, even if submitted",1347,67.650000000000006
FrequenciesRV,19,10551,ADMCON7,1,Required to be considered for admission,127,6.38
FrequenciesRV,20,10551,ADMCON7,5,"Not required for admission, but considered if submitted (Test Optional)",1207,60.62
FrequenciesRV,21,10551,ADMCON7,3,"Not considered for admission, even if submitted (Test Blind)",657,33
FrequenciesRV,22,10556,ADMCON8,1,Required to be considered for admission,1397,70.17
FrequenciesRV,23,10556,ADMCON8,5,"Not required for admission, but considered if submitted (Test Optional)",208,10.45
FrequenciesRV,24,10556,ADMCON8,3,"Not considered for admission, even if submitted (Test Blind)",386,19.39
FrequenciesRV,25,10559,ADMCON9,1,Required to be considered for admission,230,11.55
FrequenciesRV,26,10559,ADMCON9,5,"Not required for admission, but considered if submitted (Test Optional)",139,6.98
FrequenciesRV,27,10559,ADMCON9,3,"Not considered for admission, even if submitted (Test Blind)",1622,81.47
FrequenciesRV,28,10548,ADMCON10,1,Required to be considered for admission,28,1.41
FrequenciesRV,29,10548,ADMCON10,5,"Not required for admission, but considered if submitted",849,42.64
FrequenciesRV,30,10548,ADMCON10,3,"Not considered for admission, even if submitted",1114,55.95
FrequenciesRV,31,10549,ADMCON11,1,Required to be considered for admission,661,33.200000000000003
FrequenciesRV,32,10549,ADMCON11,5,"Not required for admission, but considered if submitted",731,36.72
FrequenciesRV,33,10549,ADMCON11,3,"Not considered for admission, even if submitted",599,30.09
FrequenciesRV,34,10550,ADMCON12,5,"Not required for admission, but considered if submitted",593,29.78
FrequenciesRV,35,10550,ADMCON12,3,"Not considered for admission, even if submitted",1398,70.22
StatisticsRV,0,varnumber,varname,n,sum,mean,min,max,varTitle
StatisticsRV,1,11016,APPLCN,1991,13163706,6611.6052235057759,0,149801,Applicants total
StatisticsRV,2,10566,APPLCNM,1991,5612223,2818.796082370668,0,68595,Applicants men
StatisticsRV,3,10571,APPLCNW,1991,7511928,3772.9422400803614,0,81206,Applicants women
StatisticsRV,4,10573,APPLCNAN,722,21809,30.206371191135734,0,1407,Applicants another gender
StatisticsRV,5,10574,APPLCNUN,1991,17746,8.9131089904570562,0,1375,Applicants gender unknown
StatisticsRV,6,11021,ADMSSN,1964,7696063,3918.5656822810593,0,61739,Admissions total
StatisticsRV,7,10576,ADMSSNM,1893,3116830,1646.5029054410988,0,30036,Admissions men
StatisticsRV,8,10581,ADMSSNW,1873,4563663,2436.5525894287239,0,31628,Admissions women
StatisticsRV,9,10584,ADMSSNAN,369,9725,26.355013550135503,0,422,Admissions another gender
StatisticsRV,10,10585,ADMSSNUN,1991,5845,2.9357106981416372,0,473,Admissions gender unknown
StatisticsRV,11,11011,ENRLT,1958,1656241,845.88406537282947,0,15151,Enrolled total
StatisticsRV,12,11001,ENRLM,1874,728440,388.70864461045892,0,7693,Enrolled  men
StatisticsRV,13,11006,ENRLW,1867,925261,495.58703802892342,0,8590,Enrolled  women
StatisticsRV,14,11009,ENRLAN,328,1680,5.1219512195121952,0,101,Enrolled another gender
StatisticsRV,15,11010,ENRLUN,1991,860,0.43194374686087394,0,75,Enrolled gender unknown
StatisticsRV,16,11026,ENRLFT,1947,1590196,816.74165382639956,0,14980,Enrolled full time total
StatisticsRV,17,10586,ENRLFTM,1855,700411,377.58005390835581,0,7606,Enrolled full time men
StatisticsRV,18,10591,ENRLFTW,1856,887366,478.10668103448273,0,7345,Enrolled full time women
StatisticsRV,19,10594,ENRLFTAN,191,1633,8.5497382198952874,0,100,Enrolled full time another gender
StatisticsRV,20,10595,ENRLFTUN,1985,786,0.39596977329974808,0,75,Enrolled full time gender unknown
StatisticsRV,21,11031,ENRLPT,1499,66045,44.059372915276853,0,10635,Enrolled part time total
StatisticsRV,22,10596,ENRLPTM,1445,28029,19.397231833910034,0,3927,Enrolled part time men
StatisticsRV,23,10601,ENRLPTW,1487,37895,25.484196368527236,0,6708,Enrolled part time women
StatisticsRV,24,10604,ENRLPTAN,143,47,0.32867132867132864,0,6,Enrolled part time another gender
StatisticsRV,25,10605,ENRLPTUN,1522,74,4.862023653088042E-2,0,18,Enrolled part time gender unknown
StatisticsRV,26,10611,SATNUM,1274,385846,302.861852433281,0,9745,Number of first-time degree/certificate-seeking students submitting SAT scores
StatisticsRV,27,10616,SATPCT,1274,27762,21.791208791208792,0,100,Percent of first-time degree/certificate-seeking students submitting SAT scores
StatisticsRV,28,10621,ACTNUM,1282,337993,263.64508580343215,0,5315,Number of first-time degree/certificate-seeking students submitting ACT scores
StatisticsRV,29,10626,ACTPCT,1283,29527,23.01402961808262,0,100,Percent of first-time degree/certificate-seeking students submitting ACT scores
StatisticsRV,30,10631,SATVR25,1010,543014,537.63762376237628,215,740,SAT Evidence-Based Reading and Writing 25th percentile score
StatisticsRV,31,10633,SATVR50,1010,593663,587.78514851485147,380,760,SAT Evidence-Based Reading and Writing 50th percentile score
StatisticsRV,32,10636,SATVR75,1010,644772,638.38811881188121,420,780,SAT Evidence-Based Reading and Writing 75th percentile score
StatisticsRV,33,10641,SATMT25,1010,534865,529.56930693069307,225,790,SAT Math 25th percentile score
StatisticsRV,34,10642,SATMT50,1010,586788,580.97821782178221,310,800,SAT Math 50th percentile score
StatisticsRV,35,10646,SATMT75,1010,638825,632.5,320,800,SAT Math 75th percentile score
StatisticsRV,36,10651,ACTCM25,1005,21810,21.701492537313431,1,35,ACT Composite 25th percentile score
StatisticsRV,37,10653,ACTCM50,1005,24625,24.502487562189053,5,35,ACT Composite 50th percentile score
StatisticsRV,38,10656,ACTCM75,1005,27494,27.357213930348259,9,36,ACT Composite 75th percentile score
StatisticsRV,39,10661,ACTEN25,946,19572,20.689217758985201,1,35,ACT English 25th percentile score
StatisticsRV,40,10663,ACTEN50,946,22851,24.155391120507399,2,35,ACT English 50th percentile score
StatisticsRV,41,10666,ACTEN75,946,26212,27.708245243128964,9,36,ACT English 75th percentile score
StatisticsRV,42,10671,ACTMT25,946,18939,20.020084566596193,1,35,ACT Math 25th percentile score
StatisticsRV,43,10673,ACTMT50,946,21809,23.053911205073994,5,35,ACT Math 50th percentile score
StatisticsRV,44,10676,ACTMT75,946,24809,26.225158562367866,7,36,ACT Math 75th percentile score
Imputation values,0,Code values for item imputation variables Xvarname,
Imputation values,1,CodeValue,ValueLabel
Imputation values,2,A,Not applicable
Imputation values,3,B,Institution left item blank
Imputation values,4,C,Analyst corrected reported value
Imputation values,5,D,Do not know
Imputation values,6,G,Data generated from other data values
Imputation values,7,H,Value not derived - data not usable
Imputation values,8,J,Logical imputation
Imputation values,9,K,Ratio adjustment 
Imputation values,10,L,Imputed using the Group Median procedure
Imputation values,11,N,Imputed using Nearest Neighbor procedure
Imputation values,12,P,Imputed using Carry Forward procedure
Imputation values,13,R,Reported
Imputation values,14,Z,Implied zero;
