sheet,row_idx,col_1,col_2,col_3,col_4,col_5,col_6,col_7,col_8,col_9,col_10,col_11,col_12,col_13,col_14,col_15,col_16,col_17,col_18,col_19,col_20,col_21,col_22,col_23,col_24,col_25,col_26,col_27,col_28,col_29,col_30,col_31,col_32,col_33,col_34,col_35,col_36,col_37,col_38,col_39,col_40,col_41,col_42,col_43,col_44,col_45,col_46,col_47,col_48,col_49,col_50
Introduction,0,"File Documentation for the Number of Programs Offered and Number of Programs Offered via Distance Education, Data File, 2018-19",,,,,,,,,
Introduction,1,(Final/revised release),,,,,,,,,
Introduction,2,,,,,,,,,,
Introduction,3,Filename,C2019DEP
Introduction,4,  Provisional release:,July 2020
Introduction,5,Filename,C2019DEP_RV
Introduction,6,  Final/revised release:,July 2021
Introduction,7,Overview,"This file contains the number of programs offered, by type of program, level of award (certificate or degree) and distance education status. Type of program is categorized according to the Classification of Instructional Programs (CIP), a detailed coding system for postsecondary instructional programs. This file contains multiple records per institution. Each record is uniquely defined by the variables IPEDS ID (UNITID) and classification of instructional program (CIPCODE).  Each record will contain the total number of programs offered and the total number of programs offered via distance education. Six digit CIPCODE (XX.NNNN) records will identify which award levels are offered and which award levels are offered via distance learning (1=Yes, 0=No). Two digit CIPCODE (XX) summary records will contain the number of 6-digit CIPCODES under the  2-digit group that are offered by award level and distance education status and CIPCODE (99)  will contain totals for the institution. Program offerings were derived from completions data that were granted between July 1, 2018 and June 30, 2019. ",,,,,,,,
Introduction,8,Note:,"Provisional release data have undergone all NCES data quality control procedures. Data are imputed for nonresponding institutions. These data are used for First Look (Provisional Data) Web tables. Final release data include revisions to the provisional release data that have been made by institutions during the subsequent data collection year. The final release data can be used when the most up to date data are required; however, these data may not match First Look Web tables based on provisional data. ",,,,,,,,
Introduction,9,Contents of spreadsheet,,,,,,,,,
Introduction,10,Varlist,"Variable list: Lists all variables in the table. Includes the variable name, variable label and the Data type, format and maximum field width of each variable.  The data type describes a variable as either a numeric (N) or Alphanumeric (A) and the format of a variable defines a variable as either continuous (Cont) or categorical (Disc).  It all also lists the variable name of all imputation flag variables for each continuous variable. Imputation flag variable describes whether a value for the corresponding variable was reported, imputed or not applicable.",,,,,,,,
Introduction,11,Description,Long description or glossary definition of a variable. ,,,,,,,,
Introduction,12,Frequencies,This worksheet contains the code values for of all categorical variables in the data file. It also lists the frequency and percent distribution for each code value by variable.(provisional release),,,,,,,,
Introduction,13,Statistics,"This worksheet lists the sum, mean, minimum and maximum values of all continuous variables in the data file.(provisional release)",,,,,,,,
Introduction,14,FrequenciesRV,This worksheet contains the code values for of all categorical variables in the data file. It also lists the frequency and percent distribution for each code value by variable. (final/revised release),,,,,,,,
Introduction,15,StatisticsRV,"This worksheet lists the sum, mean, minimum and maximum values of all continuous variables in the data file. (final/revised release)",,,,,,,,
Introduction,16,Imputation code values,This worksheet lists the code values for all imputation flag variables.,,,,,,,,
varlist,0,varnumber,varname,DataType,Fieldwidth,format,imputationvar,varTitle
varlist,1,1,UNITID,N,6,Cont,,Unique identification number of the institution
varlist,2,33340,CIPCODE,A,7,Disc,,CIPCODE
varlist,3,33345,PTOTAL,N,5,Cont,,Number of programs offered
varlist,4,33350,PTOTALDE,N,5,Cont,,Number of programs offered via distance education
varlist,5,33355,PASSOC,N,5,Cont,,Number of Associate's degree programs offered
varlist,6,33360,PASSOCDE,N,5,Cont,,Number of Associate's degree programs offered via distance education
varlist,7,33365,PBACHL,N,5,Cont,,Number of Bachelor's degree programs offered
varlist,8,33370,PBACHLDE,N,5,Cont,,Number of Bachelor's degree programs offered via distance education
varlist,9,33375,PMASTR,N,5,Cont,,Number of Master's degree programs offered
varlist,10,33380,PMASTRDE,N,5,Cont,,Number of Master's degree programs offered via distance education
varlist,11,33385,PDOCRS,N,5,Cont,,Number of Doctor's degree-research/scholarship programs offered
varlist,12,33390,PDOCRSDE,N,5,Cont,,Number of Doctor's degree-research/scholarship programs offered via distance education
varlist,13,33395,PDOCPP,N,5,Cont,,Number of Doctor's degree-professional practice programs offered
varlist,14,33400,PDOCPPDE,N,5,Cont,,Number of Doctor's degree-professional practice programs offered via distance education
varlist,15,33405,PDOCOT,N,5,Cont,,Number of Doctor's degree-other programs offered
varlist,16,33410,PDOCOTDE,N,5,Cont,,Number of Doctor's degree-other programs offered via distance education
varlist,17,33415,PCERT1,N,5,Cont,,Number of less than 1-year certificate programs offered
varlist,18,33420,PCERT1DE,N,5,Cont,,Number of less than 1-year certificate programs offered via distance education
varlist,19,33425,PCERT2,N,5,Cont,,"Number of 1-year, but less than-2-year certificate programs offered"
varlist,20,33430,PCERT2DE,N,5,Cont,,"Number of 1-year, but less than 2-year certificate programs offered via distance education"
varlist,21,33435,PCERT4,N,5,Cont,,"Number of 2-year, but less than 4-year certificate programs offered"
varlist,22,33440,PCERT4DE,N,5,Cont,,"Number of 2-year, but less than 4-year certificate programs offered via distance education"
varlist,23,33445,PPBACC,N,5,Cont,,Number of Postbaccalaureate certificate programs offered
varlist,24,33450,PPBACCDE,N,5,Cont,,Number of Postbaccalaureate certificate programs offered via distance education
varlist,25,33455,PPMAST,N,5,Cont,,Number of Post-master's certificate programs offered
varlist,26,33460,PPMASTDE,N,5,Cont,,Number of Post-master's certificate programs offered via distance education
varlist,27,,,,,,,
varlist,28,,,,,,,
varlist,29,,,,,,,
varlist,30,,,,,,,
varlist,31,,,,,,,
varlist,32,,,,,,,
varlist,33,,,,,,,
varlist,34,,,,,,,
varlist,35,,,,,,,
varlist,36,,,,,,,
varlist,37,,,,,,,
varlist,38,,,,,,,
varlist,39,,,,,,,
varlist,40,,,,,,,
varlist,41,,,,,,,
varlist,42,,,,,,,
varlist,43,,,,,,,
varlist,44,,,,,,,
varlist,45,,,,,,,
varlist,46,,,,,,,
varlist,47,,,,,,,
varlist,48,,,,,,,
varlist,49,,,,,,,
varlist,50,,,,,,,
varlist,51,,,,,,,
varlist,52,,,,,,,
varlist,53,,,,,,,
varlist,54,,,,,,,
varlist,55,,,,,,,
varlist,56,,,,,,,
varlist,57,,,,,,,
varlist,58,,,,,,,
varlist,59,,,,,,,
varlist,60,,,,,,,
varlist,61,,,,,,,
varlist,62,,,,,,,
varlist,63,,,,,,,
varlist,64,,,,,,,
varlist,65,,,,,,,
varlist,66,,,,,,,
varlist,67,,,,,,,
varlist,68,,,,,,,
varlist,69,,,,,,,
varlist,70,,,,,,,
varlist,71,,,,,,,
varlist,72,,,,,,,
varlist,73,,,,,,,
varlist,74,,,,,,,
varlist,75,,,,,,,
varlist,76,,,,,,,
varlist,77,,,,,,,
varlist,78,,,,,,,
varlist,79,,,,,,,
varlist,80,,,,,,,
varlist,81,,,,,,,
varlist,82,,,,,,,
varlist,83,,,,,,,
varlist,84,,,,,,,
varlist,85,,,,,,,
varlist,86,,,,,,,
varlist,87,,,,,,,
varlist,88,,,,,,,
varlist,89,,,,,,,
varlist,90,,,,,,,
varlist,91,,,,,,,
varlist,92,,,,,,,
varlist,93,,,,,,,
varlist,94,,,,,,,
varlist,95,,,,,,,
varlist,96,,,,,,,
varlist,97,,,,,,,
varlist,98,,,,,,,
varlist,99,,,,,,,
varlist,100,,,,,,,
varlist,101,,,,,,,
varlist,102,,,,,,,
varlist,103,,,,,,,
varlist,104,,,,,,,
varlist,105,,,,,,,
varlist,106,,,,,,,
varlist,107,,,,,,,
varlist,108,,,,,,,
varlist,109,,,,,,,
varlist,110,,,,,,,
varlist,111,,,,,,,
varlist,112,,,,,,,
varlist,113,,,,,,,
varlist,114,,,,,,,
varlist,115,,,,,,,
varlist,116,,,,,,,
varlist,117,,,,,,,
varlist,118,,,,,,,
varlist,119,,,,,,,
varlist,120,,,,,,,
varlist,121,,,,,,,
varlist,122,,,,,,,
varlist,123,,,,,,,
varlist,124,,,,,,,
varlist,125,,,,,,,
varlist,126,,,,,,,
varlist,127,,,,,,,
varlist,128,,,,,,,
varlist,129,,,,,,,
varlist,130,,,,,,,
varlist,131,,,,,,,
varlist,132,,,,,,,
varlist,133,,,,,,,
varlist,134,,,,,,,
varlist,135,,,,,,,
varlist,136,,,,,,,
varlist,137,,,,,,,
Description,0,varnumber,varname,longDescription
Description,1,1,UNITID,Unique identification number of the institution
Description,2,33340,CIPCODE,A six-digit code in the form xx.xxxx that identifies instructional  program specialties within educational institutions.
Description,3,33345,PTOTAL,Number of programs offered is the sum of all programs offered at all award levels.  See details of each award level category
Description,4,33350,PTOTALDE,"Number of programs offered via distance education is the sum of all programs offered via distance education.  See details of each award level category

Distance education program -  A program for which all the required coursework for program completion is able to be completed via distance education courses"
Description,5,33355,PASSOC,"Number of Associate's degree programs offered is derived from the total Associate's degrees awarded, which are reported on the completions component for the 12-month period July 1 - June 30.  If the total Asociate's degrees reported were greater than or equal to zero for each 6-digit CIPCODE (program), by award level, the number of Associate's programs was set to 1 - program offered, else program offered was set to zero – not offered. The 2-digit CIPCODE level contains the total number of 6-digit programs offered for the 2-digit category and the grand total CIPCODE (99) will contain the number of associate degree programs for the institution.  (Note: Institutions are asked to enter a zero to indicate a program that is offered, but no awards were granted in the 12-month period).

Values and labels
 1 - program offered, applicable for 6-digit cipcodes
 0 - Program not offered, applicable for 6-digit cipcodes
1-High - Total programs offered, applicable for 2-digit and 99 grand total summary records
  0 - No programs offered, applicable for 2-digit and 99 grand total summary records"
Description,6,33360,PASSOCDE,"Number of Associate's degree programs offered via distance education is derived from the total Associate'a degrees awarded, which are reported on the completions component for the 12-month period July 1 - June 30.  If the total Associate's degrees reported were greater than or equal to zero for each 6-digit CIPCODE (program) and institution indicated the program was offered via distance education, by award level, the number of Associate's programs offered via distance education was set to 1 - program offered, else program offered was set to zero – not offered.  The 2-digit CIPCODE level contains the total number of 6-digit programs offered for the 2-digit category and the grand total CIPCODE (99) will contain the number of programs via distance education for the institution.  (Note: Institutions are asked to enter a zero to indicate a program that is offered, but no awards were granted in the 12-month period).

Values and labels
 1 - program offered, applicable for 6-digit cipcodes
 0 - Program not offered, applicable for 6-digit cipcodes
1-High - Total programs offered, applicable for 2-digit and 99 grand total summary records
  0 - No programs offered, applicable for 2-digit and 99 grand total summary records

Distance education program -  A program for which all the required coursework for program completion is able to be completed via distance education courses"
Description,7,33365,PBACHL,"Number of Bachelor's degree programs offered is derived from the total Bachelor's degrees awarded, which are reported on the completions component for the 12-month period July 1 - June 30.  If the total Bachelor degrees reported were greater than or equal to zero for each 6-digit CIPCODE (program), by award level, the number of Bachelors programs was set to 1 - program offered, else program offered was set to zero – not offered. The 2-digit CIPCODE level contains the total number of 6-digit programs offered for the 2-digit category and the grand total CIPCODE (99) will contain the number of programs for the institution.  (Note: Institutions are asked to enter a zero to indicate a program that is offered, but no awards were granted in the 12-month period).

Values and labels
 1 - program offered, applicable for 6-digit cipcodes
 0 - Program not offered, applicable for 6-digit cipcodes
1-High - Total programs offered, applicable for 2-digit and 99 grand total summary records
  0 - No programs offered, applicable for 2-digit and 99 grand total summary records"
Description,8,33370,PBACHLDE,"Number of Bachelor's degree programs offered via distance education is derived from the total Bachelor's degrees awarded, which are reported on the completions component for the 12-month period July 1 - June 30.  If the total Bachelor's degrees reported were greater than or equal to zero for each 6-digit CIPCODE (program) and institution indicated the program was offered via distance education, by award level, the number of Bachelor's programs offered via distance education was set to 1 - program offered, else program offered was set to zero – not offered.  The 2-digit CIPCODE level contains the total number of 6-digit programs offered for the 2-digit category and the grand total CIPCODE (99) will contain the number of programs via distance education for the institution.  (Note: Institutions are asked to enter a zero to indicate a program that is offered, but no awards were granted in the 12-month period).

Values and labels
 1 - program offered, applicable for 6-digit cipcodes
 0 - Program not offered, applicable for 6-digit cipcodes
1-High - Total programs offered, applicable for 2-digit and 99 grand total summary records
  0 - No programs offered, applicable for 2-digit and 99 grand total summary records

Distance education program -  A program for which all the required coursework for program completion is able to be completed via distance education courses"
Description,9,33375,PMASTR,"Number of Master's degree programs offered is derived from the total Master's degrees awarded, which are reported on the completions component for the 12-month period July 1 - June 30.  If the total Master's degrees reported were greater than or equal to zero for each 6-digit CIPCODE (program), by award level, the number of Master's programs was set to 1 - program offered, else program offered was set to zero – not offered. The 2-digit CIPCODE level contains the total number of 6-digit programs offered for the 2-digit category and the grand total CIPCODE (99) will contain the number of programs for the institution.  (Note: Institutions are asked to enter a zero to indicate a program that is offered, but no awards were granted in the 12-month period).

Values and labels
 1 - program offered, applicable for 6-digit cipcodes
 0 - Program not offered, applicable for 6-digit cipcodes
1-High - Total programs offered, applicable for 2-digit and 99 grand total summary records
  0 - No programs offered, applicable for 2-digit and 99 grand total summary records"
Description,10,33380,PMASTRDE,"Number of Master's degree programs offered via distance education .is derived from the total Master's degrees awarded, which are reported on the completions component for the 12-month period July 1 - June 30.  If the total Master's degrees reported were greater than or equal to zero for each 6-digit CIPCODE (program) and institution indicated the program was offered via distance education, by award level, the number of Master's programs offered via distance education was set to 1 - program offered, else program offered was set to zero – not offered.  The 2-digit CIPCODE level contains the total number of 6-digit programs offered for the 2-digit category and the grand total CIPCODE (99) will contain the number of  programs via distance education for the institution.  (Note: Institutions are asked to enter a zero to indicate a program that is offered, but no awards were granted in the 12-month period).

Values and labels
 1 - program offered, applicable for 6-digit cipcodes
 0 - Program not offered, applicable for 6-digit cipcodes
1-High - Total programs offered, applicable for 2-digit and 99 grand total summary records
  0 - No programs offered, applicable for 2-digit and 99 grand total summary records

Distance education program -  A program for which all the required coursework for program completion is able to be completed via distance education courses"
Description,11,33385,PDOCRS,"Number of Doctor's, research/scholarship degree programs offered is derived from the total Doctor's, research/scholarship degrees awarded, which are reported on the completions component for the 12-month period July 1 - June 30.  If the total Doctor's, research/scholarship degrees reported were greater than or equal to zero for each 6-digit CIPCODE (program), by award level, the number of Doctor's, research/scholarship programs was set to 1 - program offered, else program offered was set to zero – not offered. The 2-digit CIPCODE level contains the total number of 6-digit programs offered for the 2-digit category and the grand total CIPCODE (99) will contain the number of programs for the institution.  (Note: Institutions are asked to enter a zero to indicate a program that is offered, but no awards were granted in the 12-month period).

Values and labels
 1 - program offered, applicable for 6-digit cipcodes
 0 - Program not offered, applicable for 6-digit cipcodes
1-High - Total programs offered, applicable for 2-digit and 99 grand total summary records
  0 - No programs offered, applicable for 2-digit and 99 grand total summary records"
Description,12,33390,PDOCRSDE,"Number of Doctor's, research/scholarship degree programs offered via distance education is derived from the total Doctor's, research/scholarship degrees awarded, which are reported on the completions component for the 12-month period July 1 - June 30.  If the total Doctor's, research/scholarship degrees reported were greater than or equal to zero and institution indicated the program was offered via distance education, for each 6-digit CIPCODE (program), by award level, the number of Doctor's, research/scholarship programs offered via distance education twas set to 1 - program offered, else program offered was set to zero – not offered. The 2-digit CIPCODE level contains the total number of 6-digit programs offered for the 2-digit category and the grand total CIPCODE (99) will contain the number of programs for the institution.  (Note: Institutions are asked to enter a zero to indicate a program that is offered, but no awards were granted in the 12-month period).

Values and labels
 1 - program offered, applicable for 6-digit cipcodes
 0 - Program not offered, applicable for 6-digit cipcodes
1-High - Total programs offered, applicable for 2-digit and 99 grand total summary records
  0 - No programs offered, applicable for 2-digit and 99 grand total summary records

Distance education program -  A program for which all the required coursework for program completion is able to be completed via distance education courses"
Description,13,33395,PDOCPP,"Number of Doctor's, professional practice degree programs offered is derived from the total Doctor's, professional practice degrees awarded, which are reported on the completions component for the 12-month period July 1 - June 30.  If the total Doctor's, professional practice degrees reported were greater than or equal to zero for each 6-digit CIPCODE (program), by award level, the number of Doctor's, professional practice programs was set to 1 - program offered, else program offered was set to zero – not offered. The 2-digit CIPCODE level contains the total number of 6-digit programs offered for the 2-digit category and the grand total CIPCODE (99) will contain the number of programs for the institution.  (Note: Institutions are asked to enter a zero to indicate a program that is offered, but no awards were granted in the 12-month period).

Values and labels
 1 - program offered, applicable for 6-digit cipcodes
 0 - Program not offered, applicable for 6-digit cipcodes
1-High - Total programs offered, applicable for 2-digit and 99 grand total summary records
  0 - No programs offered, applicable for 2-digit and 99 grand total summary records"
Description,14,33400,PDOCPPDE,"Number of Doctor's, professional practice degree programs offered via distance education is derived from the total Doctor's, professional practice degrees awarded, which are reported on the completions component for the 12-month period July 1 - June 30.  If the total Doctor's, professional practice degrees reported were greater than or equal to zero and institution indicated the program was offered via distance education, for each 6-digit CIPCODE (program), by award level, the number of Doctor's, professional practice programs offered via distance education twas set to 1 - program offered, else program offered was set to zero – not offered. The 2-digit CIPCODE level contains the total number of 6-digit programs offered for the 2-digit category and the grand total CIPCODE (99) will contain the number of programs for the institution.  (Note: Institutions are asked to enter a zero to indicate a program that is offered, but no awards were granted in the 12-month period).

Values and labels
 1 - program offered, applicable for 6-digit cipcodes
 0 - Program not offered, applicable for 6-digit cipcodes
1-High - Total programs offered, applicable for 2-digit and 99 grand total summary records
  0 - No programs offered, applicable for 2-digit and 99 grand total summary record

Distance education program -  A program for which all the required coursework for program completion is able to be completed via distance education courses"
Description,15,33405,PDOCOT,"Number of Doctor's, other degree programs offered is derived from the total Doctor's, other degrees awarded, which are reported on the completions component for the 12-month period July 1 - June 30.  If the total Doctor's, other degrees reported were greater than or equal to zero for each 6-digit CIPCODE (program), by award level, the number of Doctor's, other programs was set to 1 - program offered, else program offered was set to zero – not offered. The 2-digit CIPCODE level contains the total number of 6-digit programs offered for the 2-digit category and the grand total CIPCODE (99) will contain the number of programs for the institution.  (Note: Institutions are asked to enter a zero to indicate a program that is offered, but no awards were granted in the 12-month period).

Values and labels
 1 - program offered, applicable for 6-digit cipcodes
 0 - Program not offered, applicable for 6-digit cipcodes
1-High - Total programs offered, applicable for 2-digit and 99 grand total summary records
  0 - No programs offered, applicable for 2-digit and 99 grand total summary records"
Description,16,33410,PDOCOTDE,"Number of Doctor's, other degree programs offered via distance education is derived from the total Doctor's, other degrees awarded, which are reported on the completions component for the 12-month period July 1 - June 30.  If the total Doctor's, other degrees reported were greater than or equal to zero and institution indicated the program was offered via distance education, for each 6-digit CIPCODE (program), by award level, the number of Doctor's, other programs offered via distance education twas set to 1 - program offered, else program offered was set to zero – not offered. The 2-digit CIPCODE level contains the total number of 6-digit programs offered for the 2-digit category and the grand total CIPCODE (99) will contain the number of programs for the institution.  (Note: Institutions are asked to enter a zero to indicate a program that is offered, but no awards were granted in the 12-month period).

Values and labels
 1 - program offered, applicable for 6-digit cipcodes
 0 - Program not offered, applicable for 6-digit cipcodes
1-High - Total programs offered, applicable for 2-digit and 99 grand total summary records
  0 - No programs offered, applicable for 2-digit and 99 grand total summary records

Distance education program -  A program for which all the required coursework for program completion is able to be completed via distance education courses"
Description,17,33415,PCERT1,"Number of certificates of less than 1-year programs offered is derived from the total certificates of less than 1-year awarded, which are reported on the completions component for the 12-month period July 1 - June 30.  If the total certificates of less than 1-year reported were greater than or equal to zero for each 6-digit CIPCODE (program), by award level, the number of certificates of less-than-1-year programs was set to 1 - program offered, else program offered was set to zero – not offered. The 2-digit CIPCODE level contains the total number of 6-digit programs offered for the 2-digit category and the grand total CIPCODE (99) will contain the number of programs for the institution.  (Note: Institutions are asked to enter a zero to indicate a program that is offered, but no awards were granted in the 12-month period).

Values and labels
 1 - program offered, applicable for 6-digit cipcodes
 0 - Program not offered, applicable for 6-digit cipcodes
1-High - Total programs offered, applicable for 2-digit and 99 grand total summary records
  0 - No programs offered, applicable for 2-digit and 99 grand total summary records"
Description,18,33420,PCERT1DE,"Number of certificates of less than 1-year programs offered via distance education is derived from the total certificates of less than 1-year awarded, which are reported on the completions component for the 12-month period July 1 - June 30.  If the total certificates of less than 1-year reported were greater than or equal to zero and institution indicated the program was offered via distance education, for each 6-digit CIPCODE (program), by award level, the number of certificates of less-than-1-year programs offered via distance education twas set to 1 - program offered, else program offered was set to zero – not offered. The 2-digit CIPCODE level contains the total number of 6-digit programs offered for the 2-digit category and the grand total CIPCODE (99) will contain the number of programs for the institution.  (Note: Institutions are asked to enter a zero to indicate a program that is offered, but no awards were granted in the 12-month period).

Values and labels
 1 - program offered, applicable for 6-digit cipcodes
 0 - Program not offered, applicable for 6-digit cipcodes
1-High - Total programs offered, applicable for 2-digit and 99 grand total summary records
  0 - No programs offered, applicable for 2-digit and 99 grand total summary records

Distance education program -  A program for which all the required coursework for program completion is able to be completed via distance education courses"
Description,19,33425,PCERT2,"Number of certificates of 1-year but less than 2-year programs offered is derived from the total certificates of 1-year but less than 2-year awarded, which are reported on the completions component for the 12-month period July 1 - June 30.  If the total certificates 1-year but less than 2-year reported were greater than or equal to zero for each 6-digit CIPCODE (program), by award level, the number of certificates of 1-year but less than 2-year programs was set to 1 - program offered, else program offered was set to zero – not offered. The 2-digit CIPCODE level contains the total number of 6-digit programs offered for the 2-digit category and the grand total CIPCODE (99) will contain the number of programs for the institution.  (Note: Institutions are asked to enter a zero to indicate a program that is offered, but no awards were granted in the 12-month period).

Values and labels
 1 - program offered, applicable for 6-digit cipcodes
 0 - Program not offered, applicable for 6-digit cipcodes
1-High - Total programs offered, applicable for 2-digit and 99 grand total summary records
  0 - No programs offered, applicable for 2-digit and 99 grand total summary records"
Description,20,33430,PCERT2DE,"Number of certificates of 1-year but less than 2-year programs via distance education offered is derived from the total certificates of 1-year but less than 2-year awarded, which are reported on the completions component for the 12-month period July 1 - June 30.  If the total certificates 1-year but less than 2-year reported were greater than or equal to zero and institution indicated the program was offered via distance education,for each 6-digit CIPCODE (program), by award level, the number of certificates of 1-year but less than 2-year programs offered via distance education was set to 1 - program offered, else program offered was set to zero – not offered. The 2-digit CIPCODE level contains the total number of 6-digit programs offered for the 2-digit category and the grand total CIPCODE (99) will contain the number of programs for the institution.  (Note: Institutions are asked to enter a zero to indicate a program that is offered, but no awards were granted in the 12-month period).

Values and labels
 1 - program offered, applicable for 6-digit cipcodes
 0 - Program not offered, applicable for 6-digit cipcodes
1-High - Total programs offered, applicable for 2-digit and 99 grand total summary records
  0 - No programs offered, applicable for 2-digit and 99 grand total summary records

Distance education program -  A program for which all the required coursework for program completion is able to be completed via distance education courses"
Description,21,33435,PCERT4,"Number of certificates of 2-year but less than 4-year programs offered is derived from the total certificates of 2-year but less than 4-year awarded, which are reported on the completions component for the 12-month period July 1 - June 30.  If the total certificates 2-year but less than 4-year reported were greater than or equal to zero for each 6-digit CIPCODE (program), by award level, the number of certificates of 2-year but less than 4-year programs was set to 1 - program offered, else program offered was set to zero – not offered. The 2-digit CIPCODE level contains the total number of 6-digit programs offered for the 2-digit category and the grand total CIPCODE (99) will contain the number of programs for the institution.  (Note: Institutions are asked to enter a zero to indicate a program that is offered, but no awards were granted in the 12-month period).

Values and labels
 1 - program offered, applicable for 6-digit cipcodes
 0 - Program not offered, applicable for 6-digit cipcodes
1-High - Total programs offered, applicable for 2-digit and 99 grand total summary records
  0 - No programs offered, applicable for 2-digit and 99 grand total summary records"
Description,22,33440,PCERT4DE,"Number of certificates of 2-year but less than 4-year programs via distance education offered is derived from the total certificates of 2-year but less than 4-year awarded, which are reported on the completions component for the 12-month period July 1 - June 30.  If the total certificates 2-year but less than 4-year reported were greater than or equal to zero and institution indicated the program was offered via distance education,for each 6-digit CIPCODE (program), by award level, the number of certificates of 2-year but less than 4-year programs offered via distance education was set to 1 - program offered, else program offered was set to zero – not offered. The 2-digit CIPCODE level contains the total number of 6-digit programs offered for the 2-digit category and the grand total CIPCODE (99) will contain the number of programs for the institution.  (Note: Institutions are asked to enter a zero to indicate a program that is offered, but no awards were granted in the 12-month period).

Values and labels
 1 - program offered, applicable for 6-digit cipcodes
 0 - Program not offered, applicable for 6-digit cipcodes
1-High - Total programs offered, applicable for 2-digit and 99 grand total summary records
  0 - No programs offered, applicable for 2-digit and 99 grand total summary records

Distance education program -  A program for which all the required coursework for program completion is able to be completed via distance education courses"
Description,23,33445,PPBACC,"Number of Postbaccalauureate certificate programs is derived from the total Postbaccalureate certificate awarded, which are reported on the completions component for the 12-month period July 1 - June 30.  If the total Postbaccalaureate certificates were greater than or equal to zero for each 6-digit CIPCODE (program), by award level, the number of Postbaccalaureate certificate programs offered via distance education was set to 1 - program offered, else program offered was set to zero – not offered. The 2-digit CIPCODE level contains the total number of 6-digit programs offered for the 2-digit category and the grand total CIPCODE (99) will contain the number of programs for the institution.  (Note: Institutions are asked to enter a zero to indicate a program that is offered, but no awards were granted in the 12-month period).

Values and labels
 1 - program offered, applicable for 6-digit cipcodes
 0 - Program not offered, applicable for 6-digit cipcodes
1-High - Total programs offered, applicable for 2-digit and 99 grand total summary records
  0 - No programs offered, applicable for 2-digit and 99 grand total summary records"
Description,24,33450,PPBACCDE,"Number of Postbaccalaureate certificate programs via distance education offered is derived from the total Postbaccalureate certificate awarded, which are reported on the completions component for the 12-month period July 1 - June 30.  If the total Postbaccalaureate certificates reported were greater than or equal to zero and institution indicated the program was offered via distance education,for each 6-digit CIPCODE (program), by award level, the number of Postbaccalaureate certificate programs offered via distance education was set to 1 - program offered, else program offered was set to zero – not offered. The 2-digit CIPCODE level contains the total number of 6-digit programs offered for the 2-digit category and the grand total CIPCODE (99) will contain the number of programs for the institution.  (Note: Institutions are asked to enter a zero to indicate a program that is offered, but no awards were granted in the 12-month period).

Values and labels
 1 - program offered, applicable for 6-digit cipcodes
 0 - Program not offered, applicable for 6-digit cipcodes
1-High - Total programs offered, applicable for 2-digit and 99 grand total summary records
  0 - No programs offered, applicable for 2-digit and 99 grand total summary records

Distance education program -  A program for which all the required coursework for program completion is able to be completed via distance education courses"
Description,25,33455,PPMAST,"Number of Post-master's certificate programs offered is derived from the total Post-master's certificate awarded, which are reported on the completions component for the 12-month period July 1 - June 30.  If the total Post-master's certificates were greater than or equal to zero for each 6-digit CIPCODE (program), by award level, the number of Post-master's certificate programs offered via distance education was set to 1 - program offered, else program offered was set to zero – not offered. The 2-digit CIPCODE level contains the total number of 6-digit programs offered for the 2-digit category and the grand total CIPCODE (99) will contain the number of programs for the institution.  (Note: Institutions are asked to enter a zero to indicate a program that is offered, but no awards were granted in the 12-month period).

Values and labels
 1 - program offered, applicable for 6-digit cipcodes
 0 - Program not offered, applicable for 6-digit cipcodes
1-High - Total programs offered, applicable for 2-digit and 99 grand total summary records
  0 - No programs offered, applicable for 2-digit and 99 grand total summary records"
Description,26,33460,PPMASTDE,"Number of Post-master's certificate programs offered via distance education is derived from the total Post-master's certificate awarded, which are reported on the completions component for the 12-month period July 1 - June 30.  If the total Post-master's certificates were greater than or equal to zero and institution indicated the program was offered via distance education for each 6-digit CIPCODE (program), by award level, the number of Post-master's certificate programs offered via distance education was set to 1 - program offered, else program offered was set to zero – not offered. The 2-digit CIPCODE level contains the total number of 6-digit programs offered for the 2-digit category and the grand total CIPCODE (99) will contain the number of programs for the institution.  (Note: Institutions are asked to enter a zero to indicate a program that is offered, but no awards were granted in the 12-month period).

Values and labels
 1 - program offered, applicable for 6-digit cipcodes
 0 - Program not offered, applicable for 6-digit cipcodes
1-High - Total programs offered, applicable for 2-digit and 99 grand total summary records
  0 - No programs offered, applicable for 2-digit and 99 grand total summary record

Distance education program -  A program for which all the required coursework for program completion is able to be completed via distance education courses"
Description,27,,,
Description,28,,,
Description,29,,,
Description,30,,,
Description,31,,,
Description,32,,,
Description,33,,,
Description,34,,,
Description,35,,,
Description,36,,,
Description,37,,,
Description,38,,,
Description,39,,,
Description,40,,,
Description,41,,,
Description,42,,,
Description,43,,,
Description,44,,,
Description,45,,,
Description,46,,,
Description,47,,,
Description,48,,,
Description,49,,,
Description,50,,,
Description,51,,,
Description,52,,,
Description,53,,,
Description,54,,,
Description,55,,,
Description,56,,,
Description,57,,,
Description,58,,,
Description,59,,,
Description,60,,,
Description,61,,,
Description,62,,,
Description,63,,,
Description,64,,,
Description,65,,,
Description,66,,,
Description,67,,,
Description,68,,,
Description,69,,,
Description,70,,,
Description,71,,,
Description,72,,,
Description,73,,,
Description,74,,,
Description,75,,,
Description,76,,,
Description,77,,,
Description,78,,,
Description,79,,,
Description,80,,,
Description,81,,,
Description,82,,,
Description,83,,,
Description,84,,,
Description,85,,,
Description,86,,,
Description,87,,,
Description,88,,,
Description,89,,,
Description,90,,,
Description,91,,,
Description,92,,,
Description,93,,,
Description,94,,,
Description,95,,,
Description,96,,,
Description,97,,,
Description,98,,,
Description,99,,,
Description,100,,,
Description,101,,,
Description,102,,,
Description,103,,,
Description,104,,,
Description,105,,,
Description,106,,,
Description,107,,,
Description,108,,,
Description,109,,,
Description,110,,,
Description,111,,,
Description,112,,,
Description,113,,,
Description,114,,,
Description,115,,,
Description,116,,,
Description,117,,,
Description,118,,,
Description,119,,,
Description,120,,,
Description,121,,,
Frequencies,0,varnumber,varname,codevalue,valuelabel,frequency,percent
Frequencies,1,33340,CIPCODE,99,Grand total,6269,2.61
Frequencies,2,33340,CIPCODE,01,"Agriculture, Agriculture Operations and Related Sciences",763,0.32
Frequencies,3,33340,CIPCODE,01.0000,"Agriculture, General",186,0.08
Frequencies,4,33340,CIPCODE,01.0101,"Agricultural Business and Management, General",142,0.06
Frequencies,5,33340,CIPCODE,01.0102,Agribusiness/Agricultural Business Operations,144,0.06
Frequencies,6,33340,CIPCODE,01.0103,Agricultural Economics,59,0.02
Frequencies,7,33340,CIPCODE,01.0104,Farm/Farm and Ranch Management,57,0.02
Frequencies,8,33340,CIPCODE,01.0105,Agricultural/Farm Supplies Retailing and Wholesaling,23,0.01
Frequencies,9,33340,CIPCODE,01.0106,Agricultural Business Technology,14,0.01
Frequencies,10,33340,CIPCODE,01.0199,"Agricultural Business and Management, Other",19,0.01
Frequencies,11,33340,CIPCODE,01.0201,"Agricultural Mechanization, General",38,0.02
Frequencies,12,33340,CIPCODE,01.0204,Agricultural Power Machinery Operation,10,0
Frequencies,13,33340,CIPCODE,01.0205,Agricultural Mechanics and Equipment/Machine Technology,43,0.02
Frequencies,14,33340,CIPCODE,01.0299,"Agricultural Mechanization, Other",5,0
Frequencies,15,33340,CIPCODE,01.0301,"Agricultural Production Operations, General",73,0.03
Frequencies,16,33340,CIPCODE,01.0302,Animal/Livestock Husbandry and Production,59,0.02
Frequencies,17,33340,CIPCODE,01.0303,Aquaculture,20,0.01
Frequencies,18,33340,CIPCODE,01.0304,Crop Production,51,0.02
Frequencies,19,33340,CIPCODE,01.0306,Dairy Husbandry and Production,13,0.01
Frequencies,20,33340,CIPCODE,01.0307,Horse Husbandry/Equine Science and Management,44,0.02
Frequencies,21,33340,CIPCODE,01.0308,Agroecology and Sustainable Agriculture,65,0.03
Frequencies,22,33340,CIPCODE,01.0309,Viticulture and Enology,37,0.02
Frequencies,23,33340,CIPCODE,01.0399,"Agricultural Production Operations, Other",13,0.01
Frequencies,24,33340,CIPCODE,01.0401,Agricultural and Food Products Processing,30,0.01
Frequencies,25,33340,CIPCODE,01.0504,Dog/Pet/Animal Grooming,8,0
Frequencies,26,33340,CIPCODE,01.0505,Animal Training,7,0
Frequencies,27,33340,CIPCODE,01.0507,Equestrian/Equine Studies,66,0.03
Frequencies,28,33340,CIPCODE,01.0508,Taxidermy/Taxidermist,3,0
Frequencies,29,33340,CIPCODE,01.0599,"Agricultural and Domestic Animal Services, Other",7,0
Frequencies,30,33340,CIPCODE,01.0601,"Applied Horticulture/Horticulture Operations, General",188,0.08
Frequencies,31,33340,CIPCODE,01.0603,Ornamental Horticulture,27,0.01
Frequencies,32,33340,CIPCODE,01.0604,Greenhouse Operations and Management,16,0.01
Frequencies,33,33340,CIPCODE,01.0605,Landscaping and Groundskeeping,136,0.06
Frequencies,34,33340,CIPCODE,01.0606,Plant Nursery Operations and Management,39,0.02
Frequencies,35,33340,CIPCODE,01.0607,Turf and Turfgrass Management,65,0.03
Frequencies,36,33340,CIPCODE,01.0608,Floriculture/Floristry Operations and Management,43,0.02
Frequencies,37,33340,CIPCODE,01.0699,"Applied Horticulture/Horticultural Business Services, Other",11,0
Frequencies,38,33340,CIPCODE,01.0701,International Agriculture,13,0.01
Frequencies,39,33340,CIPCODE,01.0801,Agricultural and Extension Education Services,20,0.01
Frequencies,40,33340,CIPCODE,01.0802,Agricultural Communication/Journalism,23,0.01
Frequencies,41,33340,CIPCODE,01.0899,"Agricultural Public Services, Other",4,0
Frequencies,42,33340,CIPCODE,01.0901,"Animal Sciences, General",119,0.05
Frequencies,43,33340,CIPCODE,01.0902,Agricultural Animal Breeding,3,0
Frequencies,44,33340,CIPCODE,01.0903,Animal Health,5,0
Frequencies,45,33340,CIPCODE,01.0904,Animal Nutrition,1,0
Frequencies,46,33340,CIPCODE,01.0905,Dairy Science,17,0.01
Frequencies,47,33340,CIPCODE,01.0906,Livestock Management,11,0
Frequencies,48,33340,CIPCODE,01.0907,Poultry Science,11,0
Frequencies,49,33340,CIPCODE,01.0999,"Animal Sciences, Other",13,0.01
Frequencies,50,33340,CIPCODE,01.1001,Food Science,84,0.03
Frequencies,51,33340,CIPCODE,01.1002,Food Technology and Processing,19,0.01
Frequencies,52,33340,CIPCODE,01.1099,"Food Science and Technology, Other",17,0.01
Frequencies,53,33340,CIPCODE,01.1101,"Plant Sciences, General",46,0.02
Frequencies,54,33340,CIPCODE,01.1102,Agronomy and Crop Science,61,0.03
Frequencies,55,33340,CIPCODE,01.1103,Horticultural Science,65,0.03
Frequencies,56,33340,CIPCODE,01.1104,Agricultural and Horticultural Plant Breeding,5,0
Frequencies,57,33340,CIPCODE,01.1105,Plant Protection and Integrated Pest Management,19,0.01
Frequencies,58,33340,CIPCODE,01.1106,Range Science and Management,28,0.01
Frequencies,59,33340,CIPCODE,01.1199,"Plant Sciences, Other",10,0
Frequencies,60,33340,CIPCODE,01.1201,"Soil Science and Agronomy, General",33,0.01
Frequencies,61,33340,CIPCODE,01.1202,Soil Chemistry and Physics,1,0
Frequencies,62,33340,CIPCODE,01.1299,"Soil Sciences, Other",9,0
Frequencies,63,33340,CIPCODE,01.9999,"Agriculture, Agriculture Operations and Related Sciences, Other",41,0.02
Frequencies,64,33340,CIPCODE,03,Natural Resources and Conservation,1151,0.48
Frequencies,65,33340,CIPCODE,03.0101,"Natural Resources/Conservation, General",149,0.06
Frequencies,66,33340,CIPCODE,03.0103,Environmental Studies,546,0.23000000000000004
Frequencies,67,33340,CIPCODE,03.0104,Environmental Science,644,0.27
Frequencies,68,33340,CIPCODE,03.0199,"Natural Resources Conservation and Research, Other",29,0.01
Frequencies,69,33340,CIPCODE,03.0201,Natural Resources Management and Policy,93,0.04
Frequencies,70,33340,CIPCODE,03.0204,Natural Resource Economics,16,0.01
Frequencies,71,33340,CIPCODE,03.0205,"Water, Wetlands, and Marine Resources Management",29,0.01
Frequencies,72,33340,CIPCODE,03.0206,Land Use Planning and Management/Development,14,0.01
Frequencies,73,33340,CIPCODE,03.0207,Natural Resource Recreation and Tourism,13,0.01
Frequencies,74,33340,CIPCODE,03.0208,Natural Resources Law Enforcement and Protective Services,12,0
Frequencies,75,33340,CIPCODE,03.0299,"Natural Resources Management and Policy, Other",32,0.01
Frequencies,76,33340,CIPCODE,03.0301,Fishing and Fisheries Sciences and Management,30,0.01
Frequencies,77,33340,CIPCODE,03.0501,"Forestry, General",59,0.02
Frequencies,78,33340,CIPCODE,03.0502,Forest Sciences and Biology,22,0.01
Frequencies,79,33340,CIPCODE,03.0506,Forest Management/Forest Resources Management,26,0.01
Frequencies,80,33340,CIPCODE,03.0508,Urban Forestry,15,0.01
Frequencies,81,33340,CIPCODE,03.0509,Wood Science and Wood Products/Pulp and Paper Technology,12,0
Frequencies,82,33340,CIPCODE,03.0510,Forest Resources Production and Management,6,0
Frequencies,83,33340,CIPCODE,03.0511,Forest Technology/Technician,38,0.02
Frequencies,84,33340,CIPCODE,03.0599,"Forestry, Other",16,0.01
Frequencies,85,33340,CIPCODE,03.0601,"Wildlife, Fish and Wildlands Science and Management",98,0.04
Frequencies,86,33340,CIPCODE,03.9999,"Natural Resources and Conservation, Other",33,0.01
Frequencies,87,33340,CIPCODE,04,Architecture and Related Services,367,0.15
Frequencies,88,33340,CIPCODE,04.0201,Architecture,153,0.06
Frequencies,89,33340,CIPCODE,04.0301,"City/Urban, Community and Regional Planning",130,0.05
Frequencies,90,33340,CIPCODE,04.0401,Environmental Design/Architecture,57,0.02
Frequencies,91,33340,CIPCODE,04.0501,Interior Architecture,51,0.02
Frequencies,92,33340,CIPCODE,04.0601,Landscape Architecture,84,0.03
Frequencies,93,33340,CIPCODE,04.0801,"Architectural History and Criticism, General",22,0.01
Frequencies,94,33340,CIPCODE,04.0901,Architectural Technology/Technician,80,0.03
Frequencies,95,33340,CIPCODE,04.0902,Architectural and Building Sciences/Technology,74,0.03
Frequencies,96,33340,CIPCODE,04.0999,"Architectural Sciences and Technology, Other",1,0
Frequencies,97,33340,CIPCODE,04.1001,Real Estate Development,15,0.01
Frequencies,98,33340,CIPCODE,04.9999,"Architecture and Related Services, Other",39,0.02
Frequencies,99,33340,CIPCODE,05,"Area, Ethnic, Cultural, Gender, and Group Studies",798,0.33
Frequencies,100,33340,CIPCODE,05.0101,African Studies,76,0.03
Frequencies,101,33340,CIPCODE,05.0102,American/United States Studies/Civilization,229,0.1
Frequencies,102,33340,CIPCODE,05.0103,Asian Studies/Civilization,160,7.0000000000000021E-2
Frequencies,103,33340,CIPCODE,05.0104,East Asian Studies,94,0.04
Frequencies,104,33340,CIPCODE,05.0105,"Russian, Central European, East European and Eurasian Studies",25,0.01
Frequencies,105,33340,CIPCODE,05.0106,European Studies/Civilization,74,0.03
Frequencies,106,33340,CIPCODE,05.0107,Latin American Studies,179,7.0000000000000021E-2
Frequencies,107,33340,CIPCODE,05.0108,Near and Middle Eastern Studies,76,0.03
Frequencies,108,33340,CIPCODE,05.0109,Pacific Area/Pacific Rim Studies,5,0
Frequencies,109,33340,CIPCODE,05.0110,Russian Studies,67,0.03
Frequencies,110,33340,CIPCODE,05.0111,Scandinavian Studies,8,0
Frequencies,111,33340,CIPCODE,05.0112,South Asian Studies,14,0.01
Frequencies,112,33340,CIPCODE,05.0113,Southeast Asian Studies,7,0
Frequencies,113,33340,CIPCODE,05.0114,Western European Studies,9,0
Frequencies,114,33340,CIPCODE,05.0115,Canadian Studies,4,0
Frequencies,115,33340,CIPCODE,05.0118,Slavic Studies,3,0
Frequencies,116,33340,CIPCODE,05.0119,Caribbean Studies,4,0
Frequencies,117,33340,CIPCODE,05.0120,Ural-Altaic and Central Asian Studies,2,0
Frequencies,118,33340,CIPCODE,05.0121,Commonwealth Studies,1,0
Frequencies,119,33340,CIPCODE,05.0122,"Regional Studies (U.S., Canadian, Foreign)",22,0.01
Frequencies,120,33340,CIPCODE,05.0123,Chinese Studies,28,0.01
Frequencies,121,33340,CIPCODE,05.0124,French Studies,40,0.02
Frequencies,122,33340,CIPCODE,05.0125,German Studies,46,0.02
Frequencies,123,33340,CIPCODE,05.0126,Italian Studies,41,0.02
Frequencies,124,33340,CIPCODE,05.0127,Japanese Studies,22,0.01
Frequencies,125,33340,CIPCODE,05.0128,Korean Studies,3,0
Frequencies,126,33340,CIPCODE,05.0130,Spanish and Iberian Studies,16,0.01
Frequencies,127,33340,CIPCODE,05.0133,Irish Studies,1,0
Frequencies,128,33340,CIPCODE,05.0134,Latin American and Caribbean Studies,25,0.01
Frequencies,129,33340,CIPCODE,05.0199,"Area Studies, Other",82,0.03
Frequencies,130,33340,CIPCODE,05.0200,Ethnic Studies,84,0.03
Frequencies,131,33340,CIPCODE,05.0201,African-American/Black Studies,215,0.09
Frequencies,132,33340,CIPCODE,05.0202,American Indian/Native American Studies,98,0.04
Frequencies,133,33340,CIPCODE,05.0203,"Hispanic-American, Puerto Rican, and Mexican-American/Chicano Studies",66,0.03
Frequencies,134,33340,CIPCODE,05.0206,Asian-American Studies,24,0.01
Frequencies,135,33340,CIPCODE,05.0207,Women's Studies,381,0.16
Frequencies,136,33340,CIPCODE,05.0208,Gay/Lesbian Studies,19,0.01
Frequencies,137,33340,CIPCODE,05.0209,Folklore Studies,9,0
Frequencies,138,33340,CIPCODE,05.0210,Disability Studies,18,0.01
Frequencies,139,33340,CIPCODE,05.0211,Deaf Studies,21,0.01
Frequencies,140,33340,CIPCODE,05.0299,"Ethnic, Cultural Minority, Gender, and Group Studies, Other",149,0.06
Frequencies,141,33340,CIPCODE,09,"Communication, Journalism, and Related Programs",1723,0.72
Frequencies,142,33340,CIPCODE,09.0100,"Communication, General",352,0.15
Frequencies,143,33340,CIPCODE,09.0101,Speech Communication and Rhetoric,894,0.37
Frequencies,144,33340,CIPCODE,09.0102,Mass Communication/Media Studies,388,0.16
Frequencies,145,33340,CIPCODE,09.0199,"Communication and Media Studies, Other",179,7.0000000000000021E-2
Frequencies,146,33340,CIPCODE,09.0401,Journalism,472,0.2
Frequencies,147,33340,CIPCODE,09.0402,Broadcast Journalism,92,0.04
Frequencies,148,33340,CIPCODE,09.0404,Photojournalism,29,0.01
Frequencies,149,33340,CIPCODE,09.0499,"Journalism, Other",69,0.03
Frequencies,150,33340,CIPCODE,09.0701,Radio and Television,219,0.09
Frequencies,151,33340,CIPCODE,09.0702,Digital Communication and Media/Multimedia,397,0.17
Frequencies,152,33340,CIPCODE,09.0799,"Radio, Television, and Digital Communication, Other",54,0.02
Frequencies,153,33340,CIPCODE,09.0900,"Public Relations, Advertising, and Applied Communication",152,0.06
Frequencies,154,33340,CIPCODE,09.0901,"Organizational Communication, General",114,0.05
Frequencies,155,33340,CIPCODE,09.0902,Public Relations/Image Management,193,0.08
Frequencies,156,33340,CIPCODE,09.0903,Advertising,136,0.06
Frequencies,157,33340,CIPCODE,09.0904,Political Communication,18,0.01
Frequencies,158,33340,CIPCODE,09.0905,Health Communication,54,0.02
Frequencies,159,33340,CIPCODE,09.0906,Sports Communication,59,0.02
Frequencies,160,33340,CIPCODE,09.0907,International and Intercultural Communication,35,0.01
Frequencies,161,33340,CIPCODE,09.0908,Technical and Scientific Communication,26,0.01
Frequencies,162,33340,CIPCODE,09.0999,"Public Relations, Advertising, and Applied Communication, Other",71,0.03
Frequencies,163,33340,CIPCODE,09.1001,Publishing,23,0.01
Frequencies,164,33340,CIPCODE,09.9999,"Communication, Journalism, and Related Programs, Other",130,0.05
Frequencies,165,33340,CIPCODE,10,Communications Technologies/Technicians and Support Services,667,0.28000000000000003
Frequencies,166,33340,CIPCODE,10.0105,Communications Technology/Technician,48,0.02
Frequencies,167,33340,CIPCODE,10.0201,Photographic and Film/Video Technology/Technician and Assistant,100,0.04
Frequencies,168,33340,CIPCODE,10.0202,Radio and Television Broadcasting Technology/Technician,118,0.05
Frequencies,169,33340,CIPCODE,10.0203,Recording Arts Technology/Technician,160,7.0000000000000021E-2
Frequencies,170,33340,CIPCODE,10.0299,"Audiovisual Communications Technologies/Technicians, Other",24,0.01
Frequencies,171,33340,CIPCODE,10.0301,"Graphic Communications, General",65,0.03
Frequencies,172,33340,CIPCODE,10.0302,Printing Management,7,0
Frequencies,173,33340,CIPCODE,10.0303,Prepress/Desktop Publishing and Digital Imaging Design,134,0.06
Frequencies,174,33340,CIPCODE,10.0304,"Animation, Interactive Technology, Video Graphics and Special Effects",285,0.12
Frequencies,175,33340,CIPCODE,10.0305,"Graphic and Printing Equipment Operator, General Production",55,0.02
Frequencies,176,33340,CIPCODE,10.0306,Platemaker/Imager,5,0
Frequencies,177,33340,CIPCODE,10.0307,Printing Press Operator,4,0
Frequencies,178,33340,CIPCODE,10.0308,Computer Typography and Composition Equipment Operator,1,0
Frequencies,179,33340,CIPCODE,10.0399,"Graphic Communications, Other",14,0.01
Frequencies,180,33340,CIPCODE,10.9999,"Communications Technologies/Technicians and Support Services, Other",30,0.01
Frequencies,181,33340,CIPCODE,11,Computer and Information Sciences and Support Services,2740,1.1399999999999999
Frequencies,182,33340,CIPCODE,11.0101,"Computer and Information Sciences, General",1043,0.43
Frequencies,183,33340,CIPCODE,11.0102,Artificial Intelligence,22,0.01
Frequencies,184,33340,CIPCODE,11.0103,Information Technology,726,0.3
Frequencies,185,33340,CIPCODE,11.0104,Informatics,66,0.03
Frequencies,186,33340,CIPCODE,11.0199,"Computer and Information Sciences, Other",80,0.03
Frequencies,187,33340,CIPCODE,11.0201,"Computer Programming/Programmer, General",491,0.2
Frequencies,188,33340,CIPCODE,11.0202,"Computer Programming, Specific Applications",187,0.08
Frequencies,189,33340,CIPCODE,11.0203,"Computer Programming, Vendor/Product Certification",42,0.02
Frequencies,190,33340,CIPCODE,11.0299,"Computer Programming, Other",33,0.01
Frequencies,191,33340,CIPCODE,11.0301,Data Processing and Data Processing Technology/Technician,155,0.06
Frequencies,192,33340,CIPCODE,11.0401,Information Science/Studies,479,0.2
Frequencies,193,33340,CIPCODE,11.0501,Computer Systems Analysis/Analyst,130,0.05
Frequencies,194,33340,CIPCODE,11.0601,"Data Entry/Microcomputer Applications, General",138,0.06
Frequencies,195,33340,CIPCODE,11.0602,Word Processing,12,0
Frequencies,196,33340,CIPCODE,11.0699,"Data Entry/Microcomputer Applications, Other",5,0
Frequencies,197,33340,CIPCODE,11.0701,Computer Science,915,0.38
Frequencies,198,33340,CIPCODE,11.0801,"Web Page, Digital/Multimedia and Information Resources Design",573,0.24
Frequencies,199,33340,CIPCODE,11.0802,Data Modeling/Warehousing and Database Administration,145,0.06
Frequencies,200,33340,CIPCODE,11.0803,Computer Graphics,145,0.06
Frequencies,201,33340,CIPCODE,11.0804,"Modeling, Virtual Environments and Simulation",37,0.02
Frequencies,202,33340,CIPCODE,11.0899,"Computer Software and Media Applications, Other",97,0.04
Frequencies,203,33340,CIPCODE,11.0901,Computer Systems Networking and Telecommunications,696,0.28999999999999998
Frequencies,204,33340,CIPCODE,11.1001,Network and System Administration/Administrator,284,0.12
Frequencies,205,33340,CIPCODE,11.1002,"System, Networking, and LAN/WAN Management/Manager",127,0.05
Frequencies,206,33340,CIPCODE,11.1003,Computer and Information Systems Security/Information Assurance,701,0.28999999999999998
Frequencies,207,33340,CIPCODE,11.1004,Web/Multimedia Management and Webmaster,163,7.0000000000000021E-2
Frequencies,208,33340,CIPCODE,11.1005,Information Technology Project Management,57,0.02
Frequencies,209,33340,CIPCODE,11.1006,Computer Support Specialist,271,0.11
Frequencies,210,33340,CIPCODE,11.1099,"Computer/Information Technology Services Administration and Management, Other",135,0.06
Frequencies,211,33340,CIPCODE,11.9999,"Computer and Information Sciences and Support Services, Other",162,7.0000000000000021E-2
Frequencies,212,33340,CIPCODE,12,Personal and Culinary Services,2184,0.91
Frequencies,213,33340,CIPCODE,12.0301,"Funeral Service and Mortuary Science, General",66,0.03
Frequencies,214,33340,CIPCODE,12.0302,Funeral Direction/Service,11,0
Frequencies,215,33340,CIPCODE,12.0303,Mortuary Science and Embalming/Embalmer,6,0
Frequencies,216,33340,CIPCODE,12.0399,"Funeral Service and Mortuary Science, Other",4,0
Frequencies,217,33340,CIPCODE,12.0401,"Cosmetology/Cosmetologist, General",1532,0.64
Frequencies,218,33340,CIPCODE,12.0402,Barbering/Barber,478,0.2
Frequencies,219,33340,CIPCODE,12.0404,Electrolysis/Electrology and Electrolysis Technician,10,0
Frequencies,220,33340,CIPCODE,12.0406,Make-Up Artist/Specialist,43,0.02
Frequencies,221,33340,CIPCODE,12.0407,Hair Styling/Stylist and Hair Design,108,0.04
Frequencies,222,33340,CIPCODE,12.0408,Facial Treatment Specialist/Facialist,74,0.03
Frequencies,223,33340,CIPCODE,12.0409,Aesthetician/Esthetician and Skin Care Specialist,695,0.28999999999999998
Frequencies,224,33340,CIPCODE,12.0410,Nail Technician/Specialist and Manicurist,618,0.26
Frequencies,225,33340,CIPCODE,12.0411,Permanent Cosmetics/Makeup and Tattooing,5,0
Frequencies,226,33340,CIPCODE,12.0412,Salon/Beauty Salon Management/Manager,31,0.01
Frequencies,227,33340,CIPCODE,12.0413,"Cosmetology, Barber/Styling, and Nail Instructor",699,0.28999999999999998
Frequencies,228,33340,CIPCODE,12.0414,Master Aesthetician/Esthetician,56,0.02
Frequencies,229,33340,CIPCODE,12.0499,"Cosmetology and Related Personal Grooming Arts, Other",112,0.05
Frequencies,230,33340,CIPCODE,12.0500,"Cooking and Related Culinary Arts, General",146,0.06
Frequencies,231,33340,CIPCODE,12.0501,Baking and Pastry Arts/Baker/Pastry Chef,211,0.09
Frequencies,232,33340,CIPCODE,12.0502,Bartending/Bartender,5,0
Frequencies,233,33340,CIPCODE,12.0503,Culinary Arts/Chef Training,420,0.17
Frequencies,234,33340,CIPCODE,12.0504,"Restaurant, Culinary, and Catering Management/Manager",163,7.0000000000000021E-2
Frequencies,235,33340,CIPCODE,12.0505,Food Preparation/Professional Cooking/Kitchen Assistant,84,0.03
Frequencies,236,33340,CIPCODE,12.0506,Meat Cutting/Meat Cutter,5,0
Frequencies,237,33340,CIPCODE,12.0507,"Food Service, Waiter/Waitress, and Dining Room Management/Manager",17,0.01
Frequencies,238,33340,CIPCODE,12.0508,Institutional Food Workers,35,0.01
Frequencies,239,33340,CIPCODE,12.0509,Culinary Science/Culinology,13,0.01
Frequencies,240,33340,CIPCODE,12.0510,Wine Steward/Sommelier,6,0
Frequencies,241,33340,CIPCODE,12.0599,"Culinary Arts and Related Services, Other",51,0.02
Frequencies,242,33340,CIPCODE,12.9999,"Personal and Culinary Services, Other",10,0
Frequencies,243,33340,CIPCODE,13,Education,2379,0.99
Frequencies,244,33340,CIPCODE,13.0101,"Education, General",823,0.34
Frequencies,245,33340,CIPCODE,13.0201,Bilingual and Multilingual Education,108,0.04
Frequencies,246,33340,CIPCODE,13.0202,Multicultural Education,49,0.02
Frequencies,247,33340,CIPCODE,13.0203,Indian/Native American Education,11,0
Frequencies,248,33340,CIPCODE,13.0299,"Bilingual, Multilingual, and Multicultural Education, Other",8,0
Frequencies,249,33340,CIPCODE,13.0301,Curriculum and Instruction,487,0.2
Frequencies,250,33340,CIPCODE,13.0401,"Educational Leadership and Administration, General",771,0.32
Frequencies,251,33340,CIPCODE,13.0402,Administration of Special Education,31,0.01
Frequencies,252,33340,CIPCODE,13.0403,Adult and Continuing Education Administration,32,0.01
Frequencies,253,33340,CIPCODE,13.0404,"Educational, Instructional, and Curriculum Supervision",101,0.04
Frequencies,254,33340,CIPCODE,13.0406,Higher Education/Higher Education Administration,229,0.1
Frequencies,255,33340,CIPCODE,13.0407,Community College Education,40,0.02
Frequencies,256,33340,CIPCODE,13.0408,Elementary and Middle School Administration/Principalship,52,0.02
Frequencies,257,33340,CIPCODE,13.0409,Secondary School Administration/Principalship,42,0.02
Frequencies,258,33340,CIPCODE,13.0410,Urban Education and Leadership,54,0.02
Frequencies,259,33340,CIPCODE,13.0411,Superintendency and Educational System Administration,81,0.03
Frequencies,260,33340,CIPCODE,13.0499,"Educational Administration and Supervision, Other",124,0.05
Frequencies,261,33340,CIPCODE,13.0501,Educational/Instructional Technology,322,0.13
Frequencies,262,33340,CIPCODE,13.0601,Educational Evaluation and Research,59,0.02
Frequencies,263,33340,CIPCODE,13.0603,Educational Statistics and Research Methods,35,0.01
Frequencies,264,33340,CIPCODE,13.0604,"Educational Assessment, Testing, and Measurement",25,0.01
Frequencies,265,33340,CIPCODE,13.0607,Learning Sciences,28,0.01
Frequencies,266,33340,CIPCODE,13.0699,"Educational Assessment, Evaluation, and Research, Other",27,0.01
Frequencies,267,33340,CIPCODE,13.0701,International and Comparative Education,27,0.01
Frequencies,268,33340,CIPCODE,13.0901,Social and Philosophical Foundations of Education,64,0.03
Frequencies,269,33340,CIPCODE,13.1001,"Special Education and Teaching, General",783,0.33
Frequencies,270,33340,CIPCODE,13.1003,Education/Teaching of Individuals with Hearing Impairments Including Deafness,51,0.02
Frequencies,271,33340,CIPCODE,13.1004,Education/Teaching of the Gifted and Talented,74,0.03
Frequencies,272,33340,CIPCODE,13.1005,Education/Teaching of Individuals with Emotional Disturbances,26,0.01
Frequencies,273,33340,CIPCODE,13.1006,Education/Teaching of Individuals with Mental Retardation,24,0.01
Frequencies,274,33340,CIPCODE,13.1007,Education/Teaching of Individuals with Multiple Disabilities,35,0.01
Frequencies,275,33340,CIPCODE,13.1008,Education/Teaching of Individuals with Orthopedic and Other Physical Health Impa,9,0
Frequencies,276,33340,CIPCODE,13.1009,Education/Teaching of Individuals with Vision Impairments Including Blindness,22,0.01
Frequencies,277,33340,CIPCODE,13.1011,Education/Teaching of Individuals with Specific Learning Disabilities,65,0.03
Frequencies,278,33340,CIPCODE,13.1012,Education/Teaching of Individuals with Speech or Language Impairments,28,0.01
Frequencies,279,33340,CIPCODE,13.1013,Education/Teaching of Individuals with Autism,104,0.04
Frequencies,280,33340,CIPCODE,13.1014,Education/Teaching of Individuals Who are Developmentally Delayed,9,0
Frequencies,281,33340,CIPCODE,13.1015,Education/Teaching of Individuals in Early Childhood Special Education Programs,180,7.0000000000000021E-2
Frequencies,282,33340,CIPCODE,13.1016,Education/Teaching of Individuals with Traumatic Brain Injuries,4,0
Frequencies,283,33340,CIPCODE,13.1017,Education/Teaching of Individuals in Elementary Special Education Programs,67,0.03
Frequencies,284,33340,CIPCODE,13.1018,Education/Teaching of Individuals in Junior High/Middle School Special Education,19,0.01
Frequencies,285,33340,CIPCODE,13.1019,Education/Teaching of Individuals in Secondary Special Education Programs,45,0.02
Frequencies,286,33340,CIPCODE,13.1099,"Special Education and Teaching, Other",123,0.05
Frequencies,287,33340,CIPCODE,13.1101,Counselor Education/School Counseling and Guidance Services,476,0.2
Frequencies,288,33340,CIPCODE,13.1102,College Student Counseling and Personnel Services,82,0.03
Frequencies,289,33340,CIPCODE,13.1199,"Student Counseling and Personnel Services, Other",27,0.01
Frequencies,290,33340,CIPCODE,13.1201,Adult and Continuing Education and Teaching,94,0.04
Frequencies,291,33340,CIPCODE,13.1202,Elementary Education and Teaching,1217,0.51
Frequencies,292,33340,CIPCODE,13.1203,Junior High/Intermediate/Middle School Education and Teaching,381,0.16
Frequencies,293,33340,CIPCODE,13.1205,Secondary Education and Teaching,678,0.28000000000000003
Frequencies,294,33340,CIPCODE,13.1206,"Teacher Education, Multiple Levels",324,0.13
Frequencies,295,33340,CIPCODE,13.1207,Montessori Teacher Education,15,0.01
Frequencies,296,33340,CIPCODE,13.1209,Kindergarten/Preschool Education and Teaching,157,7.0000000000000021E-2
Frequencies,297,33340,CIPCODE,13.1210,Early Childhood Education and Teaching,1073,0.45
Frequencies,298,33340,CIPCODE,13.1299,"Teacher Education and Professional Development, Specific Levels and Methods, Oth",273,0.11
Frequencies,299,33340,CIPCODE,13.1301,Agricultural Teacher Education,73,0.03
Frequencies,300,33340,CIPCODE,13.1302,Art Teacher Education,403,0.17
Frequencies,301,33340,CIPCODE,13.1303,Business Teacher Education,132,0.05
Frequencies,302,33340,CIPCODE,13.1304,Driver and Safety Teacher Education,7,0
Frequencies,303,33340,CIPCODE,13.1305,English/Language Arts Teacher Education,522,0.22
Frequencies,304,33340,CIPCODE,13.1306,Foreign Language Teacher Education,119,0.05
Frequencies,305,33340,CIPCODE,13.1307,Health Teacher Education,158,7.0000000000000021E-2
Frequencies,306,33340,CIPCODE,13.1308,Family and Consumer Sciences/Home Economics Teacher Education,64,0.03
Frequencies,307,33340,CIPCODE,13.1309,Technology Teacher Education/Industrial Arts Teacher Education,87,0.04
Frequencies,308,33340,CIPCODE,13.1310,Sales and Marketing Operations/Marketing and Distribution Teacher Education,8,0
Frequencies,309,33340,CIPCODE,13.1311,Mathematics Teacher Education,585,0.24
Frequencies,310,33340,CIPCODE,13.1312,Music Teacher Education,605,0.25
Frequencies,311,33340,CIPCODE,13.1314,Physical Education Teaching and Coaching,597,0.25
Frequencies,312,33340,CIPCODE,13.1315,Reading Teacher Education,396,0.16
Frequencies,313,33340,CIPCODE,13.1316,Science Teacher Education/General Science Teacher Education,364,0.15
Frequencies,314,33340,CIPCODE,13.1317,Social Science Teacher Education,135,0.06
Frequencies,315,33340,CIPCODE,13.1318,Social Studies Teacher Education,320,0.13
Frequencies,316,33340,CIPCODE,13.1319,Technical Teacher Education,61,0.03
Frequencies,317,33340,CIPCODE,13.1320,Trade and Industrial Teacher Education,62,0.03
Frequencies,318,33340,CIPCODE,13.1321,Computer Teacher Education,43,0.02
Frequencies,319,33340,CIPCODE,13.1322,Biology Teacher Education,333,0.14000000000000001
Frequencies,320,33340,CIPCODE,13.1323,Chemistry Teacher Education,230,0.1
Frequencies,321,33340,CIPCODE,13.1324,Drama and Dance Teacher Education,89,0.04
Frequencies,322,33340,CIPCODE,13.1325,French Language Teacher Education,111,0.05
Frequencies,323,33340,CIPCODE,13.1326,German Language Teacher Education,56,0.02
Frequencies,324,33340,CIPCODE,13.1327,Health Occupations Teacher Education,13,0.01
Frequencies,325,33340,CIPCODE,13.1328,History Teacher Education,210,0.09
Frequencies,326,33340,CIPCODE,13.1329,Physics Teacher Education,142,0.06
Frequencies,327,33340,CIPCODE,13.1330,Spanish Language Teacher Education,251,0.1
Frequencies,328,33340,CIPCODE,13.1331,Speech Teacher Education,50,0.02
Frequencies,329,33340,CIPCODE,13.1332,Geography Teacher Education,11,0
Frequencies,330,33340,CIPCODE,13.1333,Latin Teacher Education,17,0.01
Frequencies,331,33340,CIPCODE,13.1334,School Librarian/School Library Media Specialist,37,0.02
Frequencies,332,33340,CIPCODE,13.1335,Psychology Teacher Education,23,0.01
Frequencies,333,33340,CIPCODE,13.1337,Earth Science Teacher Education,58,0.02
Frequencies,334,33340,CIPCODE,13.1338,Environmental Education,21,0.01
Frequencies,335,33340,CIPCODE,13.1399,"Teacher Education and Professional Development, Specific Subject Areas, Other",194,0.08
Frequencies,336,33340,CIPCODE,13.1401,Teaching English as a Second or Foreign Language/ESL Language Instructor,413,0.17
Frequencies,337,33340,CIPCODE,13.1402,Teaching French as a Second or Foreign Language,2,0
Frequencies,338,33340,CIPCODE,13.1499,"Teaching English or French as a Second or Foreign Language, Other",7,0
Frequencies,339,33340,CIPCODE,13.1501,Teacher Assistant/Aide,223,0.09
Frequencies,340,33340,CIPCODE,13.1502,Adult Literacy Tutor/Instructor,6,0
Frequencies,341,33340,CIPCODE,13.1599,"Teaching Assistants/Aides, Other",1,0
Frequencies,342,33340,CIPCODE,13.9999,"Education, Other",340,0.14000000000000001
Frequencies,343,33340,CIPCODE,14,Engineering,1217,0.51
Frequencies,344,33340,CIPCODE,14.0101,"Engineering, General",493,0.21
Frequencies,345,33340,CIPCODE,14.0102,Pre-Engineering,204,0.08
Frequencies,346,33340,CIPCODE,14.0201,"Aerospace, Aeronautical and Astronautical/Space Engineering",87,0.04
Frequencies,347,33340,CIPCODE,14.0301,Agricultural Engineering,48,0.02
Frequencies,348,33340,CIPCODE,14.0401,Architectural Engineering,28,0.01
Frequencies,349,33340,CIPCODE,14.0501,Bioengineering and Biomedical Engineering,232,0.1
Frequencies,350,33340,CIPCODE,14.0601,Ceramic Sciences and Engineering,5,0
Frequencies,351,33340,CIPCODE,14.0701,Chemical Engineering,193,0.08
Frequencies,352,33340,CIPCODE,14.0702,Chemical and Biomolecular Engineering,15,0.01
Frequencies,353,33340,CIPCODE,14.0799,"Chemical Engineering, Other",2,0
Frequencies,354,33340,CIPCODE,14.0801,"Civil Engineering, General",290,0.12
Frequencies,355,33340,CIPCODE,14.0802,Geotechnical and Geoenvironmental Engineering,5,0
Frequencies,356,33340,CIPCODE,14.0803,Structural Engineering,23,0.01
Frequencies,357,33340,CIPCODE,14.0804,Transportation and Highway Engineering,21,0.01
Frequencies,358,33340,CIPCODE,14.0805,Water Resources Engineering,14,0.01
Frequencies,359,33340,CIPCODE,14.0899,"Civil Engineering, Other",19,0.01
Frequencies,360,33340,CIPCODE,14.0901,"Computer Engineering, General",307,0.13
Frequencies,361,33340,CIPCODE,14.0902,Computer Hardware Engineering,9,0
Frequencies,362,33340,CIPCODE,14.0903,Computer Software Engineering,142,0.06
Frequencies,363,33340,CIPCODE,14.0999,"Computer Engineering, Other",18,0.01
Frequencies,364,33340,CIPCODE,14.1001,Electrical and Electronics Engineering,431,0.18
Frequencies,365,33340,CIPCODE,14.1003,Laser and Optical Engineering,5,0
Frequencies,366,33340,CIPCODE,14.1004,Telecommunications Engineering,22,0.01
Frequencies,367,33340,CIPCODE,14.1099,"Electrical, Electronics and Communications Engineering, Other",23,0.01
Frequencies,368,33340,CIPCODE,14.1101,Engineering Mechanics,28,0.01
Frequencies,369,33340,CIPCODE,14.1201,Engineering Physics/Applied Physics,125,0.05
Frequencies,370,33340,CIPCODE,14.1301,Engineering Science,99,0.04
Frequencies,371,33340,CIPCODE,14.1401,Environmental/Environmental Health Engineering,151,0.06
Frequencies,372,33340,CIPCODE,14.1801,Materials Engineering,105,0.04
Frequencies,373,33340,CIPCODE,14.1901,Mechanical Engineering,409,0.17
Frequencies,374,33340,CIPCODE,14.2001,Metallurgical Engineering,14,0.01
Frequencies,375,33340,CIPCODE,14.2101,Mining and Mineral Engineering,20,0.01
Frequencies,376,33340,CIPCODE,14.2201,Naval Architecture and Marine Engineering,14,0.01
Frequencies,377,33340,CIPCODE,14.2301,Nuclear Engineering,40,0.02
Frequencies,378,33340,CIPCODE,14.2401,Ocean Engineering,16,0.01
Frequencies,379,33340,CIPCODE,14.2501,Petroleum Engineering,30,0.01
Frequencies,380,33340,CIPCODE,14.2701,Systems Engineering,109,0.05
Frequencies,381,33340,CIPCODE,14.2801,Textile Sciences and Engineering,4,0
Frequencies,382,33340,CIPCODE,14.3201,Polymer/Plastics Engineering,18,0.01
Frequencies,383,33340,CIPCODE,14.3301,Construction Engineering,39,0.02
Frequencies,384,33340,CIPCODE,14.3401,Forest Engineering,3,0
Frequencies,385,33340,CIPCODE,14.3501,Industrial Engineering,147,0.06
Frequencies,386,33340,CIPCODE,14.3601,Manufacturing Engineering,81,0.03
Frequencies,387,33340,CIPCODE,14.3701,Operations Research,40,0.02
Frequencies,388,33340,CIPCODE,14.3801,Surveying Engineering,22,0.01
Frequencies,389,33340,CIPCODE,14.3901,Geological/Geophysical Engineering,22,0.01
Frequencies,390,33340,CIPCODE,14.4001,Paper Science and Engineering,3,0
Frequencies,391,33340,CIPCODE,14.4101,Electromechanical Engineering,5,0
Frequencies,392,33340,CIPCODE,14.4201,"Mechatronics, Robotics, and Automation Engineering",63,0.03
Frequencies,393,33340,CIPCODE,14.4301,Biochemical Engineering,6,0
Frequencies,394,33340,CIPCODE,14.4401,Engineering Chemistry,3,0
Frequencies,395,33340,CIPCODE,14.4501,Biological/Biosystems Engineering,16,0.01
Frequencies,396,33340,CIPCODE,14.9999,"Engineering, Other",147,0.06
Frequencies,397,33340,CIPCODE,15,Engineering Technologies and Engineering-related Fields,1621,0.67
Frequencies,398,33340,CIPCODE,15.0000,"Engineering Technology, General",230,0.1
Frequencies,399,33340,CIPCODE,15.0101,Architectural Engineering Technology/Technician,105,0.04
Frequencies,400,33340,CIPCODE,15.0201,Civil Engineering Technology/Technician,167,7.0000000000000021E-2
Frequencies,401,33340,CIPCODE,15.0303,"Electrical, Electronic and Communications Engineering Technology/Technician",514,0.21
Frequencies,402,33340,CIPCODE,15.0304,Laser and Optical Technology/Technician,27,0.01
Frequencies,403,33340,CIPCODE,15.0305,Telecommunications Technology/Technician,50,0.02
Frequencies,404,33340,CIPCODE,15.0306,Integrated Circuit Design,2,0
Frequencies,405,33340,CIPCODE,15.0399,"Electrical and Electronic Engineering Technologies/Technicians, Other",104,0.04
Frequencies,406,33340,CIPCODE,15.0401,Biomedical Technology/Technician,116,0.05
Frequencies,407,33340,CIPCODE,15.0403,Electromechanical Technology/Electromechanical Engineering Technology,148,0.06
Frequencies,408,33340,CIPCODE,15.0404,Instrumentation Technology/Technician,86,0.04
Frequencies,409,33340,CIPCODE,15.0405,Robotics Technology/Technician,60,0.02
Frequencies,410,33340,CIPCODE,15.0406,Automation Engineer Technology/Technician,78,0.03
Frequencies,411,33340,CIPCODE,15.0499,"Electromechanical and Instrumentation and Maintenance Technologies/Technicians,",116,0.05
Frequencies,412,33340,CIPCODE,15.0501,"Heating, Ventilation, Air Conditioning and Refrigeration Engineering Technology/",162,7.0000000000000021E-2
Frequencies,413,33340,CIPCODE,15.0503,Energy Management and Systems Technology/Technician,199,0.08
Frequencies,414,33340,CIPCODE,15.0505,Solar Energy Technology/Technician,65,0.03
Frequencies,415,33340,CIPCODE,15.0506,Water Quality and Wastewater Treatment Management and Recycling Technology/Techn,86,0.04
Frequencies,416,33340,CIPCODE,15.0507,Environmental Engineering Technology/Environmental Technology,69,0.03
Frequencies,417,33340,CIPCODE,15.0508,Hazardous Materials Management and Waste Technology/Technician,33,0.01
Frequencies,418,33340,CIPCODE,15.0599,"Environmental Control Technologies/Technicians, Other",40,0.02
Frequencies,419,33340,CIPCODE,15.0607,Plastics and Polymer Engineering Technology/Technician,39,0.02
Frequencies,420,33340,CIPCODE,15.0611,Metallurgical Technology/Technician,7,0
Frequencies,421,33340,CIPCODE,15.0612,Industrial Technology/Technician,229,0.1
Frequencies,422,33340,CIPCODE,15.0613,Manufacturing Engineering Technology/Technician,362,0.15
Frequencies,423,33340,CIPCODE,15.0614,Welding Engineering Technology/Technician,25,0.01
Frequencies,424,33340,CIPCODE,15.0615,Chemical Engineering Technology/Technician,6,0
Frequencies,425,33340,CIPCODE,15.0616,Semiconductor Manufacturing Technology,3,0
Frequencies,426,33340,CIPCODE,15.0699,"Industrial Production Technologies/Technicians, Other",115,0.05
Frequencies,427,33340,CIPCODE,15.0701,Occupational Safety and Health Technology/Technician,73,0.03
Frequencies,428,33340,CIPCODE,15.0702,Quality Control Technology/Technician,78,0.03
Frequencies,429,33340,CIPCODE,15.0703,Industrial Safety Technology/Technician,22,0.01
Frequencies,430,33340,CIPCODE,15.0704,Hazardous Materials Information Systems Technology/Technician,2,0
Frequencies,431,33340,CIPCODE,15.0799,"Quality Control and Safety Technologies/Technicians, Other",21,0.01
Frequencies,432,33340,CIPCODE,15.0801,Aeronautical/Aerospace Engineering Technology/Technician,40,0.02
Frequencies,433,33340,CIPCODE,15.0803,Automotive Engineering Technology/Technician,63,0.03
Frequencies,434,33340,CIPCODE,15.0805,Mechanical Engineering/Mechanical Technology/Technician,245,0.1
Frequencies,435,33340,CIPCODE,15.0899,"Mechanical Engineering Related Technologies/Technicians, Other",37,0.02
Frequencies,436,33340,CIPCODE,15.0901,Mining Technology/Technician,12,0
Frequencies,437,33340,CIPCODE,15.0903,Petroleum Technology/Technician,42,0.02
Frequencies,438,33340,CIPCODE,15.0999,"Mining and Petroleum Technologies/Technicians, Other",2,0
Frequencies,439,33340,CIPCODE,15.1001,Construction Engineering Technology/Technician,160,7.0000000000000021E-2
Frequencies,440,33340,CIPCODE,15.1102,Surveying Technology/Surveying,112,0.05
Frequencies,441,33340,CIPCODE,15.1103,Hydraulics and Fluid Power Technology/Technician,14,0.01
Frequencies,442,33340,CIPCODE,15.1199,"Engineering-Related Technologies, Other",9,0
Frequencies,443,33340,CIPCODE,15.1201,Computer Engineering Technology/Technician,145,0.06
Frequencies,444,33340,CIPCODE,15.1202,Computer Technology/Computer Systems Technology,152,0.06
Frequencies,445,33340,CIPCODE,15.1203,Computer Hardware Technology/Technician,11,0
Frequencies,446,33340,CIPCODE,15.1204,Computer Software Technology/Technician,25,0.01
Frequencies,447,33340,CIPCODE,15.1299,"Computer Engineering Technologies/Technicians, Other",11,0
Frequencies,448,33340,CIPCODE,15.1301,"Drafting and Design Technology/Technician, General",344,0.14000000000000001
Frequencies,449,33340,CIPCODE,15.1302,CAD/CADD Drafting and/or Design Technology/Technician,238,0.1
Frequencies,450,33340,CIPCODE,15.1303,Architectural Drafting and Architectural CAD/CADD,155,0.06
Frequencies,451,33340,CIPCODE,15.1304,Civil Drafting and Civil Engineering CAD/CADD,30,0.01
Frequencies,452,33340,CIPCODE,15.1305,Electrical/Electronics Drafting and Electrical/Electronics CAD/CADD,14,0.01
Frequencies,453,33340,CIPCODE,15.1306,Mechanical Drafting and Mechanical Drafting CAD/CADD,161,7.0000000000000021E-2
Frequencies,454,33340,CIPCODE,15.1399,"Drafting/Design Engineering Technologies/Technicians, Other",21,0.01
Frequencies,455,33340,CIPCODE,15.1401,Nuclear Engineering Technology/Technician,15,0.01
Frequencies,456,33340,CIPCODE,15.1501,Engineering/Industrial Management,181,0.08
Frequencies,457,33340,CIPCODE,15.1502,Engineering Design,7,0
Frequencies,458,33340,CIPCODE,15.1503,Packaging Science,12,0
Frequencies,459,33340,CIPCODE,15.1599,"Engineering-Related Fields, Other",13,0.01
Frequencies,460,33340,CIPCODE,15.1601,Nanotechnology,38,0.02
Frequencies,461,33340,CIPCODE,15.9999,"Engineering Technologies and Engineering-Related Fields, Other",164,7.0000000000000021E-2
Frequencies,462,33340,CIPCODE,16,"Foreign Languages, Literatures, and Linguistics",1326,0.55000000000000004
Frequencies,463,33340,CIPCODE,16.0101,"Foreign Languages and Literatures, General",288,0.12
Frequencies,464,33340,CIPCODE,16.0102,Linguistics,177,7.0000000000000021E-2
Frequencies,465,33340,CIPCODE,16.0103,Language Interpretation and Translation,95,0.04
Frequencies,466,33340,CIPCODE,16.0104,Comparative Literature,105,0.04
Frequencies,467,33340,CIPCODE,16.0105,Applied Linguistics,19,0.01
Frequencies,468,33340,CIPCODE,16.0199,"Linguistic, Comparative, and Related Language Studies and Services, Other",31,0.01
Frequencies,469,33340,CIPCODE,16.0201,"African Languages, Literatures, and Linguistics",3,0
Frequencies,470,33340,CIPCODE,16.0300,"East Asian Languages, Literatures, and Linguistics, General",25,0.01
Frequencies,471,33340,CIPCODE,16.0301,Chinese Language and Literature,134,0.06
Frequencies,472,33340,CIPCODE,16.0302,Japanese Language and Literature,123,0.05
Frequencies,473,33340,CIPCODE,16.0303,Korean Language and Literature,14,0.01
Frequencies,474,33340,CIPCODE,16.0399,"East Asian Languages, Literatures, and Linguistics, Other",12,0
Frequencies,475,33340,CIPCODE,16.0400,"Slavic Languages, Literatures, and Linguistics, General",24,0.01
Frequencies,476,33340,CIPCODE,16.0402,Russian Language and Literature,139,0.06
Frequencies,477,33340,CIPCODE,16.0407,Polish Language and Literature,6,0
Frequencies,478,33340,CIPCODE,16.0408,"Bosnian, Serbian, and Croatian Languages and Literatures",2,0
Frequencies,479,33340,CIPCODE,16.0500,"Germanic Languages, Literatures, and Linguistics, General",24,0.01
Frequencies,480,33340,CIPCODE,16.0501,German Language and Literature,379,0.16
Frequencies,481,33340,CIPCODE,16.0502,"Scandinavian Languages, Literatures, and Linguistics",10,0
Frequencies,482,33340,CIPCODE,16.0503,Danish Language and Literature,1,0
Frequencies,483,33340,CIPCODE,16.0504,Dutch/Flemish Language and Literature,3,0
Frequencies,484,33340,CIPCODE,16.0505,Norwegian Language and Literature,5,0
Frequencies,485,33340,CIPCODE,16.0506,Swedish Language and Literature,2,0
Frequencies,486,33340,CIPCODE,16.0599,"Germanic Languages, Literatures, and Linguistics, Other",4,0
Frequencies,487,33340,CIPCODE,16.0601,Modern Greek Language and Literature,4,0
Frequencies,488,33340,CIPCODE,16.0700,"South Asian Languages, Literatures, and Linguistics, General",2,0
Frequencies,489,33340,CIPCODE,16.0701,Hindi Language and Literature,1,0
Frequencies,490,33340,CIPCODE,16.0702,"Sanskrit and Classical Indian Languages, Literatures, and Linguistics",2,0
Frequencies,491,33340,CIPCODE,16.0801,"Iranian Languages, Literatures, and Linguistics",4,0
Frequencies,492,33340,CIPCODE,16.0900,"Romance Languages, Literatures, and Linguistics, General",46,0.02
Frequencies,493,33340,CIPCODE,16.0901,French Language and Literature,603,0.25
Frequencies,494,33340,CIPCODE,16.0902,Italian Language and Literature,130,0.05
Frequencies,495,33340,CIPCODE,16.0904,Portuguese Language and Literature,34,0.01
Frequencies,496,33340,CIPCODE,16.0905,Spanish Language and Literature,986,0.41
Frequencies,497,33340,CIPCODE,16.0908,"Hispanic and Latin American Languages, Literatures, and Linguistics, General",27,0.01
Frequencies,498,33340,CIPCODE,16.0999,"Romance Languages, Literatures, and Linguistics, Other",21,0.01
Frequencies,499,33340,CIPCODE,16.1001,"American Indian/Native American Languages, Literatures, and Linguistics",21,0.01
Frequencies,500,33340,CIPCODE,16.1100,"Middle/Near Eastern and Semitic Languages, Literatures, and Linguistics, General",7,0
Frequencies,501,33340,CIPCODE,16.1101,Arabic Language and Literature,52,0.02
Frequencies,502,33340,CIPCODE,16.1102,Hebrew Language and Literature,25,0.01
Frequencies,503,33340,CIPCODE,16.1103,"Ancient Near Eastern and Biblical Languages, Literatures, and Linguistics",32,0.01
Frequencies,504,33340,CIPCODE,16.1199,"Middle/Near Eastern and Semitic Languages, Literatures, and Linguistics, Other",11,0
Frequencies,505,33340,CIPCODE,16.1200,"Classics and Classical Languages, Literatures, and Linguistics, General",254,0.11
Frequencies,506,33340,CIPCODE,16.1202,Ancient/Classical Greek Language and Literature,60,0.02
Frequencies,507,33340,CIPCODE,16.1203,Latin Language and Literature,96,0.04
Frequencies,508,33340,CIPCODE,16.1299,"Classics and Classical Languages, Literatures, and Linguistics, Other",36,0.01
Frequencies,509,33340,CIPCODE,16.1301,"Celtic Languages, Literatures, and Linguistics",3,0
Frequencies,510,33340,CIPCODE,16.1401,"Australian/Oceanic/Pacific Languages, Literatures, and Linguistics",1,0
Frequencies,511,33340,CIPCODE,16.1402,Indonesian/Malay Languages and Literatures,1,0
Frequencies,512,33340,CIPCODE,16.1404,Filipino/Tagalog Language and Literature,3,0
Frequencies,513,33340,CIPCODE,16.1408,Vietnamese Language and Literature,2,0
Frequencies,514,33340,CIPCODE,16.1499,"Southeast Asian and Australasian/Pacific Languages, Literatures, and Linguistics",1,0
Frequencies,515,33340,CIPCODE,16.1501,Turkish Language and Literature,3,0
Frequencies,516,33340,CIPCODE,16.1502,"Uralic Languages, Literatures, and Linguistics",1,0
Frequencies,517,33340,CIPCODE,16.1601,American Sign Language (ASL),82,0.03
Frequencies,518,33340,CIPCODE,16.1602,Linguistics of ASL and Other Sign Languages,2,0
Frequencies,519,33340,CIPCODE,16.1603,Sign Language Interpretation and Translation,159,7.0000000000000021E-2
Frequencies,520,33340,CIPCODE,16.1699,"American Sign Language, Other",4,0
Frequencies,521,33340,CIPCODE,16.9999,"Foreign Languages, Literatures, and Linguistics, Other",69,0.03
Frequencies,522,33340,CIPCODE,19,Family and Consumer Sciences/Human Sciences,1237,0.51
Frequencies,523,33340,CIPCODE,19.0000,Work and Family Studies,2,0
Frequencies,524,33340,CIPCODE,19.0101,"Family and Consumer Sciences/Human Sciences, General",124,0.05
Frequencies,525,33340,CIPCODE,19.0201,Business Family and Consumer Sciences/Human Sciences,5,0
Frequencies,526,33340,CIPCODE,19.0202,Family and Consumer Sciences/Human Sciences Communication,2,0
Frequencies,527,33340,CIPCODE,19.0203,Consumer Merchandising/Retailing Management,21,0.01
Frequencies,528,33340,CIPCODE,19.0299,"Family and Consumer Sciences/Human Sciences Business Services, Other",1,0
Frequencies,529,33340,CIPCODE,19.0401,"Family Resource Management Studies, General",27,0.01
Frequencies,530,33340,CIPCODE,19.0402,Consumer Economics,11,0
Frequencies,531,33340,CIPCODE,19.0403,Consumer Services and Advocacy,5,0
Frequencies,532,33340,CIPCODE,19.0499,"Family and Consumer Economics and Related Services, Other",6,0
Frequencies,533,33340,CIPCODE,19.0501,"Foods, Nutrition, and Wellness Studies, General",155,0.06
Frequencies,534,33340,CIPCODE,19.0504,Human Nutrition,56,0.02
Frequencies,535,33340,CIPCODE,19.0505,Foodservice Systems Administration/Management,79,0.03
Frequencies,536,33340,CIPCODE,19.0599,"Foods, Nutrition, and Related Services, Other",16,0.01
Frequencies,537,33340,CIPCODE,19.0601,"Housing and Human Environments, General",20,0.01
Frequencies,538,33340,CIPCODE,19.0604,Facilities Planning and Management,13,0.01
Frequencies,539,33340,CIPCODE,19.0699,"Housing and Human Environments, Other",9,0
Frequencies,540,33340,CIPCODE,19.0701,"Human Development and Family Studies, General",194,0.08
Frequencies,541,33340,CIPCODE,19.0702,Adult Development and Aging,77,0.03
Frequencies,542,33340,CIPCODE,19.0704,Family Systems,36,0.01
Frequencies,543,33340,CIPCODE,19.0706,Child Development,266,0.11
Frequencies,544,33340,CIPCODE,19.0707,Family and Community Services,73,0.03
Frequencies,545,33340,CIPCODE,19.0708,Child Care and Support Services Management,306,0.13
Frequencies,546,33340,CIPCODE,19.0709,Child Care Provider/Assistant,471,0.2
Frequencies,547,33340,CIPCODE,19.0710,Developmental Services Worker,10,0
Frequencies,548,33340,CIPCODE,19.0799,"Human Development, Family Studies, and Related Services, Other",42,0.02
Frequencies,549,33340,CIPCODE,19.0901,"Apparel and Textiles, General",83,0.03
Frequencies,550,33340,CIPCODE,19.0902,Apparel and Textile Manufacture,28,0.01
Frequencies,551,33340,CIPCODE,19.0904,Textile Science,2,0
Frequencies,552,33340,CIPCODE,19.0905,Apparel and Textile Marketing Management,50,0.02
Frequencies,553,33340,CIPCODE,19.0906,Fashion and Fabric Consultant,3,0
Frequencies,554,33340,CIPCODE,19.0999,"Apparel and Textiles, Other",3,0
Frequencies,555,33340,CIPCODE,19.9999,"Family and Consumer Sciences/Human Sciences, Other",15,0.01
Frequencies,556,33340,CIPCODE,22,Legal Professions and Studies,1056,0.44
Frequencies,557,33340,CIPCODE,22.0000,"Legal Studies, General",141,0.06
Frequencies,558,33340,CIPCODE,22.0001,Pre-Law Studies,104,0.04
Frequencies,559,33340,CIPCODE,22.0101,Law,217,0.09
Frequencies,560,33340,CIPCODE,22.0201,"Advanced Legal Research/Studies, General",76,0.03
Frequencies,561,33340,CIPCODE,22.0202,Programs for Foreign Lawyers,57,0.02
Frequencies,562,33340,CIPCODE,22.0203,American/U.S. Law/Legal Studies/Jurisprudence,50,0.02
Frequencies,563,33340,CIPCODE,22.0205,"Banking, Corporate, Finance, and Securities Law",28,0.01
Frequencies,564,33340,CIPCODE,22.0206,Comparative Law,9,0
Frequencies,565,33340,CIPCODE,22.0207,"Energy, Environment, and Natural Resources Law",28,0.01
Frequencies,566,33340,CIPCODE,22.0208,Health Law,23,0.01
Frequencies,567,33340,CIPCODE,22.0209,International Law and Legal Studies,31,0.01
Frequencies,568,33340,CIPCODE,22.0210,"International Business, Trade, and Tax Law",16,0.01
Frequencies,569,33340,CIPCODE,22.0211,Tax Law/Taxation,33,0.01
Frequencies,570,33340,CIPCODE,22.0212,Intellectual Property Law,20,0.01
Frequencies,571,33340,CIPCODE,22.0299,"Legal Research and Advanced Professional Studies, Other",56,0.02
Frequencies,572,33340,CIPCODE,22.0301,Legal Administrative Assistant/Secretary,159,7.0000000000000021E-2
Frequencies,573,33340,CIPCODE,22.0302,Legal Assistant/Paralegal,606,0.25
Frequencies,574,33340,CIPCODE,22.0303,Court Reporting/Court Reporter,51,0.02
Frequencies,575,33340,CIPCODE,22.0399,"Legal Support Services, Other",11,0
Frequencies,576,33340,CIPCODE,22.9999,"Legal Professions and Studies, Other",109,0.05
Frequencies,577,33340,CIPCODE,23,English Language and Literature/Letters,1732,0.72
Frequencies,578,33340,CIPCODE,23.0101,"English Language and Literature, General",1550,0.64
Frequencies,579,33340,CIPCODE,23.1301,"Writing, General",132,0.05
Frequencies,580,33340,CIPCODE,23.1302,Creative Writing,462,0.19
Frequencies,581,33340,CIPCODE,23.1303,"Professional, Technical, Business, and Scientific Writing",201,0.08
Frequencies,582,33340,CIPCODE,23.1304,Rhetoric and Composition,147,0.06
Frequencies,583,33340,CIPCODE,23.1399,"Rhetoric and Composition/Writing Studies, Other",23,0.01
Frequencies,584,33340,CIPCODE,23.1401,General Literature,77,0.03
Frequencies,585,33340,CIPCODE,23.1402,American Literature (United States,10,0
Frequencies,586,33340,CIPCODE,23.1404,English Literature (British and Commonwealth,18,0.01
Frequencies,587,33340,CIPCODE,23.1405,Children's and Adolescent Literature,10,0
Frequencies,588,33340,CIPCODE,23.1499,"Literature, Other",9,0
Frequencies,589,33340,CIPCODE,23.9999,"English Language and Literature/Letters, Other",96,0.04
Frequencies,590,33340,CIPCODE,24,"Liberal Arts and Sciences, General Studies and Humanities",2239,0.93
Frequencies,591,33340,CIPCODE,24.0101,Liberal Arts and Sciences/Liberal Studies,1624,0.68
Frequencies,592,33340,CIPCODE,24.0102,General Studies,1027,0.43
Frequencies,593,33340,CIPCODE,24.0103,Humanities/Humanistic Studies,478,0.2
Frequencies,594,33340,CIPCODE,24.0199,"Liberal Arts and Sciences, General Studies and Humanities, Other",470,0.2
Frequencies,595,33340,CIPCODE,25,Library Science,136,0.06
Frequencies,596,33340,CIPCODE,25.0101,Library and Information Science,83,0.03
Frequencies,597,33340,CIPCODE,25.0102,Children and Youth Library Services,6,0
Frequencies,598,33340,CIPCODE,25.0103,Archives/Archival Administration,16,0.01
Frequencies,599,33340,CIPCODE,25.0199,"Library Science and Administration, Other",1,0
Frequencies,600,33340,CIPCODE,25.0301,Library and Archives Assisting,43,0.02
Frequencies,601,33340,CIPCODE,25.9999,"Library Science, Other",21,0.01
Frequencies,602,33340,CIPCODE,26,Biological and Biomedical Sciences,1878,0.78
Frequencies,603,33340,CIPCODE,26.0101,"Biology/Biological Sciences, General",1697,0.71
Frequencies,604,33340,CIPCODE,26.0102,"Biomedical Sciences, General",259,0.11
Frequencies,605,33340,CIPCODE,26.0202,Biochemistry,611,0.25
Frequencies,606,33340,CIPCODE,26.0203,Biophysics,81,0.03
Frequencies,607,33340,CIPCODE,26.0204,Molecular Biology,103,0.04
Frequencies,608,33340,CIPCODE,26.0205,Molecular Biochemistry,22,0.01
Frequencies,609,33340,CIPCODE,26.0206,Molecular Biophysics,5,0
Frequencies,610,33340,CIPCODE,26.0207,Structural Biology,6,0
Frequencies,611,33340,CIPCODE,26.0209,Radiation Biology/Radiobiology,6,0
Frequencies,612,33340,CIPCODE,26.0210,Biochemistry and Molecular Biology,102,0.04
Frequencies,613,33340,CIPCODE,26.0299,"Biochemistry, Biophysics and Molecular Biology, Other",24,0.01
Frequencies,614,33340,CIPCODE,26.0301,Botany/Plant Biology,59,0.02
Frequencies,615,33340,CIPCODE,26.0305,Plant Pathology/Phytopathology,26,0.01
Frequencies,616,33340,CIPCODE,26.0307,Plant Physiology,6,0
Frequencies,617,33340,CIPCODE,26.0308,Plant Molecular Biology,4,0
Frequencies,618,33340,CIPCODE,26.0399,"Botany/Plant Biology, Other",7,0
Frequencies,619,33340,CIPCODE,26.0401,Cell/Cellular Biology and Histology,37,0.02
Frequencies,620,33340,CIPCODE,26.0403,Anatomy,47,0.02
Frequencies,621,33340,CIPCODE,26.0404,Developmental Biology and Embryology,11,0
Frequencies,622,33340,CIPCODE,26.0406,Cell/Cellular and Molecular Biology,117,0.05
Frequencies,623,33340,CIPCODE,26.0407,Cell Biology and Anatomy,20,0.01
Frequencies,624,33340,CIPCODE,26.0499,"Cell/Cellular Biology and Anatomical Sciences, Other",27,0.01
Frequencies,625,33340,CIPCODE,26.0502,"Microbiology, General",121,0.05
Frequencies,626,33340,CIPCODE,26.0503,Medical Microbiology and Bacteriology,53,0.02
Frequencies,627,33340,CIPCODE,26.0504,Virology,4,0
Frequencies,628,33340,CIPCODE,26.0505,Parasitology,2,0
Frequencies,629,33340,CIPCODE,26.0507,Immunology,35,0.01
Frequencies,630,33340,CIPCODE,26.0508,Microbiology and Immunology,34,0.01
Frequencies,631,33340,CIPCODE,26.0599,"Microbiological Sciences and Immunology, Other",20,0.01
Frequencies,632,33340,CIPCODE,26.0701,Zoology/Animal Biology,62,0.03
Frequencies,633,33340,CIPCODE,26.0702,Entomology,38,0.02
Frequencies,634,33340,CIPCODE,26.0707,Animal Physiology,18,0.01
Frequencies,635,33340,CIPCODE,26.0708,Animal Behavior and Ethology,13,0.01
Frequencies,636,33340,CIPCODE,26.0709,Wildlife Biology,32,0.01
Frequencies,637,33340,CIPCODE,26.0799,"Zoology/Animal Biology, Other",4,0
Frequencies,638,33340,CIPCODE,26.0801,"Genetics, General",41,0.02
Frequencies,639,33340,CIPCODE,26.0802,Molecular Genetics,22,0.01
Frequencies,640,33340,CIPCODE,26.0804,Animal Genetics,9,0
Frequencies,641,33340,CIPCODE,26.0805,Plant Genetics,3,0
Frequencies,642,33340,CIPCODE,26.0806,Human/Medical Genetics,36,0.01
Frequencies,643,33340,CIPCODE,26.0807,Genome Sciences/Genomics,21,0.01
Frequencies,644,33340,CIPCODE,26.0899,"Genetics, Other",5,0
Frequencies,645,33340,CIPCODE,26.0901,"Physiology, General",79,0.03
Frequencies,646,33340,CIPCODE,26.0902,Molecular Physiology,9,0
Frequencies,647,33340,CIPCODE,26.0903,Cell Physiology,9,0
Frequencies,648,33340,CIPCODE,26.0904,Endocrinology,2,0
Frequencies,649,33340,CIPCODE,26.0905,Reproductive Biology,5,0
Frequencies,650,33340,CIPCODE,26.0907,Cardiovascular Science,7,0
Frequencies,651,33340,CIPCODE,26.0908,Exercise Physiology,108,0.04
Frequencies,652,33340,CIPCODE,26.0909,Vision Science/Physiological Optics,11,0
Frequencies,653,33340,CIPCODE,26.0910,Pathology/Experimental Pathology,56,0.02
Frequencies,654,33340,CIPCODE,26.0911,Oncology and Cancer Biology,26,0.01
Frequencies,655,33340,CIPCODE,26.0912,Aerospace Physiology and Medicine,1,0
Frequencies,656,33340,CIPCODE,26.0999,"Physiology, Pathology, and Related Sciences, Other",16,0.01
Frequencies,657,33340,CIPCODE,26.1001,Pharmacology,76,0.03
Frequencies,658,33340,CIPCODE,26.1002,Molecular Pharmacology,15,0.01
Frequencies,659,33340,CIPCODE,26.1003,Neuropharmacology,1,0
Frequencies,660,33340,CIPCODE,26.1004,Toxicology,42,0.02
Frequencies,661,33340,CIPCODE,26.1005,Molecular Toxicology,4,0
Frequencies,662,33340,CIPCODE,26.1006,Environmental Toxicology,16,0.01
Frequencies,663,33340,CIPCODE,26.1007,Pharmacology and Toxicology,21,0.01
Frequencies,664,33340,CIPCODE,26.1099,"Pharmacology and Toxicology, Other",6,0
Frequencies,665,33340,CIPCODE,26.1101,Biometry/Biometrics,15,0.01
Frequencies,666,33340,CIPCODE,26.1102,Biostatistics,85,0.04
Frequencies,667,33340,CIPCODE,26.1103,Bioinformatics,113,0.05
Frequencies,668,33340,CIPCODE,26.1104,Computational Biology,23,0.01
Frequencies,669,33340,CIPCODE,26.1199,"Biomathematics, Bioinformatics, and Computational Biology, Other",27,0.01
Frequencies,670,33340,CIPCODE,26.1201,Biotechnology,243,0.1
Frequencies,671,33340,CIPCODE,26.1301,Ecology,94,0.04
Frequencies,672,33340,CIPCODE,26.1302,Marine Biology and Biological Oceanography,96,0.04
Frequencies,673,33340,CIPCODE,26.1303,Evolutionary Biology,14,0.01
Frequencies,674,33340,CIPCODE,26.1304,Aquatic Biology/Limnology,13,0.01
Frequencies,675,33340,CIPCODE,26.1305,Environmental Biology,71,0.03
Frequencies,676,33340,CIPCODE,26.1306,Population Biology,3,0
Frequencies,677,33340,CIPCODE,26.1307,Conservation Biology,43,0.02
Frequencies,678,33340,CIPCODE,26.1308,Systematic Biology/Biological Systematics,2,0
Frequencies,679,33340,CIPCODE,26.1309,Epidemiology,82,0.03
Frequencies,680,33340,CIPCODE,26.1310,Ecology and Evolutionary Biology,31,0.01
Frequencies,681,33340,CIPCODE,26.1399,"Ecology, Evolution, Systematics and Population Biology, Other",16,0.01
Frequencies,682,33340,CIPCODE,26.1401,Molecular Medicine,15,0.01
Frequencies,683,33340,CIPCODE,26.1501,Neuroscience,312,0.13
Frequencies,684,33340,CIPCODE,26.1503,Neurobiology and Anatomy,27,0.01
Frequencies,685,33340,CIPCODE,26.1504,Neurobiology and Behavior,8,0
Frequencies,686,33340,CIPCODE,26.1599,"Neurobiology and Neurosciences, Other",11,0
Frequencies,687,33340,CIPCODE,26.9999,"Biological and Biomedical Sciences, Other",166,7.0000000000000021E-2
Frequencies,688,33340,CIPCODE,27,Mathematics and Statistics,1567,0.65
Frequencies,689,33340,CIPCODE,27.0101,"Mathematics, General",1504,0.63
Frequencies,690,33340,CIPCODE,27.0103,Analysis and Functional Analysis,4,0
Frequencies,691,33340,CIPCODE,27.0105,Topology and Foundations,2,0
Frequencies,692,33340,CIPCODE,27.0199,"Mathematics, Other",47,0.02
Frequencies,693,33340,CIPCODE,27.0301,"Applied Mathematics, General",259,0.11
Frequencies,694,33340,CIPCODE,27.0303,Computational Mathematics,39,0.02
Frequencies,695,33340,CIPCODE,27.0304,Computational and Applied Mathematics,40,0.02
Frequencies,696,33340,CIPCODE,27.0305,Financial Mathematics,101,0.04
Frequencies,697,33340,CIPCODE,27.0306,Mathematical Biology,6,0
Frequencies,698,33340,CIPCODE,27.0399,"Applied Mathematics, Other",27,0.01
Frequencies,699,33340,CIPCODE,27.0501,"Statistics, General",205,0.09
Frequencies,700,33340,CIPCODE,27.0502,Mathematical Statistics and Probability,20,0.01
Frequencies,701,33340,CIPCODE,27.0503,Mathematics and Statistics,38,0.02
Frequencies,702,33340,CIPCODE,27.0599,"Statistics, Other",36,0.01
Frequencies,703,33340,CIPCODE,27.9999,"Mathematics and Statistics, Other",52,0.02
Frequencies,704,33340,CIPCODE,29,Military Technologies and Applied Sciences,64,0.03
Frequencies,705,33340,CIPCODE,29.0201,"Intelligence, General",15,0.01
Frequencies,706,33340,CIPCODE,29.0202,Strategic Intelligence,5,0
Frequencies,707,33340,CIPCODE,29.0203,Signal/Geospatial Intelligence,6,0
Frequencies,708,33340,CIPCODE,29.0204,"Command & Control (C3, C4I Systems and Operations)",2,0
Frequencies,709,33340,CIPCODE,29.0205,Information Operations/Joint Information Operations,1,0
Frequencies,710,33340,CIPCODE,29.0206,Information/Psychological Warfare and Military Media Relations,1,0
Frequencies,711,33340,CIPCODE,29.0207,Cyber/Electronic Operations and Warfare,24,0.01
Frequencies,712,33340,CIPCODE,29.0299,"Intelligence, Command Control and Information Operations, Other",1,0
Frequencies,713,33340,CIPCODE,29.0301,Combat Systems Engineering,1,0
Frequencies,714,33340,CIPCODE,29.0303,Engineering Acoustics,1,0
Frequencies,715,33340,CIPCODE,29.0305,Space Systems Operations,3,0
Frequencies,716,33340,CIPCODE,29.0306,Operational Oceanography,1,0
Frequencies,717,33340,CIPCODE,29.0307,Undersea Warfare,1,0
Frequencies,718,33340,CIPCODE,29.0399,"Military Applied Sciences, Other",6,0
Frequencies,719,33340,CIPCODE,29.0401,Aerospace Ground Equipment Technology,1,0
Frequencies,720,33340,CIPCODE,29.0402,Air and Space Operations Technology,4,0
Frequencies,721,33340,CIPCODE,29.0404,Explosive Ordinance/Bomb Disposal,1,0
Frequencies,722,33340,CIPCODE,29.0405,"Joint Command/Task Force (C3, C4I Systems)",1,0
Frequencies,723,33340,CIPCODE,29.0499,"Military Systems and Maintenance Technology, Other",2,0
Frequencies,724,33340,CIPCODE,29.9999,"Military Technologies and Applied Sciences, Other",9,0
Frequencies,725,33340,CIPCODE,30,Multi/Interdisciplinary Studies,1800,0.75
Frequencies,726,33340,CIPCODE,30.0000,"Multi-/Interdisciplinary Studies, General",291,0.12
Frequencies,727,33340,CIPCODE,30.0101,Biological and Physical Sciences,377,0.16
Frequencies,728,33340,CIPCODE,30.0501,Peace Studies and Conflict Resolution,98,0.04
Frequencies,729,33340,CIPCODE,30.0601,Systems Science and Theory,46,0.02
Frequencies,730,33340,CIPCODE,30.0801,Mathematics and Computer Science,89,0.04
Frequencies,731,33340,CIPCODE,30.1001,Biopsychology,28,0.01
Frequencies,732,33340,CIPCODE,30.1101,Gerontology,200,0.08
Frequencies,733,33340,CIPCODE,30.1201,Historic Preservation and Conservation,53,0.02
Frequencies,734,33340,CIPCODE,30.1202,Cultural Resource Management and Policy Analysis,18,0.01
Frequencies,735,33340,CIPCODE,30.1299,"Historic Preservation and Conservation, Other",8,0
Frequencies,736,33340,CIPCODE,30.1301,Medieval and Renaissance Studies,58,0.02
Frequencies,737,33340,CIPCODE,30.1401,Museology/Museum Studies,87,0.04
Frequencies,738,33340,CIPCODE,30.1501,"Science, Technology and Society",66,0.03
Frequencies,739,33340,CIPCODE,30.1601,Accounting and Computer Science,14,0.01
Frequencies,740,33340,CIPCODE,30.1701,Behavioral Sciences,115,0.05
Frequencies,741,33340,CIPCODE,30.1801,Natural Sciences,142,0.06
Frequencies,742,33340,CIPCODE,30.1901,Nutrition Sciences,129,0.05
Frequencies,743,33340,CIPCODE,30.2001,International/Global Studies,400,0.17
Frequencies,744,33340,CIPCODE,30.2101,Holocaust and Related Studies,9,0
Frequencies,745,33340,CIPCODE,30.2201,Ancient Studies/Civilization,42,0.02
Frequencies,746,33340,CIPCODE,30.2202,"Classical, Ancient Mediterranean and Near Eastern Studies and Archaeology",36,0.01
Frequencies,747,33340,CIPCODE,30.2301,Intercultural/Multicultural and Diversity Studies,76,0.03
Frequencies,748,33340,CIPCODE,30.2501,Cognitive Science,66,0.03
Frequencies,749,33340,CIPCODE,30.2601,Cultural Studies/Critical Theory and Analysis,41,0.02
Frequencies,750,33340,CIPCODE,30.2701,Human Biology,31,0.01
Frequencies,751,33340,CIPCODE,30.2801,Dispute Resolution,38,0.02
Frequencies,752,33340,CIPCODE,30.2901,Maritime Studies,4,0
Frequencies,753,33340,CIPCODE,30.3001,Computational Science,63,0.03
Frequencies,754,33340,CIPCODE,30.3101,Human Computer Interaction,31,0.01
Frequencies,755,33340,CIPCODE,30.3201,Marine Sciences,21,0.01
Frequencies,756,33340,CIPCODE,30.3301,Sustainability Studies,202,0.08
Frequencies,757,33340,CIPCODE,30.9999,"Multi-/Interdisciplinary Studies, Other",929,0.39
Frequencies,758,33340,CIPCODE,31,"Parks, Recreation, Leisure and Fitness Studies",1448,0.6
Frequencies,759,33340,CIPCODE,31.0101,"Parks, Recreation and Leisure Studies",179,7.0000000000000021E-2
Frequencies,760,33340,CIPCODE,31.0301,"Parks, Recreation and Leisure Facilities Management, General",152,0.06
Frequencies,761,33340,CIPCODE,31.0302,Golf Course Operation and Grounds Management,16,0.01
Frequencies,762,33340,CIPCODE,31.0399,"Parks, Recreation and Leisure Facilities Management, Other",2,0
Frequencies,763,33340,CIPCODE,31.0501,"Health and Physical Education/Fitness, General",504,0.21
Frequencies,764,33340,CIPCODE,31.0504,Sport and Fitness Administration/Management,657,0.27
Frequencies,765,33340,CIPCODE,31.0505,Kinesiology and Exercise Science,743,0.31
Frequencies,766,33340,CIPCODE,31.0507,Physical Fitness Technician,140,0.06
Frequencies,767,33340,CIPCODE,31.0508,Sports Studies,50,0.02
Frequencies,768,33340,CIPCODE,31.0599,"Health and Physical Education/Fitness, Other",115,0.05
Frequencies,769,33340,CIPCODE,31.0601,Outdoor Education,34,0.01
Frequencies,770,33340,CIPCODE,31.9999,"Parks, Recreation, Leisure, and Fitness Studies, Other",37,0.02
Frequencies,771,33340,CIPCODE,38,Philosophy and Religious Studies,1216,0.51
Frequencies,772,33340,CIPCODE,38.0001,"Philosophy and Religious Studies, General",61,0.03
Frequencies,773,33340,CIPCODE,38.0101,Philosophy,917,0.38
Frequencies,774,33340,CIPCODE,38.0102,Logic,5,0
Frequencies,775,33340,CIPCODE,38.0103,Ethics,30,0.01
Frequencies,776,33340,CIPCODE,38.0104,Applied and Professional Ethics,24,0.01
Frequencies,777,33340,CIPCODE,38.0199,"Philosophy, Other",31,0.01
Frequencies,778,33340,CIPCODE,38.0201,Religion/Religious Studies,620,0.26
Frequencies,779,33340,CIPCODE,38.0202,Buddhist Studies,5,0
Frequencies,780,33340,CIPCODE,38.0203,Christian Studies,95,0.04
Frequencies,781,33340,CIPCODE,38.0204,Hindu Studies,1,0
Frequencies,782,33340,CIPCODE,38.0205,Islamic Studies,21,0.01
Frequencies,783,33340,CIPCODE,38.0206,Jewish/Judaic Studies,89,0.04
Frequencies,784,33340,CIPCODE,38.0299,"Religion/Religious Studies, Other",39,0.02
Frequencies,785,33340,CIPCODE,38.9999,"Philosophy and Religious Studies, Other",84,0.03
Frequencies,786,33340,CIPCODE,39,Theology and Religious Vocations,731,0.3
Frequencies,787,33340,CIPCODE,39.0201,Bible/Biblical Studies,244,0.1
Frequencies,788,33340,CIPCODE,39.0301,Missions/Missionary Studies and Missiology,136,0.06
Frequencies,789,33340,CIPCODE,39.0401,Religious Education,151,0.06
Frequencies,790,33340,CIPCODE,39.0501,Religious/Sacred Music,162,7.0000000000000021E-2
Frequencies,791,33340,CIPCODE,39.0601,Theology/Theological Studies,351,0.15
Frequencies,792,33340,CIPCODE,39.0602,Divinity/Ministry,282,0.12
Frequencies,793,33340,CIPCODE,39.0604,Pre-Theology/Pre-Ministerial Studies,50,0.02
Frequencies,794,33340,CIPCODE,39.0605,Rabbinical Studies,16,0.01
Frequencies,795,33340,CIPCODE,39.0606,Talmudic Studies,86,0.04
Frequencies,796,33340,CIPCODE,39.0699,"Theological and Ministerial Studies, Other",148,0.06
Frequencies,797,33340,CIPCODE,39.0701,Pastoral Studies/Counseling,152,0.06
Frequencies,798,33340,CIPCODE,39.0702,Youth Ministry,117,0.05
Frequencies,799,33340,CIPCODE,39.0703,Urban Ministry,21,0.01
Frequencies,800,33340,CIPCODE,39.0704,Women's Ministry,10,0
Frequencies,801,33340,CIPCODE,39.0705,Lay Ministry,54,0.02
Frequencies,802,33340,CIPCODE,39.0799,"Pastoral Counseling and Specialized Ministries, Other",93,0.04
Frequencies,803,33340,CIPCODE,39.9999,"Theology and Religious Vocations, Other",132,0.05
Frequencies,804,33340,CIPCODE,40,Physical Sciences,1519,0.63
Frequencies,805,33340,CIPCODE,40.0101,Physical Sciences,216,0.09
Frequencies,806,33340,CIPCODE,40.0201,Astronomy,115,0.05
Frequencies,807,33340,CIPCODE,40.0202,Astrophysics,49,0.02
Frequencies,808,33340,CIPCODE,40.0203,Planetary Astronomy and Science,10,0
Frequencies,809,33340,CIPCODE,40.0299,"Astronomy and Astrophysics, Other",12,0
Frequencies,810,33340,CIPCODE,40.0401,"Atmospheric Sciences and Meteorology, General",78,0.03
Frequencies,811,33340,CIPCODE,40.0402,Atmospheric Chemistry and Climatology,2,0
Frequencies,812,33340,CIPCODE,40.0403,Atmospheric Physics and Dynamics,1,0
Frequencies,813,33340,CIPCODE,40.0404,Meteorology,33,0.01
Frequencies,814,33340,CIPCODE,40.0499,"Atmospheric Sciences and Meteorology, Other",7,0
Frequencies,815,33340,CIPCODE,40.0501,"Chemistry, General",1367,0.56999999999999995
Frequencies,816,33340,CIPCODE,40.0502,Analytical Chemistry,9,0
Frequencies,817,33340,CIPCODE,40.0503,Inorganic Chemistry,1,0
Frequencies,818,33340,CIPCODE,40.0504,Organic Chemistry,2,0
Frequencies,819,33340,CIPCODE,40.0506,Physical Chemistry,3,0
Frequencies,820,33340,CIPCODE,40.0507,Polymer Chemistry,12,0
Frequencies,821,33340,CIPCODE,40.0508,Chemical Physics,30,0.01
Frequencies,822,33340,CIPCODE,40.0509,Environmental Chemistry,14,0.01
Frequencies,823,33340,CIPCODE,40.0510,Forensic Chemistry,33,0.01
Frequencies,824,33340,CIPCODE,40.0511,Theoretical Chemistry,3,0
Frequencies,825,33340,CIPCODE,40.0599,"Chemistry, Other",95,0.04
Frequencies,826,33340,CIPCODE,40.0601,"Geology/Earth Science, General",539,0.22
Frequencies,827,33340,CIPCODE,40.0602,Geochemistry,16,0.01
Frequencies,828,33340,CIPCODE,40.0603,Geophysics and Seismology,48,0.02
Frequencies,829,33340,CIPCODE,40.0604,Paleontology,4,0
Frequencies,830,33340,CIPCODE,40.0605,Hydrology and Water Resources Science,36,0.01
Frequencies,831,33340,CIPCODE,40.0607,"Oceanography, Chemical and Physical",42,0.02
Frequencies,832,33340,CIPCODE,40.0699,"Geological and Earth Sciences/Geosciences, Other",111,0.05
Frequencies,833,33340,CIPCODE,40.0801,"Physics, General",938,0.39
Frequencies,834,33340,CIPCODE,40.0802,Atomic/Molecular Physics,7,0
Frequencies,835,33340,CIPCODE,40.0804,Elementary Particle Physics,1,0
Frequencies,836,33340,CIPCODE,40.0806,Nuclear Physics,2,0
Frequencies,837,33340,CIPCODE,40.0807,Optics/Optical Sciences,19,0.01
Frequencies,838,33340,CIPCODE,40.0808,Condensed Matter and Materials Physics,3,0
Frequencies,839,33340,CIPCODE,40.0809,Acoustics,5,0
Frequencies,840,33340,CIPCODE,40.0810,Theoretical and Mathematical Physics,12,0
Frequencies,841,33340,CIPCODE,40.0899,"Physics, Other",64,0.03
Frequencies,842,33340,CIPCODE,40.1001,Materials Science,52,0.02
Frequencies,843,33340,CIPCODE,40.1002,Materials Chemistry,5,0
Frequencies,844,33340,CIPCODE,40.1099,"Materials Sciences, Other",5,0
Frequencies,845,33340,CIPCODE,40.9999,"Physical Sciences, Other",57,0.02
Frequencies,846,33340,CIPCODE,41,Science Technologies/Technicians,290,0.12
Frequencies,847,33340,CIPCODE,41.0000,"Science Technologies/Technicians, General",15,0.01
Frequencies,848,33340,CIPCODE,41.0101,Biology Technician/Biotechnology Laboratory Technician,101,0.04
Frequencies,849,33340,CIPCODE,41.0204,Industrial Radiologic Technology/Technician,8,0
Frequencies,850,33340,CIPCODE,41.0205,Nuclear/Nuclear Power Technology/Technician,19,0.01
Frequencies,851,33340,CIPCODE,41.0299,"Nuclear and Industrial Radiologic Technologies/Technicians, Other",2,0
Frequencies,852,33340,CIPCODE,41.0301,Chemical Technology/Technician,85,0.04
Frequencies,853,33340,CIPCODE,41.0303,Chemical Process Technology,9,0
Frequencies,854,33340,CIPCODE,41.0399,"Physical Science Technologies/Technicians, Other",2,0
Frequencies,855,33340,CIPCODE,41.9999,"Science Technologies/Technicians, Other",94,0.04
Frequencies,856,33340,CIPCODE,42,Psychology,1819,0.76
Frequencies,857,33340,CIPCODE,42.0101,"Psychology, General",1672,0.7
Frequencies,858,33340,CIPCODE,42.2701,Cognitive Psychology and Psycholinguistics,26,0.01
Frequencies,859,33340,CIPCODE,42.2702,Comparative Psychology,2,0
Frequencies,860,33340,CIPCODE,42.2703,Developmental and Child Psychology,69,0.03
Frequencies,861,33340,CIPCODE,42.2704,Experimental Psychology,70,0.03
Frequencies,862,33340,CIPCODE,42.2705,Personality Psychology,3,0
Frequencies,863,33340,CIPCODE,42.2706,Physiological Psychology/Psychobiology,34,0.01
Frequencies,864,33340,CIPCODE,42.2707,Social Psychology,37,0.02
Frequencies,865,33340,CIPCODE,42.2708,Psychometrics and Quantitative Psychology,14,0.01
Frequencies,866,33340,CIPCODE,42.2709,Psychopharmacology,4,0
Frequencies,867,33340,CIPCODE,42.2799,"Research and Experimental Psychology, Other",88,0.04
Frequencies,868,33340,CIPCODE,42.2801,Clinical Psychology,216,0.09
Frequencies,869,33340,CIPCODE,42.2802,Community Psychology,47,0.02
Frequencies,870,33340,CIPCODE,42.2803,Counseling Psychology,324,0.13
Frequencies,871,33340,CIPCODE,42.2804,Industrial and Organizational Psychology,133,0.06
Frequencies,872,33340,CIPCODE,42.2805,School Psychology,208,0.09
Frequencies,873,33340,CIPCODE,42.2806,Educational Psychology,114,0.05
Frequencies,874,33340,CIPCODE,42.2807,Clinical Child Psychology,15,0.01
Frequencies,875,33340,CIPCODE,42.2808,Environmental Psychology,4,0
Frequencies,876,33340,CIPCODE,42.2809,Geropsychology,3,0
Frequencies,877,33340,CIPCODE,42.2810,Health/Medical Psychology,29,0.01
Frequencies,878,33340,CIPCODE,42.2811,Family Psychology,14,0.01
Frequencies,879,33340,CIPCODE,42.2812,Forensic Psychology,58,0.02
Frequencies,880,33340,CIPCODE,42.2813,Applied Psychology,88,0.04
Frequencies,881,33340,CIPCODE,42.2814,Applied Behavior Analysis,114,0.05
Frequencies,882,33340,CIPCODE,42.2899,"Clinical, Counseling and Applied Psychology, Other",55,0.02
Frequencies,883,33340,CIPCODE,42.9999,"Psychology, Other",147,0.06
Frequencies,884,33340,CIPCODE,43,"Homeland Security, Law Enforcement, Firefighting, and Related Protective Service",2120,0.88
Frequencies,885,33340,CIPCODE,43.0102,Corrections,239,0.1
Frequencies,886,33340,CIPCODE,43.0103,Criminal Justice/Law Enforcement Administration,701,0.28999999999999998
Frequencies,887,33340,CIPCODE,43.0104,Criminal Justice/Safety Studies,909,0.38
Frequencies,888,33340,CIPCODE,43.0106,Forensic Science and Technology,273,0.11
Frequencies,889,33340,CIPCODE,43.0107,Criminal Justice/Police Science,736,0.31
Frequencies,890,33340,CIPCODE,43.0109,Security and Loss Prevention Services,69,0.03
Frequencies,891,33340,CIPCODE,43.0110,Juvenile Corrections,21,0.01
Frequencies,892,33340,CIPCODE,43.0111,Criminalistics and Criminal Science,41,0.02
Frequencies,893,33340,CIPCODE,43.0112,Securities Services Administration/Management,57,0.02
Frequencies,894,33340,CIPCODE,43.0113,Corrections Administration,18,0.01
Frequencies,895,33340,CIPCODE,43.0114,Law Enforcement Investigation and Interviewing,8,0
Frequencies,896,33340,CIPCODE,43.0116,Cyber/Computer Forensics and Counterterrorism,113,0.05
Frequencies,897,33340,CIPCODE,43.0117,Financial Forensics and Fraud Investigation,33,0.01
Frequencies,898,33340,CIPCODE,43.0118,Law Enforcement Intelligence Analysis,14,0.01
Frequencies,899,33340,CIPCODE,43.0119,Critical Incident Response/Special Police Operations,3,0
Frequencies,900,33340,CIPCODE,43.0120,Protective Services Operations,6,0
Frequencies,901,33340,CIPCODE,43.0199,"Corrections and Criminal Justice, Other",139,0.06
Frequencies,902,33340,CIPCODE,43.0201,Fire Prevention and Safety Technology/Technician,200,0.08
Frequencies,903,33340,CIPCODE,43.0202,Fire Services Administration,114,0.05
Frequencies,904,33340,CIPCODE,43.0203,Fire Science/Fire-fighting,349,0.15
Frequencies,905,33340,CIPCODE,43.0204,Fire Systems Technology,6,0
Frequencies,906,33340,CIPCODE,43.0205,Fire/Arson Investigation and Prevention,6,0
Frequencies,907,33340,CIPCODE,43.0206,Wildland/Forest Firefighting and Investigation,17,0.01
Frequencies,908,33340,CIPCODE,43.0299,"Fire Protection, Other",12,0
Frequencies,909,33340,CIPCODE,43.0301,Homeland Security,140,0.06
Frequencies,910,33340,CIPCODE,43.0302,Crisis/Emergency/Disaster Management,164,7.0000000000000021E-2
Frequencies,911,33340,CIPCODE,43.0303,Critical Infrastructure Protection,27,0.01
Frequencies,912,33340,CIPCODE,43.0304,Terrorism and Counterterrorism Operations,10,0
Frequencies,913,33340,CIPCODE,43.0399,"Homeland Security, Other",19,0.01
Frequencies,914,33340,CIPCODE,43.9999,"Homeland Security, Law Enforcement, Firefighting and Related Protective Services, Other",112,0.05
Frequencies,915,33340,CIPCODE,44,Public Administration and Social Service Professions,1453,0.6
Frequencies,916,33340,CIPCODE,44.0000,"Human Services, General",472,0.2
Frequencies,917,33340,CIPCODE,44.0201,Community Organization and Advocacy,145,0.06
Frequencies,918,33340,CIPCODE,44.0401,Public Administration,503,0.21
Frequencies,919,33340,CIPCODE,44.0501,"Public Policy Analysis, General",172,7.0000000000000021E-2
Frequencies,920,33340,CIPCODE,44.0502,Education Policy Analysis,7,0
Frequencies,921,33340,CIPCODE,44.0503,Health Policy Analysis,20,0.01
Frequencies,922,33340,CIPCODE,44.0504,International Policy Analysis,16,0.01
Frequencies,923,33340,CIPCODE,44.0599,"Public Policy Analysis, Other",11,0
Frequencies,924,33340,CIPCODE,44.0701,Social Work,795,0.33
Frequencies,925,33340,CIPCODE,44.0702,Youth Services/Administration,42,0.02
Frequencies,926,33340,CIPCODE,44.0799,"Social Work, Other",48,0.02
Frequencies,927,33340,CIPCODE,44.9999,"Public Administration and Social Service Professions, Other",106,0.04
Frequencies,928,33340,CIPCODE,45,Social Sciences,1707,0.71
Frequencies,929,33340,CIPCODE,45.0101,"Social Sciences, General",506,0.21
Frequencies,930,33340,CIPCODE,45.0102,Research Methodology and Quantitative Methods,39,0.02
Frequencies,931,33340,CIPCODE,45.0201,Anthropology,577,0.24
Frequencies,932,33340,CIPCODE,45.0202,Physical and Biological Anthropology,9,0
Frequencies,933,33340,CIPCODE,45.0203,Medical Anthropology,8,0
Frequencies,934,33340,CIPCODE,45.0204,Cultural Anthropology,12,0
Frequencies,935,33340,CIPCODE,45.0299,"Anthropology, Other",33,0.01
Frequencies,936,33340,CIPCODE,45.0301,Archeology,75,0.03
Frequencies,937,33340,CIPCODE,45.0401,Criminology,221,0.09
Frequencies,938,33340,CIPCODE,45.0501,Demography and Population Studies,18,0.01
Frequencies,939,33340,CIPCODE,45.0601,"Economics, General",864,0.36
Frequencies,940,33340,CIPCODE,45.0602,Applied Economics,58,0.02
Frequencies,941,33340,CIPCODE,45.0603,Econometrics and Quantitative Economics,155,0.06
Frequencies,942,33340,CIPCODE,45.0604,Development Economics and International Development,59,0.02
Frequencies,943,33340,CIPCODE,45.0605,International Economics,41,0.02
Frequencies,944,33340,CIPCODE,45.0699,"Economics, Other",61,0.03
Frequencies,945,33340,CIPCODE,45.0701,Geography,382,0.16
Frequencies,946,33340,CIPCODE,45.0702,Geographic Information Science and Cartography,239,0.1
Frequencies,947,33340,CIPCODE,45.0799,"Geography, Other",59,0.02
Frequencies,948,33340,CIPCODE,45.0901,International Relations and Affairs,446,0.19
Frequencies,949,33340,CIPCODE,45.0902,National Security Policy Studies,29,0.01
Frequencies,950,33340,CIPCODE,45.0999,"International Relations and National Security Studies, Other",29,0.01
Frequencies,951,33340,CIPCODE,45.1001,"Political Science and Government, General",1281,0.53
Frequencies,952,33340,CIPCODE,45.1002,American Government and Politics (United States,36,0.01
Frequencies,953,33340,CIPCODE,45.1004,Political Economy,27,0.01
Frequencies,954,33340,CIPCODE,45.1099,"Political Science and Government, Other",77,0.03
Frequencies,955,33340,CIPCODE,45.1101,Sociology,1193,0.5
Frequencies,956,33340,CIPCODE,45.1201,Urban Studies/Affairs,126,0.05
Frequencies,957,33340,CIPCODE,45.1301,Sociology and Anthropology,55,0.02
Frequencies,958,33340,CIPCODE,45.1401,Rural Sociology,3,0
Frequencies,959,33340,CIPCODE,45.9999,"Social Sciences, Other",174,7.0000000000000021E-2
Frequencies,960,33340,CIPCODE,46,Construction Trades,872,0.36
Frequencies,961,33340,CIPCODE,46.0000,"Construction Trades, General",113,0.05
Frequencies,962,33340,CIPCODE,46.0101,Mason/Masonry,66,0.03
Frequencies,963,33340,CIPCODE,46.0201,Carpentry/Carpenter,279,0.12
Frequencies,964,33340,CIPCODE,46.0301,"Electrical and Power Transmission Installation/Installer, General",83,0.03
Frequencies,965,33340,CIPCODE,46.0302,Electrician,494,0.21
Frequencies,966,33340,CIPCODE,46.0303,Lineworker,73,0.03
Frequencies,967,33340,CIPCODE,46.0399,"Electrical and Power Transmission Installers, Other",23,0.01
Frequencies,968,33340,CIPCODE,46.0401,Building/Property Maintenance,125,0.05
Frequencies,969,33340,CIPCODE,46.0402,Concrete Finishing/Concrete Finisher,8,0
Frequencies,970,33340,CIPCODE,46.0403,Building/Home/Construction Inspection/Inspector,53,0.02
Frequencies,971,33340,CIPCODE,46.0404,Drywall Installation/Drywaller,6,0
Frequencies,972,33340,CIPCODE,46.0406,Glazier,6,0
Frequencies,973,33340,CIPCODE,46.0408,Painting/Painter and Wall Coverer,13,0.01
Frequencies,974,33340,CIPCODE,46.0410,Roofer,2,0
Frequencies,975,33340,CIPCODE,46.0411,Metal Building Assembly/Assembler,1,0
Frequencies,976,33340,CIPCODE,46.0412,Building/Construction Site Management/Manager,67,0.03
Frequencies,977,33340,CIPCODE,46.0413,"Carpet, Floor, and Tile Worker",2,0
Frequencies,978,33340,CIPCODE,46.0414,Insulator,2,0
Frequencies,979,33340,CIPCODE,46.0415,Building Construction Technology,126,0.05
Frequencies,980,33340,CIPCODE,46.0499,"Building/Construction Finishing, Management, and Inspection, Other",55,0.02
Frequencies,981,33340,CIPCODE,46.0502,Pipefitting/Pipefitter and Sprinkler Fitter,48,0.02
Frequencies,982,33340,CIPCODE,46.0503,Plumbing Technology/Plumber,144,0.06
Frequencies,983,33340,CIPCODE,46.0504,Well Drilling/Driller,4,0
Frequencies,984,33340,CIPCODE,46.0505,Blasting/Blaster,1,0
Frequencies,985,33340,CIPCODE,46.0599,"Plumbing and Related Water Supply Services, Other",8,0
Frequencies,986,33340,CIPCODE,46.9999,"Construction Trades, Other",56,0.02
Frequencies,987,33340,CIPCODE,47,Mechanic and Repair Technologies/Technicians,1290,0.54
Frequencies,988,33340,CIPCODE,47.0000,"Mechanics and Repairers, General",25,0.01
Frequencies,989,33340,CIPCODE,47.0101,"Electrical/Electronics Equipment Installation and Repair, General",149,0.06
Frequencies,990,33340,CIPCODE,47.0102,Business Machine Repair,1,0
Frequencies,991,33340,CIPCODE,47.0103,Communications Systems Installation and Repair Technology,44,0.02
Frequencies,992,33340,CIPCODE,47.0104,Computer Installation and Repair Technology/Technician,190,0.08
Frequencies,993,33340,CIPCODE,47.0105,Industrial Electronics Technology/Technician,145,0.06
Frequencies,994,33340,CIPCODE,47.0106,Appliance Installation and Repair Technology/Technician,15,0.01
Frequencies,995,33340,CIPCODE,47.0110,"Security System Installation, Repair, and Inspection Technology/Technician",5,0
Frequencies,996,33340,CIPCODE,47.0199,"Electrical/Electronics Maintenance and Repair Technology, Other",27,0.01
Frequencies,997,33340,CIPCODE,47.0201,"Heating, Air Conditioning, Ventilation and Refrigeration Maintenance Technology/",654,0.27
Frequencies,998,33340,CIPCODE,47.0302,Heavy Equipment Maintenance Technology/Technician,63,0.03
Frequencies,999,33340,CIPCODE,47.0303,Industrial Mechanics and Maintenance Technology,295,0.12
Frequencies,1000,33340,CIPCODE,47.0399,"Heavy/Industrial Equipment Maintenance Technologies, Other",24,0.01
Frequencies,1001,33340,CIPCODE,47.0402,Gunsmithing/Gunsmith,16,0.01
Frequencies,1002,33340,CIPCODE,47.0403,Locksmithing and Safe Repair,2,0
Frequencies,1003,33340,CIPCODE,47.0404,Musical Instrument Fabrication and Repair,8,0
Frequencies,1004,33340,CIPCODE,47.0408,Watchmaking and Jewelrymaking,11,0
Frequencies,1005,33340,CIPCODE,47.0409,Parts and Warehousing Operations and Maintenance Technology/Technician,1,0
Frequencies,1006,33340,CIPCODE,47.0499,"Precision Systems Maintenance and Repair Technologies, Other",11,0
Frequencies,1007,33340,CIPCODE,47.0600,"Vehicle Maintenance and Repair Technologies, General",26,0.01
Frequencies,1008,33340,CIPCODE,47.0603,Autobody/Collision and Repair Technology/Technician,388,0.16
Frequencies,1009,33340,CIPCODE,47.0604,Automobile/Automotive Mechanics Technology/Technician,822,0.34
Frequencies,1010,33340,CIPCODE,47.0605,Diesel Mechanics Technology/Technician,314,0.13
Frequencies,1011,33340,CIPCODE,47.0606,Small Engine Mechanics and Repair Technology/Technician,44,0.02
Frequencies,1012,33340,CIPCODE,47.0607,Airframe Mechanics and Aircraft Maintenance Technology/Technician,143,0.06
Frequencies,1013,33340,CIPCODE,47.0608,Aircraft Powerplant Technology/Technician,109,0.05
Frequencies,1014,33340,CIPCODE,47.0609,Avionics Maintenance Technology/Technician,46,0.02
Frequencies,1015,33340,CIPCODE,47.0611,Motorcycle Maintenance and Repair Technology/Technician,40,0.02
Frequencies,1016,33340,CIPCODE,47.0612,Vehicle Emissions Inspection and Maintenance Technology/Technician,1,0
Frequencies,1017,33340,CIPCODE,47.0613,Medium/Heavy Vehicle and Truck Technology/Technician,97,0.04
Frequencies,1018,33340,CIPCODE,47.0614,Alternative Fuel Vehicle Technology/Technician,25,0.01
Frequencies,1019,33340,CIPCODE,47.0615,Engine Machinist,5,0
Frequencies,1020,33340,CIPCODE,47.0616,Marine Maintenance/Fitter and Ship Repair Technology/Technician,49,0.02
Frequencies,1021,33340,CIPCODE,47.0617,High Performance and Custom Engine Technician/Mechanic,13,0.01
Frequencies,1022,33340,CIPCODE,47.0699,"Vehicle Maintenance and Repair Technologies, Other",27,0.01
Frequencies,1023,33340,CIPCODE,47.9999,"Mechanic and Repair Technologies/Technicians, Other",65,0.03
Frequencies,1024,33340,CIPCODE,48,Precision Production,1009,0.42
Frequencies,1025,33340,CIPCODE,48.0000,"Precision Production Trades, General",8,0
Frequencies,1026,33340,CIPCODE,48.0303,Upholstery/Upholsterer,13,0.01
Frequencies,1027,33340,CIPCODE,48.0501,Machine Tool Technology/Machinist,291,0.12
Frequencies,1028,33340,CIPCODE,48.0503,Machine Shop Technology/Assistant,162,7.0000000000000021E-2
Frequencies,1029,33340,CIPCODE,48.0506,Sheet Metal Technology/Sheetworking,40,0.02
Frequencies,1030,33340,CIPCODE,48.0507,Tool and Die Technology/Technician,55,0.02
Frequencies,1031,33340,CIPCODE,48.0508,Welding Technology/Welder,903,0.38
Frequencies,1032,33340,CIPCODE,48.0509,Ironworking/Ironworker,10,0
Frequencies,1033,33340,CIPCODE,48.0510,Computer Numerically Controlled (CNC,131,0.05
Frequencies,1034,33340,CIPCODE,48.0511,Metal Fabricator,33,0.01
Frequencies,1035,33340,CIPCODE,48.0599,"Precision Metal Working, Other",32,0.01
Frequencies,1036,33340,CIPCODE,48.0701,"Woodworking, General",13,0.01
Frequencies,1037,33340,CIPCODE,48.0702,Furniture Design and Manufacturing,12,0
Frequencies,1038,33340,CIPCODE,48.0703,Cabinetmaking and Millwork,62,0.03
Frequencies,1039,33340,CIPCODE,48.0799,"Woodworking, Other",3,0
Frequencies,1040,33340,CIPCODE,48.0801,Boilermaking/Boilermaker,4,0
Frequencies,1041,33340,CIPCODE,48.9999,"Precision Production, Other",23,0.01
Frequencies,1042,33340,CIPCODE,49,Transportation and Materials Moving,519,0.22
Frequencies,1043,33340,CIPCODE,49.0101,"Aeronautics/Aviation/Aerospace Science and Technology, General",91,0.04
Frequencies,1044,33340,CIPCODE,49.0102,Airline/Commercial/Professional Pilot and Flight Crew,122,0.05
Frequencies,1045,33340,CIPCODE,49.0104,Aviation/Airway Management and Operations,104,0.04
Frequencies,1046,33340,CIPCODE,49.0105,Air Traffic Controller,28,0.01
Frequencies,1047,33340,CIPCODE,49.0106,Airline Flight Attendant,7,0
Frequencies,1048,33340,CIPCODE,49.0108,Flight Instructor,7,0
Frequencies,1049,33340,CIPCODE,49.0199,"Air Transportation, Other",17,0.01
Frequencies,1050,33340,CIPCODE,49.0202,Construction/Heavy Equipment/Earthmoving Equipment Operation,75,0.03
Frequencies,1051,33340,CIPCODE,49.0205,Truck and Bus Driver/Commercial Vehicle Operator and Instructor,228,0.09
Frequencies,1052,33340,CIPCODE,49.0207,Flagging and Traffic Control,3,0
Frequencies,1053,33340,CIPCODE,49.0208,Railroad and Railway Transportation,5,0
Frequencies,1054,33340,CIPCODE,49.0299,"Ground Transportation, Other",13,0.01
Frequencies,1055,33340,CIPCODE,49.0304,"Diver, Professional and Instructor",13,0.01
Frequencies,1056,33340,CIPCODE,49.0309,Marine Science/Merchant Marine Officer,11,0
Frequencies,1057,33340,CIPCODE,49.0399,"Marine Transportation, Other",8,0
Frequencies,1058,33340,CIPCODE,49.9999,"Transportation and Materials Moving, Other",12,0
Frequencies,1059,33340,CIPCODE,50,Visual and Performing Arts,2304,0.96
Frequencies,1060,33340,CIPCODE,50.0101,"Visual and Performing Arts, General",325,0.14000000000000001
Frequencies,1061,33340,CIPCODE,50.0102,Digital Arts,168,7.0000000000000021E-2
Frequencies,1062,33340,CIPCODE,50.0201,"Crafts/Craft Design, Folk Art and Artisanry",27,0.01
Frequencies,1063,33340,CIPCODE,50.0301,"Dance, General",349,0.15
Frequencies,1064,33340,CIPCODE,50.0302,Ballet,6,0
Frequencies,1065,33340,CIPCODE,50.0399,"Dance, Other",25,0.01
Frequencies,1066,33340,CIPCODE,50.0401,"Design and Visual Communications, General",290,0.12
Frequencies,1067,33340,CIPCODE,50.0402,Commercial and Advertising Art,298,0.12
Frequencies,1068,33340,CIPCODE,50.0404,Industrial and Product Design,74,0.03
Frequencies,1069,33340,CIPCODE,50.0406,Commercial Photography,96,0.04
Frequencies,1070,33340,CIPCODE,50.0407,Fashion/Apparel Design,147,0.06
Frequencies,1071,33340,CIPCODE,50.0408,Interior Design,307,0.13
Frequencies,1072,33340,CIPCODE,50.0409,Graphic Design,625,0.26
Frequencies,1073,33340,CIPCODE,50.0410,Illustration,81,0.03
Frequencies,1074,33340,CIPCODE,50.0411,Game and Interactive Media Design,170,7.0000000000000021E-2
Frequencies,1075,33340,CIPCODE,50.0499,"Design and Applied Arts, Other",92,0.04
Frequencies,1076,33340,CIPCODE,50.0501,"Drama and Dramatics/Theatre Arts, General",1007,0.42
Frequencies,1077,33340,CIPCODE,50.0502,Technical Theatre/Theatre Design and Technology,190,0.08
Frequencies,1078,33340,CIPCODE,50.0504,Playwriting and Screenwriting,62,0.03
Frequencies,1079,33340,CIPCODE,50.0505,"Theatre Literature, History and Criticism",21,0.01
Frequencies,1080,33340,CIPCODE,50.0506,Acting,118,0.05
Frequencies,1081,33340,CIPCODE,50.0507,Directing and Theatrical Production,63,0.03
Frequencies,1082,33340,CIPCODE,50.0509,Musical Theatre,111,0.05
Frequencies,1083,33340,CIPCODE,50.0510,Costume Design,15,0.01
Frequencies,1084,33340,CIPCODE,50.0599,"Dramatic/Theatre Arts and Stagecraft, Other",78,0.03
Frequencies,1085,33340,CIPCODE,50.0601,Film/Cinema/Video Studies,232,0.1
Frequencies,1086,33340,CIPCODE,50.0602,Cinematography and Film/Video Production,282,0.12
Frequencies,1087,33340,CIPCODE,50.0605,Photography,260,0.11
Frequencies,1088,33340,CIPCODE,50.0607,Documentary Production,20,0.01
Frequencies,1089,33340,CIPCODE,50.0699,"Film/Video and Photographic Arts, Other",50,0.02
Frequencies,1090,33340,CIPCODE,50.0701,"Art/Art Studies, General",870,0.36
Frequencies,1091,33340,CIPCODE,50.0702,"Fine/Studio Arts, General",730,0.3
Frequencies,1092,33340,CIPCODE,50.0703,"Art History, Criticism and Conservation",438,0.18
Frequencies,1093,33340,CIPCODE,50.0705,Drawing,66,0.03
Frequencies,1094,33340,CIPCODE,50.0706,Intermedia/Multimedia,64,0.03
Frequencies,1095,33340,CIPCODE,50.0708,Painting,83,0.03
Frequencies,1096,33340,CIPCODE,50.0709,Sculpture,81,0.03
Frequencies,1097,33340,CIPCODE,50.0710,Printmaking,56,0.02
Frequencies,1098,33340,CIPCODE,50.0711,Ceramic Arts and Ceramics,73,0.03
Frequencies,1099,33340,CIPCODE,50.0712,"Fiber, Textile and Weaving Arts",22,0.01
Frequencies,1100,33340,CIPCODE,50.0713,Metal and Jewelry Arts,36,0.01
Frequencies,1101,33340,CIPCODE,50.0799,"Fine Arts and Art Studies, Other",144,0.06
Frequencies,1102,33340,CIPCODE,50.0901,"Music, General",1181,0.49
Frequencies,1103,33340,CIPCODE,50.0902,"Music History, Literature, and Theory",72,0.03
Frequencies,1104,33340,CIPCODE,50.0903,"Music Performance, General",510,0.21
Frequencies,1105,33340,CIPCODE,50.0904,Music Theory and Composition,210,0.09
Frequencies,1106,33340,CIPCODE,50.0905,Musicology and Ethnomusicology,45,0.02
Frequencies,1107,33340,CIPCODE,50.0906,Conducting,65,0.03
Frequencies,1108,33340,CIPCODE,50.0907,Keyboard Instruments,104,0.04
Frequencies,1109,33340,CIPCODE,50.0908,Voice and Opera,114,0.05
Frequencies,1110,33340,CIPCODE,50.0910,Jazz/Jazz Studies,76,0.03
Frequencies,1111,33340,CIPCODE,50.0911,Stringed Instruments,35,0.01
Frequencies,1112,33340,CIPCODE,50.0912,Music Pedagogy,70,0.03
Frequencies,1113,33340,CIPCODE,50.0913,Music Technology,108,0.04
Frequencies,1114,33340,CIPCODE,50.0914,Brass Instruments,19,0.01
Frequencies,1115,33340,CIPCODE,50.0915,Woodwind Instruments,17,0.01
Frequencies,1116,33340,CIPCODE,50.0916,Percussion Instruments,16,0.01
Frequencies,1117,33340,CIPCODE,50.0999,"Music, Other",156,0.06
Frequencies,1118,33340,CIPCODE,50.1001,"Arts, Entertainment,and Media Management, General",83,0.03
Frequencies,1119,33340,CIPCODE,50.1002,Fine and Studio Arts Management,112,0.05
Frequencies,1120,33340,CIPCODE,50.1003,Music Management,137,0.06
Frequencies,1121,33340,CIPCODE,50.1004,Theatre/Theatre Arts Management,51,0.02
Frequencies,1122,33340,CIPCODE,50.1099,"Arts, Entertainment, and Media Management, Other",17,0.01
Frequencies,1123,33340,CIPCODE,50.9999,"Visual and Performing Arts, Other",107,0.04
Frequencies,1124,33340,CIPCODE,51,Health Professions and Related Programs,4078,1.7
Frequencies,1125,33340,CIPCODE,51.0000,"Health Services/Allied Health/Health Sciences, General",555,0.23000000000000004
Frequencies,1126,33340,CIPCODE,51.0001,"Health and Wellness, General",195,0.08
Frequencies,1127,33340,CIPCODE,51.0101,Chiropractic,17,0.01
Frequencies,1128,33340,CIPCODE,51.0201,"Communication Sciences and Disorders, General",138,0.06
Frequencies,1129,33340,CIPCODE,51.0202,Audiology/Audiologist,72,0.03
Frequencies,1130,33340,CIPCODE,51.0203,Speech-Language Pathology/Pathologist,160,7.0000000000000021E-2
Frequencies,1131,33340,CIPCODE,51.0204,Audiology/Audiologist and Speech-Language Pathology/Pathologist,159,7.0000000000000021E-2
Frequencies,1132,33340,CIPCODE,51.0299,"Communication Disorders Sciences and Services, Other",21,0.01
Frequencies,1133,33340,CIPCODE,51.0401,Dentistry,64,0.03
Frequencies,1134,33340,CIPCODE,51.0501,"Dental Clinical Sciences, General",34,0.01
Frequencies,1135,33340,CIPCODE,51.0502,Advanced General Dentistry,21,0.01
Frequencies,1136,33340,CIPCODE,51.0503,Oral Biology and Oral and Maxillofacial Pathology,24,0.01
Frequencies,1137,33340,CIPCODE,51.0504,Dental Public Health and Education,12,0
Frequencies,1138,33340,CIPCODE,51.0505,Dental Materials,2,0
Frequencies,1139,33340,CIPCODE,51.0506,Endodontics/Endodontology,29,0.01
Frequencies,1140,33340,CIPCODE,51.0507,Oral/Maxillofacial Surgery,14,0.01
Frequencies,1141,33340,CIPCODE,51.0508,Orthodontics/Orthodontology,37,0.02
Frequencies,1142,33340,CIPCODE,51.0509,Pediatric Dentistry/Pedodontics,21,0.01
Frequencies,1143,33340,CIPCODE,51.0510,Periodontics/Periodontology,29,0.01
Frequencies,1144,33340,CIPCODE,51.0511,Prosthodontics/Prosthodontology,20,0.01
Frequencies,1145,33340,CIPCODE,51.0599,"Advanced/Graduate Dentistry and Oral Sciences, Other",16,0.01
Frequencies,1146,33340,CIPCODE,51.0601,Dental Assisting/Assistant,621,0.26
Frequencies,1147,33340,CIPCODE,51.0602,Dental Hygiene/Hygienist,354,0.15
Frequencies,1148,33340,CIPCODE,51.0603,Dental Laboratory Technology/Technician,39,0.02
Frequencies,1149,33340,CIPCODE,51.0699,"Dental Services and Allied Professions, Other",17,0.01
Frequencies,1150,33340,CIPCODE,51.0701,Health/Health Care Administration/Management,730,0.3
Frequencies,1151,33340,CIPCODE,51.0702,Hospital and Health Care Facilities Administration/Management,104,0.04
Frequencies,1152,33340,CIPCODE,51.0703,Health Unit Coordinator/Ward Clerk,28,0.01
Frequencies,1153,33340,CIPCODE,51.0704,Health Unit Manager/Ward Supervisor,2,0
Frequencies,1154,33340,CIPCODE,51.0705,Medical Office Management/Administration,154,0.06
Frequencies,1155,33340,CIPCODE,51.0706,Health Information/Medical Records Administration/Administrator,202,0.08
Frequencies,1156,33340,CIPCODE,51.0707,Health Information/Medical Records Technology/Technician,501,0.21
Frequencies,1157,33340,CIPCODE,51.0708,Medical Transcription/Transcriptionist,123,0.05
Frequencies,1158,33340,CIPCODE,51.0709,Medical Office Computer Specialist/Assistant,22,0.01
Frequencies,1159,33340,CIPCODE,51.0710,Medical Office Assistant/Specialist,294,0.12
Frequencies,1160,33340,CIPCODE,51.0711,Medical/Health Management and Clinical Assistant/Specialist,39,0.02
Frequencies,1161,33340,CIPCODE,51.0712,Medical Reception/Receptionist,53,0.02
Frequencies,1162,33340,CIPCODE,51.0713,Medical Insurance Coding Specialist/Coder,506,0.21
Frequencies,1163,33340,CIPCODE,51.0714,Medical Insurance Specialist/Medical Biller,257,0.11
Frequencies,1164,33340,CIPCODE,51.0715,Health/Medical Claims Examiner,1,0
Frequencies,1165,33340,CIPCODE,51.0716,Medical Administrative/Executive Assistant and Medical Secretary,408,0.17
Frequencies,1166,33340,CIPCODE,51.0717,Medical Staff Services Technology/Technician,21,0.01
Frequencies,1167,33340,CIPCODE,51.0718,Long Term Care Administration/Management,36,0.01
Frequencies,1168,33340,CIPCODE,51.0719,Clinical Research Coordinator,27,0.01
Frequencies,1169,33340,CIPCODE,51.0799,"Health and Medical Administrative Services, Other",134,0.06
Frequencies,1170,33340,CIPCODE,51.0801,Medical/Clinical Assistant,1224,0.51
Frequencies,1171,33340,CIPCODE,51.0802,Clinical/Medical Laboratory Assistant,52,0.02
Frequencies,1172,33340,CIPCODE,51.0803,Occupational Therapist Assistant,238,0.1
Frequencies,1173,33340,CIPCODE,51.0805,Pharmacy Technician/Assistant,536,0.22
Frequencies,1174,33340,CIPCODE,51.0806,Physical Therapy Technician/Assistant,398,0.17
Frequencies,1175,33340,CIPCODE,51.0808,Veterinary/Animal Health Technology/Technician and Veterinary Assistant,278,0.12
Frequencies,1176,33340,CIPCODE,51.0809,Anesthesiologist Assistant,21,0.01
Frequencies,1177,33340,CIPCODE,51.0810,Emergency Care Attendant (EMT Ambulance),96,0.04
Frequencies,1178,33340,CIPCODE,51.0811,Pathology/Pathologist Assistant,8,0
Frequencies,1179,33340,CIPCODE,51.0812,Respiratory Therapy Technician/Assistant,38,0.02
Frequencies,1180,33340,CIPCODE,51.0813,Chiropractic Assistant/Technician,4,0
Frequencies,1181,33340,CIPCODE,51.0814,Radiologist Assistant,16,0.01
Frequencies,1182,33340,CIPCODE,51.0815,Lactation Consultant,4,0
Frequencies,1183,33340,CIPCODE,51.0816,Speech-Language Pathology Assistant,14,0.01
Frequencies,1184,33340,CIPCODE,51.0899,"Allied Health and Medical Assisting Services, Other",127,0.05
Frequencies,1185,33340,CIPCODE,51.0901,Cardiovascular Technology/Technologist,90,0.04
Frequencies,1186,33340,CIPCODE,51.0902,Electrocardiograph Technology/Technician,52,0.02
Frequencies,1187,33340,CIPCODE,51.0903,Electroneurodiagnostic/Electroencephalographic Technology/Technologist,34,0.01
Frequencies,1188,33340,CIPCODE,51.0904,Emergency Medical Technology/Technician (EMT Paramedic),733,0.3
Frequencies,1189,33340,CIPCODE,51.0905,Nuclear Medical Technology/Technologist,97,0.04
Frequencies,1190,33340,CIPCODE,51.0906,Perfusion Technology/Perfusionist,9,0
Frequencies,1191,33340,CIPCODE,51.0907,Medical Radiologic Technology/Science - Radiation Therapist,296,0.12
Frequencies,1192,33340,CIPCODE,51.0908,Respiratory Care Therapy/Therapist,424,0.18
Frequencies,1193,33340,CIPCODE,51.0909,Surgical Technology/Technologist,478,0.2
Frequencies,1194,33340,CIPCODE,51.0910,Diagnostic Medical Sonography/Sonographer and Ultrasound Technician,303,0.13
Frequencies,1195,33340,CIPCODE,51.0911,Radiologic Technology/Science - Radiographer,481,0.2
Frequencies,1196,33340,CIPCODE,51.0912,Physician Assistant,232,0.1
Frequencies,1197,33340,CIPCODE,51.0913,Athletic Training/Trainer,457,0.19
Frequencies,1198,33340,CIPCODE,51.0914,Gene/Genetic Therapy,3,0
Frequencies,1199,33340,CIPCODE,51.0915,Cardiopulmonary Technology/Technologist,8,0
Frequencies,1200,33340,CIPCODE,51.0916,Radiation Protection/Health Physics Technician,12,0
Frequencies,1201,33340,CIPCODE,51.0917,Polysomnography,36,0.01
Frequencies,1202,33340,CIPCODE,51.0918,Hearing Instrument Specialist,3,0
Frequencies,1203,33340,CIPCODE,51.0919,Mammography Technician/Technology,19,0.01
Frequencies,1204,33340,CIPCODE,51.0920,Magnetic Resonance Imaging (MRI,56,0.02
Frequencies,1205,33340,CIPCODE,51.0999,"Allied Health Diagnostic, Intervention, and Treatment Professions, Other",104,0.04
Frequencies,1206,33340,CIPCODE,51.1001,Blood Bank Technology Specialist,16,0.01
Frequencies,1207,33340,CIPCODE,51.1002,Cytotechnology/Cytotechnologist,30,0.01
Frequencies,1208,33340,CIPCODE,51.1003,Hematology Technology/Technician,6,0
Frequencies,1209,33340,CIPCODE,51.1004,Clinical/Medical Laboratory Technician,310,0.13
Frequencies,1210,33340,CIPCODE,51.1005,Clinical Laboratory Science/Medical Technology/Technologist,327,0.14000000000000001
Frequencies,1211,33340,CIPCODE,51.1006,Ophthalmic Laboratory Technology/Technician,2,0
Frequencies,1212,33340,CIPCODE,51.1007,Histologic Technology/Histotechnologist,18,0.01
Frequencies,1213,33340,CIPCODE,51.1008,Histologic Technician,20,0.01
Frequencies,1214,33340,CIPCODE,51.1009,Phlebotomy Technician/Phlebotomist,357,0.15
Frequencies,1215,33340,CIPCODE,51.1010,Cytogenetics/Genetics/Clinical Genetics Technology/Technologist,4,0
Frequencies,1216,33340,CIPCODE,51.1011,Renal/Dialysis Technologist/Technician,32,0.01
Frequencies,1217,33340,CIPCODE,51.1012,Sterile Processing Technology/Technician,62,0.03
Frequencies,1218,33340,CIPCODE,51.1099,"Clinical/Medical Laboratory Science and Allied Professions, Other",55,0.02
Frequencies,1219,33340,CIPCODE,51.1101,Pre-Dentistry Studies,46,0.02
Frequencies,1220,33340,CIPCODE,51.1102,Pre-Medicine/Pre-Medical Studies,168,7.0000000000000021E-2
Frequencies,1221,33340,CIPCODE,51.1103,Pre-Pharmacy Studies,78,0.03
Frequencies,1222,33340,CIPCODE,51.1104,Pre-Veterinary Studies,65,0.03
Frequencies,1223,33340,CIPCODE,51.1105,Pre-Nursing Studies,110,0.05
Frequencies,1224,33340,CIPCODE,51.1106,Pre-Chiropractic Studies,2,0
Frequencies,1225,33340,CIPCODE,51.1107,Pre-Occupational Therapy Studies,22,0.01
Frequencies,1226,33340,CIPCODE,51.1108,Pre-Optometry Studies,12,0
Frequencies,1227,33340,CIPCODE,51.1109,Pre-Physical Therapy Studies,50,0.02
Frequencies,1228,33340,CIPCODE,51.1199,"Health/Medical Preparatory Programs, Other",181,0.08
Frequencies,1229,33340,CIPCODE,51.1201,Medicine,147,0.06
Frequencies,1230,33340,CIPCODE,51.1401,Medical Scientist,73,0.03
Frequencies,1231,33340,CIPCODE,51.1501,Substance Abuse/Addiction Counseling,379,0.16
Frequencies,1232,33340,CIPCODE,51.1502,Psychiatric/Mental Health Services Technician,98,0.04
Frequencies,1233,33340,CIPCODE,51.1503,Clinical/Medical Social Work,38,0.02
Frequencies,1234,33340,CIPCODE,51.1504,Community Health Services/Liaison/Counseling,143,0.06
Frequencies,1235,33340,CIPCODE,51.1505,Marriage and Family Therapy/Counseling,152,0.06
Frequencies,1236,33340,CIPCODE,51.1506,Clinical Pastoral Counseling/Patient Counseling,27,0.01
Frequencies,1237,33340,CIPCODE,51.1507,Psychoanalysis and Psychotherapy,3,0
Frequencies,1238,33340,CIPCODE,51.1508,Mental Health Counseling/Counselor,237,0.1
Frequencies,1239,33340,CIPCODE,51.1509,Genetic Counseling/Counselor,22,0.01
Frequencies,1240,33340,CIPCODE,51.1599,"Mental and Social Health Services and Allied Professions, Other",141,0.06
Frequencies,1241,33340,CIPCODE,51.1701,Optometry,22,0.01
Frequencies,1242,33340,CIPCODE,51.1801,Opticianry/Ophthalmic Dispensing Optician,32,0.01
Frequencies,1243,33340,CIPCODE,51.1802,Optometric Technician/Assistant,25,0.01
Frequencies,1244,33340,CIPCODE,51.1803,Ophthalmic Technician/Technologist,29,0.01
Frequencies,1245,33340,CIPCODE,51.1804,Orthoptics/Orthoptist,2,0
Frequencies,1246,33340,CIPCODE,51.1899,"Ophthalmic and Optometric Support Services and Allied Professions, Other",11,0
Frequencies,1247,33340,CIPCODE,51.1901,Osteopathic Medicine/Osteopathy,35,0.01
Frequencies,1248,33340,CIPCODE,51.2001,Pharmacy,141,0.06
Frequencies,1249,33340,CIPCODE,51.2002,Pharmacy Administration and Pharmacy Policy and Regulatory Affairs,22,0.01
Frequencies,1250,33340,CIPCODE,51.2003,Pharmaceutics and Drug Design,37,0.02
Frequencies,1251,33340,CIPCODE,51.2004,Medicinal and Pharmaceutical Chemistry,35,0.01
Frequencies,1252,33340,CIPCODE,51.2005,Natural Products Chemistry and Pharmacognosy,2,0
Frequencies,1253,33340,CIPCODE,51.2006,Clinical and Industrial Drug Development,11,0
Frequencies,1254,33340,CIPCODE,51.2007,Pharmacoeconomics/Pharmaceutical Economics,14,0.01
Frequencies,1255,33340,CIPCODE,51.2008,"Clinical, Hospital, and Managed Care Pharmacy",6,0
Frequencies,1256,33340,CIPCODE,51.2009,Industrial and Physical Pharmacy and Cosmetic Sciences,8,0
Frequencies,1257,33340,CIPCODE,51.2010,Pharmaceutical Sciences,57,0.02
Frequencies,1258,33340,CIPCODE,51.2011,Pharmaceutical Marketing and Management,9,0
Frequencies,1259,33340,CIPCODE,51.2099,"Pharmacy, Pharmaceutical Sciences, and Administration, Other",35,0.01
Frequencies,1260,33340,CIPCODE,51.2101,Podiatric Medicine/Podiatry,9,0
Frequencies,1261,33340,CIPCODE,51.2201,"Public Health, General",401,0.17
Frequencies,1262,33340,CIPCODE,51.2202,Environmental Health,97,0.04
Frequencies,1263,33340,CIPCODE,51.2205,Health/Medical Physics,38,0.02
Frequencies,1264,33340,CIPCODE,51.2206,Occupational Health and Industrial Hygiene,35,0.01
Frequencies,1265,33340,CIPCODE,51.2207,Public Health Education and Promotion,157,7.0000000000000021E-2
Frequencies,1266,33340,CIPCODE,51.2208,Community Health and Preventive Medicine,102,0.04
Frequencies,1267,33340,CIPCODE,51.2209,Maternal and Child Health,21,0.01
Frequencies,1268,33340,CIPCODE,51.2210,International Public Health/International Health,63,0.03
Frequencies,1269,33340,CIPCODE,51.2211,Health Services Administration,128,0.05
Frequencies,1270,33340,CIPCODE,51.2212,Behavioral Aspects of Health,32,0.01
Frequencies,1271,33340,CIPCODE,51.2299,"Public Health, Other",87,0.04
Frequencies,1272,33340,CIPCODE,51.2301,Art Therapy/Therapist,78,0.03
Frequencies,1273,33340,CIPCODE,51.2302,Dance Therapy/Therapist,5,0
Frequencies,1274,33340,CIPCODE,51.2305,Music Therapy/Therapist,68,0.03
Frequencies,1275,33340,CIPCODE,51.2306,Occupational Therapy/Therapist,213,0.09
Frequencies,1276,33340,CIPCODE,51.2307,Orthotist/Prosthetist,19,0.01
Frequencies,1277,33340,CIPCODE,51.2308,Physical Therapy/Therapist,271,0.11
Frequencies,1278,33340,CIPCODE,51.2309,Therapeutic Recreation/Recreational Therapy,57,0.02
Frequencies,1279,33340,CIPCODE,51.2310,Vocational Rehabilitation Counseling/Counselor,75,0.03
Frequencies,1280,33340,CIPCODE,51.2311,Kinesiotherapy/Kinesiotherapist,9,0
Frequencies,1281,33340,CIPCODE,51.2312,Assistive/Augmentative Technology and Rehabilitation Engineering,9,0
Frequencies,1282,33340,CIPCODE,51.2313,Animal-Assisted Therapy,9,0
Frequencies,1283,33340,CIPCODE,51.2314,Rehabilitation Science,45,0.02
Frequencies,1284,33340,CIPCODE,51.2399,"Rehabilitation and Therapeutic Professions, Other",80,0.03
Frequencies,1285,33340,CIPCODE,51.2401,Veterinary Medicine,32,0.01
Frequencies,1286,33340,CIPCODE,51.2501,"Veterinary Sciences/Veterinary Clinical Sciences, General",30,0.01
Frequencies,1287,33340,CIPCODE,51.2503,Veterinary Physiology,2,0
Frequencies,1288,33340,CIPCODE,51.2504,Veterinary Microbiology and Immunobiology,3,0
Frequencies,1289,33340,CIPCODE,51.2505,Veterinary Pathology and Pathobiology,9,0
Frequencies,1290,33340,CIPCODE,51.2507,Large Animal/Food Animal and Equine Surgery and Medicine,2,0
Frequencies,1291,33340,CIPCODE,51.2508,Small/Companion Animal Surgery and Medicine,2,0
Frequencies,1292,33340,CIPCODE,51.2509,Comparative and Laboratory Animal Medicine,9,0
Frequencies,1293,33340,CIPCODE,51.2510,"Veterinary Preventive Medicine, Epidemiology, and Public Health",6,0
Frequencies,1294,33340,CIPCODE,51.2511,Veterinary Infectious Diseases,3,0
Frequencies,1295,33340,CIPCODE,51.2601,Health Aide,33,0.01
Frequencies,1296,33340,CIPCODE,51.2602,Home Health Aide/Home Attendant,69,0.03
Frequencies,1297,33340,CIPCODE,51.2603,Medication Aide,32,0.01
Frequencies,1298,33340,CIPCODE,51.2604,Rehabilitation Aide,18,0.01
Frequencies,1299,33340,CIPCODE,51.2699,"Health Aides/Attendants/Orderlies, Other",15,0.01
Frequencies,1300,33340,CIPCODE,51.2703,Medical Illustration/Medical Illustrator,11,0
Frequencies,1301,33340,CIPCODE,51.2706,Medical Informatics,137,0.06
Frequencies,1302,33340,CIPCODE,51.2799,"Medical Illustration and Informatics, Other",4,0
Frequencies,1303,33340,CIPCODE,51.3101,Dietetics/Dietitian,169,7.0000000000000021E-2
Frequencies,1304,33340,CIPCODE,51.3102,Clinical Nutrition/Nutritionist,46,0.02
Frequencies,1305,33340,CIPCODE,51.3103,Dietetic Technician,45,0.02
Frequencies,1306,33340,CIPCODE,51.3104,Dietitian Assistant,25,0.01
Frequencies,1307,33340,CIPCODE,51.3199,"Dietetics and Clinical Nutrition Services, Other",33,0.01
Frequencies,1308,33340,CIPCODE,51.3201,Bioethics/Medical Ethics,51,0.02
Frequencies,1309,33340,CIPCODE,51.3300,"Alternative and Complementary Medicine and Medical Systems, General",11,0
Frequencies,1310,33340,CIPCODE,51.3301,Acupuncture and Oriental Medicine,50,0.02
Frequencies,1311,33340,CIPCODE,51.3302,Traditional Chinese Medicine and Chinese Herbology,13,0.01
Frequencies,1312,33340,CIPCODE,51.3303,Naturopathic Medicine/Naturopathy,7,0
Frequencies,1313,33340,CIPCODE,51.3304,Homeopathic Medicine/Homeopathy,1,0
Frequencies,1314,33340,CIPCODE,51.3305,Ayurvedic Medicine/Ayurveda,7,0
Frequencies,1315,33340,CIPCODE,51.3306,Holistic Health,20,0.01
Frequencies,1316,33340,CIPCODE,51.3399,"Alternative and Complementary Medicine and Medical Systems, Other",9,0
Frequencies,1317,33340,CIPCODE,51.3401,Direct Entry Midwifery,7,0
Frequencies,1318,33340,CIPCODE,51.3499,"Alternative and Complementary Medical Support Services, Other",2,0
Frequencies,1319,33340,CIPCODE,51.3501,Massage Therapy/Therapeutic Massage,527,0.22
Frequencies,1320,33340,CIPCODE,51.3502,Asian Bodywork Therapy,5,0
Frequencies,1321,33340,CIPCODE,51.3503,Somatic Bodywork,5,0
Frequencies,1322,33340,CIPCODE,51.3599,"Somatic Bodywork and Related Therapeutic Services, Other",3,0
Frequencies,1323,33340,CIPCODE,51.3601,Movement Therapy and Movement Education,7,0
Frequencies,1324,33340,CIPCODE,51.3602,Yoga Teacher Training/Yoga Therapy,11,0
Frequencies,1325,33340,CIPCODE,51.3603,Hypnotherapy/Hypnotherapist,3,0
Frequencies,1326,33340,CIPCODE,51.3699,"Movement and Mind-Body Therapies and Education, Other",4,0
Frequencies,1327,33340,CIPCODE,51.3701,Aromatherapy,1,0
Frequencies,1328,33340,CIPCODE,51.3702,Herbalism/Herbalist,8,0
Frequencies,1329,33340,CIPCODE,51.3703,Polarity Therapy,5,0
Frequencies,1330,33340,CIPCODE,51.3704,Reiki,2,0
Frequencies,1331,33340,CIPCODE,51.3799,"Energy and Biologically Based Therapies, Other",2,0
Frequencies,1332,33340,CIPCODE,51.3801,Registered Nursing/Registered Nurse,2046,0.85
Frequencies,1333,33340,CIPCODE,51.3802,Nursing Administration,248,0.1
Frequencies,1334,33340,CIPCODE,51.3803,Adult Health Nurse/Nursing,111,0.05
Frequencies,1335,33340,CIPCODE,51.3804,Nurse Anesthetist,92,0.04
Frequencies,1336,33340,CIPCODE,51.3805,Family Practice Nurse/Nursing,312,0.13
Frequencies,1337,33340,CIPCODE,51.3806,Maternal/Child Health and Neonatal Nurse/Nursing,31,0.01
Frequencies,1338,33340,CIPCODE,51.3807,Nurse Midwife/Nursing Midwifery,25,0.01
Frequencies,1339,33340,CIPCODE,51.3808,Nursing Science,170,7.0000000000000021E-2
Frequencies,1340,33340,CIPCODE,51.3809,Pediatric Nurse/Nursing,52,0.02
Frequencies,1341,33340,CIPCODE,51.3810,Psychiatric/Mental Health Nurse/Nursing,111,0.05
Frequencies,1342,33340,CIPCODE,51.3811,Public Health/Community Nurse/Nursing,34,0.01
Frequencies,1343,33340,CIPCODE,51.3812,Perioperative/Operating Room and Surgical Nurse/Nursing,12,0
Frequencies,1344,33340,CIPCODE,51.3813,Clinical Nurse Specialist,47,0.02
Frequencies,1345,33340,CIPCODE,51.3814,Critical Care Nursing,37,0.02
Frequencies,1346,33340,CIPCODE,51.3815,Occupational and Environmental Health Nursing,2,0
Frequencies,1347,33340,CIPCODE,51.3816,Emergency Room/Trauma Nursing,6,0
Frequencies,1348,33340,CIPCODE,51.3817,Nursing Education,234,0.1
Frequencies,1349,33340,CIPCODE,51.3818,Nursing Practice,298,0.12
Frequencies,1350,33340,CIPCODE,51.3819,Palliative Care Nursing,11,0
Frequencies,1351,33340,CIPCODE,51.3820,Clinical Nurse Leader,42,0.02
Frequencies,1352,33340,CIPCODE,51.3821,Geriatric Nurse/Nursing,53,0.02
Frequencies,1353,33340,CIPCODE,51.3822,Women's Health Nurse/Nursing,21,0.01
Frequencies,1354,33340,CIPCODE,51.3899,"Registered Nursing, Nursing Administration, Nursing Research and Clinical Nursin",167,7.0000000000000021E-2
Frequencies,1355,33340,CIPCODE,51.3901,Licensed Practical/Vocational Nurse Training,1014,0.42
Frequencies,1356,33340,CIPCODE,51.3902,Nursing Assistant/Aide and Patient Care Assistant/Aide,640,0.27
Frequencies,1357,33340,CIPCODE,51.3999,"Practical Nursing, Vocational Nursing and Nursing Assistants, Other",119,0.05
Frequencies,1358,33340,CIPCODE,51.9999,"Health Professions and Related Clinical Sciences, Other",311,0.13
Frequencies,1359,33340,CIPCODE,52,"Business, Management, Marketing, and Related Support Services",3207,1.33
Frequencies,1360,33340,CIPCODE,52.0101,"Business/Commerce, General",959,0.4
Frequencies,1361,33340,CIPCODE,52.0201,"Business Administration and Management, General",2530,1.05
Frequencies,1362,33340,CIPCODE,52.0202,"Purchasing, Procurement/Acquisitions and Contracts Management",57,0.02
Frequencies,1363,33340,CIPCODE,52.0203,"Logistics, Materials, and Supply Chain Management",366,0.15
Frequencies,1364,33340,CIPCODE,52.0204,Office Management and Supervision,317,0.13
Frequencies,1365,33340,CIPCODE,52.0205,Operations Management and Supervision,243,0.1
Frequencies,1366,33340,CIPCODE,52.0206,Non-Profit/Public/Organizational Management,241,0.1
Frequencies,1367,33340,CIPCODE,52.0207,Customer Service Management,44,0.02
Frequencies,1368,33340,CIPCODE,52.0208,E-Commerce/Electronic Commerce,105,0.04
Frequencies,1369,33340,CIPCODE,52.0209,Transportation/Mobility Management,58,0.02
Frequencies,1370,33340,CIPCODE,52.0210,Research and Development Management,24,0.01
Frequencies,1371,33340,CIPCODE,52.0211,Project Management,160,7.0000000000000021E-2
Frequencies,1372,33340,CIPCODE,52.0212,Retail Management,105,0.04
Frequencies,1373,33340,CIPCODE,52.0213,Organizational Leadership,449,0.19
Frequencies,1374,33340,CIPCODE,52.0299,"Business Administration, Management and Operations, Other",434,0.18
Frequencies,1375,33340,CIPCODE,52.0301,Accounting,1588,0.66
Frequencies,1376,33340,CIPCODE,52.0302,Accounting Technology/Technician and Bookkeeping,794,0.33
Frequencies,1377,33340,CIPCODE,52.0303,Auditing,21,0.01
Frequencies,1378,33340,CIPCODE,52.0304,Accounting and Finance,134,0.06
Frequencies,1379,33340,CIPCODE,52.0305,Accounting and Business/Management,157,7.0000000000000021E-2
Frequencies,1380,33340,CIPCODE,52.0399,"Accounting and Related Services, Other",92,0.04
Frequencies,1381,33340,CIPCODE,52.0401,"Administrative Assistant and Secretarial Science, General",767,0.32
Frequencies,1382,33340,CIPCODE,52.0402,Executive Assistant/Executive Secretary,155,0.06
Frequencies,1383,33340,CIPCODE,52.0406,Receptionist,36,0.01
Frequencies,1384,33340,CIPCODE,52.0407,Business/Office Automation/Technology/Data Entry,208,0.09
Frequencies,1385,33340,CIPCODE,52.0408,General Office Occupations and Clerical Services,224,0.09
Frequencies,1386,33340,CIPCODE,52.0409,"Parts, Warehousing, and Inventory Management Operations",16,0.01
Frequencies,1387,33340,CIPCODE,52.0410,"Traffic, Customs, and Transportation Clerk/Technician",5,0
Frequencies,1388,33340,CIPCODE,52.0411,Customer Service Support/Call Center/Teleservice Operation,52,0.02
Frequencies,1389,33340,CIPCODE,52.0499,"Business Operations Support and Secretarial Services, Other",57,0.02
Frequencies,1390,33340,CIPCODE,52.0501,Business/Corporate Communications,72,0.03
Frequencies,1391,33340,CIPCODE,52.0601,Business/Managerial Economics,267,0.11
Frequencies,1392,33340,CIPCODE,52.0701,Entrepreneurship/Entrepreneurial Studies,618,0.26
Frequencies,1393,33340,CIPCODE,52.0702,Franchising and Franchise Operations,3,0
Frequencies,1394,33340,CIPCODE,52.0703,Small Business Administration/Management,233,0.1
Frequencies,1395,33340,CIPCODE,52.0799,"Entrepreneurial and Small Business Operations, Other",57,0.02
Frequencies,1396,33340,CIPCODE,52.0801,"Finance, General",796,0.33
Frequencies,1397,33340,CIPCODE,52.0803,Banking and Financial Support Services,142,0.06
Frequencies,1398,33340,CIPCODE,52.0804,Financial Planning and Services,92,0.04
Frequencies,1399,33340,CIPCODE,52.0806,International Finance,12,0
Frequencies,1400,33340,CIPCODE,52.0807,Investments and Securities,24,0.01
Frequencies,1401,33340,CIPCODE,52.0808,Public Finance,4,0
Frequencies,1402,33340,CIPCODE,52.0809,Credit Management,4,0
Frequencies,1403,33340,CIPCODE,52.0899,"Finance and Financial Management Services, Other",58,0.02
Frequencies,1404,33340,CIPCODE,52.0901,"Hospitality Administration/Management, General",441,0.18
Frequencies,1405,33340,CIPCODE,52.0903,Tourism and Travel Services Management,93,0.04
Frequencies,1406,33340,CIPCODE,52.0904,Hotel/Motel Administration/Management,165,7.0000000000000021E-2
Frequencies,1407,33340,CIPCODE,52.0905,Restaurant/Food Services Management,84,0.03
Frequencies,1408,33340,CIPCODE,52.0906,Resort Management,29,0.01
Frequencies,1409,33340,CIPCODE,52.0907,Meeting and Event Planning,64,0.03
Frequencies,1410,33340,CIPCODE,52.0908,Casino Management,17,0.01
Frequencies,1411,33340,CIPCODE,52.0909,"Hotel, Motel, and Restaurant Management",39,0.02
Frequencies,1412,33340,CIPCODE,52.0999,"Hospitality Administration/Management, Other",50,0.02
Frequencies,1413,33340,CIPCODE,52.1001,"Human Resources Management/Personnel Administration, General",613,0.25
Frequencies,1414,33340,CIPCODE,52.1002,Labor and Industrial Relations,48,0.02
Frequencies,1415,33340,CIPCODE,52.1003,Organizational Behavior Studies,161,7.0000000000000021E-2
Frequencies,1416,33340,CIPCODE,52.1004,Labor Studies,20,0.01
Frequencies,1417,33340,CIPCODE,52.1005,Human Resources Development,78,0.03
Frequencies,1418,33340,CIPCODE,52.1099,"Human Resources Management and Services, Other",59,0.02
Frequencies,1419,33340,CIPCODE,52.1101,International Business/Trade/Commerce,608,0.25
Frequencies,1420,33340,CIPCODE,52.1201,"Management Information Systems, General",562,0.23000000000000004
Frequencies,1421,33340,CIPCODE,52.1206,Information Resources Management,64,0.03
Frequencies,1422,33340,CIPCODE,52.1207,Knowledge Management,28,0.01
Frequencies,1423,33340,CIPCODE,52.1299,"Management Information Systems and Services, Other",68,0.03
Frequencies,1424,33340,CIPCODE,52.1301,Management Science,268,0.11
Frequencies,1425,33340,CIPCODE,52.1302,Business Statistics,87,0.04
Frequencies,1426,33340,CIPCODE,52.1304,Actuarial Science,124,0.05
Frequencies,1427,33340,CIPCODE,52.1399,"Management Sciences and Quantitative Methods, Other",131,0.05
Frequencies,1428,33340,CIPCODE,52.1401,"Marketing/Marketing Management, General",1070,0.45
Frequencies,1429,33340,CIPCODE,52.1402,Marketing Research,36,0.01
Frequencies,1430,33340,CIPCODE,52.1403,International Marketing,22,0.01
Frequencies,1431,33340,CIPCODE,52.1499,"Marketing, Other",120,0.05
Frequencies,1432,33340,CIPCODE,52.1501,Real Estate,228,0.09
Frequencies,1433,33340,CIPCODE,52.1601,Taxation,113,0.05
Frequencies,1434,33340,CIPCODE,52.1701,Insurance,94,0.04
Frequencies,1435,33340,CIPCODE,52.1801,"Sales, Distribution, and Marketing Operations, General",187,0.08
Frequencies,1436,33340,CIPCODE,52.1802,Merchandising and Buying Operations,6,0
Frequencies,1437,33340,CIPCODE,52.1803,Retailing and Retail Operations,95,0.04
Frequencies,1438,33340,CIPCODE,52.1804,Selling Skills and Sales Operations,99,0.04
Frequencies,1439,33340,CIPCODE,52.1899,"General Merchandising, Sales, and Related Marketing Operations, Other",40,0.02
Frequencies,1440,33340,CIPCODE,52.1901,Auctioneering,1,0
Frequencies,1441,33340,CIPCODE,52.1902,Fashion Merchandising,121,0.05
Frequencies,1442,33340,CIPCODE,52.1903,Fashion Modeling,1,0
Frequencies,1443,33340,CIPCODE,52.1904,Apparel and Accessories Marketing Operations,14,0.01
Frequencies,1444,33340,CIPCODE,52.1905,Tourism and Travel Services Marketing Operations,35,0.01
Frequencies,1445,33340,CIPCODE,52.1906,Tourism Promotion Operations,13,0.01
Frequencies,1446,33340,CIPCODE,52.1907,Vehicle and Vehicle Parts and Accessories Marketing Operations,10,0
Frequencies,1447,33340,CIPCODE,52.1908,Business and Personal/Financial Services Marketing Operations,8,0
Frequencies,1448,33340,CIPCODE,52.1909,Special Products Marketing Operations,14,0.01
Frequencies,1449,33340,CIPCODE,52.1910,Hospitality and Recreation Marketing Operations,14,0.01
Frequencies,1450,33340,CIPCODE,52.1999,"Specialized Merchandising, Sales, and Marketing Operations, Other",15,0.01
Frequencies,1451,33340,CIPCODE,52.2001,Construction Management,153,0.06
Frequencies,1452,33340,CIPCODE,52.2101,Telecommunications Management,14,0.01
Frequencies,1453,33340,CIPCODE,52.9999,"Business, Management, Marketing, and Related Support Services, Other",228,0.09
Frequencies,1454,33340,CIPCODE,54,History,1514,0.63
Frequencies,1455,33340,CIPCODE,54.0101,"History, General",1495,0.62
Frequencies,1456,33340,CIPCODE,54.0102,American History (United States),33,0.01
Frequencies,1457,33340,CIPCODE,54.0103,European History,15,0.01
Frequencies,1458,33340,CIPCODE,54.0104,History and Philosophy of Science and Technology,27,0.01
Frequencies,1459,33340,CIPCODE,54.0105,Public/Applied History,54,0.02
Frequencies,1460,33340,CIPCODE,54.0106,Asian History,3,0
Frequencies,1461,33340,CIPCODE,54.0108,Military History,9,0
Frequencies,1462,33340,CIPCODE,54.0199,"History, Other",85,0.04
Frequencies,1463,,,,,,
Statistics,0,varnumber,varname,n,sum,mean,min,max,varTitle
Statistics,1,33345,PTOTAL,240405,753273,3.1333499719223799,1,687,Number of programs offered
Statistics,2,33350,PTOTALDE,240405,95139,0.39574468085106373,0,209,Number of programs offered via distance education
Statistics,3,33355,PASSOC,240405,134832,0.56085355961814443,0,118,Number of Associate's degree programs offered
Statistics,4,33360,PASSOCDE,240405,17880,7.4374493042989986E-2,0,78,Number of Associate's degree programs offered via distance education
Statistics,5,33365,PBACHL,240405,241491,1.0045173769264368,0,245,Number of Bachelor's degree programs offered
Statistics,6,33370,PBACHLDE,240405,22329,9.2880763711237269E-2,0,67,Number of Bachelor's degree programs offered via distance education
Statistics,7,33375,PMASTR,240405,119565,0.4973482248705311,0,273,Number of Master's degree programs offered
Statistics,8,33380,PMASTRDE,240405,26157,0.10880389342983718,0,76,Number of Master's degree programs offered via distance education
Statistics,9,33385,PDOCRS,240405,35376,0.14715168153740563,0,158,Number of Doctor's degree-research/scholarship programs offered
Statistics,10,33390,PDOCRSDE,240405,2040,8.4856804143008668E-3,0,60,Number of Doctor's degree-research/scholarship programs offered via distance education
Statistics,11,33395,PDOCPP,240405,5532,2.3011168652898241E-2,0,22,Number of Doctor's degree-professional practice programs offered
Statistics,12,33400,PDOCPPDE,240405,759,3.1571722717913522E-3,0,9,Number of Doctor's degree-professional practice programs offered via distance education
Statistics,13,33405,PDOCOT,240405,693,2.8826355525051477E-3,0,11,Number of Doctor's degree-other programs offered
Statistics,14,33410,PDOCOTDE,240405,153,6.3642603107256493E-4,0,5,Number of Doctor's degree-other programs offered via distance education
Statistics,15,33415,PCERT1,240405,91299,0.37977163536532094,0,126,Number of less than 1-year certificate programs offered
Statistics,16,33420,PCERT1DE,240405,9306,3.8709677419354847E-2,0,36,Number of less than 1-year certificate programs offered via distance education
Statistics,17,33425,PCERT2,240405,78789,0.32773444811879954,0,85,"Number of 1-year, but less than-2-year certificate programs offered"
Statistics,18,33430,PCERT2DE,240405,5973,2.4845573095401505E-2,0,21,"Number of 1-year, but less than 2-year certificate programs offered via distance education"
Statistics,19,33435,PCERT4,240405,5910,2.4583515317901043E-2,0,29,"Number of 2-year, but less than 4-year certificate programs offered"
Statistics,20,33440,PCERT4DE,240405,249,1.0357521682161348E-3,0,12,"Number of 2-year, but less than 4-year certificate programs offered via distance education"
Statistics,21,33445,PPBACC,240405,27612,0.11485618019591939,0,100,Number of Postbaccalaureate certificate programs offered
Statistics,22,33450,PPBACCDE,240405,7827,3.2557559118986709E-2,0,42,Number of Postbaccalaureate certificate programs offered via distance education
Statistics,23,33455,PPMAST,240405,12174,5.0639545766519002E-2,0,130,Number of Post-master's certificate programs offered
Statistics,24,33460,PPMASTDE,240405,2466,1.0257690147875457E-2,0,27,Number of Post-master's certificate programs offered via distance education
FrequenciesRV,0,varnumber,varname,codevalue,valuelabel,frequency,percent
FrequenciesRV,1,33340,CIPCODE,99,Grand total,6270,2.61
FrequenciesRV,2,33340,CIPCODE,01,"Agriculture, Agriculture Operations and Related Sciences",763,0.32
FrequenciesRV,3,33340,CIPCODE,01.0000,"Agriculture, General",186,0.08
FrequenciesRV,4,33340,CIPCODE,01.0101,"Agricultural Business and Management, General",142,0.06
FrequenciesRV,5,33340,CIPCODE,01.0102,Agribusiness/Agricultural Business Operations,144,0.06
FrequenciesRV,6,33340,CIPCODE,01.0103,Agricultural Economics,59,0.02
FrequenciesRV,7,33340,CIPCODE,01.0104,Farm/Farm and Ranch Management,57,0.02
FrequenciesRV,8,33340,CIPCODE,01.0105,Agricultural/Farm Supplies Retailing and Wholesaling,23,0.01
FrequenciesRV,9,33340,CIPCODE,01.0106,Agricultural Business Technology,14,0.01
FrequenciesRV,10,33340,CIPCODE,01.0199,"Agricultural Business and Management, Other",19,0.01
FrequenciesRV,11,33340,CIPCODE,01.0201,"Agricultural Mechanization, General",38,0.02
FrequenciesRV,12,33340,CIPCODE,01.0204,Agricultural Power Machinery Operation,10,0
FrequenciesRV,13,33340,CIPCODE,01.0205,Agricultural Mechanics and Equipment/Machine Technology,43,0.02
FrequenciesRV,14,33340,CIPCODE,01.0299,"Agricultural Mechanization, Other",5,0
FrequenciesRV,15,33340,CIPCODE,01.0301,"Agricultural Production Operations, General",73,0.03
FrequenciesRV,16,33340,CIPCODE,01.0302,Animal/Livestock Husbandry and Production,59,0.02
FrequenciesRV,17,33340,CIPCODE,01.0303,Aquaculture,20,0.01
FrequenciesRV,18,33340,CIPCODE,01.0304,Crop Production,51,0.02
FrequenciesRV,19,33340,CIPCODE,01.0306,Dairy Husbandry and Production,13,0.01
FrequenciesRV,20,33340,CIPCODE,01.0307,Horse Husbandry/Equine Science and Management,44,0.02
FrequenciesRV,21,33340,CIPCODE,01.0308,Agroecology and Sustainable Agriculture,65,0.03
FrequenciesRV,22,33340,CIPCODE,01.0309,Viticulture and Enology,37,0.02
FrequenciesRV,23,33340,CIPCODE,01.0399,"Agricultural Production Operations, Other",13,0.01
FrequenciesRV,24,33340,CIPCODE,01.0401,Agricultural and Food Products Processing,30,0.01
FrequenciesRV,25,33340,CIPCODE,01.0504,Dog/Pet/Animal Grooming,8,0
FrequenciesRV,26,33340,CIPCODE,01.0505,Animal Training,7,0
FrequenciesRV,27,33340,CIPCODE,01.0507,Equestrian/Equine Studies,66,0.03
FrequenciesRV,28,33340,CIPCODE,01.0508,Taxidermy/Taxidermist,3,0
FrequenciesRV,29,33340,CIPCODE,01.0599,"Agricultural and Domestic Animal Services, Other",7,0
FrequenciesRV,30,33340,CIPCODE,01.0601,"Applied Horticulture/Horticulture Operations, General",188,0.08
FrequenciesRV,31,33340,CIPCODE,01.0603,Ornamental Horticulture,27,0.01
FrequenciesRV,32,33340,CIPCODE,01.0604,Greenhouse Operations and Management,16,0.01
FrequenciesRV,33,33340,CIPCODE,01.0605,Landscaping and Groundskeeping,136,0.06
FrequenciesRV,34,33340,CIPCODE,01.0606,Plant Nursery Operations and Management,39,0.02
FrequenciesRV,35,33340,CIPCODE,01.0607,Turf and Turfgrass Management,65,0.03
FrequenciesRV,36,33340,CIPCODE,01.0608,Floriculture/Floristry Operations and Management,43,0.02
FrequenciesRV,37,33340,CIPCODE,01.0699,"Applied Horticulture/Horticultural Business Services, Other",11,0
FrequenciesRV,38,33340,CIPCODE,01.0701,International Agriculture,13,0.01
FrequenciesRV,39,33340,CIPCODE,01.0801,Agricultural and Extension Education Services,20,0.01
FrequenciesRV,40,33340,CIPCODE,01.0802,Agricultural Communication/Journalism,23,0.01
FrequenciesRV,41,33340,CIPCODE,01.0899,"Agricultural Public Services, Other",4,0
FrequenciesRV,42,33340,CIPCODE,01.0901,"Animal Sciences, General",119,0.05
FrequenciesRV,43,33340,CIPCODE,01.0902,Agricultural Animal Breeding,3,0
FrequenciesRV,44,33340,CIPCODE,01.0903,Animal Health,5,0
FrequenciesRV,45,33340,CIPCODE,01.0904,Animal Nutrition,1,0
FrequenciesRV,46,33340,CIPCODE,01.0905,Dairy Science,17,0.01
FrequenciesRV,47,33340,CIPCODE,01.0906,Livestock Management,11,0
FrequenciesRV,48,33340,CIPCODE,01.0907,Poultry Science,11,0
FrequenciesRV,49,33340,CIPCODE,01.0999,"Animal Sciences, Other",13,0.01
FrequenciesRV,50,33340,CIPCODE,01.1001,Food Science,84,0.03
FrequenciesRV,51,33340,CIPCODE,01.1002,Food Technology and Processing,19,0.01
FrequenciesRV,52,33340,CIPCODE,01.1099,"Food Science and Technology, Other",17,0.01
FrequenciesRV,53,33340,CIPCODE,01.1101,"Plant Sciences, General",46,0.02
FrequenciesRV,54,33340,CIPCODE,01.1102,Agronomy and Crop Science,61,0.03
FrequenciesRV,55,33340,CIPCODE,01.1103,Horticultural Science,65,0.03
FrequenciesRV,56,33340,CIPCODE,01.1104,Agricultural and Horticultural Plant Breeding,5,0
FrequenciesRV,57,33340,CIPCODE,01.1105,Plant Protection and Integrated Pest Management,19,0.01
FrequenciesRV,58,33340,CIPCODE,01.1106,Range Science and Management,28,0.01
FrequenciesRV,59,33340,CIPCODE,01.1199,"Plant Sciences, Other",10,0
FrequenciesRV,60,33340,CIPCODE,01.1201,"Soil Science and Agronomy, General",33,0.01
FrequenciesRV,61,33340,CIPCODE,01.1202,Soil Chemistry and Physics,1,0
FrequenciesRV,62,33340,CIPCODE,01.1299,"Soil Sciences, Other",9,0
FrequenciesRV,63,33340,CIPCODE,01.9999,"Agriculture, Agriculture Operations and Related Sciences, Other",41,0.02
FrequenciesRV,64,33340,CIPCODE,03,Natural Resources and Conservation,1151,0.48
FrequenciesRV,65,33340,CIPCODE,03.0101,"Natural Resources/Conservation, General",149,0.06
FrequenciesRV,66,33340,CIPCODE,03.0103,Environmental Studies,546,0.23
FrequenciesRV,67,33340,CIPCODE,03.0104,Environmental Science,644,0.27
FrequenciesRV,68,33340,CIPCODE,03.0199,"Natural Resources Conservation and Research, Other",29,0.01
FrequenciesRV,69,33340,CIPCODE,03.0201,Natural Resources Management and Policy,93,0.04
FrequenciesRV,70,33340,CIPCODE,03.0204,Natural Resource Economics,16,0.01
FrequenciesRV,71,33340,CIPCODE,03.0205,"Water, Wetlands, and Marine Resources Management",29,0.01
FrequenciesRV,72,33340,CIPCODE,03.0206,Land Use Planning and Management/Development,14,0.01
FrequenciesRV,73,33340,CIPCODE,03.0207,Natural Resource Recreation and Tourism,13,0.01
FrequenciesRV,74,33340,CIPCODE,03.0208,Natural Resources Law Enforcement and Protective Services,12,0
FrequenciesRV,75,33340,CIPCODE,03.0299,"Natural Resources Management and Policy, Other",32,0.01
FrequenciesRV,76,33340,CIPCODE,03.0301,Fishing and Fisheries Sciences and Management,30,0.01
FrequenciesRV,77,33340,CIPCODE,03.0501,"Forestry, General",59,0.02
FrequenciesRV,78,33340,CIPCODE,03.0502,Forest Sciences and Biology,22,0.01
FrequenciesRV,79,33340,CIPCODE,03.0506,Forest Management/Forest Resources Management,26,0.01
FrequenciesRV,80,33340,CIPCODE,03.0508,Urban Forestry,15,0.01
FrequenciesRV,81,33340,CIPCODE,03.0509,Wood Science and Wood Products/Pulp and Paper Technology,12,0
FrequenciesRV,82,33340,CIPCODE,03.0510,Forest Resources Production and Management,6,0
FrequenciesRV,83,33340,CIPCODE,03.0511,Forest Technology/Technician,38,0.02
FrequenciesRV,84,33340,CIPCODE,03.0599,"Forestry, Other",16,0.01
FrequenciesRV,85,33340,CIPCODE,03.0601,"Wildlife, Fish and Wildlands Science and Management",98,0.04
FrequenciesRV,86,33340,CIPCODE,03.9999,"Natural Resources and Conservation, Other",33,0.01
FrequenciesRV,87,33340,CIPCODE,04,Architecture and Related Services,367,0.15
FrequenciesRV,88,33340,CIPCODE,04.0201,Architecture,153,0.06
FrequenciesRV,89,33340,CIPCODE,04.0301,"City/Urban, Community and Regional Planning",130,0.05
FrequenciesRV,90,33340,CIPCODE,04.0401,Environmental Design/Architecture,56,0.02
FrequenciesRV,91,33340,CIPCODE,04.0501,Interior Architecture,51,0.02
FrequenciesRV,92,33340,CIPCODE,04.0601,Landscape Architecture,84,0.03
FrequenciesRV,93,33340,CIPCODE,04.0801,"Architectural History and Criticism, General",22,0.01
FrequenciesRV,94,33340,CIPCODE,04.0901,Architectural Technology/Technician,80,0.03
FrequenciesRV,95,33340,CIPCODE,04.0902,Architectural and Building Sciences/Technology,74,0.03
FrequenciesRV,96,33340,CIPCODE,04.0999,"Architectural Sciences and Technology, Other",1,0
FrequenciesRV,97,33340,CIPCODE,04.1001,Real Estate Development,15,0.01
FrequenciesRV,98,33340,CIPCODE,04.9999,"Architecture and Related Services, Other",39,0.02
FrequenciesRV,99,33340,CIPCODE,05,"Area, Ethnic, Cultural, Gender, and Group Studies",798,0.33
FrequenciesRV,100,33340,CIPCODE,05.0101,African Studies,76,0.03
FrequenciesRV,101,33340,CIPCODE,05.0102,American/United States Studies/Civilization,229,0.1
FrequenciesRV,102,33340,CIPCODE,05.0103,Asian Studies/Civilization,160,7.0000000000000007E-2
FrequenciesRV,103,33340,CIPCODE,05.0104,East Asian Studies,94,0.04
FrequenciesRV,104,33340,CIPCODE,05.0105,"Russian, Central European, East European and Eurasian Studies",25,0.01
FrequenciesRV,105,33340,CIPCODE,05.0106,European Studies/Civilization,74,0.03
FrequenciesRV,106,33340,CIPCODE,05.0107,Latin American Studies,179,7.0000000000000007E-2
FrequenciesRV,107,33340,CIPCODE,05.0108,Near and Middle Eastern Studies,76,0.03
FrequenciesRV,108,33340,CIPCODE,05.0109,Pacific Area/Pacific Rim Studies,5,0
FrequenciesRV,109,33340,CIPCODE,05.0110,Russian Studies,67,0.03
FrequenciesRV,110,33340,CIPCODE,05.0111,Scandinavian Studies,8,0
FrequenciesRV,111,33340,CIPCODE,05.0112,South Asian Studies,14,0.01
FrequenciesRV,112,33340,CIPCODE,05.0113,Southeast Asian Studies,7,0
FrequenciesRV,113,33340,CIPCODE,05.0114,Western European Studies,9,0
FrequenciesRV,114,33340,CIPCODE,05.0115,Canadian Studies,4,0
FrequenciesRV,115,33340,CIPCODE,05.0118,Slavic Studies,3,0
FrequenciesRV,116,33340,CIPCODE,05.0119,Caribbean Studies,4,0
FrequenciesRV,117,33340,CIPCODE,05.0120,Ural-Altaic and Central Asian Studies,2,0
FrequenciesRV,118,33340,CIPCODE,05.0121,Commonwealth Studies,1,0
FrequenciesRV,119,33340,CIPCODE,05.0122,"Regional Studies (U.S., Canadian, Foreign)",22,0.01
FrequenciesRV,120,33340,CIPCODE,05.0123,Chinese Studies,28,0.01
FrequenciesRV,121,33340,CIPCODE,05.0124,French Studies,40,0.02
FrequenciesRV,122,33340,CIPCODE,05.0125,German Studies,46,0.02
FrequenciesRV,123,33340,CIPCODE,05.0126,Italian Studies,41,0.02
FrequenciesRV,124,33340,CIPCODE,05.0127,Japanese Studies,22,0.01
FrequenciesRV,125,33340,CIPCODE,05.0128,Korean Studies,3,0
FrequenciesRV,126,33340,CIPCODE,05.0130,Spanish and Iberian Studies,16,0.01
FrequenciesRV,127,33340,CIPCODE,05.0133,Irish Studies,1,0
FrequenciesRV,128,33340,CIPCODE,05.0134,Latin American and Caribbean Studies,25,0.01
FrequenciesRV,129,33340,CIPCODE,05.0199,"Area Studies, Other",82,0.03
FrequenciesRV,130,33340,CIPCODE,05.0200,Ethnic Studies,84,0.03
FrequenciesRV,131,33340,CIPCODE,05.0201,African-American/Black Studies,215,0.09
FrequenciesRV,132,33340,CIPCODE,05.0202,American Indian/Native American Studies,98,0.04
FrequenciesRV,133,33340,CIPCODE,05.0203,"Hispanic-American, Puerto Rican, and Mexican-American/Chicano Studies",66,0.03
FrequenciesRV,134,33340,CIPCODE,05.0206,Asian-American Studies,24,0.01
FrequenciesRV,135,33340,CIPCODE,05.0207,Women's Studies,381,0.16
FrequenciesRV,136,33340,CIPCODE,05.0208,Gay/Lesbian Studies,19,0.01
FrequenciesRV,137,33340,CIPCODE,05.0209,Folklore Studies,9,0
FrequenciesRV,138,33340,CIPCODE,05.0210,Disability Studies,18,0.01
FrequenciesRV,139,33340,CIPCODE,05.0211,Deaf Studies,21,0.01
FrequenciesRV,140,33340,CIPCODE,05.0299,"Ethnic, Cultural Minority, Gender, and Group Studies, Other",149,0.06
FrequenciesRV,141,33340,CIPCODE,09,"Communication, Journalism, and Related Programs",1724,0.72
FrequenciesRV,142,33340,CIPCODE,09.0100,"Communication, General",352,0.15
FrequenciesRV,143,33340,CIPCODE,09.0101,Speech Communication and Rhetoric,894,0.37
FrequenciesRV,144,33340,CIPCODE,09.0102,Mass Communication/Media Studies,388,0.16
FrequenciesRV,145,33340,CIPCODE,09.0199,"Communication and Media Studies, Other",179,7.0000000000000007E-2
FrequenciesRV,146,33340,CIPCODE,09.0401,Journalism,472,0.2
FrequenciesRV,147,33340,CIPCODE,09.0402,Broadcast Journalism,92,0.04
FrequenciesRV,148,33340,CIPCODE,09.0404,Photojournalism,29,0.01
FrequenciesRV,149,33340,CIPCODE,09.0499,"Journalism, Other",69,0.03
FrequenciesRV,150,33340,CIPCODE,09.0701,Radio and Television,219,0.09
FrequenciesRV,151,33340,CIPCODE,09.0702,Digital Communication and Media/Multimedia,398,0.17
FrequenciesRV,152,33340,CIPCODE,09.0799,"Radio, Television, and Digital Communication, Other",54,0.02
FrequenciesRV,153,33340,CIPCODE,09.0900,"Public Relations, Advertising, and Applied Communication",152,0.06
FrequenciesRV,154,33340,CIPCODE,09.0901,"Organizational Communication, General",114,0.05
FrequenciesRV,155,33340,CIPCODE,09.0902,Public Relations/Image Management,193,0.08
FrequenciesRV,156,33340,CIPCODE,09.0903,Advertising,136,0.06
FrequenciesRV,157,33340,CIPCODE,09.0904,Political Communication,18,0.01
FrequenciesRV,158,33340,CIPCODE,09.0905,Health Communication,54,0.02
FrequenciesRV,159,33340,CIPCODE,09.0906,Sports Communication,59,0.02
FrequenciesRV,160,33340,CIPCODE,09.0907,International and Intercultural Communication,35,0.01
FrequenciesRV,161,33340,CIPCODE,09.0908,Technical and Scientific Communication,26,0.01
FrequenciesRV,162,33340,CIPCODE,09.0999,"Public Relations, Advertising, and Applied Communication, Other",71,0.03
FrequenciesRV,163,33340,CIPCODE,09.1001,Publishing,23,0.01
FrequenciesRV,164,33340,CIPCODE,09.9999,"Communication, Journalism, and Related Programs, Other",130,0.05
FrequenciesRV,165,33340,CIPCODE,10,Communications Technologies/Technicians and Support Services,667,0.28000000000000003
FrequenciesRV,166,33340,CIPCODE,10.0105,Communications Technology/Technician,48,0.02
FrequenciesRV,167,33340,CIPCODE,10.0201,Photographic and Film/Video Technology/Technician and Assistant,100,0.04
FrequenciesRV,168,33340,CIPCODE,10.0202,Radio and Television Broadcasting Technology/Technician,118,0.05
FrequenciesRV,169,33340,CIPCODE,10.0203,Recording Arts Technology/Technician,160,7.0000000000000007E-2
FrequenciesRV,170,33340,CIPCODE,10.0299,"Audiovisual Communications Technologies/Technicians, Other",24,0.01
FrequenciesRV,171,33340,CIPCODE,10.0301,"Graphic Communications, General",65,0.03
FrequenciesRV,172,33340,CIPCODE,10.0302,Printing Management,7,0
FrequenciesRV,173,33340,CIPCODE,10.0303,Prepress/Desktop Publishing and Digital Imaging Design,134,0.06
FrequenciesRV,174,33340,CIPCODE,10.0304,"Animation, Interactive Technology, Video Graphics and Special Effects",285,0.12
FrequenciesRV,175,33340,CIPCODE,10.0305,"Graphic and Printing Equipment Operator, General Production",55,0.02
FrequenciesRV,176,33340,CIPCODE,10.0306,Platemaker/Imager,5,0
FrequenciesRV,177,33340,CIPCODE,10.0307,Printing Press Operator,4,0
FrequenciesRV,178,33340,CIPCODE,10.0308,Computer Typography and Composition Equipment Operator,1,0
FrequenciesRV,179,33340,CIPCODE,10.0399,"Graphic Communications, Other",14,0.01
FrequenciesRV,180,33340,CIPCODE,10.9999,"Communications Technologies/Technicians and Support Services, Other",30,0.01
FrequenciesRV,181,33340,CIPCODE,11,Computer and Information Sciences and Support Services,2741,1.1399999999999999
FrequenciesRV,182,33340,CIPCODE,11.0101,"Computer and Information Sciences, General",1043,0.43
FrequenciesRV,183,33340,CIPCODE,11.0102,Artificial Intelligence,22,0.01
FrequenciesRV,184,33340,CIPCODE,11.0103,Information Technology,726,0.3
FrequenciesRV,185,33340,CIPCODE,11.0104,Informatics,66,0.03
FrequenciesRV,186,33340,CIPCODE,11.0199,"Computer and Information Sciences, Other",80,0.03
FrequenciesRV,187,33340,CIPCODE,11.0201,"Computer Programming/Programmer, General",491,0.2
FrequenciesRV,188,33340,CIPCODE,11.0202,"Computer Programming, Specific Applications",187,0.08
FrequenciesRV,189,33340,CIPCODE,11.0203,"Computer Programming, Vendor/Product Certification",42,0.02
FrequenciesRV,190,33340,CIPCODE,11.0299,"Computer Programming, Other",33,0.01
FrequenciesRV,191,33340,CIPCODE,11.0301,Data Processing and Data Processing Technology/Technician,155,0.06
FrequenciesRV,192,33340,CIPCODE,11.0401,Information Science/Studies,479,0.2
FrequenciesRV,193,33340,CIPCODE,11.0501,Computer Systems Analysis/Analyst,130,0.05
FrequenciesRV,194,33340,CIPCODE,11.0601,"Data Entry/Microcomputer Applications, General",138,0.06
FrequenciesRV,195,33340,CIPCODE,11.0602,Word Processing,12,0
FrequenciesRV,196,33340,CIPCODE,11.0699,"Data Entry/Microcomputer Applications, Other",5,0
FrequenciesRV,197,33340,CIPCODE,11.0701,Computer Science,916,0.38
FrequenciesRV,198,33340,CIPCODE,11.0801,"Web Page, Digital/Multimedia and Information Resources Design",573,0.24
FrequenciesRV,199,33340,CIPCODE,11.0802,Data Modeling/Warehousing and Database Administration,145,0.06
FrequenciesRV,200,33340,CIPCODE,11.0803,Computer Graphics,145,0.06
FrequenciesRV,201,33340,CIPCODE,11.0804,"Modeling, Virtual Environments and Simulation",37,0.02
FrequenciesRV,202,33340,CIPCODE,11.0899,"Computer Software and Media Applications, Other",97,0.04
FrequenciesRV,203,33340,CIPCODE,11.0901,Computer Systems Networking and Telecommunications,696,0.28999999999999998
FrequenciesRV,204,33340,CIPCODE,11.1001,Network and System Administration/Administrator,284,0.12
FrequenciesRV,205,33340,CIPCODE,11.1002,"System, Networking, and LAN/WAN Management/Manager",127,0.05
FrequenciesRV,206,33340,CIPCODE,11.1003,Computer and Information Systems Security/Information Assurance,701,0.28999999999999998
FrequenciesRV,207,33340,CIPCODE,11.1004,Web/Multimedia Management and Webmaster,163,7.0000000000000007E-2
FrequenciesRV,208,33340,CIPCODE,11.1005,Information Technology Project Management,57,0.02
FrequenciesRV,209,33340,CIPCODE,11.1006,Computer Support Specialist,271,0.11
FrequenciesRV,210,33340,CIPCODE,11.1099,"Computer/Information Technology Services Administration and Management, Other",135,0.06
FrequenciesRV,211,33340,CIPCODE,11.9999,"Computer and Information Sciences and Support Services, Other",162,7.0000000000000007E-2
FrequenciesRV,212,33340,CIPCODE,12,Personal and Culinary Services,2184,0.91
FrequenciesRV,213,33340,CIPCODE,12.0301,"Funeral Service and Mortuary Science, General",66,0.03
FrequenciesRV,214,33340,CIPCODE,12.0302,Funeral Direction/Service,11,0
FrequenciesRV,215,33340,CIPCODE,12.0303,Mortuary Science and Embalming/Embalmer,6,0
FrequenciesRV,216,33340,CIPCODE,12.0399,"Funeral Service and Mortuary Science, Other",4,0
FrequenciesRV,217,33340,CIPCODE,12.0401,"Cosmetology/Cosmetologist, General",1532,0.64
FrequenciesRV,218,33340,CIPCODE,12.0402,Barbering/Barber,478,0.2
FrequenciesRV,219,33340,CIPCODE,12.0404,Electrolysis/Electrology and Electrolysis Technician,10,0
FrequenciesRV,220,33340,CIPCODE,12.0406,Make-Up Artist/Specialist,43,0.02
FrequenciesRV,221,33340,CIPCODE,12.0407,Hair Styling/Stylist and Hair Design,108,0.04
FrequenciesRV,222,33340,CIPCODE,12.0408,Facial Treatment Specialist/Facialist,74,0.03
FrequenciesRV,223,33340,CIPCODE,12.0409,Aesthetician/Esthetician and Skin Care Specialist,696,0.28999999999999998
FrequenciesRV,224,33340,CIPCODE,12.0410,Nail Technician/Specialist and Manicurist,618,0.26
FrequenciesRV,225,33340,CIPCODE,12.0411,Permanent Cosmetics/Makeup and Tattooing,5,0
FrequenciesRV,226,33340,CIPCODE,12.0412,Salon/Beauty Salon Management/Manager,31,0.01
FrequenciesRV,227,33340,CIPCODE,12.0413,"Cosmetology, Barber/Styling, and Nail Instructor",700,0.28999999999999998
FrequenciesRV,228,33340,CIPCODE,12.0414,Master Aesthetician/Esthetician,56,0.02
FrequenciesRV,229,33340,CIPCODE,12.0499,"Cosmetology and Related Personal Grooming Arts, Other",111,0.05
FrequenciesRV,230,33340,CIPCODE,12.0500,"Cooking and Related Culinary Arts, General",146,0.06
FrequenciesRV,231,33340,CIPCODE,12.0501,Baking and Pastry Arts/Baker/Pastry Chef,211,0.09
FrequenciesRV,232,33340,CIPCODE,12.0502,Bartending/Bartender,5,0
FrequenciesRV,233,33340,CIPCODE,12.0503,Culinary Arts/Chef Training,420,0.17
FrequenciesRV,234,33340,CIPCODE,12.0504,"Restaurant, Culinary, and Catering Management/Manager",163,7.0000000000000007E-2
FrequenciesRV,235,33340,CIPCODE,12.0505,Food Preparation/Professional Cooking/Kitchen Assistant,84,0.03
FrequenciesRV,236,33340,CIPCODE,12.0506,Meat Cutting/Meat Cutter,5,0
FrequenciesRV,237,33340,CIPCODE,12.0507,"Food Service, Waiter/Waitress, and Dining Room Management/Manager",17,0.01
FrequenciesRV,238,33340,CIPCODE,12.0508,Institutional Food Workers,35,0.01
FrequenciesRV,239,33340,CIPCODE,12.0509,Culinary Science/Culinology,13,0.01
FrequenciesRV,240,33340,CIPCODE,12.0510,Wine Steward/Sommelier,6,0
FrequenciesRV,241,33340,CIPCODE,12.0599,"Culinary Arts and Related Services, Other",51,0.02
FrequenciesRV,242,33340,CIPCODE,12.9999,"Personal and Culinary Services, Other",10,0
FrequenciesRV,243,33340,CIPCODE,13,Education,2378,0.99
FrequenciesRV,244,33340,CIPCODE,13.0101,"Education, General",824,0.34
FrequenciesRV,245,33340,CIPCODE,13.0201,Bilingual and Multilingual Education,108,0.04
FrequenciesRV,246,33340,CIPCODE,13.0202,Multicultural Education,49,0.02
FrequenciesRV,247,33340,CIPCODE,13.0203,Indian/Native American Education,11,0
FrequenciesRV,248,33340,CIPCODE,13.0299,"Bilingual, Multilingual, and Multicultural Education, Other",8,0
FrequenciesRV,249,33340,CIPCODE,13.0301,Curriculum and Instruction,487,0.2
FrequenciesRV,250,33340,CIPCODE,13.0401,"Educational Leadership and Administration, General",771,0.32
FrequenciesRV,251,33340,CIPCODE,13.0402,Administration of Special Education,31,0.01
FrequenciesRV,252,33340,CIPCODE,13.0403,Adult and Continuing Education Administration,32,0.01
FrequenciesRV,253,33340,CIPCODE,13.0404,"Educational, Instructional, and Curriculum Supervision",101,0.04
FrequenciesRV,254,33340,CIPCODE,13.0406,Higher Education/Higher Education Administration,229,0.1
FrequenciesRV,255,33340,CIPCODE,13.0407,Community College Education,40,0.02
FrequenciesRV,256,33340,CIPCODE,13.0408,Elementary and Middle School Administration/Principalship,52,0.02
FrequenciesRV,257,33340,CIPCODE,13.0409,Secondary School Administration/Principalship,42,0.02
FrequenciesRV,258,33340,CIPCODE,13.0410,Urban Education and Leadership,54,0.02
FrequenciesRV,259,33340,CIPCODE,13.0411,Superintendency and Educational System Administration,81,0.03
FrequenciesRV,260,33340,CIPCODE,13.0499,"Educational Administration and Supervision, Other",124,0.05
FrequenciesRV,261,33340,CIPCODE,13.0501,Educational/Instructional Technology,322,0.13
FrequenciesRV,262,33340,CIPCODE,13.0601,Educational Evaluation and Research,59,0.02
FrequenciesRV,263,33340,CIPCODE,13.0603,Educational Statistics and Research Methods,35,0.01
FrequenciesRV,264,33340,CIPCODE,13.0604,"Educational Assessment, Testing, and Measurement",25,0.01
FrequenciesRV,265,33340,CIPCODE,13.0607,Learning Sciences,28,0.01
FrequenciesRV,266,33340,CIPCODE,13.0699,"Educational Assessment, Evaluation, and Research, Other",27,0.01
FrequenciesRV,267,33340,CIPCODE,13.0701,International and Comparative Education,27,0.01
FrequenciesRV,268,33340,CIPCODE,13.0901,Social and Philosophical Foundations of Education,64,0.03
FrequenciesRV,269,33340,CIPCODE,13.1001,"Special Education and Teaching, General",783,0.33
FrequenciesRV,270,33340,CIPCODE,13.1003,Education/Teaching of Individuals with Hearing Impairments Including Deafness,51,0.02
FrequenciesRV,271,33340,CIPCODE,13.1004,Education/Teaching of the Gifted and Talented,74,0.03
FrequenciesRV,272,33340,CIPCODE,13.1005,Education/Teaching of Individuals with Emotional Disturbances,26,0.01
FrequenciesRV,273,33340,CIPCODE,13.1006,Education/Teaching of Individuals with Mental Retardation,24,0.01
FrequenciesRV,274,33340,CIPCODE,13.1007,Education/Teaching of Individuals with Multiple Disabilities,35,0.01
FrequenciesRV,275,33340,CIPCODE,13.1008,Education/Teaching of Individuals with Orthopedic and Other Physical Health Impa,9,0
FrequenciesRV,276,33340,CIPCODE,13.1009,Education/Teaching of Individuals with Vision Impairments Including Blindness,22,0.01
FrequenciesRV,277,33340,CIPCODE,13.1011,Education/Teaching of Individuals with Specific Learning Disabilities,65,0.03
FrequenciesRV,278,33340,CIPCODE,13.1012,Education/Teaching of Individuals with Speech or Language Impairments,28,0.01
FrequenciesRV,279,33340,CIPCODE,13.1013,Education/Teaching of Individuals with Autism,104,0.04
FrequenciesRV,280,33340,CIPCODE,13.1014,Education/Teaching of Individuals Who are Developmentally Delayed,9,0
FrequenciesRV,281,33340,CIPCODE,13.1015,Education/Teaching of Individuals in Early Childhood Special Education Programs,180,7.0000000000000007E-2
FrequenciesRV,282,33340,CIPCODE,13.1016,Education/Teaching of Individuals with Traumatic Brain Injuries,4,0
FrequenciesRV,283,33340,CIPCODE,13.1017,Education/Teaching of Individuals in Elementary Special Education Programs,67,0.03
FrequenciesRV,284,33340,CIPCODE,13.1018,Education/Teaching of Individuals in Junior High/Middle School Special Education,19,0.01
FrequenciesRV,285,33340,CIPCODE,13.1019,Education/Teaching of Individuals in Secondary Special Education Programs,45,0.02
FrequenciesRV,286,33340,CIPCODE,13.1099,"Special Education and Teaching, Other",123,0.05
FrequenciesRV,287,33340,CIPCODE,13.1101,Counselor Education/School Counseling and Guidance Services,476,0.2
FrequenciesRV,288,33340,CIPCODE,13.1102,College Student Counseling and Personnel Services,82,0.03
FrequenciesRV,289,33340,CIPCODE,13.1199,"Student Counseling and Personnel Services, Other",27,0.01
FrequenciesRV,290,33340,CIPCODE,13.1201,Adult and Continuing Education and Teaching,94,0.04
FrequenciesRV,291,33340,CIPCODE,13.1202,Elementary Education and Teaching,1217,0.51
FrequenciesRV,292,33340,CIPCODE,13.1203,Junior High/Intermediate/Middle School Education and Teaching,381,0.16
FrequenciesRV,293,33340,CIPCODE,13.1205,Secondary Education and Teaching,678,0.28000000000000003
FrequenciesRV,294,33340,CIPCODE,13.1206,"Teacher Education, Multiple Levels",324,0.13
FrequenciesRV,295,33340,CIPCODE,13.1207,Montessori Teacher Education,15,0.01
FrequenciesRV,296,33340,CIPCODE,13.1209,Kindergarten/Preschool Education and Teaching,157,7.0000000000000007E-2
FrequenciesRV,297,33340,CIPCODE,13.1210,Early Childhood Education and Teaching,1073,0.45
FrequenciesRV,298,33340,CIPCODE,13.1299,"Teacher Education and Professional Development, Specific Levels and Methods, Oth",273,0.11
FrequenciesRV,299,33340,CIPCODE,13.1301,Agricultural Teacher Education,73,0.03
FrequenciesRV,300,33340,CIPCODE,13.1302,Art Teacher Education,403,0.17
FrequenciesRV,301,33340,CIPCODE,13.1303,Business Teacher Education,132,0.05
FrequenciesRV,302,33340,CIPCODE,13.1304,Driver and Safety Teacher Education,7,0
FrequenciesRV,303,33340,CIPCODE,13.1305,English/Language Arts Teacher Education,522,0.22
FrequenciesRV,304,33340,CIPCODE,13.1306,Foreign Language Teacher Education,119,0.05
FrequenciesRV,305,33340,CIPCODE,13.1307,Health Teacher Education,158,7.0000000000000007E-2
FrequenciesRV,306,33340,CIPCODE,13.1308,Family and Consumer Sciences/Home Economics Teacher Education,64,0.03
FrequenciesRV,307,33340,CIPCODE,13.1309,Technology Teacher Education/Industrial Arts Teacher Education,87,0.04
FrequenciesRV,308,33340,CIPCODE,13.1310,Sales and Marketing Operations/Marketing and Distribution Teacher Education,8,0
FrequenciesRV,309,33340,CIPCODE,13.1311,Mathematics Teacher Education,585,0.24
FrequenciesRV,310,33340,CIPCODE,13.1312,Music Teacher Education,605,0.25
FrequenciesRV,311,33340,CIPCODE,13.1314,Physical Education Teaching and Coaching,597,0.25
FrequenciesRV,312,33340,CIPCODE,13.1315,Reading Teacher Education,396,0.16
FrequenciesRV,313,33340,CIPCODE,13.1316,Science Teacher Education/General Science Teacher Education,364,0.15
FrequenciesRV,314,33340,CIPCODE,13.1317,Social Science Teacher Education,135,0.06
FrequenciesRV,315,33340,CIPCODE,13.1318,Social Studies Teacher Education,320,0.13
FrequenciesRV,316,33340,CIPCODE,13.1319,Technical Teacher Education,60,0.02
FrequenciesRV,317,33340,CIPCODE,13.1320,Trade and Industrial Teacher Education,62,0.03
FrequenciesRV,318,33340,CIPCODE,13.1321,Computer Teacher Education,43,0.02
FrequenciesRV,319,33340,CIPCODE,13.1322,Biology Teacher Education,333,0.14000000000000001
FrequenciesRV,320,33340,CIPCODE,13.1323,Chemistry Teacher Education,230,0.1
FrequenciesRV,321,33340,CIPCODE,13.1324,Drama and Dance Teacher Education,89,0.04
FrequenciesRV,322,33340,CIPCODE,13.1325,French Language Teacher Education,111,0.05
FrequenciesRV,323,33340,CIPCODE,13.1326,German Language Teacher Education,56,0.02
FrequenciesRV,324,33340,CIPCODE,13.1327,Health Occupations Teacher Education,13,0.01
FrequenciesRV,325,33340,CIPCODE,13.1328,History Teacher Education,210,0.09
FrequenciesRV,326,33340,CIPCODE,13.1329,Physics Teacher Education,142,0.06
FrequenciesRV,327,33340,CIPCODE,13.1330,Spanish Language Teacher Education,251,0.1
FrequenciesRV,328,33340,CIPCODE,13.1331,Speech Teacher Education,50,0.02
FrequenciesRV,329,33340,CIPCODE,13.1332,Geography Teacher Education,11,0
FrequenciesRV,330,33340,CIPCODE,13.1333,Latin Teacher Education,17,0.01
FrequenciesRV,331,33340,CIPCODE,13.1334,School Librarian/School Library Media Specialist,37,0.02
FrequenciesRV,332,33340,CIPCODE,13.1335,Psychology Teacher Education,23,0.01
FrequenciesRV,333,33340,CIPCODE,13.1337,Earth Science Teacher Education,58,0.02
FrequenciesRV,334,33340,CIPCODE,13.1338,Environmental Education,21,0.01
FrequenciesRV,335,33340,CIPCODE,13.1399,"Teacher Education and Professional Development, Specific Subject Areas, Other",194,0.08
FrequenciesRV,336,33340,CIPCODE,13.1401,Teaching English as a Second or Foreign Language/ESL Language Instructor,413,0.17
FrequenciesRV,337,33340,CIPCODE,13.1402,Teaching French as a Second or Foreign Language,2,0
FrequenciesRV,338,33340,CIPCODE,13.1499,"Teaching English or French as a Second or Foreign Language, Other",7,0
FrequenciesRV,339,33340,CIPCODE,13.1501,Teacher Assistant/Aide,223,0.09
FrequenciesRV,340,33340,CIPCODE,13.1502,Adult Literacy Tutor/Instructor,6,0
FrequenciesRV,341,33340,CIPCODE,13.1599,"Teaching Assistants/Aides, Other",1,0
FrequenciesRV,342,33340,CIPCODE,13.9999,"Education, Other",340,0.14000000000000001
FrequenciesRV,343,33340,CIPCODE,14,Engineering,1218,0.51
FrequenciesRV,344,33340,CIPCODE,14.0101,"Engineering, General",494,0.21
FrequenciesRV,345,33340,CIPCODE,14.0102,Pre-Engineering,204,0.08
FrequenciesRV,346,33340,CIPCODE,14.0201,"Aerospace, Aeronautical and Astronautical/Space Engineering",87,0.04
FrequenciesRV,347,33340,CIPCODE,14.0301,Agricultural Engineering,48,0.02
FrequenciesRV,348,33340,CIPCODE,14.0401,Architectural Engineering,28,0.01
FrequenciesRV,349,33340,CIPCODE,14.0501,Bioengineering and Biomedical Engineering,232,0.1
FrequenciesRV,350,33340,CIPCODE,14.0601,Ceramic Sciences and Engineering,5,0
FrequenciesRV,351,33340,CIPCODE,14.0701,Chemical Engineering,193,0.08
FrequenciesRV,352,33340,CIPCODE,14.0702,Chemical and Biomolecular Engineering,15,0.01
FrequenciesRV,353,33340,CIPCODE,14.0799,"Chemical Engineering, Other",2,0
FrequenciesRV,354,33340,CIPCODE,14.0801,"Civil Engineering, General",290,0.12
FrequenciesRV,355,33340,CIPCODE,14.0802,Geotechnical and Geoenvironmental Engineering,5,0
FrequenciesRV,356,33340,CIPCODE,14.0803,Structural Engineering,23,0.01
FrequenciesRV,357,33340,CIPCODE,14.0804,Transportation and Highway Engineering,21,0.01
FrequenciesRV,358,33340,CIPCODE,14.0805,Water Resources Engineering,14,0.01
FrequenciesRV,359,33340,CIPCODE,14.0899,"Civil Engineering, Other",19,0.01
FrequenciesRV,360,33340,CIPCODE,14.0901,"Computer Engineering, General",308,0.13
FrequenciesRV,361,33340,CIPCODE,14.0902,Computer Hardware Engineering,9,0
FrequenciesRV,362,33340,CIPCODE,14.0903,Computer Software Engineering,143,0.06
FrequenciesRV,363,33340,CIPCODE,14.0999,"Computer Engineering, Other",18,0.01
FrequenciesRV,364,33340,CIPCODE,14.1001,Electrical and Electronics Engineering,432,0.18
FrequenciesRV,365,33340,CIPCODE,14.1003,Laser and Optical Engineering,5,0
FrequenciesRV,366,33340,CIPCODE,14.1004,Telecommunications Engineering,22,0.01
FrequenciesRV,367,33340,CIPCODE,14.1099,"Electrical, Electronics and Communications Engineering, Other",23,0.01
FrequenciesRV,368,33340,CIPCODE,14.1101,Engineering Mechanics,28,0.01
FrequenciesRV,369,33340,CIPCODE,14.1201,Engineering Physics/Applied Physics,125,0.05
FrequenciesRV,370,33340,CIPCODE,14.1301,Engineering Science,99,0.04
FrequenciesRV,371,33340,CIPCODE,14.1401,Environmental/Environmental Health Engineering,151,0.06
FrequenciesRV,372,33340,CIPCODE,14.1801,Materials Engineering,105,0.04
FrequenciesRV,373,33340,CIPCODE,14.1901,Mechanical Engineering,409,0.17
FrequenciesRV,374,33340,CIPCODE,14.2001,Metallurgical Engineering,14,0.01
FrequenciesRV,375,33340,CIPCODE,14.2101,Mining and Mineral Engineering,20,0.01
FrequenciesRV,376,33340,CIPCODE,14.2201,Naval Architecture and Marine Engineering,14,0.01
FrequenciesRV,377,33340,CIPCODE,14.2301,Nuclear Engineering,40,0.02
FrequenciesRV,378,33340,CIPCODE,14.2401,Ocean Engineering,16,0.01
FrequenciesRV,379,33340,CIPCODE,14.2501,Petroleum Engineering,30,0.01
FrequenciesRV,380,33340,CIPCODE,14.2701,Systems Engineering,109,0.05
FrequenciesRV,381,33340,CIPCODE,14.2801,Textile Sciences and Engineering,4,0
FrequenciesRV,382,33340,CIPCODE,14.3201,Polymer/Plastics Engineering,18,0.01
FrequenciesRV,383,33340,CIPCODE,14.3301,Construction Engineering,39,0.02
FrequenciesRV,384,33340,CIPCODE,14.3401,Forest Engineering,3,0
FrequenciesRV,385,33340,CIPCODE,14.3501,Industrial Engineering,147,0.06
FrequenciesRV,386,33340,CIPCODE,14.3601,Manufacturing Engineering,81,0.03
FrequenciesRV,387,33340,CIPCODE,14.3701,Operations Research,40,0.02
FrequenciesRV,388,33340,CIPCODE,14.3801,Surveying Engineering,22,0.01
FrequenciesRV,389,33340,CIPCODE,14.3901,Geological/Geophysical Engineering,22,0.01
FrequenciesRV,390,33340,CIPCODE,14.4001,Paper Science and Engineering,3,0
FrequenciesRV,391,33340,CIPCODE,14.4101,Electromechanical Engineering,5,0
FrequenciesRV,392,33340,CIPCODE,14.4201,"Mechatronics, Robotics, and Automation Engineering",63,0.03
FrequenciesRV,393,33340,CIPCODE,14.4301,Biochemical Engineering,6,0
FrequenciesRV,394,33340,CIPCODE,14.4401,Engineering Chemistry,3,0
FrequenciesRV,395,33340,CIPCODE,14.4501,Biological/Biosystems Engineering,16,0.01
FrequenciesRV,396,33340,CIPCODE,14.9999,"Engineering, Other",147,0.06
FrequenciesRV,397,33340,CIPCODE,15,Engineering Technologies and Engineering-related Fields,1622,0.67
FrequenciesRV,398,33340,CIPCODE,15.0000,"Engineering Technology, General",230,0.1
FrequenciesRV,399,33340,CIPCODE,15.0101,Architectural Engineering Technology/Technician,105,0.04
FrequenciesRV,400,33340,CIPCODE,15.0201,Civil Engineering Technology/Technician,167,7.0000000000000007E-2
FrequenciesRV,401,33340,CIPCODE,15.0303,"Electrical, Electronic and Communications Engineering Technology/Technician",514,0.21
FrequenciesRV,402,33340,CIPCODE,15.0304,Laser and Optical Technology/Technician,27,0.01
FrequenciesRV,403,33340,CIPCODE,15.0305,Telecommunications Technology/Technician,50,0.02
FrequenciesRV,404,33340,CIPCODE,15.0306,Integrated Circuit Design,2,0
FrequenciesRV,405,33340,CIPCODE,15.0399,"Electrical and Electronic Engineering Technologies/Technicians, Other",104,0.04
FrequenciesRV,406,33340,CIPCODE,15.0401,Biomedical Technology/Technician,116,0.05
FrequenciesRV,407,33340,CIPCODE,15.0403,Electromechanical Technology/Electromechanical Engineering Technology,148,0.06
FrequenciesRV,408,33340,CIPCODE,15.0404,Instrumentation Technology/Technician,86,0.04
FrequenciesRV,409,33340,CIPCODE,15.0405,Robotics Technology/Technician,60,0.02
FrequenciesRV,410,33340,CIPCODE,15.0406,Automation Engineer Technology/Technician,78,0.03
FrequenciesRV,411,33340,CIPCODE,15.0499,"Electromechanical and Instrumentation and Maintenance Technologies/Technicians,",116,0.05
FrequenciesRV,412,33340,CIPCODE,15.0501,"Heating, Ventilation, Air Conditioning and Refrigeration Engineering Technology/",162,7.0000000000000007E-2
FrequenciesRV,413,33340,CIPCODE,15.0503,Energy Management and Systems Technology/Technician,199,0.08
FrequenciesRV,414,33340,CIPCODE,15.0505,Solar Energy Technology/Technician,65,0.03
FrequenciesRV,415,33340,CIPCODE,15.0506,Water Quality and Wastewater Treatment Management and Recycling Technology/Techn,86,0.04
FrequenciesRV,416,33340,CIPCODE,15.0507,Environmental Engineering Technology/Environmental Technology,69,0.03
FrequenciesRV,417,33340,CIPCODE,15.0508,Hazardous Materials Management and Waste Technology/Technician,33,0.01
FrequenciesRV,418,33340,CIPCODE,15.0599,"Environmental Control Technologies/Technicians, Other",40,0.02
FrequenciesRV,419,33340,CIPCODE,15.0607,Plastics and Polymer Engineering Technology/Technician,39,0.02
FrequenciesRV,420,33340,CIPCODE,15.0611,Metallurgical Technology/Technician,7,0
FrequenciesRV,421,33340,CIPCODE,15.0612,Industrial Technology/Technician,229,0.1
FrequenciesRV,422,33340,CIPCODE,15.0613,Manufacturing Engineering Technology/Technician,362,0.15
FrequenciesRV,423,33340,CIPCODE,15.0614,Welding Engineering Technology/Technician,25,0.01
FrequenciesRV,424,33340,CIPCODE,15.0615,Chemical Engineering Technology/Technician,6,0
FrequenciesRV,425,33340,CIPCODE,15.0616,Semiconductor Manufacturing Technology,3,0
FrequenciesRV,426,33340,CIPCODE,15.0699,"Industrial Production Technologies/Technicians, Other",115,0.05
FrequenciesRV,427,33340,CIPCODE,15.0701,Occupational Safety and Health Technology/Technician,73,0.03
FrequenciesRV,428,33340,CIPCODE,15.0702,Quality Control Technology/Technician,78,0.03
FrequenciesRV,429,33340,CIPCODE,15.0703,Industrial Safety Technology/Technician,22,0.01
FrequenciesRV,430,33340,CIPCODE,15.0704,Hazardous Materials Information Systems Technology/Technician,2,0
FrequenciesRV,431,33340,CIPCODE,15.0799,"Quality Control and Safety Technologies/Technicians, Other",21,0.01
FrequenciesRV,432,33340,CIPCODE,15.0801,Aeronautical/Aerospace Engineering Technology/Technician,40,0.02
FrequenciesRV,433,33340,CIPCODE,15.0803,Automotive Engineering Technology/Technician,63,0.03
FrequenciesRV,434,33340,CIPCODE,15.0805,Mechanical Engineering/Mechanical Technology/Technician,245,0.1
FrequenciesRV,435,33340,CIPCODE,15.0899,"Mechanical Engineering Related Technologies/Technicians, Other",37,0.02
FrequenciesRV,436,33340,CIPCODE,15.0901,Mining Technology/Technician,12,0
FrequenciesRV,437,33340,CIPCODE,15.0903,Petroleum Technology/Technician,42,0.02
FrequenciesRV,438,33340,CIPCODE,15.0999,"Mining and Petroleum Technologies/Technicians, Other",2,0
FrequenciesRV,439,33340,CIPCODE,15.1001,Construction Engineering Technology/Technician,160,7.0000000000000007E-2
FrequenciesRV,440,33340,CIPCODE,15.1102,Surveying Technology/Surveying,112,0.05
FrequenciesRV,441,33340,CIPCODE,15.1103,Hydraulics and Fluid Power Technology/Technician,14,0.01
FrequenciesRV,442,33340,CIPCODE,15.1199,"Engineering-Related Technologies, Other",9,0
FrequenciesRV,443,33340,CIPCODE,15.1201,Computer Engineering Technology/Technician,145,0.06
FrequenciesRV,444,33340,CIPCODE,15.1202,Computer Technology/Computer Systems Technology,152,0.06
FrequenciesRV,445,33340,CIPCODE,15.1203,Computer Hardware Technology/Technician,11,0
FrequenciesRV,446,33340,CIPCODE,15.1204,Computer Software Technology/Technician,25,0.01
FrequenciesRV,447,33340,CIPCODE,15.1299,"Computer Engineering Technologies/Technicians, Other",11,0
FrequenciesRV,448,33340,CIPCODE,15.1301,"Drafting and Design Technology/Technician, General",344,0.14000000000000001
FrequenciesRV,449,33340,CIPCODE,15.1302,CAD/CADD Drafting and/or Design Technology/Technician,238,0.1
FrequenciesRV,450,33340,CIPCODE,15.1303,Architectural Drafting and Architectural CAD/CADD,155,0.06
FrequenciesRV,451,33340,CIPCODE,15.1304,Civil Drafting and Civil Engineering CAD/CADD,30,0.01
FrequenciesRV,452,33340,CIPCODE,15.1305,Electrical/Electronics Drafting and Electrical/Electronics CAD/CADD,14,0.01
FrequenciesRV,453,33340,CIPCODE,15.1306,Mechanical Drafting and Mechanical Drafting CAD/CADD,161,7.0000000000000007E-2
FrequenciesRV,454,33340,CIPCODE,15.1399,"Drafting/Design Engineering Technologies/Technicians, Other",21,0.01
FrequenciesRV,455,33340,CIPCODE,15.1401,Nuclear Engineering Technology/Technician,15,0.01
FrequenciesRV,456,33340,CIPCODE,15.1501,Engineering/Industrial Management,182,0.08
FrequenciesRV,457,33340,CIPCODE,15.1502,Engineering Design,7,0
FrequenciesRV,458,33340,CIPCODE,15.1503,Packaging Science,12,0
FrequenciesRV,459,33340,CIPCODE,15.1599,"Engineering-Related Fields, Other",13,0.01
FrequenciesRV,460,33340,CIPCODE,15.1601,Nanotechnology,38,0.02
FrequenciesRV,461,33340,CIPCODE,15.9999,"Engineering Technologies and Engineering-Related Fields, Other",164,7.0000000000000007E-2
FrequenciesRV,462,33340,CIPCODE,16,"Foreign Languages, Literatures, and Linguistics",1326,0.55000000000000004
FrequenciesRV,463,33340,CIPCODE,16.0101,"Foreign Languages and Literatures, General",288,0.12
FrequenciesRV,464,33340,CIPCODE,16.0102,Linguistics,177,7.0000000000000007E-2
FrequenciesRV,465,33340,CIPCODE,16.0103,Language Interpretation and Translation,95,0.04
FrequenciesRV,466,33340,CIPCODE,16.0104,Comparative Literature,105,0.04
FrequenciesRV,467,33340,CIPCODE,16.0105,Applied Linguistics,19,0.01
FrequenciesRV,468,33340,CIPCODE,16.0199,"Linguistic, Comparative, and Related Language Studies and Services, Other",31,0.01
FrequenciesRV,469,33340,CIPCODE,16.0201,"African Languages, Literatures, and Linguistics",3,0
FrequenciesRV,470,33340,CIPCODE,16.0300,"East Asian Languages, Literatures, and Linguistics, General",25,0.01
FrequenciesRV,471,33340,CIPCODE,16.0301,Chinese Language and Literature,134,0.06
FrequenciesRV,472,33340,CIPCODE,16.0302,Japanese Language and Literature,123,0.05
FrequenciesRV,473,33340,CIPCODE,16.0303,Korean Language and Literature,14,0.01
FrequenciesRV,474,33340,CIPCODE,16.0399,"East Asian Languages, Literatures, and Linguistics, Other",12,0
FrequenciesRV,475,33340,CIPCODE,16.0400,"Slavic Languages, Literatures, and Linguistics, General",24,0.01
FrequenciesRV,476,33340,CIPCODE,16.0402,Russian Language and Literature,139,0.06
FrequenciesRV,477,33340,CIPCODE,16.0407,Polish Language and Literature,6,0
FrequenciesRV,478,33340,CIPCODE,16.0408,"Bosnian, Serbian, and Croatian Languages and Literatures",2,0
FrequenciesRV,479,33340,CIPCODE,16.0500,"Germanic Languages, Literatures, and Linguistics, General",24,0.01
FrequenciesRV,480,33340,CIPCODE,16.0501,German Language and Literature,379,0.16
FrequenciesRV,481,33340,CIPCODE,16.0502,"Scandinavian Languages, Literatures, and Linguistics",10,0
FrequenciesRV,482,33340,CIPCODE,16.0503,Danish Language and Literature,1,0
FrequenciesRV,483,33340,CIPCODE,16.0504,Dutch/Flemish Language and Literature,3,0
FrequenciesRV,484,33340,CIPCODE,16.0505,Norwegian Language and Literature,5,0
FrequenciesRV,485,33340,CIPCODE,16.0506,Swedish Language and Literature,2,0
FrequenciesRV,486,33340,CIPCODE,16.0599,"Germanic Languages, Literatures, and Linguistics, Other",4,0
FrequenciesRV,487,33340,CIPCODE,16.0601,Modern Greek Language and Literature,4,0
FrequenciesRV,488,33340,CIPCODE,16.0700,"South Asian Languages, Literatures, and Linguistics, General",2,0
FrequenciesRV,489,33340,CIPCODE,16.0701,Hindi Language and Literature,1,0
FrequenciesRV,490,33340,CIPCODE,16.0702,"Sanskrit and Classical Indian Languages, Literatures, and Linguistics",2,0
FrequenciesRV,491,33340,CIPCODE,16.0801,"Iranian Languages, Literatures, and Linguistics",4,0
FrequenciesRV,492,33340,CIPCODE,16.0900,"Romance Languages, Literatures, and Linguistics, General",46,0.02
FrequenciesRV,493,33340,CIPCODE,16.0901,French Language and Literature,603,0.25
FrequenciesRV,494,33340,CIPCODE,16.0902,Italian Language and Literature,130,0.05
FrequenciesRV,495,33340,CIPCODE,16.0904,Portuguese Language and Literature,34,0.01
FrequenciesRV,496,33340,CIPCODE,16.0905,Spanish Language and Literature,986,0.41
FrequenciesRV,497,33340,CIPCODE,16.0908,"Hispanic and Latin American Languages, Literatures, and Linguistics, General",27,0.01
FrequenciesRV,498,33340,CIPCODE,16.0999,"Romance Languages, Literatures, and Linguistics, Other",21,0.01
FrequenciesRV,499,33340,CIPCODE,16.1001,"American Indian/Native American Languages, Literatures, and Linguistics",21,0.01
FrequenciesRV,500,33340,CIPCODE,16.1100,"Middle/Near Eastern and Semitic Languages, Literatures, and Linguistics, General",7,0
FrequenciesRV,501,33340,CIPCODE,16.1101,Arabic Language and Literature,52,0.02
FrequenciesRV,502,33340,CIPCODE,16.1102,Hebrew Language and Literature,25,0.01
FrequenciesRV,503,33340,CIPCODE,16.1103,"Ancient Near Eastern and Biblical Languages, Literatures, and Linguistics",32,0.01
FrequenciesRV,504,33340,CIPCODE,16.1199,"Middle/Near Eastern and Semitic Languages, Literatures, and Linguistics, Other",11,0
FrequenciesRV,505,33340,CIPCODE,16.1200,"Classics and Classical Languages, Literatures, and Linguistics, General",254,0.11
FrequenciesRV,506,33340,CIPCODE,16.1202,Ancient/Classical Greek Language and Literature,60,0.02
FrequenciesRV,507,33340,CIPCODE,16.1203,Latin Language and Literature,96,0.04
FrequenciesRV,508,33340,CIPCODE,16.1299,"Classics and Classical Languages, Literatures, and Linguistics, Other",36,0.01
FrequenciesRV,509,33340,CIPCODE,16.1301,"Celtic Languages, Literatures, and Linguistics",3,0
FrequenciesRV,510,33340,CIPCODE,16.1401,"Australian/Oceanic/Pacific Languages, Literatures, and Linguistics",1,0
FrequenciesRV,511,33340,CIPCODE,16.1402,Indonesian/Malay Languages and Literatures,1,0
FrequenciesRV,512,33340,CIPCODE,16.1404,Filipino/Tagalog Language and Literature,3,0
FrequenciesRV,513,33340,CIPCODE,16.1408,Vietnamese Language and Literature,2,0
FrequenciesRV,514,33340,CIPCODE,16.1499,"Southeast Asian and Australasian/Pacific Languages, Literatures, and Linguistics",1,0
FrequenciesRV,515,33340,CIPCODE,16.1501,Turkish Language and Literature,3,0
FrequenciesRV,516,33340,CIPCODE,16.1502,"Uralic Languages, Literatures, and Linguistics",1,0
FrequenciesRV,517,33340,CIPCODE,16.1601,American Sign Language (ASL),82,0.03
FrequenciesRV,518,33340,CIPCODE,16.1602,Linguistics of ASL and Other Sign Languages,2,0
FrequenciesRV,519,33340,CIPCODE,16.1603,Sign Language Interpretation and Translation,159,7.0000000000000007E-2
FrequenciesRV,520,33340,CIPCODE,16.1699,"American Sign Language, Other",4,0
FrequenciesRV,521,33340,CIPCODE,16.9999,"Foreign Languages, Literatures, and Linguistics, Other",69,0.03
FrequenciesRV,522,33340,CIPCODE,19,Family and Consumer Sciences/Human Sciences,1237,0.51
FrequenciesRV,523,33340,CIPCODE,19.0000,Work and Family Studies,2,0
FrequenciesRV,524,33340,CIPCODE,19.0101,"Family and Consumer Sciences/Human Sciences, General",124,0.05
FrequenciesRV,525,33340,CIPCODE,19.0201,Business Family and Consumer Sciences/Human Sciences,5,0
FrequenciesRV,526,33340,CIPCODE,19.0202,Family and Consumer Sciences/Human Sciences Communication,2,0
FrequenciesRV,527,33340,CIPCODE,19.0203,Consumer Merchandising/Retailing Management,21,0.01
FrequenciesRV,528,33340,CIPCODE,19.0299,"Family and Consumer Sciences/Human Sciences Business Services, Other",1,0
FrequenciesRV,529,33340,CIPCODE,19.0401,"Family Resource Management Studies, General",27,0.01
FrequenciesRV,530,33340,CIPCODE,19.0402,Consumer Economics,11,0
FrequenciesRV,531,33340,CIPCODE,19.0403,Consumer Services and Advocacy,5,0
FrequenciesRV,532,33340,CIPCODE,19.0499,"Family and Consumer Economics and Related Services, Other",6,0
FrequenciesRV,533,33340,CIPCODE,19.0501,"Foods, Nutrition, and Wellness Studies, General",155,0.06
FrequenciesRV,534,33340,CIPCODE,19.0504,Human Nutrition,56,0.02
FrequenciesRV,535,33340,CIPCODE,19.0505,Foodservice Systems Administration/Management,79,0.03
FrequenciesRV,536,33340,CIPCODE,19.0599,"Foods, Nutrition, and Related Services, Other",16,0.01
FrequenciesRV,537,33340,CIPCODE,19.0601,"Housing and Human Environments, General",20,0.01
FrequenciesRV,538,33340,CIPCODE,19.0604,Facilities Planning and Management,13,0.01
FrequenciesRV,539,33340,CIPCODE,19.0699,"Housing and Human Environments, Other",9,0
FrequenciesRV,540,33340,CIPCODE,19.0701,"Human Development and Family Studies, General",194,0.08
FrequenciesRV,541,33340,CIPCODE,19.0702,Adult Development and Aging,77,0.03
FrequenciesRV,542,33340,CIPCODE,19.0704,Family Systems,36,0.01
FrequenciesRV,543,33340,CIPCODE,19.0706,Child Development,266,0.11
FrequenciesRV,544,33340,CIPCODE,19.0707,Family and Community Services,73,0.03
FrequenciesRV,545,33340,CIPCODE,19.0708,Child Care and Support Services Management,306,0.13
FrequenciesRV,546,33340,CIPCODE,19.0709,Child Care Provider/Assistant,471,0.2
FrequenciesRV,547,33340,CIPCODE,19.0710,Developmental Services Worker,10,0
FrequenciesRV,548,33340,CIPCODE,19.0799,"Human Development, Family Studies, and Related Services, Other",42,0.02
FrequenciesRV,549,33340,CIPCODE,19.0901,"Apparel and Textiles, General",83,0.03
FrequenciesRV,550,33340,CIPCODE,19.0902,Apparel and Textile Manufacture,28,0.01
FrequenciesRV,551,33340,CIPCODE,19.0904,Textile Science,2,0
FrequenciesRV,552,33340,CIPCODE,19.0905,Apparel and Textile Marketing Management,50,0.02
FrequenciesRV,553,33340,CIPCODE,19.0906,Fashion and Fabric Consultant,3,0
FrequenciesRV,554,33340,CIPCODE,19.0999,"Apparel and Textiles, Other",3,0
FrequenciesRV,555,33340,CIPCODE,19.9999,"Family and Consumer Sciences/Human Sciences, Other",15,0.01
FrequenciesRV,556,33340,CIPCODE,22,Legal Professions and Studies,1056,0.44
FrequenciesRV,557,33340,CIPCODE,22.0000,"Legal Studies, General",141,0.06
FrequenciesRV,558,33340,CIPCODE,22.0001,Pre-Law Studies,104,0.04
FrequenciesRV,559,33340,CIPCODE,22.0101,Law,217,0.09
FrequenciesRV,560,33340,CIPCODE,22.0201,"Advanced Legal Research/Studies, General",76,0.03
FrequenciesRV,561,33340,CIPCODE,22.0202,Programs for Foreign Lawyers,57,0.02
FrequenciesRV,562,33340,CIPCODE,22.0203,American/U.S. Law/Legal Studies/Jurisprudence,50,0.02
FrequenciesRV,563,33340,CIPCODE,22.0205,"Banking, Corporate, Finance, and Securities Law",28,0.01
FrequenciesRV,564,33340,CIPCODE,22.0206,Comparative Law,9,0
FrequenciesRV,565,33340,CIPCODE,22.0207,"Energy, Environment, and Natural Resources Law",28,0.01
FrequenciesRV,566,33340,CIPCODE,22.0208,Health Law,23,0.01
FrequenciesRV,567,33340,CIPCODE,22.0209,International Law and Legal Studies,31,0.01
FrequenciesRV,568,33340,CIPCODE,22.0210,"International Business, Trade, and Tax Law",16,0.01
FrequenciesRV,569,33340,CIPCODE,22.0211,Tax Law/Taxation,33,0.01
FrequenciesRV,570,33340,CIPCODE,22.0212,Intellectual Property Law,20,0.01
FrequenciesRV,571,33340,CIPCODE,22.0299,"Legal Research and Advanced Professional Studies, Other",55,0.02
FrequenciesRV,572,33340,CIPCODE,22.0301,Legal Administrative Assistant/Secretary,159,7.0000000000000007E-2
FrequenciesRV,573,33340,CIPCODE,22.0302,Legal Assistant/Paralegal,606,0.25
FrequenciesRV,574,33340,CIPCODE,22.0303,Court Reporting/Court Reporter,51,0.02
FrequenciesRV,575,33340,CIPCODE,22.0399,"Legal Support Services, Other",11,0
FrequenciesRV,576,33340,CIPCODE,22.9999,"Legal Professions and Studies, Other",109,0.05
FrequenciesRV,577,33340,CIPCODE,23,English Language and Literature/Letters,1732,0.72
FrequenciesRV,578,33340,CIPCODE,23.0101,"English Language and Literature, General",1550,0.64
FrequenciesRV,579,33340,CIPCODE,23.1301,"Writing, General",132,0.05
FrequenciesRV,580,33340,CIPCODE,23.1302,Creative Writing,462,0.19
FrequenciesRV,581,33340,CIPCODE,23.1303,"Professional, Technical, Business, and Scientific Writing",201,0.08
FrequenciesRV,582,33340,CIPCODE,23.1304,Rhetoric and Composition,147,0.06
FrequenciesRV,583,33340,CIPCODE,23.1399,"Rhetoric and Composition/Writing Studies, Other",23,0.01
FrequenciesRV,584,33340,CIPCODE,23.1401,General Literature,77,0.03
FrequenciesRV,585,33340,CIPCODE,23.1402,American Literature (United States,10,0
FrequenciesRV,586,33340,CIPCODE,23.1404,English Literature (British and Commonwealth,18,0.01
FrequenciesRV,587,33340,CIPCODE,23.1405,Children's and Adolescent Literature,10,0
FrequenciesRV,588,33340,CIPCODE,23.1499,"Literature, Other",9,0
FrequenciesRV,589,33340,CIPCODE,23.9999,"English Language and Literature/Letters, Other",96,0.04
FrequenciesRV,590,33340,CIPCODE,24,"Liberal Arts and Sciences, General Studies and Humanities",2239,0.93
FrequenciesRV,591,33340,CIPCODE,24.0101,Liberal Arts and Sciences/Liberal Studies,1624,0.68
FrequenciesRV,592,33340,CIPCODE,24.0102,General Studies,1027,0.43
FrequenciesRV,593,33340,CIPCODE,24.0103,Humanities/Humanistic Studies,478,0.2
FrequenciesRV,594,33340,CIPCODE,24.0199,"Liberal Arts and Sciences, General Studies and Humanities, Other",470,0.2
FrequenciesRV,595,33340,CIPCODE,25,Library Science,136,0.06
FrequenciesRV,596,33340,CIPCODE,25.0101,Library and Information Science,83,0.03
FrequenciesRV,597,33340,CIPCODE,25.0102,Children and Youth Library Services,6,0
FrequenciesRV,598,33340,CIPCODE,25.0103,Archives/Archival Administration,16,0.01
FrequenciesRV,599,33340,CIPCODE,25.0199,"Library Science and Administration, Other",1,0
FrequenciesRV,600,33340,CIPCODE,25.0301,Library and Archives Assisting,43,0.02
FrequenciesRV,601,33340,CIPCODE,25.9999,"Library Science, Other",21,0.01
FrequenciesRV,602,33340,CIPCODE,26,Biological and Biomedical Sciences,1878,0.78
FrequenciesRV,603,33340,CIPCODE,26.0101,"Biology/Biological Sciences, General",1697,0.71
FrequenciesRV,604,33340,CIPCODE,26.0102,"Biomedical Sciences, General",259,0.11
FrequenciesRV,605,33340,CIPCODE,26.0202,Biochemistry,611,0.25
FrequenciesRV,606,33340,CIPCODE,26.0203,Biophysics,81,0.03
FrequenciesRV,607,33340,CIPCODE,26.0204,Molecular Biology,103,0.04
FrequenciesRV,608,33340,CIPCODE,26.0205,Molecular Biochemistry,22,0.01
FrequenciesRV,609,33340,CIPCODE,26.0206,Molecular Biophysics,5,0
FrequenciesRV,610,33340,CIPCODE,26.0207,Structural Biology,6,0
FrequenciesRV,611,33340,CIPCODE,26.0209,Radiation Biology/Radiobiology,6,0
FrequenciesRV,612,33340,CIPCODE,26.0210,Biochemistry and Molecular Biology,102,0.04
FrequenciesRV,613,33340,CIPCODE,26.0299,"Biochemistry, Biophysics and Molecular Biology, Other",24,0.01
FrequenciesRV,614,33340,CIPCODE,26.0301,Botany/Plant Biology,59,0.02
FrequenciesRV,615,33340,CIPCODE,26.0305,Plant Pathology/Phytopathology,26,0.01
FrequenciesRV,616,33340,CIPCODE,26.0307,Plant Physiology,6,0
FrequenciesRV,617,33340,CIPCODE,26.0308,Plant Molecular Biology,4,0
FrequenciesRV,618,33340,CIPCODE,26.0399,"Botany/Plant Biology, Other",7,0
FrequenciesRV,619,33340,CIPCODE,26.0401,Cell/Cellular Biology and Histology,37,0.02
FrequenciesRV,620,33340,CIPCODE,26.0403,Anatomy,47,0.02
FrequenciesRV,621,33340,CIPCODE,26.0404,Developmental Biology and Embryology,11,0
FrequenciesRV,622,33340,CIPCODE,26.0406,Cell/Cellular and Molecular Biology,117,0.05
FrequenciesRV,623,33340,CIPCODE,26.0407,Cell Biology and Anatomy,20,0.01
FrequenciesRV,624,33340,CIPCODE,26.0499,"Cell/Cellular Biology and Anatomical Sciences, Other",27,0.01
FrequenciesRV,625,33340,CIPCODE,26.0502,"Microbiology, General",121,0.05
FrequenciesRV,626,33340,CIPCODE,26.0503,Medical Microbiology and Bacteriology,53,0.02
FrequenciesRV,627,33340,CIPCODE,26.0504,Virology,4,0
FrequenciesRV,628,33340,CIPCODE,26.0505,Parasitology,2,0
FrequenciesRV,629,33340,CIPCODE,26.0507,Immunology,35,0.01
FrequenciesRV,630,33340,CIPCODE,26.0508,Microbiology and Immunology,34,0.01
FrequenciesRV,631,33340,CIPCODE,26.0599,"Microbiological Sciences and Immunology, Other",20,0.01
FrequenciesRV,632,33340,CIPCODE,26.0701,Zoology/Animal Biology,62,0.03
FrequenciesRV,633,33340,CIPCODE,26.0702,Entomology,38,0.02
FrequenciesRV,634,33340,CIPCODE,26.0707,Animal Physiology,18,0.01
FrequenciesRV,635,33340,CIPCODE,26.0708,Animal Behavior and Ethology,13,0.01
FrequenciesRV,636,33340,CIPCODE,26.0709,Wildlife Biology,32,0.01
FrequenciesRV,637,33340,CIPCODE,26.0799,"Zoology/Animal Biology, Other",4,0
FrequenciesRV,638,33340,CIPCODE,26.0801,"Genetics, General",41,0.02
FrequenciesRV,639,33340,CIPCODE,26.0802,Molecular Genetics,22,0.01
FrequenciesRV,640,33340,CIPCODE,26.0804,Animal Genetics,9,0
FrequenciesRV,641,33340,CIPCODE,26.0805,Plant Genetics,3,0
FrequenciesRV,642,33340,CIPCODE,26.0806,Human/Medical Genetics,36,0.01
FrequenciesRV,643,33340,CIPCODE,26.0807,Genome Sciences/Genomics,21,0.01
FrequenciesRV,644,33340,CIPCODE,26.0899,"Genetics, Other",5,0
FrequenciesRV,645,33340,CIPCODE,26.0901,"Physiology, General",79,0.03
FrequenciesRV,646,33340,CIPCODE,26.0902,Molecular Physiology,9,0
FrequenciesRV,647,33340,CIPCODE,26.0903,Cell Physiology,9,0
FrequenciesRV,648,33340,CIPCODE,26.0904,Endocrinology,2,0
FrequenciesRV,649,33340,CIPCODE,26.0905,Reproductive Biology,5,0
FrequenciesRV,650,33340,CIPCODE,26.0907,Cardiovascular Science,7,0
FrequenciesRV,651,33340,CIPCODE,26.0908,Exercise Physiology,108,0.04
FrequenciesRV,652,33340,CIPCODE,26.0909,Vision Science/Physiological Optics,11,0
FrequenciesRV,653,33340,CIPCODE,26.0910,Pathology/Experimental Pathology,56,0.02
FrequenciesRV,654,33340,CIPCODE,26.0911,Oncology and Cancer Biology,26,0.01
FrequenciesRV,655,33340,CIPCODE,26.0912,Aerospace Physiology and Medicine,1,0
FrequenciesRV,656,33340,CIPCODE,26.0999,"Physiology, Pathology, and Related Sciences, Other",16,0.01
FrequenciesRV,657,33340,CIPCODE,26.1001,Pharmacology,76,0.03
FrequenciesRV,658,33340,CIPCODE,26.1002,Molecular Pharmacology,15,0.01
FrequenciesRV,659,33340,CIPCODE,26.1003,Neuropharmacology,1,0
FrequenciesRV,660,33340,CIPCODE,26.1004,Toxicology,42,0.02
FrequenciesRV,661,33340,CIPCODE,26.1005,Molecular Toxicology,4,0
FrequenciesRV,662,33340,CIPCODE,26.1006,Environmental Toxicology,16,0.01
FrequenciesRV,663,33340,CIPCODE,26.1007,Pharmacology and Toxicology,21,0.01
FrequenciesRV,664,33340,CIPCODE,26.1099,"Pharmacology and Toxicology, Other",6,0
FrequenciesRV,665,33340,CIPCODE,26.1101,Biometry/Biometrics,15,0.01
FrequenciesRV,666,33340,CIPCODE,26.1102,Biostatistics,85,0.04
FrequenciesRV,667,33340,CIPCODE,26.1103,Bioinformatics,113,0.05
FrequenciesRV,668,33340,CIPCODE,26.1104,Computational Biology,23,0.01
FrequenciesRV,669,33340,CIPCODE,26.1199,"Biomathematics, Bioinformatics, and Computational Biology, Other",27,0.01
FrequenciesRV,670,33340,CIPCODE,26.1201,Biotechnology,243,0.1
FrequenciesRV,671,33340,CIPCODE,26.1301,Ecology,94,0.04
FrequenciesRV,672,33340,CIPCODE,26.1302,Marine Biology and Biological Oceanography,96,0.04
FrequenciesRV,673,33340,CIPCODE,26.1303,Evolutionary Biology,14,0.01
FrequenciesRV,674,33340,CIPCODE,26.1304,Aquatic Biology/Limnology,13,0.01
FrequenciesRV,675,33340,CIPCODE,26.1305,Environmental Biology,71,0.03
FrequenciesRV,676,33340,CIPCODE,26.1306,Population Biology,3,0
FrequenciesRV,677,33340,CIPCODE,26.1307,Conservation Biology,43,0.02
FrequenciesRV,678,33340,CIPCODE,26.1308,Systematic Biology/Biological Systematics,2,0
FrequenciesRV,679,33340,CIPCODE,26.1309,Epidemiology,81,0.03
FrequenciesRV,680,33340,CIPCODE,26.1310,Ecology and Evolutionary Biology,31,0.01
FrequenciesRV,681,33340,CIPCODE,26.1399,"Ecology, Evolution, Systematics and Population Biology, Other",16,0.01
FrequenciesRV,682,33340,CIPCODE,26.1401,Molecular Medicine,15,0.01
FrequenciesRV,683,33340,CIPCODE,26.1501,Neuroscience,312,0.13
FrequenciesRV,684,33340,CIPCODE,26.1503,Neurobiology and Anatomy,26,0.01
FrequenciesRV,685,33340,CIPCODE,26.1504,Neurobiology and Behavior,8,0
FrequenciesRV,686,33340,CIPCODE,26.1599,"Neurobiology and Neurosciences, Other",11,0
FrequenciesRV,687,33340,CIPCODE,26.9999,"Biological and Biomedical Sciences, Other",166,7.0000000000000007E-2
FrequenciesRV,688,33340,CIPCODE,27,Mathematics and Statistics,1567,0.65
FrequenciesRV,689,33340,CIPCODE,27.0101,"Mathematics, General",1504,0.63
FrequenciesRV,690,33340,CIPCODE,27.0103,Analysis and Functional Analysis,4,0
FrequenciesRV,691,33340,CIPCODE,27.0105,Topology and Foundations,2,0
FrequenciesRV,692,33340,CIPCODE,27.0199,"Mathematics, Other",47,0.02
FrequenciesRV,693,33340,CIPCODE,27.0301,"Applied Mathematics, General",259,0.11
FrequenciesRV,694,33340,CIPCODE,27.0303,Computational Mathematics,39,0.02
FrequenciesRV,695,33340,CIPCODE,27.0304,Computational and Applied Mathematics,40,0.02
FrequenciesRV,696,33340,CIPCODE,27.0305,Financial Mathematics,101,0.04
FrequenciesRV,697,33340,CIPCODE,27.0306,Mathematical Biology,6,0
FrequenciesRV,698,33340,CIPCODE,27.0399,"Applied Mathematics, Other",27,0.01
FrequenciesRV,699,33340,CIPCODE,27.0501,"Statistics, General",205,0.09
FrequenciesRV,700,33340,CIPCODE,27.0502,Mathematical Statistics and Probability,20,0.01
FrequenciesRV,701,33340,CIPCODE,27.0503,Mathematics and Statistics,38,0.02
FrequenciesRV,702,33340,CIPCODE,27.0599,"Statistics, Other",36,0.01
FrequenciesRV,703,33340,CIPCODE,27.9999,"Mathematics and Statistics, Other",52,0.02
FrequenciesRV,704,33340,CIPCODE,29,Military Technologies and Applied Sciences,64,0.03
FrequenciesRV,705,33340,CIPCODE,29.0201,"Intelligence, General",15,0.01
FrequenciesRV,706,33340,CIPCODE,29.0202,Strategic Intelligence,5,0
FrequenciesRV,707,33340,CIPCODE,29.0203,Signal/Geospatial Intelligence,6,0
FrequenciesRV,708,33340,CIPCODE,29.0204,"Command & Control (C3, C4I Systems and Operations)",2,0
FrequenciesRV,709,33340,CIPCODE,29.0205,Information Operations/Joint Information Operations,1,0
FrequenciesRV,710,33340,CIPCODE,29.0206,Information/Psychological Warfare and Military Media Relations,1,0
FrequenciesRV,711,33340,CIPCODE,29.0207,Cyber/Electronic Operations and Warfare,24,0.01
FrequenciesRV,712,33340,CIPCODE,29.0299,"Intelligence, Command Control and Information Operations, Other",1,0
FrequenciesRV,713,33340,CIPCODE,29.0301,Combat Systems Engineering,1,0
FrequenciesRV,714,33340,CIPCODE,29.0303,Engineering Acoustics,1,0
FrequenciesRV,715,33340,CIPCODE,29.0305,Space Systems Operations,3,0
FrequenciesRV,716,33340,CIPCODE,29.0306,Operational Oceanography,1,0
FrequenciesRV,717,33340,CIPCODE,29.0307,Undersea Warfare,1,0
FrequenciesRV,718,33340,CIPCODE,29.0399,"Military Applied Sciences, Other",6,0
FrequenciesRV,719,33340,CIPCODE,29.0401,Aerospace Ground Equipment Technology,1,0
FrequenciesRV,720,33340,CIPCODE,29.0402,Air and Space Operations Technology,4,0
FrequenciesRV,721,33340,CIPCODE,29.0404,Explosive Ordinance/Bomb Disposal,1,0
FrequenciesRV,722,33340,CIPCODE,29.0405,"Joint Command/Task Force (C3, C4I Systems)",1,0
FrequenciesRV,723,33340,CIPCODE,29.0499,"Military Systems and Maintenance Technology, Other",2,0
FrequenciesRV,724,33340,CIPCODE,29.9999,"Military Technologies and Applied Sciences, Other",9,0
FrequenciesRV,725,33340,CIPCODE,30,Multi/Interdisciplinary Studies,1801,0.75
FrequenciesRV,726,33340,CIPCODE,30.0000,"Multi-/Interdisciplinary Studies, General",292,0.12
FrequenciesRV,727,33340,CIPCODE,30.0101,Biological and Physical Sciences,377,0.16
FrequenciesRV,728,33340,CIPCODE,30.0501,Peace Studies and Conflict Resolution,98,0.04
FrequenciesRV,729,33340,CIPCODE,30.0601,Systems Science and Theory,46,0.02
FrequenciesRV,730,33340,CIPCODE,30.0801,Mathematics and Computer Science,89,0.04
FrequenciesRV,731,33340,CIPCODE,30.1001,Biopsychology,28,0.01
FrequenciesRV,732,33340,CIPCODE,30.1101,Gerontology,200,0.08
FrequenciesRV,733,33340,CIPCODE,30.1201,Historic Preservation and Conservation,53,0.02
FrequenciesRV,734,33340,CIPCODE,30.1202,Cultural Resource Management and Policy Analysis,18,0.01
FrequenciesRV,735,33340,CIPCODE,30.1299,"Historic Preservation and Conservation, Other",8,0
FrequenciesRV,736,33340,CIPCODE,30.1301,Medieval and Renaissance Studies,58,0.02
FrequenciesRV,737,33340,CIPCODE,30.1401,Museology/Museum Studies,87,0.04
FrequenciesRV,738,33340,CIPCODE,30.1501,"Science, Technology and Society",66,0.03
FrequenciesRV,739,33340,CIPCODE,30.1601,Accounting and Computer Science,14,0.01
FrequenciesRV,740,33340,CIPCODE,30.1701,Behavioral Sciences,115,0.05
FrequenciesRV,741,33340,CIPCODE,30.1801,Natural Sciences,142,0.06
FrequenciesRV,742,33340,CIPCODE,30.1901,Nutrition Sciences,129,0.05
FrequenciesRV,743,33340,CIPCODE,30.2001,International/Global Studies,399,0.17
FrequenciesRV,744,33340,CIPCODE,30.2101,Holocaust and Related Studies,9,0
FrequenciesRV,745,33340,CIPCODE,30.2201,Ancient Studies/Civilization,42,0.02
FrequenciesRV,746,33340,CIPCODE,30.2202,"Classical, Ancient Mediterranean and Near Eastern Studies and Archaeology",36,0.01
FrequenciesRV,747,33340,CIPCODE,30.2301,Intercultural/Multicultural and Diversity Studies,76,0.03
FrequenciesRV,748,33340,CIPCODE,30.2501,Cognitive Science,66,0.03
FrequenciesRV,749,33340,CIPCODE,30.2601,Cultural Studies/Critical Theory and Analysis,41,0.02
FrequenciesRV,750,33340,CIPCODE,30.2701,Human Biology,31,0.01
FrequenciesRV,751,33340,CIPCODE,30.2801,Dispute Resolution,38,0.02
FrequenciesRV,752,33340,CIPCODE,30.2901,Maritime Studies,4,0
FrequenciesRV,753,33340,CIPCODE,30.3001,Computational Science,63,0.03
FrequenciesRV,754,33340,CIPCODE,30.3101,Human Computer Interaction,31,0.01
FrequenciesRV,755,33340,CIPCODE,30.3201,Marine Sciences,21,0.01
FrequenciesRV,756,33340,CIPCODE,30.3301,Sustainability Studies,202,0.08
FrequenciesRV,757,33340,CIPCODE,30.9999,"Multi-/Interdisciplinary Studies, Other",929,0.39
FrequenciesRV,758,33340,CIPCODE,31,"Parks, Recreation, Leisure and Fitness Studies",1448,0.6
FrequenciesRV,759,33340,CIPCODE,31.0101,"Parks, Recreation and Leisure Studies",179,7.0000000000000007E-2
FrequenciesRV,760,33340,CIPCODE,31.0301,"Parks, Recreation and Leisure Facilities Management, General",152,0.06
FrequenciesRV,761,33340,CIPCODE,31.0302,Golf Course Operation and Grounds Management,16,0.01
FrequenciesRV,762,33340,CIPCODE,31.0399,"Parks, Recreation and Leisure Facilities Management, Other",2,0
FrequenciesRV,763,33340,CIPCODE,31.0501,"Health and Physical Education/Fitness, General",504,0.21
FrequenciesRV,764,33340,CIPCODE,31.0504,Sport and Fitness Administration/Management,657,0.27
FrequenciesRV,765,33340,CIPCODE,31.0505,Kinesiology and Exercise Science,743,0.31
FrequenciesRV,766,33340,CIPCODE,31.0507,Physical Fitness Technician,140,0.06
FrequenciesRV,767,33340,CIPCODE,31.0508,Sports Studies,50,0.02
FrequenciesRV,768,33340,CIPCODE,31.0599,"Health and Physical Education/Fitness, Other",115,0.05
FrequenciesRV,769,33340,CIPCODE,31.0601,Outdoor Education,34,0.01
FrequenciesRV,770,33340,CIPCODE,31.9999,"Parks, Recreation, Leisure, and Fitness Studies, Other",37,0.02
FrequenciesRV,771,33340,CIPCODE,38,Philosophy and Religious Studies,1216,0.51
FrequenciesRV,772,33340,CIPCODE,38.0001,"Philosophy and Religious Studies, General",61,0.03
FrequenciesRV,773,33340,CIPCODE,38.0101,Philosophy,917,0.38
FrequenciesRV,774,33340,CIPCODE,38.0102,Logic,5,0
FrequenciesRV,775,33340,CIPCODE,38.0103,Ethics,30,0.01
FrequenciesRV,776,33340,CIPCODE,38.0104,Applied and Professional Ethics,24,0.01
FrequenciesRV,777,33340,CIPCODE,38.0199,"Philosophy, Other",31,0.01
FrequenciesRV,778,33340,CIPCODE,38.0201,Religion/Religious Studies,620,0.26
FrequenciesRV,779,33340,CIPCODE,38.0202,Buddhist Studies,5,0
FrequenciesRV,780,33340,CIPCODE,38.0203,Christian Studies,95,0.04
FrequenciesRV,781,33340,CIPCODE,38.0204,Hindu Studies,1,0
FrequenciesRV,782,33340,CIPCODE,38.0205,Islamic Studies,21,0.01
FrequenciesRV,783,33340,CIPCODE,38.0206,Jewish/Judaic Studies,89,0.04
FrequenciesRV,784,33340,CIPCODE,38.0299,"Religion/Religious Studies, Other",39,0.02
FrequenciesRV,785,33340,CIPCODE,38.9999,"Philosophy and Religious Studies, Other",84,0.03
FrequenciesRV,786,33340,CIPCODE,39,Theology and Religious Vocations,731,0.3
FrequenciesRV,787,33340,CIPCODE,39.0201,Bible/Biblical Studies,244,0.1
FrequenciesRV,788,33340,CIPCODE,39.0301,Missions/Missionary Studies and Missiology,136,0.06
FrequenciesRV,789,33340,CIPCODE,39.0401,Religious Education,151,0.06
FrequenciesRV,790,33340,CIPCODE,39.0501,Religious/Sacred Music,162,7.0000000000000007E-2
FrequenciesRV,791,33340,CIPCODE,39.0601,Theology/Theological Studies,351,0.15
FrequenciesRV,792,33340,CIPCODE,39.0602,Divinity/Ministry,282,0.12
FrequenciesRV,793,33340,CIPCODE,39.0604,Pre-Theology/Pre-Ministerial Studies,50,0.02
FrequenciesRV,794,33340,CIPCODE,39.0605,Rabbinical Studies,16,0.01
FrequenciesRV,795,33340,CIPCODE,39.0606,Talmudic Studies,86,0.04
FrequenciesRV,796,33340,CIPCODE,39.0699,"Theological and Ministerial Studies, Other",148,0.06
FrequenciesRV,797,33340,CIPCODE,39.0701,Pastoral Studies/Counseling,152,0.06
FrequenciesRV,798,33340,CIPCODE,39.0702,Youth Ministry,117,0.05
FrequenciesRV,799,33340,CIPCODE,39.0703,Urban Ministry,21,0.01
FrequenciesRV,800,33340,CIPCODE,39.0704,Women's Ministry,10,0
FrequenciesRV,801,33340,CIPCODE,39.0705,Lay Ministry,54,0.02
FrequenciesRV,802,33340,CIPCODE,39.0799,"Pastoral Counseling and Specialized Ministries, Other",93,0.04
FrequenciesRV,803,33340,CIPCODE,39.9999,"Theology and Religious Vocations, Other",132,0.05
FrequenciesRV,804,33340,CIPCODE,40,Physical Sciences,1519,0.63
FrequenciesRV,805,33340,CIPCODE,40.0101,Physical Sciences,216,0.09
FrequenciesRV,806,33340,CIPCODE,40.0201,Astronomy,115,0.05
FrequenciesRV,807,33340,CIPCODE,40.0202,Astrophysics,49,0.02
FrequenciesRV,808,33340,CIPCODE,40.0203,Planetary Astronomy and Science,10,0
FrequenciesRV,809,33340,CIPCODE,40.0299,"Astronomy and Astrophysics, Other",11,0
FrequenciesRV,810,33340,CIPCODE,40.0401,"Atmospheric Sciences and Meteorology, General",78,0.03
FrequenciesRV,811,33340,CIPCODE,40.0402,Atmospheric Chemistry and Climatology,2,0
FrequenciesRV,812,33340,CIPCODE,40.0403,Atmospheric Physics and Dynamics,1,0
FrequenciesRV,813,33340,CIPCODE,40.0404,Meteorology,33,0.01
FrequenciesRV,814,33340,CIPCODE,40.0499,"Atmospheric Sciences and Meteorology, Other",7,0
FrequenciesRV,815,33340,CIPCODE,40.0501,"Chemistry, General",1367,0.56999999999999995
FrequenciesRV,816,33340,CIPCODE,40.0502,Analytical Chemistry,9,0
FrequenciesRV,817,33340,CIPCODE,40.0503,Inorganic Chemistry,1,0
FrequenciesRV,818,33340,CIPCODE,40.0504,Organic Chemistry,2,0
FrequenciesRV,819,33340,CIPCODE,40.0506,Physical Chemistry,3,0
FrequenciesRV,820,33340,CIPCODE,40.0507,Polymer Chemistry,12,0
FrequenciesRV,821,33340,CIPCODE,40.0508,Chemical Physics,30,0.01
FrequenciesRV,822,33340,CIPCODE,40.0509,Environmental Chemistry,14,0.01
FrequenciesRV,823,33340,CIPCODE,40.0510,Forensic Chemistry,33,0.01
FrequenciesRV,824,33340,CIPCODE,40.0511,Theoretical Chemistry,3,0
FrequenciesRV,825,33340,CIPCODE,40.0599,"Chemistry, Other",95,0.04
FrequenciesRV,826,33340,CIPCODE,40.0601,"Geology/Earth Science, General",539,0.22
FrequenciesRV,827,33340,CIPCODE,40.0602,Geochemistry,16,0.01
FrequenciesRV,828,33340,CIPCODE,40.0603,Geophysics and Seismology,48,0.02
FrequenciesRV,829,33340,CIPCODE,40.0604,Paleontology,4,0
FrequenciesRV,830,33340,CIPCODE,40.0605,Hydrology and Water Resources Science,36,0.01
FrequenciesRV,831,33340,CIPCODE,40.0607,"Oceanography, Chemical and Physical",42,0.02
FrequenciesRV,832,33340,CIPCODE,40.0699,"Geological and Earth Sciences/Geosciences, Other",111,0.05
FrequenciesRV,833,33340,CIPCODE,40.0801,"Physics, General",938,0.39
FrequenciesRV,834,33340,CIPCODE,40.0802,Atomic/Molecular Physics,7,0
FrequenciesRV,835,33340,CIPCODE,40.0804,Elementary Particle Physics,1,0
FrequenciesRV,836,33340,CIPCODE,40.0806,Nuclear Physics,2,0
FrequenciesRV,837,33340,CIPCODE,40.0807,Optics/Optical Sciences,19,0.01
FrequenciesRV,838,33340,CIPCODE,40.0808,Condensed Matter and Materials Physics,3,0
FrequenciesRV,839,33340,CIPCODE,40.0809,Acoustics,5,0
FrequenciesRV,840,33340,CIPCODE,40.0810,Theoretical and Mathematical Physics,12,0
FrequenciesRV,841,33340,CIPCODE,40.0899,"Physics, Other",63,0.03
FrequenciesRV,842,33340,CIPCODE,40.1001,Materials Science,52,0.02
FrequenciesRV,843,33340,CIPCODE,40.1002,Materials Chemistry,5,0
FrequenciesRV,844,33340,CIPCODE,40.1099,"Materials Sciences, Other",5,0
FrequenciesRV,845,33340,CIPCODE,40.9999,"Physical Sciences, Other",56,0.02
FrequenciesRV,846,33340,CIPCODE,41,Science Technologies/Technicians,290,0.12
FrequenciesRV,847,33340,CIPCODE,41.0000,"Science Technologies/Technicians, General",15,0.01
FrequenciesRV,848,33340,CIPCODE,41.0101,Biology Technician/Biotechnology Laboratory Technician,101,0.04
FrequenciesRV,849,33340,CIPCODE,41.0204,Industrial Radiologic Technology/Technician,8,0
FrequenciesRV,850,33340,CIPCODE,41.0205,Nuclear/Nuclear Power Technology/Technician,19,0.01
FrequenciesRV,851,33340,CIPCODE,41.0299,"Nuclear and Industrial Radiologic Technologies/Technicians, Other",2,0
FrequenciesRV,852,33340,CIPCODE,41.0301,Chemical Technology/Technician,85,0.04
FrequenciesRV,853,33340,CIPCODE,41.0303,Chemical Process Technology,9,0
FrequenciesRV,854,33340,CIPCODE,41.0399,"Physical Science Technologies/Technicians, Other",2,0
FrequenciesRV,855,33340,CIPCODE,41.9999,"Science Technologies/Technicians, Other",94,0.04
FrequenciesRV,856,33340,CIPCODE,42,Psychology,1820,0.76
FrequenciesRV,857,33340,CIPCODE,42.0101,"Psychology, General",1672,0.7
FrequenciesRV,858,33340,CIPCODE,42.2701,Cognitive Psychology and Psycholinguistics,26,0.01
FrequenciesRV,859,33340,CIPCODE,42.2702,Comparative Psychology,2,0
FrequenciesRV,860,33340,CIPCODE,42.2703,Developmental and Child Psychology,69,0.03
FrequenciesRV,861,33340,CIPCODE,42.2704,Experimental Psychology,70,0.03
FrequenciesRV,862,33340,CIPCODE,42.2705,Personality Psychology,3,0
FrequenciesRV,863,33340,CIPCODE,42.2706,Physiological Psychology/Psychobiology,34,0.01
FrequenciesRV,864,33340,CIPCODE,42.2707,Social Psychology,37,0.02
FrequenciesRV,865,33340,CIPCODE,42.2708,Psychometrics and Quantitative Psychology,14,0.01
FrequenciesRV,866,33340,CIPCODE,42.2709,Psychopharmacology,4,0
FrequenciesRV,867,33340,CIPCODE,42.2799,"Research and Experimental Psychology, Other",88,0.04
FrequenciesRV,868,33340,CIPCODE,42.2801,Clinical Psychology,216,0.09
FrequenciesRV,869,33340,CIPCODE,42.2802,Community Psychology,47,0.02
FrequenciesRV,870,33340,CIPCODE,42.2803,Counseling Psychology,324,0.13
FrequenciesRV,871,33340,CIPCODE,42.2804,Industrial and Organizational Psychology,133,0.06
FrequenciesRV,872,33340,CIPCODE,42.2805,School Psychology,208,0.09
FrequenciesRV,873,33340,CIPCODE,42.2806,Educational Psychology,114,0.05
FrequenciesRV,874,33340,CIPCODE,42.2807,Clinical Child Psychology,15,0.01
FrequenciesRV,875,33340,CIPCODE,42.2808,Environmental Psychology,4,0
FrequenciesRV,876,33340,CIPCODE,42.2809,Geropsychology,3,0
FrequenciesRV,877,33340,CIPCODE,42.2810,Health/Medical Psychology,29,0.01
FrequenciesRV,878,33340,CIPCODE,42.2811,Family Psychology,14,0.01
FrequenciesRV,879,33340,CIPCODE,42.2812,Forensic Psychology,58,0.02
FrequenciesRV,880,33340,CIPCODE,42.2813,Applied Psychology,88,0.04
FrequenciesRV,881,33340,CIPCODE,42.2814,Applied Behavior Analysis,114,0.05
FrequenciesRV,882,33340,CIPCODE,42.2899,"Clinical, Counseling and Applied Psychology, Other",55,0.02
FrequenciesRV,883,33340,CIPCODE,42.9999,"Psychology, Other",148,0.06
FrequenciesRV,884,33340,CIPCODE,43,"Homeland Security, Law Enforcement, Firefighting, and Related Protective Service",2120,0.88
FrequenciesRV,885,33340,CIPCODE,43.0102,Corrections,239,0.1
FrequenciesRV,886,33340,CIPCODE,43.0103,Criminal Justice/Law Enforcement Administration,701,0.28999999999999998
FrequenciesRV,887,33340,CIPCODE,43.0104,Criminal Justice/Safety Studies,909,0.38
FrequenciesRV,888,33340,CIPCODE,43.0106,Forensic Science and Technology,273,0.11
FrequenciesRV,889,33340,CIPCODE,43.0107,Criminal Justice/Police Science,736,0.31
FrequenciesRV,890,33340,CIPCODE,43.0109,Security and Loss Prevention Services,69,0.03
FrequenciesRV,891,33340,CIPCODE,43.0110,Juvenile Corrections,21,0.01
FrequenciesRV,892,33340,CIPCODE,43.0111,Criminalistics and Criminal Science,41,0.02
FrequenciesRV,893,33340,CIPCODE,43.0112,Securities Services Administration/Management,57,0.02
FrequenciesRV,894,33340,CIPCODE,43.0113,Corrections Administration,18,0.01
FrequenciesRV,895,33340,CIPCODE,43.0114,Law Enforcement Investigation and Interviewing,8,0
FrequenciesRV,896,33340,CIPCODE,43.0116,Cyber/Computer Forensics and Counterterrorism,113,0.05
FrequenciesRV,897,33340,CIPCODE,43.0117,Financial Forensics and Fraud Investigation,33,0.01
FrequenciesRV,898,33340,CIPCODE,43.0118,Law Enforcement Intelligence Analysis,14,0.01
FrequenciesRV,899,33340,CIPCODE,43.0119,Critical Incident Response/Special Police Operations,3,0
FrequenciesRV,900,33340,CIPCODE,43.0120,Protective Services Operations,6,0
FrequenciesRV,901,33340,CIPCODE,43.0199,"Corrections and Criminal Justice, Other",139,0.06
FrequenciesRV,902,33340,CIPCODE,43.0201,Fire Prevention and Safety Technology/Technician,200,0.08
FrequenciesRV,903,33340,CIPCODE,43.0202,Fire Services Administration,114,0.05
FrequenciesRV,904,33340,CIPCODE,43.0203,Fire Science/Fire-fighting,349,0.15
FrequenciesRV,905,33340,CIPCODE,43.0204,Fire Systems Technology,6,0
FrequenciesRV,906,33340,CIPCODE,43.0205,Fire/Arson Investigation and Prevention,6,0
FrequenciesRV,907,33340,CIPCODE,43.0206,Wildland/Forest Firefighting and Investigation,17,0.01
FrequenciesRV,908,33340,CIPCODE,43.0299,"Fire Protection, Other",12,0
FrequenciesRV,909,33340,CIPCODE,43.0301,Homeland Security,140,0.06
FrequenciesRV,910,33340,CIPCODE,43.0302,Crisis/Emergency/Disaster Management,164,7.0000000000000007E-2
FrequenciesRV,911,33340,CIPCODE,43.0303,Critical Infrastructure Protection,27,0.01
FrequenciesRV,912,33340,CIPCODE,43.0304,Terrorism and Counterterrorism Operations,10,0
FrequenciesRV,913,33340,CIPCODE,43.0399,"Homeland Security, Other",19,0.01
FrequenciesRV,914,33340,CIPCODE,43.9999,"Homeland Security, Law Enforcement, Firefighting and Related Protective Services, Other",112,0.05
FrequenciesRV,915,33340,CIPCODE,44,Public Administration and Social Service Professions,1453,0.6
FrequenciesRV,916,33340,CIPCODE,44.0000,"Human Services, General",472,0.2
FrequenciesRV,917,33340,CIPCODE,44.0201,Community Organization and Advocacy,145,0.06
FrequenciesRV,918,33340,CIPCODE,44.0401,Public Administration,503,0.21
FrequenciesRV,919,33340,CIPCODE,44.0501,"Public Policy Analysis, General",172,7.0000000000000007E-2
FrequenciesRV,920,33340,CIPCODE,44.0502,Education Policy Analysis,7,0
FrequenciesRV,921,33340,CIPCODE,44.0503,Health Policy Analysis,20,0.01
FrequenciesRV,922,33340,CIPCODE,44.0504,International Policy Analysis,16,0.01
FrequenciesRV,923,33340,CIPCODE,44.0599,"Public Policy Analysis, Other",11,0
FrequenciesRV,924,33340,CIPCODE,44.0701,Social Work,795,0.33
FrequenciesRV,925,33340,CIPCODE,44.0702,Youth Services/Administration,42,0.02
FrequenciesRV,926,33340,CIPCODE,44.0799,"Social Work, Other",48,0.02
FrequenciesRV,927,33340,CIPCODE,44.9999,"Public Administration and Social Service Professions, Other",105,0.04
FrequenciesRV,928,33340,CIPCODE,45,Social Sciences,1707,0.71
FrequenciesRV,929,33340,CIPCODE,45.0101,"Social Sciences, General",506,0.21
FrequenciesRV,930,33340,CIPCODE,45.0102,Research Methodology and Quantitative Methods,39,0.02
FrequenciesRV,931,33340,CIPCODE,45.0201,Anthropology,577,0.24
FrequenciesRV,932,33340,CIPCODE,45.0202,Physical and Biological Anthropology,9,0
FrequenciesRV,933,33340,CIPCODE,45.0203,Medical Anthropology,8,0
FrequenciesRV,934,33340,CIPCODE,45.0204,Cultural Anthropology,12,0
FrequenciesRV,935,33340,CIPCODE,45.0299,"Anthropology, Other",33,0.01
FrequenciesRV,936,33340,CIPCODE,45.0301,Archeology,75,0.03
FrequenciesRV,937,33340,CIPCODE,45.0401,Criminology,221,0.09
FrequenciesRV,938,33340,CIPCODE,45.0501,Demography and Population Studies,18,0.01
FrequenciesRV,939,33340,CIPCODE,45.0601,"Economics, General",864,0.36
FrequenciesRV,940,33340,CIPCODE,45.0602,Applied Economics,58,0.02
FrequenciesRV,941,33340,CIPCODE,45.0603,Econometrics and Quantitative Economics,155,0.06
FrequenciesRV,942,33340,CIPCODE,45.0604,Development Economics and International Development,58,0.02
FrequenciesRV,943,33340,CIPCODE,45.0605,International Economics,41,0.02
FrequenciesRV,944,33340,CIPCODE,45.0699,"Economics, Other",61,0.03
FrequenciesRV,945,33340,CIPCODE,45.0701,Geography,382,0.16
FrequenciesRV,946,33340,CIPCODE,45.0702,Geographic Information Science and Cartography,239,0.1
FrequenciesRV,947,33340,CIPCODE,45.0799,"Geography, Other",59,0.02
FrequenciesRV,948,33340,CIPCODE,45.0901,International Relations and Affairs,446,0.19
FrequenciesRV,949,33340,CIPCODE,45.0902,National Security Policy Studies,29,0.01
FrequenciesRV,950,33340,CIPCODE,45.0999,"International Relations and National Security Studies, Other",29,0.01
FrequenciesRV,951,33340,CIPCODE,45.1001,"Political Science and Government, General",1281,0.53
FrequenciesRV,952,33340,CIPCODE,45.1002,American Government and Politics (United States,36,0.01
FrequenciesRV,953,33340,CIPCODE,45.1004,Political Economy,27,0.01
FrequenciesRV,954,33340,CIPCODE,45.1099,"Political Science and Government, Other",77,0.03
FrequenciesRV,955,33340,CIPCODE,45.1101,Sociology,1193,0.5
FrequenciesRV,956,33340,CIPCODE,45.1201,Urban Studies/Affairs,126,0.05
FrequenciesRV,957,33340,CIPCODE,45.1301,Sociology and Anthropology,55,0.02
FrequenciesRV,958,33340,CIPCODE,45.1401,Rural Sociology,3,0
FrequenciesRV,959,33340,CIPCODE,45.9999,"Social Sciences, Other",174,7.0000000000000007E-2
FrequenciesRV,960,33340,CIPCODE,46,Construction Trades,872,0.36
FrequenciesRV,961,33340,CIPCODE,46.0000,"Construction Trades, General",113,0.05
FrequenciesRV,962,33340,CIPCODE,46.0101,Mason/Masonry,66,0.03
FrequenciesRV,963,33340,CIPCODE,46.0201,Carpentry/Carpenter,279,0.12
FrequenciesRV,964,33340,CIPCODE,46.0301,"Electrical and Power Transmission Installation/Installer, General",83,0.03
FrequenciesRV,965,33340,CIPCODE,46.0302,Electrician,494,0.21
FrequenciesRV,966,33340,CIPCODE,46.0303,Lineworker,73,0.03
FrequenciesRV,967,33340,CIPCODE,46.0399,"Electrical and Power Transmission Installers, Other",23,0.01
FrequenciesRV,968,33340,CIPCODE,46.0401,Building/Property Maintenance,125,0.05
FrequenciesRV,969,33340,CIPCODE,46.0402,Concrete Finishing/Concrete Finisher,8,0
FrequenciesRV,970,33340,CIPCODE,46.0403,Building/Home/Construction Inspection/Inspector,53,0.02
FrequenciesRV,971,33340,CIPCODE,46.0404,Drywall Installation/Drywaller,6,0
FrequenciesRV,972,33340,CIPCODE,46.0406,Glazier,6,0
FrequenciesRV,973,33340,CIPCODE,46.0408,Painting/Painter and Wall Coverer,13,0.01
FrequenciesRV,974,33340,CIPCODE,46.0410,Roofer,2,0
FrequenciesRV,975,33340,CIPCODE,46.0411,Metal Building Assembly/Assembler,1,0
FrequenciesRV,976,33340,CIPCODE,46.0412,Building/Construction Site Management/Manager,67,0.03
FrequenciesRV,977,33340,CIPCODE,46.0413,"Carpet, Floor, and Tile Worker",2,0
FrequenciesRV,978,33340,CIPCODE,46.0414,Insulator,2,0
FrequenciesRV,979,33340,CIPCODE,46.0415,Building Construction Technology,126,0.05
FrequenciesRV,980,33340,CIPCODE,46.0499,"Building/Construction Finishing, Management, and Inspection, Other",55,0.02
FrequenciesRV,981,33340,CIPCODE,46.0502,Pipefitting/Pipefitter and Sprinkler Fitter,48,0.02
FrequenciesRV,982,33340,CIPCODE,46.0503,Plumbing Technology/Plumber,144,0.06
FrequenciesRV,983,33340,CIPCODE,46.0504,Well Drilling/Driller,4,0
FrequenciesRV,984,33340,CIPCODE,46.0505,Blasting/Blaster,1,0
FrequenciesRV,985,33340,CIPCODE,46.0599,"Plumbing and Related Water Supply Services, Other",8,0
FrequenciesRV,986,33340,CIPCODE,46.9999,"Construction Trades, Other",56,0.02
FrequenciesRV,987,33340,CIPCODE,47,Mechanic and Repair Technologies/Technicians,1290,0.54
FrequenciesRV,988,33340,CIPCODE,47.0000,"Mechanics and Repairers, General",25,0.01
FrequenciesRV,989,33340,CIPCODE,47.0101,"Electrical/Electronics Equipment Installation and Repair, General",149,0.06
FrequenciesRV,990,33340,CIPCODE,47.0102,Business Machine Repair,1,0
FrequenciesRV,991,33340,CIPCODE,47.0103,Communications Systems Installation and Repair Technology,44,0.02
FrequenciesRV,992,33340,CIPCODE,47.0104,Computer Installation and Repair Technology/Technician,190,0.08
FrequenciesRV,993,33340,CIPCODE,47.0105,Industrial Electronics Technology/Technician,145,0.06
FrequenciesRV,994,33340,CIPCODE,47.0106,Appliance Installation and Repair Technology/Technician,15,0.01
FrequenciesRV,995,33340,CIPCODE,47.0110,"Security System Installation, Repair, and Inspection Technology/Technician",5,0
FrequenciesRV,996,33340,CIPCODE,47.0199,"Electrical/Electronics Maintenance and Repair Technology, Other",27,0.01
FrequenciesRV,997,33340,CIPCODE,47.0201,"Heating, Air Conditioning, Ventilation and Refrigeration Maintenance Technology/",654,0.27
FrequenciesRV,998,33340,CIPCODE,47.0302,Heavy Equipment Maintenance Technology/Technician,63,0.03
FrequenciesRV,999,33340,CIPCODE,47.0303,Industrial Mechanics and Maintenance Technology,295,0.12
FrequenciesRV,1000,33340,CIPCODE,47.0399,"Heavy/Industrial Equipment Maintenance Technologies, Other",24,0.01
FrequenciesRV,1001,33340,CIPCODE,47.0402,Gunsmithing/Gunsmith,16,0.01
FrequenciesRV,1002,33340,CIPCODE,47.0403,Locksmithing and Safe Repair,2,0
FrequenciesRV,1003,33340,CIPCODE,47.0404,Musical Instrument Fabrication and Repair,8,0
FrequenciesRV,1004,33340,CIPCODE,47.0408,Watchmaking and Jewelrymaking,11,0
FrequenciesRV,1005,33340,CIPCODE,47.0409,Parts and Warehousing Operations and Maintenance Technology/Technician,1,0
FrequenciesRV,1006,33340,CIPCODE,47.0499,"Precision Systems Maintenance and Repair Technologies, Other",11,0
FrequenciesRV,1007,33340,CIPCODE,47.0600,"Vehicle Maintenance and Repair Technologies, General",26,0.01
FrequenciesRV,1008,33340,CIPCODE,47.0603,Autobody/Collision and Repair Technology/Technician,388,0.16
FrequenciesRV,1009,33340,CIPCODE,47.0604,Automobile/Automotive Mechanics Technology/Technician,822,0.34
FrequenciesRV,1010,33340,CIPCODE,47.0605,Diesel Mechanics Technology/Technician,314,0.13
FrequenciesRV,1011,33340,CIPCODE,47.0606,Small Engine Mechanics and Repair Technology/Technician,44,0.02
FrequenciesRV,1012,33340,CIPCODE,47.0607,Airframe Mechanics and Aircraft Maintenance Technology/Technician,143,0.06
FrequenciesRV,1013,33340,CIPCODE,47.0608,Aircraft Powerplant Technology/Technician,109,0.05
FrequenciesRV,1014,33340,CIPCODE,47.0609,Avionics Maintenance Technology/Technician,46,0.02
FrequenciesRV,1015,33340,CIPCODE,47.0611,Motorcycle Maintenance and Repair Technology/Technician,40,0.02
FrequenciesRV,1016,33340,CIPCODE,47.0612,Vehicle Emissions Inspection and Maintenance Technology/Technician,1,0
FrequenciesRV,1017,33340,CIPCODE,47.0613,Medium/Heavy Vehicle and Truck Technology/Technician,97,0.04
FrequenciesRV,1018,33340,CIPCODE,47.0614,Alternative Fuel Vehicle Technology/Technician,25,0.01
FrequenciesRV,1019,33340,CIPCODE,47.0615,Engine Machinist,5,0
FrequenciesRV,1020,33340,CIPCODE,47.0616,Marine Maintenance/Fitter and Ship Repair Technology/Technician,49,0.02
FrequenciesRV,1021,33340,CIPCODE,47.0617,High Performance and Custom Engine Technician/Mechanic,13,0.01
FrequenciesRV,1022,33340,CIPCODE,47.0699,"Vehicle Maintenance and Repair Technologies, Other",27,0.01
FrequenciesRV,1023,33340,CIPCODE,47.9999,"Mechanic and Repair Technologies/Technicians, Other",65,0.03
FrequenciesRV,1024,33340,CIPCODE,48,Precision Production,1009,0.42
FrequenciesRV,1025,33340,CIPCODE,48.0000,"Precision Production Trades, General",8,0
FrequenciesRV,1026,33340,CIPCODE,48.0303,Upholstery/Upholsterer,13,0.01
FrequenciesRV,1027,33340,CIPCODE,48.0501,Machine Tool Technology/Machinist,291,0.12
FrequenciesRV,1028,33340,CIPCODE,48.0503,Machine Shop Technology/Assistant,162,7.0000000000000007E-2
FrequenciesRV,1029,33340,CIPCODE,48.0506,Sheet Metal Technology/Sheetworking,40,0.02
FrequenciesRV,1030,33340,CIPCODE,48.0507,Tool and Die Technology/Technician,55,0.02
FrequenciesRV,1031,33340,CIPCODE,48.0508,Welding Technology/Welder,903,0.38
FrequenciesRV,1032,33340,CIPCODE,48.0509,Ironworking/Ironworker,10,0
FrequenciesRV,1033,33340,CIPCODE,48.0510,Computer Numerically Controlled (CNC,131,0.05
FrequenciesRV,1034,33340,CIPCODE,48.0511,Metal Fabricator,33,0.01
FrequenciesRV,1035,33340,CIPCODE,48.0599,"Precision Metal Working, Other",32,0.01
FrequenciesRV,1036,33340,CIPCODE,48.0701,"Woodworking, General",13,0.01
FrequenciesRV,1037,33340,CIPCODE,48.0702,Furniture Design and Manufacturing,12,0
FrequenciesRV,1038,33340,CIPCODE,48.0703,Cabinetmaking and Millwork,62,0.03
FrequenciesRV,1039,33340,CIPCODE,48.0799,"Woodworking, Other",3,0
FrequenciesRV,1040,33340,CIPCODE,48.0801,Boilermaking/Boilermaker,4,0
FrequenciesRV,1041,33340,CIPCODE,48.9999,"Precision Production, Other",23,0.01
FrequenciesRV,1042,33340,CIPCODE,49,Transportation and Materials Moving,519,0.22
FrequenciesRV,1043,33340,CIPCODE,49.0101,"Aeronautics/Aviation/Aerospace Science and Technology, General",91,0.04
FrequenciesRV,1044,33340,CIPCODE,49.0102,Airline/Commercial/Professional Pilot and Flight Crew,122,0.05
FrequenciesRV,1045,33340,CIPCODE,49.0104,Aviation/Airway Management and Operations,104,0.04
FrequenciesRV,1046,33340,CIPCODE,49.0105,Air Traffic Controller,28,0.01
FrequenciesRV,1047,33340,CIPCODE,49.0106,Airline Flight Attendant,7,0
FrequenciesRV,1048,33340,CIPCODE,49.0108,Flight Instructor,7,0
FrequenciesRV,1049,33340,CIPCODE,49.0199,"Air Transportation, Other",17,0.01
FrequenciesRV,1050,33340,CIPCODE,49.0202,Construction/Heavy Equipment/Earthmoving Equipment Operation,75,0.03
FrequenciesRV,1051,33340,CIPCODE,49.0205,Truck and Bus Driver/Commercial Vehicle Operator and Instructor,228,0.09
FrequenciesRV,1052,33340,CIPCODE,49.0207,Flagging and Traffic Control,3,0
FrequenciesRV,1053,33340,CIPCODE,49.0208,Railroad and Railway Transportation,5,0
FrequenciesRV,1054,33340,CIPCODE,49.0299,"Ground Transportation, Other",13,0.01
FrequenciesRV,1055,33340,CIPCODE,49.0304,"Diver, Professional and Instructor",13,0.01
FrequenciesRV,1056,33340,CIPCODE,49.0309,Marine Science/Merchant Marine Officer,11,0
FrequenciesRV,1057,33340,CIPCODE,49.0399,"Marine Transportation, Other",8,0
FrequenciesRV,1058,33340,CIPCODE,49.9999,"Transportation and Materials Moving, Other",12,0
FrequenciesRV,1059,33340,CIPCODE,50,Visual and Performing Arts,2304,0.96
FrequenciesRV,1060,33340,CIPCODE,50.0101,"Visual and Performing Arts, General",325,0.14000000000000001
FrequenciesRV,1061,33340,CIPCODE,50.0102,Digital Arts,168,7.0000000000000007E-2
FrequenciesRV,1062,33340,CIPCODE,50.0201,"Crafts/Craft Design, Folk Art and Artisanry",27,0.01
FrequenciesRV,1063,33340,CIPCODE,50.0301,"Dance, General",349,0.15
FrequenciesRV,1064,33340,CIPCODE,50.0302,Ballet,6,0
FrequenciesRV,1065,33340,CIPCODE,50.0399,"Dance, Other",25,0.01
FrequenciesRV,1066,33340,CIPCODE,50.0401,"Design and Visual Communications, General",290,0.12
FrequenciesRV,1067,33340,CIPCODE,50.0402,Commercial and Advertising Art,298,0.12
FrequenciesRV,1068,33340,CIPCODE,50.0404,Industrial and Product Design,74,0.03
FrequenciesRV,1069,33340,CIPCODE,50.0406,Commercial Photography,96,0.04
FrequenciesRV,1070,33340,CIPCODE,50.0407,Fashion/Apparel Design,147,0.06
FrequenciesRV,1071,33340,CIPCODE,50.0408,Interior Design,307,0.13
FrequenciesRV,1072,33340,CIPCODE,50.0409,Graphic Design,625,0.26
FrequenciesRV,1073,33340,CIPCODE,50.0410,Illustration,81,0.03
FrequenciesRV,1074,33340,CIPCODE,50.0411,Game and Interactive Media Design,170,7.0000000000000007E-2
FrequenciesRV,1075,33340,CIPCODE,50.0499,"Design and Applied Arts, Other",92,0.04
FrequenciesRV,1076,33340,CIPCODE,50.0501,"Drama and Dramatics/Theatre Arts, General",1007,0.42
FrequenciesRV,1077,33340,CIPCODE,50.0502,Technical Theatre/Theatre Design and Technology,190,0.08
FrequenciesRV,1078,33340,CIPCODE,50.0504,Playwriting and Screenwriting,62,0.03
FrequenciesRV,1079,33340,CIPCODE,50.0505,"Theatre Literature, History and Criticism",21,0.01
FrequenciesRV,1080,33340,CIPCODE,50.0506,Acting,118,0.05
FrequenciesRV,1081,33340,CIPCODE,50.0507,Directing and Theatrical Production,63,0.03
FrequenciesRV,1082,33340,CIPCODE,50.0509,Musical Theatre,111,0.05
FrequenciesRV,1083,33340,CIPCODE,50.0510,Costume Design,15,0.01
FrequenciesRV,1084,33340,CIPCODE,50.0599,"Dramatic/Theatre Arts and Stagecraft, Other",78,0.03
FrequenciesRV,1085,33340,CIPCODE,50.0601,Film/Cinema/Video Studies,232,0.1
FrequenciesRV,1086,33340,CIPCODE,50.0602,Cinematography and Film/Video Production,282,0.12
FrequenciesRV,1087,33340,CIPCODE,50.0605,Photography,260,0.11
FrequenciesRV,1088,33340,CIPCODE,50.0607,Documentary Production,20,0.01
FrequenciesRV,1089,33340,CIPCODE,50.0699,"Film/Video and Photographic Arts, Other",50,0.02
FrequenciesRV,1090,33340,CIPCODE,50.0701,"Art/Art Studies, General",870,0.36
FrequenciesRV,1091,33340,CIPCODE,50.0702,"Fine/Studio Arts, General",730,0.3
FrequenciesRV,1092,33340,CIPCODE,50.0703,"Art History, Criticism and Conservation",438,0.18
FrequenciesRV,1093,33340,CIPCODE,50.0705,Drawing,66,0.03
FrequenciesRV,1094,33340,CIPCODE,50.0706,Intermedia/Multimedia,64,0.03
FrequenciesRV,1095,33340,CIPCODE,50.0708,Painting,83,0.03
FrequenciesRV,1096,33340,CIPCODE,50.0709,Sculpture,81,0.03
FrequenciesRV,1097,33340,CIPCODE,50.0710,Printmaking,56,0.02
FrequenciesRV,1098,33340,CIPCODE,50.0711,Ceramic Arts and Ceramics,73,0.03
FrequenciesRV,1099,33340,CIPCODE,50.0712,"Fiber, Textile and Weaving Arts",22,0.01
FrequenciesRV,1100,33340,CIPCODE,50.0713,Metal and Jewelry Arts,36,0.01
FrequenciesRV,1101,33340,CIPCODE,50.0799,"Fine Arts and Art Studies, Other",144,0.06
FrequenciesRV,1102,33340,CIPCODE,50.0901,"Music, General",1181,0.49
FrequenciesRV,1103,33340,CIPCODE,50.0902,"Music History, Literature, and Theory",72,0.03
FrequenciesRV,1104,33340,CIPCODE,50.0903,"Music Performance, General",510,0.21
FrequenciesRV,1105,33340,CIPCODE,50.0904,Music Theory and Composition,210,0.09
FrequenciesRV,1106,33340,CIPCODE,50.0905,Musicology and Ethnomusicology,45,0.02
FrequenciesRV,1107,33340,CIPCODE,50.0906,Conducting,65,0.03
FrequenciesRV,1108,33340,CIPCODE,50.0907,Keyboard Instruments,104,0.04
FrequenciesRV,1109,33340,CIPCODE,50.0908,Voice and Opera,114,0.05
FrequenciesRV,1110,33340,CIPCODE,50.0910,Jazz/Jazz Studies,76,0.03
FrequenciesRV,1111,33340,CIPCODE,50.0911,Stringed Instruments,35,0.01
FrequenciesRV,1112,33340,CIPCODE,50.0912,Music Pedagogy,70,0.03
FrequenciesRV,1113,33340,CIPCODE,50.0913,Music Technology,108,0.04
FrequenciesRV,1114,33340,CIPCODE,50.0914,Brass Instruments,19,0.01
FrequenciesRV,1115,33340,CIPCODE,50.0915,Woodwind Instruments,17,0.01
FrequenciesRV,1116,33340,CIPCODE,50.0916,Percussion Instruments,16,0.01
FrequenciesRV,1117,33340,CIPCODE,50.0999,"Music, Other",156,0.06
FrequenciesRV,1118,33340,CIPCODE,50.1001,"Arts, Entertainment,and Media Management, General",83,0.03
FrequenciesRV,1119,33340,CIPCODE,50.1002,Fine and Studio Arts Management,112,0.05
FrequenciesRV,1120,33340,CIPCODE,50.1003,Music Management,137,0.06
FrequenciesRV,1121,33340,CIPCODE,50.1004,Theatre/Theatre Arts Management,51,0.02
FrequenciesRV,1122,33340,CIPCODE,50.1099,"Arts, Entertainment, and Media Management, Other",17,0.01
FrequenciesRV,1123,33340,CIPCODE,50.9999,"Visual and Performing Arts, Other",107,0.04
FrequenciesRV,1124,33340,CIPCODE,51,Health Professions and Related Programs,4077,1.7
FrequenciesRV,1125,33340,CIPCODE,51.0000,"Health Services/Allied Health/Health Sciences, General",555,0.23
FrequenciesRV,1126,33340,CIPCODE,51.0001,"Health and Wellness, General",195,0.08
FrequenciesRV,1127,33340,CIPCODE,51.0101,Chiropractic,17,0.01
FrequenciesRV,1128,33340,CIPCODE,51.0201,"Communication Sciences and Disorders, General",138,0.06
FrequenciesRV,1129,33340,CIPCODE,51.0202,Audiology/Audiologist,72,0.03
FrequenciesRV,1130,33340,CIPCODE,51.0203,Speech-Language Pathology/Pathologist,160,7.0000000000000007E-2
FrequenciesRV,1131,33340,CIPCODE,51.0204,Audiology/Audiologist and Speech-Language Pathology/Pathologist,159,7.0000000000000007E-2
FrequenciesRV,1132,33340,CIPCODE,51.0299,"Communication Disorders Sciences and Services, Other",21,0.01
FrequenciesRV,1133,33340,CIPCODE,51.0401,Dentistry,64,0.03
FrequenciesRV,1134,33340,CIPCODE,51.0501,"Dental Clinical Sciences, General",34,0.01
FrequenciesRV,1135,33340,CIPCODE,51.0502,Advanced General Dentistry,21,0.01
FrequenciesRV,1136,33340,CIPCODE,51.0503,Oral Biology and Oral and Maxillofacial Pathology,24,0.01
FrequenciesRV,1137,33340,CIPCODE,51.0504,Dental Public Health and Education,12,0
FrequenciesRV,1138,33340,CIPCODE,51.0505,Dental Materials,2,0
FrequenciesRV,1139,33340,CIPCODE,51.0506,Endodontics/Endodontology,29,0.01
FrequenciesRV,1140,33340,CIPCODE,51.0507,Oral/Maxillofacial Surgery,14,0.01
FrequenciesRV,1141,33340,CIPCODE,51.0508,Orthodontics/Orthodontology,37,0.02
FrequenciesRV,1142,33340,CIPCODE,51.0509,Pediatric Dentistry/Pedodontics,21,0.01
FrequenciesRV,1143,33340,CIPCODE,51.0510,Periodontics/Periodontology,29,0.01
FrequenciesRV,1144,33340,CIPCODE,51.0511,Prosthodontics/Prosthodontology,20,0.01
FrequenciesRV,1145,33340,CIPCODE,51.0599,"Advanced/Graduate Dentistry and Oral Sciences, Other",16,0.01
FrequenciesRV,1146,33340,CIPCODE,51.0601,Dental Assisting/Assistant,621,0.26
FrequenciesRV,1147,33340,CIPCODE,51.0602,Dental Hygiene/Hygienist,354,0.15
FrequenciesRV,1148,33340,CIPCODE,51.0603,Dental Laboratory Technology/Technician,39,0.02
FrequenciesRV,1149,33340,CIPCODE,51.0699,"Dental Services and Allied Professions, Other",17,0.01
FrequenciesRV,1150,33340,CIPCODE,51.0701,Health/Health Care Administration/Management,730,0.3
FrequenciesRV,1151,33340,CIPCODE,51.0702,Hospital and Health Care Facilities Administration/Management,104,0.04
FrequenciesRV,1152,33340,CIPCODE,51.0703,Health Unit Coordinator/Ward Clerk,28,0.01
FrequenciesRV,1153,33340,CIPCODE,51.0704,Health Unit Manager/Ward Supervisor,2,0
FrequenciesRV,1154,33340,CIPCODE,51.0705,Medical Office Management/Administration,154,0.06
FrequenciesRV,1155,33340,CIPCODE,51.0706,Health Information/Medical Records Administration/Administrator,202,0.08
FrequenciesRV,1156,33340,CIPCODE,51.0707,Health Information/Medical Records Technology/Technician,501,0.21
FrequenciesRV,1157,33340,CIPCODE,51.0708,Medical Transcription/Transcriptionist,123,0.05
FrequenciesRV,1158,33340,CIPCODE,51.0709,Medical Office Computer Specialist/Assistant,22,0.01
FrequenciesRV,1159,33340,CIPCODE,51.0710,Medical Office Assistant/Specialist,294,0.12
FrequenciesRV,1160,33340,CIPCODE,51.0711,Medical/Health Management and Clinical Assistant/Specialist,39,0.02
FrequenciesRV,1161,33340,CIPCODE,51.0712,Medical Reception/Receptionist,53,0.02
FrequenciesRV,1162,33340,CIPCODE,51.0713,Medical Insurance Coding Specialist/Coder,506,0.21
FrequenciesRV,1163,33340,CIPCODE,51.0714,Medical Insurance Specialist/Medical Biller,257,0.11
FrequenciesRV,1164,33340,CIPCODE,51.0715,Health/Medical Claims Examiner,1,0
FrequenciesRV,1165,33340,CIPCODE,51.0716,Medical Administrative/Executive Assistant and Medical Secretary,408,0.17
FrequenciesRV,1166,33340,CIPCODE,51.0717,Medical Staff Services Technology/Technician,21,0.01
FrequenciesRV,1167,33340,CIPCODE,51.0718,Long Term Care Administration/Management,36,0.01
FrequenciesRV,1168,33340,CIPCODE,51.0719,Clinical Research Coordinator,27,0.01
FrequenciesRV,1169,33340,CIPCODE,51.0799,"Health and Medical Administrative Services, Other",134,0.06
FrequenciesRV,1170,33340,CIPCODE,51.0801,Medical/Clinical Assistant,1225,0.51
FrequenciesRV,1171,33340,CIPCODE,51.0802,Clinical/Medical Laboratory Assistant,52,0.02
FrequenciesRV,1172,33340,CIPCODE,51.0803,Occupational Therapist Assistant,238,0.1
FrequenciesRV,1173,33340,CIPCODE,51.0805,Pharmacy Technician/Assistant,536,0.22
FrequenciesRV,1174,33340,CIPCODE,51.0806,Physical Therapy Technician/Assistant,398,0.17
FrequenciesRV,1175,33340,CIPCODE,51.0808,Veterinary/Animal Health Technology/Technician and Veterinary Assistant,278,0.12
FrequenciesRV,1176,33340,CIPCODE,51.0809,Anesthesiologist Assistant,21,0.01
FrequenciesRV,1177,33340,CIPCODE,51.0810,Emergency Care Attendant (EMT Ambulance),96,0.04
FrequenciesRV,1178,33340,CIPCODE,51.0811,Pathology/Pathologist Assistant,8,0
FrequenciesRV,1179,33340,CIPCODE,51.0812,Respiratory Therapy Technician/Assistant,38,0.02
FrequenciesRV,1180,33340,CIPCODE,51.0813,Chiropractic Assistant/Technician,4,0
FrequenciesRV,1181,33340,CIPCODE,51.0814,Radiologist Assistant,16,0.01
FrequenciesRV,1182,33340,CIPCODE,51.0815,Lactation Consultant,4,0
FrequenciesRV,1183,33340,CIPCODE,51.0816,Speech-Language Pathology Assistant,14,0.01
FrequenciesRV,1184,33340,CIPCODE,51.0899,"Allied Health and Medical Assisting Services, Other",127,0.05
FrequenciesRV,1185,33340,CIPCODE,51.0901,Cardiovascular Technology/Technologist,90,0.04
FrequenciesRV,1186,33340,CIPCODE,51.0902,Electrocardiograph Technology/Technician,52,0.02
FrequenciesRV,1187,33340,CIPCODE,51.0903,Electroneurodiagnostic/Electroencephalographic Technology/Technologist,34,0.01
FrequenciesRV,1188,33340,CIPCODE,51.0904,Emergency Medical Technology/Technician (EMT Paramedic),733,0.3
FrequenciesRV,1189,33340,CIPCODE,51.0905,Nuclear Medical Technology/Technologist,97,0.04
FrequenciesRV,1190,33340,CIPCODE,51.0906,Perfusion Technology/Perfusionist,9,0
FrequenciesRV,1191,33340,CIPCODE,51.0907,Medical Radiologic Technology/Science - Radiation Therapist,296,0.12
FrequenciesRV,1192,33340,CIPCODE,51.0908,Respiratory Care Therapy/Therapist,424,0.18
FrequenciesRV,1193,33340,CIPCODE,51.0909,Surgical Technology/Technologist,478,0.2
FrequenciesRV,1194,33340,CIPCODE,51.0910,Diagnostic Medical Sonography/Sonographer and Ultrasound Technician,303,0.13
FrequenciesRV,1195,33340,CIPCODE,51.0911,Radiologic Technology/Science - Radiographer,481,0.2
FrequenciesRV,1196,33340,CIPCODE,51.0912,Physician Assistant,232,0.1
FrequenciesRV,1197,33340,CIPCODE,51.0913,Athletic Training/Trainer,457,0.19
FrequenciesRV,1198,33340,CIPCODE,51.0914,Gene/Genetic Therapy,3,0
FrequenciesRV,1199,33340,CIPCODE,51.0915,Cardiopulmonary Technology/Technologist,8,0
FrequenciesRV,1200,33340,CIPCODE,51.0916,Radiation Protection/Health Physics Technician,12,0
FrequenciesRV,1201,33340,CIPCODE,51.0917,Polysomnography,36,0.01
FrequenciesRV,1202,33340,CIPCODE,51.0918,Hearing Instrument Specialist,3,0
FrequenciesRV,1203,33340,CIPCODE,51.0919,Mammography Technician/Technology,19,0.01
FrequenciesRV,1204,33340,CIPCODE,51.0920,Magnetic Resonance Imaging (MRI,56,0.02
FrequenciesRV,1205,33340,CIPCODE,51.0999,"Allied Health Diagnostic, Intervention, and Treatment Professions, Other",104,0.04
FrequenciesRV,1206,33340,CIPCODE,51.1001,Blood Bank Technology Specialist,16,0.01
FrequenciesRV,1207,33340,CIPCODE,51.1002,Cytotechnology/Cytotechnologist,30,0.01
FrequenciesRV,1208,33340,CIPCODE,51.1003,Hematology Technology/Technician,6,0
FrequenciesRV,1209,33340,CIPCODE,51.1004,Clinical/Medical Laboratory Technician,310,0.13
FrequenciesRV,1210,33340,CIPCODE,51.1005,Clinical Laboratory Science/Medical Technology/Technologist,327,0.14000000000000001
FrequenciesRV,1211,33340,CIPCODE,51.1006,Ophthalmic Laboratory Technology/Technician,2,0
FrequenciesRV,1212,33340,CIPCODE,51.1007,Histologic Technology/Histotechnologist,18,0.01
FrequenciesRV,1213,33340,CIPCODE,51.1008,Histologic Technician,20,0.01
FrequenciesRV,1214,33340,CIPCODE,51.1009,Phlebotomy Technician/Phlebotomist,358,0.15
FrequenciesRV,1215,33340,CIPCODE,51.1010,Cytogenetics/Genetics/Clinical Genetics Technology/Technologist,4,0
FrequenciesRV,1216,33340,CIPCODE,51.1011,Renal/Dialysis Technologist/Technician,32,0.01
FrequenciesRV,1217,33340,CIPCODE,51.1012,Sterile Processing Technology/Technician,62,0.03
FrequenciesRV,1218,33340,CIPCODE,51.1099,"Clinical/Medical Laboratory Science and Allied Professions, Other",55,0.02
FrequenciesRV,1219,33340,CIPCODE,51.1101,Pre-Dentistry Studies,46,0.02
FrequenciesRV,1220,33340,CIPCODE,51.1102,Pre-Medicine/Pre-Medical Studies,168,7.0000000000000007E-2
FrequenciesRV,1221,33340,CIPCODE,51.1103,Pre-Pharmacy Studies,78,0.03
FrequenciesRV,1222,33340,CIPCODE,51.1104,Pre-Veterinary Studies,65,0.03
FrequenciesRV,1223,33340,CIPCODE,51.1105,Pre-Nursing Studies,110,0.05
FrequenciesRV,1224,33340,CIPCODE,51.1106,Pre-Chiropractic Studies,2,0
FrequenciesRV,1225,33340,CIPCODE,51.1107,Pre-Occupational Therapy Studies,22,0.01
FrequenciesRV,1226,33340,CIPCODE,51.1108,Pre-Optometry Studies,12,0
FrequenciesRV,1227,33340,CIPCODE,51.1109,Pre-Physical Therapy Studies,50,0.02
FrequenciesRV,1228,33340,CIPCODE,51.1199,"Health/Medical Preparatory Programs, Other",181,0.08
FrequenciesRV,1229,33340,CIPCODE,51.1201,Medicine,147,0.06
FrequenciesRV,1230,33340,CIPCODE,51.1401,Medical Scientist,73,0.03
FrequenciesRV,1231,33340,CIPCODE,51.1501,Substance Abuse/Addiction Counseling,379,0.16
FrequenciesRV,1232,33340,CIPCODE,51.1502,Psychiatric/Mental Health Services Technician,98,0.04
FrequenciesRV,1233,33340,CIPCODE,51.1503,Clinical/Medical Social Work,38,0.02
FrequenciesRV,1234,33340,CIPCODE,51.1504,Community Health Services/Liaison/Counseling,143,0.06
FrequenciesRV,1235,33340,CIPCODE,51.1505,Marriage and Family Therapy/Counseling,152,0.06
FrequenciesRV,1236,33340,CIPCODE,51.1506,Clinical Pastoral Counseling/Patient Counseling,27,0.01
FrequenciesRV,1237,33340,CIPCODE,51.1507,Psychoanalysis and Psychotherapy,2,0
FrequenciesRV,1238,33340,CIPCODE,51.1508,Mental Health Counseling/Counselor,237,0.1
FrequenciesRV,1239,33340,CIPCODE,51.1509,Genetic Counseling/Counselor,22,0.01
FrequenciesRV,1240,33340,CIPCODE,51.1599,"Mental and Social Health Services and Allied Professions, Other",141,0.06
FrequenciesRV,1241,33340,CIPCODE,51.1701,Optometry,22,0.01
FrequenciesRV,1242,33340,CIPCODE,51.1801,Opticianry/Ophthalmic Dispensing Optician,32,0.01
FrequenciesRV,1243,33340,CIPCODE,51.1802,Optometric Technician/Assistant,25,0.01
FrequenciesRV,1244,33340,CIPCODE,51.1803,Ophthalmic Technician/Technologist,29,0.01
FrequenciesRV,1245,33340,CIPCODE,51.1804,Orthoptics/Orthoptist,2,0
FrequenciesRV,1246,33340,CIPCODE,51.1899,"Ophthalmic and Optometric Support Services and Allied Professions, Other",11,0
FrequenciesRV,1247,33340,CIPCODE,51.1901,Osteopathic Medicine/Osteopathy,35,0.01
FrequenciesRV,1248,33340,CIPCODE,51.2001,Pharmacy,141,0.06
FrequenciesRV,1249,33340,CIPCODE,51.2002,Pharmacy Administration and Pharmacy Policy and Regulatory Affairs,22,0.01
FrequenciesRV,1250,33340,CIPCODE,51.2003,Pharmaceutics and Drug Design,37,0.02
FrequenciesRV,1251,33340,CIPCODE,51.2004,Medicinal and Pharmaceutical Chemistry,35,0.01
FrequenciesRV,1252,33340,CIPCODE,51.2005,Natural Products Chemistry and Pharmacognosy,2,0
FrequenciesRV,1253,33340,CIPCODE,51.2006,Clinical and Industrial Drug Development,11,0
FrequenciesRV,1254,33340,CIPCODE,51.2007,Pharmacoeconomics/Pharmaceutical Economics,14,0.01
FrequenciesRV,1255,33340,CIPCODE,51.2008,"Clinical, Hospital, and Managed Care Pharmacy",6,0
FrequenciesRV,1256,33340,CIPCODE,51.2009,Industrial and Physical Pharmacy and Cosmetic Sciences,8,0
FrequenciesRV,1257,33340,CIPCODE,51.2010,Pharmaceutical Sciences,57,0.02
FrequenciesRV,1258,33340,CIPCODE,51.2011,Pharmaceutical Marketing and Management,9,0
FrequenciesRV,1259,33340,CIPCODE,51.2099,"Pharmacy, Pharmaceutical Sciences, and Administration, Other",35,0.01
FrequenciesRV,1260,33340,CIPCODE,51.2101,Podiatric Medicine/Podiatry,9,0
FrequenciesRV,1261,33340,CIPCODE,51.2201,"Public Health, General",401,0.17
FrequenciesRV,1262,33340,CIPCODE,51.2202,Environmental Health,97,0.04
FrequenciesRV,1263,33340,CIPCODE,51.2205,Health/Medical Physics,38,0.02
FrequenciesRV,1264,33340,CIPCODE,51.2206,Occupational Health and Industrial Hygiene,35,0.01
FrequenciesRV,1265,33340,CIPCODE,51.2207,Public Health Education and Promotion,158,7.0000000000000007E-2
FrequenciesRV,1266,33340,CIPCODE,51.2208,Community Health and Preventive Medicine,102,0.04
FrequenciesRV,1267,33340,CIPCODE,51.2209,Maternal and Child Health,21,0.01
FrequenciesRV,1268,33340,CIPCODE,51.2210,International Public Health/International Health,63,0.03
FrequenciesRV,1269,33340,CIPCODE,51.2211,Health Services Administration,128,0.05
FrequenciesRV,1270,33340,CIPCODE,51.2212,Behavioral Aspects of Health,32,0.01
FrequenciesRV,1271,33340,CIPCODE,51.2299,"Public Health, Other",87,0.04
FrequenciesRV,1272,33340,CIPCODE,51.2301,Art Therapy/Therapist,78,0.03
FrequenciesRV,1273,33340,CIPCODE,51.2302,Dance Therapy/Therapist,5,0
FrequenciesRV,1274,33340,CIPCODE,51.2305,Music Therapy/Therapist,68,0.03
FrequenciesRV,1275,33340,CIPCODE,51.2306,Occupational Therapy/Therapist,213,0.09
FrequenciesRV,1276,33340,CIPCODE,51.2307,Orthotist/Prosthetist,19,0.01
FrequenciesRV,1277,33340,CIPCODE,51.2308,Physical Therapy/Therapist,271,0.11
FrequenciesRV,1278,33340,CIPCODE,51.2309,Therapeutic Recreation/Recreational Therapy,57,0.02
FrequenciesRV,1279,33340,CIPCODE,51.2310,Vocational Rehabilitation Counseling/Counselor,75,0.03
FrequenciesRV,1280,33340,CIPCODE,51.2311,Kinesiotherapy/Kinesiotherapist,9,0
FrequenciesRV,1281,33340,CIPCODE,51.2312,Assistive/Augmentative Technology and Rehabilitation Engineering,9,0
FrequenciesRV,1282,33340,CIPCODE,51.2313,Animal-Assisted Therapy,9,0
FrequenciesRV,1283,33340,CIPCODE,51.2314,Rehabilitation Science,45,0.02
FrequenciesRV,1284,33340,CIPCODE,51.2399,"Rehabilitation and Therapeutic Professions, Other",80,0.03
FrequenciesRV,1285,33340,CIPCODE,51.2401,Veterinary Medicine,32,0.01
FrequenciesRV,1286,33340,CIPCODE,51.2501,"Veterinary Sciences/Veterinary Clinical Sciences, General",30,0.01
FrequenciesRV,1287,33340,CIPCODE,51.2503,Veterinary Physiology,2,0
FrequenciesRV,1288,33340,CIPCODE,51.2504,Veterinary Microbiology and Immunobiology,3,0
FrequenciesRV,1289,33340,CIPCODE,51.2505,Veterinary Pathology and Pathobiology,9,0
FrequenciesRV,1290,33340,CIPCODE,51.2507,Large Animal/Food Animal and Equine Surgery and Medicine,2,0
FrequenciesRV,1291,33340,CIPCODE,51.2508,Small/Companion Animal Surgery and Medicine,2,0
FrequenciesRV,1292,33340,CIPCODE,51.2509,Comparative and Laboratory Animal Medicine,9,0
FrequenciesRV,1293,33340,CIPCODE,51.2510,"Veterinary Preventive Medicine, Epidemiology, and Public Health",6,0
FrequenciesRV,1294,33340,CIPCODE,51.2511,Veterinary Infectious Diseases,3,0
FrequenciesRV,1295,33340,CIPCODE,51.2601,Health Aide,33,0.01
FrequenciesRV,1296,33340,CIPCODE,51.2602,Home Health Aide/Home Attendant,69,0.03
FrequenciesRV,1297,33340,CIPCODE,51.2603,Medication Aide,32,0.01
FrequenciesRV,1298,33340,CIPCODE,51.2604,Rehabilitation Aide,18,0.01
FrequenciesRV,1299,33340,CIPCODE,51.2699,"Health Aides/Attendants/Orderlies, Other",15,0.01
FrequenciesRV,1300,33340,CIPCODE,51.2703,Medical Illustration/Medical Illustrator,11,0
FrequenciesRV,1301,33340,CIPCODE,51.2706,Medical Informatics,137,0.06
FrequenciesRV,1302,33340,CIPCODE,51.2799,"Medical Illustration and Informatics, Other",4,0
FrequenciesRV,1303,33340,CIPCODE,51.3101,Dietetics/Dietitian,169,7.0000000000000007E-2
FrequenciesRV,1304,33340,CIPCODE,51.3102,Clinical Nutrition/Nutritionist,46,0.02
FrequenciesRV,1305,33340,CIPCODE,51.3103,Dietetic Technician,45,0.02
FrequenciesRV,1306,33340,CIPCODE,51.3104,Dietitian Assistant,25,0.01
FrequenciesRV,1307,33340,CIPCODE,51.3199,"Dietetics and Clinical Nutrition Services, Other",33,0.01
FrequenciesRV,1308,33340,CIPCODE,51.3201,Bioethics/Medical Ethics,51,0.02
FrequenciesRV,1309,33340,CIPCODE,51.3300,"Alternative and Complementary Medicine and Medical Systems, General",11,0
FrequenciesRV,1310,33340,CIPCODE,51.3301,Acupuncture and Oriental Medicine,50,0.02
FrequenciesRV,1311,33340,CIPCODE,51.3302,Traditional Chinese Medicine and Chinese Herbology,13,0.01
FrequenciesRV,1312,33340,CIPCODE,51.3303,Naturopathic Medicine/Naturopathy,7,0
FrequenciesRV,1313,33340,CIPCODE,51.3304,Homeopathic Medicine/Homeopathy,1,0
FrequenciesRV,1314,33340,CIPCODE,51.3305,Ayurvedic Medicine/Ayurveda,7,0
FrequenciesRV,1315,33340,CIPCODE,51.3306,Holistic Health,20,0.01
FrequenciesRV,1316,33340,CIPCODE,51.3399,"Alternative and Complementary Medicine and Medical Systems, Other",9,0
FrequenciesRV,1317,33340,CIPCODE,51.3401,Direct Entry Midwifery,7,0
FrequenciesRV,1318,33340,CIPCODE,51.3499,"Alternative and Complementary Medical Support Services, Other",2,0
FrequenciesRV,1319,33340,CIPCODE,51.3501,Massage Therapy/Therapeutic Massage,527,0.22
FrequenciesRV,1320,33340,CIPCODE,51.3502,Asian Bodywork Therapy,5,0
FrequenciesRV,1321,33340,CIPCODE,51.3503,Somatic Bodywork,5,0
FrequenciesRV,1322,33340,CIPCODE,51.3599,"Somatic Bodywork and Related Therapeutic Services, Other",3,0
FrequenciesRV,1323,33340,CIPCODE,51.3601,Movement Therapy and Movement Education,7,0
FrequenciesRV,1324,33340,CIPCODE,51.3602,Yoga Teacher Training/Yoga Therapy,11,0
FrequenciesRV,1325,33340,CIPCODE,51.3603,Hypnotherapy/Hypnotherapist,3,0
FrequenciesRV,1326,33340,CIPCODE,51.3699,"Movement and Mind-Body Therapies and Education, Other",4,0
FrequenciesRV,1327,33340,CIPCODE,51.3701,Aromatherapy,1,0
FrequenciesRV,1328,33340,CIPCODE,51.3702,Herbalism/Herbalist,8,0
FrequenciesRV,1329,33340,CIPCODE,51.3703,Polarity Therapy,5,0
FrequenciesRV,1330,33340,CIPCODE,51.3704,Reiki,2,0
FrequenciesRV,1331,33340,CIPCODE,51.3799,"Energy and Biologically Based Therapies, Other",2,0
FrequenciesRV,1332,33340,CIPCODE,51.3801,Registered Nursing/Registered Nurse,2046,0.85
FrequenciesRV,1333,33340,CIPCODE,51.3802,Nursing Administration,247,0.1
FrequenciesRV,1334,33340,CIPCODE,51.3803,Adult Health Nurse/Nursing,111,0.05
FrequenciesRV,1335,33340,CIPCODE,51.3804,Nurse Anesthetist,92,0.04
FrequenciesRV,1336,33340,CIPCODE,51.3805,Family Practice Nurse/Nursing,311,0.13
FrequenciesRV,1337,33340,CIPCODE,51.3806,Maternal/Child Health and Neonatal Nurse/Nursing,31,0.01
FrequenciesRV,1338,33340,CIPCODE,51.3807,Nurse Midwife/Nursing Midwifery,25,0.01
FrequenciesRV,1339,33340,CIPCODE,51.3808,Nursing Science,170,7.0000000000000007E-2
FrequenciesRV,1340,33340,CIPCODE,51.3809,Pediatric Nurse/Nursing,52,0.02
FrequenciesRV,1341,33340,CIPCODE,51.3810,Psychiatric/Mental Health Nurse/Nursing,110,0.05
FrequenciesRV,1342,33340,CIPCODE,51.3811,Public Health/Community Nurse/Nursing,34,0.01
FrequenciesRV,1343,33340,CIPCODE,51.3812,Perioperative/Operating Room and Surgical Nurse/Nursing,12,0
FrequenciesRV,1344,33340,CIPCODE,51.3813,Clinical Nurse Specialist,47,0.02
FrequenciesRV,1345,33340,CIPCODE,51.3814,Critical Care Nursing,37,0.02
FrequenciesRV,1346,33340,CIPCODE,51.3815,Occupational and Environmental Health Nursing,2,0
FrequenciesRV,1347,33340,CIPCODE,51.3816,Emergency Room/Trauma Nursing,6,0
FrequenciesRV,1348,33340,CIPCODE,51.3817,Nursing Education,234,0.1
FrequenciesRV,1349,33340,CIPCODE,51.3818,Nursing Practice,298,0.12
FrequenciesRV,1350,33340,CIPCODE,51.3819,Palliative Care Nursing,11,0
FrequenciesRV,1351,33340,CIPCODE,51.3820,Clinical Nurse Leader,42,0.02
FrequenciesRV,1352,33340,CIPCODE,51.3821,Geriatric Nurse/Nursing,53,0.02
FrequenciesRV,1353,33340,CIPCODE,51.3822,Women's Health Nurse/Nursing,21,0.01
FrequenciesRV,1354,33340,CIPCODE,51.3899,"Registered Nursing, Nursing Administration, Nursing Research and Clinical Nursin",166,7.0000000000000007E-2
FrequenciesRV,1355,33340,CIPCODE,51.3901,Licensed Practical/Vocational Nurse Training,1014,0.42
FrequenciesRV,1356,33340,CIPCODE,51.3902,Nursing Assistant/Aide and Patient Care Assistant/Aide,640,0.27
FrequenciesRV,1357,33340,CIPCODE,51.3999,"Practical Nursing, Vocational Nursing and Nursing Assistants, Other",119,0.05
FrequenciesRV,1358,33340,CIPCODE,51.9999,"Health Professions and Related Clinical Sciences, Other",311,0.13
FrequenciesRV,1359,33340,CIPCODE,52,"Business, Management, Marketing, and Related Support Services",3208,1.33
FrequenciesRV,1360,33340,CIPCODE,52.0101,"Business/Commerce, General",959,0.4
FrequenciesRV,1361,33340,CIPCODE,52.0201,"Business Administration and Management, General",2532,1.05
FrequenciesRV,1362,33340,CIPCODE,52.0202,"Purchasing, Procurement/Acquisitions and Contracts Management",57,0.02
FrequenciesRV,1363,33340,CIPCODE,52.0203,"Logistics, Materials, and Supply Chain Management",366,0.15
FrequenciesRV,1364,33340,CIPCODE,52.0204,Office Management and Supervision,317,0.13
FrequenciesRV,1365,33340,CIPCODE,52.0205,Operations Management and Supervision,243,0.1
FrequenciesRV,1366,33340,CIPCODE,52.0206,Non-Profit/Public/Organizational Management,241,0.1
FrequenciesRV,1367,33340,CIPCODE,52.0207,Customer Service Management,44,0.02
FrequenciesRV,1368,33340,CIPCODE,52.0208,E-Commerce/Electronic Commerce,105,0.04
FrequenciesRV,1369,33340,CIPCODE,52.0209,Transportation/Mobility Management,58,0.02
FrequenciesRV,1370,33340,CIPCODE,52.0210,Research and Development Management,24,0.01
FrequenciesRV,1371,33340,CIPCODE,52.0211,Project Management,160,7.0000000000000007E-2
FrequenciesRV,1372,33340,CIPCODE,52.0212,Retail Management,105,0.04
FrequenciesRV,1373,33340,CIPCODE,52.0213,Organizational Leadership,449,0.19
FrequenciesRV,1374,33340,CIPCODE,52.0299,"Business Administration, Management and Operations, Other",434,0.18
FrequenciesRV,1375,33340,CIPCODE,52.0301,Accounting,1588,0.66
FrequenciesRV,1376,33340,CIPCODE,52.0302,Accounting Technology/Technician and Bookkeeping,794,0.33
FrequenciesRV,1377,33340,CIPCODE,52.0303,Auditing,21,0.01
FrequenciesRV,1378,33340,CIPCODE,52.0304,Accounting and Finance,134,0.06
FrequenciesRV,1379,33340,CIPCODE,52.0305,Accounting and Business/Management,157,7.0000000000000007E-2
FrequenciesRV,1380,33340,CIPCODE,52.0399,"Accounting and Related Services, Other",92,0.04
FrequenciesRV,1381,33340,CIPCODE,52.0401,"Administrative Assistant and Secretarial Science, General",767,0.32
FrequenciesRV,1382,33340,CIPCODE,52.0402,Executive Assistant/Executive Secretary,155,0.06
FrequenciesRV,1383,33340,CIPCODE,52.0406,Receptionist,36,0.01
FrequenciesRV,1384,33340,CIPCODE,52.0407,Business/Office Automation/Technology/Data Entry,208,0.09
FrequenciesRV,1385,33340,CIPCODE,52.0408,General Office Occupations and Clerical Services,225,0.09
FrequenciesRV,1386,33340,CIPCODE,52.0409,"Parts, Warehousing, and Inventory Management Operations",16,0.01
FrequenciesRV,1387,33340,CIPCODE,52.0410,"Traffic, Customs, and Transportation Clerk/Technician",5,0
FrequenciesRV,1388,33340,CIPCODE,52.0411,Customer Service Support/Call Center/Teleservice Operation,52,0.02
FrequenciesRV,1389,33340,CIPCODE,52.0499,"Business Operations Support and Secretarial Services, Other",57,0.02
FrequenciesRV,1390,33340,CIPCODE,52.0501,Business/Corporate Communications,72,0.03
FrequenciesRV,1391,33340,CIPCODE,52.0601,Business/Managerial Economics,267,0.11
FrequenciesRV,1392,33340,CIPCODE,52.0701,Entrepreneurship/Entrepreneurial Studies,618,0.26
FrequenciesRV,1393,33340,CIPCODE,52.0702,Franchising and Franchise Operations,3,0
FrequenciesRV,1394,33340,CIPCODE,52.0703,Small Business Administration/Management,233,0.1
FrequenciesRV,1395,33340,CIPCODE,52.0799,"Entrepreneurial and Small Business Operations, Other",57,0.02
FrequenciesRV,1396,33340,CIPCODE,52.0801,"Finance, General",796,0.33
FrequenciesRV,1397,33340,CIPCODE,52.0803,Banking and Financial Support Services,142,0.06
FrequenciesRV,1398,33340,CIPCODE,52.0804,Financial Planning and Services,92,0.04
FrequenciesRV,1399,33340,CIPCODE,52.0806,International Finance,12,0
FrequenciesRV,1400,33340,CIPCODE,52.0807,Investments and Securities,24,0.01
FrequenciesRV,1401,33340,CIPCODE,52.0808,Public Finance,4,0
FrequenciesRV,1402,33340,CIPCODE,52.0809,Credit Management,4,0
FrequenciesRV,1403,33340,CIPCODE,52.0899,"Finance and Financial Management Services, Other",58,0.02
FrequenciesRV,1404,33340,CIPCODE,52.0901,"Hospitality Administration/Management, General",441,0.18
FrequenciesRV,1405,33340,CIPCODE,52.0903,Tourism and Travel Services Management,93,0.04
FrequenciesRV,1406,33340,CIPCODE,52.0904,Hotel/Motel Administration/Management,165,7.0000000000000007E-2
FrequenciesRV,1407,33340,CIPCODE,52.0905,Restaurant/Food Services Management,84,0.03
FrequenciesRV,1408,33340,CIPCODE,52.0906,Resort Management,29,0.01
FrequenciesRV,1409,33340,CIPCODE,52.0907,Meeting and Event Planning,64,0.03
FrequenciesRV,1410,33340,CIPCODE,52.0908,Casino Management,17,0.01
FrequenciesRV,1411,33340,CIPCODE,52.0909,"Hotel, Motel, and Restaurant Management",39,0.02
FrequenciesRV,1412,33340,CIPCODE,52.0999,"Hospitality Administration/Management, Other",50,0.02
FrequenciesRV,1413,33340,CIPCODE,52.1001,"Human Resources Management/Personnel Administration, General",613,0.25
FrequenciesRV,1414,33340,CIPCODE,52.1002,Labor and Industrial Relations,48,0.02
FrequenciesRV,1415,33340,CIPCODE,52.1003,Organizational Behavior Studies,161,7.0000000000000007E-2
FrequenciesRV,1416,33340,CIPCODE,52.1004,Labor Studies,20,0.01
FrequenciesRV,1417,33340,CIPCODE,52.1005,Human Resources Development,78,0.03
FrequenciesRV,1418,33340,CIPCODE,52.1099,"Human Resources Management and Services, Other",59,0.02
FrequenciesRV,1419,33340,CIPCODE,52.1101,International Business/Trade/Commerce,608,0.25
FrequenciesRV,1420,33340,CIPCODE,52.1201,"Management Information Systems, General",562,0.23
FrequenciesRV,1421,33340,CIPCODE,52.1206,Information Resources Management,64,0.03
FrequenciesRV,1422,33340,CIPCODE,52.1207,Knowledge Management,28,0.01
FrequenciesRV,1423,33340,CIPCODE,52.1299,"Management Information Systems and Services, Other",68,0.03
FrequenciesRV,1424,33340,CIPCODE,52.1301,Management Science,268,0.11
FrequenciesRV,1425,33340,CIPCODE,52.1302,Business Statistics,87,0.04
FrequenciesRV,1426,33340,CIPCODE,52.1304,Actuarial Science,124,0.05
FrequenciesRV,1427,33340,CIPCODE,52.1399,"Management Sciences and Quantitative Methods, Other",131,0.05
FrequenciesRV,1428,33340,CIPCODE,52.1401,"Marketing/Marketing Management, General",1070,0.45
FrequenciesRV,1429,33340,CIPCODE,52.1402,Marketing Research,36,0.01
FrequenciesRV,1430,33340,CIPCODE,52.1403,International Marketing,22,0.01
FrequenciesRV,1431,33340,CIPCODE,52.1499,"Marketing, Other",120,0.05
FrequenciesRV,1432,33340,CIPCODE,52.1501,Real Estate,228,0.09
FrequenciesRV,1433,33340,CIPCODE,52.1601,Taxation,113,0.05
FrequenciesRV,1434,33340,CIPCODE,52.1701,Insurance,94,0.04
FrequenciesRV,1435,33340,CIPCODE,52.1801,"Sales, Distribution, and Marketing Operations, General",187,0.08
FrequenciesRV,1436,33340,CIPCODE,52.1802,Merchandising and Buying Operations,6,0
FrequenciesRV,1437,33340,CIPCODE,52.1803,Retailing and Retail Operations,95,0.04
FrequenciesRV,1438,33340,CIPCODE,52.1804,Selling Skills and Sales Operations,99,0.04
FrequenciesRV,1439,33340,CIPCODE,52.1899,"General Merchandising, Sales, and Related Marketing Operations, Other",40,0.02
FrequenciesRV,1440,33340,CIPCODE,52.1901,Auctioneering,1,0
FrequenciesRV,1441,33340,CIPCODE,52.1902,Fashion Merchandising,121,0.05
FrequenciesRV,1442,33340,CIPCODE,52.1903,Fashion Modeling,1,0
FrequenciesRV,1443,33340,CIPCODE,52.1904,Apparel and Accessories Marketing Operations,14,0.01
FrequenciesRV,1444,33340,CIPCODE,52.1905,Tourism and Travel Services Marketing Operations,35,0.01
FrequenciesRV,1445,33340,CIPCODE,52.1906,Tourism Promotion Operations,13,0.01
FrequenciesRV,1446,33340,CIPCODE,52.1907,Vehicle and Vehicle Parts and Accessories Marketing Operations,10,0
FrequenciesRV,1447,33340,CIPCODE,52.1908,Business and Personal/Financial Services Marketing Operations,8,0
FrequenciesRV,1448,33340,CIPCODE,52.1909,Special Products Marketing Operations,14,0.01
FrequenciesRV,1449,33340,CIPCODE,52.1910,Hospitality and Recreation Marketing Operations,14,0.01
FrequenciesRV,1450,33340,CIPCODE,52.1999,"Specialized Merchandising, Sales, and Marketing Operations, Other",15,0.01
FrequenciesRV,1451,33340,CIPCODE,52.2001,Construction Management,153,0.06
FrequenciesRV,1452,33340,CIPCODE,52.2101,Telecommunications Management,14,0.01
FrequenciesRV,1453,33340,CIPCODE,52.9999,"Business, Management, Marketing, and Related Support Services, Other",228,0.09
FrequenciesRV,1454,33340,CIPCODE,54,History,1514,0.63
FrequenciesRV,1455,33340,CIPCODE,54.0101,"History, General",1495,0.62
FrequenciesRV,1456,33340,CIPCODE,54.0102,American History (United States),33,0.01
FrequenciesRV,1457,33340,CIPCODE,54.0103,European History,15,0.01
FrequenciesRV,1458,33340,CIPCODE,54.0104,History and Philosophy of Science and Technology,27,0.01
FrequenciesRV,1459,33340,CIPCODE,54.0105,Public/Applied History,54,0.02
FrequenciesRV,1460,33340,CIPCODE,54.0106,Asian History,3,0
FrequenciesRV,1461,33340,CIPCODE,54.0108,Military History,9,0
FrequenciesRV,1462,33340,CIPCODE,54.0199,"History, Other",85,0.04
FrequenciesRV,1463,,,,,,
StatisticsRV,0,varnumber,varname,n,sum,mean,min,max,varTitle
StatisticsRV,1,33345,PTOTAL,240412,753138,3.1326972031346187,1,687,Number of programs offered
StatisticsRV,2,33350,PTOTALDE,240412,95292,0.39636956557908926,0,209,Number of programs offered via distance education
StatisticsRV,3,33355,PASSOC,240412,134835,0.56084970800126455,0,118,Number of Associate's degree programs offered
StatisticsRV,4,33360,PASSOCDE,240412,17886,7.4397284661331387E-2,0,78,Number of Associate's degree programs offered via distance education
StatisticsRV,5,33365,PBACHL,240412,241485,1.0044631715554964,0,245,Number of Bachelor's degree programs offered
StatisticsRV,6,33370,PBACHLDE,240412,22290,9.2715837811756491E-2,0,67,Number of Bachelor's degree programs offered via distance education
StatisticsRV,7,33375,PMASTR,240412,119577,0.49738365805367452,0,273,Number of Master's degree programs offered
StatisticsRV,8,33380,PMASTRDE,240412,26187,0.10892551120576344,0,76,Number of Master's degree programs offered via distance education
StatisticsRV,9,33385,PDOCRS,240412,35376,0.14714739696853735,0,158,Number of Doctor's degree-research/scholarship programs offered
StatisticsRV,10,33390,PDOCRSDE,240412,2034,8.460476182553283E-3,0,60,Number of Doctor's degree-research/scholarship programs offered via distance education
StatisticsRV,11,33395,PDOCPP,240412,5526,2.2985541487113789E-2,0,22,Number of Doctor's degree-professional practice programs offered
StatisticsRV,12,33400,PDOCPPDE,240412,771,3.2069946591684276E-3,0,9,Number of Doctor's degree-professional practice programs offered via distance education
StatisticsRV,13,33405,PDOCOT,240412,699,2.9075087766001696E-3,0,12,Number of Doctor's degree-other programs offered
StatisticsRV,14,33410,PDOCOTDE,240412,156,6.488860788978919E-4,0,5,Number of Doctor's degree-other programs offered via distance education
StatisticsRV,15,33415,PCERT1,240412,91311,0.37981049198875266,0,126,Number of less than 1-year certificate programs offered
StatisticsRV,16,33420,PCERT1DE,240412,9300,3.8683593165066636E-2,0,36,Number of less than 1-year certificate programs offered via distance education
StatisticsRV,17,33425,PCERT2,240412,78792,0.32773738415719683,0,85,"Number of 1-year, but less than-2-year certificate programs offered"
StatisticsRV,18,33430,PCERT2DE,240412,6006,2.498211403756884E-2,0,21,"Number of 1-year, but less than 2-year certificate programs offered via distance education"
StatisticsRV,19,33435,PCERT4,240412,5904,2.4557842370597143E-2,0,29,"Number of 2-year, but less than 4-year certificate programs offered"
StatisticsRV,20,33440,PCERT4DE,240412,249,1.0357220105485583E-3,0,12,"Number of 2-year, but less than 4-year certificate programs offered via distance education"
StatisticsRV,21,33445,PPBACC,240412,27624,0.11490275027868825,0,100,Number of Postbaccalaureate certificate programs offered
StatisticsRV,22,33450,PPBACCDE,240412,7926,3.296840423938905E-2,0,42,Number of Postbaccalaureate certificate programs offered via distance education
StatisticsRV,23,33455,PPMAST,240412,12009,4.995174949669734E-2,0,130,Number of Post-master's certificate programs offered
StatisticsRV,24,33460,PPMASTDE,240412,2487,1.0344741527045238E-2,0,27,Number of Post-master's certificate programs offered via distance education
Imputation Values,0,Code values for item imputation variables Xvarname
Imputation Values,1,CodeValue,ValueLabel
Imputation Values,2,A,Not applicable
Imputation Values,3,B,Institution left item blank
Imputation Values,4,C,Analyst corrected reported value
Imputation Values,5,D,Do not know
Imputation Values,6,G,Data generated from other data values
Imputation Values,7,H,Value not derived - data not usable
Imputation Values,8,J,Logical imputation
Imputation Values,9,K,Ratio adjustment 
Imputation Values,10,L,Imputed using the Group Median procedure
Imputation Values,11,N,Imputed using Nearest Neighbor procedure
Imputation Values,12,P,Imputed using Carry Forward procedure
Imputation Values,13,R,Reported
Imputation Values,14,Z,Implied zero;
