sheet,row_idx,col_1,col_2,col_3,col_4,col_5,col_6,col_7,col_8,col_9,col_10,col_11,col_12,col_13,col_14,col_15,col_16,col_17,col_18,col_19,col_20,col_21,col_22,col_23,col_24,col_25,col_26,col_27,col_28,col_29,col_30,col_31,col_32,col_33,col_34,col_35,col_36,col_37,col_38,col_39,col_40,col_41,col_42,col_43,col_44,col_45,col_46,col_47,col_48,col_49,col_50
Introduction,0,File documentation for finance data file private for-profit institutions - FASB: Fiscal year 2020,,,,,,,,,
Introduction,1,(Final/revised release),,,,,,,,,
Introduction,2,,,,,,,,,,
Introduction,3,Filename,F1920_F3
Introduction,4,  Provisional release:,December 2021
Introduction,5,Filename,F1920_F3_RV
Introduction,6,  Final/revised release:,November 2022
Introduction,7,Overview,"This data file contains institutional finance data for private for-profit institutions that use accounting standards established by the Financial Accounting Standards Board (FASB). Finance data includes institutional revenues by source, expenditures by functional categories, expenditures by natural classification categories, scholarships and fellowships by source,  assets and liabilities. This information provides context for understanding the cost and resources of providing postsecondary education. It is used to calculate the contribution of postsecondary education to the gross national product. The scholarships and fellowships data now contain the amount of discounts and allowances attributed to each source.  Data on financial health measures are now included in fiscal year 2020.  Beginning with fiscal year 2016 detailed expenditures by function and the natural classifications of fringe benefits, operations and maintenance of plant, depreciation and interest are no longer available. 
",,,,,,,,
Introduction,8,Note,"Preliminary release data have been edited but are subject to further NCES quality control procedures. Imputed data for nonresponding institutions are not included. These data are used for First Look (Preliminary Data) Web Tables.  Provisional release data have undergone all NCES data quality control procedures. Data are imputed for nonresponding institutions. These data are used for First Look (Provisional Data) Web Tables. Final release data include revisions to the provisional release data that have been made by institutions during the subsequent data collection year. The final release data can be used when the most up to date data are required; however, these data may not match First Look Web Tables based on provisional data. ",,,,,,,,
Introduction,9,Contents of spreadsheet,,,,,,,,,
Introduction,10,Varlist,"Variable list: Lists all variables in the table. Includes the variable name, variable label and the Data type, format and maximum field width of each variable.  The data type describes a variable as either a numeric (N) or Alphanumeric (A) and the format of a variable defines a variable as either continuous (Cont) or categorical (Disc).  It all also lists the variable name of all imputation flag variables for each continuous variable. Imputation flag variable describes whether a value for the corresponding variable was reported, imputed or not applicable.",,,,,,,,
Introduction,11,Description,Long description or glossary definition of a variable. ,,,,,,,,
Introduction,12,Frequencies,This worksheet contains the code values for of all categorical variables in the data file. It also lists the frequency and percent distribution for each code value by variable.(provisional release),,,,,,,,
Introduction,13,Statistics,"This worksheet lists the sum, mean, minimum and maximum values of all continuous variables in the data file. (provisional release)",,,,,,,,
Introduction,14,FrequenciesRV,This worksheet contains the code values for of all categorical variables in the data file. It also lists the frequency and percent distribution for each code value by variable.(final/revised release),,,,,,,,
Introduction,15,StatisticsRV,"This worksheet lists the sum, mean, minimum and maximum values of all continuous variables in the data file.(final/revised release)",,,,,,,,
Introduction,16,Imputation code values,This worksheet lists the code values for all imputation flag variables.,,,,,,,,
varlist,0,varnumber,varname,DataType,Fieldwidth,format,imputationvar,varTitle
varlist,1,1,UNITID,N,6,Cont,,Unique identification number of the institution
varlist,2,62821,F3A01,N,12,Cont,XF3A01,Total assets
varlist,3,66405,F3A01A,N,12,Cont,XF3A01A,Long-term investments
varlist,4,66410,F3A01B,N,12,Cont,XF3A01B,"Property, plant, and equipment, net of accumulated depreciation"
varlist,5,66415,F3A01C,N,12,Cont,XF3A01C,"Intangible assets, net of accumulated amortization"
varlist,6,62826,F3A02,N,12,Cont,XF3A02,Total liabilities
varlist,7,66420,F3A02A,N,12,Cont,XF3A02A,"Debt related to property, plant, and equipment"
varlist,8,62831,F3A03,N,12,Cont,XF3A03,Total equity
varlist,9,62836,F3A04,N,12,Cont,XF3A04,Total liabilities and equity
varlist,10,66425,F3A05,N,12,Cont,XF3A05,Land and land improvements
varlist,11,66430,F3A06,N,12,Cont,XF3A06,Buildings
varlist,12,66435,F3A07,N,12,Cont,XF3A07,"Equipment, including art and library collections"
varlist,13,66440,F3A08,N,12,Cont,XF3A08,Construction in Progress
varlist,14,66445,F3A09,N,12,Cont,XF3A09,"Other plant, property and equipment"
varlist,15,66450,F3A10,N,12,Cont,XF3A10,"Total Plant, Property, and Equipment"
varlist,16,66455,F3A11,N,12,Cont,XF3A11,Accumulated depreciation
varlist,17,66460,F3A12,N,12,Cont,XF3A12,"Property, Plant, and Equipment, net of accumulated depreciation (from A1b)"
varlist,18,62841,F3B01,N,12,Cont,XF3B01,Total revenues and investment return
varlist,19,62846,F3B02,N,12,Cont,XF3B02,Total expenses
varlist,20,62851,F3B03,N,12,Cont,XF3B03,Sum of specific changes in equity
varlist,21,62856,F3B04,N,12,Cont,XF3B04,Net income
varlist,22,62861,F3B05,N,12,Cont,XF3B05,Other changes in equity
varlist,23,62866,F3B06,N,12,Cont,XF3B06,"Equity, beginning of year"
varlist,24,62871,F3B07,N,12,Cont,XF3B07,Adjustments to beginning net equity
varlist,25,62876,F3B08,N,12,Cont,XF3B08,"Equity, end of year"
varlist,26,62881,F3C01,N,12,Cont,XF3C01,Pell grants
varlist,27,62886,F3C02,N,12,Cont,XF3C02,Other federal grants
varlist,28,62891,F3C03,N,12,Cont,XF3C03,State and local grants
varlist,29,66465,F3C03A,N,12,Cont,XF3C03A,State grants
varlist,30,66470,F3C03B,N,12,Cont,XF3C03B,Local government grants
varlist,31,62896,F3C04,N,12,Cont,XF3C04,Institutional grants
varlist,32,62901,F3C05,N,12,Cont,XF3C05,Total student grants
varlist,33,62906,F3C06,N,12,Cont,XF3C06,Discounts and allowances applied to tuition and fees
varlist,34,62911,F3C07,N,12,Cont,XF3C07,Discounts and allowances applied to auxiliary enterprise revenues
varlist,35,62913,F3C08,N,12,Cont,XF3C08,Total discounts and allowances
varlist,36,68283,F3C12,N,12,Cont,XF3C12,"Total
 discounts and
 allowances from Pell grants"
varlist,37,68285,F3C121,N,12,Cont,XF3C121,Discounts and allowances from Pell grants applied to tuition and fees
varlist,38,68287,F3C122,N,12,Cont,XF3C122,Discounts and allowances from Pell grants applied to auxiliary enterprises
varlist,39,68289,F3C13,N,12,Cont,XF3C13,Total discounts and allowances from other federal grants
varlist,40,68291,F3C131,N,12,Cont,XF3C131,Discounts and allowances from other federal grants applied to tuition and fees
varlist,41,68293,F3C132,N,12,Cont,XF3C132,Discounts and allowances from other federal grants applied to auxiliary enterprises
varlist,42,68295,F3C14,N,12,Cont,XF3C14,Total discounts and allowances from state government grants
varlist,43,68297,F3C141,N,12,Cont,XF3C141,Discounts and allowances from state government grants applied to tuition and fees
varlist,44,68299,F3C142,N,12,Cont,XF3C142,Discounts and allowances from state government grants applied to auxiliary enterprises
varlist,45,68301,F3C15,N,12,Cont,XF3C15,Total discounts and allowances from local government grants
varlist,46,68303,F3C151,N,12,Cont,XF3C151,"Discounts and
 allowances from local government grants applied to tuition and fees"
varlist,47,68305,F3C152,N,12,Cont,XF3C152,Discounts and allowances from local government grants applied to auxiliary enterprises
varlist,48,68307,F3C16,N,12,Cont,XF3C16,"Total discounts and
 allowances from endowments and gifts"
varlist,49,68309,F3C161,N,12,Cont,XF3C161,"Discounts and 
allowances from endowments and gifts applied to tuition and fees"
varlist,50,68311,F3C162,N,12,Cont,XF3C162,Discounts and allowances from endowments and gifts applied to auxiliary enterprises
varlist,51,68313,F3C17,N,12,Cont,XF3C17,Total discounts and allowances from other institutional sources
varlist,52,68315,F3C171,N,12,Cont,XF3C171,"Discounts and
 allowances from other institutional sources applied to tuition and fees"
varlist,53,68317,F3C172,N,12,Cont,XF3C172,Discounts and allowances from other institutional sources applied to auxiliary enterprises
varlist,54,62916,F3D01,N,12,Cont,XF3D01,Tuition and fees
varlist,55,62921,F3D02,N,12,Cont,XF3D02,"Federal appropriations, grants and contracts"
varlist,56,66475,F3D02A,N,12,Cont,XF3D02A,Federal appropriations
varlist,57,66480,F3D02B,N,12,Cont,XF3D02B,Federal grants and contracts
varlist,58,62926,F3D03,N,12,Cont,XF3D03,"State and local appropriations, grants and contracts"
varlist,59,66485,F3D03A,N,12,Cont,XF3D03A,State appropriations
varlist,60,66490,F3D03B,N,12,Cont,XF3D03B,State grants and contracts
varlist,61,66495,F3D03C,N,12,Cont,XF3D03C,Local government appropriations
varlist,62,66500,F3D03D,N,12,Cont,XF3D03D,Local government and contracts
varlist,63,62931,F3D04,N,12,Cont,XF3D04,"Private gifts, grants, and contracts"
varlist,64,62936,F3D05,N,12,Cont,XF3D05,Investment income and investment gains (losses) included in net income
varlist,65,62941,F3D06,N,12,Cont,XF3D06,Sales and services of educational activities
varlist,66,62946,F3D07,N,12,Cont,XF3D07,Sales and services of auxiliary enterprises
varlist,67,66505,F3D12,N,12,Cont,XF3D12,Hospital revenue
varlist,68,62951,F3D08,N,12,Cont,XF3D08,Other revenue
varlist,69,62956,F3D09,N,12,Cont,XF3D09,Total revenues and investment return
varlist,70,62961,F3E011,N,12,Cont,XF3E011,Instruction-Total amount
varlist,71,66515,F3E012,N,12,Cont,XF3E012,Instruction-Salaries and wages
varlist,72,66545,F3E02A1,N,12,Cont,XF3E02A1,Research-Total amount
varlist,73,66550,F3E02A2,N,12,Cont,XF3E02A2,Research-Salaries and wages
varlist,74,66580,F3E02B1,N,12,Cont,XF3E02B1,Public service-Total amount
varlist,75,66585,F3E02B2,N,12,Cont,XF3E02B2,Public service-Salaries and wages
varlist,76,66615,F3E03A1,N,12,Cont,XF3E03A1,Academic support-Total amount
varlist,77,66620,F3E03A2,N,12,Cont,XF3E03A2,Academic support-Salaries and wages
varlist,78,66650,F3E03B1,N,12,Cont,XF3E03B1,Student service-Total amount
varlist,79,66655,F3E03B2,N,12,Cont,XF3E03B2,Student service-Salaries and wages
varlist,80,66685,F3E03C1,N,12,Cont,XF3E03C1,Institutional support-Total amount
varlist,81,66690,F3E03C2,N,12,Cont,XF3E03C2,Institutional support-Salaries and wages
varlist,82,62976,F3E041,N,12,Cont,XF3E041,Auxiliary enterprises-Total amount
varlist,83,66725,F3E042,N,12,Cont,XF3E042,Auxiliary enterprises-Salaries and wages
varlist,84,62981,F3E051,N,12,Cont,XF3E051,Net grant aid to students-Total amount
varlist,85,66830,F3E101,N,12,Cont,XF3E101,Hospital services-Total amount
varlist,86,66835,F3E102,N,12,Cont,XF3E102,Hospital services-Salaries and wages
varlist,87,62986,F3E061,N,12,Cont,XF3E061,Other expenses-Total amount
varlist,88,66770,F3E062,N,12,Cont,XF3E062,Other expenses-Salaries and wages
varlist,89,62991,F3E071,N,12,Cont,XF3E071,Total expenses-Total amount
varlist,90,66805,F3E072,N,12,Cont,XF3E072,Total expenses-Salaries and wages
varlist,91,66810,F3E073,N,12,Cont,XF3E073,Total expenses-Benefits
varlist,92,66812,F3E074,N,12,Cont,XF3E074,Total expenses-Operations and maintenance
varlist,93,66815,F3E075,N,12,Cont,XF3E075,Total expenses-Depreciation
varlist,94,66820,F3E076,N,12,Cont,XF3E076,Total expenses-Interest
varlist,95,66825,F3E077,N,12,Cont,XF3E077,Total expenses-All other
varlist,96,66900,F3F01,N,12,Cont,XF3F01,Federal income tax expenses
varlist,97,66905,F3F02,N,12,Cont,XF3F02,State and local income tax expenses
varlist,98,66910,F3F03,N,2,Disc,,Designee who paid the reported tax expenses for the institution
varlist,99,68319,F3G01,N,12,Cont,XF3G01,Pretax income
varlist,100,68321,F3G02,N,12,Cont,XF3G02,Total revenues
varlist,101,68323,F3G03,N,12,Cont,XF3G03,Total equity
varlist,102,68325,F3G04,N,12,Cont,XF3G04,Total assets
varlist,103,68327,F3G05,N,12,Cont,XF3G05,Adjusted equity
varlist,104,68329,F3G06,N,12,Cont,XF3G06,Plant-related debt
varlist,105,68331,F3G07,N,12,Cont,XF3G07,Total expenses
varlist,106,,,,,,,
varlist,107,,,,,,,
varlist,108,,,,,,,
varlist,109,,,,,,,
varlist,110,,,,,,,
varlist,111,,,,,,,
varlist,112,,,,,,,
varlist,113,,,,,,,
varlist,114,,,,,,,
varlist,115,,,,,,,
varlist,116,,,,,,,
varlist,117,,,,,,,
varlist,118,,,,,,,
varlist,119,,,,,,,
varlist,120,,,,,,,
varlist,121,,,,,,,
varlist,122,,,,,,,
varlist,123,,,,,,,
varlist,124,,,,,,,
varlist,125,,,,,,,
varlist,126,,,,,,,
varlist,127,,,,,,,
varlist,128,,,,,,,
varlist,129,,,,,,,
varlist,130,,,,,,,
varlist,131,,,,,,,
varlist,132,,,,,,,
varlist,133,,,,,,,
varlist,134,,,,,,,
varlist,135,,,,,,,
varlist,136,,,,,,,
varlist,137,,,,,,,
Description,0,varnumber,varname,longDescription
Description,1,1,UNITID,Unique identification number of the institution
Description,2,62821,F3A01,"Total assets is the sum of the following amounts: cash, cash equivalents and temporary investments; receivables (net of allowance for uncollectible accounts); inventories, prepaid expenses, and deferred charges; amounts held by trustees for construction and debt service; long-term investments; plant, property, and equipment; and other assets."
Description,3,66405,F3A01A,Long-term investments includes the amount for all assets held for long-term investments.
Description,4,66410,F3A01B,"Property, plant, and equipment, net of accumulated depreciation includes end-of-year market value for categories such as land, buildings, improvements other than buildings, equipment, and library books, combined and net of accumulated depreciation (FARM para. 407)."
Description,5,66415,F3A01C,"Intangible assets, net of accumulated amortization, are all assets consisting of certain nonmaterial rights and benefits of an institution, such as patents, copyrights, trademarks and goodwill. The amount reported should be reduced by total accumulated amortization. (FARM para. 409)"
Description,6,62826,F3A02,"Total liabilities is the sum of the following amounts: accounts payable; deferred revenues and refundable advances; post-retirement and post-employment obligations; other accrued liabilities; bonds, notes, and capital leases payable and other long-term debt, including current portion;  government grants refundable under student loan programs; and other liabilities."
Description,7,66420,F3A02A,"Debt related to property, plant, and equipment include amounts for all long-term debt obligations including bonds payable, mortgages payable, capital leases payable, and long-term notes payable. (FARM para. 420.3, 423) If the current portion of long-term debt is separately reported in the GPFS, include that amount."
Description,8,62831,F3A03,"Total equity is the sum of the following amounts: stock (common, preferred, treasury, etc.) and additional paid-in-capital; retained earnings; and accumulated other comprehensive income."
Description,9,62836,F3A04,Total liabilities and equity is the sum of total liabilities and total equity.
Description,10,66425,F3A05,"Land and land improvements are end of year values for capital assets consisting of land and improvements such as athletic fields, golf courses, or lakes. Land is nondepreciable; some land improvements are depreciable and some nondepreciable."
Description,11,66430,F3A06,"Buildings are end of year values for capital assets built or acquired for occupancy and use by the entity. These are structures such as classrooms, research facilities, administrative offices, and storage. It also includes built-in fixtures and equipment that are essentially part of the permanent structure. Capitalized leashold improvements should be included if the improvements are related to leased facilities."
Description,12,66435,F3A07,"Equipment, including art and library collections, are end of year values. It includes capitalized leasehold improvements if the improvements are to leased equipment."
Description,13,66440,F3A08,"Construction in progress includes capital assets under construction and not yet placed into service, such as building or parking lot. Capital assets are not subject to depreciation while in a construction in progress status."
Description,14,66445,F3A09,"Other plant, property, and equipment are all other amounts for capital assets not reported as:
-Land and land improvements
-Buildings
-Equipment, including art and library collections
-Construction in progress."
Description,15,66450,F3A10,"Total end of year values for property obtained under capital leases from the following categories:
-Land and land improvements
-Buildings
-Equipment, including art and library collections
-Construction in progress
-Other plant, property and equipment"
Description,16,66455,F3A11,"Accumulated depreciation is the total depreciation charged as expenses as of the reporting date (in the current year and in prior years) on the capital assets of the institution. FASB Statement No. 117 and GASB Statement No. 34 require that accumulated depreciation to date be recognized. 
NOTE: When a capital asset is removed from the accounting records due to disposal or end of the asset's useful life, the depreciation accumulated through the years on the asset is also removed from the records."
Description,17,66460,F3A12,"Property, plant, and equipment, net of accumulated depreciation - Includes end-of-year market value for categories such as land, buildings, improvements other than buildings, equipment, and library books, combined and net of accumulated depreciation (FARM para. 407)."
Description,18,62841,F3B01,"Total revenues and investment return is the amount reported in Part A, line A10 (Total revenues and investment return)."
Description,19,62846,F3B02,"Total expenses is the amount reported in Part B, line B10, column 1 (Total expenses)."
Description,20,62851,F3B03,Sum of specific changes in equity is the sum of the following amounts: gains or (loss) on sale of plant assets; other nonoperating gains or (losses); provision for Federal and State income tax (where applicable); discontinued operations; extraordinary gain or (loss); and cumulative effect of change(s) in accounting principle.
Description,21,62856,F3B04,Net income is the sum of the following amounts: net income before other items; discontinued operations; extraordinary gain or (loss); and cumulative effect of change(s) in accounting principle. This amount should agree with the amount reported as net income in your general purpose financial statements.
Description,22,62861,F3B05,Other changes in equity is the sum of the following amounts: investments by owners; distributions to owners; unrealized gains (losses) on securities and other comprehensive income; and other additions to (deductions from) owners’ equity.
Description,23,62866,F3B06,"Equity, beginning of year should correspond to the total equity at the beginning of the reporting period as found in the general purpose financial statements."
Description,24,62871,F3B07,Adjustments to beginning net equity is any unrealized gains (losses) on investments and any other adjustments to beginning net equity not reported elsewhere. This includes adjustments for retroactive application of changes in accounting principle and prior period adjustments.
Description,25,62876,F3B08,"Equity, end of year is the sum of the following amounts: net income; other changes in equity; equity-beginning of year; and adjustments to beginning net equity. This amount should equal the total equity reported in the general purpose financial statements."
Description,26,62881,F3C01,Pell grants includes amounts administered by the institution under the Pell grant program.
Description,27,62886,F3C02,"Other federal grants is the amount awarded to the institution under other federal student aid programs, such as Supplemental Education Opportunity Grants (SEOG), DHHS training grants (aid portion only), DOD grants, Department of Veterans Affairs grants, and the federal portion of the College Work Study Program (FWS) and the Leveraging Educational Assistance Partnership (LEAP) Program. Matching portions for any of these programs are not included."
Description,28,62891,F3C03,The sum of state and local student grant aid awarded to the institution.
Description,29,66465,F3C03A,"State grants includes the amount awarded to the institution under state student aid programs, including the state portion of State Student Incentive Grants (SSIG)."
Description,30,66470,F3C03B,Local grants includes the amount awarded to the institution under local government student aid programs. 
Description,31,62896,F3C04,Institutional grants includes the amounts awarded to students from institutional resources.
Description,32,62901,F3C05,"Total student aid includes Pell grants and other federal grants, state and local grants, and institutional grants."
Description,33,62906,F3C06,Allowance applied to tuition and fees is the portion of total student aid that is applied to tuition and fees. This amount plus tuition and fees revenues equals gross tuiton and fee revenues.
Description,34,62911,F3C07,Allowance applied to auxiliary enterprise revenues is the portion of total student aid that is applied to auxiliary enterprise revenues. This amount plus sales and services of auxiliary enterprise (net) revenues equals gross auxiliary enterprise revenue.
Description,35,62913,F3C08,Total discounts and allowances is the sum of discounts and allowances applied to both tuition & fees and auxiliary enterprises.
Description,36,68283,F3C12,"Pell grants includes amounts administered by the institution under the Pell grant program.

Total discounts and allowances is the sum of discounts and allowances applied to both tuition & fees and auxiliary enterprises."
Description,37,68285,F3C121,"Pell grants includes amounts administered by the institution under the Pell grant program.

Allowance applied to tuition and fees is the portion of total student aid that is applied to tuition and fees. This amount plus tuition and fees revenues equals gross tuiton and fee revenues."
Description,38,68287,F3C122,"Pell grants includes amounts administered by the institution under the Pell grant program.

Allowance applied to auxiliary enterprise revenues is the portion of total student aid that is applied to auxiliary enterprise revenues. This amount plus sales and services of auxiliary enterprise (net) revenues equals gross auxiliary enterprise revenue."
Description,39,68289,F3C13,"Other federal grants is the amount awarded to the institution under other federal student aid programs, such as Supplemental Education Opportunity Grants (SEOG), DHHS training grants (aid portion only), DOD grants, Department of Veterans Affairs grants, and the federal portion of the College Work Study Program (FWS) and the Leveraging Educational Assistance Partnership (LEAP) Program. Matching portions for any of these programs are not included.

Total discounts and allowances is the sum of discounts and allowances applied to both tuition & fees and auxiliary enterprises."
Description,40,68291,F3C131,"Other federal grants is the amount awarded to the institution under other federal student aid programs, such as Supplemental Education Opportunity Grants (SEOG), DHHS training grants (aid portion only), DOD grants, Department of Veterans Affairs grants, and the federal portion of the College Work Study Program (FWS) and the Leveraging Educational Assistance Partnership (LEAP) Program. Matching portions for any of these programs are not included.

Allowance applied to tuition and fees is the portion of total student aid that is applied to tuition and fees. This amount plus tuition and fees revenues equals gross tuiton and fee revenues."
Description,41,68293,F3C132,"Other federal grants is the amount awarded to the institution under other federal student aid programs, such as Supplemental Education Opportunity Grants (SEOG), DHHS training grants (aid portion only), DOD grants, Department of Veterans Affairs grants, and the federal portion of the College Work Study Program (FWS) and the Leveraging Educational Assistance Partnership (LEAP) Program. Matching portions for any of these programs are not included.

Allowance applied to auxiliary enterprise revenues is the portion of total student aid that is applied to auxiliary enterprise revenues. This amount plus sales and services of auxiliary enterprise (net) revenues equals gross auxiliary enterprise revenue."
Description,42,68295,F3C14,"State grants includes the amount awarded to the institution under state student aid programs, including the state portion of State Student Incentive Grants (SSIG).

Total discounts and allowances is the sum of discounts and allowances applied to both tuition & fees and auxiliary enterprises."
Description,43,68297,F3C141,"State grants includes the amount awarded to the institution under state student aid programs, including the state portion of State Student Incentive Grants (SSIG).

Allowance applied to tuition and fees is the portion of total student aid that is applied to tuition and fees. This amount plus tuition and fees revenues equals gross tuiton and fee revenues."
Description,44,68299,F3C142,"State grants includes the amount awarded to the institution under state student aid programs, including the state portion of State Student Incentive Grants (SSIG).

Allowance applied to auxiliary enterprise revenues is the portion of total student aid that is applied to auxiliary enterprise revenues. This amount plus sales and services of auxiliary enterprise (net) revenues equals gross auxiliary enterprise revenue."
Description,45,68301,F3C15,"Local grants includes the amount awarded to the institution under local government student aid programs. 

Total discounts and allowances is the sum of discounts and allowances applied to both tuition & fees and auxiliary enterprises."
Description,46,68303,F3C151,"Local grants includes the amount awarded to the institution under local government student aid programs. 

Allowance applied to tuition and fees is the portion of total student aid that is applied to tuition and fees. This amount plus tuition and fees revenues equals gross tuiton and fee revenues."
Description,47,68305,F3C152,"Local grants includes the amount awarded to the institution under local government student aid programs. 

Allowance applied to auxiliary enterprise revenues is the portion of total student aid that is applied to auxiliary enterprise revenues. This amount plus sales and services of auxiliary enterprise (net) revenues equals gross auxiliary enterprise revenue."
Description,48,68307,F3C16,"Endowments are funds whose principal is nonexpendable (true endowment) and that are intended to be invested to provide for institutional use. The funds also include funds for which the donor has stipulated that the principal may be expended after a stated period or on the occurrence of a certain event (term endowment) and funds established by the governing board to function line an endowment fund but which may be totally expended at any time at the discretion of the governing board.

Gifts are received contributions as a nonexchange transaction. The contributions include bequests, promises to give (pledges), gifts from an affiliated organization or a component unit not blended or consolidated, and income from funds held in irrevocable trusts or distributable at the direction of the trustees of the trusts. Includes any contributed services recognized (recorded) by the institution.

Total discounts and allowances is the sum of discounts and allowances applied to both tuition & fees and auxiliary enterprises."
Description,49,68309,F3C161,"Endowments are funds whose principal is nonexpendable (true endowment) and that are intended to be invested to provide for institutional use. The funds also include funds for which the donor has stipulated that the principal may be expended after a stated period or on the occurrence of a certain event (term endowment) and funds established by the governing board to function line an endowment fund but which may be totally expended at any time at the discretion of the governing board.

Gifts are received contributions as a nonexchange transaction. The contributions include bequests, promises to give (pledges), gifts from an affiliated organization or a component unit not blended or consolidated, and income from funds held in irrevocable trusts or distributable at the direction of the trustees of the trusts. Includes any contributed services recognized (recorded) by the institution.

Allowance applied to tuition and fees is the portion of total student aid that is applied to tuition and fees. This amount plus tuition and fees revenues equals gross tuiton and fee revenues."
Description,50,68311,F3C162,"Endowments are funds whose principal is nonexpendable (true endowment) and that are intended to be invested to provide for institutional use. The funds also include funds for which the donor has stipulated that the principal may be expended after a stated period or on the occurrence of a certain event (term endowment) and funds established by the governing board to function line an endowment fund but which may be totally expended at any time at the discretion of the governing board.

Gifts are received contributions as a nonexchange transaction. The contributions include bequests, promises to give (pledges), gifts from an affiliated organization or a component unit not blended or consolidated, and income from funds held in irrevocable trusts or distributable at the direction of the trustees of the trusts. Includes any contributed services recognized (recorded) by the institution.

Allowance applied to auxiliary enterprise revenues is the portion of total student aid that is applied to auxiliary enterprise revenues. This amount plus sales and services of auxiliary enterprise (net) revenues equals gross auxiliary enterprise revenue."
Description,51,68313,F3C17,"Institutional grants includes the amounts awarded to students from institutional resources.

Total discounts and allowances is the sum of discounts and allowances applied to both tuition & fees and auxiliary enterprises."
Description,52,68315,F3C171,"Institutional grants includes the amounts awarded to students from institutional resources.

Allowance applied to tuition and fees is the portion of total student aid that is applied to tuition and fees. This amount plus tuition and fees revenues equals gross tuiton and fee revenues."
Description,53,68317,F3C172,"Institutional grants includes the amounts awarded to students from institutional resources.

Allowance applied to auxiliary enterprise revenues is the portion of total student aid that is applied to auxiliary enterprise revenues. This amount plus sales and services of auxiliary enterprise (net) revenues equals gross auxiliary enterprise revenue."
Description,54,62916,F3D01,"Tuition and fees (net of amount reported in allowances applied to tuition and fees) includes the amount of tuition and educational fees, net of any allowances applied in the general purpose financial statements. Includes all fees for continuing education programs, conferences, and seminars."
Description,55,62921,F3D02,"Federal appropriations, grants and contracts includes all amounts received from the Federal Government including a direct appropriation of Congress, and any grants or contracts. An example of a federal appropriation is a federal land-grant appropriation. Includes all revenues from federal agencies that are for specific undertakings such as research projects, training projects, and similar activities, including contributions from federal agencies."
Description,56,66475,F3D02A,"Federal appropriations includes amounts received from the federal government through a direct appropriation of Congress, except grants and contracts. An example of a federal appropriation is a federal land grant appropriation. This value does not include Pell Grants or ARRA revenues."
Description,57,66480,F3D02B,"Federal grants and contracts includes all revenues from federal agencies that are for specific undertakings such as research projects, training projects, and similar activities. Includes federal Pell and similar student aid grants when they are treated as student aid expenses when awarded to the student. If federal Pell and similar student aid grants are treated as agency transactions in general purpose financial statements, they are excluded from this amount."
Description,58,62926,F3D03,"State and local appropriations, grants and contracts includes all amounts received from a state or local government through a direct appropriation of its legislative body, and any grants or contracts. An example of a state or local appropriation that should be entered is an annual state or local appropriation for operating expenses of the institution."
Description,59,66485,F3D03A,"State appropriations include amounts received from a state government through a direct appropriation of its legislative body, except for state grants and contracts. An example of a state appropriation is an annual state appropriation for operating expenses of the institution. This value does not include ARRA revenues."
Description,60,66490,F3D03B,"State grants and contracts include all revenues from state government agencies that are for specific undertakings such as research projects, training projects, and similar activities. Includes state grants for student aid when they are treated as student aid expenses when awarded to the student. If state grants for student aid are treated as agency transactions in general purpose financial statements, they are excluded from this amount."
Description,61,66495,F3D03C,"Local appropriations include amounts received from a local government (i.e., city and/or county) through a direct appropriation of its legislative body, except for local grants and contracts. An example of a local appropriation is an annual local appropriation for operating expenses of the institution."
Description,62,66500,F3D03D,"Local grants and contracts include all revenues from local government agencies that are for specific undertakings such as research projects, training projects, and similar activities. Includes local grants for student aid when they are treated as student aid expenses when awarded to the student. If local grants for student aid are treated as agency transactions in general purpose financial statements they are excluded from this amount."
Description,63,62931,F3D04,Private grants and contracts includes revenues from private (non-governmental) entities including revenue from research or training projects and similar activities.
Description,64,62936,F3D05,"Investment income and investment gains (losses) included in net income includes all investment income including dividends; interest; rents and royalties; gains and losses (realized and unrealized) from holding investments that are included in net income in accordance with the Statement of Financial Accounting Standards No. 115; student loan interest; and amounts distributed from irrevocable trusts held by others (collectively referred to as ""investment income""). Includes all investment income and net investment gains (losses) included in net income in the institution’s general purpose financial statements. Net investment gains (losses) included in other comprehensive income should be reported in Part B, line 03."
Description,65,62941,F3D06,"Sales and services of educational activities includes: all revenues derived from the sales of goods or services that are incidental to the conduct of instruction; research or public service; and revenues of activities that exist to provide instructional and laboratory experience for students and that incidentally create goods and services that may be sold. Examples include film rentals, scientific and literary publications, testing services, university presses, dairies, and patient care clinics that are not part of a hospital."
Description,66,62946,F3D07,"Sales and services of auxiliary enterprises (net of amount reported in allowances applied to auxiliary enterprise revenues in Student Aid) includes revenues generated by the auxiliary enterprise operations, net of any allowances applied in the general purpose financial statements. Auxiliary enterprises are operations that exist to furnish a service to students, faculty, or staff, and that charge a fee that is directly related to the cost of the service. Examples are residence halls, food services, student health services, intercollegiate athletics, college unions, college stores, and movie theaters."
Description,67,66505,F3D12,Revenues from hospitals include revenues and gains of hospitals operated as a component of a reporting institution of higher education.
Description,68,62951,F3D08,"Other revenue includes all revenue not included elsewhere in Part A, Revenues and Investment Return. Excluded from this amount are gains or other unusual or nonrecurring items that are required to be included in Part C, Summary of Changes in Equity."
Description,69,62956,F3D09,"Total revenues and investment return is the sum of the following amounts: tuition and fees; government appropriations, grants and contracts; private grants and contracts; investment income and investment gains (losses) included in net income; sales and services of educational activities and auxiliary enterprises; and other revenue."
Description,70,62961,F3E011,"Instruction expenses includes all expenses of the colleges, schools, departments, and other instructional divisions of the institution and expenses for departmental research and public service that are not separately budgeted. Includes general academic instruction, occupational and vocational instruction, special session instruction, community education, preparatory and adult basic education, and remedial and tutorial instruction conducted by the teaching faculty for the institutions's students. Also, includes expenses for both credit and non-credit activities. Excludes expenses for academic administration if the primary function is administration (e.g., academic deans)."
Description,71,66515,F3E012,Instruction-salaries and wages includes salary and wage expenses incurred in instruction.
Description,72,66545,F3E02A1," Research expense includes expenses for activities specifically organized to produce research outcomes either commissioned by an agency external to the institution or separately budgeted by an organizational unit within the institution. The category includes institutes and research centers, and individual and project research. Excludes nonresearch sponsored programs (e.g., training programs). Training programs generally are reported on line 01 (Instruction). (FARM para. 703.5)"
Description,73,66550,F3E02A2,Research-salaries and wages includes salary and wage expenses incurred in research.
Description,74,66580,F3E02B1,"Public service expenses include those expenses specifically for public service and for activities established primarily to provide noninstructional services beneficial to groups external to the institution. Examples are seminars and projects provided to the particular sectors of the community. Include expenses for community services, cooperative extension services, and public broadcasting services. (FARM para. 703.6)"
Description,75,66585,F3E02B2,Public service-salaries and wages includes salary and wage expenses incurred in Public service.
Description,76,66615,F3E03A1,"Academic support are expenses for support services that are an integral part of the institution’s primary mission of instruction, research, or public service and that are not charged directly to these primary programs. Include expenses for libraries, museums, galleries, audio/visual services, academic development, academic computing support, course and curriculum development, and academic administration. Include expenses for medical, veterinary and dental clinics if their primary purpose is to support the institutional program, that is, they are not part of a hospital. (FARM para. 703.7)"
Description,77,66620,F3E03A2,Academic support-salaries and wages includes salary and wage expenses incurred in Academic support.
Description,78,66650,F3E03B1,"Student service expenses are expenses for admissions, registrar activities and activities whose primary purpose is to contribute to students emotional and physical well-being and to their intellectual, cultural and social development outside the context of the formal instructional program. Examples are career guidance, counseling, financial aid administration, student records, athletics, and student health services, except when operated as a self-supporting auxiliary enterprise. (FARM para. 703.8)"
Description,79,66655,F3E03B2,Student service-salaries and wages includes salary and wage expenses incurred in Student service.
Description,80,66685,F3E03C1,"Institutional support expenses include expenses for the day-to-day operational support of the institution. Include expenses for general administrative services, executive direction and planning, legal and fiscal operations, administrative computing support, and public relations/development. (FARM para. 703.9)"
Description,81,66690,F3E03C2,Institutional support-salaries and wages includes salary and wage expenses incurred in Institutional support.
Description,82,62976,F3E041,"Auxiliary enterprises expenses include expenses of essentially self-supporting operations of the institution that exist to furnish a service to students, faculty, or staff, and that charge a fee that is directly related to, although not necessarily equal to, the cost of the service. Examples are residence halls, food services, student health services, intercollegiate athletics (only if essentially self-supporting), college unions, college stores, faculty and staff parking, and faculty housing. (FARM para. 703.11)"
Description,83,66725,F3E042,Auxiliary enterprises-salaries and wages includes salary and wage expenses incurred in Auxiliary enterprises.
Description,84,62981,F3E051,"Net grant aid to students expenses include student awards, made from contributed funds or grant funds, that are under the control of the institution, net of discounts and allowances applied to tuition and fees and auxiliary enterprises. If the institution treats student grant aid as passthrough agency transactions on their GPFS, then those amounts will not be included here."
Description,85,66830,F3E101,"Hospital services includes expenses associated with a hospital operated by the postsecondary institution (but not as a component unit) and reported as a part of the institution. This classification includes nursing expenses, other professional services, general services, administrative services, and fiscal services. Also included are information technology expenses, actual or allocated costs for operation and maintenance of plant, interest and depreciation related to hospital capital assets."
Description,86,66835,F3E102,Hospital services-salaries and wages includes salary and wage expenses incurred in Hospital services.
Description,87,62986,F3E061,"Other expenses-Total amount is a calculated value generated by subtracting expenses from instruction, research, public service, academic support, student services, institutional support, auxiliary enterprises, net grant aid to students, hospital services, and O&M from the total expenses."
Description,88,66770,F3E062,"Other expenses-Salaraies and wages is a calculated value generated by subtracting expenses from instruction, research, public service, academic support, student services, institutional support, auxiliary enterprises, net grant aid to students, hospital services, and O&M from the total expenses in salaries and wages."
Description,89,62991,F3E071,Total expenses-Total amount should be the same as the amount of total expenses found in the institution's GPFS.
Description,90,66805,F3E072,"Salaries and wages	 - Amounts paid as compensation for services to all employees - faculty, staff, part-time, full-time, regular employees, and student employees. This includes regular or periodic payment to a person for the regular or periodic performance of work or a service and payment to a person for more sporadic performance of work or a service (overtime, extra compensation, summer compensation, bonuses, sick or annual leave, etc.)."
Description,91,66810,F3E073,"Fringe benefits	 - Cash contributions in the form of supplementary or deferred compensation other than salary. Excludes the employee's contribution. Employee fringe benefits include retirement plans, social security taxes, medical/dental plans, guaranteed disability income protection plans, tuition plans, housing plans, unemployment compensation plans, group life insurance plans, worker's compensation plans, and other benefits in-kind with cash options."
Description,92,66812,F3E074,"Operations and maintenance - 	An expense category that includes expenses for operations established to provide service and maintenance related to campus grounds and facilities used for educational and general purposes. Specific expenses include: janitorial and utility services; repairs and ordinary or normal alterations of buildings, furniture, and equipment; care of grounds; maintenance and operation of buildings and other plant facilities; security; earthquake and disaster preparedness; safety; hazardous waste disposal; property, liability, and all other insurance relating to property; space and capital leasing; facility planning and management; and central receiving. This expense does include amounts charged to auxiliary enterprises, hospitals, and independent operations. Also includes information technology expenses related to operation and maintenance of plant activities if the institution separately budgets and expenses information technology resources (otherwise these expenses are included in institutional support)."
Description,93,66815,F3E075,"Depreciation	 -The allocation or distribution of the cost of capital assets, less any salvage value, to expenses over the estimated useful life of the asset in a systematic and rational manner. Depreciation for the year is the amount of the allocation or distribution for the year involved."
Description,94,66820,F3E076,Interest	 - The price paid (or received) for the use of money over a period of time. Interest income is one component of investment income. Interest paid by the institution is interest expense.
Description,95,66825,F3E077,"Other Natural classication expense is the difference between the total expenses and the sum of all natural expense categories (Salaries and wages, benefits, operations and maintenance, depreciation and interest)."
Description,96,66900,F3F01,Federal income tax expenses include the sum of the current federal tax expense (or benefit) and deferred federal tax expense (or benefit).
Description,97,66905,F3F02,State and local income tax expenses include the sum of the current state and local tax expense (or benefit) and deferred state and local tax expense (or benefit).
Description,98,66910,F3F03,"The institution designated who paid for the reported tax expenditures: 
1-the multi-institution or multi-campus organization indicated by the institution in the IC-Header component
2-a multi-institution or multi-campus organization that was not indicated in IC-Header
3-the reporting institution, including those in IPEDS parent/child relationships"
Description,99,68319,F3G01,"These variables are intended to collect the numerator and denominator used to calculate financial health ratios that compose the Composite Financial Index (CFI).

Pretax income Amount of income/loss, prior to taxes, from the GPFS. Typically, this is the amount of total revenue minus operating expenses."
Description,100,68321,F3G02,"These variables are  intended to collect the numerator and denominator used to calculate financial health ratios that compose the Composite Financial Index (CFI).

Total revenues recognized in the GPFS from F3B01. Total revenues and investment return is the sum of the following amounts: tuition and fees; government appropriations, grants and contracts; private grants and contracts; investment income and investment gains (losses) included in net income; sales and services of educational activities and auxiliary enterprises; and other revenue."
Description,101,68323,F3G03,"These variables are  intended to collect the numerator and denominator used to calculate financial health ratios that compose the Composite Financial Index (CFI).

Total equity has been carried forward from F3A03. This is calculated as the total assets minus total liabilities. 

Total equity is the sum of the following amounts: stock (common, preferred, treasury, etc.) and additional paid-in-capital; retained earnings; and accumulated other comprehensive income."
Description,102,68325,F3G04,"These variables are  intended to collect the numerator and denominator used to calculate financial health ratios that compose the Composite Financial Index (CFI).

Total assets from F3A01 is the sum of the following amounts: cash, cash equivalents and temporary investments; receivables (net of allowance for uncollectible accounts); inventories, prepaid expenses, and deferred charges; amounts held by trustees for construction and debt service; long-term investments; plant, property, and equipment; and other assets."
Description,103,68327,F3G05,"These variables are  intended to collect the numerator and denominator used to calculate financial health ratios that compose the Composite Financial Index (CFI).

Adjusted equity is total equity (part A, line 03) minus net property, plant & equipment (part A, line 01b) and intangible assets (part A, line 01c)."
Description,104,68329,F3G06,"These variables are  intended to collect the numerator and denominator used to calculate financial health ratios that compose the Composite Financial Index (CFI).

Debt related to property, plant, and equipment has been from F302a.

Amounts for all long-term debt obligations including bonds payable, mortgages payable, capital leases payable, and long-term notes payable. (FARM para. 420.3, 423) If the current portion of long-term debt is separately reported in the GPFS, then that amount is included."
Description,105,68331,F3G07,"These variables are  intended to collect the numerator and denominator used to calculate financial health ratios that compose the Composite Financial Index (CFI).

Total expense has been carried forward from F3B02"
Description,106,,,
Description,107,,,
Description,108,,,
Description,109,,,
Description,110,,,
Description,111,,,
Description,112,,,
Description,113,,,
Description,114,,,
Description,115,,,
Description,116,,,
Description,117,,,
Description,118,,,
Description,119,,,
Description,120,,,
Description,121,,,
Description,122,,,
Description,123,,,
Description,124,,,
Description,125,,,
Description,126,,,
Description,127,,,
Description,128,,,
Description,129,,,
Description,130,,,
Description,131,,,
Description,132,,,
Description,133,,,
Description,134,,,
Description,135,,,
Description,136,,,
Description,137,,,
Description,138,,,
Description,139,,,
Description,140,,,
Description,141,,,
Description,142,,,
Description,143,,,
Description,144,,,
Description,145,,,
Description,146,,,
Description,147,,,
Description,148,,,
Description,149,,,
Description,150,,,
Description,151,,,
Description,152,,,
Description,153,,,
Description,154,,,
Description,155,,,
Description,156,,,
Description,157,,,
Description,158,,,
Description,159,,,
Description,160,,,
Description,161,,,
Description,162,,,
Description,163,,,
Description,164,,,
Description,165,,,
Description,166,,,
Description,167,,,
Description,168,,,
Description,169,,,
Description,170,,,
Description,171,,,
Description,172,,,
Description,173,,,
Description,174,,,
Description,175,,,
Description,176,,,
Description,177,,,
Description,178,,,
Description,179,,,
Description,180,,,
Description,181,,,
Description,182,,,
Description,183,,,
Description,184,,,
Description,185,,,
Description,186,,,
Description,187,,,
Description,188,,,
Description,189,,,
Description,190,,,
Description,191,,,
Description,192,,,
Description,193,,,
Description,194,,,
Description,195,,,
Description,196,,,
Description,197,,,
Description,198,,,
Description,199,,,
Description,200,,,
Description,201,,,
Description,202,,,
Description,203,,,
Description,204,,,
Description,205,,,
Description,206,,,
Description,207,,,
Description,208,,,
Description,209,,,
Description,210,,,
Description,211,,,
Description,212,,,
Description,213,,,
Description,214,,,
Description,215,,,
Description,216,,,
Description,217,,,
Description,218,,,
Description,219,,,
Description,220,,,
Description,221,,,
Description,222,,,
Description,223,,,
Description,224,,,
Description,225,,,
Description,226,,,
Description,227,,,
Description,228,,,
Description,229,,,
Description,230,,,
Description,231,,,
Description,232,,,
Description,233,,,
Description,234,,,
Description,235,,,
Description,236,,,
Description,237,,,
Description,238,,,
Description,239,,,
Description,240,,,
Description,241,,,
Description,242,,,
Description,243,,,
Description,244,,,
Description,245,,,
Description,246,,,
Description,247,,,
Description,248,,,
Description,249,,,
Description,250,,,
Description,251,,,
Description,252,,,
Description,253,,,
Description,254,,,
Description,255,,,
Description,256,,,
Description,257,,,
Description,258,,,
Description,259,,,
Description,260,,,
Description,261,,,
Description,262,,,
Description,263,,,
Description,264,,,
Description,265,,,
Description,266,,,
Description,267,,,
Description,268,,,
Description,269,,,
Description,270,,,
Description,271,,,
Description,272,,,
Description,273,,,
Description,274,,,
Description,275,,,
Description,276,,,
Description,277,,,
Description,278,,,
Description,279,,,
Description,280,,,
Description,281,,,
Description,282,,,
Description,283,,,
Description,284,,,
Description,285,,,
Description,286,,,
Description,287,,,
Description,288,,,
Description,289,,,
Description,290,,,
Description,291,,,
Description,292,,,
Description,293,,,
Description,294,,,
Description,295,,,
Description,296,,,
Description,297,,,
Description,298,,,
Description,299,,,
Description,300,,,
Description,301,,,
Description,302,,,
Description,303,,,
Description,304,,,
Description,305,,,
Description,306,,,
Description,307,,,
Description,308,,,
Description,309,,,
Description,310,,,
Description,311,,,
Description,312,,,
Description,313,,,
Description,314,,,
Description,315,,,
Description,316,,,
Description,317,,,
Description,318,,,
Description,319,,,
Description,320,,,
Description,321,,,
Description,322,,,
Description,323,,,
Description,324,,,
Frequencies,0,varnumber,varname,codevalue,valuelabel,frequency,percent
Frequencies,1,66910,F3F03,1,Aggregate amounts paid by multi-institution or multi-campus organization indicated in IC (diretory i,95,4.2300000000000004
Frequencies,2,66910,F3F03,2,Aggregate amounts paid by multi-institution or multi-campus organization NOT indicated in IC (direto,9,0.4
Frequencies,3,66910,F3F03,3,Amounts paid by the reporting institution,191,8.51
Frequencies,4,66910,F3F03,-2,Not applicable,1949,86.85
Frequencies,5,,,,
Frequencies,6,,,,
Frequencies,7,,,,
Frequencies,8,,,,
Frequencies,9,,,,
Frequencies,10,,,,
Frequencies,11,,,,
Frequencies,12,,,,
Frequencies,13,,,,
Frequencies,14,,,,
Frequencies,15,,,,
Frequencies,16,,,,
Frequencies,17,,,,
Frequencies,18,,,,
Frequencies,19,,,,
Frequencies,20,,,,
Frequencies,21,,,,
Frequencies,22,,,,
Frequencies,23,,,,
Frequencies,24,,,,
Frequencies,25,,,,
Frequencies,26,,,,
Frequencies,27,,,,
Frequencies,28,,,,
Frequencies,29,,,,
Frequencies,30,,,,
Frequencies,31,,,,
Frequencies,32,,,,
Frequencies,33,,,,
Frequencies,34,,,,
Frequencies,35,,,,
Frequencies,36,,,,
Frequencies,37,,,,
Frequencies,38,,,,
Frequencies,39,,,,
Frequencies,40,,,,
Frequencies,41,,,,
Frequencies,42,,,,
Frequencies,43,,,,
Frequencies,44,,,,
Frequencies,45,,,,
Frequencies,46,,,,
Frequencies,47,,,,
Frequencies,48,,,,
Frequencies,49,,,,
Frequencies,50,,,,
Frequencies,51,,,,
Frequencies,52,,,,
Frequencies,53,,,,
Frequencies,54,,,,
Frequencies,55,,,,
Frequencies,56,,,,
Frequencies,57,,,,
Frequencies,58,,,,
Frequencies,59,,,,
Frequencies,60,,,,
Frequencies,61,,,,
Frequencies,62,,,,
Frequencies,63,,,,
Frequencies,64,,,,
Frequencies,65,,,,
Frequencies,66,,,,
Frequencies,67,,,,
Frequencies,68,,,,
Frequencies,69,,,,
Frequencies,70,,,,
Frequencies,71,,,,
Frequencies,72,,,,
Frequencies,73,,,,
Frequencies,74,,,,
Frequencies,75,,,,
Frequencies,76,,,,
Frequencies,77,,,,
Frequencies,78,,,,
Frequencies,79,,,,
Frequencies,80,,,,
Frequencies,81,,,,
Frequencies,82,,,,
Frequencies,83,,,,
Frequencies,84,,,,
Frequencies,85,,,,
Frequencies,86,,,,
Frequencies,87,,,,
Frequencies,88,,,,
Frequencies,89,,,,
Frequencies,90,,,,
Frequencies,91,,,,
Frequencies,92,,,,
Frequencies,93,,,,
Frequencies,94,,,,
Frequencies,95,,,,
Frequencies,96,,,,
Frequencies,97,,,,
Frequencies,98,,,,
Frequencies,99,,,,
Frequencies,100,,,,
Frequencies,101,,,,
Frequencies,102,,,,
Frequencies,103,,,,
Frequencies,104,,,,
Frequencies,105,,,,
Frequencies,106,,,,
Frequencies,107,,,,
Frequencies,108,,,,,
Frequencies,109,,,,,
Frequencies,110,,,,,
Frequencies,111,,,,,
Frequencies,112,,,,,
Frequencies,113,,,,,
Frequencies,114,,,,,
Frequencies,115,,,,,
Frequencies,116,,,,,
Frequencies,117,,,,,
Frequencies,118,,,,,
Frequencies,119,,,,,
Frequencies,120,,,,,
Frequencies,121,,,,,
Frequencies,122,,,,,
Frequencies,123,,,,,
Frequencies,124,,,,,
Frequencies,125,,,,,
Frequencies,126,,,,,
Frequencies,127,,,,,
Frequencies,128,,,,,
Frequencies,129,,,,,
Frequencies,130,,,,,
Frequencies,131,,,,,
Frequencies,132,,,,,
Frequencies,133,,,,,
Frequencies,134,,,,,
Frequencies,135,,,,,
Frequencies,136,,,,,
Frequencies,137,,,,,
Frequencies,138,,,,,
Frequencies,139,,,,,
Frequencies,140,,,,,
Frequencies,141,,,,,
Frequencies,142,,,,,
Frequencies,143,,,,,
Frequencies,144,,,,,
Frequencies,145,,,,,
Frequencies,146,,,,,
Frequencies,147,,,,,
Frequencies,148,,,,,
Frequencies,149,,,,,
Frequencies,150,,,,,
Frequencies,151,,,,,
Frequencies,152,,,,,
Frequencies,153,,,,,
Frequencies,154,,,,,
Frequencies,155,,,,,
Frequencies,156,,,,,
Frequencies,157,,,,,
Frequencies,158,,,,,
Frequencies,159,,,,,
Frequencies,160,,,,,
Frequencies,161,,,,,
Frequencies,162,,,,,
Frequencies,163,,,,,
Frequencies,164,,,,,
Frequencies,165,,,,,
Frequencies,166,,,,,
Frequencies,167,,,,,
Frequencies,168,,,,,
Frequencies,169,,,,,
Frequencies,170,,,,,
Frequencies,171,,,,,
Frequencies,172,,,,,
Frequencies,173,,,,,
Frequencies,174,,,,,
Frequencies,175,,,,,
Frequencies,176,,,,,
Frequencies,177,,,,,
Frequencies,178,,,,,
Frequencies,179,,,,,
Frequencies,180,,,,,
Frequencies,181,,,,,
Frequencies,182,,,,,
Frequencies,183,,,,,
Frequencies,184,,,,,
Frequencies,185,,,,,
Frequencies,186,,,,,
Frequencies,187,,,,,
Frequencies,188,,,,,
Frequencies,189,,,,,
Frequencies,190,,,,,
Frequencies,191,,,,,
Frequencies,192,,,,,
Frequencies,193,,,,,
Frequencies,194,,,,,
Frequencies,195,,,,,
Frequencies,196,,,,,
Frequencies,197,,,,,
Frequencies,198,,,,,
Frequencies,199,,,,,
Frequencies,200,,,,,
Frequencies,201,,,,,
Frequencies,202,,,,,
Frequencies,203,,,,,
Frequencies,204,,,,,
Frequencies,205,,,,,
Frequencies,206,,,,,
Frequencies,207,,,,,
Frequencies,208,,,,,
Frequencies,209,,,,,
Frequencies,210,,,,,
Frequencies,211,,,,,
Frequencies,212,,,,,
Frequencies,213,,,,,
Frequencies,214,,,,,
Frequencies,215,,,,,
Frequencies,216,,,,,
Frequencies,217,,,,,
Frequencies,218,,,,,
Frequencies,219,,,,,
Frequencies,220,,,,,
Frequencies,221,,,,,
Frequencies,222,,,,,
Frequencies,223,,,,,
Frequencies,224,,,,,
Frequencies,225,,,,,
Frequencies,226,,,,,
Frequencies,227,,,,,
Frequencies,228,,,,,
Frequencies,229,,,,,
Frequencies,230,,,,,
Frequencies,231,,,,,
Frequencies,232,,,,,
Frequencies,233,,,,,
Frequencies,234,,,,,
Frequencies,235,,,,,
Frequencies,236,,,,,
Frequencies,237,,,,,
Frequencies,238,,,,,
Frequencies,239,,,,,
Frequencies,240,,,,,
Frequencies,241,,,,,
Frequencies,242,,,,,
Frequencies,243,,,,,
Frequencies,244,,,,,
Frequencies,245,,,,,
Frequencies,246,,,,,
Frequencies,247,,,,,
Frequencies,248,,,,,
Frequencies,249,,,,,
Frequencies,250,,,,,
Frequencies,251,,,,,
Frequencies,252,,,,,
Frequencies,253,,,,,
Frequencies,254,,,,,
Frequencies,255,,,,,
Frequencies,256,,,,,
Frequencies,257,,,,,
Frequencies,258,,,,,
Frequencies,259,,,,,
Frequencies,260,,,,,
Frequencies,261,,,,,
Frequencies,262,,,,,
Frequencies,263,,,,,
Frequencies,264,,,,,
Frequencies,265,,,,,
Frequencies,266,,,,,
Frequencies,267,,,,,
Frequencies,268,,,,,
Frequencies,269,,,,,
Frequencies,270,,,,,
Frequencies,271,,,,,
Frequencies,272,,,,,
Frequencies,273,,,,,
Frequencies,274,,,,,
Frequencies,275,,,,,
Frequencies,276,,,,,
Frequencies,277,,,,,
Frequencies,278,,,,,
Frequencies,279,,,,,
Frequencies,280,,,,,
Frequencies,281,,,,,
Frequencies,282,,,,,
Frequencies,283,,,,,
Frequencies,284,,,,,
Frequencies,285,,,,,
Frequencies,286,,,,,
Frequencies,287,,,,,
Frequencies,288,,,,,
Frequencies,289,,,,,
Frequencies,290,,,,,
Frequencies,291,,,,,
Frequencies,292,,,,,
Frequencies,293,,,,,
Frequencies,294,,,,,
Frequencies,295,,,,,
Frequencies,296,,,,
Frequencies,297,,,,
Frequencies,298,,,,,
Frequencies,299,,,,,
Frequencies,300,,,,,
Frequencies,301,,,,,
Frequencies,302,,,,,
Frequencies,303,,,,,
Frequencies,304,,,,,
Frequencies,305,,,,,
Frequencies,306,,,,,
Frequencies,307,,,,,
Frequencies,308,,,,,
Frequencies,309,,,,,
Frequencies,310,,,,,
Frequencies,311,,,,,
Frequencies,312,,,,,
Frequencies,313,,,,,
Frequencies,314,,,,,
Frequencies,315,,,,,
Frequencies,316,,,,,
Frequencies,317,,,,,
Frequencies,318,,,,,
Frequencies,319,,,,,
Frequencies,320,,,,,
Frequencies,321,,,,,
Frequencies,322,,,,,
Frequencies,323,,,,,
Frequencies,324,,,,,
Frequencies,325,,,,,
Frequencies,326,,,,,
Frequencies,327,,,,,
Frequencies,328,,,,,
Frequencies,329,,,,,
Frequencies,330,,,,,
Frequencies,331,,,,,
Frequencies,332,,,,,
Frequencies,333,,,,,
Frequencies,334,,,,,
Frequencies,335,,,,,
Frequencies,336,,,,,
Frequencies,337,,,,,
Frequencies,338,,,,,
Frequencies,339,,,,,
Frequencies,340,,,,,
Frequencies,341,,,,,
Frequencies,342,,,,,
Frequencies,343,,,,,
Frequencies,344,,,,,
Frequencies,345,,,,,
Frequencies,346,,,,,
Frequencies,347,,,,,
Frequencies,348,,,,,
Frequencies,349,,,,,
Frequencies,350,,,,,
Frequencies,351,,,,,
Frequencies,352,,,,,
Frequencies,353,,,,,
Frequencies,354,,,,,
Frequencies,355,,,,,
Frequencies,356,,,,,
Frequencies,357,,,,,
Frequencies,358,,,,,
Frequencies,359,,,,,
Frequencies,360,,,,,
Frequencies,361,,,,,
Frequencies,362,,,,,
Frequencies,363,,,,,
Frequencies,364,,,,,
Frequencies,365,,,,,
Frequencies,366,,,,,
Frequencies,367,,,,,
Frequencies,368,,,,,
Frequencies,369,,,,,
Frequencies,370,,,,,
Frequencies,371,,,,,
Frequencies,372,,,,,
Frequencies,373,,,,,
Frequencies,374,,,,,
Frequencies,375,,,,,
Frequencies,376,,,,,
Frequencies,377,,,,
Frequencies,378,,,,
Frequencies,379,,,,
Frequencies,380,,,,
Frequencies,381,,,,,
Frequencies,382,,,,,
Frequencies,383,,,,,
Frequencies,384,,,,,
Frequencies,385,,,,,
Frequencies,386,,,,,
Frequencies,387,,,,,
Frequencies,388,,,,,
Frequencies,389,,,,,
Frequencies,390,,,,,
Frequencies,391,,,,,
Frequencies,392,,,,,
Frequencies,393,,,,,
Frequencies,394,,,,,
Frequencies,395,,,,,
Frequencies,396,,,,,
Frequencies,397,,,,,
Frequencies,398,,,,,
Frequencies,399,,,,,
Frequencies,400,,,,,
Frequencies,401,,,,,
Frequencies,402,,,,,
Frequencies,403,,,,,
Frequencies,404,,,,,
Frequencies,405,,,,,
Frequencies,406,,,,,
Frequencies,407,,,,,
Frequencies,408,,,,,
Frequencies,409,,,,,
Frequencies,410,,,,,
Frequencies,411,,,,,
Frequencies,412,,,,,
Frequencies,413,,,,,
Frequencies,414,,,,,
Frequencies,415,,,,,
Frequencies,416,,,,,
Frequencies,417,,,,,
Frequencies,418,,,,,
Frequencies,419,,,,,
Frequencies,420,,,,,
Frequencies,421,,,,,
Frequencies,422,,,,,
Frequencies,423,,,,,
Frequencies,424,,,,,
Frequencies,425,,,,,
Frequencies,426,,,,,
Frequencies,427,,,,,
Frequencies,428,,,,,
Frequencies,429,,,,,
Frequencies,430,,,,,
Frequencies,431,,,,,
Frequencies,432,,,,,
Frequencies,433,,,,,
Frequencies,434,,,,,
Frequencies,435,,,,,
Frequencies,436,,,,,
Frequencies,437,,,,,
Frequencies,438,,,,,
Frequencies,439,,,,,
Frequencies,440,,,,,
Frequencies,441,,,,,
Frequencies,442,,,,,
Frequencies,443,,,,,
Frequencies,444,,,,,
Frequencies,445,,,,,
Frequencies,446,,,,,
Frequencies,447,,,,,
Frequencies,448,,,,,
Frequencies,449,,,,,
Frequencies,450,,,,,
Frequencies,451,,,,,
Frequencies,452,,,,,
Frequencies,453,,,,,
Frequencies,454,,,,,
Frequencies,455,,,,,
Frequencies,456,,,,,
Frequencies,457,,,,,
Frequencies,458,,,,,
Frequencies,459,,,,,
Frequencies,460,,,,,
Frequencies,461,,,,,
Frequencies,462,,,,,
Frequencies,463,,,,,
Frequencies,464,,,,,
Frequencies,465,,,,,
Frequencies,466,,,,,
Frequencies,467,,,,,
Frequencies,468,,,,,
Frequencies,469,,,,,
Frequencies,470,,,,,
Frequencies,471,,,,,
Frequencies,472,,,,,
Frequencies,473,,,,,
Frequencies,474,,,,,
Frequencies,475,,,,,
Frequencies,476,,,,,
Frequencies,477,,,,,
Frequencies,478,,,,,
Frequencies,479,,,,,
Frequencies,480,,,,,
Frequencies,481,,,,,
Frequencies,482,,,,,
Frequencies,483,,,,,
Frequencies,484,,,,,
Frequencies,485,,,,,
Frequencies,486,,,,,
Frequencies,487,,,,,
Frequencies,488,,,,,
Frequencies,489,,,,,
Frequencies,490,,,,,
Frequencies,491,,,,,
Frequencies,492,,,,,
Frequencies,493,,,,,
Frequencies,494,,,,,
Frequencies,495,,,,,
Frequencies,496,,,,,
Frequencies,497,,,,,
Frequencies,498,,,,,
Frequencies,499,,,,,
Frequencies,500,,,,,
Frequencies,501,,,,,
Frequencies,502,,,,,
Frequencies,503,,,,,
Frequencies,504,,,,,
Frequencies,505,,,,,
Frequencies,506,,,,,
Frequencies,507,,,,,
Frequencies,508,,,,
Frequencies,509,,,,
Frequencies,510,,,,
Frequencies,511,,,,
Frequencies,512,,,,,
Frequencies,513,,,,,
Frequencies,514,,,,,
Frequencies,515,,,,,
Frequencies,516,,,,,
Frequencies,517,,,,,
Frequencies,518,,,,,
Frequencies,519,,,,,
Frequencies,520,,,,,
Frequencies,521,,,,,
Frequencies,522,,,,,
Frequencies,523,,,,,
Frequencies,524,,,,,
Frequencies,525,,,,,
Frequencies,526,,,,,
Frequencies,527,,,,,
Frequencies,528,,,,,
Frequencies,529,,,,,
Frequencies,530,,,,,
Frequencies,531,,,,,
Frequencies,532,,,,,
Frequencies,533,,,,,
Frequencies,534,,,,,
Frequencies,535,,,,,
Frequencies,536,,,,,
Frequencies,537,,,,,
Frequencies,538,,,,,
Frequencies,539,,,,,
Frequencies,540,,,,,
Frequencies,541,,,,,
Frequencies,542,,,,,
Frequencies,543,,,,,
Frequencies,544,,,,,
Frequencies,545,,,,,
Frequencies,546,,,,,
Frequencies,547,,,,,
Frequencies,548,,,,,
Frequencies,549,,,,,
Frequencies,550,,,,,
Frequencies,551,,,,,
Frequencies,552,,,,,
Frequencies,553,,,,,
Frequencies,554,,,,,
Frequencies,555,,,,,
Frequencies,556,,,,,
Frequencies,557,,,,,
Frequencies,558,,,,,
Frequencies,559,,,,,
Frequencies,560,,,,,
Frequencies,561,,,,,
Frequencies,562,,,,,
Frequencies,563,,,,,
Frequencies,564,,,,,
Frequencies,565,,,,,
Frequencies,566,,,,,
Frequencies,567,,,,,
Frequencies,568,,,,,
Frequencies,569,,,,,
Frequencies,570,,,,,
Frequencies,571,,,,,
Frequencies,572,,,,,
Frequencies,573,,,,,
Frequencies,574,,,,,
Frequencies,575,,,,,
Frequencies,576,,,,,
Frequencies,577,,,,,
Frequencies,578,,,,,
Frequencies,579,,,,,
Frequencies,580,,,,,
Frequencies,581,,,,,
Frequencies,582,,,,,
Frequencies,583,,,,,
Frequencies,584,,,,,
Frequencies,585,,,,,
Frequencies,586,,,,,
Frequencies,587,,,,,
Frequencies,588,,,,,
Frequencies,589,,,,,
Frequencies,590,,,,,
Frequencies,591,,,,,
Frequencies,592,,,,,
Frequencies,593,,,,,
Frequencies,594,,,,,
Frequencies,595,,,,,
Frequencies,596,,,,,
Frequencies,597,,,,,
Frequencies,598,,,,,
Frequencies,599,,,,,
Frequencies,600,,,,,
Frequencies,601,,,,,
Frequencies,602,,,,,
Frequencies,603,,,,,
Frequencies,604,,,,,
Frequencies,605,,,,,
Frequencies,606,,,,,
Frequencies,607,,,,,
Frequencies,608,,,,,
Frequencies,609,,,,,
Frequencies,610,,,,,
Frequencies,611,,,,,
Frequencies,612,,,,,
Frequencies,613,,,,,
Frequencies,614,,,,,
Frequencies,615,,,,,
Frequencies,616,,,,,
Frequencies,617,,,,,
Frequencies,618,,,,,
Frequencies,619,,,,,
Frequencies,620,,,,,
Frequencies,621,,,,,
Frequencies,622,,,,,
Frequencies,623,,,,,
Frequencies,624,,,,,
Frequencies,625,,,,,
Frequencies,626,,,,,
Frequencies,627,,,,,
Frequencies,628,,,,,
Frequencies,629,,,,,
Frequencies,630,,,,,
Frequencies,631,,,,,
Frequencies,632,,,,,
Frequencies,633,,,,,
Frequencies,634,,,,,
Frequencies,635,,,,,
Frequencies,636,,,,,
Frequencies,637,,,,,
Frequencies,638,,,,,
Frequencies,639,,,,
Frequencies,640,,,,
Frequencies,641,,,,
Frequencies,642,,,,
Frequencies,643,,,,
Frequencies,644,,,,,
Frequencies,645,,,,,
Frequencies,646,,,,,
Frequencies,647,,,,,
Frequencies,648,,,,,
Frequencies,649,,,,,
Frequencies,650,,,,,
Frequencies,651,,,,,
Frequencies,652,,,,,
Frequencies,653,,,,,
Frequencies,654,,,,,
Frequencies,655,,,,,
Frequencies,656,,,,,
Frequencies,657,,,,,
Frequencies,658,,,,,
Frequencies,659,,,,,
Frequencies,660,,,,,
Frequencies,661,,,,,
Frequencies,662,,,,,
Frequencies,663,,,,,
Frequencies,664,,,,,
Frequencies,665,,,,,
Frequencies,666,,,,,
Frequencies,667,,,,,
Frequencies,668,,,,,
Frequencies,669,,,,,
Frequencies,670,,,,,
Frequencies,671,,,,,
Frequencies,672,,,,,
Frequencies,673,,,,,
Frequencies,674,,,,,
Frequencies,675,,,,,
Frequencies,676,,,,,
Frequencies,677,,,,,
Frequencies,678,,,,,
Frequencies,679,,,,,
Frequencies,680,,,,,
Frequencies,681,,,,,
Frequencies,682,,,,,
Frequencies,683,,,,,
Frequencies,684,,,,,
Frequencies,685,,,,,
Frequencies,686,,,,,
Frequencies,687,,,,,
Frequencies,688,,,,,
Frequencies,689,,,,,
Frequencies,690,,,,,
Frequencies,691,,,,,
Frequencies,692,,,,,
Frequencies,693,,,,,
Frequencies,694,,,,,
Frequencies,695,,,,,
Frequencies,696,,,,,
Frequencies,697,,,,,
Frequencies,698,,,,,
Frequencies,699,,,,,
Frequencies,700,,,,,
Frequencies,701,,,,,
Frequencies,702,,,,,
Frequencies,703,,,,,
Frequencies,704,,,,,
Frequencies,705,,,,,
Frequencies,706,,,,,
Frequencies,707,,,,,
Frequencies,708,,,,,
Frequencies,709,,,,,
Frequencies,710,,,,,
Frequencies,711,,,,,
Frequencies,712,,,,,
Frequencies,713,,,,,
Frequencies,714,,,,,
Frequencies,715,,,,,
Frequencies,716,,,,,
Frequencies,717,,,,,
Frequencies,718,,,,,
Frequencies,719,,,,,
Frequencies,720,,,,,
Frequencies,721,,,,,
Frequencies,722,,,,,
Frequencies,723,,,,,
Frequencies,724,,,,,
Frequencies,725,,,,,
Frequencies,726,,,,,
Frequencies,727,,,,,
Frequencies,728,,,,,
Frequencies,729,,,,,
Frequencies,730,,,,,
Frequencies,731,,,,,
Frequencies,732,,,,,
Frequencies,733,,,,,
Frequencies,734,,,,,
Frequencies,735,,,,,
Frequencies,736,,,,,
Frequencies,737,,,,,
Frequencies,738,,,,,
Frequencies,739,,,,,
Frequencies,740,,,,,
Frequencies,741,,,,,
Frequencies,742,,,,,
Frequencies,743,,,,,
Frequencies,744,,,,,
Frequencies,745,,,,,
Frequencies,746,,,,,
Frequencies,747,,,,,
Frequencies,748,,,,,
Frequencies,749,,,,,
Frequencies,750,,,,,
Frequencies,751,,,,,
Frequencies,752,,,,,
Frequencies,753,,,,,
Frequencies,754,,,,,
Frequencies,755,,,,,
Frequencies,756,,,,,
Frequencies,757,,,,,
Frequencies,758,,,,,
Frequencies,759,,,,,
Frequencies,760,,,,,
Frequencies,761,,,,,
Frequencies,762,,,,,
Frequencies,763,,,,,
Frequencies,764,,,,,
Frequencies,765,,,,,
Frequencies,766,,,,,
Frequencies,767,,,,,
Frequencies,768,,,,,
Frequencies,769,,,,,
Frequencies,770,,,,,
Frequencies,771,,,,,
Frequencies,772,,,,,
Frequencies,773,,,,,
Frequencies,774,,,,,
Frequencies,775,,,,,
Frequencies,776,,,,,
Frequencies,777,,,,,
Frequencies,778,,,,,
Frequencies,779,,,,,
Frequencies,780,,,,,
Frequencies,781,,,,,
Frequencies,782,,,,,
Frequencies,783,,,,,
Frequencies,784,,,,,
Frequencies,785,,,,,
Frequencies,786,,,,,
Frequencies,787,,,,,
Frequencies,788,,,,,
Frequencies,789,,,,,
Frequencies,790,,,,,
Frequencies,791,,,,,
Frequencies,792,,,,,
Frequencies,793,,,,,
Frequencies,794,,,,,
Frequencies,795,,,,,
Frequencies,796,,,,,
Frequencies,797,,,,,
Frequencies,798,,,,,
Frequencies,799,,,,,
Frequencies,800,,,,,
Frequencies,801,,,,,
Frequencies,802,,,,,
Frequencies,803,,,,
Frequencies,804,,,,
Frequencies,805,,,,
Frequencies,806,,,,
Frequencies,807,,,,
Frequencies,808,,,,
Frequencies,809,,,,
Frequencies,810,,,,
Frequencies,811,,,,
Frequencies,812,,,,
Frequencies,813,,,,
Frequencies,814,,,,
Frequencies,815,,,,
Frequencies,816,,,,
Frequencies,817,,,,
Frequencies,818,,,,
Frequencies,819,,,,
Frequencies,820,,,,
Frequencies,821,,,,
Frequencies,822,,,,
Frequencies,823,,,,
Frequencies,824,,,,
Frequencies,825,,,,
Frequencies,826,,,,
Frequencies,827,,,,
Frequencies,828,,,,
Frequencies,829,,,,
Frequencies,830,,,,
Frequencies,831,,,,
Frequencies,832,,,,
Frequencies,833,,,,
Frequencies,834,,,,
Frequencies,835,,,,
Frequencies,836,,,,
Frequencies,837,,,,
Frequencies,838,,,,
Frequencies,839,,,,
Frequencies,840,,,,
Frequencies,841,,,,
Frequencies,842,,,,
Frequencies,843,,,,
Frequencies,844,,,,
Frequencies,845,,,,
Frequencies,846,,,,
Frequencies,847,,,,
Frequencies,848,,,,
Frequencies,849,,,,
Frequencies,850,,,,
Frequencies,851,,,,
Frequencies,852,,,,
Frequencies,853,,,,
Frequencies,854,,,,
Frequencies,855,,,,,
Frequencies,856,,,,,
Frequencies,857,,,,,
Frequencies,858,,,,,
Frequencies,859,,,,,
Frequencies,860,,,,,
Frequencies,861,,,,,
Frequencies,862,,,,,
Frequencies,863,,,,,
Frequencies,864,,,,,
Frequencies,865,,,,,
Frequencies,866,,,,,
Frequencies,867,,,,,
Frequencies,868,,,,,
Frequencies,869,,,,,
Frequencies,870,,,,,
Frequencies,871,,,,,
Frequencies,872,,,,,
Frequencies,873,,,,,
Frequencies,874,,,,,
Frequencies,875,,,,,
Frequencies,876,,,,,
Frequencies,877,,,,,
Frequencies,878,,,,,
Frequencies,879,,,,,
Frequencies,880,,,,,
Frequencies,881,,,,,
Frequencies,882,,,,,
Frequencies,883,,,,,
Frequencies,884,,,,,
Frequencies,885,,,,,
Frequencies,886,,,,,
Frequencies,887,,,,,
Frequencies,888,,,,,
Frequencies,889,,,,,
Frequencies,890,,,,,
Frequencies,891,,,,,
Frequencies,892,,,,,
Frequencies,893,,,,,
Frequencies,894,,,,,
Frequencies,895,,,,,
Frequencies,896,,,,,
Frequencies,897,,,,,
Frequencies,898,,,,,
Frequencies,899,,,,,
Frequencies,900,,,,,
Frequencies,901,,,,,
Frequencies,902,,,,,
Frequencies,903,,,,,
Frequencies,904,,,,,
Frequencies,905,,,,,
Frequencies,906,,,,,
Frequencies,907,,,,,
Frequencies,908,,,,,
Frequencies,909,,,,,
Frequencies,910,,,,,
Frequencies,911,,,,,
Frequencies,912,,,,,
Frequencies,913,,,,,
Frequencies,914,,,,,
Frequencies,915,,,,,
Frequencies,916,,,,,
Frequencies,917,,,,,
Frequencies,918,,,,,
Frequencies,919,,,,,
Frequencies,920,,,,,
Frequencies,921,,,,,
Frequencies,922,,,,,
Frequencies,923,,,,,
Frequencies,924,,,,,
Frequencies,925,,,,,
Frequencies,926,,,,,
Frequencies,927,,,,,
Frequencies,928,,,,,
Frequencies,929,,,,,
Frequencies,930,,,,,
Frequencies,931,,,,,
Frequencies,932,,,,,
Frequencies,933,,,,,
Frequencies,934,,,,,
Frequencies,935,,,,,
Frequencies,936,,,,,
Frequencies,937,,,,,
Frequencies,938,,,,,
Frequencies,939,,,,,
Frequencies,940,,,,,
Frequencies,941,,,,,
Frequencies,942,,,,,
Frequencies,943,,,,,
Frequencies,944,,,,,
Frequencies,945,,,,,
Frequencies,946,,,,,
Frequencies,947,,,,,
Frequencies,948,,,,,
Frequencies,949,,,,,
Frequencies,950,,,,,
Frequencies,951,,,,,
Frequencies,952,,,,,
Frequencies,953,,,,,
Frequencies,954,,,,,
Frequencies,955,,,,,
Frequencies,956,,,,,
Frequencies,957,,,,,
Frequencies,958,,,,,
Frequencies,959,,,,,
Frequencies,960,,,,,
Frequencies,961,,,,,
Frequencies,962,,,,,
Frequencies,963,,,,,
Frequencies,964,,,,,
Frequencies,965,,,,,
Frequencies,966,,,,,
Frequencies,967,,,,,
Frequencies,968,,,,,
Frequencies,969,,,,,
Frequencies,970,,,,,
Frequencies,971,,,,,
Frequencies,972,,,,,
Frequencies,973,,,,,
Frequencies,974,,,,,
Frequencies,975,,,,,
Frequencies,976,,,,,
Frequencies,977,,,,,
Frequencies,978,,,,,
Frequencies,979,,,,,
Frequencies,980,,,,,
Frequencies,981,,,,,
Frequencies,982,,,,,
Frequencies,983,,,,,
Frequencies,984,,,,,
Frequencies,985,,,,,
Frequencies,986,,,,,
Frequencies,987,,,,,
Frequencies,988,,,,,
Frequencies,989,,,,,
Frequencies,990,,,,,
Frequencies,991,,,,,
Frequencies,992,,,,,
Frequencies,993,,,,,
Frequencies,994,,,,,
Frequencies,995,,,,,
Frequencies,996,,,,,
Frequencies,997,,,,,
Frequencies,998,,,,,
Frequencies,999,,,,,
Frequencies,1000,,,,,
Frequencies,1001,,,,,
Frequencies,1002,,,,,
Frequencies,1003,,,,,
Frequencies,1004,,,,,
Frequencies,1005,,,,,
Frequencies,1006,,,,,
Frequencies,1007,,,,,
Frequencies,1008,,,,,
Frequencies,1009,,,,,
Frequencies,1010,,,,,
Frequencies,1011,,,,,
Frequencies,1012,,,,,
Frequencies,1013,,,,,
Frequencies,1014,,,,,
Frequencies,1015,,,,,
Frequencies,1016,,,,,
Frequencies,1017,,,,,
Frequencies,1018,,,,,
Frequencies,1019,,,,,
Frequencies,1020,,,,,
Frequencies,1021,,,,,
Frequencies,1022,,,,,
Frequencies,1023,,,,,
Frequencies,1024,,,,,
Frequencies,1025,,,,,
Frequencies,1026,,,,,
Frequencies,1027,,,,,
Frequencies,1028,,,,,
Frequencies,1029,,,,,
Frequencies,1030,,,,,
Frequencies,1031,,,,,
Frequencies,1032,,,,,
Frequencies,1033,,,,,
Frequencies,1034,,,,,
Frequencies,1035,,,,,
Frequencies,1036,,,,,
Frequencies,1037,,,,,
Frequencies,1038,,,,,
Frequencies,1039,,,,,
Frequencies,1040,,,,,
Frequencies,1041,,,,,
Frequencies,1042,,,,,
Frequencies,1043,,,,,
Frequencies,1044,,,,,
Frequencies,1045,,,,,
Frequencies,1046,,,,,
Frequencies,1047,,,,,
Frequencies,1048,,,,,
Frequencies,1049,,,,,
Frequencies,1050,,,,,
Frequencies,1051,,,,,
Frequencies,1052,,,,,
Frequencies,1053,,,,,
Frequencies,1054,,,,,
Frequencies,1055,,,,,
Frequencies,1056,,,,,
Frequencies,1057,,,,,
Frequencies,1058,,,,,
Frequencies,1059,,,,,
Frequencies,1060,,,,,
Frequencies,1061,,,,,
Frequencies,1062,,,,,
Frequencies,1063,,,,,
Frequencies,1064,,,,,
Frequencies,1065,,,,,
Frequencies,1066,,,,,
Frequencies,1067,,,,,
Frequencies,1068,,,,,
Frequencies,1069,,,,,
Frequencies,1070,,,,,
Frequencies,1071,,,,,
Frequencies,1072,,,,,
Frequencies,1073,,,,,
Frequencies,1074,,,,,
Frequencies,1075,,,,,
Frequencies,1076,,,,,
Frequencies,1077,,,,,
Frequencies,1078,,,,,
Frequencies,1079,,,,,
Frequencies,1080,,,,,
Frequencies,1081,,,,,
Frequencies,1082,,,,,
Frequencies,1083,,,,,
Frequencies,1084,,,,,
Frequencies,1085,,,,,
Frequencies,1086,,,,,
Frequencies,1087,,,,,
Frequencies,1088,,,,,
Frequencies,1089,,,,,
Frequencies,1090,,,,,
Frequencies,1091,,,,,
Frequencies,1092,,,,,
Frequencies,1093,,,,,
Frequencies,1094,,,,,
Frequencies,1095,,,,,
Frequencies,1096,,,,,
Frequencies,1097,,,,,
Frequencies,1098,,,,,
Frequencies,1099,,,,,
Frequencies,1100,,,,,
Frequencies,1101,,,,,
Frequencies,1102,,,,,
Frequencies,1103,,,,,
Frequencies,1104,,,,,
Frequencies,1105,,,,,
Frequencies,1106,,,,,
Frequencies,1107,,,,,
Frequencies,1108,,,,,
Frequencies,1109,,,,,
Frequencies,1110,,,,,
Frequencies,1111,,,,,
Frequencies,1112,,,,,
Frequencies,1113,,,,,
Frequencies,1114,,,,,
Frequencies,1115,,,,,
Frequencies,1116,,,,,
Frequencies,1117,,,,,
Frequencies,1118,,,,,
Frequencies,1119,,,,,
Frequencies,1120,,,,,
Frequencies,1121,,,,,
Frequencies,1122,,,,,
Frequencies,1123,,,,,
Frequencies,1124,,,,,
Frequencies,1125,,,,,
Frequencies,1126,,,,,
Frequencies,1127,,,,,
Frequencies,1128,,,,,
Frequencies,1129,,,,,
Frequencies,1130,,,,,
Frequencies,1131,,,,,
Frequencies,1132,,,,,
Frequencies,1133,,,,,
Frequencies,1134,,,,,
Frequencies,1135,,,,,
Frequencies,1136,,,,,
Frequencies,1137,,,,,
Frequencies,1138,,,,,
Frequencies,1139,,,,,
Frequencies,1140,,,,,
Frequencies,1141,,,,,
Frequencies,1142,,,,,
Frequencies,1143,,,,,
Frequencies,1144,,,,,
Frequencies,1145,,,,,
Frequencies,1146,,,,,
Frequencies,1147,,,,,
Frequencies,1148,,,,,
Frequencies,1149,,,,,
Frequencies,1150,,,,,
Frequencies,1151,,,,,
Frequencies,1152,,,,,
Frequencies,1153,,,,,
Frequencies,1154,,,,,
Frequencies,1155,,,,,
Frequencies,1156,,,,,
Frequencies,1157,,,,,
Frequencies,1158,,,,,
Frequencies,1159,,,,,
Frequencies,1160,,,,,
Frequencies,1161,,,,,
Frequencies,1162,,,,,
Frequencies,1163,,,,,
Frequencies,1164,,,,,
Frequencies,1165,,,,,
Frequencies,1166,,,,,
Frequencies,1167,,,,,
Frequencies,1168,,,,,
Frequencies,1169,,,,,
Frequencies,1170,,,,,
Frequencies,1171,,,,,
Frequencies,1172,,,,,
Frequencies,1173,,,,,
Frequencies,1174,,,,,
Frequencies,1175,,,,,
Frequencies,1176,,,,,
Frequencies,1177,,,,,
Frequencies,1178,,,,,
Frequencies,1179,,,,,
Frequencies,1180,,,,,
Frequencies,1181,,,,,
Frequencies,1182,,,,,
Frequencies,1183,,,,,
Frequencies,1184,,,,,
Frequencies,1185,,,,,
Frequencies,1186,,,,,
Frequencies,1187,,,,,
Frequencies,1188,,,,,
Frequencies,1189,,,,,
Frequencies,1190,,,,,
Frequencies,1191,,,,,
Frequencies,1192,,,,,
Frequencies,1193,,,,,
Frequencies,1194,,,,,
Frequencies,1195,,,,,
Frequencies,1196,,,,,
Frequencies,1197,,,,,
Frequencies,1198,,,,,
Frequencies,1199,,,,,
Frequencies,1200,,,,,
Frequencies,1201,,,,,
Frequencies,1202,,,,,
Frequencies,1203,,,,,
Frequencies,1204,,,,,
Frequencies,1205,,,,,
Frequencies,1206,,,,,
Frequencies,1207,,,,,
Frequencies,1208,,,,,
Frequencies,1209,,,,,
Frequencies,1210,,,,,
Frequencies,1211,,,,,
Frequencies,1212,,,,,
Frequencies,1213,,,,,
Frequencies,1214,,,,,
Frequencies,1215,,,,,
Frequencies,1216,,,,,
Frequencies,1217,,,,,
Frequencies,1218,,,,,
Frequencies,1219,,,,,
Frequencies,1220,,,,,
Frequencies,1221,,,,,
Frequencies,1222,,,,,
Frequencies,1223,,,,,
Frequencies,1224,,,,,
Frequencies,1225,,,,,
Frequencies,1226,,,,,
Frequencies,1227,,,,,
Frequencies,1228,,,,,
Frequencies,1229,,,,,
Frequencies,1230,,,,,
Frequencies,1231,,,,,
Frequencies,1232,,,,,
Frequencies,1233,,,,,
Frequencies,1234,,,,,
Frequencies,1235,,,,,
Frequencies,1236,,,,,
Frequencies,1237,,,,,
Frequencies,1238,,,,,
Frequencies,1239,,,,,
Frequencies,1240,,,,,
Frequencies,1241,,,,,
Frequencies,1242,,,,,
Frequencies,1243,,,,,
Frequencies,1244,,,,,
Frequencies,1245,,,,,
Frequencies,1246,,,,,
Frequencies,1247,,,,,
Frequencies,1248,,,,,
Frequencies,1249,,,,,
Frequencies,1250,,,,,
Frequencies,1251,,,,,
Frequencies,1252,,,,,
Frequencies,1253,,,,,
Frequencies,1254,,,,,
Frequencies,1255,,,,,
Frequencies,1256,,,,,
Frequencies,1257,,,,,
Frequencies,1258,,,,,
Frequencies,1259,,,,,
Frequencies,1260,,,,,
Frequencies,1261,,,,,
Frequencies,1262,,,,,
Frequencies,1263,,,,,
Frequencies,1264,,,,,
Frequencies,1265,,,,,
Frequencies,1266,,,,,
Frequencies,1267,,,,,
Frequencies,1268,,,,,
Frequencies,1269,,,,,
Frequencies,1270,,,,,
Frequencies,1271,,,,,
Frequencies,1272,,,,,
Frequencies,1273,,,,,
Frequencies,1274,,,,,
Frequencies,1275,,,,,
Frequencies,1276,,,,,
Frequencies,1277,,,,,
Frequencies,1278,,,,,
Frequencies,1279,,,,,
Frequencies,1280,,,,,
Frequencies,1281,,,,,
Frequencies,1282,,,,,
Frequencies,1283,,,,,
Frequencies,1284,,,,,
Frequencies,1285,,,,,
Frequencies,1286,,,,,
Frequencies,1287,,,,,
Frequencies,1288,,,,,
Frequencies,1289,,,,,
Frequencies,1290,,,,,
Frequencies,1291,,,,,
Frequencies,1292,,,,,
Frequencies,1293,,,,,
Frequencies,1294,,,,,
Frequencies,1295,,,,,
Frequencies,1296,,,,,
Frequencies,1297,,,,,
Frequencies,1298,,,,,
Frequencies,1299,,,,,
Frequencies,1300,,,,,
Frequencies,1301,,,,,
Frequencies,1302,,,,,
Frequencies,1303,,,,,
Frequencies,1304,,,,,
Frequencies,1305,,,,,
Frequencies,1306,,,,,
Frequencies,1307,,,,,
Frequencies,1308,,,,,
Frequencies,1309,,,,,
Frequencies,1310,,,,,
Frequencies,1311,,,,,
Frequencies,1312,,,,,
Frequencies,1313,,,,,
Frequencies,1314,,,,,
Frequencies,1315,,,,,
Frequencies,1316,,,,,
Frequencies,1317,,,,,
Frequencies,1318,,,,,
Frequencies,1319,,,,,
Frequencies,1320,,,,,
Frequencies,1321,,,,,
Frequencies,1322,,,,,
Frequencies,1323,,,,,
Frequencies,1324,,,,,
Frequencies,1325,,,,,
Frequencies,1326,,,,,
Frequencies,1327,,,,,
Frequencies,1328,,,,,
Statistics,0,varnumber,varname,n,sum,mean,min,max,varTitle
Statistics,1,62821,F3A01,550,12923716241,23497665.892727274,0,1676203892,Total assets
Statistics,2,66405,F3A01A,550,261735116,475882.02909090911,0,38055000,Long-term investments
Statistics,3,66410,F3A01B,550,3232371012,5877038.2036363641,0,1230909203,"Property, plant, and equipment, net of accumulated depreciation"
Statistics,4,66415,F3A01C,550,973062210,1769204.0181818181,0,181078093,"Intangible assets, net of accumulated amortization"
Statistics,5,62826,F3A02,550,5756607126,10466558.41090909,0,1265463118,Total liabilities
Statistics,6,66420,F3A02A,550,1762160286,3203927.792727273,0,1044912419,"Debt related to property, plant, and equipment"
Statistics,7,62831,F3A03,550,7167109115,13031107.481818182,-36091753,800862487,Total equity
Statistics,8,62836,F3A04,550,12923716241,23497665.892727274,0,1676203892,Total liabilities and equity
Statistics,9,66425,F3A05,550,439910039,799836.43454545457,0,144026977,Land and land improvements
Statistics,10,66430,F3A06,550,2821731341,5130420.62,0,1069327473,Buildings
Statistics,11,66435,F3A07,550,2054627234,3735685.88,0,203606302,"Equipment, including art and library collections"
Statistics,12,66440,F3A08,550,188057727,341923.14,-31513,50175573,Construction in Progress
Statistics,13,66445,F3A09,550,1158752387,2106822.521818182,0,299187511,"Other plant, property and equipment"
Statistics,14,66450,F3A10,550,6663078728,12114688.596363636,0,1319129328,"Total Plant, Property, and Equipment"
Statistics,15,66455,F3A11,550,3430972817,6238132.3945454545,0,377153109,Accumulated depreciation
Statistics,16,66460,F3A12,550,3232371012,5877038.2036363641,0,1230909203,"Property, Plant, and Equipment, net of accumulated depreciation (from A1b)"
Statistics,17,62841,F3B01,550,14670309917,26673290.758181818,27980,1206446585,Total revenues and investment return
Statistics,18,62846,F3B02,550,13185820678,23974219.414545454,102706,1183376966,Total expenses
Statistics,19,62851,F3B03,550,171157626,311195.68363636365,-27696021,186041000,Sum of specific changes in equity
Statistics,20,62856,F3B04,550,1655646865,3010267.0272727273,-14293267,206712747,Net income
Statistics,21,62861,F3B05,550,-651841563,-1185166.4781818183,-210491000,115533345,Other changes in equity
Statistics,22,62866,F3B06,550,7042112520,12803840.945454545,-38005588,823499966,"Equity, beginning of year"
Statistics,23,62871,F3B07,550,-878808707,-1597834.0127272727,-231066690,40801000,Adjustments to beginning net equity
Statistics,24,62876,F3B08,550,7167109115,13031107.481818182,-36091753,800862487,"Equity, end of year"
Statistics,25,62881,F3C01,2240,3639998492,1624999.3267857144,0,232739847,Pell grants
Statistics,26,62886,F3C02,2240,274818821,122686.97366071428,0,25677101,Other federal grants
Statistics,27,62891,F3C03,2240,208566668,93110.119642857142,0,13895523,State and local grants
Statistics,28,66465,F3C03A,2240,190436228,85016.173214285707,0,13895523,State grants
Statistics,29,66470,F3C03B,2240,18130440,8093.9464285714284,0,1589075,Local government grants
Statistics,30,62896,F3C04,2240,1443835656,644569.48928571434,0,263747125,Institutional grants
Statistics,31,62901,F3C05,2240,5567219637,2485365.9093749998,0,459623286,Total student grants
Statistics,32,62906,F3C06,2240,1314380655,586777.078125,0,263747125,Discounts and allowances applied to tuition and fees
Statistics,33,62911,F3C07,2240,10311948,4603.5482142857145,0,8208000,Discounts and allowances applied to auxiliary enterprise revenues
Statistics,34,62913,F3C08,2240,1324692603,591380.62633928575,0,263747125,Total discounts and allowances
Statistics,35,68283,F3C12,2240,11164124,4983.9839285714288,0,4544571,"Total
 discounts and
 allowances from Pell grants"
Statistics,36,68285,F3C121,2240,11162408,4983.2178571428567,0,4544571,Discounts and allowances from Pell grants applied to tuition and fees
Statistics,37,68287,F3C122,2240,1716,0.76607142857142863,0,1716,Discounts and allowances from Pell grants applied to auxiliary enterprises
Statistics,38,68289,F3C13,2240,9047430,4039.03125,0,3349534,Total discounts and allowances from other federal grants
Statistics,39,68291,F3C131,2240,9044321,4037.6433035714285,0,3349534,Discounts and allowances from other federal grants applied to tuition and fees
Statistics,40,68293,F3C132,2240,3109,1.3879464285714285,0,3109,Discounts and allowances from other federal grants applied to auxiliary enterprises
Statistics,41,68295,F3C14,2240,6972130,3112.5580357142858,0,2509073,Total discounts and allowances from state government grants
Statistics,42,68297,F3C141,2240,6968971,3111.1477678571428,0,2509073,Discounts and allowances from state government grants applied to tuition and fees
Statistics,43,68299,F3C142,2240,3159,1.4102678571428571,0,3073,Discounts and allowances from state government grants applied to auxiliary enterprises
Statistics,44,68301,F3C15,2240,786980,351.33035714285717,0,391361,Total discounts and allowances from local government grants
Statistics,45,68303,F3C151,2240,786980,351.33035714285717,0,391361,"Discounts and
 allowances from local government grants applied to tuition and fees"
Statistics,46,68305,F3C152,2240,0,0,0,0,Discounts and allowances from local government grants applied to auxiliary enterprises
Statistics,47,68307,F3C16,2240,756598,337.76696428571427,0,286622,"Total discounts and
 allowances from endowments and gifts"
Statistics,48,68309,F3C161,2240,744825,332.51116071428572,0,286622,"Discounts and 
allowances from endowments and gifts applied to tuition and fees"
Statistics,49,68311,F3C162,2240,11773,5.2558035714285714,0,11056,Discounts and allowances from endowments and gifts applied to auxiliary enterprises
Statistics,50,68313,F3C17,2240,1295965341,578555.95580357139,0,263747125,Total discounts and allowances from other institutional sources
Statistics,51,68315,F3C171,2240,1285673150,573961.22767857148,0,263747125,"Discounts and
 allowances from other institutional sources applied to tuition and fees"
Statistics,52,68317,F3C172,2240,10292191,4594.7281249999996,0,8208000,Discounts and allowances from other institutional sources applied to auxiliary enterprises
Statistics,53,62916,F3D01,2244,16566827856,7382721.8609625669,0,1008038779,Tuition and fees
Statistics,54,62921,F3D02,2244,327251799,145834.13502673796,0,31877130,"Federal appropriations, grants and contracts"
Statistics,55,66475,F3D02A,2244,32709816,14576.566844919786,0,5977728,Federal appropriations
Statistics,56,66480,F3D02B,2244,294541983,131257.56818181818,0,31877130,Federal grants and contracts
Statistics,57,62926,F3D03,2244,25642469,11427.125222816399,0,2988624,"State and local appropriations, grants and contracts"
Statistics,58,66485,F3D03A,2244,5035067,2243.7909982174688,0,2988624,State appropriations
Statistics,59,66490,F3D03B,2244,14121270,6292.9010695187162,0,2203418,State grants and contracts
Statistics,60,66495,F3D03C,2244,197290,87.918894830659539,0,63668,Local government appropriations
Statistics,61,66500,F3D03D,2244,6288842,2802.5142602495544,0,1589075,Local government and contracts
Statistics,62,62931,F3D04,2244,21230684,9461.0891265597147,0,15566903,"Private gifts, grants, and contracts"
Statistics,63,62936,F3D05,2244,91668788,40850.618538324423,-128637,33411000,Investment income and investment gains (losses) included in net income
Statistics,64,62941,F3D06,2244,408750095,182152.44875222817,-61332,162351893,Sales and services of educational activities
Statistics,65,62946,F3D07,670,125245955,186934.26119402985,-107347,25775000,Sales and services of auxiliary enterprises
Statistics,66,66505,F3D12,311,0,0,0,0,Hospital revenue
Statistics,67,62951,F3D08,2244,386465390,172221.6532976827,-14000,42121000,Other revenue
Statistics,68,62956,F3D09,2244,17953083036,8000482.6363636367,0,1206446585,Total revenues and investment return
Statistics,69,62961,F3E011,2244,4806801553,2142068.4282531193,0,202631941,Instruction-Total amount
Statistics,70,66515,F3E012,2244,2940850560,1310539.4652406417,0,120428646,Instruction-Salaries and wages
Statistics,71,66545,F3E02A1,2244,10408978,4638.5819964349375,0,3136541,Research-Total amount
Statistics,72,66550,F3E02A2,2244,4980747,2219.5842245989306,0,1302285,Research-Salaries and wages
Statistics,73,66580,F3E02B1,2244,21134828,9418.3725490196084,0,5767159,Public service-Total amount
Statistics,74,66585,F3E02B2,2244,8908548,3969.9411764705883,0,4448086,Public service-Salaries and wages
Statistics,75,66615,F3E03A1,2244,1629388486,726108.95098039217,0,127526808,Academic support-Total amount
Statistics,76,66620,F3E03A2,2244,715972208,319060.69875222817,0,59667045,Academic support-Salaries and wages
Statistics,77,66650,F3E03B1,2244,3141207875,1399825.2562388591,0,439695909,Student service-Total amount
Statistics,78,66655,F3E03B2,2244,1657433298,738606.6390374332,0,289621715,Student service-Salaries and wages
Statistics,79,66685,F3E03C1,2244,4972303823,2215821.6680035652,0,361701194,Institutional support-Total amount
Statistics,80,66690,F3E03C2,2244,1196705429,533291.18939393945,0,65639338,Institutional support-Salaries and wages
Statistics,81,62976,F3E041,670,209174940,312201.40298507462,0,48368800,Auxiliary enterprises-Total amount
Statistics,82,66725,F3E042,670,24080112,35940.465671641789,0,8344992,Auxiliary enterprises-Salaries and wages
Statistics,83,62981,F3E051,2244,24037750,10712.009803921568,0,7043869,Net grant aid to students-Total amount
Statistics,84,66830,F3E101,311,0,0,0,0,Hospital services-Total amount
Statistics,85,66835,F3E102,311,0,0,0,0,Hospital services-Salaries and wages
Statistics,86,62986,F3E061,2244,1180455466,526049.67290552589,0,113854574,Other expenses-Total amount
Statistics,87,66770,F3E062,2244,65254009,29079.326648841354,0,18140682,Other expenses-Salaries and wages
Statistics,88,62991,F3E071,2244,15994913699,7127858.1546345809,2672,1183376966,Total expenses-Total amount
Statistics,89,66805,F3E072,2244,6614184911,2947497.732174688,0,523459427,Total expenses-Salaries and wages
Statistics,90,66810,F3E073,2244,851878508,379625.00356506236,0,67327336,Total expenses-Benefits
Statistics,91,66812,F3E074,2244,1713930194,763783.50891265599,0,77647293,Total expenses-Operations and maintenance
Statistics,92,66815,F3E075,2244,522621681,232897.36229946525,0,62487093,Total expenses-Depreciation
Statistics,93,66820,F3E076,2244,133869832,59656.78787878788,0,59529718,Total expenses-Interest
Statistics,94,66825,F3E077,2244,6158428572,2744397.7593582887,-61890,411955901,Total expenses-All other
Statistics,95,66900,F3F01,295,148135039,502152.67457627121,-6406928,27696020,Federal income tax expenses
Statistics,96,66905,F3F02,295,31118310,105485.79661016949,-752145,4525203,State and local income tax expenses
Statistics,97,68319,F3G01,550,1970984763,3583608.66,-10726000,195328000,Pretax income
Statistics,98,68321,F3G02,550,14670309917,26673290.758181818,27980,1206446585,Total revenues
Statistics,99,68323,F3G03,550,7167109115,13031107.481818182,-36091753,800862487,Total equity
Statistics,100,68325,F3G04,550,12923716241,23497665.892727274,0,1676203892,Total assets
Statistics,101,68327,F3G05,550,2961675893,5384865.2599999998,-936168429,722719777,Adjusted equity
Statistics,102,68329,F3G06,550,1762160286,3203927.792727273,0,1044912419,Plant-related debt
Statistics,103,68331,F3G07,550,13185820678,23974219.414545454,102706,1183376966,Total expenses
Statistics,104,,,,,
Statistics,105,,,,,
Statistics,106,,,,,
Statistics,107,,,,,
Statistics,108,,,,,
Statistics,109,,,,,
Statistics,110,,,,,
Statistics,111,,,,,
Statistics,112,,,,,
Statistics,113,,,,,
Statistics,114,,,,,
Statistics,115,,,,,
Statistics,116,,,,,
Statistics,117,,,,,
Statistics,118,,,,,
Statistics,119,,,,,
Statistics,120,,,,,
Statistics,121,,,,,
Statistics,122,,,,,
Statistics,123,,,,,
Statistics,124,,,,,
Statistics,125,,,,,
Statistics,126,,,,,
Statistics,127,,,,,
Statistics,128,,,,,
Statistics,129,,,,,
Statistics,130,,,,,
Statistics,131,,,,,
Statistics,132,,,,,
Statistics,133,,,,,
Statistics,134,,,,,
Statistics,135,,,,,
Statistics,136,,,,,
Statistics,137,,,,,
Statistics,138,,,,,
Statistics,139,,,,,
Statistics,140,,,,
Statistics,141,,,,
Statistics,142,,,,
Statistics,143,,,,
Statistics,144,,,,,,,
Statistics,145,,,,,,,
Statistics,146,,,,,,,
Statistics,147,,,,,,,
Statistics,148,,,,,,,
Statistics,149,,,,,,,
Statistics,150,,,,,,,
Statistics,151,,,,,,,
Statistics,152,,,,,,,
Statistics,153,,,,,,,
Statistics,154,,,,,,,
Statistics,155,,,,,,,
Statistics,156,,,,,,,
Statistics,157,,,,,,,
Statistics,158,,,,,,,
Statistics,159,,,,,,,
Statistics,160,,,,,,,
Statistics,161,,,,,,,
Statistics,162,,,,,,,
Statistics,163,,,,,,,
Statistics,164,,,,,,,
Statistics,165,,,,,,,
Statistics,166,,,,,,,
Statistics,167,,,,,,,
Statistics,168,,,,,,,
Statistics,169,,,,,,,
Statistics,170,,,,,,,
Statistics,171,,,,,,,
Statistics,172,,,,,,,
Statistics,173,,,,,,,
Statistics,174,,,,,,,
Statistics,175,,,,,,,
Statistics,176,,,,,,,
Statistics,177,,,,,,,
Statistics,178,,,,,,,
Statistics,179,,,,,,,
Statistics,180,,,,,,,
Statistics,181,,,,,,,
Statistics,182,,,,,,,
Statistics,183,,,,,,,
Statistics,184,,,,,,,
Statistics,185,,,,,,,
Statistics,186,,,,,,,
Statistics,187,,,,,,,
Statistics,188,,,,,,,
Statistics,189,,,,,,,
Statistics,190,,,,,,,
Statistics,191,,,,,,,
Statistics,192,,,,,,,
Statistics,193,,,,,,,
Statistics,194,,,,,,,
Statistics,195,,,,,,,
Statistics,196,,,,,,,
Statistics,197,,,,,,,
Statistics,198,,,,,,,
Statistics,199,,,,,,,
Statistics,200,,,,,,,
Statistics,201,,,,,,,
Statistics,202,,,,,,,
Statistics,203,,,,,,,
Statistics,204,,,,,,,
Statistics,205,,,,,,,
Statistics,206,,,,,,,
Statistics,207,,,,,,,
Statistics,208,,,,,,,
Statistics,209,,,,,,,
Statistics,210,,,,,,,
Statistics,211,,,,,,,
Statistics,212,,,,,,,
Statistics,213,,,,,,,
Statistics,214,,,,,,,
Statistics,215,,,,,,,
Statistics,216,,,,,,,
Statistics,217,,,,,,,
Statistics,218,,,,,,,
Statistics,219,,,,,,,
Statistics,220,,,,,,,
Statistics,221,,,,,,,
Statistics,222,,,,,,,
Statistics,223,,,,,,,
Statistics,224,,,,,,,
Statistics,225,,,,,,,
Statistics,226,,,,,,,
Statistics,227,,,,,,,
Statistics,228,,,,,,,
Statistics,229,,,,,,,
Statistics,230,,,,,,,
Statistics,231,,,,,,,
Statistics,232,,,,,,,
Statistics,233,,,,,,,
Statistics,234,,,,,,,
Statistics,235,,,,,,,
Statistics,236,,,,,,,
Statistics,237,,,,,,,
Statistics,238,,,,,,,
Statistics,239,,,,,,,
Statistics,240,,,,,,,
Statistics,241,,,,,,,
Statistics,242,,,,,,,
Statistics,243,,,,,,,
Statistics,244,,,,,,,
Statistics,245,,,,,,,
Statistics,246,,,,,,,
Statistics,247,,,,,,,
Statistics,248,,,,,,,
Statistics,249,,,,,,,
Statistics,250,,,,,,,
Statistics,251,,,,,,,
Statistics,252,,,,,,,
Statistics,253,,,,,,,
Statistics,254,,,,,,,
Statistics,255,,,,,,,
Statistics,256,,,,,,,
Statistics,257,,,,,,,
Statistics,258,,,,,,,
Statistics,259,,,,,,,
Statistics,260,,,,,,,
Statistics,261,,,,,,,
Statistics,262,,,,,,,
Statistics,263,,,,,,,
Statistics,264,,,,,,,
Statistics,265,,,,,,,
Statistics,266,,,,,,,
Statistics,267,,,,,,,
Statistics,268,,,,,,,
Statistics,269,,,,,,,
Statistics,270,,,,,,,
Statistics,271,,,,,,,
Statistics,272,,,,,,,
Statistics,273,,,,,,,
Statistics,274,,,,,,,
Statistics,275,,,,,,,
Statistics,276,,,,,,,
Statistics,277,,,,,,,
Statistics,278,,,,,,,
Statistics,279,,,,,,,
Statistics,280,,,,,,,
Statistics,281,,,,,,,
Statistics,282,,,,,,,
Statistics,283,,,,,,,
Statistics,284,,,,,,,
Statistics,285,,,,,,,
Statistics,286,,,,,,,
Statistics,287,,,,,,,
Statistics,288,,,,,,,
Statistics,289,,,,,,,
Statistics,290,,,,,,,
Statistics,291,,,,,,,
Statistics,292,,,,,,,
Statistics,293,,,,,,,
Statistics,294,,,,,,,
Statistics,295,,,,,,,
Statistics,296,,,,,,,
Statistics,297,,,,,,,
Statistics,298,,,,,,,
Statistics,299,,,,,,,
Statistics,300,,,,,,,
Statistics,301,,,,,,,
Statistics,302,,,,,,,
Statistics,303,,,,,,,
Statistics,304,,,,,,,
Statistics,305,,,,,,,
Statistics,306,,,,,,,
Statistics,307,,,,,,,
Statistics,308,,,,,,,
Statistics,309,,,,,,,
Statistics,310,,,,,,,
Statistics,311,,,,,,,
Statistics,312,,,,,,,
Statistics,313,,,,,,,
Statistics,314,,,,,,,
Statistics,315,,,,,,,
Statistics,316,,,,,,,
Statistics,317,,,,,,,
Statistics,318,,,,,,,
Statistics,319,,,,,,,
Statistics,320,,,,,,,
Statistics,321,,,,,,,
Statistics,322,,,,,,,
Statistics,323,,,,,,,
FrequenciesRV,0,varnumber,varname,codevalue,valuelabel,frequency,percent
FrequenciesRV,1,66910,F3F03,1,Aggregate amounts paid by multi-institution or multi-campus organization indicated in IC (diretory information),95,4.2300000000000004
FrequenciesRV,2,66910,F3F03,2,Aggregate amounts paid by multi-institution or multi-campus organization NOT indicated in IC (diretory information),9,0.4
FrequenciesRV,3,66910,F3F03,3,Amounts paid by the reporting institution,191,8.51
FrequenciesRV,4,66910,F3F03,-2,Not applicable,1949,86.85
FrequenciesRV,5,,,,
FrequenciesRV,6,,,,
FrequenciesRV,7,,,,
FrequenciesRV,8,,,,
FrequenciesRV,9,,,,
FrequenciesRV,10,,,,
FrequenciesRV,11,,,,
FrequenciesRV,12,,,,
FrequenciesRV,13,,,,
FrequenciesRV,14,,,,
FrequenciesRV,15,,,,
FrequenciesRV,16,,,,
FrequenciesRV,17,,,,
FrequenciesRV,18,,,,
FrequenciesRV,19,,,,
FrequenciesRV,20,,,,
FrequenciesRV,21,,,,
FrequenciesRV,22,,,,
FrequenciesRV,23,,,,
FrequenciesRV,24,,,,
FrequenciesRV,25,,,,
FrequenciesRV,26,,,,
FrequenciesRV,27,,,,
FrequenciesRV,28,,,,
FrequenciesRV,29,,,,
FrequenciesRV,30,,,,
FrequenciesRV,31,,,,
FrequenciesRV,32,,,,
FrequenciesRV,33,,,,
FrequenciesRV,34,,,,
FrequenciesRV,35,,,,
FrequenciesRV,36,,,,
FrequenciesRV,37,,,,
FrequenciesRV,38,,,,
FrequenciesRV,39,,,,
FrequenciesRV,40,,,,
FrequenciesRV,41,,,,
FrequenciesRV,42,,,,
FrequenciesRV,43,,,,
FrequenciesRV,44,,,,
FrequenciesRV,45,,,,
FrequenciesRV,46,,,,
FrequenciesRV,47,,,,
FrequenciesRV,48,,,,
FrequenciesRV,49,,,,
FrequenciesRV,50,,,,
FrequenciesRV,51,,,,
FrequenciesRV,52,,,,
FrequenciesRV,53,,,,
FrequenciesRV,54,,,,
FrequenciesRV,55,,,,
FrequenciesRV,56,,,,
FrequenciesRV,57,,,,
FrequenciesRV,58,,,,
FrequenciesRV,59,,,,
FrequenciesRV,60,,,,
FrequenciesRV,61,,,,
FrequenciesRV,62,,,,
FrequenciesRV,63,,,,
FrequenciesRV,64,,,,
FrequenciesRV,65,,,,
FrequenciesRV,66,,,,
FrequenciesRV,67,,,,
FrequenciesRV,68,,,,
FrequenciesRV,69,,,,
FrequenciesRV,70,,,,
FrequenciesRV,71,,,,
FrequenciesRV,72,,,,
FrequenciesRV,73,,,,
FrequenciesRV,74,,,,
FrequenciesRV,75,,,,
FrequenciesRV,76,,,,
FrequenciesRV,77,,,,
FrequenciesRV,78,,,,
FrequenciesRV,79,,,,
FrequenciesRV,80,,,,
FrequenciesRV,81,,,,
FrequenciesRV,82,,,,
FrequenciesRV,83,,,,
FrequenciesRV,84,,,,
FrequenciesRV,85,,,,
FrequenciesRV,86,,,,
FrequenciesRV,87,,,,
FrequenciesRV,88,,,,
FrequenciesRV,89,,,,
FrequenciesRV,90,,,,
FrequenciesRV,91,,,,
FrequenciesRV,92,,,,
FrequenciesRV,93,,,,
FrequenciesRV,94,,,,
FrequenciesRV,95,,,,
FrequenciesRV,96,,,,
FrequenciesRV,97,,,,
FrequenciesRV,98,,,,
FrequenciesRV,99,,,,
FrequenciesRV,100,,,,
FrequenciesRV,101,,,,
FrequenciesRV,102,,,,
FrequenciesRV,103,,,,
FrequenciesRV,104,,,,
FrequenciesRV,105,,,,
FrequenciesRV,106,,,,
FrequenciesRV,107,,,,
FrequenciesRV,108,,,,,
FrequenciesRV,109,,,,,
FrequenciesRV,110,,,,,
FrequenciesRV,111,,,,,
FrequenciesRV,112,,,,,
FrequenciesRV,113,,,,,
FrequenciesRV,114,,,,,
FrequenciesRV,115,,,,,
FrequenciesRV,116,,,,,
FrequenciesRV,117,,,,,
FrequenciesRV,118,,,,,
FrequenciesRV,119,,,,,
FrequenciesRV,120,,,,,
FrequenciesRV,121,,,,,
FrequenciesRV,122,,,,,
FrequenciesRV,123,,,,,
FrequenciesRV,124,,,,,
FrequenciesRV,125,,,,,
FrequenciesRV,126,,,,,
FrequenciesRV,127,,,,,
FrequenciesRV,128,,,,,
FrequenciesRV,129,,,,,
FrequenciesRV,130,,,,,
FrequenciesRV,131,,,,,
FrequenciesRV,132,,,,,
FrequenciesRV,133,,,,,
FrequenciesRV,134,,,,,
FrequenciesRV,135,,,,,
FrequenciesRV,136,,,,,
FrequenciesRV,137,,,,,
FrequenciesRV,138,,,,,
FrequenciesRV,139,,,,,
FrequenciesRV,140,,,,,
FrequenciesRV,141,,,,,
FrequenciesRV,142,,,,,
FrequenciesRV,143,,,,,
FrequenciesRV,144,,,,,
FrequenciesRV,145,,,,,
FrequenciesRV,146,,,,,
FrequenciesRV,147,,,,,
FrequenciesRV,148,,,,,
FrequenciesRV,149,,,,,
FrequenciesRV,150,,,,,
FrequenciesRV,151,,,,,
FrequenciesRV,152,,,,,
FrequenciesRV,153,,,,,
FrequenciesRV,154,,,,,
FrequenciesRV,155,,,,,
FrequenciesRV,156,,,,,
FrequenciesRV,157,,,,,
FrequenciesRV,158,,,,,
FrequenciesRV,159,,,,,
FrequenciesRV,160,,,,,
FrequenciesRV,161,,,,,
FrequenciesRV,162,,,,,
FrequenciesRV,163,,,,,
FrequenciesRV,164,,,,,
FrequenciesRV,165,,,,,
FrequenciesRV,166,,,,,
FrequenciesRV,167,,,,,
FrequenciesRV,168,,,,,
FrequenciesRV,169,,,,,
FrequenciesRV,170,,,,,
FrequenciesRV,171,,,,,
FrequenciesRV,172,,,,,
FrequenciesRV,173,,,,,
FrequenciesRV,174,,,,,
FrequenciesRV,175,,,,,
FrequenciesRV,176,,,,,
FrequenciesRV,177,,,,,
FrequenciesRV,178,,,,,
FrequenciesRV,179,,,,,
FrequenciesRV,180,,,,,
FrequenciesRV,181,,,,,
FrequenciesRV,182,,,,,
FrequenciesRV,183,,,,,
FrequenciesRV,184,,,,,
FrequenciesRV,185,,,,,
FrequenciesRV,186,,,,,
FrequenciesRV,187,,,,,
FrequenciesRV,188,,,,,
FrequenciesRV,189,,,,,
FrequenciesRV,190,,,,,
FrequenciesRV,191,,,,,
FrequenciesRV,192,,,,,
FrequenciesRV,193,,,,,
FrequenciesRV,194,,,,,
FrequenciesRV,195,,,,,
FrequenciesRV,196,,,,,
FrequenciesRV,197,,,,,
FrequenciesRV,198,,,,,
FrequenciesRV,199,,,,,
FrequenciesRV,200,,,,,
FrequenciesRV,201,,,,,
FrequenciesRV,202,,,,,
FrequenciesRV,203,,,,,
FrequenciesRV,204,,,,,
FrequenciesRV,205,,,,,
FrequenciesRV,206,,,,,
FrequenciesRV,207,,,,,
FrequenciesRV,208,,,,,
FrequenciesRV,209,,,,,
FrequenciesRV,210,,,,,
FrequenciesRV,211,,,,,
FrequenciesRV,212,,,,,
FrequenciesRV,213,,,,,
FrequenciesRV,214,,,,,
FrequenciesRV,215,,,,,
FrequenciesRV,216,,,,,
FrequenciesRV,217,,,,,
FrequenciesRV,218,,,,,
FrequenciesRV,219,,,,,
FrequenciesRV,220,,,,,
FrequenciesRV,221,,,,,
FrequenciesRV,222,,,,,
FrequenciesRV,223,,,,,
FrequenciesRV,224,,,,,
FrequenciesRV,225,,,,,
FrequenciesRV,226,,,,,
FrequenciesRV,227,,,,,
FrequenciesRV,228,,,,,
FrequenciesRV,229,,,,,
FrequenciesRV,230,,,,,
FrequenciesRV,231,,,,,
FrequenciesRV,232,,,,,
FrequenciesRV,233,,,,,
FrequenciesRV,234,,,,,
FrequenciesRV,235,,,,,
FrequenciesRV,236,,,,,
FrequenciesRV,237,,,,,
FrequenciesRV,238,,,,,
FrequenciesRV,239,,,,,
FrequenciesRV,240,,,,,
FrequenciesRV,241,,,,,
FrequenciesRV,242,,,,,
FrequenciesRV,243,,,,,
FrequenciesRV,244,,,,,
FrequenciesRV,245,,,,,
FrequenciesRV,246,,,,,
FrequenciesRV,247,,,,,
FrequenciesRV,248,,,,,
FrequenciesRV,249,,,,,
FrequenciesRV,250,,,,,
FrequenciesRV,251,,,,,
FrequenciesRV,252,,,,,
FrequenciesRV,253,,,,,
FrequenciesRV,254,,,,,
FrequenciesRV,255,,,,,
FrequenciesRV,256,,,,,
FrequenciesRV,257,,,,,
FrequenciesRV,258,,,,,
FrequenciesRV,259,,,,,
FrequenciesRV,260,,,,,
FrequenciesRV,261,,,,,
FrequenciesRV,262,,,,,
FrequenciesRV,263,,,,,
FrequenciesRV,264,,,,,
FrequenciesRV,265,,,,,
FrequenciesRV,266,,,,,
FrequenciesRV,267,,,,,
FrequenciesRV,268,,,,,
FrequenciesRV,269,,,,,
FrequenciesRV,270,,,,,
FrequenciesRV,271,,,,,
FrequenciesRV,272,,,,,
FrequenciesRV,273,,,,,
FrequenciesRV,274,,,,,
FrequenciesRV,275,,,,,
FrequenciesRV,276,,,,,
FrequenciesRV,277,,,,,
FrequenciesRV,278,,,,,
FrequenciesRV,279,,,,,
FrequenciesRV,280,,,,,
FrequenciesRV,281,,,,,
FrequenciesRV,282,,,,,
FrequenciesRV,283,,,,,
FrequenciesRV,284,,,,,
FrequenciesRV,285,,,,,
FrequenciesRV,286,,,,,
FrequenciesRV,287,,,,,
FrequenciesRV,288,,,,,
FrequenciesRV,289,,,,,
FrequenciesRV,290,,,,,
FrequenciesRV,291,,,,,
FrequenciesRV,292,,,,,
FrequenciesRV,293,,,,,
FrequenciesRV,294,,,,,
FrequenciesRV,295,,,,,
FrequenciesRV,296,,,,
FrequenciesRV,297,,,,
FrequenciesRV,298,,,,,
FrequenciesRV,299,,,,,
FrequenciesRV,300,,,,,
FrequenciesRV,301,,,,,
FrequenciesRV,302,,,,,
FrequenciesRV,303,,,,,
FrequenciesRV,304,,,,,
FrequenciesRV,305,,,,,
FrequenciesRV,306,,,,,
FrequenciesRV,307,,,,,
FrequenciesRV,308,,,,,
FrequenciesRV,309,,,,,
FrequenciesRV,310,,,,,
FrequenciesRV,311,,,,,
FrequenciesRV,312,,,,,
FrequenciesRV,313,,,,,
FrequenciesRV,314,,,,,
FrequenciesRV,315,,,,,
FrequenciesRV,316,,,,,
FrequenciesRV,317,,,,,
FrequenciesRV,318,,,,,
FrequenciesRV,319,,,,,
FrequenciesRV,320,,,,,
FrequenciesRV,321,,,,,
FrequenciesRV,322,,,,,
FrequenciesRV,323,,,,,
FrequenciesRV,324,,,,,
FrequenciesRV,325,,,,,
FrequenciesRV,326,,,,,
FrequenciesRV,327,,,,,
FrequenciesRV,328,,,,,
FrequenciesRV,329,,,,,
FrequenciesRV,330,,,,,
FrequenciesRV,331,,,,,
FrequenciesRV,332,,,,,
FrequenciesRV,333,,,,,
FrequenciesRV,334,,,,,
FrequenciesRV,335,,,,,
FrequenciesRV,336,,,,,
FrequenciesRV,337,,,,,
FrequenciesRV,338,,,,,
FrequenciesRV,339,,,,,
FrequenciesRV,340,,,,,
FrequenciesRV,341,,,,,
FrequenciesRV,342,,,,,
FrequenciesRV,343,,,,,
FrequenciesRV,344,,,,,
FrequenciesRV,345,,,,,
FrequenciesRV,346,,,,,
FrequenciesRV,347,,,,,
FrequenciesRV,348,,,,,
FrequenciesRV,349,,,,,
FrequenciesRV,350,,,,,
FrequenciesRV,351,,,,,
FrequenciesRV,352,,,,,
FrequenciesRV,353,,,,,
FrequenciesRV,354,,,,,
FrequenciesRV,355,,,,,
FrequenciesRV,356,,,,,
FrequenciesRV,357,,,,,
FrequenciesRV,358,,,,,
FrequenciesRV,359,,,,,
FrequenciesRV,360,,,,,
FrequenciesRV,361,,,,,
FrequenciesRV,362,,,,,
FrequenciesRV,363,,,,,
FrequenciesRV,364,,,,,
FrequenciesRV,365,,,,,
FrequenciesRV,366,,,,,
FrequenciesRV,367,,,,,
FrequenciesRV,368,,,,,
FrequenciesRV,369,,,,,
FrequenciesRV,370,,,,,
FrequenciesRV,371,,,,,
FrequenciesRV,372,,,,,
FrequenciesRV,373,,,,,
FrequenciesRV,374,,,,,
FrequenciesRV,375,,,,,
FrequenciesRV,376,,,,,
FrequenciesRV,377,,,,
FrequenciesRV,378,,,,
FrequenciesRV,379,,,,
FrequenciesRV,380,,,,
FrequenciesRV,381,,,,,
FrequenciesRV,382,,,,,
FrequenciesRV,383,,,,,
FrequenciesRV,384,,,,,
FrequenciesRV,385,,,,,
FrequenciesRV,386,,,,,
FrequenciesRV,387,,,,,
FrequenciesRV,388,,,,,
FrequenciesRV,389,,,,,
FrequenciesRV,390,,,,,
FrequenciesRV,391,,,,,
FrequenciesRV,392,,,,,
FrequenciesRV,393,,,,,
FrequenciesRV,394,,,,,
FrequenciesRV,395,,,,,
FrequenciesRV,396,,,,,
FrequenciesRV,397,,,,,
FrequenciesRV,398,,,,,
FrequenciesRV,399,,,,,
FrequenciesRV,400,,,,,
FrequenciesRV,401,,,,,
FrequenciesRV,402,,,,,
FrequenciesRV,403,,,,,
FrequenciesRV,404,,,,,
FrequenciesRV,405,,,,,
FrequenciesRV,406,,,,,
FrequenciesRV,407,,,,,
FrequenciesRV,408,,,,,
FrequenciesRV,409,,,,,
FrequenciesRV,410,,,,,
FrequenciesRV,411,,,,,
FrequenciesRV,412,,,,,
FrequenciesRV,413,,,,,
FrequenciesRV,414,,,,,
FrequenciesRV,415,,,,,
FrequenciesRV,416,,,,,
FrequenciesRV,417,,,,,
FrequenciesRV,418,,,,,
FrequenciesRV,419,,,,,
FrequenciesRV,420,,,,,
FrequenciesRV,421,,,,,
FrequenciesRV,422,,,,,
FrequenciesRV,423,,,,,
FrequenciesRV,424,,,,,
FrequenciesRV,425,,,,,
FrequenciesRV,426,,,,,
FrequenciesRV,427,,,,,
FrequenciesRV,428,,,,,
FrequenciesRV,429,,,,,
FrequenciesRV,430,,,,,
FrequenciesRV,431,,,,,
FrequenciesRV,432,,,,,
FrequenciesRV,433,,,,,
FrequenciesRV,434,,,,,
FrequenciesRV,435,,,,,
FrequenciesRV,436,,,,,
FrequenciesRV,437,,,,,
FrequenciesRV,438,,,,,
FrequenciesRV,439,,,,,
FrequenciesRV,440,,,,,
FrequenciesRV,441,,,,,
FrequenciesRV,442,,,,,
FrequenciesRV,443,,,,,
FrequenciesRV,444,,,,,
FrequenciesRV,445,,,,,
FrequenciesRV,446,,,,,
FrequenciesRV,447,,,,,
FrequenciesRV,448,,,,,
FrequenciesRV,449,,,,,
FrequenciesRV,450,,,,,
FrequenciesRV,451,,,,,
FrequenciesRV,452,,,,,
FrequenciesRV,453,,,,,
FrequenciesRV,454,,,,,
FrequenciesRV,455,,,,,
FrequenciesRV,456,,,,,
FrequenciesRV,457,,,,,
FrequenciesRV,458,,,,,
FrequenciesRV,459,,,,,
FrequenciesRV,460,,,,,
FrequenciesRV,461,,,,,
FrequenciesRV,462,,,,,
FrequenciesRV,463,,,,,
FrequenciesRV,464,,,,,
FrequenciesRV,465,,,,,
FrequenciesRV,466,,,,,
FrequenciesRV,467,,,,,
FrequenciesRV,468,,,,,
FrequenciesRV,469,,,,,
FrequenciesRV,470,,,,,
FrequenciesRV,471,,,,,
FrequenciesRV,472,,,,,
FrequenciesRV,473,,,,,
FrequenciesRV,474,,,,,
FrequenciesRV,475,,,,,
FrequenciesRV,476,,,,,
FrequenciesRV,477,,,,,
FrequenciesRV,478,,,,,
FrequenciesRV,479,,,,,
FrequenciesRV,480,,,,,
FrequenciesRV,481,,,,,
FrequenciesRV,482,,,,,
FrequenciesRV,483,,,,,
FrequenciesRV,484,,,,,
FrequenciesRV,485,,,,,
FrequenciesRV,486,,,,,
FrequenciesRV,487,,,,,
FrequenciesRV,488,,,,,
FrequenciesRV,489,,,,,
FrequenciesRV,490,,,,,
FrequenciesRV,491,,,,,
FrequenciesRV,492,,,,,
FrequenciesRV,493,,,,,
FrequenciesRV,494,,,,,
FrequenciesRV,495,,,,,
FrequenciesRV,496,,,,,
FrequenciesRV,497,,,,,
FrequenciesRV,498,,,,,
FrequenciesRV,499,,,,,
FrequenciesRV,500,,,,,
FrequenciesRV,501,,,,,
FrequenciesRV,502,,,,,
FrequenciesRV,503,,,,,
FrequenciesRV,504,,,,,
FrequenciesRV,505,,,,,
FrequenciesRV,506,,,,,
FrequenciesRV,507,,,,,
FrequenciesRV,508,,,,
FrequenciesRV,509,,,,
FrequenciesRV,510,,,,
FrequenciesRV,511,,,,
FrequenciesRV,512,,,,,
FrequenciesRV,513,,,,,
FrequenciesRV,514,,,,,
FrequenciesRV,515,,,,,
FrequenciesRV,516,,,,,
FrequenciesRV,517,,,,,
FrequenciesRV,518,,,,,
FrequenciesRV,519,,,,,
FrequenciesRV,520,,,,,
FrequenciesRV,521,,,,,
FrequenciesRV,522,,,,,
FrequenciesRV,523,,,,,
FrequenciesRV,524,,,,,
FrequenciesRV,525,,,,,
FrequenciesRV,526,,,,,
FrequenciesRV,527,,,,,
FrequenciesRV,528,,,,,
FrequenciesRV,529,,,,,
FrequenciesRV,530,,,,,
FrequenciesRV,531,,,,,
FrequenciesRV,532,,,,,
FrequenciesRV,533,,,,,
FrequenciesRV,534,,,,,
FrequenciesRV,535,,,,,
FrequenciesRV,536,,,,,
FrequenciesRV,537,,,,,
FrequenciesRV,538,,,,,
FrequenciesRV,539,,,,,
FrequenciesRV,540,,,,,
FrequenciesRV,541,,,,,
FrequenciesRV,542,,,,,
FrequenciesRV,543,,,,,
FrequenciesRV,544,,,,,
FrequenciesRV,545,,,,,
FrequenciesRV,546,,,,,
FrequenciesRV,547,,,,,
FrequenciesRV,548,,,,,
FrequenciesRV,549,,,,,
FrequenciesRV,550,,,,,
FrequenciesRV,551,,,,,
FrequenciesRV,552,,,,,
FrequenciesRV,553,,,,,
FrequenciesRV,554,,,,,
FrequenciesRV,555,,,,,
FrequenciesRV,556,,,,,
FrequenciesRV,557,,,,,
FrequenciesRV,558,,,,,
FrequenciesRV,559,,,,,
FrequenciesRV,560,,,,,
FrequenciesRV,561,,,,,
FrequenciesRV,562,,,,,
FrequenciesRV,563,,,,,
FrequenciesRV,564,,,,,
FrequenciesRV,565,,,,,
FrequenciesRV,566,,,,,
FrequenciesRV,567,,,,,
FrequenciesRV,568,,,,,
FrequenciesRV,569,,,,,
FrequenciesRV,570,,,,,
FrequenciesRV,571,,,,,
FrequenciesRV,572,,,,,
FrequenciesRV,573,,,,,
FrequenciesRV,574,,,,,
FrequenciesRV,575,,,,,
FrequenciesRV,576,,,,,
FrequenciesRV,577,,,,,
FrequenciesRV,578,,,,,
FrequenciesRV,579,,,,,
FrequenciesRV,580,,,,,
FrequenciesRV,581,,,,,
FrequenciesRV,582,,,,,
FrequenciesRV,583,,,,,
FrequenciesRV,584,,,,,
FrequenciesRV,585,,,,,
FrequenciesRV,586,,,,,
FrequenciesRV,587,,,,,
FrequenciesRV,588,,,,,
FrequenciesRV,589,,,,,
FrequenciesRV,590,,,,,
FrequenciesRV,591,,,,,
FrequenciesRV,592,,,,,
FrequenciesRV,593,,,,,
FrequenciesRV,594,,,,,
FrequenciesRV,595,,,,,
FrequenciesRV,596,,,,,
FrequenciesRV,597,,,,,
FrequenciesRV,598,,,,,
FrequenciesRV,599,,,,,
FrequenciesRV,600,,,,,
FrequenciesRV,601,,,,,
FrequenciesRV,602,,,,,
FrequenciesRV,603,,,,,
FrequenciesRV,604,,,,,
FrequenciesRV,605,,,,,
FrequenciesRV,606,,,,,
FrequenciesRV,607,,,,,
FrequenciesRV,608,,,,,
FrequenciesRV,609,,,,,
FrequenciesRV,610,,,,,
FrequenciesRV,611,,,,,
FrequenciesRV,612,,,,,
FrequenciesRV,613,,,,,
FrequenciesRV,614,,,,,
FrequenciesRV,615,,,,,
FrequenciesRV,616,,,,,
FrequenciesRV,617,,,,,
FrequenciesRV,618,,,,,
FrequenciesRV,619,,,,,
FrequenciesRV,620,,,,,
FrequenciesRV,621,,,,,
FrequenciesRV,622,,,,,
FrequenciesRV,623,,,,,
FrequenciesRV,624,,,,,
FrequenciesRV,625,,,,,
FrequenciesRV,626,,,,,
FrequenciesRV,627,,,,,
FrequenciesRV,628,,,,,
FrequenciesRV,629,,,,,
FrequenciesRV,630,,,,,
FrequenciesRV,631,,,,,
FrequenciesRV,632,,,,,
FrequenciesRV,633,,,,,
FrequenciesRV,634,,,,,
FrequenciesRV,635,,,,,
FrequenciesRV,636,,,,,
FrequenciesRV,637,,,,,
FrequenciesRV,638,,,,,
FrequenciesRV,639,,,,
FrequenciesRV,640,,,,
FrequenciesRV,641,,,,
FrequenciesRV,642,,,,
FrequenciesRV,643,,,,
FrequenciesRV,644,,,,,
FrequenciesRV,645,,,,,
FrequenciesRV,646,,,,,
FrequenciesRV,647,,,,,
FrequenciesRV,648,,,,,
FrequenciesRV,649,,,,,
FrequenciesRV,650,,,,,
FrequenciesRV,651,,,,,
FrequenciesRV,652,,,,,
FrequenciesRV,653,,,,,
FrequenciesRV,654,,,,,
FrequenciesRV,655,,,,,
FrequenciesRV,656,,,,,
FrequenciesRV,657,,,,,
FrequenciesRV,658,,,,,
FrequenciesRV,659,,,,,
FrequenciesRV,660,,,,,
FrequenciesRV,661,,,,,
FrequenciesRV,662,,,,,
FrequenciesRV,663,,,,,
FrequenciesRV,664,,,,,
FrequenciesRV,665,,,,,
FrequenciesRV,666,,,,,
FrequenciesRV,667,,,,,
FrequenciesRV,668,,,,,
FrequenciesRV,669,,,,,
FrequenciesRV,670,,,,,
FrequenciesRV,671,,,,,
FrequenciesRV,672,,,,,
FrequenciesRV,673,,,,,
FrequenciesRV,674,,,,,
FrequenciesRV,675,,,,,
FrequenciesRV,676,,,,,
FrequenciesRV,677,,,,,
FrequenciesRV,678,,,,,
FrequenciesRV,679,,,,,
FrequenciesRV,680,,,,,
FrequenciesRV,681,,,,,
FrequenciesRV,682,,,,,
FrequenciesRV,683,,,,,
FrequenciesRV,684,,,,,
FrequenciesRV,685,,,,,
FrequenciesRV,686,,,,,
FrequenciesRV,687,,,,,
FrequenciesRV,688,,,,,
FrequenciesRV,689,,,,,
FrequenciesRV,690,,,,,
FrequenciesRV,691,,,,,
FrequenciesRV,692,,,,,
FrequenciesRV,693,,,,,
FrequenciesRV,694,,,,,
FrequenciesRV,695,,,,,
FrequenciesRV,696,,,,,
FrequenciesRV,697,,,,,
FrequenciesRV,698,,,,,
FrequenciesRV,699,,,,,
FrequenciesRV,700,,,,,
FrequenciesRV,701,,,,,
FrequenciesRV,702,,,,,
FrequenciesRV,703,,,,,
FrequenciesRV,704,,,,,
FrequenciesRV,705,,,,,
FrequenciesRV,706,,,,,
FrequenciesRV,707,,,,,
FrequenciesRV,708,,,,,
FrequenciesRV,709,,,,,
FrequenciesRV,710,,,,,
FrequenciesRV,711,,,,,
FrequenciesRV,712,,,,,
FrequenciesRV,713,,,,,
FrequenciesRV,714,,,,,
FrequenciesRV,715,,,,,
FrequenciesRV,716,,,,,
FrequenciesRV,717,,,,,
FrequenciesRV,718,,,,,
FrequenciesRV,719,,,,,
FrequenciesRV,720,,,,,
FrequenciesRV,721,,,,,
FrequenciesRV,722,,,,,
FrequenciesRV,723,,,,,
FrequenciesRV,724,,,,,
FrequenciesRV,725,,,,,
FrequenciesRV,726,,,,,
FrequenciesRV,727,,,,,
FrequenciesRV,728,,,,,
FrequenciesRV,729,,,,,
FrequenciesRV,730,,,,,
FrequenciesRV,731,,,,,
FrequenciesRV,732,,,,,
FrequenciesRV,733,,,,,
FrequenciesRV,734,,,,,
FrequenciesRV,735,,,,,
FrequenciesRV,736,,,,,
FrequenciesRV,737,,,,,
FrequenciesRV,738,,,,,
FrequenciesRV,739,,,,,
FrequenciesRV,740,,,,,
FrequenciesRV,741,,,,,
FrequenciesRV,742,,,,,
FrequenciesRV,743,,,,,
FrequenciesRV,744,,,,,
FrequenciesRV,745,,,,,
FrequenciesRV,746,,,,,
FrequenciesRV,747,,,,,
FrequenciesRV,748,,,,,
FrequenciesRV,749,,,,,
FrequenciesRV,750,,,,,
FrequenciesRV,751,,,,,
FrequenciesRV,752,,,,,
FrequenciesRV,753,,,,,
FrequenciesRV,754,,,,,
FrequenciesRV,755,,,,,
FrequenciesRV,756,,,,,
FrequenciesRV,757,,,,,
FrequenciesRV,758,,,,,
FrequenciesRV,759,,,,,
FrequenciesRV,760,,,,,
FrequenciesRV,761,,,,,
FrequenciesRV,762,,,,,
FrequenciesRV,763,,,,,
FrequenciesRV,764,,,,,
FrequenciesRV,765,,,,,
FrequenciesRV,766,,,,,
FrequenciesRV,767,,,,,
FrequenciesRV,768,,,,,
FrequenciesRV,769,,,,,
FrequenciesRV,770,,,,,
FrequenciesRV,771,,,,,
FrequenciesRV,772,,,,,
FrequenciesRV,773,,,,,
FrequenciesRV,774,,,,,
FrequenciesRV,775,,,,,
FrequenciesRV,776,,,,,
FrequenciesRV,777,,,,,
FrequenciesRV,778,,,,,
FrequenciesRV,779,,,,,
FrequenciesRV,780,,,,,
FrequenciesRV,781,,,,,
FrequenciesRV,782,,,,,
FrequenciesRV,783,,,,,
FrequenciesRV,784,,,,,
FrequenciesRV,785,,,,,
FrequenciesRV,786,,,,,
FrequenciesRV,787,,,,,
FrequenciesRV,788,,,,,
FrequenciesRV,789,,,,,
FrequenciesRV,790,,,,,
FrequenciesRV,791,,,,,
FrequenciesRV,792,,,,,
FrequenciesRV,793,,,,,
FrequenciesRV,794,,,,,
FrequenciesRV,795,,,,,
FrequenciesRV,796,,,,,
FrequenciesRV,797,,,,,
FrequenciesRV,798,,,,,
FrequenciesRV,799,,,,,
FrequenciesRV,800,,,,,
FrequenciesRV,801,,,,,
FrequenciesRV,802,,,,,
FrequenciesRV,803,,,,
FrequenciesRV,804,,,,
FrequenciesRV,805,,,,
FrequenciesRV,806,,,,
FrequenciesRV,807,,,,
FrequenciesRV,808,,,,
FrequenciesRV,809,,,,
FrequenciesRV,810,,,,
FrequenciesRV,811,,,,
FrequenciesRV,812,,,,
FrequenciesRV,813,,,,
FrequenciesRV,814,,,,
FrequenciesRV,815,,,,
FrequenciesRV,816,,,,
FrequenciesRV,817,,,,
FrequenciesRV,818,,,,
FrequenciesRV,819,,,,
FrequenciesRV,820,,,,
FrequenciesRV,821,,,,
FrequenciesRV,822,,,,
FrequenciesRV,823,,,,
FrequenciesRV,824,,,,
FrequenciesRV,825,,,,
FrequenciesRV,826,,,,
FrequenciesRV,827,,,,
FrequenciesRV,828,,,,
FrequenciesRV,829,,,,
FrequenciesRV,830,,,,
FrequenciesRV,831,,,,
FrequenciesRV,832,,,,
FrequenciesRV,833,,,,
FrequenciesRV,834,,,,
FrequenciesRV,835,,,,
FrequenciesRV,836,,,,
FrequenciesRV,837,,,,
FrequenciesRV,838,,,,
FrequenciesRV,839,,,,
FrequenciesRV,840,,,,
FrequenciesRV,841,,,,
FrequenciesRV,842,,,,
FrequenciesRV,843,,,,
FrequenciesRV,844,,,,
FrequenciesRV,845,,,,
FrequenciesRV,846,,,,
FrequenciesRV,847,,,,
FrequenciesRV,848,,,,
FrequenciesRV,849,,,,
FrequenciesRV,850,,,,
FrequenciesRV,851,,,,
FrequenciesRV,852,,,,
FrequenciesRV,853,,,,
FrequenciesRV,854,,,,
FrequenciesRV,855,,,,,
FrequenciesRV,856,,,,,
FrequenciesRV,857,,,,,
FrequenciesRV,858,,,,,
FrequenciesRV,859,,,,,
FrequenciesRV,860,,,,,
FrequenciesRV,861,,,,,
FrequenciesRV,862,,,,,
FrequenciesRV,863,,,,,
FrequenciesRV,864,,,,,
FrequenciesRV,865,,,,,
FrequenciesRV,866,,,,,
FrequenciesRV,867,,,,,
FrequenciesRV,868,,,,,
FrequenciesRV,869,,,,,
FrequenciesRV,870,,,,,
FrequenciesRV,871,,,,,
FrequenciesRV,872,,,,,
FrequenciesRV,873,,,,,
FrequenciesRV,874,,,,,
FrequenciesRV,875,,,,,
FrequenciesRV,876,,,,,
FrequenciesRV,877,,,,,
FrequenciesRV,878,,,,,
FrequenciesRV,879,,,,,
FrequenciesRV,880,,,,,
FrequenciesRV,881,,,,,
FrequenciesRV,882,,,,,
FrequenciesRV,883,,,,,
FrequenciesRV,884,,,,,
FrequenciesRV,885,,,,,
FrequenciesRV,886,,,,,
FrequenciesRV,887,,,,,
FrequenciesRV,888,,,,,
FrequenciesRV,889,,,,,
FrequenciesRV,890,,,,,
FrequenciesRV,891,,,,,
FrequenciesRV,892,,,,,
FrequenciesRV,893,,,,,
FrequenciesRV,894,,,,,
FrequenciesRV,895,,,,,
FrequenciesRV,896,,,,,
FrequenciesRV,897,,,,,
FrequenciesRV,898,,,,,
FrequenciesRV,899,,,,,
FrequenciesRV,900,,,,,
FrequenciesRV,901,,,,,
FrequenciesRV,902,,,,,
FrequenciesRV,903,,,,,
FrequenciesRV,904,,,,,
FrequenciesRV,905,,,,,
FrequenciesRV,906,,,,,
FrequenciesRV,907,,,,,
FrequenciesRV,908,,,,,
FrequenciesRV,909,,,,,
FrequenciesRV,910,,,,,
FrequenciesRV,911,,,,,
FrequenciesRV,912,,,,,
FrequenciesRV,913,,,,,
FrequenciesRV,914,,,,,
FrequenciesRV,915,,,,,
FrequenciesRV,916,,,,,
FrequenciesRV,917,,,,,
FrequenciesRV,918,,,,,
FrequenciesRV,919,,,,,
FrequenciesRV,920,,,,,
FrequenciesRV,921,,,,,
FrequenciesRV,922,,,,,
FrequenciesRV,923,,,,,
FrequenciesRV,924,,,,,
FrequenciesRV,925,,,,,
FrequenciesRV,926,,,,,
FrequenciesRV,927,,,,,
FrequenciesRV,928,,,,,
FrequenciesRV,929,,,,,
FrequenciesRV,930,,,,,
FrequenciesRV,931,,,,,
FrequenciesRV,932,,,,,
FrequenciesRV,933,,,,,
FrequenciesRV,934,,,,,
FrequenciesRV,935,,,,,
FrequenciesRV,936,,,,,
FrequenciesRV,937,,,,,
FrequenciesRV,938,,,,,
FrequenciesRV,939,,,,,
FrequenciesRV,940,,,,,
FrequenciesRV,941,,,,,
FrequenciesRV,942,,,,,
FrequenciesRV,943,,,,,
FrequenciesRV,944,,,,,
FrequenciesRV,945,,,,,
FrequenciesRV,946,,,,,
FrequenciesRV,947,,,,,
FrequenciesRV,948,,,,,
FrequenciesRV,949,,,,,
FrequenciesRV,950,,,,,
FrequenciesRV,951,,,,,
FrequenciesRV,952,,,,,
FrequenciesRV,953,,,,,
FrequenciesRV,954,,,,,
FrequenciesRV,955,,,,,
FrequenciesRV,956,,,,,
FrequenciesRV,957,,,,,
FrequenciesRV,958,,,,,
FrequenciesRV,959,,,,,
FrequenciesRV,960,,,,,
FrequenciesRV,961,,,,,
FrequenciesRV,962,,,,,
FrequenciesRV,963,,,,,
FrequenciesRV,964,,,,,
FrequenciesRV,965,,,,,
FrequenciesRV,966,,,,,
FrequenciesRV,967,,,,,
FrequenciesRV,968,,,,,
FrequenciesRV,969,,,,,
FrequenciesRV,970,,,,,
FrequenciesRV,971,,,,,
FrequenciesRV,972,,,,,
FrequenciesRV,973,,,,,
FrequenciesRV,974,,,,,
FrequenciesRV,975,,,,,
FrequenciesRV,976,,,,,
FrequenciesRV,977,,,,,
FrequenciesRV,978,,,,,
FrequenciesRV,979,,,,,
FrequenciesRV,980,,,,,
FrequenciesRV,981,,,,,
FrequenciesRV,982,,,,,
FrequenciesRV,983,,,,,
FrequenciesRV,984,,,,,
FrequenciesRV,985,,,,,
FrequenciesRV,986,,,,,
FrequenciesRV,987,,,,,
FrequenciesRV,988,,,,,
FrequenciesRV,989,,,,,
FrequenciesRV,990,,,,,
FrequenciesRV,991,,,,,
FrequenciesRV,992,,,,,
FrequenciesRV,993,,,,,
FrequenciesRV,994,,,,,
FrequenciesRV,995,,,,,
FrequenciesRV,996,,,,,
FrequenciesRV,997,,,,,
FrequenciesRV,998,,,,,
FrequenciesRV,999,,,,,
FrequenciesRV,1000,,,,,
FrequenciesRV,1001,,,,,
FrequenciesRV,1002,,,,,
FrequenciesRV,1003,,,,,
FrequenciesRV,1004,,,,,
FrequenciesRV,1005,,,,,
FrequenciesRV,1006,,,,,
FrequenciesRV,1007,,,,,
FrequenciesRV,1008,,,,,
FrequenciesRV,1009,,,,,
FrequenciesRV,1010,,,,,
FrequenciesRV,1011,,,,,
FrequenciesRV,1012,,,,,
FrequenciesRV,1013,,,,,
FrequenciesRV,1014,,,,,
FrequenciesRV,1015,,,,,
FrequenciesRV,1016,,,,,
FrequenciesRV,1017,,,,,
FrequenciesRV,1018,,,,,
FrequenciesRV,1019,,,,,
FrequenciesRV,1020,,,,,
FrequenciesRV,1021,,,,,
FrequenciesRV,1022,,,,,
FrequenciesRV,1023,,,,,
FrequenciesRV,1024,,,,,
FrequenciesRV,1025,,,,,
FrequenciesRV,1026,,,,,
FrequenciesRV,1027,,,,,
FrequenciesRV,1028,,,,,
FrequenciesRV,1029,,,,,
FrequenciesRV,1030,,,,,
FrequenciesRV,1031,,,,,
FrequenciesRV,1032,,,,,
FrequenciesRV,1033,,,,,
FrequenciesRV,1034,,,,,
FrequenciesRV,1035,,,,,
FrequenciesRV,1036,,,,,
FrequenciesRV,1037,,,,,
FrequenciesRV,1038,,,,,
FrequenciesRV,1039,,,,,
FrequenciesRV,1040,,,,,
FrequenciesRV,1041,,,,,
FrequenciesRV,1042,,,,,
FrequenciesRV,1043,,,,,
FrequenciesRV,1044,,,,,
FrequenciesRV,1045,,,,,
FrequenciesRV,1046,,,,,
FrequenciesRV,1047,,,,,
FrequenciesRV,1048,,,,,
FrequenciesRV,1049,,,,,
FrequenciesRV,1050,,,,,
FrequenciesRV,1051,,,,,
FrequenciesRV,1052,,,,,
FrequenciesRV,1053,,,,,
FrequenciesRV,1054,,,,,
FrequenciesRV,1055,,,,,
FrequenciesRV,1056,,,,,
FrequenciesRV,1057,,,,,
FrequenciesRV,1058,,,,,
FrequenciesRV,1059,,,,,
FrequenciesRV,1060,,,,,
FrequenciesRV,1061,,,,,
FrequenciesRV,1062,,,,,
FrequenciesRV,1063,,,,,
FrequenciesRV,1064,,,,,
FrequenciesRV,1065,,,,,
FrequenciesRV,1066,,,,,
FrequenciesRV,1067,,,,,
FrequenciesRV,1068,,,,,
FrequenciesRV,1069,,,,,
FrequenciesRV,1070,,,,,
FrequenciesRV,1071,,,,,
FrequenciesRV,1072,,,,,
FrequenciesRV,1073,,,,,
FrequenciesRV,1074,,,,,
FrequenciesRV,1075,,,,,
FrequenciesRV,1076,,,,,
FrequenciesRV,1077,,,,,
FrequenciesRV,1078,,,,,
FrequenciesRV,1079,,,,,
FrequenciesRV,1080,,,,,
FrequenciesRV,1081,,,,,
FrequenciesRV,1082,,,,,
FrequenciesRV,1083,,,,,
FrequenciesRV,1084,,,,,
FrequenciesRV,1085,,,,,
FrequenciesRV,1086,,,,,
FrequenciesRV,1087,,,,,
FrequenciesRV,1088,,,,,
FrequenciesRV,1089,,,,,
FrequenciesRV,1090,,,,,
FrequenciesRV,1091,,,,,
FrequenciesRV,1092,,,,,
FrequenciesRV,1093,,,,,
FrequenciesRV,1094,,,,,
FrequenciesRV,1095,,,,,
FrequenciesRV,1096,,,,,
FrequenciesRV,1097,,,,,
FrequenciesRV,1098,,,,,
FrequenciesRV,1099,,,,,
FrequenciesRV,1100,,,,,
FrequenciesRV,1101,,,,,
FrequenciesRV,1102,,,,,
FrequenciesRV,1103,,,,,
FrequenciesRV,1104,,,,,
FrequenciesRV,1105,,,,,
FrequenciesRV,1106,,,,,
FrequenciesRV,1107,,,,,
FrequenciesRV,1108,,,,,
FrequenciesRV,1109,,,,,
FrequenciesRV,1110,,,,,
FrequenciesRV,1111,,,,,
FrequenciesRV,1112,,,,,
FrequenciesRV,1113,,,,,
FrequenciesRV,1114,,,,,
FrequenciesRV,1115,,,,,
FrequenciesRV,1116,,,,,
FrequenciesRV,1117,,,,,
FrequenciesRV,1118,,,,,
FrequenciesRV,1119,,,,,
FrequenciesRV,1120,,,,,
FrequenciesRV,1121,,,,,
FrequenciesRV,1122,,,,,
FrequenciesRV,1123,,,,,
FrequenciesRV,1124,,,,,
FrequenciesRV,1125,,,,,
FrequenciesRV,1126,,,,,
FrequenciesRV,1127,,,,,
FrequenciesRV,1128,,,,,
FrequenciesRV,1129,,,,,
FrequenciesRV,1130,,,,,
FrequenciesRV,1131,,,,,
FrequenciesRV,1132,,,,,
FrequenciesRV,1133,,,,,
FrequenciesRV,1134,,,,,
FrequenciesRV,1135,,,,,
FrequenciesRV,1136,,,,,
FrequenciesRV,1137,,,,,
FrequenciesRV,1138,,,,,
FrequenciesRV,1139,,,,,
FrequenciesRV,1140,,,,,
FrequenciesRV,1141,,,,,
FrequenciesRV,1142,,,,,
FrequenciesRV,1143,,,,,
FrequenciesRV,1144,,,,,
FrequenciesRV,1145,,,,,
FrequenciesRV,1146,,,,,
FrequenciesRV,1147,,,,,
FrequenciesRV,1148,,,,,
FrequenciesRV,1149,,,,,
FrequenciesRV,1150,,,,,
FrequenciesRV,1151,,,,,
FrequenciesRV,1152,,,,,
FrequenciesRV,1153,,,,,
FrequenciesRV,1154,,,,,
FrequenciesRV,1155,,,,,
FrequenciesRV,1156,,,,,
FrequenciesRV,1157,,,,,
FrequenciesRV,1158,,,,,
FrequenciesRV,1159,,,,,
FrequenciesRV,1160,,,,,
FrequenciesRV,1161,,,,,
FrequenciesRV,1162,,,,,
FrequenciesRV,1163,,,,,
FrequenciesRV,1164,,,,,
FrequenciesRV,1165,,,,,
FrequenciesRV,1166,,,,,
FrequenciesRV,1167,,,,,
FrequenciesRV,1168,,,,,
FrequenciesRV,1169,,,,,
FrequenciesRV,1170,,,,,
FrequenciesRV,1171,,,,,
FrequenciesRV,1172,,,,,
FrequenciesRV,1173,,,,,
FrequenciesRV,1174,,,,,
FrequenciesRV,1175,,,,,
FrequenciesRV,1176,,,,,
FrequenciesRV,1177,,,,,
FrequenciesRV,1178,,,,,
FrequenciesRV,1179,,,,,
FrequenciesRV,1180,,,,,
FrequenciesRV,1181,,,,,
FrequenciesRV,1182,,,,,
FrequenciesRV,1183,,,,,
FrequenciesRV,1184,,,,,
FrequenciesRV,1185,,,,,
FrequenciesRV,1186,,,,,
FrequenciesRV,1187,,,,,
FrequenciesRV,1188,,,,,
FrequenciesRV,1189,,,,,
FrequenciesRV,1190,,,,,
FrequenciesRV,1191,,,,,
FrequenciesRV,1192,,,,,
FrequenciesRV,1193,,,,,
FrequenciesRV,1194,,,,,
FrequenciesRV,1195,,,,,
FrequenciesRV,1196,,,,,
FrequenciesRV,1197,,,,,
FrequenciesRV,1198,,,,,
FrequenciesRV,1199,,,,,
FrequenciesRV,1200,,,,,
FrequenciesRV,1201,,,,,
FrequenciesRV,1202,,,,,
FrequenciesRV,1203,,,,,
FrequenciesRV,1204,,,,,
FrequenciesRV,1205,,,,,
FrequenciesRV,1206,,,,,
FrequenciesRV,1207,,,,,
FrequenciesRV,1208,,,,,
FrequenciesRV,1209,,,,,
FrequenciesRV,1210,,,,,
FrequenciesRV,1211,,,,,
FrequenciesRV,1212,,,,,
FrequenciesRV,1213,,,,,
FrequenciesRV,1214,,,,,
FrequenciesRV,1215,,,,,
FrequenciesRV,1216,,,,,
FrequenciesRV,1217,,,,,
FrequenciesRV,1218,,,,,
FrequenciesRV,1219,,,,,
FrequenciesRV,1220,,,,,
FrequenciesRV,1221,,,,,
FrequenciesRV,1222,,,,,
FrequenciesRV,1223,,,,,
FrequenciesRV,1224,,,,,
FrequenciesRV,1225,,,,,
FrequenciesRV,1226,,,,,
FrequenciesRV,1227,,,,,
FrequenciesRV,1228,,,,,
FrequenciesRV,1229,,,,,
FrequenciesRV,1230,,,,,
FrequenciesRV,1231,,,,,
FrequenciesRV,1232,,,,,
FrequenciesRV,1233,,,,,
FrequenciesRV,1234,,,,,
FrequenciesRV,1235,,,,,
FrequenciesRV,1236,,,,,
FrequenciesRV,1237,,,,,
FrequenciesRV,1238,,,,,
FrequenciesRV,1239,,,,,
FrequenciesRV,1240,,,,,
FrequenciesRV,1241,,,,,
FrequenciesRV,1242,,,,,
FrequenciesRV,1243,,,,,
FrequenciesRV,1244,,,,,
FrequenciesRV,1245,,,,,
FrequenciesRV,1246,,,,,
FrequenciesRV,1247,,,,,
FrequenciesRV,1248,,,,,
FrequenciesRV,1249,,,,,
FrequenciesRV,1250,,,,,
FrequenciesRV,1251,,,,,
FrequenciesRV,1252,,,,,
FrequenciesRV,1253,,,,,
FrequenciesRV,1254,,,,,
FrequenciesRV,1255,,,,,
FrequenciesRV,1256,,,,,
FrequenciesRV,1257,,,,,
FrequenciesRV,1258,,,,,
FrequenciesRV,1259,,,,,
FrequenciesRV,1260,,,,,
FrequenciesRV,1261,,,,,
FrequenciesRV,1262,,,,,
FrequenciesRV,1263,,,,,
FrequenciesRV,1264,,,,,
FrequenciesRV,1265,,,,,
FrequenciesRV,1266,,,,,
FrequenciesRV,1267,,,,,
FrequenciesRV,1268,,,,,
FrequenciesRV,1269,,,,,
FrequenciesRV,1270,,,,,
FrequenciesRV,1271,,,,,
FrequenciesRV,1272,,,,,
FrequenciesRV,1273,,,,,
FrequenciesRV,1274,,,,,
FrequenciesRV,1275,,,,,
FrequenciesRV,1276,,,,,
FrequenciesRV,1277,,,,,
FrequenciesRV,1278,,,,,
FrequenciesRV,1279,,,,,
FrequenciesRV,1280,,,,,
FrequenciesRV,1281,,,,,
FrequenciesRV,1282,,,,,
FrequenciesRV,1283,,,,,
FrequenciesRV,1284,,,,,
FrequenciesRV,1285,,,,,
FrequenciesRV,1286,,,,,
FrequenciesRV,1287,,,,,
FrequenciesRV,1288,,,,,
FrequenciesRV,1289,,,,,
FrequenciesRV,1290,,,,,
FrequenciesRV,1291,,,,,
FrequenciesRV,1292,,,,,
FrequenciesRV,1293,,,,,
FrequenciesRV,1294,,,,,
FrequenciesRV,1295,,,,,
FrequenciesRV,1296,,,,,
FrequenciesRV,1297,,,,,
FrequenciesRV,1298,,,,,
FrequenciesRV,1299,,,,,
FrequenciesRV,1300,,,,,
FrequenciesRV,1301,,,,,
FrequenciesRV,1302,,,,,
FrequenciesRV,1303,,,,,
FrequenciesRV,1304,,,,,
FrequenciesRV,1305,,,,,
FrequenciesRV,1306,,,,,
FrequenciesRV,1307,,,,,
FrequenciesRV,1308,,,,,
FrequenciesRV,1309,,,,,
FrequenciesRV,1310,,,,,
FrequenciesRV,1311,,,,,
FrequenciesRV,1312,,,,,
FrequenciesRV,1313,,,,,
FrequenciesRV,1314,,,,,
FrequenciesRV,1315,,,,,
FrequenciesRV,1316,,,,,
FrequenciesRV,1317,,,,,
FrequenciesRV,1318,,,,,
FrequenciesRV,1319,,,,,
FrequenciesRV,1320,,,,,
FrequenciesRV,1321,,,,,
FrequenciesRV,1322,,,,,
FrequenciesRV,1323,,,,,
FrequenciesRV,1324,,,,,
FrequenciesRV,1325,,,,,
FrequenciesRV,1326,,,,,
FrequenciesRV,1327,,,,,
FrequenciesRV,1328,,,,,
StatisticsRV,0,varnumber,varname,n,sum,mean,min,max,varTitle
StatisticsRV,1,62821,F3A01,550,12923886158,23497974.832727272,0,1676203892,Total assets
StatisticsRV,2,66405,F3A01A,550,261735116,475882.02909090911,0,38055000,Long-term investments
StatisticsRV,3,66410,F3A01B,550,3232371012,5877038.2036363641,0,1230909203,"Property, plant, and equipment, net of accumulated depreciation"
StatisticsRV,4,66415,F3A01C,550,973085224,1769245.8618181818,0,181078093,"Intangible assets, net of accumulated amortization"
StatisticsRV,5,62826,F3A02,550,5756598995,10466543.627272727,0,1265463118,Total liabilities
StatisticsRV,6,66420,F3A02A,550,1762138115,3203887.4818181819,0,1044912419,"Debt related to property, plant, and equipment"
StatisticsRV,7,62831,F3A03,550,7167287163,13031431.205454545,-36091753,800862487,Total equity
StatisticsRV,8,62836,F3A04,550,12923886158,23497974.832727272,0,1676203892,Total liabilities and equity
StatisticsRV,9,66425,F3A05,550,439910039,799836.43454545457,0,144026977,Land and land improvements
StatisticsRV,10,66430,F3A06,550,2821692080,5130349.2363636363,0,1069327473,Buildings
StatisticsRV,11,66435,F3A07,550,2054667128,3735758.4145454546,0,203606302,"Equipment, including art and library collections"
StatisticsRV,12,66440,F3A08,550,188057727,341923.14,-31513,50175573,Construction in Progress
StatisticsRV,13,66445,F3A09,550,1158752387,2106822.521818182,0,299187511,"Other plant, property and equipment"
StatisticsRV,14,66450,F3A10,550,6663079361,12114689.747272728,0,1319129328,"Total Plant, Property, and Equipment"
StatisticsRV,15,66455,F3A11,550,3430973450,6238133.5454545459,0,377153109,Accumulated depreciation
StatisticsRV,16,66460,F3A12,550,3232371012,5877038.2036363641,0,1230909203,"Property, Plant, and Equipment, net of accumulated depreciation (from A1b)"
StatisticsRV,17,62841,F3B01,550,14670269184,26673216.698181819,27980,1206446585,Total revenues and investment return
StatisticsRV,18,62846,F3B02,550,13185593347,23973806.085454546,102706,1183376966,Total expenses
StatisticsRV,19,62851,F3B03,550,-14883374,-27060.68,-27696021,36727667,Sum of specific changes in equity
StatisticsRV,20,62856,F3B04,550,1469792463,2672349.9327272726,-14293267,145234000,Net income
StatisticsRV,21,62861,F3B05,550,-651841563,-1185166.4781818183,-210491000,115533345,Other changes in equity
StatisticsRV,22,62866,F3B06,550,7042112520,12803840.945454545,-38005588,823499966,"Equity, beginning of year"
StatisticsRV,23,62871,F3B07,550,-692776257,-1259593.1945454546,-231066690,40801000,Adjustments to beginning net equity
StatisticsRV,24,62876,F3B08,550,7167287163,13031431.205454545,-36091753,800862487,"Equity, end of year"
StatisticsRV,25,62881,F3C01,2240,3639998492,1624999.3267857144,0,232739847,Pell grants
StatisticsRV,26,62886,F3C02,2240,274818821,122686.97366071428,0,25677101,Other federal grants
StatisticsRV,27,62891,F3C03,2240,208566668,93110.119642857142,0,13895523,State and local grants
StatisticsRV,28,66465,F3C03A,2240,190436228,85016.173214285707,0,13895523,State grants
StatisticsRV,29,66470,F3C03B,2240,18130440,8093.9464285714284,0,1589075,Local government grants
StatisticsRV,30,62896,F3C04,2240,1443835656,644569.48928571434,0,263747125,Institutional grants
StatisticsRV,31,62901,F3C05,2240,5567219637,2485365.9093749998,0,459623286,Total student grants
StatisticsRV,32,62906,F3C06,2240,1314380655,586777.078125,0,263747125,Discounts and allowances applied to tuition and fees
StatisticsRV,33,62911,F3C07,2240,10311948,4603.5482142857145,0,8208000,Discounts and allowances applied to auxiliary enterprise revenues
StatisticsRV,34,62913,F3C08,2240,1324692603,591380.62633928575,0,263747125,Total discounts and allowances
StatisticsRV,35,68283,F3C12,2240,8485006,3787.949107142857,0,4544571,"Total
 discounts and
 allowances from Pell grants"
StatisticsRV,36,68285,F3C121,2240,8483290,3787.1830357142858,0,4544571,Discounts and allowances from Pell grants applied to tuition and fees
StatisticsRV,37,68287,F3C122,2240,1716,0.76607142857142863,0,1716,Discounts and allowances from Pell grants applied to auxiliary enterprises
StatisticsRV,38,68289,F3C13,2240,9047430,4039.03125,0,3349534,Total discounts and allowances from other federal grants
StatisticsRV,39,68291,F3C131,2240,9044321,4037.6433035714285,0,3349534,Discounts and allowances from other federal grants applied to tuition and fees
StatisticsRV,40,68293,F3C132,2240,3109,1.3879464285714285,0,3109,Discounts and allowances from other federal grants applied to auxiliary enterprises
StatisticsRV,41,68295,F3C14,2240,6972130,3112.5580357142858,0,2509073,Total discounts and allowances from state government grants
StatisticsRV,42,68297,F3C141,2240,6968971,3111.1477678571428,0,2509073,Discounts and allowances from state government grants applied to tuition and fees
StatisticsRV,43,68299,F3C142,2240,3159,1.4102678571428571,0,3073,Discounts and allowances from state government grants applied to auxiliary enterprises
StatisticsRV,44,68301,F3C15,2240,786980,351.33035714285717,0,391361,Total discounts and allowances from local government grants
StatisticsRV,45,68303,F3C151,2240,786980,351.33035714285717,0,391361,"Discounts and
 allowances from local government grants applied to tuition and fees"
StatisticsRV,46,68305,F3C152,2240,0,0,0,0,Discounts and allowances from local government grants applied to auxiliary enterprises
StatisticsRV,47,68307,F3C16,2240,756598,337.76696428571427,0,286622,"Total discounts and
 allowances from endowments and gifts"
StatisticsRV,48,68309,F3C161,2240,744825,332.51116071428572,0,286622,"Discounts and 
allowances from endowments and gifts applied to tuition and fees"
StatisticsRV,49,68311,F3C162,2240,11773,5.2558035714285714,0,11056,Discounts and allowances from endowments and gifts applied to auxiliary enterprises
StatisticsRV,50,68313,F3C17,2240,1298644459,579751.99062499998,0,263747125,Total discounts and allowances from other institutional sources
StatisticsRV,51,68315,F3C171,2240,1288352268,575157.26249999995,0,263747125,"Discounts and
 allowances from other institutional sources applied to tuition and fees"
StatisticsRV,52,68317,F3C172,2240,10292191,4594.7281249999996,0,8208000,Discounts and allowances from other institutional sources applied to auxiliary enterprises
StatisticsRV,53,62916,F3D01,2244,16567451754,7382999.8903743317,0,1008038779,Tuition and fees
StatisticsRV,54,62921,F3D02,2244,327418013,145908.20543672013,0,31877130,"Federal appropriations, grants and contracts"
StatisticsRV,55,66475,F3D02A,2244,32908198,14664.972370766489,0,5977728,Federal appropriations
StatisticsRV,56,66480,F3D02B,2244,294509815,131243.23306595365,0,31877130,Federal grants and contracts
StatisticsRV,57,62926,F3D03,2244,25642469,11427.125222816399,0,2988624,"State and local appropriations, grants and contracts"
StatisticsRV,58,66485,F3D03A,2244,5035067,2243.7909982174688,0,2988624,State appropriations
StatisticsRV,59,66490,F3D03B,2244,14121270,6292.9010695187162,0,2203418,State grants and contracts
StatisticsRV,60,66495,F3D03C,2244,197290,87.918894830659539,0,63668,Local government appropriations
StatisticsRV,61,66500,F3D03D,2244,6288842,2802.5142602495544,0,1589075,Local government and contracts
StatisticsRV,62,62931,F3D04,2244,21230684,9461.0891265597147,0,15566903,"Private gifts, grants, and contracts"
StatisticsRV,63,62936,F3D05,2244,91680784,40855.96434937611,-128637,33411000,Investment income and investment gains (losses) included in net income
StatisticsRV,64,62941,F3D06,2244,410052388,182732.79322638147,-61332,162351893,Sales and services of educational activities
StatisticsRV,65,62946,F3D07,670,125245955,186934.26119402985,-107347,25775000,Sales and services of auxiliary enterprises
StatisticsRV,66,66505,F3D12,311,0,0,0,0,Hospital revenue
StatisticsRV,67,62951,F3D08,2244,386282790,172140.28074866309,-14000,42121000,Other revenue
StatisticsRV,68,62956,F3D09,2244,17955004837,8001339.0539215682,0,1206446585,Total revenues and investment return
StatisticsRV,69,62961,F3E011,2244,4826448176,2150823.6078431373,0,202631941,Instruction-Total amount
StatisticsRV,70,66515,F3E012,2244,2939972044,1310147.9696969697,0,120428646,Instruction-Salaries and wages
StatisticsRV,71,66545,F3E02A1,2244,10408978,4638.5819964349375,0,3136541,Research-Total amount
StatisticsRV,72,66550,F3E02A2,2244,4980747,2219.5842245989306,0,1302285,Research-Salaries and wages
StatisticsRV,73,66580,F3E02B1,2244,21134828,9418.3725490196084,0,5767159,Public service-Total amount
StatisticsRV,74,66585,F3E02B2,2244,8908548,3969.9411764705883,0,4448086,Public service-Salaries and wages
StatisticsRV,75,66615,F3E03A1,2244,1635897591,729009.62165775406,0,127526808,Academic support-Total amount
StatisticsRV,76,66620,F3E03A2,2244,716014995,319079.76604278077,0,59667045,Academic support-Salaries and wages
StatisticsRV,77,66650,F3E03B1,2244,3137876390,1398340.6372549019,0,439695909,Student service-Total amount
StatisticsRV,78,66655,F3E03B2,2244,1655481483,737736.84625668451,0,289621715,Student service-Salaries and wages
StatisticsRV,79,66685,F3E03C1,2244,4973670160,2216430.55258467,0,361701194,Institutional support-Total amount
StatisticsRV,80,66690,F3E03C2,2244,1193866483,532026.06194295897,0,65639338,Institutional support-Salaries and wages
StatisticsRV,81,62976,F3E041,670,209174940,312201.40298507462,0,48368800,Auxiliary enterprises-Total amount
StatisticsRV,82,66725,F3E042,670,24080112,35940.465671641789,0,8344992,Auxiliary enterprises-Salaries and wages
StatisticsRV,83,62981,F3E051,2244,22523694,10037.29679144385,0,7043869,Net grant aid to students-Total amount
StatisticsRV,84,66830,F3E101,311,0,0,0,0,Hospital services-Total amount
StatisticsRV,85,66835,F3E102,311,0,0,0,0,Hospital services-Salaries and wages
StatisticsRV,86,62986,F3E061,2244,1160988026,517374.34313725488,0,113854574,Other expenses-Total amount
StatisticsRV,87,66770,F3E062,2244,65251008,29077.989304812832,0,18140682,Other expenses-Salaries and wages
StatisticsRV,88,62991,F3E071,2244,15998122783,7129288.2277183598,2672,1183376966,Total expenses-Total amount
StatisticsRV,89,66805,F3E072,2244,6608555420,2944989.0463458109,0,523459427,Total expenses-Salaries and wages
StatisticsRV,90,66810,F3E073,2244,852236766,379784.65508021391,0,67327336,Total expenses-Benefits
StatisticsRV,91,66812,F3E074,2244,1707212398,760789.83868092694,0,77647293,Total expenses-Operations and maintenance
StatisticsRV,92,66815,F3E075,2244,521640232,232459.99643493761,0,62487093,Total expenses-Depreciation
StatisticsRV,93,66820,F3E076,2244,133869832,59656.78787878788,0,59529718,Total expenses-Interest
StatisticsRV,94,66825,F3E077,2244,6174608134,2751607.90285205,-61890,411955901,Total expenses-All other
StatisticsRV,95,66900,F3F01,295,148135039,502152.67457627121,-6406928,27696020,Federal income tax expenses
StatisticsRV,96,66905,F3F02,295,31118310,105485.79661016949,-752145,4525203,State and local income tax expenses
StatisticsRV,97,68319,F3G01,550,2003149573,3642090.1327272728,-10726000,195328000,Pretax income
StatisticsRV,98,68321,F3G02,550,14670269184,26673216.698181819,27980,1206446585,Total revenues
StatisticsRV,99,68323,F3G03,550,7167287163,13031431.205454545,-36091753,800862487,Total equity
StatisticsRV,100,68325,F3G04,550,12923886158,23497974.832727272,0,1676203892,Total assets
StatisticsRV,101,68327,F3G05,550,2961830927,5385147.1399999997,-936168429,722719777,Adjusted equity
StatisticsRV,102,68329,F3G06,550,1762138115,3203887.4818181819,0,1044912419,Plant-related debt
StatisticsRV,103,68331,F3G07,550,13185593347,23973806.085454546,102706,1183376966,Total expenses
StatisticsRV,104,,,,,
StatisticsRV,105,,,,,
StatisticsRV,106,,,,,
StatisticsRV,107,,,,,
StatisticsRV,108,,,,,
StatisticsRV,109,,,,,
StatisticsRV,110,,,,,
StatisticsRV,111,,,,,
StatisticsRV,112,,,,,
StatisticsRV,113,,,,,
StatisticsRV,114,,,,,
StatisticsRV,115,,,,,
StatisticsRV,116,,,,,
StatisticsRV,117,,,,,
StatisticsRV,118,,,,,
StatisticsRV,119,,,,,
StatisticsRV,120,,,,,
StatisticsRV,121,,,,,
StatisticsRV,122,,,,,
StatisticsRV,123,,,,,
StatisticsRV,124,,,,,
StatisticsRV,125,,,,,
StatisticsRV,126,,,,,
StatisticsRV,127,,,,,
StatisticsRV,128,,,,,
StatisticsRV,129,,,,,
StatisticsRV,130,,,,,
StatisticsRV,131,,,,,
StatisticsRV,132,,,,,
StatisticsRV,133,,,,,
StatisticsRV,134,,,,,
StatisticsRV,135,,,,,
StatisticsRV,136,,,,,
StatisticsRV,137,,,,,
StatisticsRV,138,,,,,
StatisticsRV,139,,,,,
StatisticsRV,140,,,,
StatisticsRV,141,,,,
StatisticsRV,142,,,,
StatisticsRV,143,,,,
StatisticsRV,144,,,,,,,
StatisticsRV,145,,,,,,,
StatisticsRV,146,,,,,,,
StatisticsRV,147,,,,,,,
StatisticsRV,148,,,,,,,
StatisticsRV,149,,,,,,,
StatisticsRV,150,,,,,,,
StatisticsRV,151,,,,,,,
StatisticsRV,152,,,,,,,
StatisticsRV,153,,,,,,,
StatisticsRV,154,,,,,,,
StatisticsRV,155,,,,,,,
StatisticsRV,156,,,,,,,
StatisticsRV,157,,,,,,,
StatisticsRV,158,,,,,,,
StatisticsRV,159,,,,,,,
StatisticsRV,160,,,,,,,
StatisticsRV,161,,,,,,,
StatisticsRV,162,,,,,,,
StatisticsRV,163,,,,,,,
StatisticsRV,164,,,,,,,
StatisticsRV,165,,,,,,,
StatisticsRV,166,,,,,,,
StatisticsRV,167,,,,,,,
StatisticsRV,168,,,,,,,
StatisticsRV,169,,,,,,,
StatisticsRV,170,,,,,,,
StatisticsRV,171,,,,,,,
StatisticsRV,172,,,,,,,
StatisticsRV,173,,,,,,,
StatisticsRV,174,,,,,,,
StatisticsRV,175,,,,,,,
StatisticsRV,176,,,,,,,
StatisticsRV,177,,,,,,,
StatisticsRV,178,,,,,,,
StatisticsRV,179,,,,,,,
StatisticsRV,180,,,,,,,
StatisticsRV,181,,,,,,,
StatisticsRV,182,,,,,,,
StatisticsRV,183,,,,,,,
StatisticsRV,184,,,,,,,
StatisticsRV,185,,,,,,,
StatisticsRV,186,,,,,,,
StatisticsRV,187,,,,,,,
StatisticsRV,188,,,,,,,
StatisticsRV,189,,,,,,,
StatisticsRV,190,,,,,,,
StatisticsRV,191,,,,,,,
StatisticsRV,192,,,,,,,
StatisticsRV,193,,,,,,,
StatisticsRV,194,,,,,,,
StatisticsRV,195,,,,,,,
StatisticsRV,196,,,,,,,
StatisticsRV,197,,,,,,,
StatisticsRV,198,,,,,,,
StatisticsRV,199,,,,,,,
StatisticsRV,200,,,,,,,
StatisticsRV,201,,,,,,,
StatisticsRV,202,,,,,,,
StatisticsRV,203,,,,,,,
StatisticsRV,204,,,,,,,
StatisticsRV,205,,,,,,,
StatisticsRV,206,,,,,,,
StatisticsRV,207,,,,,,,
StatisticsRV,208,,,,,,,
StatisticsRV,209,,,,,,,
StatisticsRV,210,,,,,,,
StatisticsRV,211,,,,,,,
StatisticsRV,212,,,,,,,
StatisticsRV,213,,,,,,,
StatisticsRV,214,,,,,,,
StatisticsRV,215,,,,,,,
StatisticsRV,216,,,,,,,
StatisticsRV,217,,,,,,,
StatisticsRV,218,,,,,,,
StatisticsRV,219,,,,,,,
StatisticsRV,220,,,,,,,
StatisticsRV,221,,,,,,,
StatisticsRV,222,,,,,,,
StatisticsRV,223,,,,,,,
StatisticsRV,224,,,,,,,
StatisticsRV,225,,,,,,,
StatisticsRV,226,,,,,,,
StatisticsRV,227,,,,,,,
StatisticsRV,228,,,,,,,
StatisticsRV,229,,,,,,,
StatisticsRV,230,,,,,,,
StatisticsRV,231,,,,,,,
StatisticsRV,232,,,,,,,
StatisticsRV,233,,,,,,,
StatisticsRV,234,,,,,,,
StatisticsRV,235,,,,,,,
StatisticsRV,236,,,,,,,
StatisticsRV,237,,,,,,,
StatisticsRV,238,,,,,,,
StatisticsRV,239,,,,,,,
StatisticsRV,240,,,,,,,
StatisticsRV,241,,,,,,,
StatisticsRV,242,,,,,,,
StatisticsRV,243,,,,,,,
StatisticsRV,244,,,,,,,
StatisticsRV,245,,,,,,,
StatisticsRV,246,,,,,,,
StatisticsRV,247,,,,,,,
StatisticsRV,248,,,,,,,
StatisticsRV,249,,,,,,,
StatisticsRV,250,,,,,,,
StatisticsRV,251,,,,,,,
StatisticsRV,252,,,,,,,
StatisticsRV,253,,,,,,,
StatisticsRV,254,,,,,,,
StatisticsRV,255,,,,,,,
StatisticsRV,256,,,,,,,
StatisticsRV,257,,,,,,,
StatisticsRV,258,,,,,,,
StatisticsRV,259,,,,,,,
StatisticsRV,260,,,,,,,
StatisticsRV,261,,,,,,,
StatisticsRV,262,,,,,,,
StatisticsRV,263,,,,,,,
StatisticsRV,264,,,,,,,
StatisticsRV,265,,,,,,,
StatisticsRV,266,,,,,,,
StatisticsRV,267,,,,,,,
StatisticsRV,268,,,,,,,
StatisticsRV,269,,,,,,,
StatisticsRV,270,,,,,,,
StatisticsRV,271,,,,,,,
StatisticsRV,272,,,,,,,
StatisticsRV,273,,,,,,,
StatisticsRV,274,,,,,,,
StatisticsRV,275,,,,,,,
StatisticsRV,276,,,,,,,
StatisticsRV,277,,,,,,,
StatisticsRV,278,,,,,,,
StatisticsRV,279,,,,,,,
StatisticsRV,280,,,,,,,
StatisticsRV,281,,,,,,,
StatisticsRV,282,,,,,,,
StatisticsRV,283,,,,,,,
StatisticsRV,284,,,,,,,
StatisticsRV,285,,,,,,,
StatisticsRV,286,,,,,,,
StatisticsRV,287,,,,,,,
StatisticsRV,288,,,,,,,
StatisticsRV,289,,,,,,,
StatisticsRV,290,,,,,,,
StatisticsRV,291,,,,,,,
StatisticsRV,292,,,,,,,
StatisticsRV,293,,,,,,,
StatisticsRV,294,,,,,,,
StatisticsRV,295,,,,,,,
StatisticsRV,296,,,,,,,
StatisticsRV,297,,,,,,,
StatisticsRV,298,,,,,,,
StatisticsRV,299,,,,,,,
StatisticsRV,300,,,,,,,
StatisticsRV,301,,,,,,,
StatisticsRV,302,,,,,,,
StatisticsRV,303,,,,,,,
StatisticsRV,304,,,,,,,
StatisticsRV,305,,,,,,,
StatisticsRV,306,,,,,,,
StatisticsRV,307,,,,,,,
StatisticsRV,308,,,,,,,
StatisticsRV,309,,,,,,,
StatisticsRV,310,,,,,,,
StatisticsRV,311,,,,,,,
StatisticsRV,312,,,,,,,
StatisticsRV,313,,,,,,,
StatisticsRV,314,,,,,,,
StatisticsRV,315,,,,,,,
StatisticsRV,316,,,,,,,
StatisticsRV,317,,,,,,,
StatisticsRV,318,,,,,,,
StatisticsRV,319,,,,,,,
StatisticsRV,320,,,,,,,
StatisticsRV,321,,,,,,,
StatisticsRV,322,,,,,,,
StatisticsRV,323,,,,,,,
imputation values,0,Code values for item imputation variables Xvarname
imputation values,1,CodeValue,ValueLabel
imputation values,2,A,Not applicable
imputation values,3,B,Institution left item blank
imputation values,4,C,Analyst corrected reported value
imputation values,5,D,Do not know
imputation values,6,G,Data generated from other data values
imputation values,7,H,Value not derived - data not usable
imputation values,8,J,Logical imputation
imputation values,9,K,Ratio adjustment 
imputation values,10,L,Imputed using the Group Median procedure
imputation values,11,N,Imputed using Nearest Neighbor procedure
imputation values,12,P,Imputed using Carry Forward procedure
imputation values,13,R,Reported
imputation values,14,Z,Implied zero;
