sheet,row_idx,col_1,col_2,col_3,col_4,col_5,col_6,col_7,col_8,col_9,col_10,col_11,col_12,col_13,col_14,col_15,col_16,col_17,col_18,col_19,col_20,col_21,col_22,col_23,col_24,col_25,col_26,col_27,col_28,col_29,col_30,col_31,col_32,col_33,col_34,col_35,col_36,col_37,col_38,col_39,col_40,col_41,col_42,col_43,col_44,col_45,col_46,col_47,col_48,col_49,col_50
Introduction,0,"File Documentation for the IPEDS Directory, 2020-21",,,,,,,,,
Introduction,1,(Provisional  release 3),,,,,,,,,
Introduction,2,,,,,,,,,,
Introduction,3,Filename,HD2020
Introduction,4,   Release 1:,July 2021
Introduction,5,   Release 2:,October 2021
Introduction,6,   Release 3:,November 2021
Introduction,7,Overview,"This file contains directory information for every institution in the 2020-21 IPEDS universe.  Includes name, address, city, state, zip code and various URL links to the institution's home page, admissions, financial aid offices and  the net price calculator.  Identifies institutions as currently active, institutions that participate in Title IV federal financial aid programs for which IPEDS is mandatory.  It also includes variables derived from the 2020-21 Institutional Characteristics survey, such as control and level of institution, highest level and highest degree offered and Carnegie classifications. 

Release 2 includes the automatic comparison group and custom group identification variables for the 2021 IPEDS Data Feedback reports; updates to the hospital and institution size indicators based on data collected in the IPEDS spring 2021 collection; updates to directory information, such as institution name and URL links. (These changes were very minimal after the first release).

Release 3 includes corrections to the institution name for 4 institutions and an update to the variable description for the Medical variable.
",,,,,,,,
Introduction,8,Contents of spreadsheet,,,,,,,,,
Introduction,9,Varlist,"Variable list: Lists all variables in the table. Includes the variable name, variable label and the Data type, format and maximum field width of each variable.  The data type describes a variable as either a numeric (N) or Alphanumeric (A) and the format of a variable defines a variable as either continuous (Cont) or categorical (Disc).",,,,,,,,
Introduction,10,Description,Long description or glossary definition of a variable. ,,,,,,,,
Introduction,11,Frequencies,This worksheet contains the code values for of all categorical variables in the data file. It also lists the frequency and percent distribution for each code value by variable.,,,,,,,,
Introduction,12
varlist,0,varnumber,varname,DataType,Fieldwidth,format,imputationvar,varTitle
varlist,1,1,UNITID,N,6,Cont,,Unique identification number of the institution
varlist,2,10001,INSTNM,A,120,Alpha,,Institution (entity) name
varlist,3,16081,IALIAS,A,2000,Alpha,,Institution name alias
varlist,4,10006,ADDR,A,100,Alpha,,Street address or post office box
varlist,5,10011,CITY,A,30,Alpha,,City location of institution
varlist,6,10016,STABBR,A,2,Disc,,State abbreviation
varlist,7,10021,ZIP,A,10,Alpha,,ZIP code
varlist,8,10026,FIPS,N,2,Disc,,FIPS state code
varlist,9,10031,OBEREG,N,2,Disc,,Bureau of Economic Analysis (BEA) regions
varlist,10,10036,CHFNM,A,50,Alpha,,Name of chief administrator
varlist,11,10041,CHFTITLE,A,50,Alpha,,Title of chief administrator
varlist,12,10046,GENTELE,A,15,Alpha,,General information telephone number
varlist,13,10061,EIN,A,9,Cont,,Employer Identification Number
varlist,14,10063,DUNS,A,2000,Cont,,Dun and Bradstreet numbers
varlist,15,10071,OPEID,A,8,Cont,,Office of Postsecondary Education (OPE) ID Number
varlist,16,10076,OPEFLAG,N,1,Disc,,OPE Title IV eligibility indicator code
varlist,17,10081,WEBADDR,A,150,Alpha,,Institution's internet website address
varlist,18,10058,ADMINURL,A,200,Alpha,,Admissions office web address
varlist,19,10053,FAIDURL,A,200,Alpha,,Financial aid office web address
varlist,20,10059,APPLURL,A,200,Alpha,,Online application web address
varlist,21,10083,NPRICURL,A,200,Alpha,,Net price calculator web address
varlist,22,16131,VETURL,A,200,Alpha,,Veterans and Military Servicemembers tuition policies web address
varlist,23,80081,ATHURL,A,150,Alpha,,Student-Right-to-Know student athlete graduation rate web address
varlist,24,10060,DISAURL,A,200,Alpha,,Disability Services Web Address
varlist,25,10086,SECTOR,N,2,Disc,,Sector of institution
varlist,26,10091,ICLEVEL,N,2,Disc,,Level of institution
varlist,27,10096,CONTROL,N,2,Disc,,Control of institution
varlist,28,10101,HLOFFER,N,2,Disc,,Highest level of offering
varlist,29,10106,UGOFFER,N,2,Disc,,Undergraduate offering
varlist,30,10111,GROFFER,N,2,Disc,,Graduate offering
varlist,31,10122,HDEGOFR1,N,2,Disc,,Highest degree offered
varlist,32,10126,DEGGRANT,N,2,Disc,,Degree-granting status
varlist,33,10151,HBCU,N,2,Disc,,Historically Black College or University
varlist,34,10156,HOSPITAL,N,2,Disc,,Institution has hospital
varlist,35,10161,MEDICAL,N,2,Disc,,Institution grants a medical degree
varlist,36,10166,TRIBAL,N,2,Disc,,Tribal college
varlist,37,10176,LOCALE,N,2,Disc,,Degree of urbanization (Urban-centric locale)
varlist,38,10181,OPENPUBL,N,2,Disc,,Institution open to the general public
varlist,39,10186,ACT,A,1,Disc,,Status of institution
varlist,40,10191,NEWID,N,6,Cont,,UNITID for merged schools
varlist,41,10196,DEATHYR,N,4,Disc,,Year institution was deleted from IPEDS
varlist,42,10201,CLOSEDAT,A,10,Alpha,,Date institution closed
varlist,43,10206,CYACTIVE,N,1,Disc,,Institution is active in current year
varlist,44,10211,POSTSEC,N,2,Disc,,Primarily postsecondary indicator
varlist,45,10216,PSEFLAG,N,2,Disc,,Postsecondary institution indicator
varlist,46,10221,PSET4FLG,N,2,Disc,,Postsecondary and Title IV institution indicator
varlist,47,15055,RPTMTH,N,2,Disc,,"Reporting method for student charges, graduation rates, retention rates and student financial aid"
varlist,48,15210,INSTCAT,N,2,Disc,,Institutional category
varlist,49,15615,C18BASIC,N,2,Disc,,Carnegie Classification 2018: Basic
varlist,50,15516,C18IPUG,N,2,Disc,,Carnegie Classification 2018: Undergraduate Instructional Program
varlist,51,15517,C18IPGRD,N,2,Disc,,Carnegie Classification 2018: Graduate Instructional Program
varlist,52,15518,C18UGPRF,N,2,Disc,,Carnegie Classification 2018: Undergraduate Profile
varlist,53,15519,C18ENPRF,N,2,Disc,,Carnegie Classification 2018: Enrollment Profile
varlist,54,15520,C18SZSET,N,2,Disc,,Carnegie Classification 2018: Size and Setting
varlist,55,15515,C15BASIC,N,2,Disc,,Carnegie Classification 2015: Basic
varlist,56,15215,CCBASIC,N,2,Disc,,Carnegie Classification 2005/2010: Basic
varlist,57,10171,CARNEGIE,N,2,Disc,,Carnegie Classification 2000
varlist,58,15225,LANDGRNT,N,2,Disc,,Land Grant Institution
varlist,59,23357,INSTSIZE,N,2,Disc,,Institution size category
varlist,60,16066,F1SYSTYP,N,2,Disc,,Multi-institution or multi-campus organization
varlist,61,16071,F1SYSNAM,A,80,Alpha,,Name of multi-institution or multi-campus organization
varlist,62,16070,F1SYSCOD,A,6,Disc,,Identification number of multi-institution or multi-campus organization
varlist,63,16086,CBSA,N,5,Disc,,Core Based Statistical Area (CBSA)
varlist,64,16091,CBSATYPE,N,2,Disc,,CBSA Type Metropolitan or Micropolitan
varlist,65,16096,CSA,N,3,Disc,,Combined Statistical Area (CSA)
varlist,66,16099,NECTA,N,5,Disc,,New England City and Town Area (NECTA)
varlist,67,16116,COUNTYCD,N,5,Disc,,Fips County code
varlist,68,16121,COUNTYNM,A,30,Alpha,,County name
varlist,69,16126,CNGDSTCD,N,4,Disc,,State and 114TH Congressional District ID
varlist,70,16106,LONGITUD,N,12,Cont,,Longitude location of institution
varlist,71,16111,LATITUDE,N,12,Cont,,Latitude location of institution
varlist,72,15230,DFRCGID,N,3,Disc,,Data Feedback Report comparison group created by NCES
varlist,73,16000,DFRCUSCG,N,3,Disc,,Data Feedback Report - Institution submitted a custom comparison group
Description,0,varnumber,varname,longDescription
Description,1,1,UNITID,Unique identification number of the institution
Description,2,10001,INSTNM,Institution (entity) name
Description,3,16081,IALIAS,Institution name alias - This is a character string field that contains aliases that an institution can be referenced as. The aliases were submitted by the institution.
Description,4,10006,ADDR,Institution (entity) street address or post office box
Description,5,10011,CITY,City location of institution
Description,6,10016,STABBR,US Postal Service state abbreviation. See also FIPS STATE CODE (FIPS).
Description,7,10021,ZIP,"ZIP code - if includes ZIP+4, does not include dash (-), e.g., 060102301. If ZIP+4 not reported, the last four
positions will be blank"
Description,8,10026,FIPS,FIPS state code (minor adjustments for outlying areas)
Description,9,10031,OBEREG,"Bureau of Economic Analysis (BEA) Regions 

BEA Regions are a set of Geographic Areas that are aggregations of the states. The regional classifications, which were developed in the mid-1950s, are based on the homogeneity of the states in terms of economic characteristics, such as the industrial composition of the labor force, and in terms of demographic, social, and cultural characteristics. BEA groups all 50 states and the District of Columbia into eight distinct regions for purposes of data collecting and analyses.  IPEDS/HEGIS assigns U.S. service schools as their own region.

0 - US Service schools
1 - New England CT ME MA NH RI VT
2 - Mid East DE DC MD NJ NY PA
3 - Great Lakes IL IN MI OH WI
4 - Plains IA KS MN MO NE ND SD
5 - Southeast AL AR FL GA KY LA MS NC SC TN VA WV
6 - Southwest AZ NM OK TX
7 - Rocky Mountains CO ID MT UT WY
8 - Far West AK CA HI NV OR WA
9 - Outlying areas AS FM GU MH MP PR PW VI
-3 - Not available"
Description,10,10036,CHFNM,"Name of chief administrator of institution
-1 - Not reported
-2 - Not applicable
-9 -  not active"
Description,11,10041,CHFTITLE,"Title of chief administrator of institution
-1 - Not reported
-2 - Not applicable
-9 - not active"
Description,12,10046,GENTELE,"General information telephone number
-1 - Not reported
-2 - Not applicable
-9 - not active"
Description,13,10061,EIN,The number assigned to an institution by the Internal Revenue Service for tax purposes.
Description,14,10063,DUNS,"The Data Universal Numbering System (DUNS), is a proprietary system developed and regulated by Dun & Bradstreet (D&B) that assigns a unique numeric identifier, referred to as a ""DUNS number"" to a single business entity. It was introduced in 1963 to support D&B's credit reporting practice. The DUNS number is a 9-digit numeric. Some institutions have multiple DUNS numbers.  Multiple DUNS numbers are separated by the vertical bar."
Description,15,10071,OPEID,"Identification number used by the U.S. Department of Education's Office of Postsecondary Education (OPE) to identify schools that have Program Participation Agreements (PPA) so that its students are eligible to participate in Federal Student Financial Assistance programs under Title IV regulations. This is a 6-digit number followed by a 2-digit suffix used to identify branches, additional locations, and other entities that are part of the eligible institution."
Description,16,10076,OPEFLAG,Code indicating the institution's degree of eligibility for Title IV aid.
Description,17,10081,WEBADDR,Institution's internet website address
Description,18,10058,ADMINURL,Admissions office web (URL) address
Description,19,10053,FAIDURL,Financial aid office web (URL) address
Description,20,10059,APPLURL,Web address (URL) on online applciation
Description,21,10083,NPRICURL,"Net Price Calculator Web Address  for institutions that enroll full-time, first-time undergraduate students"
Description,22,16131,VETURL,Does your institution post tuition policies specifically related to Veterans and Military Servicemembers on a website?  Provide URL
Description,23,80081,ATHURL,Student-Right-to-Know student athlete graduation rate website URL
Description,24,10060,DISAURL,Disability Services Web Address
Description,25,10086,SECTOR,"One of nine institutional categories resulting from dividing the universe according to control and level. Control categories are public, private not-for-profit, and private for-profit. Level categories are 4-year and higher (4 year), 2-but-less-than 4-year (2 year), and less than 2-year. For example: public, 4-year institutions.

Control - A classification of whether an institution is operated by publicly elected or appointed officials (public control) or by privately elected or appointed officials and derives its major source of funds from private sources (private control).

Level - A classification of whether an institution’s programs are 4-year or higher (4 year), 2-but-less-than 4-year (2 year), or less than 2-year."
Description,26,10091,ICLEVEL,"A classification of whether an institution’s programs are 4-year or higher (4 year), 2-but-less-than 4-year (2 year), or less than 2-year."
Description,27,10096,CONTROL,"A classification of whether an institution is operated by publicly elected or appointed officials or by privately elected or appointed officials and derives its major source of funds from private sources.

Public institution - An educational institution whose programs and activities are operated by publicly elected or appointed school officials and which is supported primarily by public funds. 

Private not-for-profit institution - A private institution in which the individual(s) or agency in control receives no compensation, other than wages, rent, or other expenses for the assumption of risk. These include both independent not-for-profit schools and those affiliated with a religious organization. 

Private for-profit institution - A private institution in which the individual(s) or agency in control receives compensation other than wages, rent, or other expenses for the assumption of risk."
Description,28,10101,HLOFFER,"Highest level of offering (generated, based on response to IC
survey)
0 - Other
1 - Postsecondary award, certificate or diploma of less than one academic year
2 - Postsecondary award, certificate or diploma of at least one but less than two academic years
3 - Associate's degree
4 - Postsecondary award, certificate or diploma of at least two but less than four academic years
5 - Bachelor's degree
6 - Postbaccalaureate certificate
7 - Master's degree
8 - Post-master's certificate
9 - Doctor's degree
b - None of the above or no answer
-2 - Not applicable, first-professional only
-3 - Not Available"
Description,29,10106,UGOFFER,"A code indicating whether the institution offers undergraduate degrees or certificates.

Undergraduate degrees or certificates include associate's and bachelor's degrees, and certificates that require less-than 4 academic 
years of study."
Description,30,10111,GROFFER,"A code indicating whether the institution offers graduate degrees or certificates.

Graduate degrees or certificates include master^s and doctor's degrees and postbaccalaureate and post-master's certificates"
Description,31,10122,HDEGOFR1,"A code for highest degree offered at the institution - This variable was revised in 2009 because the first professional category is no longer an award level and the Doctoral award level category has expanded to 3 categories, Doctor's degree - Research/scholarships, Doctor's degree - professional practice and Doctor's degree-other.

This variable is derived from the level of offering variables (LEVEL1-LEVEL8 LEVEL12 and LEVEL17-LEVEL19) from the Institutional Characteristics component as follows: 

IF LEVEL17=1 and LEVEL18=1 then HDEGOFR1=11
else if LEVEL17=1 and LEVEL18 ne 1 then HDEGOFR1=12 
else if LEVEL17 ne 1 and LEVEL18=1 then HDEGOFR1=13 
else if LEVEL17 ne 1 and LEVEL18 ne 1 and LEVEL19=1 then HDEGOFR1=14 
else if LEVEL7=1  HDEGOFR1=20 
else if LEVEL5=1  HDEGOFR1=30 
else if LEVEL3=1  HDEGOFR1=40 
else if LEVEL1=1 or LEVEL2=1 or LEVEL4=1 or LEVEL6=1 or LEVEL8=1 
or LEVEL12=1 then HDEGOFR1=0 
else HDEGOFR1=-3; 
For more information see descriptions of LEVEL1-LEVEL12"
Description,32,10126,DEGGRANT,"A code indicating the degree-granting status of the institution.

Degree-granting institutions offer an associate's, bachelor's, master's, doctor's or a first-professional degree. 

Nondegree-granting offers certificates or other formal awards."
Description,33,10151,HBCU,"A code to indicate whether the institution is one of the Historically Black College or University (HBCU) institutions.

Historically Black Colleges and Universities (HBCU) - The Higher Education Act of 1965, as amended, defines an HBCU as: ""...any historically black college or university that was established prior to 1964, whose principal mission was, and is, the education of black Americans, and that is accredited by a nationally recognized accrediting agency or association determined by the Secretary [of Education] to be a reliable authority as to the quality of training offered or is, according to such an agency or association, making reasonable progress toward accreditation."" Federal regulations (20 USC 1061 (2)) allow for certain exceptions to the founding date."
Description,34,10156,HOSPITAL,"A code to indicate whether the institution has hospital.

This variable was derived using Finance data.

If institution reported either revenues from Sales and services of hospitals GASB, hospital revenues (FASB), or expenses for hospital services (GASB or FASB) an institution was determined to have a hospital.  See glossary terms below.


Sales and services of hospitals (revenues) F1B06-GASB.  Revenues (net of discounts, allowances, and provisions for uncollectible accounts receivable) generated by hospitals from daily patient, special and other services. Revenues of health clinics that are part of a hospital should be included in this category, unless such clinics are part of the student health services program. 

Hospitals (revenues) F2D13-FASB.  Revenues generated by a hospital operated by the postsecondary institution. Includes gifts, grants, appropriations, research revenues, endowment income, and revenues of health clinics that are part of the hospital unless such clinics are part of the student health services program. Sales and service revenues are included net of patient contractual allowances. Revenues associated with the medical school are included elsewhere. Also includes all amounts appropriated by governments (federal, state, local) for the operation of hospitals. 

Hospital services (F1C121-GASB, F2E091-FASB).  Expenses associated with a hospital operated by the postsecondary institution (but not as a component unit) and reported as a part of the institution. This classification includes nursing expenses, other professional services, general services, administrative services, and fiscal services. Also included are information technology expenses, actual or allocated costs for operation and maintenance of plant, and depreciation related to hospital capital assets. FASB institutions also charge or allocate interest expense to hospitals."
Description,35,10161,MEDICAL,"A code to indicate whether the institution grants a medical degree.

This variable is derived from the 2019-20 completions component of the IPEDS survey.   In 2019-20, the 2020 Classification of Instructional Programs (CIP), was used to classify instructional programs, and there were some medical degree programs that changed from prior CIP classifications.  Medical degrees include: 

Medicine (M.D.) (51.1201), 
Dentistry (D.D.S., D.M.D.) (51.0401)
Osteopathic Medicine (D.O.) (51.1202, formerly classified as 51.1901)
Veterinary Medicine (D.V.M.) (01.0801, formerly classified as 51.2401)"
Description,36,10166,TRIBAL,"A code to indicate whether the institution is one of the Tribal Colleges and Universities. These institutions, with few exceptions, are tribally controlled and located on reservations. They are all members of the American Indian Higher Education Consortium."
Description,37,10176,LOCALE,"Locale codes identify the geographic status of a school on an urban continuum ranging from “large city” to “rural.”  They are based on a school’s physical address. The urban-centric locale codes introduced in this file are assigned through a methodology developed by the U.S. Census Bureau’s Population Division in 2005.  The urban-centric locale codes apply current geographic concepts to the original NCES locale codes used on IPEDS files through 2004. 

11 = City: Large: Territory inside an urbanized area and inside a principal city with population of 250,000 or more. 

12 = City: Midsize: Territory inside an urbanized area and inside a principal city with population less than 250,000 and greater than or equal to 100,000.

13 = City: Small: Territory inside an urbanized area and inside a principal city with population less than 100,000.

21 = Suburb: Large: Territory outside a principal city and inside an urbanized area with population of 250,000 or more.

22 = Suburb: Midsize: Territory outside a principal city and inside an urbanized area with population less than 250,000 and greater than or equal to 100,000.

23 = Suburb: Small: Territory outside a principal city and inside an urbanized area with population less than 100,000.

31 = Town: Fringe: Territory inside an urban cluster that is less than or equal to 10 miles from an urbanized area.

32 = Town: Distant: Territory inside an urban cluster that is more than 10 miles and less than or equal to 35 miles from an urbanized area.

33 = Town: Remote: Territory inside an urban cluster that is more than 35 miles of an urbanized area.

41 - Rural: Fringe: Census-defined rural territory that is less than or equal to 5 miles from an urbanized area, as well as rural territory that is less than or equal to 2.5 miles from an urban cluster. 

42 = Rural: Distant: Census-defined rural territory that is more than 5 miles but less than or equal to 25 miles from an urbanized area, as well as rural territory that is more than 2.5 miles but less than or equal to 10 miles from an urban cluster. 

43 = Rural: Remote: Census-defined rural territory that is more than 25 miles from an urbanized area and is also more than 10 miles from an urban cluster.

American Samoa, the Commonwealth of the Northern Mariana Islands, Guam, and the Virgin Islands,  were not assigned a locale code because the geographic and governmental structures of these entities do not fit the definitional scheme used to derive the code."
Description,38,10181,OPENPUBL,A code to indicate whether the institution is open for admission to the general public.
Description,39,10186,ACT,A code to indicate the status of institution's participation in IPEDS.
Description,40,10191,NEWID,UNITID where data is found for merged schools.
Description,41,10196,DEATHYR,Year institution was deleted from IPEDS.
Description,42,10201,CLOSEDAT,Date institution closed - format is mmddyyyy.
Description,43,10206,CYACTIVE,"A code to indicate whether the institution is active in current year.  This code is derived from the more detailed ACT (status of institution) variable. 

Active school CYACTIVE=1 includes:
ACT=A an open (active) institution 
ACT=N an institution that opened in the current year 
ACT=M an institution that closed in the current year, but will have data from the previous academic year for example Finance or Completions data for academic year 2016-17 
ACT=R an institution that was previously not active and was restored in the current year 

CYACTIVE=2 includes potential adds and restores (ACT=P,R) 

CYACTIVE=3 includes all other inactive institutions
ACT=C combined with another active institution
ACT=D delete institution is out of business
ACT=O institution is out-of-scope
ACT=W potential add that was not added
ACT=X potential restore that was not restored"
Description,44,10211,POSTSEC,"Identifies an institution which has as its sole purpose or one of its primary missions, the provision of postsecondary education.  

Postsecondary education - The provision of a formal instructional program whose curriculum is designed primarily for students who are beyond the compulsory age for high school. This includes programs whose purpose is academic, vocational, and continuing professional education, and excludes avocational and adult basic education programs."
Description,45,10216,PSEFLAG,"Postsecondary institution indicator
Identifies an institution whose primary purpose is to provide postsecondary education,is open to the general public and is currently an active (operating) institution."
Description,46,10221,PSET4FLG,"A derived indicator to easily select institutions who are (1) currently in the IPEDS universe, (2) open to the public, (3) participant in Title IV program, and (4) primarily postsecondary institution.

This variable is used to produce tables that are published in IPEDS First look reports(previously known as E.D. tabs) and tables in the Digest of Education Statistics.
The  ""First Look"" universe of institutitons includes Title IV primarily postsecondary and Title IV not primarily postsecondary institutions ( PSET4FLG in (1,3)).  Prior to IPEDS 2010 data collection the ""First Look/E.D. Tabs"" universe included Title IV  primarily postsecondary institutions ( PSET4FLG =1). 

It is derived as follows:
If opeflag in (1 2 7 ) and pseflag=1 and openpubl=1 then pset4flg=1
If opeflag in (3 4 5 6) and pseflag=1 and openpubl=1 then pset4flg=2
If opeflag in (1 2 7) and  pseflag=2 and openpubl=1 then pset4flg=3
If opeflag in (3 4 5 6) and pseflag=2 and openpubl=1 then pset4flg=4
If opeflag in (3 4 5 6) and pseflag=1 and openpubl=2 then pset4flg=6
If cyactive=2 then pset4flg=9
The  United States  Air Force, Naval and  Military Academies  are also included as PSET4FLG=1, even though they are opeflag=3, deferment only. The United States Coast Guard, a nonTitle iv school (OPEFLAG=5)  is also included ."
Description,47,15055,RPTMTH,"Reporting method identifies how institutions report student charges (full academic year or by program)  and the type of cohort (fall or full-year) used to report graduation rate, retention rate and student financial aid data. 

Institutions with standard academic terms (semester, quarter, trimester or 4-1-4 - CALSYS in (1,2,3,4)) report student charges for the full academic year and report graduation rate, retention rate and student financial aid data for a FALL cohort.

Institutions with other academic calendar systems (CALYSYS=5) report student charges for the full academic year  and report graduation rate, retention rate and student financial aid for a FULL-YEAR cohort. Other academic year is a category used to describe ""non-traditional"" calendar systems at 4-year and 2-year degree-granting institutions. These can include schools that offer primarily on-line courses or ""one course at a time."" 

Institutions with calendar systems that differ by program or operate on a continuous basis (e.g., every 2 weeks, monthly or other period - CALSYS in (6,7)) report student charges by program for the entire length of program and report graduation rate, retention rate and student financial aid for a FULL-YEAR cohort.

ACADEMIC YEAR - The period of time generally extending from September to June; usually equated to 2 semesters or trimesters, 3 quarters, or the period covered by a 4-1-4 calendar system. 
FALL COHORT - The group of students entering in the fall term established for tracking purposes. For the Graduation Rates component, this includes all students who enter an institution as full-time, first-time degree or certificate-seeking undergraduate students during the fall term of a given year. 
FULL-YEAR COHORT - The group of students entering at any time during the 12-month period September 1 through August 31 that is established for tracking and reporting Graduation Rate (GRS) data for institutions that primarily offer occupational programs of varying lengths. Students must be full time and first time to be considered in the cohort."
Description,48,15210,INSTCAT,"Institutional category was derived using the level of offerings reported on the Institutional Characteristics (IC) component and the number and level of awards that were reported on the Completions (C) component.

Category descriptions:

1) Degree-granting, graduate with no undergraduate degrees - These institutions offer a Master's degree, Doctor's degree  or a First-professional degree and do not offer a Bachelor's degree or an Associate's degree. 

2) Degree-granting, primarily baccalaureate or above - These institutions offer a Bachelor's degree, Master's degree,Doctor's degree or a First-professional degree.  Also, the total number of degrees/certificates at or above the bachelor's level awarded divided by the total number of degrees/certificates awarded is greater than 50 percent. 

3) Degree-granting, not primarily baccalaureate or above - These institutions offer a Bachelor's degree, Master's degree, Doctor's degree,or a First-professional degree.  Also, the total number of degrees/certificates at or above the bachelor's level awarded divided by the total number of degrees/certificates awarded must be less than or equal to 50 percent.

4) Degree-granting, Associate's and certificates - Institutions offer an Associate's degree and may offer other postsecondary certificates, awards or diplomas of less than one academic year; at least one but less-than two academic years; at least two but less-than four academic years. This category also includes institutions that offer a postbaccalaureate certificate, Post-master's certificate or a First-professional certificate and the highest degree offered is an Associate's degree.

5) Nondegree-granting, above the baccalaureate - Institutions do not offer Associate's, Bachelor's, Master's, Doctor's or First-professional degrees, but offer either Postbaccaulaureate, Post-master's or First-professional certificates. 

6) Nondegree-granting, sub-baccalaureate - Institutions do not offer Associate's, Bachelor's , Master's, Doctor's, or First-professional degrees, or certificates above the baccalaureate level. They do offer postsecondary certificates, awards or diplomas of less than one academic year; at least one but less than two academic years; or at least two but less than four academic years.

Technical details for Institutional Category (INSTCAT):

Total degrees and certificates and total bachelor's degrees and all other degrees/certificates above the bachelor's degree awarded are derived using data from the Completions component.

Total bachelor's degrees and all other degrees/certificates above the bachelor's degree is the sum of: 

Bachelor's degrees (CTOTALT,AWLEVEL=5,MAJORNUM=1)
Postbaccalaureate certificates (CTOTALT,AWLEVEL=6,MAJORNUM=1)
Master's degrees (CTOTALT,AWLEVEL=7,MAJORNUM=1)
Post-master's certificates (CTOTALT,AWLEVEL=8,MAJORNUM=1)
Doctor's degrees (CTOTALT,AWLEVEL=9,MAJORNUM=1)
First-professional degrees (CTOTALT,AWLEVEL=10,MAJORNUM=1)
First-professional certificates (CTOTALT,AWLEVEL=11,MAJORNUM=1)

Total degrees and certificates is the sum of Bachelor degrees and all other degrees/certificates above the bachelors degree as defined above added to the following:

Associate's degrees (CTOTALT,AWLEVEL=3,MAJORNUM=1)
Postsecondary certificates, awards or diplomas of at least two but less-than four academic years 
   (CTOTALT,AWLEVEL=4, MAJORNUM=1).
Postsecondary certificates, awards or diplomas of at least one but less-than two academic years
   (CTOTALT,AWLEVEL=2,MAJORNUM=1); 
Postsecondary certificates, awards or diplomas of less than one academic year 
    (CTOTALT,AWLEVEL=1,MAJORNUM=1) 

Institutions are classified as Degree-granting (DEGGRANT=1) or Nondegree-granting(DEGGRANT=2) using level of offerings data reported on the Institutional Characteristics component. Degree-granting institutions offer an Associate's (LEVEL3=1),Bachelor's (LEVEL5=1, Master's (LEVEL7=1), Doctoral (LEVEL9=1), or a First-Professional (LEVEL10=1) degree. Any institution that offers only certificates are Nondegree-granting.

Nondegree-granting institutions that offer a postbaccalaureate certificate (LEVEL6=1) or a post-master's certificate (LEVEL8=1) or a First-professional certificate (LEVEL11=1) are classified as Nondegree-granting, above the baccalaureate (INSTCAT=5).

Nondegree-granting institutions that only offer certificates of less-than four academic years are classified as Nondegree-granting, sub-baccalaureate (INSTCAT=6).

Degree-granting institutions whose highest degree granted are Associate's (HDEGOFFR=40) are classified as Degree-granting, Associate's and certificates (INSTCAT=4). (There are a few 4-year institutions that grant Postbaccalaureate or Post-master's or First-professional certificates in this category).

Degree-granting institutions that do not grant a Bachelor's degree (LEVEL5=0) and do not grant an Associate's degree (LEVEL3=0) are classified as Degree-granting, graduate with no undergraduate degrees (INSTCAT=1).

The remaining degree-granting institutions offer a bachelor's degree or an associate's degree, or both.
For these institutions a percent of bachelor's degrees and all other degrees/certificates above the bachelor's degree of  total degrees and certificates is generated. If the percent is greater than 50, institutions are classified as Degree-granting, primarily baccalaureate or above (INSTCAT=2), If the percent is 50 or less, institutions are classified as Degree-granting, not primarily baccalaureate or above (INSTCAT=3).

Inactive institutions (CYACTIVE in (2,3)) and administrative units (Sector=0) were coded as not applicable. All Non-Title IV institutions that did not respond to the  IC or Completions components were coded as not reported. 
Degree-granting institutions whose completions data are reported with their parent institution were assigned the same code as the parent institution.
New degree-granting institutions that report offering a bachelor's degree on the current institutional characteristics file for the upcoming academic year, and have not yet reported bachelor's degrees on the current completions that covers the previous academic year  June 1-July 30 were assigned as follows:

If an institution reported a zero in any program (CIP code) for bachelor's degrees or above (indicating the level was offered) and did not report a zero for any program (CIP code) at any level below the bachelor's, the institution was classified as Degree-granting, primarily baccalaureate or above. If an institution reported a zero in any program (CIP code) at any level below the bachelor's degree and did not report a zero for any program (CIP code) for bachelor's degrees or above, the institution was classified as Degree-granting, not primarily baccalaureate or above.

For institutions that reported zeros for bachelor's degrees of above and for levels below the bachelor's, the maximum number of programs by level was used to determine the primary classification."
Description,49,15615,C18BASIC,"The Basic Classification is an update of the traditional classification framework developed by the Carnegie Commission on Higher Education in 1970 to support its research program. The Basic Classification was originally published for public use in 1973, and subsequently updated in 1976, 1987, 1994, 2000, 2005, 2010, 2015 and 2018. In the 2018 update, the Doctoral Universities have been reshaped to better accommodate “Doctor's degree – professional practice” within our methodology. Please see the Basic Classification Methodology for details regarding how this classification is calculated.

Doctoral universities - Includes institutions that awarded at least 20 research/scholarship doctoral degrees during the update year and also institutions with below 20 research/scholarship doctoral degrees that awarded at least 30 professional practice doctoral degrees in at least 2 programs. Excludes Special Focus Institutions and Tribal Colleges.

The first two categories include only institutions that awarded at least 20 research/scholarship doctoral degrees and had at least $5 million in total research expenditures (as reported through the National Science Foundation (NSF) Higher Education Research & Development Survey (HERD)).

R1: Doctoral Universities – Very high research activity
R2: Doctoral Universities – High research activity
D/PU: Doctoral/Professional Universities

Master's Colleges and Universities - Generally includes institutions that awarded at least 50 master's degrees and fewer than 20 doctoral degrees during the update year (with occasional exceptions – see Methodology). Excludes Special Focus Institutions and Tribal Colleges.

Baccalaureate Colleges - Includes institutions where baccalaureate or higher degrees represent at least 50 percent of all degrees but where fewer than 50 master's degrees or 20 doctoral degrees were awarded during the update year. (Some institutions above the master's degree threshold are also included; see Methodology.) Excludes Special Focus Institutions and Tribal Colleges.

Baccalaureate/Associate's Colleges - Includes four-year colleges (by virtue of having at least one baccalaureate degree program)  that conferred more than 50 percent of degrees at the associate's level. Excludes Special Focus Institutions and Tribal Colleges.

Associate's Colleges - Institutions at which the highest level degree awarded is an associate's degree. The institutions are sorted into nine categories based on the intersection of two factors: disciplinary focus (transfer, career & technical or mixed) and dominant student type (traditional, nontraditional or mixed). Excludes Special Focus Institutions and Tribal Colleges.

Special Focus Institutions- Institutions where a high concentration of degrees is in a single field or set of related fields. Excludes Tribal Colleges.

Tribal Colleges - Colleges and universities that are members of the American Indian Higher Education Consortium, as identified in IPEDS Institutional Characteristics.

Classifications are time-specific snapshots of institutional attributes and behavior based on 2016-17 data.

The methodology can be found at  http://carnegieclassifications.iu.edu/definitions.php."
Description,50,15516,C18IPUG,"The Undergraduate Instructional Program Classification focuses attention on undergraduate education, regardless of the presence or extent of graduate education. Undergraduate education is an essential component of what most colleges and universities do, as the vast majority of U.S. institutions of higher education teach undergraduates. Indeed, even at institutions with strong commitments to graduate education and the production of new knowledge through research and scholarship, the undergraduate program usually accounts for the majority of student enrollment. For the full definition and methodology, go to http://carnegieclassifications.iu.edu/definitions.php
Classifications are time-specific snapshots of institutional attributes and behavior based on 2016-17 data.

Associate's Colleges, High Transfer - Awarded associate's degrees but no bachelor's degrees with fewer than 30% of awards (degrees and certificates) in career & technical programs.
Associate's Colleges, Mixed Transfer/Career & Technical - Awarded associate's degrees but no bachelor's degrees with 30-49% of awards (degrees and certificates) in career & technical programs.
Associate's Colleges, High Career & Technical - Awarded associate's degrees but no bachelor's degrees with more than 50% of awards (degrees and certificates) in career & technical programs.
Special Focus Two-Year Institutions - Awarded associate's degrees but no bachelor's degrees with typically more than 75% of awards in a single career & technical program.
Baccalaureate/Associate's Colleges - Awarded both associate's and bachelor's degrees, but the majority of degrees awarded were at the associate's level.

Arts & sciences focus, no graduate coexistence - At least 80 % of bachelor's degree majors were in the arts and sciences, and no graduate degrees were awarded in fields corresponding to undergraduate majors.
Arts & sciences focus, some graduate coexistence - At least 80 % of bachelor's degree majors were in the arts and sciences, and graduate degrees were observed in up to half of the fields corresponding to undergraduate majors.
Arts & sciences focus, high graduate coexistence - At least 80 % of bachelor's degree majors were in the arts and sciences, and graduate degrees were observed in at least half of the fields corresponding to undergraduate majors.
Arts & sciences plus professions, no graduate coexistence - 60–79 % of bachelor's degree majors were in the arts and sciences, and no graduate degrees were awarded in fields corresponding to undergraduate majors.
Arts & sciences plus professions, some graduate coexistence - 60–79 % of bachelor's degree majors were in the arts and sciences, and graduate degrees were observed in up to half of the fields corresponding to undergraduate majors.
Arts & sciences plus professions, high graduate coexistence - 60–79 % of bachelor's degree majors were in the arts and sciences, and graduate degrees were observed in at least half of the fields corresponding to undergraduate majors.

Balanced arts & sciences/professions, no graduate coexistence - Bachelor's degrees awarded were relatively balanced between arts and sciences and professional fields (41–59 % in each), and no graduate degrees were awarded in fields corresponding to undergraduate majors.
Balanced arts & sciences/professions, some graduate coexistence -Bachelor's degree majors were relatively balanced between arts and sciences and professional fields (41–59 % in each), and graduate degrees were observed in up to half of the fields corresponding to undergraduate majors.
Balanced arts & sciences/professions, high graduate coexistence - Bachelor's degree majors were relatively balanced between arts and sciences and professional fields (41–59 % in each), and graduate degrees were observed in at least half of the fields corresponding to undergraduate majors.

Professions plus arts & sciences, no graduate coexistence - 60–79 % of bachelor's degree majors were in professional fields (such as business, education, engineering, health, and social work), and no graduate degrees were awarded in fields corresponding to undergraduate majors.
Professions plus arts & sciences, some graduate coexistence - 60–79 % of bachelor's degree majors were in professional fields, and graduate degrees were observed in up to half of the fields corresponding to undergraduate majors.
Professions plus arts & sciences, high graduate coexistence - 60–79 % of bachelor's degree majors were in professional fields, and graduate degrees were observed in at least half of the fields corresponding to undergraduate majors.
Professions focus, no graduate coexistence - At least 80 % of bachelor's degree majors were in professional fields (such as business, education, engineering, health, and social work), and no graduate degrees were awarded in fields corresponding to undergraduate majors.
Professions focus, some graduate coexistence - At least 80 % of bachelor's degree majors were in professional fields, and graduate degrees were observed in up to half of the fields corresponding to undergraduate majors.
Professions focus, high graduate coexistence - At least 80 % of bachelor's degree majors were in professional fields, and graduate degrees were observed in at least half of the fields corresponding to undergraduate majors."
Description,51,15517,C18IPGRD,"Graduate and Instructional Program classification examines the nature of graduate education, with a special focus on the mix of graduate programs across fields of study. In this classification, a single graduate-level degree 
qualifies an institution for inclusn

The classification is based on the level of graduate degrees awarded (master's degrees, and doctoral degrees categorized as either research/scholarship, professional practice, or other doctorate), 
the number of fields represented by the degrees awarded, and the mix or concentration of degrees by broad disciplinary domain. The classification has two parts: one for institutions that award at 
least one research/scholarship doctoral degrees (hereinafter referred to as research doctoral degrees), and one postbaccalaureate degree-granting institutions that either offer only master's 
degrees or that also offer professional practice or other doctoral degrees (based on the record of degree conferrals, not program offerings). Within each group, institutions are classified respect 
to the breadth of graduate offerings and the concentration of degrees in certain fields or combinations of fields.

For two categories of institutions offering research doctorates, institutions offering medical education (defined as human or veterinary medical education, including allopathic medicine, 
osteopathic medicine, dentistry, and veterinary medicine) were distinguished. Institutions in other categories may also offer medical education, but the numbers were not large enough to justify 
subcategories, and judged it preferable to differentiate with respect to the other graduate fields, rather than with respect to the presence or absence of medical education.

NOTE: Because a single research doctoral degree (as defined in the IPEDS data collection of the National Center for Education Statistics) qualifies an institution for inclusion in the doctoral categories, institutions with large master's or professional programs and modest doctoral-level programs are currently classified according to their doctoral programs.
The categories are listed below. The term ""comprehensive"" is used here to denote comprehensiveness of offerings across a range of fields.
Classifications are time-specific snapshots of institutional attributes and behavior based on 2016-17 data. For the methodology, go to http://carnegieclassifications.iu.edu/definitions.php

Postbaccalaureate: Single program - Education - Awarded master's or professional practice/other doctoral degrees in education as their only postbaccalaureate program.
Postbaccalaureate: Single program - Business -  Awarded master's or professional practice/other doctoral degrees in business as their only postbaccalaureate program.
Postbaccalaureate: Single program - Other - Awarded master's or professional practice/other doctoral degrees in a single field other than education or business as their only postbaccalaureate program.

Postbaccalaureate: Comprehensive programs - Awarded at least one master's degree or professional practice/other doctoral degrees in each of the humanities, social sciences, and STEM* fields, as well as such graduate degrees in one or more professional fields.
Postbaccalaureate: Arts & sciences-dominant - Awarded master's or professional practice/other doctoral degrees in some arts and sciences fields. They may also award master's or non-research doctoral degrees in other fields, but in lesser numbers.
Postbaccalaureate: Education-dominant, with arts & sciences - Awarded master's or professional practice/other doctoral degrees in both arts and sciences and professional fields, and the field with the largest number of such graduate degrees was education.
Postbaccalaureate: Business-dominant, with arts & sciences - Awarded master's or professional practice/other doctoral degrees in both arts and sciences and professional fields, and the field with the largest number of such graduate degrees was business.
Postbaccalaureate: Other-dominant, with arts & sciences - Awarded master's or professional practice/other doctoral degrees in both arts and sciences and professional fields, and the field with the largest number of such graduate degrees was a professional field other than business or education.

Postbaccalaureate: Education-dominant, with other professional programs - Awarded master's or professional practice/other doctoral degrees in professional fields only, and the field with the largest number of such graduate degrees was education.
Postbaccalaureate: Business-dominant, with other professional programs - Awarded master's or professional practice/other doctoral degrees in professional fields only, and the field with the largest number of such graduate degrees was business.
Postbaccalaureate: Other-dominant, with other professional programs - Awarded master's or professional practice/other doctoral degrees in professional fields only, and the field with the largest number of such graduate degrees was a field other than business or education.

Research Doctoral: Single program - Education - Awarded research doctoral degrees in education but not in other fields (they may have more extensive offerings at the master's or professional practice/other doctoral level).
Research Doctoral: Single program - Other -  Awarded research doctoral degrees in a single field other than education (they may have more extensive offerings at the master's or professional practice/other doctoral level).
Research Doctoral: Comprehensive programs, with medical/veterinary school - Awarded research doctoral degrees in the humanities, social sciences, and STEM* fields, as well as in medicine, dentistry, and/or veterinary medicine. They also offer may also offer master's and professional practice/other doctoral degrees in other fields.
Research Doctoral: Comprehensive programs, no medical/veterinary school - Awarded research doctoral degrees in the humanities, social sciences, and STEM* fields. They may also offer master's or professional practice/other degrees in fields other than medicine, dentistry, or veterinary medicine.
Research Doctoral: Humanities/social sciences-dominant - Awarded research doctoral degrees in a range of fields, with the largest number of research doctorates in the humanities or social sciences.
Research Doctoral: STEM-dominant - Awarded research doctoral degrees in a range of fields, with the largest number of research doctorates in the STEM* fields.
Research Doctoral: Professional-dominant - Awarded research doctoral degrees in a range of fields, and the largest number of research doctorates were in professions other than engineering (such as education, health professions, law, public policy, or social work).

* STEM: Science, technology, engineering, and mathematics."
Description,52,15518,C18UGPRF,"The Undergraduate Profile Classification describes the undergraduate population with respect to three characteristics: the proportion of undergraduate students who attend part- or full-time; background academic achievement characteristics of first-year, first-time students; and the proportion of entering students who transfer in from another institution. Each of these captures important differences in the nature of the undergraduate population. They do not imply differences in the quality of undergraduate education, but they have implications for how an institution serves its students. Please see the Undergraduate Profile Methodology for more detail regarding how this classification was calculated at http://carnegieclassifications.iu.edu/definitions.php.
 Classifications are time-specific snapshots of institutional attributes and behavior based on 2016-17 data.

Two-year
Higher part-time -  60 percent of undergraduates are enrolled part-time at these associate's degree granting institutions.
Mixed part/full-time - 40–59 percent of undergraduates are enrolled part-time at these associate's degree granting institutions.
Medium full-time -  10–39 percent of undergraduates are enrolled part-time at these associate's degree granting institutions.
Higher full-time -  Less than 10 percent of undergraduates enrolled part-time at these associate's degree granting institutions.

Four-year
Higher part-time - At least 40 percent of undergraduates are enrolled part-time at these bachelor's or higher degree granting institutions.
Medium full-time, inclusive, lower transfer-in - 60–79 percent of undergraduates are enrolled full-time at these bachelor's or higher degree granting institutions. These institutions either did not report test score data or the scores indicate that they extend educational opportunity to a wide range of students with respect to academic preparation and achievement. Fewer than 20 percent of entering undergraduates are transfer students.
Medium full-time, inclusive, higher transfer-in - 60–79 percent of undergraduates are enrolled full-time at these bachelor's or higher degree granting institutions. These institutions either did not report test score data or the scores indicate that they extend educational opportunity to a wide range of students with respect to academic preparation and achievement. At least 20 percent of entering undergraduates are transfer students.
Medium full-time, selective or more selective, lower transfer-in - 60–79 percent of undergraduates are enrolled full-time at these bachelor's or higher degree granting institutions. Test score data for first-year students indicate that these institutions are selective or more selective in admissions. Fewer than 20 percent of entering undergraduates are transfer students.
Medium full-time, selective or more selective, higher transfer-in - 60–79 percent of undergraduates are enrolled full-time at these bachelor's or higher degree granting institutions. Test score data for first-year students indicate that these institutions are selective or more selective in admissions. At least 20 percent of entering undergraduates are transfer students.
Full-time, inclusive, lower transfer-in - At least 80 percent of undergraduates are enrolled full-time at these bachelor's or higher degree granting institutions. These institutions either did not report test score data or the scores indicate that they extend educational opportunity to a wide range of students with respect to academic preparation and achievement. Fewer than 20 percent of entering undergraduates are transfer students.
Full-time, inclusive, higher transfer-in - At least 80 percent of undergraduates are enrolled full-time at these bachelor's or higher degree granting institutions. These institutions either did not report test score data or the scores indicate that they extend educational opportunity to a wide range of students with respect to academic preparation and achievement. At least 20 percent of entering undergraduates are transfer students.

Full-time, selective, lower transfer-in - At least 80 percent of undergraduates are enrolled full-time at these bachelor's or higher degree granting institutions. Test score data for first-year students indicate that these institutions are selective in admissions (40th to 80th percentile of selectivity among all baccalaureate institutions). Fewer than 20 percent of entering undergraduates are transfer students.
Full-time, selective, higher transfer-in - At least 80 percent of undergraduates are enrolled full-time at these bachelor's or higher degree granting institutions. Test score data for first-year students indicate that these institutions are selective in admissions (40th to 80th percentile of selectivity among all baccalaureate institutions). At least 20 percent of entering undergraduates are transfer students.
Full-time, more selective, lower transfer-in - At least 80 percent of undergraduates are enrolled full-time at these bachelor's or higher degree granting institutions. Test score data for first-year students indicate that these institutions are more selective in admissions (80th to 100th percentile of selectivity among all baccalaureate institutions). Fewer than 20 percent of entering undergraduates are transfer students.
Full-time, more selective, higher transfer-in - At least 80 percent of undergraduates are enrolled full-time at these bachelor's or higher degree granting institutions. Test score data for first-year students indicate that these institutions are more selective in admissions (80th to 100th percentile of selectivity among all baccalaureate institutions). At least 20 percent of entering undergraduates are transfer students."
Description,53,15519,C18ENPRF,"Enrollment Profile Classification provides a bird's eye view of the student population by grouping institutions according to the mix of students enrolled at the undergraduate and graduate levels. Exclusively undergraduate institutions are further disaggregated by level (two-year and four-year). For institutions with both undergraduate and graduate students, institutions are grouped according to the distribution of full-time equivalent (FTE*) students across the two levels, giving an approximate measure of the student population's ""center of gravity."" As a result, it reflects important differences with respect to educational mission as well as institutional climate and culture—differences that can have implications for infrastructure, services, and resource allocation. For more information regarding how this classification is calculated, go to http://carnegieclassifications.iu.edu/definitions.php. Classifications are time-specific snapshots of institutional attributes and behavior based on 2016-17 data.

Exclusively undergraduate two-year - Only undergraduates enrolled at these associate's degree granting institutions.

Exclusively undergraduate four-year - Only undergraduates enrolled at these bachelor's or higher degree granting institutions.

Very high undergraduate - Undergraduate and graduate students enrolled, with the latter group accounting for less than 10 % of FTE* enrollment.

High undergraduate - Undergraduate and graduate students enrolled, with the latter group accounting for 10–24 % of FTE* enrollment.

Majority undergraduate - Undergraduate and graduate students enrolled, with the latter group accounting for 25–49 % of FTE* enrollment.

Majority graduate - Undergraduate and graduate students enrolled, with the latter group accounting for at least half of FTE* enrollment.

Exclusively graduate - Only graduate students enrolled.

*FTE: Full-time equivalent enrollment was calculated as full-time headcount plus one-third part-time headcount."
Description,54,15520,C18SZSET,"The Size and Setting Classification describes institutions' size (student population) and residential character. Because residential character applies to the undergraduate student body, exclusively graduate institutions are not included. For the full definition and methodology go to http://carnegieclassifications.iu.edu/definitions.php. Classifications are time-specific snapshots of institutional attributes and behavior based on 2016-17 data.

Two year 

Very small -  FTE* enrollment of fewer than 500 students at these associate's degree granting institutions.
Small -  FTE* enrollment of 500–1,999 students at these associate's degree granting institutions.
Medium -  FTE* enrollment of 2,000–4,999 students at these associate's degree granting institutions.
Large - FTE* enrollment of 5,000–9,999 students at these associate's degree granting institutions.
Very large - FTE* enrollment of at least 10,000 students at these associate's degree granting institutions.

Four-year

Very small Primarily nonresidential - FTE* enrollment of fewer than 1,000 degree-seeking students at these bachelor's or higher degree granting institutions. Fewer than 25 % of degree-seeking undergraduates live on campus** and/or fewer than 50 % attend full time (includes exclusively distance education institutions).
Very small Primarily residential - FTE* enrollment of fewer than 1,000 degree-seeking students at these bachelor's or higher degree granting institutions. 25-49 % of degree-seeking undergraduates live on campus** and at least 50 % attend full time.
Very small Highly residential - FTE* enrollment of fewer than 1,000 degree-seeking students at these bachelor's or higher degree granting institutions. At least half of degree-seeking undergraduates live on campus** and at least 80 % attend full time.

Small Primarily nonresidential - FTE* enrollment of 1,000–2,999 degree-seeking students at these bachelor's or higher degree granting institutions. Fewer than 25 % of degree-seeking undergraduates live on campus** and/or fewer than 50 % attend full time (includes exclusively distance education institutions).
Small Primarily residential -  FTE* enrollment of 1,000–2,999 degree-seeking students at these bachelor's or higher degree granting institutions. 25-49 % of degree-seeking undergraduates live on campus** and at least 50 % attend full time.
Small Highly residential - FTE* enrollment of 1,000–2,999 degree-seeking students at these bachelor's or higher degree granting institutions. At least half of degree-seeking undergraduates live on campus** and at least 80 % attend full time.

Medium Primarily nonresidential - FTE* enrollment of 3,000–9,999 degree-seeking students at these bachelor's or higher degree granting institutions. Fewer than 25 % of degree-seeking undergraduates live on campus** and/or fewer than 50 % attend full time (includes exclusively distance education institutions).
Medium Primarily residential - FTE* enrollment of 3,000–9,999 degree-seeking students at these bachelor's or higher degree granting institutions. 25-49 % of degree-seeking undergraduates live on campus** and at least 50 % attend full time.
Medium Highly residential - FTE* enrollment of 3,000–9,999 degree-seeking students at these bachelor's or higher degree granting institutions. At least half of degree-seeking undergraduates live on campus** and at least 80 % attend full time.

Large Primarily nonresidential - FTE* enrollment of at least 10,000 degree-seeking students at these bachelor's or higher degree granting institutions. Fewer than 25 % of degree-seeking undergraduates live on campus** and/or fewer than 50 % attend full time (includes exclusively distance education institutions).
Large Primarily residential - FTE* enrollment of at least 10,000 degree-seeking students at these bachelor's or higher degree granting institutions. 25-49 % of degree-seeking undergraduates live on campus** and at least 50 % attend full time.
Large Highly residential - FTE* enrollment of at least 10,000 degree-seeking students at these bachelor's or higher degree granting institutions. At least half of degree-seeking undergraduates live on campus** and at least 80 % attend full time.

Exclusively graduate/professional - Fall enrollment data indicate that there are no undergraduates enrolled at these institutions. All enrolled students are in graduate-level programs.

*FTE: Full-time equivalent enrollment was calculated as full-time plus one-third part-time.
**On campus is defined as institutionally-owned, -controlled, or -affiliated housing."
Description,55,15515,C15BASIC,"The Basic Classification is an update of the traditional classification framework developed by the Carnegie Commission on Higher Education in 1970 to support its research program. The Basic Classification was published for use in 1973, and subsequently updated in 1976, 1987, 1994, 2000, 2005 and 2010 and 2015. The 2005 edition involved some significant changes from the previous releases by dividing Associate's colleges into subcategories and using a multi-measure research index to classify doctorate-granting institutions. The 2010 update retained the same classification structure as the 2005 edition. In the 2015 update, the Associate's Categories were substantially redefined and the categories of the Research Doctoral Universities changed (but not the calculation methodology). Please see the Basic Classification Methodology for details regarding how this classification is calculated.

Note: The ""shorthand"" labels for the Doctoral Universities and Master's Colleges and Universities were restored in the 2015 update to numeric sequences (R1, R2, R3, and M1, M2, M3) to denote that each one is based on differences in quantitative levels. For doctoral universities, the levels are based on a research activity index and for master's colleges and universities it is based on number of degrees conferred.

Doctoral Universities - Includes institutions that awarded at least 20 research/scholarship doctoral degrees during the update year (this does not include professional practice doctoral-level degrees, such as the JD, MD, PharmD, DPT, etc.). Excludes Special Focus Institutions and Tribal Colleges.

Master's Colleges and Universities - Generally includes institutions that awarded at least 50 master's degrees and fewer than 20 doctoral degrees during the update year (with occasional exceptions – see Methodology). Excludes Special Focus Institutions and Tribal Colleges.

Baccalaureate Colleges - Includes institutions where baccalaureate or higher degrees represent at least 50 percent of all degrees but where fewer than 50 master's degrees or 20 doctoral degrees were awarded during the update year. (Some institutions above the master's degree threshold are also included; see Methodology.) Excludes Special Focus Institutions and Tribal Colleges.

Baccalaureate/Associate's Colleges - Includes four-year colleges (by virtue of having at least one baccalaureate degree program) with fewer than 50 percent of degrees awarded at the associate's level. Excludes Special Focus Institutions and Tribal Colleges.

Associate's Colleges - Institutions at which the highest level degree awarded is an associate's degree. The institutions are sorted into nine categories based on the intersection of two factors: disciplinary focus (transfer, career & technical or mixed) and dominant student type (traditional, nontraditional or mixed). Excludes Special Focus Institutions and Tribal Colleges.

Special Focus Institutions- Institutions where a high concentration of degrees is in a single field or set of related fields. Excludes Tribal Colleges.

Tribal Colleges - Colleges and universities that are members of the American Indian Higher Education Consortium, as identified in IPEDS Institutional Characteristics.

Classifications are time-specific snapshots of institutional attributes and behavior based on 2013-14 data.

The methodology can be found at  http://carnegieclassifications.iu.edu/methodology/basic.php."
Description,56,15215,CCBASIC,"Carnegie Classification 2010 Update:  Basic Classification

To ensure continuity of the classification framework and to allow comparison across years, the 2010 Classification update retains the same structure of six parallel classifications, initially adopted in 2005. They are as follows: Basic Classification (the traditional Carnegie Classification Framework), Undergraduate and Graduate Instructional Program classifications, Enrollment Profile and Undergraduate Profile classifications, and Size & Setting classification. These classifications provide different lenses through which to view U.S. colleges and universities, offering researchers greater analytic flexibility. 

These classifications are time-specific snapshots of institutional attributes and behavior based on data from 2008 to 2010. and collectively they depict the most current landscape of U.S. colleges and universities.   Institutions might be classified differently using a different timeframe. Individual classifications are not updated with more recent data.

***Note- Carnegie classifications for IPEDS years 2005-2009,  are the 2005 classifications, which were based on time-specific snapshots of institutional attributes and behavior based on data from 2003 to 2005.

The Basic Classification is an update of the traditional classification framework developed by the Carnegie Commission on Higher Education in 1970 to support its research program, and later published in 1973 for use by other researchers. Although this classification has undergone many changes over the years, the current release involves some significant changes from previous editions.

Associate’s Colleges. Includes institutions where all degrees are at the associate's level, or where bachelor's degrees account for less than 10 percent of all undergraduate degrees. Excludes institutions eligible for classification as Tribal Colleges or Special Focus Institutions.

Assoc/Pub-R-S: Associate’s—Public Rural-serving Small
Assoc/Pub-R-M: Associate’s—Public Rural-serving Medium
Assoc/Pub-R-L: Associate’s—Public Rural-serving Large
Assoc/Pub-S-SC: Associate’s—Public Suburban-serving Single Campus
Assoc/Pub-S-MC: Associate’s—Public Suburban-serving Multicampus
Assoc/Pub-U-SC: Associate’s—Public Urban-serving Single Campus
Assoc/Pub-U-MC: Associate’s—Public Urban-serving Multicampus
Assoc/Pub-Spec: Associate’s—Public Special Use
Assoc/PrivNFP: Associate’s—Private Not-for-profit
Assoc/PrivFP: Associate’s—Private For-profit
Assoc/Pub2in4: Associate’s—Public 2-year Colleges under Universities
Assoc/Pub4: Associate’s—Public 4-year, Primarily Associate’s
Assoc/PrivNFP4: Associate’s—Private Not-for-profit 4-year, Primarily Associate’s
Assoc/PrivFP4: Associate’s—Private For-profit 4-year, Primarily Associate’s

Doctorate-granting Universities. Includes institutions that award at least 20 doctoral degrees per year (excluding doctoral-level degrees that qualify recipients for entry into professional practice, such as the JD, MD, PharmD, DPT, etc.) Excludes Special Focus Institutions and Tribal Colleges.

RU/VH: Research Universities (very high research activity)
RU/H: Research Universities (high research activity)
DRU: Doctoral/Research Universities

Master’s Colleges and Universities. Includes institutions that award at least 50 master's degrees per year. Excludes Special Focus Institutions and Tribal Colleges.

Master’s/L: Master’s Colleges and Universities (larger programs)
Master’s/M: Master’s Colleges and Universities (medium programs)
Master’s/S: Master’s Colleges and Universities (smaller programs)

Baccalaureate Colleges. Includes institutions where baccalaureate degrees represent at least 10 percent of all undergraduate degrees and that award fewer than 50 master's degrees or fewer than 20 doctoral degrees per year. Excludes Special Focus Institutions and Tribal Colleges.

Bac/A&S: Baccalaureate Colleges—Arts & Sciences
Bac/Diverse: Baccalaureate Colleges—Diverse Fields
Bac/Assoc: Baccalaureate/Associate’s Colleges

Special Focus Institutions. Institutions awarding baccalaureate or higher-level degrees where a high concentration of degrees is in a single field or set of related fields. Excludes Tribal Colleges.

Spec/Faith: Theological seminaries, Bible colleges, and other faith-related institutions
Spec/Medical: Medical schools and medical centers
Spec/Health: Other health profession schools
Spec/Engg: Schools of engineering
Spec/Tech: Other technology-related schools
Spec/Bus: Schools of business and management
Spec/Arts: Schools of art, music, and design
Spec/Law: Schools of law
Spec/Other: Other special-focus institutions
Tribal Colleges. Colleges and universities that are members of the American Indian Higher Education Consortium, as identified in IPEDS Institutional Characteristics.

Tribal: Tribal Colleges

For a complete description and technical details visit the Carnegie Foundation Website at www.carnegiefoundation.org/classifications/"
Description,57,10171,CARNEGIE,"The 2000 Carnegie Classification includes all colleges and universities in the United States that are degree-granting and accredited by an agency recognized by the U.S. Secretary of Education.
The 2000 edition classifies institutions based on their degree-granting activities from 1995-96 through 1997-98.

15 Doctoral/Research Universities--Extensive: These institutions typically offer a wide range of baccalaureate programs, and they are committed to graduate education through the doctorate.
They award 50 or more doctoral degrees per year across at least 15 disciplines/2

16 Doctoral/Research Universities--Intensive:
These institutions typically offer a wide range of
baccalaureate programs, and they are committed to
graduate education through the doctorate.
They award at least ten doctoral degrees/1 per year across three or more disciplines,2 or at least 20 doctoral degrees per year overall.

21 Master’s Colleges and Universities I: These institutions typically offer a wide range of baccalaureate programs, and they are committed to graduate education through the master’s degree.
They award 40 or more master’s degrees per year
across three or more disciplines/2.

22 Master’s (Comprehensive) Colleges and Universities II: These institutions typically offer a wide range of baccalaureate programs, and they are committed to graduate education through the master’s degree.  They award 20 or more master’s degrees per year.

31 Baccalaureate Colleges--Liberal Arts: These institutions are primarily undergraduate colleges with major emphasis on baccalaureate programs.
They award at least half of their baccalaureate degrees in liberal arts fields./3

32 Baccalaureate Colleges--General: These institutions are primarily undergraduate colleges with major emphasis on baccalaureate programs.
They award less than half of their baccalaureate degrees in liberal arts fields./3

33 Baccalaureate/Associate’s Colleges:
These institutions are undergraduate colleges where the majority of conferrals are at the subbaccalaureate level (associate’s degrees and certificates), but bachelor’s degrees account for at least ten percent of undergraduate awards.

40 Associate’s Colleges: These institutions offer associate’s degree and certificate programs but, with few exceptions, award no baccalaureate degrees./4

Specialized Institutions - These institutions offer degrees ranging from the bachelor’s to the doctorate, and typically award a majority of degrees in a single field. The list includes only
institutions that are listed as separate campuses in the Higher Education Directory.
Specialized institutions include:

51 Theological seminaries and other specialized faith-related institutions:
These institutions primarily offer religious instruction or train members of the clergy.

52 Medical schools and medical centers:
These institutions award most of their professional degrees in medicine. In some instances, they include other health professions programs, such as dentistry, pharmacy, or nursing.

53 Other separate health profession schools: These institutions award most of their degrees in such fields as chiropractic, nursing, pharmacy, or podiatry.

54 Schools of engineering and technology: These institutions award most of their bachelor’s or graduate degrees in technical fields of study.

55 Schools of business and management: These institutions award most of their bachelor’s or graduate degrees in business or business-related programs.

56 Schools of art, music, and design: These institutions award most of their bachelor's or graduate degrees in art, music, design, architecture, or some combination of such fields.

57 Schools of law: These institutions award most of their degrees in law. 

58 Teachers colleges: These institutions award most of their bachelor’s or graduate degrees in education or education-related fields.

59 Other specialized institutions: Institutions in this category include graduate centers, maritime academies, military institutes, and institutions that do not fit any other classification category.

60 Tribal Colleges and Universities: These colleges are, with few exceptions, tribally controlled and located on reservations.
They are all members of the American Indian Higher Education Consortium.

NOTES ON DEFINITIONS
1. Doctoral degrees are as defined in the Integrated Postsecondary Education Data System (IPEDS) of the U.S. Department of Education's National Center for Education Statistics (NCES).
This includes the Ph.D. in any field as well as other doctoral-level degrees such as the Doctor of Education, Doctor of Juridical Science, and Doctor of Public Health. It excludes doctoral-level degrees defined as first-professional degrees in IPEDS.
For more information, see http://nces.ed.gov/ipeds.

2. Distinct disciplines are determined by the 4-digit series of the Classification of Instructional Programs published by NCES. For
more information, see
http://nces.ed.gov/pubsearch/pubsinfo.asp?pubid=91396.

3. Liberal arts fields include the following fields (as listed in the Classification of Instructional Programs):
English language and literature/letters; foreign languages and literatures; biological sciences/life sciences; mathematics; philosophy and religion; physical sciences; psychology ; social sciences and history; visual and performing arts; area, ethnic, and cultural studies; liberal arts and sciences, general studies, and humanities; and multi/interdisciplinary studies.

4. This group includes community, junior, and technical colleges.
Source: Carnegie Foundation"
Description,58,15225,LANDGRNT,"Land Grant Institution

A land-grant college or university is an institution that has been designated by its state legislature or Congress to receive the benefits of the Morrill Acts of 1862 and 1890. The original mission of these institutions, as set forth in the first Morrill Act, was to teach agriculture, military tactics, and the mechanic arts as well as classical studies so that members of the working classes could obtain a liberal, practical education. 

Over the years, land-grant status has implied several types of federal support. The first Morrill Act provided grants in the form of federal lands to each state for the establishment of a public institution to fulfill the act's provisions. At different times money was appropriated through legislation such as the second Morrill Act and the Bankhead-Jones Act, although the funding provisions of these acts are no longer in effect. Today, the Nelson Amendment to the Morrill Act provides a permanent annual appropriation of $50,000 per state and territory. 

A key component of the land-grant system is the agricultural experiment station program created by the Hatch Act of 1887. The Hatch Act authorized direct payment of federal grant funds to each state to establish an agricultural experiment station in connection with the land-grant institution there. The amount of this appropriation varies from year to year and is determined for each state through a formula based on the number of small farmers there. A major portion of the federal funds must be matched by the state. 

To disseminate information gleaned from the experiment stations' research, the Smith-Lever Act of 1914 created a Cooperative Extension Service associated with each U.S. land-grant institution. This act authorized ongoing federal support for extension services, using a formula similar to the Hatch Act's to determine the amount of the appropriation. This act also requires that the states provide matching funds in order to receive the federal monies.


Passage of the First Morrill Act (1862) reflected a growing demand for agricultural and technical education in the United States. While a number of institutions had begun to expand upon the traditional classical curriculum, higher education was still widely unavailable to many agricultural and industrial workers. The Morrill Act was intended to provide a broad segment of the population with a practical education that had direct relevance to their daily lives.

The Second Morrill Act (1890) sought to extend access to higher education by providing additional endowments for all land-grants, but prohibiting distribution of money to states that made distinctions of race in admissions. However, states that provided a separate land-grant institution for blacks were eligible to receive the funds. The institutions that, as a result of this act, were founded or designated the land-grant for blacks in each of the then-segregated Southern states came to be known as ""the 1890 land-grants.""  Native American tribal colleges are sometimes called the ""1994 land-grants.""

For more information on Land Grant Institutions see www.nasulgc.org/publications/Land_Grant/land.htm"
Description,59,23357,INSTSIZE,"Institution size category based on total students enrolled for credit, Fall 2019"
Description,60,16066,F1SYSTYP,"Multi-institution or multi-campus organization

Is the institution part of a multi-institution or multi-campus organization that owns, governs, or controls the institution?

A multi-institution or multi-campus organization includes organizations with two or more institutions or campuses.

Non-postsecondary education agencies that govern or control institutions include, but are not limited to, public school districts, art organizations, hospitals and other medical/health organizations.

Not included are:

coordinating systems
single institution owner
single institution corporate name
single institution governing board
consortia
associations
religious affiliation (requested in control question)"
Description,61,16071,F1SYSNAM,"Name of multi-institution or multi-campus organization

Is the institution part of a multi-institution or multi-campus organization that owns, governs, or controls the institution?

A multi-institution or multi-campus organization includes organizations with two or more institutions or campuses.

Non-postsecondary education agencies that govern or control institutions include, but are not limited to, public school districts, art organizations, hospitals and other medical/health organizations.

Not included are:

coordinating systems
single institution owner
single institution corporate name
single institution governing board
consortia
associations
religious affiliation (requested in control question)"
Description,62,16070,F1SYSCOD,"Identification number of multi-institution or multi-campus organization

A multi-institution or multi-campus organization includes organizations with two or more institutions or campuses.

Non-postsecondary education agencies that govern or control institutions include, but are not limited to, public school districts, art organizations, hospitals and other medical/health organizations.

Not included are:

coordinating systems
single institution owner
single institution corporate name
single institution governing board
consortia
associations
religious affiliation (requested in control question)"
Description,63,16086,CBSA,"Core Based Statistical Area (CBSA) - 5-digit code that identifies the Core Based Statistical Area,that an institution's address is associated with.  If an institution is not associated with a CBSA the value of this variable is not applicable (-2).

A CBSA is a geographic entity consisting of the county or counties associated with at least one core (urbanized area or urban cluster) of at least 10,000 population, plus adjacent counties having a high degree of social and economic integration with the core as measured through commuting ties with the counties containing the core.  Metropolitan and Micropolitan Statistical Areas are the two categories of Core Based Statistical Areas.

Metropolitan Statistical Area - A Core Based Statistical Area associated with at least one urbanized area that has a population of at least 50,000. 

Micropolitan Statistical Area - A Core Based Statistical Area associated with at least one urban cluster that has a population of at least 10,000, but less than 50,000.

To identify whether a CBSA is a Metropolitan Statistical Area or Micropolitan Statistical Area see variable CBSATYPE - CBSA Type Metropolitan or Micropolitan.

For more information see http://www.whitehouse.gov/omb/inforeg/statpolicy.html#ms."
Description,64,16091,CBSATYPE,"CBSA Type Metropolitan or Micropolitan - Indicates whether the CBSA is a metropolitan or micropolitan statistical area.

Metropolitan Statistical Area - A Core Based Statistical Area associated with at least one urbanized area that has a population of at least 50,000. 

Micropolitan Statistical Area - A Core Based Statistical Area associated with at least one urban cluster that has a population of at least 10,000, but less than 50,000.

For more information see http://www.whitehouse.gov/omb/inforeg/statpolicy.html#ms."
Description,65,16096,CSA,"Combined Statistical Area (CSA) - 3-digit code that identifies the Combined Statistical Area, that an institutions's address is associated with.  If an institution is not associated with a CSA the value of this variable is not applicable (-2).

A CSA is a geographic entity consisting of two or more adjacent Core Based Statistical Areas (CBSAs).  A Combined Statistical Area may comprise two or more Metropolitan Statistical Areas, a Metropolitan Statistical Area and a Micropolitan Statistical Area, two or more Micropolitan Statistical Areas, or multiple Metropolitan and Micropolitan Statistical Areas that have social and economic ties as measured by commuting, but at lower levels than are found among counties within Metropolitan and Micropolitan Statistical Areas.

For more information see http://www.whitehouse.gov/omb/inforeg/statpolicy.html#ms."
Description,66,16099,NECTA,"New England City and Town Area (NECTA) - 5-digit code that identifies the Core Based Statistical Area in New England, that an institution's address is associated with.  If an institution is not associated with a NECTA the value of this variable is not applicable (-2).

A NECTA is a statistical geographic entity that is defined using cities and towns as building blocks and that is conceptually similar to the Core Based Statistical Areas in New England (which are defined using counties as building blocks).

For more information see http://www.whitehouse.gov/omb/inforeg/statpolicy.html#ms."
Description,67,16116,COUNTYCD,FIPS county number (two digit FIPS state numeric code + three digits FIPS county code) based on the location of the school.
Description,68,16121,COUNTYNM,County name -  based on the location of the school.
Description,69,16126,CNGDSTCD,"Congressional district code based on the location of the school. FIPS numeric code for the congressional districts that are legislatively defined subdivision of the state for the purpose of electing representatives to the House of Representative of the United States Congress. The first two digits are the FIPS state numeric code, which makes the congressional district code unique across states The Congressional Districts Codes are two-digit numeric codes used to represent the congressional districts of each multi-district state of the United States. For example, the First Congressional District is identified as “01,” the Second Congressional District as “02,” etc. The Congressional District in a state with only a single representative elected “at large” is designated as “00.” In the 114h Congress, this applies to Alaska, Delaware, Montana, North Dakota, South Dakota, Vermont, and Wyoming. For an entity with a nonvoting delegate—the District of Columbia, American Samoa, Guam, Puerto Rico (whose delegate is referred to as a “resident commissioner”), and the U.S. Virgin Islands—the representational area is designated as “98.” Those entities with no representation in the Congress—the Northern Mariana Islands, Palau, and the several U.S. minor outlying islands are designated as “-2.”"
Description,70,16106,LONGITUD,"Longitude: Based on the location of the school, the value of LONGITUD ranges from -170 to 171. The minus sign (-) indicates west of the prime meridian. It contains an explicit decimal point. The digits to the left of the decimal point represent the number of degrees from the prime meridian; the digits to the right of the decimal point represent the fraction of the next degree carried out to six decimal places."
Description,71,16111,LATITUDE,"Latitude: Based on the location of the school, the value of LATITUDE ranges from -14 to 71. It contains an explicit decimal point. The digits to the left of the decimal represent the number of degrees from the equator; the digits to the right of the decimal represent the fraction of the next degree carried out to six decimal places."
Description,72,15230,DFRCGID,"Data Feedback Report comparison group category. - This indicator was used to create the automatic comparison groups in the IPEDS Data Feedback Report, when institutions did not provide their own comparison group. 

All institutions that participated in Title IV federal financial aid programs were first separated into degree-granting and nondegree-granting groups by control of institution (public, private not-for-profit and private for-profit). 

Degree-granting institutions were divided into the following groups using the institution category variable: graduate and 4-year primarily baccalaureate and above; 4-year primarily associate's; and 2-year degree-granting. The Carnegie Classification Basic 2018 was then used further classify degree-granting institutions within the 4 groups. The highest degree offered was used for 4-year degree-granting institutions that did not have a carnegie classification. 

The majority of nondegree-granting institutions were grouped by their largest program. The largest program was based on the largest program identified by the cipcode, that the institution reported on the student cost section of the institutional characteristics component. The programs are business (52), communications and communication technologies(09,10), cosmetology(12.04), engineering and engineering technologies(14,15) , manufacturing, construction, repair, and transportation (46,47,48,49) and health (51). All other cipcodes were combined for the other programs category. 

When the above methodolgy yielded small comparison groups (< 4 schools), groups of different controls maybe combined or a 4-year primarily associates maybe combined with a 4-year baccalaureate and above group. 

When the above methodology yielded large groups (greater than 40), groups were further subdivided by size, based on 12-month enrollment, (See cosmetology groups above). 

Special groups were made for the Tribal colleges, U.S. service institutions, and institutions in other jurisdictions, such as Puerto Rico.

Prior to the 2018 data feedback reports Distance learning ""Only"" institutions were classified as one group. Beginning with the  2018 report distance learning ""Only"" were classified based on their Carnegie Classification."
Description,73,16000,DFRCUSCG,"Identifies institutions that created a custom comparison group for use in the IPEDS Data Feedback Report (DFR).

When using the by groups option to select instititutions in the Data Center, the custom comparison group is referenced as the ""Saved group"" and the comparison group created by NCES is referenced as the ""Automatic group"""
Frequencies,0,varnumber,varname,codevalue,valuelabel,frequency,percent
Frequencies,1,10016,STABBR,AL,Alabama,81,1.26
Frequencies,2,10016,STABBR,AK,Alaska,10,0.16
Frequencies,3,10016,STABBR,AZ,Arizona,116,1.8
Frequencies,4,10016,STABBR,AR,Arkansas,86,1.34
Frequencies,5,10016,STABBR,CA,California,700,10.87
Frequencies,6,10016,STABBR,CO,Colorado,98,1.52
Frequencies,7,10016,STABBR,CT,Connecticut,71,1.1000000000000001
Frequencies,8,10016,STABBR,DE,Delaware,19,0.3
Frequencies,9,10016,STABBR,DC,District of Columbia,25,0.39
Frequencies,10,10016,STABBR,FL,Florida,356,5.53
Frequencies,11,10016,STABBR,GA,Georgia,148,2.2999999999999998
Frequencies,12,10016,STABBR,HI,Hawaii,24,0.37
Frequencies,13,10016,STABBR,ID,Idaho,40,0.62
Frequencies,14,10016,STABBR,IL,Illinois,256,3.98
Frequencies,15,10016,STABBR,IN,Indiana,108,1.68
Frequencies,16,10016,STABBR,IA,Iowa,80,1.24
Frequencies,17,10016,STABBR,KS,Kansas,75,1.1599999999999999
Frequencies,18,10016,STABBR,KY,Kentucky,88,1.37
Frequencies,19,10016,STABBR,LA,Louisiana,115,1.79
Frequencies,20,10016,STABBR,ME,Maine,37,0.56999999999999995
Frequencies,21,10016,STABBR,MD,Maryland,82,1.27
Frequencies,22,10016,STABBR,MA,Massachusetts,152,2.36
Frequencies,23,10016,STABBR,MI,Michigan,168,2.61
Frequencies,24,10016,STABBR,MN,Minnesota,100,1.55
Frequencies,25,10016,STABBR,MS,Mississippi,56,0.87
Frequencies,26,10016,STABBR,MO,Missouri,150,2.33
Frequencies,27,10016,STABBR,MT,Montana,31,0.48
Frequencies,28,10016,STABBR,NE,Nebraska,43,0.67
Frequencies,29,10016,STABBR,NV,Nevada,39,0.61
Frequencies,30,10016,STABBR,NH,New Hampshire,38,0.59
Frequencies,31,10016,STABBR,NJ,New Jersey,165,2.56
Frequencies,32,10016,STABBR,NM,New Mexico,49,0.76
Frequencies,33,10016,STABBR,NY,New York,439,6.82
Frequencies,34,10016,STABBR,NC,North Carolina,167,2.59
Frequencies,35,10016,STABBR,ND,North Dakota,27,0.42
Frequencies,36,10016,STABBR,OH,Ohio,283,4.3899999999999997
Frequencies,37,10016,STABBR,OK,Oklahoma,104,1.61
Frequencies,38,10016,STABBR,OR,Oregon,80,1.24
Frequencies,39,10016,STABBR,PA,Pennsylvania,338,5.25
Frequencies,40,10016,STABBR,RI,Rhode Island,22,0.34
Frequencies,41,10016,STABBR,SC,South Carolina,96,1.49
Frequencies,42,10016,STABBR,SD,South Dakota,29,0.45
Frequencies,43,10016,STABBR,TN,Tennessee,154,2.39
Frequencies,44,10016,STABBR,TX,Texas,416,6.46
Frequencies,45,10016,STABBR,UT,Utah,69,1.07
Frequencies,46,10016,STABBR,VT,Vermont,22,0.34
Frequencies,47,10016,STABBR,VA,Virginia,146,2.27
Frequencies,48,10016,STABBR,WA,Washington,103,1.6
Frequencies,49,10016,STABBR,WV,West Virginia,73,1.1299999999999999
Frequencies,50,10016,STABBR,WI,Wisconsin,92,1.43
Frequencies,51,10016,STABBR,WY,Wyoming,10,0.16
Frequencies,52,10016,STABBR,AS,American Samoa,1,0.02
Frequencies,53,10016,STABBR,FM,Federated States of Micronesia,1,0.02
Frequencies,54,10016,STABBR,GU,Guam,3,0.05
Frequencies,55,10016,STABBR,MH,Marshall Islands,1,0.02
Frequencies,56,10016,STABBR,MP,Northern Marianas,1,0.02
Frequencies,57,10016,STABBR,PW,Palau,1,0.02
Frequencies,58,10016,STABBR,PR,Puerto Rico,155,2.41
Frequencies,59,10016,STABBR,VI,Virgin Islands,1,0.02
Frequencies,60,10026,FIPS,1,Alabama,81,1.26
Frequencies,61,10026,FIPS,2,Alaska,10,0.16
Frequencies,62,10026,FIPS,4,Arizona,116,1.8
Frequencies,63,10026,FIPS,5,Arkansas,86,1.34
Frequencies,64,10026,FIPS,6,California,700,10.87
Frequencies,65,10026,FIPS,8,Colorado,98,1.52
Frequencies,66,10026,FIPS,9,Connecticut,71,1.1000000000000001
Frequencies,67,10026,FIPS,10,Delaware,19,0.3
Frequencies,68,10026,FIPS,11,District of Columbia,25,0.39
Frequencies,69,10026,FIPS,12,Florida,356,5.53
Frequencies,70,10026,FIPS,13,Georgia,148,2.2999999999999998
Frequencies,71,10026,FIPS,15,Hawaii,24,0.37
Frequencies,72,10026,FIPS,16,Idaho,40,0.62
Frequencies,73,10026,FIPS,17,Illinois,256,3.98
Frequencies,74,10026,FIPS,18,Indiana,108,1.68
Frequencies,75,10026,FIPS,19,Iowa,80,1.24
Frequencies,76,10026,FIPS,20,Kansas,75,1.1599999999999999
Frequencies,77,10026,FIPS,21,Kentucky,88,1.37
Frequencies,78,10026,FIPS,22,Louisiana,115,1.79
Frequencies,79,10026,FIPS,23,Maine,37,0.56999999999999995
Frequencies,80,10026,FIPS,24,Maryland,82,1.27
Frequencies,81,10026,FIPS,25,Massachusetts,152,2.36
Frequencies,82,10026,FIPS,26,Michigan,168,2.61
Frequencies,83,10026,FIPS,27,Minnesota,100,1.55
Frequencies,84,10026,FIPS,28,Mississippi,56,0.87
Frequencies,85,10026,FIPS,29,Missouri,150,2.33
Frequencies,86,10026,FIPS,30,Montana,31,0.48
Frequencies,87,10026,FIPS,31,Nebraska,43,0.67
Frequencies,88,10026,FIPS,32,Nevada,39,0.61
Frequencies,89,10026,FIPS,33,New Hampshire,38,0.59
Frequencies,90,10026,FIPS,34,New Jersey,165,2.56
Frequencies,91,10026,FIPS,35,New Mexico,49,0.76
Frequencies,92,10026,FIPS,36,New York,439,6.82
Frequencies,93,10026,FIPS,37,North Carolina,167,2.59
Frequencies,94,10026,FIPS,38,North Dakota,27,0.42
Frequencies,95,10026,FIPS,39,Ohio,283,4.3899999999999997
Frequencies,96,10026,FIPS,40,Oklahoma,104,1.61
Frequencies,97,10026,FIPS,41,Oregon,80,1.24
Frequencies,98,10026,FIPS,42,Pennsylvania,338,5.25
Frequencies,99,10026,FIPS,44,Rhode Island,22,0.34
Frequencies,100,10026,FIPS,45,South Carolina,96,1.49
Frequencies,101,10026,FIPS,46,South Dakota,29,0.45
Frequencies,102,10026,FIPS,47,Tennessee,154,2.39
Frequencies,103,10026,FIPS,48,Texas,416,6.46
Frequencies,104,10026,FIPS,49,Utah,69,1.07
Frequencies,105,10026,FIPS,50,Vermont,22,0.34
Frequencies,106,10026,FIPS,51,Virginia,146,2.27
Frequencies,107,10026,FIPS,53,Washington,103,1.6
Frequencies,108,10026,FIPS,54,West Virginia,73,1.1299999999999999
Frequencies,109,10026,FIPS,55,Wisconsin,92,1.43
Frequencies,110,10026,FIPS,56,Wyoming,10,0.16
Frequencies,111,10026,FIPS,60,American Samoa,1,0.02
Frequencies,112,10026,FIPS,64,Federated States of Micronesia,1,0.02
Frequencies,113,10026,FIPS,66,Guam,3,0.05
Frequencies,114,10026,FIPS,68,Marshall Islands,1,0.02
Frequencies,115,10026,FIPS,69,Northern Marianas,1,0.02
Frequencies,116,10026,FIPS,70,Palau,1,0.02
Frequencies,117,10026,FIPS,72,Puerto Rico,155,2.41
Frequencies,118,10026,FIPS,78,Virgin Islands,1,0.02
Frequencies,119,10031,OBEREG,0,U.S. Service schools,7,0.11
Frequencies,120,10031,OBEREG,1,"New England (CT, ME, MA, NH, RI, VT)",341,5.3
Frequencies,121,10031,OBEREG,2,"Mid East (DE, DC, MD, NJ, NY, PA)",1065,16.54
Frequencies,122,10031,OBEREG,3,"Great Lakes (IL, IN, MI, OH, WI)",906,14.07
Frequencies,123,10031,OBEREG,4,"Plains (IA, KS, MN, MO, NE, ND, SD)",504,7.83
Frequencies,124,10031,OBEREG,5,"Southeast (AL, AR, FL, GA, KY, LA, MS, NC, SC, TN, VA, WV)",1566,24.32
Frequencies,125,10031,OBEREG,6,"Southwest (AZ, NM, OK, TX)",685,10.64
Frequencies,126,10031,OBEREG,7,"Rocky Mountains (CO, ID, MT, UT, WY)",247,3.84
Frequencies,127,10031,OBEREG,8,"Far West (AK, CA, HI, NV, OR, WA)",955,14.83
Frequencies,128,10031,OBEREG,9,"Other U.S. jurisdictions (AS, FM, GU, MH, MP, PR, PW, VI)",164,2.5499999999999998
Frequencies,129,10076,OPEFLAG,1,Participates in Title IV federal financial aid programs,6126,95.12
Frequencies,130,10076,OPEFLAG,2,Branch campus of a main campus that participates in Title IV,90,1.4
Frequencies,131,10076,OPEFLAG,3,Deferment only - limited participation,26,0.4
Frequencies,132,10076,OPEFLAG,8,New participants (became eligible during spring collection),1,0.02
Frequencies,133,10076,OPEFLAG,5,"Not currently participating in Title IV, has an OPE ID number",163,2.5299999999999998
Frequencies,134,10076,OPEFLAG,6,"Not currently participating in Title IV, does not have OPE ID number",31,0.48
Frequencies,135,10076,OPEFLAG,7,Stopped participating during the survey year,3,0.05
Frequencies,136,10086,SECTOR,0,Administrative Unit,72,1.1200000000000001
Frequencies,137,10086,SECTOR,1,"Public, 4-year or above",806,12.52
Frequencies,138,10086,SECTOR,2,"Private not-for-profit, 4-year or above",1673,25.98
Frequencies,139,10086,SECTOR,3,"Private for-profit, 4-year or above",367,5.7
Frequencies,140,10086,SECTOR,4,"Public, 2-year",930,14.44
Frequencies,141,10086,SECTOR,5,"Private not-for-profit, 2-year",147,2.2799999999999998
Frequencies,142,10086,SECTOR,6,"Private for-profit, 2-year",588,9.1300000000000008
Frequencies,143,10086,SECTOR,7,"Public, less-than 2-year",235,3.65
Frequencies,144,10086,SECTOR,8,"Private not-for-profit, less-than 2-year",66,1.02
Frequencies,145,10086,SECTOR,9,"Private for-profit, less-than 2-year",1504,23.35
Frequencies,146,10086,SECTOR,99,Sector unknown (not active),52,0.81
Frequencies,147,10091,ICLEVEL,1,Four or more years,2898,45
Frequencies,148,10091,ICLEVEL,2,At least 2 but less than 4 years,1685,26.16
Frequencies,149,10091,ICLEVEL,3,Less than 2 years (below associate),1805,28.03
Frequencies,150,10091,ICLEVEL,-3,{Not available},52,0.81
Frequencies,151,10096,CONTROL,1,Public,2036,31.61
Frequencies,152,10096,CONTROL,2,Private not-for-profit,1889,29.33
Frequencies,153,10096,CONTROL,3,Private for-profit,2463,38.25
Frequencies,154,10096,CONTROL,-3,{Not available},52,0.81
Frequencies,155,10101,HLOFFER,1,Award of less than one academic year,176,2.73
Frequencies,156,10101,HLOFFER,2,"At least 1, but less than 2 academic yrs",1629,25.3
Frequencies,157,10101,HLOFFER,3,Associate's degree,1110,17.239999999999998
Frequencies,158,10101,HLOFFER,4,"At least 2, but less than 4 academic yrs",575,8.93
Frequencies,159,10101,HLOFFER,5,Bachelor's degree,740,11.49
Frequencies,160,10101,HLOFFER,6,Postbaccalaureate certificate,14,0.22
Frequencies,161,10101,HLOFFER,7,Master's degree,737,11.44
Frequencies,162,10101,HLOFFER,8,Post-master's certificate,151,2.34
Frequencies,163,10101,HLOFFER,9,Doctor's degree,1256,19.5
Frequencies,164,10101,HLOFFER,-3,{Not available},52,0.81
Frequencies,165,10106,UGOFFER,1,Undergraduate degree or certificate offering,6085,94.49
Frequencies,166,10106,UGOFFER,2,No undergraduate offering,303,4.7
Frequencies,167,10106,UGOFFER,-3,{Not available},52,0.81
Frequencies,168,10111,GROFFER,1,Graduate degree or certificate offering,2158,33.51
Frequencies,169,10111,GROFFER,2,No graduate offering,4230,65.680000000000007
Frequencies,170,10111,GROFFER,-3,{Not available},52,0.81
Frequencies,171,10122,HDEGOFR1,11,Doctor's degree - research/scholarship and professional practice,517,8.0299999999999994
Frequencies,172,10122,HDEGOFR1,12,Doctor's degree - research/scholarship,334,5.19
Frequencies,173,10122,HDEGOFR1,13,Doctor's degree -  professional practice,333,5.17
Frequencies,174,10122,HDEGOFR1,14,Doctor's degree - other,72,1.1200000000000001
Frequencies,175,10122,HDEGOFR1,20,Master's degree,886,13.76
Frequencies,176,10122,HDEGOFR1,30,Bachelor's degree,750,11.65
Frequencies,177,10122,HDEGOFR1,40,Associate's degree,1358,21.09
Frequencies,178,10122,HDEGOFR1,0,Non-degree granting,2138,33.200000000000003
Frequencies,179,10122,HDEGOFR1,-3,{Not available},52,0.81
Frequencies,180,10126,DEGGRANT,1,Degree-granting,4250,65.989999999999995
Frequencies,181,10126,DEGGRANT,2,"Nondegree-granting, primarily postsecondary",2138,33.200000000000003
Frequencies,182,10126,DEGGRANT,-3,{Not available},52,0.81
Frequencies,183,10151,HBCU,1,Yes,102,1.58
Frequencies,184,10151,HBCU,2,No,6338,98.42
Frequencies,185,10156,HOSPITAL,1,Yes,93,1.44
Frequencies,186,10156,HOSPITAL,2,No,2565,39.83
Frequencies,187,10156,HOSPITAL,-1,Not reported,35,0.54
Frequencies,188,10156,HOSPITAL,-2,Not applicable,3747,58.18
Frequencies,189,10161,MEDICAL,1,Yes,202,3.14
Frequencies,190,10161,MEDICAL,2,No,5971,92.72
Frequencies,191,10161,MEDICAL,-1,Not reported,63,0.98
Frequencies,192,10161,MEDICAL,-2,Not applicable,204,3.17
Frequencies,193,10166,TRIBAL,1,Yes,35,0.54
Frequencies,194,10166,TRIBAL,2,No,6405,99.46
Frequencies,195,10176,LOCALE,11,City: Large,1519,23.59
Frequencies,196,10176,LOCALE,12,City: Midsize,767,11.91
Frequencies,197,10176,LOCALE,13,City: Small,831,12.9
Frequencies,198,10176,LOCALE,21,Suburb: Large,1575,24.46
Frequencies,199,10176,LOCALE,22,Suburb: Midsize,191,2.97
Frequencies,200,10176,LOCALE,23,Suburb: Small,136,2.11
Frequencies,201,10176,LOCALE,31,Town: Fringe,124,1.93
Frequencies,202,10176,LOCALE,32,Town: Distant,432,6.71
Frequencies,203,10176,LOCALE,33,Town: Remote,326,5.0599999999999996
Frequencies,204,10176,LOCALE,41,Rural: Fringe,360,5.59
Frequencies,205,10176,LOCALE,42,Rural: Distant,116,1.8
Frequencies,206,10176,LOCALE,43,Rural: Remote,60,0.93
Frequencies,207,10176,LOCALE,-3,{Not available},3,0.05
Frequencies,208,10181,OPENPUBL,1,Institution is open to the public,6438,99.97
Frequencies,209,10181,OPENPUBL,0,Institution is not open to the public,2,0.03
Frequencies,210,10186,ACT,A,Active - institution active,6179,95.95
Frequencies,211,10186,ACT,N,New (active) - added during the current year,73,1.1299999999999999
Frequencies,212,10186,ACT,R,Restore (active) - restored to the current universe,26,0.4
Frequencies,213,10186,ACT,M,Closed in current year (active has data),36,0.56000000000000005
Frequencies,214,10186,ACT,C,Combined with other institution,24,0.37
Frequencies,215,10186,ACT,D,Delete out of business,24,0.37
Frequencies,216,10186,ACT,G,"Perfect child campus - data reported with main campus, but is listed on college navigator",78,1.21
Frequencies,217,10196,DEATHYR,2020,2019,84,1.3
Frequencies,218,10196,DEATHYR,-2,Not applicable,6356,98.7
Frequencies,219,10206,CYACTIVE,1,Yes,6314,98.04
Frequencies,220,10206,CYACTIVE,3,"No, closed, combined, or out-of-scope",126,1.96
Frequencies,221,10211,POSTSEC,1,Primarily postsecondary institution,6409,99.52
Frequencies,222,10211,POSTSEC,2,Not primarily postsecondary,31,0.48
Frequencies,223,10216,PSEFLAG,1,Active postsecondary institution,6256,97.14
Frequencies,224,10216,PSEFLAG,2,Not primarily postsecondary or open to public,58,0.9
Frequencies,225,10216,PSEFLAG,3,Not active,126,1.96
Frequencies,226,10221,PSET4FLG,1,Title IV postsecondary institution,6103,94.77
Frequencies,227,10221,PSET4FLG,2,Non-Title IV postsecondary institution,178,2.76
Frequencies,228,10221,PSET4FLG,3,Title IV NOT primarily postsecondary institution,30,0.47
Frequencies,229,10221,PSET4FLG,4,Non-Title IV NOT primarily postsecondary institution,1,0.02
Frequencies,230,10221,PSET4FLG,6,Non-Title IV postsecondary institution that is NOT open to the public,2,0.03
Frequencies,231,10221,PSET4FLG,9,Institution is not active in current universe,126,1.96
Frequencies,232,15055,RPTMTH,1,Student charges for full academic year and fall GR/SFA/retention rate cohort,3735,58
Frequencies,233,15055,RPTMTH,3,Student charges for full academic year and full-year GR/SFA/retention rate cohort,183,2.84
Frequencies,234,15055,RPTMTH,2,Student charges by program and full-year GR/SFA/retention rate cohort,2276,35.340000000000003
Frequencies,235,15055,RPTMTH,-1,Not reported,51,0.79
Frequencies,236,15055,RPTMTH,-2,Not applicable,195,3.03
Frequencies,237,15210,INSTCAT,1,"Degree-granting, graduate with no undergraduate degrees",306,4.75
Frequencies,238,15210,INSTCAT,2,"Degree-granting, primarily baccalaureate or above",2045,31.75
Frequencies,239,15210,INSTCAT,3,"Degree-granting, not primarily baccalaureate or above",420,6.52
Frequencies,240,15210,INSTCAT,4,"Degree-granting, associate's and certificates",1325,20.57
Frequencies,241,15210,INSTCAT,5,"Nondegree-granting, above the baccalaureate",5,0.08
Frequencies,242,15210,INSTCAT,6,"Nondegree-granting, sub-baccalaureate",2120,32.92
Frequencies,243,15210,INSTCAT,-1,Not reported,21,0.33
Frequencies,244,15210,INSTCAT,-2,Not applicable,198,3.07
Frequencies,245,15615,C18BASIC,1,Associate's Colleges: High Transfer-High Traditional,122,1.89
Frequencies,246,15615,C18BASIC,2,Associate's Colleges: High Transfer-Mixed Traditional/Nontraditional,118,1.83
Frequencies,247,15615,C18BASIC,3,Associate's Colleges: High Transfer-High Nontraditional,81,1.26
Frequencies,248,15615,C18BASIC,4,Associate's Colleges: Mixed Transfer/Vocational & Technical-High Traditional,123,1.91
Frequencies,249,15615,C18BASIC,5,Associate's Colleges: Mixed Transfer/Vocational & Technical-Mixed Traditional/Nontraditional,106,1.65
Frequencies,250,15615,C18BASIC,6,Associate's Colleges: Mixed Transfer/Vocational & Technical-High Nontraditional,110,1.71
Frequencies,251,15615,C18BASIC,7,Associate's Colleges: High Vocational & Technical-High Traditional,112,1.74
Frequencies,252,15615,C18BASIC,8,Associate's Colleges: High Vocational & Technical-Mixed Traditional/Nontraditional,89,1.38
Frequencies,253,15615,C18BASIC,9,Associate's Colleges: High Vocational & Technical-High Nontraditional,82,1.27
Frequencies,254,15615,C18BASIC,10,Special Focus Two-Year: Health Professions,206,3.2
Frequencies,255,15615,C18BASIC,11,Special Focus Two-Year: Technical Professions,53,0.82
Frequencies,256,15615,C18BASIC,12,Special Focus Two-Year: Arts & Design,26,0.4
Frequencies,257,15615,C18BASIC,13,Special Focus Two-Year: Other Fields,37,0.56999999999999995
Frequencies,258,15615,C18BASIC,14,Baccalaureate/Associate's Colleges: Associate's Dominant,105,1.63
Frequencies,259,15615,C18BASIC,15,Doctoral Universities: Very High Research Activity,132,2.0499999999999998
Frequencies,260,15615,C18BASIC,16,Doctoral Universities: High Research Activity,135,2.1
Frequencies,261,15615,C18BASIC,17,Doctoral/Professional Universities,145,2.25
Frequencies,262,15615,C18BASIC,18,Master's Colleges & Universities: Larger Programs,347,5.39
Frequencies,263,15615,C18BASIC,19,Master's Colleges & Universities: Medium Programs,191,2.97
Frequencies,264,15615,C18BASIC,20,Master's Colleges & Universities: Small Programs,129,2
Frequencies,265,15615,C18BASIC,21,Baccalaureate Colleges: Arts & Sciences Focus,237,3.68
Frequencies,266,15615,C18BASIC,22,Baccalaureate Colleges: Diverse Fields,291,4.5199999999999996
Frequencies,267,15615,C18BASIC,23,Baccalaureate/Associate's Colleges: Mixed Baccalaureate/Associate's,120,1.86
Frequencies,268,15615,C18BASIC,24,Special Focus Four-Year: Faith-Related Institutions,290,4.5
Frequencies,269,15615,C18BASIC,25,Special Focus Four-Year: Medical Schools & Centers,56,0.87
Frequencies,270,15615,C18BASIC,26,Special Focus Four-Year: Other Health Professions Schools,243,3.77
Frequencies,271,15615,C18BASIC,27,Special Focus Four-Year: Engineering Schools,7,0.11
Frequencies,272,15615,C18BASIC,28,Special Focus Four-Year: Other Technology-Related Schools,12,0.19
Frequencies,273,15615,C18BASIC,29,Special Focus Four-Year: Business & Management Schools,64,0.99
Frequencies,274,15615,C18BASIC,30,"Special Focus Four-Year: Arts, Music & Design Schools",89,1.38
Frequencies,275,15615,C18BASIC,31,Special Focus Four-Year: Law Schools,34,0.53
Frequencies,276,15615,C18BASIC,32,Special Focus Four-Year: Other Special Focus Institutions,35,0.54
Frequencies,277,15615,C18BASIC,33,Tribal Colleges,34,0.53
Frequencies,278,15615,C18BASIC,-2,"Not applicable, not in Carnegie universe (not accredited or nondegree-granting)",2479,38.49
Frequencies,279,15516,C18IPUG,1,Associate's Colleges: High Transfer,341,5.3
Frequencies,280,15516,C18IPUG,2,Associate's Colleges: Mixed Transfer/Career & Technical,309,4.8
Frequencies,281,15516,C18IPUG,3,Associate's Colleges: High Career & Technical,293,4.55
Frequencies,282,15516,C18IPUG,4,Special Focus: Two-Year Institution,322,5
Frequencies,283,15516,C18IPUG,5,Baccalaureate/Associates Colleges,359,5.57
Frequencies,284,15516,C18IPUG,6,"Arts & sciences focus, no graduate coexistence",90,1.4
Frequencies,285,15516,C18IPUG,7,"Arts & sciences focus, some graduate coexistence",29,0.45
Frequencies,286,15516,C18IPUG,8,"Arts & sciences focus, high graduate coexistence",38,0.59
Frequencies,287,15516,C18IPUG,9,"Arts & sciences plus professions, no graduate coexistence",73,1.1299999999999999
Frequencies,288,15516,C18IPUG,10,"Arts & sciences plus professions, some graduate coexistence",65,1.01
Frequencies,289,15516,C18IPUG,11,"Arts & sciences plus professions, high graduate coexistence",39,0.61
Frequencies,290,15516,C18IPUG,12,"Balanced arts & sciences/professions, no graduate coexistence",80,1.24
Frequencies,291,15516,C18IPUG,13,"Balanced arts & sciences/professions, some graduate coexistence",295,4.58
Frequencies,292,15516,C18IPUG,14,"Balanced arts & sciences/professions, high graduate coexistence",105,1.63
Frequencies,293,15516,C18IPUG,15,"Professions plus arts & sciences, no graduate coexistence",82,1.27
Frequencies,294,15516,C18IPUG,16,"Professions plus arts & sciences, some graduate coexistence",473,7.34
Frequencies,295,15516,C18IPUG,17,"Professions plus arts & sciences, high graduate coexistence",92,1.43
Frequencies,296,15516,C18IPUG,18,"Professions focus, no graduate coexistence",235,3.65
Frequencies,297,15516,C18IPUG,19,"Professions focus, some graduate coexistence",214,3.32
Frequencies,298,15516,C18IPUG,20,"Professions focus, high graduate coexistence",133,2.0699999999999998
Frequencies,299,15516,C18IPUG,0,Not Classified (Exclusively Graduate Programs),294,4.57
Frequencies,300,15516,C18IPUG,-2,"Not applicable, not in Carnegie universe (not accredited or nondegree-granting)",2479,38.49
Frequencies,301,15517,C18IPGRD,1,Postbaccalaureate: Single program-Education,38,0.59
Frequencies,302,15517,C18IPGRD,2,Postbaccalaureate: Single program-Business,47,0.73
Frequencies,303,15517,C18IPGRD,3,Postbaccalaureate: Single program-Other,239,3.71
Frequencies,304,15517,C18IPGRD,4,Postbaccalaureate: Comprehensive programs,95,1.48
Frequencies,305,15517,C18IPGRD,5,Postbaccalaureate: Arts & sciences-dominant,61,0.95
Frequencies,306,15517,C18IPGRD,6,"Postbaccalaureate: Education-dominant, with Arts & Sciences",103,1.6
Frequencies,307,15517,C18IPGRD,7,"Postbaccalaureate: Business-dominant, with Arts & Sciences",106,1.65
Frequencies,308,15517,C18IPGRD,8,"Postbaccalaureate: Other-dominant, with Arts & Sciences",155,2.41
Frequencies,309,15517,C18IPGRD,9,"Postbaccalaureate: Education-dominant, with other professional programs",106,1.65
Frequencies,310,15517,C18IPGRD,10,"Postbaccalaureate: Business-dominant, with other professional programs",121,1.88
Frequencies,311,15517,C18IPGRD,11,"Postbaccalaureate: Other-dominant, with other professional programs",202,3.14
Frequencies,312,15517,C18IPGRD,12,Research Doctoral: Single program-Education,88,1.37
Frequencies,313,15517,C18IPGRD,13,Research Doctoral: Single program-Other,140,2.17
Frequencies,314,15517,C18IPGRD,14,"Research Doctoral: Comprehensive programs, with medical/veterinary school",93,1.44
Frequencies,315,15517,C18IPGRD,15,"Research Doctoral: Comprehensive programs, no medical/veterinary school",81,1.26
Frequencies,316,15517,C18IPGRD,16,Research Doctoral: Humanities/social sciences-dominant,9,0.14000000000000001
Frequencies,317,15517,C18IPGRD,17,Research Doctoral: STEM-dominant,84,1.3
Frequencies,318,15517,C18IPGRD,18,Research Doctoral: Professional-dominant,167,2.59
Frequencies,319,15517,C18IPGRD,0,Not classified (Exclusively Undergraduate),2026,31.46
Frequencies,320,15517,C18IPGRD,-2,"Not applicable, not in Carnegie universe (not accredited or nondegree-granting)",2479,38.49
Frequencies,321,15518,C18UGPRF,1,"Two-year, higher part-time",540,8.39
Frequencies,322,15518,C18UGPRF,2,"Two-year, mixed part/full-time",325,5.05
Frequencies,323,15518,C18UGPRF,3,"Two-year, medium full-time",142,2.2000000000000002
Frequencies,324,15518,C18UGPRF,4,"Two-year, higher full-time",272,4.22
Frequencies,325,15518,C18UGPRF,5,"Four-year, higher part-time",369,5.73
Frequencies,326,15518,C18UGPRF,6,"Four-year, medium full-time, inclusive, lower transfer-in",32,0.5
Frequencies,327,15518,C18UGPRF,7,"Four-year, medium full-time, inclusive, higher transfer-in",238,3.7
Frequencies,328,15518,C18UGPRF,8,"Four-year, medium full-time, selective, lower transfer-in",4,0.06
Frequencies,329,15518,C18UGPRF,9,"Four-year, medium full-time , selective, higher transfer-in",136,2.11
Frequencies,330,15518,C18UGPRF,10,"Four-year, full-time, inclusive, lower transfer-in",213,3.31
Frequencies,331,15518,C18UGPRF,11,"Four-year, full-time, inclusive, higher transfer-in",422,6.55
Frequencies,332,15518,C18UGPRF,12,"Four-year, full-time, selective, lower transfer-in",209,3.25
Frequencies,333,15518,C18UGPRF,13,"Four-year, full-time, selective, higher transfer-in",332,5.16
Frequencies,334,15518,C18UGPRF,14,"Four-year, full-time, more selective, lower transfer-in",294,4.57
Frequencies,335,15518,C18UGPRF,15,"Four-year, full-time, more selective, higher transfer-in",133,2.0699999999999998
Frequencies,336,15518,C18UGPRF,0,Not classified (Exclusively Graduate),300,4.66
Frequencies,337,15518,C18UGPRF,-2,"Not applicable, not in Carnegie universe (not accredited or nondegree-granting)",2479,38.49
Frequencies,338,15519,C18ENPRF,1,Exclusively undergraduate two-year,1283,19.920000000000002
Frequencies,339,15519,C18ENPRF,2,Exclusively undergraduate four-year,668,10.37
Frequencies,340,15519,C18ENPRF,3,Very high undergraduate,633,9.83
Frequencies,341,15519,C18ENPRF,4,High undergraduate,623,9.67
Frequencies,342,15519,C18ENPRF,5,Majority undergraduate,306,4.75
Frequencies,343,15519,C18ENPRF,6,Majority graduate,174,2.7
Frequencies,344,15519,C18ENPRF,7,Exclusively graduate,274,4.25
Frequencies,345,15519,C18ENPRF,-2,"Not applicable, not in Carnegie universe (not accredited or nondegree-granting)",2479,38.49
Frequencies,346,15520,C18SZSET,1,"Two-year, very small",351,5.45
Frequencies,347,15520,C18SZSET,2,"Two-year, small",422,6.55
Frequencies,348,15520,C18SZSET,3,"Two-year, medium",302,4.6900000000000004
Frequencies,349,15520,C18SZSET,4,"Two-year, large",144,2.2400000000000002
Frequencies,350,15520,C18SZSET,5,"Two-year, very large",64,0.99
Frequencies,351,15520,C18SZSET,6,"Four-year, very small, primarily nonresidential",492,7.64
Frequencies,352,15520,C18SZSET,7,"Four-year, very small, primarily residential",89,1.38
Frequencies,353,15520,C18SZSET,8,"Four-year, very small, highly residential",267,4.1500000000000004
Frequencies,354,15520,C18SZSET,9,"Four-year, small, primarily nonresidential",178,2.76
Frequencies,355,15520,C18SZSET,10,"Four-year, small, primarily residential",159,2.4700000000000002
Frequencies,356,15520,C18SZSET,11,"Four-year, small, highly residential",376,5.84
Frequencies,357,15520,C18SZSET,12,"Four-year, medium, primarily nonresidential",197,3.06
Frequencies,358,15520,C18SZSET,13,"Four-year, medium, primarily residential",174,2.7
Frequencies,359,15520,C18SZSET,14,"Four-year, medium, highly residential",166,2.58
Frequencies,360,15520,C18SZSET,15,"Four-year, large, primarily nonresidential",132,2.0499999999999998
Frequencies,361,15520,C18SZSET,16,"Four-year, large, primarily residential",129,2
Frequencies,362,15520,C18SZSET,17,"Four-year, large, highly residential",43,0.67
Frequencies,363,15520,C18SZSET,18,Exclusively graduate/professional,276,4.29
Frequencies,364,15520,C18SZSET,-2,"Not applicable, not in Carnegie universe (not accredited or nondegree-granting)",2479,38.49
Frequencies,365,15515,C15BASIC,1,Associate's Colleges: High Transfer-High Traditional,164,2.5499999999999998
Frequencies,366,15515,C15BASIC,2,Associate's Colleges: High Transfer-Mixed Traditional/Nontraditional,126,1.96
Frequencies,367,15515,C15BASIC,3,Associate's Colleges: High Transfer-High Nontraditional,81,1.26
Frequencies,368,15515,C15BASIC,4,Associate's Colleges: Mixed Transfer/Career & Technical-High Traditional,105,1.63
Frequencies,369,15515,C15BASIC,5,Associate's Colleges: Mixed Transfer/Career & Technical-Mixed Traditional/Nontraditional,98,1.52
Frequencies,370,15515,C15BASIC,6,Associate's Colleges: Mixed Transfer/Career & Technical-High Nontraditional,121,1.88
Frequencies,371,15515,C15BASIC,7,Associate's Colleges: High Career & Technical-High Traditional,73,1.1299999999999999
Frequencies,372,15515,C15BASIC,8,Associate's Colleges: High Career & Technical-Mixed Traditional/Nontraditional,87,1.35
Frequencies,373,15515,C15BASIC,9,Associate's Colleges: High Career & Technical-High Nontraditional,131,2.0299999999999998
Frequencies,374,15515,C15BASIC,10,Special Focus Two-Year: Health Professions,170,2.64
Frequencies,375,15515,C15BASIC,11,Special Focus Two-Year: Technical Professions,43,0.67
Frequencies,376,15515,C15BASIC,12,Special Focus Two-Year: Arts & Design,24,0.37
Frequencies,377,15515,C15BASIC,13,Special Focus Two-Year: Other Fields,26,0.4
Frequencies,378,15515,C15BASIC,14,Baccalaureate/Associate's Colleges: Associate's Dominant,90,1.4
Frequencies,379,15515,C15BASIC,15,Doctoral Universities: Highest Research Activity,116,1.8
Frequencies,380,15515,C15BASIC,16,Doctoral Universities: Higher Research Activity,107,1.66
Frequencies,381,15515,C15BASIC,17,Doctoral Universities: Moderate Research Activity,103,1.6
Frequencies,382,15515,C15BASIC,18,Master's Colleges & Universities: Larger Programs,388,6.02
Frequencies,383,15515,C15BASIC,19,Master's Colleges & Universities: Medium Programs,207,3.21
Frequencies,384,15515,C15BASIC,20,Master's Colleges & Universities: Small Programs,133,2.0699999999999998
Frequencies,385,15515,C15BASIC,21,Baccalaureate Colleges: Arts & Sciences Focus,243,3.77
Frequencies,386,15515,C15BASIC,22,Baccalaureate Colleges: Diverse Fields,279,4.33
Frequencies,387,15515,C15BASIC,23,Baccalaureate/Associate's Colleges: Mixed Baccalaureate/Associate's,110,1.71
Frequencies,388,15515,C15BASIC,24,Special Focus Four-Year: Faith-Related Institutions,277,4.3
Frequencies,389,15515,C15BASIC,25,Special Focus Four-Year: Medical Schools & Centers,53,0.82
Frequencies,390,15515,C15BASIC,26,Special Focus Four-Year: Other Health Professions Schools,205,3.18
Frequencies,391,15515,C15BASIC,27,Special Focus Four-Year: Engineering Schools,7,0.11
Frequencies,392,15515,C15BASIC,28,Special Focus Four-Year: Other Technology-Related Schools,7,0.11
Frequencies,393,15515,C15BASIC,29,Special Focus Four-Year: Business & Management Schools,53,0.82
Frequencies,394,15515,C15BASIC,30,"Special Focus Four-Year: Arts, Music & Design Schools",84,1.3
Frequencies,395,15515,C15BASIC,31,Special Focus Four-Year: Law Schools,31,0.48
Frequencies,396,15515,C15BASIC,32,Special Focus Four-Year: Other Special Focus Institutions,28,0.43
Frequencies,397,15515,C15BASIC,33,Tribal Colleges,34,0.53
Frequencies,398,15515,C15BASIC,-2,"Not applicable, not in Carnegie universe (not accredited or nondegree-granting)",2636,40.93
Frequencies,399,15215,CCBASIC,1,Associate's--Public Rural-serving Small,112,1.74
Frequencies,400,15215,CCBASIC,2,Associate's--Public Rural-serving Medium,284,4.41
Frequencies,401,15215,CCBASIC,3,Associate's--Public Rural-serving Large,128,1.99
Frequencies,402,15215,CCBASIC,4,Associate's--Public Suburban-serving Single Campus,107,1.66
Frequencies,403,15215,CCBASIC,5,Associate's--Public Suburban-serving Multicampus,99,1.54
Frequencies,404,15215,CCBASIC,6,Associate's--Public Urban-serving Single Campus,31,0.48
Frequencies,405,15215,CCBASIC,7,Associate's--Public Urban-serving Multicampus,124,1.93
Frequencies,406,15215,CCBASIC,8,Associate's--Public Special Use,5,0.08
Frequencies,407,15215,CCBASIC,9,Associate's--Private Not-for-profit,69,1.07
Frequencies,408,15215,CCBASIC,10,Associate's--Private For-profit,264,4.0999999999999996
Frequencies,409,15215,CCBASIC,11,Associate's--Public 2-year colleges under 4-year universities,46,0.71
Frequencies,410,15215,CCBASIC,12,Associate's--Public 4-year Primarily Associate's,39,0.61
Frequencies,411,15215,CCBASIC,13,Associate's--Private Not-for-profit 4-year Primarily Associate's,17,0.26
Frequencies,412,15215,CCBASIC,14,Associate's--Private For-profit 4-year Primarily Associate's,21,0.33
Frequencies,413,15215,CCBASIC,15,Research Universities (very high research activity),109,1.69
Frequencies,414,15215,CCBASIC,16,Research Universities (high research activity),98,1.52
Frequencies,415,15215,CCBASIC,17,Doctoral/Research Universities,84,1.3
Frequencies,416,15215,CCBASIC,18,Master's Colleges and Universities (larger programs),379,5.89
Frequencies,417,15215,CCBASIC,19,Master's Colleges and Universities (medium programs),168,2.61
Frequencies,418,15215,CCBASIC,20,Master's Colleges and Universities (smaller programs),103,1.6
Frequencies,419,15215,CCBASIC,21,Baccalaureate Colleges--Arts & Sciences,252,3.91
Frequencies,420,15215,CCBASIC,22,Baccalaureate Colleges--Diverse Fields,334,5.19
Frequencies,421,15215,CCBASIC,23,Baccalaureate/Associate's Colleges,70,1.0900000000000001
Frequencies,422,15215,CCBASIC,24,"Theological seminaries, Bible colleges, and other faith-related institutions",248,3.85
Frequencies,423,15215,CCBASIC,25,Medical schools and medical centers,49,0.76
Frequencies,424,15215,CCBASIC,26,Other health professions schools,133,2.0699999999999998
Frequencies,425,15215,CCBASIC,27,Schools of engineering,6,0.09
Frequencies,426,15215,CCBASIC,28,Other technology-related schools,5,0.08
Frequencies,427,15215,CCBASIC,29,Schools of business and management,21,0.33
Frequencies,428,15215,CCBASIC,30,"Schools of art, music, and design",77,1.2
Frequencies,429,15215,CCBASIC,31,Schools of law,30,0.47
Frequencies,430,15215,CCBASIC,32,Other special-focus institutions,16,0.25
Frequencies,431,15215,CCBASIC,33,Tribal Colleges,33,0.51
Frequencies,432,15215,CCBASIC,-2,"Not applicable, not in Carnegie universe (not accredited or nondegree-granting)",2879,44.7
Frequencies,433,10171,CARNEGIE,15,Doctoral/Research Universities--Extensive,152,2.36
Frequencies,434,10171,CARNEGIE,16,Doctoral/Research Universities--Intensive,105,1.63
Frequencies,435,10171,CARNEGIE,21,Masters Colleges and Universities I,477,7.41
Frequencies,436,10171,CARNEGIE,22,Masters Colleges and Universities II,104,1.61
Frequencies,437,10171,CARNEGIE,31,Baccalaureate Colleges--Liberal Arts,216,3.35
Frequencies,438,10171,CARNEGIE,32,Baccalaureate Colleges--General,291,4.5199999999999996
Frequencies,439,10171,CARNEGIE,33,Baccalaureate/Associates Colleges,39,0.61
Frequencies,440,10171,CARNEGIE,40,Associates Colleges,1174,18.23
Frequencies,441,10171,CARNEGIE,51,Theological seminaries and other specialized faith-related institutions,218,3.39
Frequencies,442,10171,CARNEGIE,52,Medical schools and medical centers,42,0.65
Frequencies,443,10171,CARNEGIE,53,Other separate health profession schools,72,1.1200000000000001
Frequencies,444,10171,CARNEGIE,54,Schools of engineering and technology,20,0.31
Frequencies,445,10171,CARNEGIE,55,Schools of business and management,26,0.4
Frequencies,446,10171,CARNEGIE,56,"Schools of art, music, and design",60,0.93
Frequencies,447,10171,CARNEGIE,57,Schools of law,19,0.3
Frequencies,448,10171,CARNEGIE,58,Teachers colleges,5,0.08
Frequencies,449,10171,CARNEGIE,59,Other specialized institutions,41,0.64
Frequencies,450,10171,CARNEGIE,60,Tribal colleges,31,0.48
Frequencies,451,10171,CARNEGIE,-2,"Not applicable, not in Carnegie universe (not accredited or nondegree-granting)",3348,51.99
Frequencies,452,15225,LANDGRNT,1,Land Grant Institution,124,1.93
Frequencies,453,15225,LANDGRNT,2,Not a Land Grant Institution,6316,98.07
Frequencies,454,23357,INSTSIZE,1,"Under 1,000",3664,56.89
Frequencies,455,23357,INSTSIZE,2,"1,000 - 4,999",1530,23.76
Frequencies,456,23357,INSTSIZE,3,"5,000 - 9,999",473,7.34
Frequencies,457,23357,INSTSIZE,4,"10,000 - 19,999",311,4.83
Frequencies,458,23357,INSTSIZE,5,"20,000 and above",211,3.28
Frequencies,459,23357,INSTSIZE,-1,Not reported,56,0.87
Frequencies,460,23357,INSTSIZE,-2,Not applicable,195,3.03
Frequencies,461,16066,F1SYSTYP,1,Institution is part of a multi-institution or multi-campus organization,2499,38.799999999999997
Frequencies,462,16066,F1SYSTYP,2,Institution is NOT part of a multi-institution or multi-campus organization,3767,58.49
Frequencies,463,16066,F1SYSTYP,-1,Not reported,51,0.79
Frequencies,464,16066,F1SYSTYP,-2,Not applicable,123,1.91
Frequencies,465,16070,F1SYSCOD,101030,AL - Alabama Community College System,24,0.37
Frequencies,466,16070,F1SYSCOD,101040,AL - Auburn University,2,0.03
Frequencies,467,16070,F1SYSCOD,101050,AL - The University of Alabama System,4,0.06
Frequencies,468,16070,F1SYSCOD,102010,AK - University of Alaska System of Higher Education,4,0.06
Frequencies,469,16070,F1SYSCOD,104010,AZ - Arizona Board of Regents,6,0.09
Frequencies,470,16070,F1SYSCOD,104020,AZ - Maricopa Community College District,12,0.19
Frequencies,471,16070,F1SYSCOD,105010,AR - Arkansas State University System,7,0.11
Frequencies,472,16070,F1SYSCOD,105020,AR - Southern Arkansas University System,1,0.02
Frequencies,473,16070,F1SYSCOD,105030,AR - University of Arkansas System,12,0.19
Frequencies,474,16070,F1SYSCOD,106010,CA - California Community College System,95,1.48
Frequencies,475,16070,F1SYSCOD,106020,CA - California State University,24,0.37
Frequencies,476,16070,F1SYSCOD,106040,CA - Downey Unified School District,1,0.02
Frequencies,477,16070,F1SYSCOD,106050,CA - Los Angeles Community College District,8,0.12
Frequencies,478,16070,F1SYSCOD,106060,CA - San Bernardino Community College District,1,0.02
Frequencies,479,16070,F1SYSCOD,106070,CA - San Mateo County Community College District,3,0.05
Frequencies,480,16070,F1SYSCOD,106080,CA - University of California,11,0.17
Frequencies,481,16070,F1SYSCOD,106090,CA - West Valley Mission Community College District,1,0.02
Frequencies,482,16070,F1SYSCOD,106100,CA - Yuba Community College District,2,0.03
Frequencies,483,16070,F1SYSCOD,108010,CO - Colorado Community College System,13,0.2
Frequencies,484,16070,F1SYSCOD,108020,CO - Colorado State University System,4,0.06
Frequencies,485,16070,F1SYSCOD,108030,CO - Delta County School District 50-J,1,0.02
Frequencies,486,16070,F1SYSCOD,108040,CO - University of Colorado,4,0.06
Frequencies,487,16070,F1SYSCOD,109010,CT - Connecticut State Colleges and Universities,17,0.26
Frequencies,488,16070,F1SYSCOD,109030,CT - Connecticut Technical High School System,3,0.05
Frequencies,489,16070,F1SYSCOD,110010,DE - Delaware Technical and Community Colleges,2,0.03
Frequencies,490,16070,F1SYSCOD,111010,DC - University of the District of Columbia,1,0.02
Frequencies,491,16070,F1SYSCOD,112010,FL - Broward County Public Schools,3,0.05
Frequencies,492,16070,F1SYSCOD,112020,"FL - Collier County Public School District, Florida",1,0.02
Frequencies,493,16070,F1SYSCOD,112030,FL - Florida State Board of Education,12,0.19
Frequencies,494,16070,F1SYSCOD,112040,FL - Hillsborough Technical Colleges,2,0.03
Frequencies,495,16070,F1SYSCOD,112050,FL - Leon County School Board,1,0.02
Frequencies,496,16070,F1SYSCOD,112060,FL - Miami-Dade County Public Schools,1,0.02
Frequencies,497,16070,F1SYSCOD,112070,FL - Orange County Public Schools,3,0.05
Frequencies,498,16070,F1SYSCOD,112080,FL - Pasco County Schools,1,0.02
Frequencies,499,16070,F1SYSCOD,112090,FL - State University System of Florida,13,0.2
Frequencies,500,16070,F1SYSCOD,113010,GA - Technical College System of Georgia,22,0.34
Frequencies,501,16070,F1SYSCOD,113020,GA - University System of Georgia,27,0.42
Frequencies,502,16070,F1SYSCOD,115010,HI - University of Hawaii Board of Regents,11,0.17
Frequencies,503,16070,F1SYSCOD,116010,ID - Idaho State Board of Education,2,0.03
Frequencies,504,16070,F1SYSCOD,117010,IL - City Colleges of Chicago,8,0.12
Frequencies,505,16070,F1SYSCOD,117020,IL - Illinois Community College System,16,0.25
Frequencies,506,16070,F1SYSCOD,117030,IL - Southern Illinois University,3,0.05
Frequencies,507,16070,F1SYSCOD,117040,IL - University of Illinois Board of Trustees,4,0.06
Frequencies,508,16070,F1SYSCOD,118020,IN - Indiana University,6,0.09
Frequencies,509,16070,F1SYSCOD,118030,IN - Indiana University-Purdue University,1,0.02
Frequencies,510,16070,F1SYSCOD,118070,IN - Purdue University,3,0.05
Frequencies,511,16070,F1SYSCOD,118090,IN - The Trustees of Purdue University,1,0.02
Frequencies,512,16070,F1SYSCOD,119010,"IA - Board of Regents, State of Iowa",1,0.02
Frequencies,513,16070,F1SYSCOD,119020,IA - Iowa Valley Community College District,2,0.03
Frequencies,514,16070,F1SYSCOD,120010,KS - Kansas State University System,6,0.09
Frequencies,515,16070,F1SYSCOD,121010,KY - Kentucky Community and Technical College System,17,0.26
Frequencies,516,16070,F1SYSCOD,122010,LA - Louisiana Community and Technical College System,12,0.19
Frequencies,517,16070,F1SYSCOD,122020,LA - Louisiana State University System,6,0.09
Frequencies,518,16070,F1SYSCOD,122030,LA - Southern University System,5,0.08
Frequencies,519,16070,F1SYSCOD,122040,LA - The University of Louisiana System,10,0.16
Frequencies,520,16070,F1SYSCOD,123010,ME - Maine Community College System,7,0.11
Frequencies,521,16070,F1SYSCOD,123020,ME - University of Maine System,8,0.12
Frequencies,522,16070,F1SYSCOD,124010,MD - University System of Maryland,13,0.2
Frequencies,523,16070,F1SYSCOD,125010,MA - Massachusetts Community Colleges,15,0.23
Frequencies,524,16070,F1SYSCOD,125020,MA - Southern Worcester County Regional Vocational School District,1,0.02
Frequencies,525,16070,F1SYSCOD,125030,MA - University of Massachusetts,6,0.09
Frequencies,526,16070,F1SYSCOD,126010,MI - University of Michigan,2,0.03
Frequencies,527,16070,F1SYSCOD,127010,MN - Minnesota State Colleges and Universities,38,0.59
Frequencies,528,16070,F1SYSCOD,127020,MN - University of Minnesota,5,0.08
Frequencies,529,16070,F1SYSCOD,128010,MS - Mississippi Institutions of Higher Learning,9,0.14000000000000001
Frequencies,530,16070,F1SYSCOD,128020,MS - Mississippi State Board for Community and Junior Colleges,1,0.02
Frequencies,531,16070,F1SYSCOD,129030,MO - Harrisonville Cass R-IX School District,1,0.02
Frequencies,532,16070,F1SYSCOD,129050,MO - Marshall Public School System,1,0.02
Frequencies,533,16070,F1SYSCOD,129070,MO - Metropolitan Community Colleges,1,0.02
Frequencies,534,16070,F1SYSCOD,129080,MO - Missouri State University,2,0.03
Frequencies,535,16070,F1SYSCOD,129090,MO - Pike County R-3 School District,1,0.02
Frequencies,536,16070,F1SYSCOD,129120,MO - Rolla Public School District,1,0.02
Frequencies,537,16070,F1SYSCOD,129130,MO - Warrensburg School District,1,0.02
Frequencies,538,16070,F1SYSCOD,129140,MO - St Louis Community College District,1,0.02
Frequencies,539,16070,F1SYSCOD,129160,MO - University of Missouri System,5,0.08
Frequencies,540,16070,F1SYSCOD,129170,MO - Washington School District,1,0.02
Frequencies,541,16070,F1SYSCOD,130020,MT - Montana University System,8,0.12
Frequencies,542,16070,F1SYSCOD,131010,NE - Nebraska State College System,3,0.05
Frequencies,543,16070,F1SYSCOD,131020,NE - University of Nebraska,6,0.09
Frequencies,544,16070,F1SYSCOD,132010,NV - Nevada System of Higher Education,8,0.12
Frequencies,545,16070,F1SYSCOD,133010,NH - Community College System of New Hampshire,7,0.11
Frequencies,546,16070,F1SYSCOD,133020,NH - University System of New Hampshire,7,0.11
Frequencies,547,16070,F1SYSCOD,134010,NJ - Bergen County Technical Schools,1,0.02
Frequencies,548,16070,F1SYSCOD,134020,NJ - State of New Jersey,1,0.02
Frequencies,549,16070,F1SYSCOD,135010,NM - Eastern New Mexico University,3,0.05
Frequencies,550,16070,F1SYSCOD,135020,NM - New Mexico State University System,5,0.08
Frequencies,551,16070,F1SYSCOD,135030,NM - University of New Mexico,5,0.08
Frequencies,552,16070,F1SYSCOD,136010,NY - City University of New York,21,0.33
Frequencies,553,16070,F1SYSCOD,136020,NY - New York State Education Department,27,0.42
Frequencies,554,16070,F1SYSCOD,136040,NY - State University of New York System,60,0.93
Frequencies,555,16070,F1SYSCOD,137010,NC - Atrium Health,1,0.02
Frequencies,556,16070,F1SYSCOD,137020,NC - North Carolina Community College System,54,0.84
Frequencies,557,16070,F1SYSCOD,137030,NC - University of North Carolina,17,0.26
Frequencies,558,16070,F1SYSCOD,138010,ND - North Dakota University System,11,0.17
Frequencies,559,16070,F1SYSCOD,139020,OH - Cuyahoga Valley Career Center,1,0.02
Frequencies,560,16070,F1SYSCOD,139030,OH - Eastland-Fairfield Career and Technical Schools,1,0.02
Frequencies,561,16070,F1SYSCOD,139050,OH - Knox County Career County School Board,1,0.02
Frequencies,562,16070,F1SYSCOD,139060,OH - Ohio University,5,0.08
Frequencies,563,16070,F1SYSCOD,139065,OH - The Ohio State University-Main Campus,6,0.09
Frequencies,564,16070,F1SYSCOD,139090,OH - The University System of Ohio,14,0.22
Frequencies,565,16070,F1SYSCOD,139100,OH - Tri-Rivers JVSD,1,0.02
Frequencies,566,16070,F1SYSCOD,139110,OH - Vanguard-Sentinel Career Centers,1,0.02
Frequencies,567,16070,F1SYSCOD,139130,OH - Wayne County Joint Vocational School District,1,0.02
Frequencies,568,16070,F1SYSCOD,139140,OH - Willoughby-Eastlake City Schools,1,0.02
Frequencies,569,16070,F1SYSCOD,140020,OK - Oklahoma Department of Career and Technology Education,20,0.31
Frequencies,570,16070,F1SYSCOD,140030,OK - Oklahoma State System of Higher Education,13,0.2
Frequencies,571,16070,F1SYSCOD,140050,OK - Regional University System of Oklahoma,3,0.05
Frequencies,572,16070,F1SYSCOD,141010,OR - Community Colleges and Workforce Development,1,0.02
Frequencies,573,16070,F1SYSCOD,142020,PA - Joint Operating Committee for the ICTC,1,0.02
Frequencies,574,16070,F1SYSCOD,142030,PA - Joint Operating Committee of the Somerset County Technology,1,0.02
Frequencies,575,16070,F1SYSCOD,142050,PA - Pennsylvania State System of Higher Education,15,0.23
Frequencies,576,16070,F1SYSCOD,142060,PA - The Pennsylvania State University,1,0.02
Frequencies,577,16070,F1SYSCOD,142070,PA - University of Pittsburgh,5,0.08
Frequencies,578,16070,F1SYSCOD,144010,RI - Rhode Island Board of Education,3,0.05
Frequencies,579,16070,F1SYSCOD,145010,SC - South Carolina Commission of Higher Education,1,0.02
Frequencies,580,16070,F1SYSCOD,145020,SC - South Carolina Technical College System,16,0.25
Frequencies,581,16070,F1SYSCOD,145030,SC - University of South Carolina,8,0.12
Frequencies,582,16070,F1SYSCOD,146010,SD - South Dakota Board of Technical Education,4,0.06
Frequencies,583,16070,F1SYSCOD,146020,SD - South Dakota Board of Regents,6,0.09
Frequencies,584,16070,F1SYSCOD,147010,TN - TBR - The College System of Tennessee,40,0.62
Frequencies,585,16070,F1SYSCOD,147020,TN - The University of Tennessee System,5,0.08
Frequencies,586,16070,F1SYSCOD,148010,TX - Alamo Colleges,6,0.09
Frequencies,587,16070,F1SYSCOD,148013,TX - Dallas County Community College District,2,0.03
Frequencies,588,16070,F1SYSCOD,148020,TX - Texas A&M University System,12,0.19
Frequencies,589,16070,F1SYSCOD,148030,TX - Texas State Technical College System,1,0.02
Frequencies,590,16070,F1SYSCOD,148040,TX - Texas State University System,7,0.11
Frequencies,591,16070,F1SYSCOD,148050,TX - Texas Tech University System,5,0.08
Frequencies,592,16070,F1SYSCOD,148060,TX - The University of Texas System,15,0.23
Frequencies,593,16070,F1SYSCOD,148070,TX - University of Houston System,5,0.08
Frequencies,594,16070,F1SYSCOD,148080,TX - University of North Texas System,4,0.06
Frequencies,595,16070,F1SYSCOD,149020,UT - Utah System of Higher Education,16,0.25
Frequencies,596,16070,F1SYSCOD,150010,VT - Vermont State Colleges,5,0.08
Frequencies,597,16070,F1SYSCOD,151020,VA - Virginia Beach City Public Schools,1,0.02
Frequencies,598,16070,F1SYSCOD,151030,VA - Virginia Community College System,23,0.36
Frequencies,599,16070,F1SYSCOD,153010,WA - University of Washington,3,0.05
Frequencies,600,16070,F1SYSCOD,153020,WA - Washington State Board for Community and Technical Colleges,33,0.51
Frequencies,601,16070,F1SYSCOD,154010,WV - Cabell County School System,1,0.02
Frequencies,602,16070,F1SYSCOD,154020,WV - Mercer County Schools,1,0.02
Frequencies,603,16070,F1SYSCOD,154030,WV - Mineral County Schools,1,0.02
Frequencies,604,16070,F1SYSCOD,154040,WV - Monongalia County Board of Education,1,0.02
Frequencies,605,16070,F1SYSCOD,154050,WV - Raleigh County Board of Education,1,0.02
Frequencies,606,16070,F1SYSCOD,154060,WV - West Virginia Community and Technical College System,6,0.09
Frequencies,607,16070,F1SYSCOD,154070,"WV - West Virginia Department of Education, Fayette County Schools",1,0.02
Frequencies,608,16070,F1SYSCOD,154080,WV - West Virginia Higher Education Policy Commission,11,0.17
Frequencies,609,16070,F1SYSCOD,155010,WI - University of Wisconsin System,16,0.25
Frequencies,610,16070,F1SYSCOD,155020,WI - Wisconsin Technical College System,13,0.2
Frequencies,611,16070,F1SYSCOD,172010,PR - Puerto Rico State Department of Education,1,0.02
Frequencies,612,16070,F1SYSCOD,172020,PR - University of Puerto Rico,12,0.19
Frequencies,613,16070,F1SYSCOD,200030,Albany Medical Center,1,0.02
Frequencies,614,16070,F1SYSCOD,200040,Alegent Health,1,0.02
Frequencies,615,16070,F1SYSCOD,200060,American Academy of Dramatic Arts,2,0.03
Frequencies,616,16070,F1SYSCOD,200070,American Indian OIC,1,0.02
Frequencies,617,16070,F1SYSCOD,200080,Antioch University,8,0.12
Frequencies,618,16070,F1SYSCOD,200100,Arnot Ogden Medical Center,1,0.02
Frequencies,619,16070,F1SYSCOD,200110,Association for Research and Enlightenment,1,0.02
Frequencies,620,16070,F1SYSCOD,200130,Averett University,2,0.03
Frequencies,621,16070,F1SYSCOD,200140,Baker College System,1,0.02
Frequencies,622,16070,F1SYSCOD,200150,Baptist Health,1,0.02
Frequencies,623,16070,F1SYSCOD,200160,Baptist Memorial Health Care Corporation,1,0.02
Frequencies,624,16070,F1SYSCOD,200170,Bard College,1,0.02
Frequencies,625,16070,F1SYSCOD,200180,Barnes-Jewish Hospital,1,0.02
Frequencies,626,16070,F1SYSCOD,200190,Bellin Health Systems,1,0.02
Frequencies,627,16070,F1SYSCOD,200200,Beth Israel Medical Center,1,0.02
Frequencies,628,16070,F1SYSCOD,200220,Bethel University,2,0.03
Frequencies,629,16070,F1SYSCOD,200230,Bon Secours Mercy Health,2,0.03
Frequencies,630,16070,F1SYSCOD,200260,Caney Creek Community Center Inc.,1,0.02
Frequencies,631,16070,F1SYSCOD,200330,Center for Employment Training,12,0.19
Frequencies,632,16070,F1SYSCOD,200333,Center for Excellence in Higher Education,15,0.23
Frequencies,633,16070,F1SYSCOD,200340,Centra Health,1,0.02
Frequencies,634,16070,F1SYSCOD,200350,Central Methodist University,2,0.03
Frequencies,635,16070,F1SYSCOD,200380,Chapman University,2,0.03
Frequencies,636,16070,F1SYSCOD,200410,City College Inc.,5,0.08
Frequencies,637,16070,F1SYSCOD,200420,Cleveland Clinic,1,0.02
Frequencies,638,16070,F1SYSCOD,200430,Columbia International University,1,0.02
Frequencies,639,16070,F1SYSCOD,200440,Columbus College of Art and Design Board of Trustees,1,0.02
Frequencies,640,16070,F1SYSCOD,200445,Community HigherEd Institute,3,0.05
Frequencies,641,16070,F1SYSCOD,200448,Compass Rose Foundation,3,0.05
Frequencies,642,16070,F1SYSCOD,200450,Concordia University System,6,0.09
Frequencies,643,16070,F1SYSCOD,200475,Cornell University,2,0.03
Frequencies,644,16070,F1SYSCOD,200490,Cranbrook Educational Community,1,0.02
Frequencies,645,16070,F1SYSCOD,200500,Crouse Health Hospital Inc.,1,0.02
Frequencies,646,16070,F1SYSCOD,200505,Cyrus The Great International Online University,1,0.02
Frequencies,647,16070,F1SYSCOD,200510,Dominican University,1,0.02
Frequencies,648,16070,F1SYSCOD,200530,EDP University of Puerto Rico Inc.,5,0.08
Frequencies,649,16070,F1SYSCOD,200540,Ecclesia Inc.,1,0.02
Frequencies,650,16070,F1SYSCOD,200554,Embry-Riddle Aeronautical University Inc.,3,0.05
Frequencies,651,16070,F1SYSCOD,200570,General Health System,1,0.02
Frequencies,652,16070,F1SYSCOD,200580,Geneva General Hospital,2,0.03
Frequencies,653,16070,F1SYSCOD,200590,Goddard College Corporation,1,0.02
Frequencies,654,16070,F1SYSCOD,200600,Graceland University,1,0.02
Frequencies,655,16070,F1SYSCOD,200610,Graham Hospital,1,0.02
Frequencies,656,16070,F1SYSCOD,200620,Hallmark Health Systems Inc.,1,0.02
Frequencies,657,16070,F1SYSCOD,200630,Hazelden Foundation Board of Governors,1,0.02
Frequencies,658,16070,F1SYSCOD,200640,Hebrew Union College,1,0.02
Frequencies,659,16070,F1SYSCOD,200655,"Herzing University, LTD.",9,0.14000000000000001
Frequencies,660,16070,F1SYSCOD,200670,Holy Name Hospital,1,0.02
Frequencies,661,16070,F1SYSCOD,200680,Hood Theological Seminary Board of Trustees,1,0.02
Frequencies,662,16070,F1SYSCOD,200740,Iowa Health System,2,0.03
Frequencies,663,16070,F1SYSCOD,200750,JEVS Human Services,1,0.02
Frequencies,664,16070,F1SYSCOD,200760,JFK Health,1,0.02
Frequencies,665,16070,F1SYSCOD,200770,Jefferson Regional Medical System,1,0.02
Frequencies,666,16070,F1SYSCOD,200780,Johnson & Wales University,5,0.08
Frequencies,667,16070,F1SYSCOD,200783,Johnson University,2,0.03
Frequencies,668,16070,F1SYSCOD,200787,Kansas City University of Medicine and Biosciences,2,0.03
Frequencies,669,16070,F1SYSCOD,200790,Kettering Health Network,1,0.02
Frequencies,670,16070,F1SYSCOD,200800,Knights of Columbus Family Life Bureau Inc.,1,0.02
Frequencies,671,16070,F1SYSCOD,200810,Lewistown Hospital,1,0.02
Frequencies,672,16070,F1SYSCOD,200815,Linfield College,3,0.05
Frequencies,673,16070,F1SYSCOD,200820,Los Angeles Jewish Home,1,0.02
Frequencies,674,16070,F1SYSCOD,200860,Mayo Clinic,1,0.02
Frequencies,675,16070,F1SYSCOD,200880,Mercy,1,0.02
Frequencies,676,16070,F1SYSCOD,200890,Methodist Health System,1,0.02
Frequencies,677,16070,F1SYSCOD,200900,Methodist Medical Center of Illinois,1,0.02
Frequencies,678,16070,F1SYSCOD,200910,LECOM Health System,1,0.02
Frequencies,679,16070,F1SYSCOD,200913,Middlebury College,2,0.03
Frequencies,680,16070,F1SYSCOD,200930,National University System,3,0.05
Frequencies,681,16070,F1SYSCOD,200960,New England School of Law Corporation,1,0.02
Frequencies,682,16070,F1SYSCOD,200970,New York Botanical Garden,1,0.02
Frequencies,683,16070,F1SYSCOD,200990,Northwood University,1,0.02
Frequencies,684,16070,F1SYSCOD,201010,OSF Healthcare,2,0.03
Frequencies,685,16070,F1SYSCOD,201020,Ohio Valley General Hospital,1,0.02
Frequencies,686,16070,F1SYSCOD,201040,Palmer College Foundation,1,0.02
Frequencies,687,16070,F1SYSCOD,201050,Partners Health Care,1,0.02
Frequencies,688,16070,F1SYSCOD,201070,Pierce Mortuary Colleges Inc.,3,0.05
Frequencies,689,16070,F1SYSCOD,201090,Polytechnic University,2,0.03
Frequencies,690,16070,F1SYSCOD,201100,Pontifical Catholic University of Puerto Rico Inc.,3,0.05
Frequencies,691,16070,F1SYSCOD,201140,Providence Health and Services,1,0.02
Frequencies,692,16070,F1SYSCOD,201150,Reading Hospital and Medical Center,1,0.02
Frequencies,693,16070,F1SYSCOD,201160,Regis Corporation,1,0.02
Frequencies,694,16070,F1SYSCOD,201170,Remington College Inc.,14,0.22
Frequencies,695,16070,F1SYSCOD,201210,Reynolds Memorial Hospital Board of Directors,1,0.02
Frequencies,696,16070,F1SYSCOD,201220,Riverside Health System,1,0.02
Frequencies,697,16070,F1SYSCOD,201250,Saint Vincent College Corporation,1,0.02
Frequencies,698,16070,F1SYSCOD,201260,Sanford Health,1,0.02
Frequencies,699,16070,F1SYSCOD,201290,Shadow Mountain Ministries,1,0.02
Frequencies,700,16070,F1SYSCOD,201320,Sistema Universitario Ana G. Mendez,5,0.08
Frequencies,701,16070,F1SYSCOD,201330,Sor Isolina Ferre Centers Inc.,1,0.02
Frequencies,702,16070,F1SYSCOD,201350,Southeast Missouri Hospital,1,0.02
Frequencies,703,16070,F1SYSCOD,201390,Saint Joseph Hospital,1,0.02
Frequencies,704,16070,F1SYSCOD,201400,Saint Joseph's Hospital Health Center,1,0.02
Frequencies,705,16070,F1SYSCOD,201410,Saint Francis Medical Center,2,0.03
Frequencies,706,16070,F1SYSCOD,201420,Saint John's College,1,0.02
Frequencies,707,16070,F1SYSCOD,201430,Sutter Health,1,0.02
Frequencies,708,16070,F1SYSCOD,201440,TechMission,1,0.02
Frequencies,709,16070,F1SYSCOD,201460,The Chicago School of Professional Psychology,7,0.11
Frequencies,710,16070,F1SYSCOD,201470,The Claremont Colleges,1,0.02
Frequencies,711,16070,F1SYSCOD,201480,The RAND Corporation,1,0.02
Frequencies,712,16070,F1SYSCOD,201490,The Santa Barbara and Ventura Colleges of Law,2,0.03
Frequencies,713,16070,F1SYSCOD,201500,Touro College and University System,6,0.09
Frequencies,714,16070,F1SYSCOD,201510,Tri-City Baptist Ministries,1,0.02
Frequencies,715,16070,F1SYSCOD,201528,United Lutheran Seminary,1,0.02
Frequencies,716,16070,F1SYSCOD,201530,Universidad Interamericana de Puerto Rico,12,0.19
Frequencies,717,16070,F1SYSCOD,201540,Universidad Politecnica,1,0.02
Frequencies,718,16070,F1SYSCOD,201550,University of Pittsburgh Medical Center,4,0.06
Frequencies,719,16070,F1SYSCOD,201570,Whitworth University,2,0.03
Frequencies,720,16070,F1SYSCOD,201590,Word of Life Fellowship Inc.,1,0.02
Frequencies,721,16070,F1SYSCOD,201620,ECMC Education Inc.,3,0.05
Frequencies,722,16070,F1SYSCOD,300010,A Technological Advantage Inc.,3,0.05
Frequencies,723,16070,F1SYSCOD,300012,Adtalem Global Education,16,0.25
Frequencies,724,16070,F1SYSCOD,300032,American National University,2,0.03
Frequencies,725,16070,F1SYSCOD,300070,STVT-AAI Education Inc.,27,0.42
Frequencies,726,16070,F1SYSCOD,300100,Academy of Hair Design Inc.,7,0.11
Frequencies,727,16070,F1SYSCOD,300120,Acupuncture Center Inc.,2,0.03
Frequencies,728,16070,F1SYSCOD,300160,Allen School,3,0.05
Frequencies,729,16070,F1SYSCOD,300165,"Alliant International University, Inc.",1,0.02
Frequencies,730,16070,F1SYSCOD,300210,American Career College Inc.,3,0.05
Frequencies,731,16070,F1SYSCOD,300260,American Educational College Inc.,1,0.02
Frequencies,732,16070,F1SYSCOD,300280,American Higher Education Development Corporation,3,0.05
Frequencies,733,16070,F1SYSCOD,300290,American Institute,1,0.02
Frequencies,734,16070,F1SYSCOD,300320,American Public Education Inc.,1,0.02
Frequencies,735,16070,F1SYSCOD,300350,Arthur's Beauty College Inc.,4,0.06
Frequencies,736,16070,F1SYSCOD,300361,Aspen Group,2,0.03
Frequencies,737,16070,F1SYSCOD,300365,ATA Holding Corp,2,0.03
Frequencies,738,16070,F1SYSCOD,300380,Automeca Technical College Inc.,4,0.06
Frequencies,739,16070,F1SYSCOD,300390,Automotive Training Center Inc.,2,0.03
Frequencies,740,16070,F1SYSCOD,300400,Aveda Institute,22,0.34
Frequencies,741,16070,F1SYSCOD,300430,Babylon Beauty School of Smithtown Inc.,1,0.02
Frequencies,742,16070,F1SYSCOD,300450,Bayshire Academy of Beauty Craft Inc.,1,0.02
Frequencies,743,16070,F1SYSCOD,300470,Beauty Boutique Inc.,2,0.03
Frequencies,744,16070,F1SYSCOD,300490,Beauty Careers Institute Inc.,3,0.05
Frequencies,745,16070,F1SYSCOD,300500,Beauty First joint corporation,1,0.02
Frequencies,746,16070,F1SYSCOD,300510,Beauty World Corporation,1,0.02
Frequencies,747,16070,F1SYSCOD,300530,Berkeley College/Berkeley Education Services,2,0.03
Frequencies,748,16070,F1SYSCOD,300550,Bradford Schools Inc.,4,0.06
Frequencies,749,16070,F1SYSCOD,300570,ZOVIO,1,0.02
Frequencies,750,16070,F1SYSCOD,300580,Select Education Group,3,0.05
Frequencies,751,16070,F1SYSCOD,300620,"Brookline College, LLC",4,0.06
Frequencies,752,16070,F1SYSCOD,300623,Brown Aveda,2,0.03
Frequencies,753,16070,F1SYSCOD,300630,Bryan Career College Inc.,2,0.03
Frequencies,754,16070,F1SYSCOD,300650,Bryant & Stratton College,8,0.12
Frequencies,755,16070,F1SYSCOD,300670,Bullen and Wilson LLC,2,0.03
Frequencies,756,16070,F1SYSCOD,300690,Clido Inc.,1,0.02
Frequencies,757,16070,F1SYSCOD,300700,CNT CORPORATION,1,0.02
Frequencies,758,16070,F1SYSCOD,300760,Campus Hollywood,3,0.05
Frequencies,759,16070,F1SYSCOD,300800,Capri Schools of Beauty Culture Inc.,2,0.03
Frequencies,760,16070,F1SYSCOD,300810,Capri Training Centers Inc.,4,0.06
Frequencies,761,16070,F1SYSCOD,300820,Career Care Institute Inc.,1,0.02
Frequencies,762,16070,F1SYSCOD,300840,Perdoceo Education Corporation,4,0.06
Frequencies,763,16070,F1SYSCOD,300870,Career Management Systems,4,0.06
Frequencies,764,16070,F1SYSCOD,300910,Career Training Specialists LLC,3,0.05
Frequencies,765,16070,F1SYSCOD,300940,Center for Professional Studies Inc.,1,0.02
Frequencies,766,16070,F1SYSCOD,300970,Central State Beauty Academy,1,0.02
Frequencies,767,16070,F1SYSCOD,301005,Coachella Valley Beauty College Inc,2,0.03
Frequencies,768,16070,F1SYSCOD,301015,Cogswell Capital,18,0.28000000000000003
Frequencies,769,16070,F1SYSCOD,301040,College of Business and Technology Inc.,3,0.05
Frequencies,770,16070,F1SYSCOD,301080,Columbia College Corporation,2,0.03
Frequencies,771,16070,F1SYSCOD,301090,Columbia College Inc.,3,0.05
Frequencies,772,16070,F1SYSCOD,301100,Columbia Greene Beauty School Inc.,1,0.02
Frequencies,773,16070,F1SYSCOD,301110,Columbia Southern Education Group Inc.,2,0.03
Frequencies,774,16070,F1SYSCOD,301140,Community Health Systems,1,0.02
Frequencies,775,16070,F1SYSCOD,301160,Compu-Med Vocational Careers Corp,1,0.02
Frequencies,776,16070,F1SYSCOD,301180,Concorde Career Colleges Inc.,16,0.25
Frequencies,777,16070,F1SYSCOD,301290,Cosmetology Careers Unlimited Inc.,1,0.02
Frequencies,778,16070,F1SYSCOD,301300,Coyne American Institute Inc.,2,0.03
Frequencies,779,16070,F1SYSCOD,301310,Crystal Lake Academy Inc.,1,0.02
Frequencies,780,16070,F1SYSCOD,301330,D'Mart Institute Inc.,1,0.02
Frequencies,781,16070,F1SYSCOD,301350,Dlorah Inc.,4,0.06
Frequencies,782,16070,F1SYSCOD,301370,Darrobe Inc.,1,0.02
Frequencies,783,16070,F1SYSCOD,301475,Diesel Driving Academy,2,0.03
Frequencies,784,16070,F1SYSCOD,301490,Toni & Guy Hairdressing Academy,2,0.03
Frequencies,785,16070,F1SYSCOD,301500,Diversified Education Company,3,0.05
Frequencies,786,16070,F1SYSCOD,301520,Dorsey School of Business Holdings Inc.,9,0.14000000000000001
Frequencies,787,16070,F1SYSCOD,301555,South University - Member LLC,10,0.16
Frequencies,788,16070,F1SYSCOD,301580,Duran Rubero Beauty Center Inc.,1,0.02
Frequencies,789,16070,F1SYSCOD,301590,EA Education Inc.,4,0.06
Frequencies,790,16070,F1SYSCOD,301600,Novateur Education,1,0.02
Frequencies,791,16070,F1SYSCOD,301620,EduK Group,1,0.02
Frequencies,792,16070,F1SYSCOD,301640,EEG Inc.,82,1.27
Frequencies,793,16070,F1SYSCOD,301650,EFC Trade,1,0.02
Frequencies,794,16070,F1SYSCOD,301680,Edco Systems LP,3,0.05
Frequencies,795,16070,F1SYSCOD,301720,Education Affiliates Inc.,38,0.59
Frequencies,796,16070,F1SYSCOD,301780,Education Futures Group LLC,2,0.03
Frequencies,797,16070,F1SYSCOD,301810,Education Management Inc.,6,0.09
Frequencies,798,16070,F1SYSCOD,301825,Education Principle Foundation,7,0.11
Frequencies,799,16070,F1SYSCOD,301850,Educational Technical College,3,0.05
Frequencies,800,16070,F1SYSCOD,301865,El Paso Trade School INC DVA Western Technical College,2,0.03
Frequencies,801,16070,F1SYSCOD,301880,Elizabeth Grady Face First Inc.,1,0.02
Frequencies,802,16070,F1SYSCOD,301890,Empire Education Corporation,3,0.05
Frequencies,803,16070,F1SYSCOD,301910,Employment Services Inc.,6,0.09
Frequencies,804,16070,F1SYSCOD,301920,Empowerment Healthcare Schools,5,0.08
Frequencies,805,16070,F1SYSCOD,301950,Escuela de Peritos Electricistas de Isabela Inc.,1,0.02
Frequencies,806,16070,F1SYSCOD,301975,European Message Therapy Schools,2,0.03
Frequencies,807,16070,F1SYSCOD,301990,Evergreen Cosmo Inc.,2,0.03
Frequencies,808,16070,F1SYSCOD,301995,Excel Salon Products Incorporated,1,0.02
Frequencies,809,16070,F1SYSCOD,302010,Fiegen & Bisenius Inc.,3,0.05
Frequencies,810,16070,F1SYSCOD,302060,Fox Institute of Business Inc.,4,0.06
Frequencies,811,16070,F1SYSCOD,302090,GFH Inc.,1,0.02
Frequencies,812,16070,F1SYSCOD,302140,Gem City College,1,0.02
Frequencies,813,16070,F1SYSCOD,302150,Gene Juarez Beauty Schools LLC,2,0.03
Frequencies,814,16070,F1SYSCOD,302155,Genesis Career Group,2,0.03
Frequencies,815,16070,F1SYSCOD,302240,Hays Academy of Hair Design,1,0.02
Frequencies,816,16070,F1SYSCOD,302245,HCA Healthcare,1,0.02
Frequencies,817,16070,F1SYSCOD,302340,House of Heavilin of Blue Springs Inc.,6,0.09
Frequencies,818,16070,F1SYSCOD,302360,Houston Training Schools Inc.,3,0.05
Frequencies,819,16070,F1SYSCOD,302365,Human Capital Incorporated,2,0.03
Frequencies,820,16070,F1SYSCOD,302370,Hunter Business School Inc.,1,0.02
Frequencies,821,16070,F1SYSCOD,302380,Hussian College Inc.,7,0.11
Frequencies,822,16070,F1SYSCOD,302460,Institute of Cosmetology LTD,1,0.02
Frequencies,823,16070,F1SYSCOD,302480,Interactive Learning Systems Inc.,7,0.11
Frequencies,824,16070,F1SYSCOD,302530,International Education Corporation,26,0.4
Frequencies,825,16070,F1SYSCOD,302550,Iowa School of Beauty Inc.,3,0.05
Frequencies,826,16070,F1SYSCOD,302564,"J & J of Virginia, Inc",3,0.05
Frequencies,827,16070,F1SYSCOD,302570,J2D LLC,6,0.09
Frequencies,828,16070,F1SYSCOD,302600,John Jay Beauty College Inc.,1,0.02
Frequencies,829,16070,F1SYSCOD,302620,Joseph's Colleges of Beauty and Barbering,1,0.02
Frequencies,830,16070,F1SYSCOD,302630,Kansas School of Barbering,1,0.02
Frequencies,831,16070,F1SYSCOD,302645,"Kelly Education, Inc.",3,0.05
Frequencies,832,16070,F1SYSCOD,302700,Kip Siu LLC,1,0.02
Frequencies,833,16070,F1SYSCOD,302730,LIBI Corporation,1,0.02
Frequencies,834,16070,F1SYSCOD,302740,LTT Enterprises Inc.,6,0.09
Frequencies,835,16070,F1SYSCOD,302750,La James International College,5,0.08
Frequencies,836,16070,F1SYSCOD,302760,LaLaak Corporation,2,0.03
Frequencies,837,16070,F1SYSCOD,302780,Latress Beauty Academy Inc.,1,0.02
Frequencies,838,16070,F1SYSCOD,302810,Laureate Education Inc.,1,0.02
Frequencies,839,16070,F1SYSCOD,302820,Laurel Business Institute,3,0.05
Frequencies,840,16070,F1SYSCOD,302835,Legacy Education LLC,2,0.03
Frequencies,841,16070,F1SYSCOD,302840,Leighann holdings Inc.,1,0.02
Frequencies,842,16070,F1SYSCOD,302850,Liberatoscioli Inc.,1,0.02
Frequencies,843,16070,F1SYSCOD,302860,Ogle School Management,8,0.12
Frequencies,844,16070,F1SYSCOD,302880,Lincoln Barber College,2,0.03
Frequencies,845,16070,F1SYSCOD,302900,Lincoln Educational Services,22,0.34
Frequencies,846,16070,F1SYSCOD,302910,Loretta Paganini School of Cooking Inc.,1,0.02
Frequencies,847,16070,F1SYSCOD,302930,M & S Media Inc.,7,0.11
Frequencies,848,16070,F1SYSCOD,302980,Make-up Designory Inc.,1,0.02
Frequencies,849,16070,F1SYSCOD,303010,Manuel and Theresa's School of Hair Design,3,0.05
Frequencies,850,16070,F1SYSCOD,303040,Marian Health Careers Center,1,0.02
Frequencies,851,16070,F1SYSCOD,303090,MediaTech Institute,2,0.03
Frequencies,852,16070,F1SYSCOD,303100,Medical Dynamics Inc.,1,0.02
Frequencies,853,16070,F1SYSCOD,303180,Midwest Technical Institute Inc.,6,0.09
Frequencies,854,16070,F1SYSCOD,303190,Mikhail Education Corporation,4,0.06
Frequencies,855,16070,F1SYSCOD,303200,Milan Institute,17,0.26
Frequencies,856,16070,F1SYSCOD,303250,Minnesota School of Cosmetology Inc.,2,0.03
Frequencies,857,16070,F1SYSCOD,303260,"Mississippi Institute of Aesthetics, Nails, & Cosmetology Inc.",1,0.02
Frequencies,858,16070,F1SYSCOD,303270,Mitchell's Hair Styling Inc.,2,0.03
Frequencies,859,16070,F1SYSCOD,303280,Montano Pabon and Associates,1,0.02
Frequencies,860,16070,F1SYSCOD,303290,Moored Associates LLC,1,0.02
Frequencies,861,16070,F1SYSCOD,303320,MyComputerCareer.com Inc.,3,0.05
Frequencies,862,16070,F1SYSCOD,303340,National Aviation Academy,2,0.03
Frequencies,863,16070,F1SYSCOD,303380,National Education Seminars Inc.,1,0.02
Frequencies,864,16070,F1SYSCOD,303390,National Tractor Trailer School Inc.,2,0.03
Frequencies,865,16070,F1SYSCOD,303400,New England Tractor Trailer Training of Massachusetts Inc.,1,0.02
Frequencies,866,16070,F1SYSCOD,303410,New York Film Academy,1,0.02
Frequencies,867,16070,F1SYSCOD,303460,North American Trade Schools Inc.,1,0.02
Frequencies,868,16070,F1SYSCOD,303470,North Penn Business & Technical Institute Inc.,1,0.02
Frequencies,869,16070,F1SYSCOD,303480,North-West College,10,0.16
Frequencies,870,16070,F1SYSCOD,303530,Ohio State School of Cosmetology Corporation,3,0.05
Frequencies,871,16070,F1SYSCOD,303540,Olympus Inc.,1,0.02
Frequencies,872,16070,F1SYSCOD,303550,P & A Scholars Inc.,1,0.02
Frequencies,873,16070,F1SYSCOD,303580,PJ's College of Cosmetology Inc.,4,0.06
Frequencies,874,16070,F1SYSCOD,303590,Pacific College of Oriental Medicine,3,0.05
Frequencies,875,16070,F1SYSCOD,303610,Paul Mitchell Schools,63,0.98
Frequencies,876,16070,F1SYSCOD,303620,Paul Mitchell The School,11,0.17
Frequencies,877,16070,F1SYSCOD,303635,Peloton College,2,0.03
Frequencies,878,16070,F1SYSCOD,303650,Pennco Institutes Inc.,2,0.03
Frequencies,879,16070,F1SYSCOD,303660,Phagans Cosmetology Colleges,5,0.08
Frequencies,880,16070,F1SYSCOD,303680,"Manufacturer’s Technical Institutes, Inc",1,0.02
Frequencies,881,16070,F1SYSCOD,303690,Pioneer Education LLC,6,0.09
Frequencies,882,16070,F1SYSCOD,303700,Pivot Point International Inc.,2,0.03
Frequencies,883,16070,F1SYSCOD,303710,Platt College LLC.,4,0.06
Frequencies,884,16070,F1SYSCOD,303740,Porter and Chester,2,0.03
Frequencies,885,16070,F1SYSCOD,303745,Poway Academy of Hair Design Inc.,2,0.03
Frequencies,886,16070,F1SYSCOD,303790,Prince Careers Inc.,1,0.02
Frequencies,887,16070,F1SYSCOD,303800,Prism Education Group,3,0.05
Frequencies,888,16070,F1SYSCOD,303810,Professional Skills Inc.,1,0.02
Frequencies,889,16070,F1SYSCOD,303820,Professional's Choice Hair Design Academy,1,0.02
Frequencies,890,16070,F1SYSCOD,303830,Prospect Education,1,0.02
Frequencies,891,16070,F1SYSCOD,303840,Qe2 Systems Inc.,1,0.02
Frequencies,892,16070,F1SYSCOD,303850,Quest Education Corporation,4,0.06
Frequencies,893,16070,F1SYSCOD,303860,R & M Beauty,4,0.06
Frequencies,894,16070,F1SYSCOD,303880,RTP Hispanic American College Inc.,1,0.02
Frequencies,895,16070,F1SYSCOD,303890,RWH Inc.,1,0.02
Frequencies,896,16070,F1SYSCOD,303900,Raphaels School of Beauty Culture Inc.,1,0.02
Frequencies,897,16070,F1SYSCOD,303910,Rasmussen College LLC,6,0.09
Frequencies,898,16070,F1SYSCOD,303920,Reed Jackson Holdings Inc.,1,0.02
Frequencies,899,16070,F1SYSCOD,303950,DVMD LLC,2,0.03
Frequencies,900,16070,F1SYSCOD,303970,Resource Productivity Management Inc.,1,0.02
Frequencies,901,16070,F1SYSCOD,304000,Rob Roy Academy Inc.,4,0.06
Frequencies,902,16070,F1SYSCOD,304010,Rockhurst University,1,0.02
Frequencies,903,16070,F1SYSCOD,304050,"Ross Education, LLC",40,0.62
Frequencies,904,16070,F1SYSCOD,304070,Rosslyn Training Academy of Cosmetology Inc.,1,0.02
Frequencies,905,16070,F1SYSCOD,304120,SAE Institute Group Inc.,5,0.08
Frequencies,906,16070,F1SYSCOD,304130,"Southern Technical Holdings, LLC",2,0.03
Frequencies,907,16070,F1SYSCOD,304150,SSS Education Inc.,1,0.02
Frequencies,908,16070,F1SYSCOD,304180,San Joaquin Valley College Inc.,36,0.56000000000000005
Frequencies,909,16070,F1SYSCOD,304190,Sanbarcollbuscom Inc.,3,0.05
Frequencies,910,16070,F1SYSCOD,304200,Sapientis Educational Group Inc.,1,0.02
Frequencies,911,16070,F1SYSCOD,304215,"SCI Acquisitions, Inc.",8,0.12
Frequencies,912,16070,F1SYSCOD,304230,Silva and Lopez Associates Inc.,1,0.02
Frequencies,913,16070,F1SYSCOD,304255,"Spartan Education Group, LLC",4,0.06
Frequencies,914,16070,F1SYSCOD,304270,Steiner Education Group,7,0.11
Frequencies,915,16070,F1SYSCOD,304320,Sterling School of Beauty Culture Inc.,3,0.05
Frequencies,916,16070,F1SYSCOD,304370,"Strategic Education, Inc.",18,0.28000000000000003
Frequencies,917,16070,F1SYSCOD,304400,Studio Production Inc.,1,0.02
Frequencies,918,16070,F1SYSCOD,304420,Sullivan University System,1,0.02
Frequencies,919,16070,F1SYSCOD,304450,TBES Inc.,1,0.02
Frequencies,920,16070,F1SYSCOD,304480,"Technical Education Services, Inc",9,0.14000000000000001
Frequencies,921,16070,F1SYSCOD,304505,Texas Medical Careers Center,1,0.02
Frequencies,922,16070,F1SYSCOD,304515,The Esani Institute LLC.,3,0.05
Frequencies,923,16070,F1SYSCOD,304520,The Fashion Institute of Design and Merchandising,2,0.03
Frequencies,924,16070,F1SYSCOD,304530,The Infilaw System,1,0.02
Frequencies,925,16070,F1SYSCOD,304550,The Salon Professional Academy,7,0.11
Frequencies,926,16070,F1SYSCOD,304580,The Taft University System Inc.,1,0.02
Frequencies,927,16070,F1SYSCOD,304590,Tint School of Makeup & Cosmetology,2,0.03
Frequencies,928,16070,F1SYSCOD,304600,Total Looks Corporation,1,0.02
Frequencies,929,16070,F1SYSCOD,304650,Tri-State Educational Systems Inc.,2,0.03
Frequencies,930,16070,F1SYSCOD,304660,Triangle Tech Inc.,6,0.09
Frequencies,931,16070,F1SYSCOD,304670,Tricoci University of Beauty Culture LLC,16,0.25
Frequencies,932,16070,F1SYSCOD,304690,Triumph Higher Education Group,2,0.03
Frequencies,933,16070,F1SYSCOD,304700,Tulsa Welding School Inc.,5,0.08
Frequencies,934,16070,F1SYSCOD,304730,UCAS Inc.,5,0.08
Frequencies,935,16070,F1SYSCOD,304760,Unitech Training Academy Inc.,7,0.11
Frequencies,936,16070,F1SYSCOD,304765,United Group Services.,3,0.05
Frequencies,937,16070,F1SYSCOD,304770,United Investments of Illinois Inc.,2,0.03
Frequencies,938,16070,F1SYSCOD,304780,Unitek Information Systems,5,0.08
Frequencies,939,16070,F1SYSCOD,304790,Universal College of Beauty Inc.,1,0.02
Frequencies,940,16070,F1SYSCOD,304800,Universal Technical Institute Inc.,13,0.2
Frequencies,941,16070,F1SYSCOD,304810,University of Northwestern Ohio,1,0.02
Frequencies,942,16070,F1SYSCOD,304820,University of Phoenix,14,0.22
Frequencies,943,16070,F1SYSCOD,304840,VCC Management LLC,4,0.06
Frequencies,944,16070,F1SYSCOD,304850,Valley Training Centers Inc.,3,0.05
Frequencies,945,16070,F1SYSCOD,304880,Venus Schools Inc.,1,0.02
Frequencies,946,16070,F1SYSCOD,304930,WellSpring Resources Inc.,4,0.06
Frequencies,947,16070,F1SYSCOD,304950,West Coast University Inc.,6,0.09
Frequencies,948,16070,F1SYSCOD,304970,West Virginia Junior College Inc.,2,0.03
Frequencies,949,16070,F1SYSCOD,305020,Xenon International Academy,2,0.03
Frequencies,950,16070,F1SYSCOD,305040,York Technical Institute LLC,2,0.03
Frequencies,951,16070,F1SYSCOD,400010,Institute of Allied Medical Professions,1,0.02
Frequencies,952,16070,F1SYSCOD,-1,Not reported,51,0.79
Frequencies,953,16070,F1SYSCOD,-2,Not applicable,3890,60.4
Frequencies,954,16086,CBSA,10100,"Aberdeen, SD",2,0.03
Frequencies,955,16086,CBSA,10140,"Aberdeen, WA",1,0.02
Frequencies,956,16086,CBSA,10180,"Abilene, TX",5,0.08
Frequencies,957,16086,CBSA,10220,"Ada, OK",2,0.03
Frequencies,958,16086,CBSA,10300,"Adrian, MI",2,0.03
Frequencies,959,16086,CBSA,10380,"Aguadilla-Isabela, PR",14,0.22
Frequencies,960,16086,CBSA,10420,"Akron, OH",11,0.17
Frequencies,961,16086,CBSA,10460,"Alamogordo, NM",2,0.03
Frequencies,962,16086,CBSA,10500,"Albany, GA",2,0.03
Frequencies,963,16086,CBSA,10540,"Albany-Lebanon, OR",1,0.02
Frequencies,964,16086,CBSA,10580,"Albany-Schenectady-Troy, NY",30,0.47
Frequencies,965,16086,CBSA,10620,"Albemarle, NC",2,0.03
Frequencies,966,16086,CBSA,10700,"Albertville, AL",2,0.03
Frequencies,967,16086,CBSA,10740,"Albuquerque, NM",17,0.26
Frequencies,968,16086,CBSA,10760,"Alexander City, AL",1,0.02
Frequencies,969,16086,CBSA,10780,"Alexandria, LA",6,0.09
Frequencies,970,16086,CBSA,10820,"Alexandria, MN",1,0.02
Frequencies,971,16086,CBSA,10900,"Allentown-Bethlehem-Easton, PA-NJ",22,0.34
Frequencies,972,16086,CBSA,10940,"Alma, MI",1,0.02
Frequencies,973,16086,CBSA,10980,"Alpena, MI",1,0.02
Frequencies,974,16086,CBSA,11020,"Altoona, PA",5,0.08
Frequencies,975,16086,CBSA,11060,"Altus, OK",2,0.03
Frequencies,976,16086,CBSA,11100,"Amarillo, TX",7,0.11
Frequencies,977,16086,CBSA,11140,"Americus, GA",2,0.03
Frequencies,978,16086,CBSA,11180,"Ames, IA",2,0.03
Frequencies,979,16086,CBSA,11220,"Amsterdam, NY",1,0.02
Frequencies,980,16086,CBSA,11260,"Anchorage, AK",4,0.06
Frequencies,981,16086,CBSA,11420,"Angola, IN",1,0.02
Frequencies,982,16086,CBSA,11460,"Ann Arbor, MI",5,0.08
Frequencies,983,16086,CBSA,11500,"Anniston-Oxford, AL",1,0.02
Frequencies,984,16086,CBSA,11540,"Appleton, WI",4,0.06
Frequencies,985,16086,CBSA,11620,"Ardmore, OK",2,0.03
Frequencies,986,16086,CBSA,11640,"Arecibo, PR",8,0.12
Frequencies,987,16086,CBSA,11660,"Arkadelphia, AR",2,0.03
Frequencies,988,16086,CBSA,11700,"Asheville, NC",10,0.16
Frequencies,989,16086,CBSA,11740,"Ashland, OH",2,0.03
Frequencies,990,16086,CBSA,11780,"Ashtabula, OH",2,0.03
Frequencies,991,16086,CBSA,11820,"Astoria, OR",2,0.03
Frequencies,992,16086,CBSA,11860,"Atchison, KS",1,0.02
Frequencies,993,16086,CBSA,11900,"Athens, OH",3,0.05
Frequencies,994,16086,CBSA,11940,"Athens, TN",2,0.03
Frequencies,995,16086,CBSA,11980,"Athens, TX",1,0.02
Frequencies,996,16086,CBSA,12020,"Athens-Clarke County, GA",3,0.05
Frequencies,997,16086,CBSA,12060,"Atlanta-Sandy Springs-Alpharetta, GA",79,1.23
Frequencies,998,16086,CBSA,12100,"Atlantic City-Hammonton, NJ",6,0.09
Frequencies,999,16086,CBSA,12180,"Auburn, NY",3,0.05
Frequencies,1000,16086,CBSA,12220,"Auburn-Opelika, AL",1,0.02
Frequencies,1001,16086,CBSA,12260,"Augusta-Richmond County, GA-SC",10,0.16
Frequencies,1002,16086,CBSA,12300,"Augusta-Waterville, ME",4,0.06
Frequencies,1003,16086,CBSA,12380,"Austin, MN",1,0.02
Frequencies,1004,16086,CBSA,12420,"Austin-Round Rock-Georgetown, TX",33,0.51
Frequencies,1005,16086,CBSA,12540,"Bakersfield, CA",12,0.19
Frequencies,1006,16086,CBSA,12580,"Baltimore-Columbia-Towson, MD",45,0.7
Frequencies,1007,16086,CBSA,12620,"Bangor, ME",5,0.08
Frequencies,1008,16086,CBSA,12660,"Baraboo, WI",1,0.02
Frequencies,1009,16086,CBSA,12700,"Barnstable Town, MA",3,0.05
Frequencies,1010,16086,CBSA,12740,"Barre, VT",6,0.09
Frequencies,1011,16086,CBSA,12780,"Bartlesville, OK",1,0.02
Frequencies,1012,16086,CBSA,12860,"Batavia, NY",2,0.03
Frequencies,1013,16086,CBSA,12900,"Batesville, AR",2,0.03
Frequencies,1014,16086,CBSA,12940,"Baton Rouge, LA",24,0.37
Frequencies,1015,16086,CBSA,12980,"Battle Creek, MI",5,0.08
Frequencies,1016,16086,CBSA,13020,"Bay City, MI",3,0.05
Frequencies,1017,16086,CBSA,13140,"Beaumont-Port Arthur, TX",7,0.11
Frequencies,1018,16086,CBSA,13180,"Beaver Dam, WI",1,0.02
Frequencies,1019,16086,CBSA,13220,"Beckley, WV",6,0.09
Frequencies,1020,16086,CBSA,13300,"Beeville, TX",1,0.02
Frequencies,1021,16086,CBSA,13380,"Bellingham, WA",5,0.08
Frequencies,1022,16086,CBSA,13420,"Bemidji, MN",4,0.06
Frequencies,1023,16086,CBSA,13460,"Bend, OR",5,0.08
Frequencies,1024,16086,CBSA,13540,"Bennington, VT",1,0.02
Frequencies,1025,16086,CBSA,13620,"Berlin, NH",1,0.02
Frequencies,1026,16086,CBSA,13660,"Big Rapids, MI",1,0.02
Frequencies,1027,16086,CBSA,13700,"Big Spring, TX",2,0.03
Frequencies,1028,16086,CBSA,13720,"Big Stone Gap, VA",2,0.03
Frequencies,1029,16086,CBSA,13740,"Billings, MT",4,0.06
Frequencies,1030,16086,CBSA,13780,"Binghamton, NY",6,0.09
Frequencies,1031,16086,CBSA,13820,"Birmingham-Hoover, AL",15,0.23
Frequencies,1032,16086,CBSA,13900,"Bismarck, ND",5,0.08
Frequencies,1033,16086,CBSA,13940,"Blackfoot, ID",1,0.02
Frequencies,1034,16086,CBSA,13980,"Blacksburg-Christiansburg, VA",4,0.06
Frequencies,1035,16086,CBSA,14010,"Bloomington, IL",6,0.09
Frequencies,1036,16086,CBSA,14020,"Bloomington, IN",2,0.03
Frequencies,1037,16086,CBSA,14100,"Bloomsburg-Berwick, PA",1,0.02
Frequencies,1038,16086,CBSA,14140,"Bluefield, WV-VA",5,0.08
Frequencies,1039,16086,CBSA,14180,"Blytheville, AR",1,0.02
Frequencies,1040,16086,CBSA,14260,"Boise City, ID",16,0.25
Frequencies,1041,16086,CBSA,14380,"Boone, NC",2,0.03
Frequencies,1042,16086,CBSA,14420,"Borger, TX",1,0.02
Frequencies,1043,16086,CBSA,14460,"Boston-Cambridge-Newton, MA-NH",99,1.54
Frequencies,1044,16086,CBSA,14500,"Boulder, CO",7,0.11
Frequencies,1045,16086,CBSA,14540,"Bowling Green, KY",7,0.11
Frequencies,1046,16086,CBSA,14580,"Bozeman, MT",3,0.05
Frequencies,1047,16086,CBSA,14620,"Bradford, PA",1,0.02
Frequencies,1048,16086,CBSA,14660,"Brainerd, MN",2,0.03
Frequencies,1049,16086,CBSA,14700,"Branson, MO",1,0.02
Frequencies,1050,16086,CBSA,14740,"Bremerton-Silverdale-Port Orchard, WA",1,0.02
Frequencies,1051,16086,CBSA,14780,"Brenham, TX",3,0.05
Frequencies,1052,16086,CBSA,14820,"Brevard, NC",1,0.02
Frequencies,1053,16086,CBSA,14860,"Bridgeport-Stamford-Norwalk, CT",13,0.2
Frequencies,1054,16086,CBSA,15100,"Brookings, SD",2,0.03
Frequencies,1055,16086,CBSA,15180,"Brownsville-Harlingen, TX",7,0.11
Frequencies,1056,16086,CBSA,15220,"Brownwood, TX",1,0.02
Frequencies,1057,16086,CBSA,15260,"Brunswick, GA",1,0.02
Frequencies,1058,16086,CBSA,15380,"Buffalo-Cheektowaga, NY",24,0.37
Frequencies,1059,16086,CBSA,15420,"Burley, ID",1,0.02
Frequencies,1060,16086,CBSA,15460,"Burlington, IA-IL",1,0.02
Frequencies,1061,16086,CBSA,15500,"Burlington, NC",3,0.05
Frequencies,1062,16086,CBSA,15540,"Burlington-South Burlington, VT",5,0.08
Frequencies,1063,16086,CBSA,15580,"Butte-Silver Bow, MT",3,0.05
Frequencies,1064,16086,CBSA,15620,"Cadillac, MI",1,0.02
Frequencies,1065,16086,CBSA,15680,"California-Lexington Park, MD",2,0.03
Frequencies,1066,16086,CBSA,15780,"Camden, AR",1,0.02
Frequencies,1067,16086,CBSA,15820,"Campbellsville, KY",1,0.02
Frequencies,1068,16086,CBSA,15940,"Canton-Massillon, OH",11,0.17
Frequencies,1069,16086,CBSA,15980,"Cape Coral-Fort Myers, FL",14,0.22
Frequencies,1070,16086,CBSA,16020,"Cape Girardeau, MO-IL",4,0.06
Frequencies,1071,16086,CBSA,16060,"Carbondale-Marion, IL",3,0.05
Frequencies,1072,16086,CBSA,16100,"Carlsbad-Artesia, NM",1,0.02
Frequencies,1073,16086,CBSA,16180,"Carson City, NV",1,0.02
Frequencies,1074,16086,CBSA,16220,"Casper, WY",1,0.02
Frequencies,1075,16086,CBSA,16260,"Cedar City, UT",3,0.05
Frequencies,1076,16086,CBSA,16300,"Cedar Rapids, IA",7,0.11
Frequencies,1077,16086,CBSA,16380,"Celina, OH",1,0.02
Frequencies,1078,16086,CBSA,16500,"Centralia, WA",2,0.03
Frequencies,1079,16086,CBSA,16540,"Chambersburg-Waynesboro, PA",5,0.08
Frequencies,1080,16086,CBSA,16580,"Champaign-Urbana, IL",4,0.06
Frequencies,1081,16086,CBSA,16620,"Charleston, WV",11,0.17
Frequencies,1082,16086,CBSA,16660,"Charleston-Mattoon, IL",2,0.03
Frequencies,1083,16086,CBSA,16700,"Charleston-North Charleston, SC",15,0.23
Frequencies,1084,16086,CBSA,16740,"Charlotte-Concord-Gastonia, NC-SC",37,0.56999999999999995
Frequencies,1085,16086,CBSA,16820,"Charlottesville, VA",2,0.03
Frequencies,1086,16086,CBSA,16860,"Chattanooga, TN-GA",8,0.12
Frequencies,1087,16086,CBSA,16940,"Cheyenne, WY",2,0.03
Frequencies,1088,16086,CBSA,16980,"Chicago-Naperville-Elgin, IL-IN-WI",180,2.8
Frequencies,1089,16086,CBSA,17020,"Chico, CA",3,0.05
Frequencies,1090,16086,CBSA,17060,"Chillicothe, OH",2,0.03
Frequencies,1091,16086,CBSA,17140,"Cincinnati, OH-KY-IN",43,0.67
Frequencies,1092,16086,CBSA,17220,"Clarksburg, WV",4,0.06
Frequencies,1093,16086,CBSA,17260,"Clarksdale, MS",1,0.02
Frequencies,1094,16086,CBSA,17300,"Clarksville, TN-KY",7,0.11
Frequencies,1095,16086,CBSA,17380,"Cleveland, MS",2,0.03
Frequencies,1096,16086,CBSA,17420,"Cleveland, TN",4,0.06
Frequencies,1097,16086,CBSA,17460,"Cleveland-Elyria, OH",44,0.68
Frequencies,1098,16086,CBSA,17580,"Clovis, NM",1,0.02
Frequencies,1099,16086,CBSA,17620,"Coamo, PR",1,0.02
Frequencies,1100,16086,CBSA,17660,"Coeur d'Alene, ID",2,0.03
Frequencies,1101,16086,CBSA,17700,"Coffeyville, KS",2,0.03
Frequencies,1102,16086,CBSA,17780,"College Station-Bryan, TX",4,0.06
Frequencies,1103,16086,CBSA,17820,"Colorado Springs, CO",16,0.25
Frequencies,1104,16086,CBSA,17860,"Columbia, MO",7,0.11
Frequencies,1105,16086,CBSA,17900,"Columbia, SC",17,0.26
Frequencies,1106,16086,CBSA,17980,"Columbus, GA-AL",5,0.08
Frequencies,1107,16086,CBSA,18060,"Columbus, MS",1,0.02
Frequencies,1108,16086,CBSA,18140,"Columbus, OH",39,0.61
Frequencies,1109,16086,CBSA,18180,"Concord, NH",9,0.14000000000000001
Frequencies,1110,16086,CBSA,18260,"Cookeville, TN",5,0.08
Frequencies,1111,16086,CBSA,18300,"Coos Bay, OR",1,0.02
Frequencies,1112,16086,CBSA,18420,"Corinth, MS",1,0.02
Frequencies,1113,16086,CBSA,18460,"Cornelia, GA",2,0.03
Frequencies,1114,16086,CBSA,18500,"Corning, NY",1,0.02
Frequencies,1115,16086,CBSA,18580,"Corpus Christi, TX",6,0.09
Frequencies,1116,16086,CBSA,18620,"Corsicana, TX",1,0.02
Frequencies,1117,16086,CBSA,18660,"Cortland, NY",1,0.02
Frequencies,1118,16086,CBSA,18700,"Corvallis, OR",2,0.03
Frequencies,1119,16086,CBSA,18820,"Crawfordsville, IN",1,0.02
Frequencies,1120,16086,CBSA,18880,"Crestview-Fort Walton Beach-Destin, FL",3,0.05
Frequencies,1121,16086,CBSA,18900,"Crossville, TN",1,0.02
Frequencies,1122,16086,CBSA,18980,"Cullman, AL",1,0.02
Frequencies,1123,16086,CBSA,19000,"Cullowhee, NC",2,0.03
Frequencies,1124,16086,CBSA,19060,"Cumberland, MD-WV",4,0.06
Frequencies,1125,16086,CBSA,19100,"Dallas-Fort Worth-Arlington, TX",100,1.55
Frequencies,1126,16086,CBSA,19140,"Dalton, GA",2,0.03
Frequencies,1127,16086,CBSA,19180,"Danville, IL",3,0.05
Frequencies,1128,16086,CBSA,19220,"Danville, KY",1,0.02
Frequencies,1129,16086,CBSA,19260,"Danville, VA",4,0.06
Frequencies,1130,16086,CBSA,19300,"Daphne-Fairhope-Foley, AL",4,0.06
Frequencies,1131,16086,CBSA,19340,"Davenport-Moline-Rock Island, IA-IL",11,0.17
Frequencies,1132,16086,CBSA,19420,"Dayton, TN",2,0.03
Frequencies,1133,16086,CBSA,19430,"Dayton-Kettering, OH",30,0.47
Frequencies,1134,16086,CBSA,19500,"Decatur, IL",4,0.06
Frequencies,1135,16086,CBSA,19580,"Defiance, OH",1,0.02
Frequencies,1136,16086,CBSA,19660,"Deltona-Daytona Beach-Ormond Beach, FL",10,0.16
Frequencies,1137,16086,CBSA,19740,"Denver-Aurora-Lakewood, CO",52,0.81
Frequencies,1138,16086,CBSA,19780,"Des Moines-West Des Moines, IA",12,0.19
Frequencies,1139,16086,CBSA,19820,"Detroit-Warren-Dearborn, MI",64,0.99
Frequencies,1140,16086,CBSA,19860,"Dickinson, ND",1,0.02
Frequencies,1141,16086,CBSA,19940,"Dixon, IL",1,0.02
Frequencies,1142,16086,CBSA,19980,"Dodge City, KS",1,0.02
Frequencies,1143,16086,CBSA,20020,"Dothan, AL",2,0.03
Frequencies,1144,16086,CBSA,20060,"Douglas, GA",1,0.02
Frequencies,1145,16086,CBSA,20100,"Dover, DE",6,0.09
Frequencies,1146,16086,CBSA,20180,"DuBois, PA",2,0.03
Frequencies,1147,16086,CBSA,20220,"Dubuque, IA",7,0.11
Frequencies,1148,16086,CBSA,20260,"Duluth, MN-WI",9,0.14000000000000001
Frequencies,1149,16086,CBSA,20340,"Duncan, OK",1,0.02
Frequencies,1150,16086,CBSA,20420,"Durango, CO",1,0.02
Frequencies,1151,16086,CBSA,20460,"Durant, OK",3,0.05
Frequencies,1152,16086,CBSA,20500,"Durham-Chapel Hill, NC",10,0.16
Frequencies,1153,16086,CBSA,20540,"Dyersburg, TN",2,0.03
Frequencies,1154,16086,CBSA,20580,"Eagle Pass, TX",1,0.02
Frequencies,1155,16086,CBSA,20700,"East Stroudsburg, PA",3,0.05
Frequencies,1156,16086,CBSA,20740,"Eau Claire, WI",3,0.05
Frequencies,1157,16086,CBSA,20900,"El Campo, TX",1,0.02
Frequencies,1158,16086,CBSA,20940,"El Centro, CA",2,0.03
Frequencies,1159,16086,CBSA,20980,"El Dorado, AR",2,0.03
Frequencies,1160,16086,CBSA,21020,"Elizabeth City, NC",3,0.05
Frequencies,1161,16086,CBSA,21060,"Elizabethtown-Fort Knox, KY",2,0.03
Frequencies,1162,16086,CBSA,21140,"Elkhart-Goshen, IN",2,0.03
Frequencies,1163,16086,CBSA,21180,"Elkins, WV",2,0.03
Frequencies,1164,16086,CBSA,21220,"Elko, NV",1,0.02
Frequencies,1165,16086,CBSA,21260,"Ellensburg, WA",1,0.02
Frequencies,1166,16086,CBSA,21300,"Elmira, NY",3,0.05
Frequencies,1167,16086,CBSA,21340,"El Paso, TX",13,0.2
Frequencies,1168,16086,CBSA,21380,"Emporia, KS",2,0.03
Frequencies,1169,16086,CBSA,21420,"Enid, OK",2,0.03
Frequencies,1170,16086,CBSA,21460,"Enterprise, AL",1,0.02
Frequencies,1171,16086,CBSA,21500,"Erie, PA",9,0.14000000000000001
Frequencies,1172,16086,CBSA,21540,"Escanaba, MI",1,0.02
Frequencies,1173,16086,CBSA,21580,"EspaÃ±ola, NM",1,0.02
Frequencies,1174,16086,CBSA,21660,"Eugene-Springfield, OR",5,0.08
Frequencies,1175,16086,CBSA,21700,"Eureka-Arcata, CA",4,0.06
Frequencies,1176,16086,CBSA,21780,"Evansville, IN-KY",6,0.09
Frequencies,1177,16086,CBSA,21820,"Fairbanks, AK",2,0.03
Frequencies,1178,16086,CBSA,21840,"Fairfield, IA",1,0.02
Frequencies,1179,16086,CBSA,21900,"Fairmont, WV",2,0.03
Frequencies,1180,16086,CBSA,22020,"Fargo, ND-MN",7,0.11
Frequencies,1181,16086,CBSA,22060,"Faribault-Northfield, MN",2,0.03
Frequencies,1182,16086,CBSA,22100,"Farmington, MO",1,0.02
Frequencies,1183,16086,CBSA,22140,"Farmington, NM",1,0.02
Frequencies,1184,16086,CBSA,22180,"Fayetteville, NC",9,0.14000000000000001
Frequencies,1185,16086,CBSA,22220,"Fayetteville-Springdale-Rogers, AR",10,0.16
Frequencies,1186,16086,CBSA,22260,"Fergus Falls, MN",1,0.02
Frequencies,1187,16086,CBSA,22300,"Findlay, OH",2,0.03
Frequencies,1188,16086,CBSA,22380,"Flagstaff, AZ",5,0.08
Frequencies,1189,16086,CBSA,22420,"Flint, MI",8,0.12
Frequencies,1190,16086,CBSA,22500,"Florence, SC",4,0.06
Frequencies,1191,16086,CBSA,22520,"Florence-Muscle Shoals, AL",3,0.05
Frequencies,1192,16086,CBSA,22540,"Fond du Lac, WI",3,0.05
Frequencies,1193,16086,CBSA,22580,"Forest City, NC",1,0.02
Frequencies,1194,16086,CBSA,22620,"Forrest City, AR",1,0.02
Frequencies,1195,16086,CBSA,22660,"Fort Collins, CO",4,0.06
Frequencies,1196,16086,CBSA,22700,"Fort Dodge, IA",2,0.03
Frequencies,1197,16086,CBSA,22780,"Fort Leonard Wood, MO",3,0.05
Frequencies,1198,16086,CBSA,22820,"Fort Morgan, CO",1,0.02
Frequencies,1199,16086,CBSA,22900,"Fort Smith, AR-OK",5,0.08
Frequencies,1200,16086,CBSA,23060,"Fort Wayne, IN",10,0.16
Frequencies,1201,16086,CBSA,23180,"Frankfort, KY",1,0.02
Frequencies,1202,16086,CBSA,23300,"Freeport, IL",1,0.02
Frequencies,1203,16086,CBSA,23340,"Fremont, NE",1,0.02
Frequencies,1204,16086,CBSA,23380,"Fremont, OH",2,0.03
Frequencies,1205,16086,CBSA,23420,"Fresno, CA",22,0.34
Frequencies,1206,16086,CBSA,23460,"Gadsden, AL",1,0.02
Frequencies,1207,16086,CBSA,23500,"Gaffney, SC",1,0.02
Frequencies,1208,16086,CBSA,23540,"Gainesville, FL",9,0.14000000000000001
Frequencies,1209,16086,CBSA,23580,"Gainesville, GA",3,0.05
Frequencies,1210,16086,CBSA,23620,"Gainesville, TX",1,0.02
Frequencies,1211,16086,CBSA,23660,"Galesburg, IL",2,0.03
Frequencies,1212,16086,CBSA,23700,"Gallup, NM",2,0.03
Frequencies,1213,16086,CBSA,23780,"Garden City, KS",2,0.03
Frequencies,1214,16086,CBSA,23900,"Gettysburg, PA",2,0.03
Frequencies,1215,16086,CBSA,23980,"Glasgow, KY",1,0.02
Frequencies,1216,16086,CBSA,24020,"Glens Falls, NY",3,0.05
Frequencies,1217,16086,CBSA,24060,"Glenwood Springs, CO",1,0.02
Frequencies,1218,16086,CBSA,24140,"Goldsboro, NC",2,0.03
Frequencies,1219,16086,CBSA,24220,"Grand Forks, ND-MN",3,0.05
Frequencies,1220,16086,CBSA,24260,"Grand Island, NE",1,0.02
Frequencies,1221,16086,CBSA,24300,"Grand Junction, CO",3,0.05
Frequencies,1222,16086,CBSA,24330,"Grand Rapids, MN",1,0.02
Frequencies,1223,16086,CBSA,24340,"Grand Rapids-Kentwood, MI",20,0.31
Frequencies,1224,16086,CBSA,24380,"Grants, NM",1,0.02
Frequencies,1225,16086,CBSA,24420,"Grants Pass, OR",2,0.03
Frequencies,1226,16086,CBSA,24460,"Great Bend, KS",1,0.02
Frequencies,1227,16086,CBSA,24500,"Great Falls, MT",3,0.05
Frequencies,1228,16086,CBSA,24540,"Greeley, CO",3,0.05
Frequencies,1229,16086,CBSA,24580,"Green Bay, WI",7,0.11
Frequencies,1230,16086,CBSA,24620,"Greeneville, TN",1,0.02
Frequencies,1231,16086,CBSA,24660,"Greensboro-High Point, NC",13,0.2
Frequencies,1232,16086,CBSA,24740,"Greenville, MS",1,0.02
Frequencies,1233,16086,CBSA,24780,"Greenville, NC",3,0.05
Frequencies,1234,16086,CBSA,24860,"Greenville-Anderson, SC",16,0.25
Frequencies,1235,16086,CBSA,24900,"Greenwood, MS",1,0.02
Frequencies,1236,16086,CBSA,24940,"Greenwood, SC",3,0.05
Frequencies,1237,16086,CBSA,24980,"Grenada, MS",1,0.02
Frequencies,1238,16086,CBSA,25020,"Guayama, PR",4,0.06
Frequencies,1239,16086,CBSA,25060,"Gulfport-Biloxi, MS",3,0.05
Frequencies,1240,16086,CBSA,25100,"Guymon, OK",1,0.02
Frequencies,1241,16086,CBSA,25180,"Hagerstown-Martinsburg, MD-WV",7,0.11
Frequencies,1242,16086,CBSA,25220,"Hammond, LA",2,0.03
Frequencies,1243,16086,CBSA,25260,"Hanford-Corcoran, CA",3,0.05
Frequencies,1244,16086,CBSA,25300,"Hannibal, MO",1,0.02
Frequencies,1245,16086,CBSA,25420,"Harrisburg-Carlisle, PA",13,0.2
Frequencies,1246,16086,CBSA,25460,"Harrison, AR",1,0.02
Frequencies,1247,16086,CBSA,25500,"Harrisonburg, VA",3,0.05
Frequencies,1248,16086,CBSA,25540,"Hartford-East Hartford-Middletown, CT",27,0.42
Frequencies,1249,16086,CBSA,25580,"Hastings, NE",1,0.02
Frequencies,1250,16086,CBSA,25620,"Hattiesburg, MS",5,0.08
Frequencies,1251,16086,CBSA,25700,"Hays, KS",2,0.03
Frequencies,1252,16086,CBSA,25720,"Heber, UT",1,0.02
Frequencies,1253,16086,CBSA,25740,"Helena, MT",2,0.03
Frequencies,1254,16086,CBSA,25760,"Helena-West Helena, AR",1,0.02
Frequencies,1255,16086,CBSA,25780,"Henderson, NC",1,0.02
Frequencies,1256,16086,CBSA,25840,"Hermiston-Pendleton, OR",1,0.02
Frequencies,1257,16086,CBSA,25860,"Hickory-Lenoir-Morganton, NC",4,0.06
Frequencies,1258,16086,CBSA,25880,"Hillsdale, MI",2,0.03
Frequencies,1259,16086,CBSA,25900,"Hilo, HI",3,0.05
Frequencies,1260,16086,CBSA,25940,"Hilton Head Island-Bluffton, SC",2,0.03
Frequencies,1261,16086,CBSA,26020,"Hobbs, NM",2,0.03
Frequencies,1262,16086,CBSA,26140,"Homosassa Springs, FL",1,0.02
Frequencies,1263,16086,CBSA,26260,"Hope, AR",1,0.02
Frequencies,1264,16086,CBSA,26300,"Hot Springs, AR",3,0.05
Frequencies,1265,16086,CBSA,26340,"Houghton, MI",2,0.03
Frequencies,1266,16086,CBSA,26380,"Houma-Thibodaux, LA",7,0.11
Frequencies,1267,16086,CBSA,26420,"Houston-The Woodlands-Sugar Land, TX",82,1.27
Frequencies,1268,16086,CBSA,26460,"Hudson, NY",1,0.02
Frequencies,1269,16086,CBSA,26500,"Huntingdon, PA",2,0.03
Frequencies,1270,16086,CBSA,26540,"Huntington, IN",1,0.02
Frequencies,1271,16086,CBSA,26580,"Huntington-Ashland, WV-KY-OH",14,0.22
Frequencies,1272,16086,CBSA,26620,"Huntsville, AL",10,0.16
Frequencies,1273,16086,CBSA,26660,"Huntsville, TX",2,0.03
Frequencies,1274,16086,CBSA,26740,"Hutchinson, KS",1,0.02
Frequencies,1275,16086,CBSA,26820,"Idaho Falls, ID",4,0.06
Frequencies,1276,16086,CBSA,26860,"Indiana, PA",2,0.03
Frequencies,1277,16086,CBSA,26900,"Indianapolis-Carmel-Anderson, IN",31,0.48
Frequencies,1278,16086,CBSA,26940,"Indianola, MS",1,0.02
Frequencies,1279,16086,CBSA,26980,"Iowa City, IA",4,0.06
Frequencies,1280,16086,CBSA,27060,"Ithaca, NY",3,0.05
Frequencies,1281,16086,CBSA,27100,"Jackson, MI",3,0.05
Frequencies,1282,16086,CBSA,27140,"Jackson, MS",18,0.28000000000000003
Frequencies,1283,16086,CBSA,27180,"Jackson, TN",7,0.11
Frequencies,1284,16086,CBSA,27260,"Jacksonville, FL",25,0.39
Frequencies,1285,16086,CBSA,27300,"Jacksonville, IL",3,0.05
Frequencies,1286,16086,CBSA,27340,"Jacksonville, NC",2,0.03
Frequencies,1287,16086,CBSA,27380,"Jacksonville, TX",2,0.03
Frequencies,1288,16086,CBSA,27420,"Jamestown, ND",1,0.02
Frequencies,1289,16086,CBSA,27460,"Jamestown-Dunkirk-Fredonia, NY",4,0.06
Frequencies,1290,16086,CBSA,27500,"Janesville-Beloit, WI",4,0.06
Frequencies,1291,16086,CBSA,27530,"Jasper, AL",1,0.02
Frequencies,1292,16086,CBSA,27620,"Jefferson City, MO",5,0.08
Frequencies,1293,16086,CBSA,27740,"Johnson City, TN",5,0.08
Frequencies,1294,16086,CBSA,27780,"Johnstown, PA",7,0.11
Frequencies,1295,16086,CBSA,27860,"Jonesboro, AR",2,0.03
Frequencies,1296,16086,CBSA,27900,"Joplin, MO",9,0.14000000000000001
Frequencies,1297,16086,CBSA,27940,"Juneau, AK",1,0.02
Frequencies,1298,16086,CBSA,27980,"Kahului-Wailuku-Lahaina, HI",2,0.03
Frequencies,1299,16086,CBSA,28020,"Kalamazoo-Portage, MI",6,0.09
Frequencies,1300,16086,CBSA,28060,"Kalispell, MT",2,0.03
Frequencies,1301,16086,CBSA,28100,"Kankakee, IL",3,0.05
Frequencies,1302,16086,CBSA,28140,"Kansas City, MO-KS",39,0.61
Frequencies,1303,16086,CBSA,28180,"Kapaa, HI",1,0.02
Frequencies,1304,16086,CBSA,28260,"Kearney, NE",1,0.02
Frequencies,1305,16086,CBSA,28300,"Keene, NH",4,0.06
Frequencies,1306,16086,CBSA,28420,"Kennewick-Richland, WA",4,0.06
Frequencies,1307,16086,CBSA,28500,"Kerrville, TX",2,0.03
Frequencies,1308,16086,CBSA,28580,"Key West, FL",1,0.02
Frequencies,1309,16086,CBSA,28660,"Killeen-Temple, TX",7,0.11
Frequencies,1310,16086,CBSA,28700,"Kingsport-Bristol, TN-VA",5,0.08
Frequencies,1311,16086,CBSA,28740,"Kingston, NY",4,0.06
Frequencies,1312,16086,CBSA,28780,"Kingsville, TX",1,0.02
Frequencies,1313,16086,CBSA,28820,"Kinston, NC",1,0.02
Frequencies,1314,16086,CBSA,28860,"Kirksville, MO",3,0.05
Frequencies,1315,16086,CBSA,28900,"Klamath Falls, OR",3,0.05
Frequencies,1316,16086,CBSA,28940,"Knoxville, TN",14,0.22
Frequencies,1317,16086,CBSA,29020,"Kokomo, IN",3,0.05
Frequencies,1318,16086,CBSA,29060,"Laconia, NH",2,0.03
Frequencies,1319,16086,CBSA,29100,"La Crosse-Onalaska, WI-MN",4,0.06
Frequencies,1320,16086,CBSA,29180,"Lafayette, LA",12,0.19
Frequencies,1321,16086,CBSA,29200,"Lafayette-West Lafayette, IN",5,0.08
Frequencies,1322,16086,CBSA,29260,"La Grande, OR",1,0.02
Frequencies,1323,16086,CBSA,29300,"LaGrange, GA-AL",2,0.03
Frequencies,1324,16086,CBSA,29340,"Lake Charles, LA",5,0.08
Frequencies,1325,16086,CBSA,29380,"Lake City, FL",1,0.02
Frequencies,1326,16086,CBSA,29420,"Lake Havasu City-Kingman, AZ",5,0.08
Frequencies,1327,16086,CBSA,29460,"Lakeland-Winter Haven, FL",12,0.19
Frequencies,1328,16086,CBSA,29540,"Lancaster, PA",12,0.19
Frequencies,1329,16086,CBSA,29620,"Lansing-East Lansing, MI",11,0.17
Frequencies,1330,16086,CBSA,29660,"Laramie, WY",2,0.03
Frequencies,1331,16086,CBSA,29700,"Laredo, TX",5,0.08
Frequencies,1332,16086,CBSA,29740,"Las Cruces, NM",4,0.06
Frequencies,1333,16086,CBSA,29780,"Las Vegas, NM",2,0.03
Frequencies,1334,16086,CBSA,29820,"Las Vegas-Henderson-Paradise, NV",27,0.42
Frequencies,1335,16086,CBSA,29860,"Laurel, MS",3,0.05
Frequencies,1336,16086,CBSA,29900,"Laurinburg, NC",1,0.02
Frequencies,1337,16086,CBSA,29940,"Lawrence, KS",4,0.06
Frequencies,1338,16086,CBSA,29980,"Lawrenceburg, TN",1,0.02
Frequencies,1339,16086,CBSA,30020,"Lawton, OK",4,0.06
Frequencies,1340,16086,CBSA,30060,"Lebanon, MO",1,0.02
Frequencies,1341,16086,CBSA,30100,"Lebanon, NH-VT",7,0.11
Frequencies,1342,16086,CBSA,30140,"Lebanon, PA",4,0.06
Frequencies,1343,16086,CBSA,30220,"Levelland, TX",1,0.02
Frequencies,1344,16086,CBSA,30260,"Lewisburg, PA",3,0.05
Frequencies,1345,16086,CBSA,30300,"Lewiston, ID-WA",3,0.05
Frequencies,1346,16086,CBSA,30340,"Lewiston-Auburn, ME",3,0.05
Frequencies,1347,16086,CBSA,30380,"Lewistown, PA",2,0.03
Frequencies,1348,16086,CBSA,30460,"Lexington-Fayette, KY",15,0.23
Frequencies,1349,16086,CBSA,30580,"Liberal, KS",1,0.02
Frequencies,1350,16086,CBSA,30620,"Lima, OH",6,0.09
Frequencies,1351,16086,CBSA,30660,"Lincoln, IL",2,0.03
Frequencies,1352,16086,CBSA,30700,"Lincoln, NE",12,0.19
Frequencies,1353,16086,CBSA,30780,"Little Rock-North Little Rock-Conway, AR",27,0.42
Frequencies,1354,16086,CBSA,30820,"Lock Haven, PA",1,0.02
Frequencies,1355,16086,CBSA,30860,"Logan, UT-ID",4,0.06
Frequencies,1356,16086,CBSA,30940,"London, KY",2,0.03
Frequencies,1357,16086,CBSA,30980,"Longview, TX",5,0.08
Frequencies,1358,16086,CBSA,31020,"Longview, WA",2,0.03
Frequencies,1359,16086,CBSA,31060,"Los Alamos, NM",1,0.02
Frequencies,1360,16086,CBSA,31080,"Los Angeles-Long Beach-Anaheim, CA",266,4.13
Frequencies,1361,16086,CBSA,31140,"Louisville/Jefferson County, KY-IN",22,0.34
Frequencies,1362,16086,CBSA,31180,"Lubbock, TX",7,0.11
Frequencies,1363,16086,CBSA,31220,"Ludington, MI",1,0.02
Frequencies,1364,16086,CBSA,31260,"Lufkin, TX",2,0.03
Frequencies,1365,16086,CBSA,31300,"Lumberton, NC",2,0.03
Frequencies,1366,16086,CBSA,31340,"Lynchburg, VA",8,0.12
Frequencies,1367,16086,CBSA,31380,"Macomb, IL",1,0.02
Frequencies,1368,16086,CBSA,31420,"Macon-Bibb County, GA",6,0.09
Frequencies,1369,16086,CBSA,31460,"Madera, CA",1,0.02
Frequencies,1370,16086,CBSA,31500,"Madison, IN",1,0.02
Frequencies,1371,16086,CBSA,31540,"Madison, WI",9,0.14000000000000001
Frequencies,1372,16086,CBSA,31580,"Madisonville, KY",1,0.02
Frequencies,1373,16086,CBSA,31620,"Magnolia, AR",1,0.02
Frequencies,1374,16086,CBSA,31660,"Malone, NY",1,0.02
Frequencies,1375,16086,CBSA,31680,"Malvern, AR",1,0.02
Frequencies,1376,16086,CBSA,31700,"Manchester-Nashua, NH",13,0.2
Frequencies,1377,16086,CBSA,31740,"Manhattan, KS",4,0.06
Frequencies,1378,16086,CBSA,31820,"Manitowoc, WI",3,0.05
Frequencies,1379,16086,CBSA,31860,"Mankato, MN",4,0.06
Frequencies,1380,16086,CBSA,31900,"Mansfield, OH",6,0.09
Frequencies,1381,16086,CBSA,31930,"Marietta, OH",3,0.05
Frequencies,1382,16086,CBSA,31980,"Marion, IN",3,0.05
Frequencies,1383,16086,CBSA,32000,"Marion, NC",1,0.02
Frequencies,1384,16086,CBSA,32020,"Marion, OH",3,0.05
Frequencies,1385,16086,CBSA,32100,"Marquette, MI",1,0.02
Frequencies,1386,16086,CBSA,32140,"Marshall, MN",1,0.02
Frequencies,1387,16086,CBSA,32180,"Marshall, MO",2,0.03
Frequencies,1388,16086,CBSA,32260,"Marshalltown, IA",1,0.02
Frequencies,1389,16086,CBSA,32280,"Martin, TN",1,0.02
Frequencies,1390,16086,CBSA,32300,"Martinsville, VA",1,0.02
Frequencies,1391,16086,CBSA,32340,"Maryville, MO",2,0.03
Frequencies,1392,16086,CBSA,32380,"Mason City, IA",2,0.03
Frequencies,1393,16086,CBSA,32420,"MayagÃ¼ez, PR",8,0.12
Frequencies,1394,16086,CBSA,32500,"Maysville, KY",1,0.02
Frequencies,1395,16086,CBSA,32540,"McAlester, OK",2,0.03
Frequencies,1396,16086,CBSA,32580,"McAllen-Edinburg-Mission, TX",16,0.25
Frequencies,1397,16086,CBSA,32620,"McComb, MS",1,0.02
Frequencies,1398,16086,CBSA,32660,"McMinnville, TN",1,0.02
Frequencies,1399,16086,CBSA,32700,"McPherson, KS",3,0.05
Frequencies,1400,16086,CBSA,32740,"Meadville, PA",5,0.08
Frequencies,1401,16086,CBSA,32780,"Medford, OR",4,0.06
Frequencies,1402,16086,CBSA,32820,"Memphis, TN-MS-AR",31,0.48
Frequencies,1403,16086,CBSA,32860,"Menomonie, WI",1,0.02
Frequencies,1404,16086,CBSA,32900,"Merced, CA",4,0.06
Frequencies,1405,16086,CBSA,32940,"Meridian, MS",2,0.03
Frequencies,1406,16086,CBSA,33060,"Miami, OK",2,0.03
Frequencies,1407,16086,CBSA,33100,"Miami-Fort Lauderdale-Pompano Beach, FL",133,2.0699999999999998
Frequencies,1408,16086,CBSA,33180,"Middlesborough, KY",1,0.02
Frequencies,1409,16086,CBSA,33220,"Midland, MI",2,0.03
Frequencies,1410,16086,CBSA,33260,"Midland, TX",1,0.02
Frequencies,1411,16086,CBSA,33300,"Milledgeville, GA",2,0.03
Frequencies,1412,16086,CBSA,33340,"Milwaukee-Waukesha, WI",26,0.4
Frequencies,1413,16086,CBSA,33380,"Minden, LA",1,0.02
Frequencies,1414,16086,CBSA,33460,"Minneapolis-St. Paul-Bloomington, MN-WI",50,0.78
Frequencies,1415,16086,CBSA,33500,"Minot, ND",2,0.03
Frequencies,1416,16086,CBSA,33540,"Missoula, MT",1,0.02
Frequencies,1417,16086,CBSA,33580,"Mitchell, SD",2,0.03
Frequencies,1418,16086,CBSA,33620,"Moberly, MO",2,0.03
Frequencies,1419,16086,CBSA,33660,"Mobile, AL",8,0.12
Frequencies,1420,16086,CBSA,33700,"Modesto, CA",10,0.16
Frequencies,1421,16086,CBSA,33740,"Monroe, LA",9,0.14000000000000001
Frequencies,1422,16086,CBSA,33780,"Monroe, MI",2,0.03
Frequencies,1423,16086,CBSA,33860,"Montgomery, AL",10,0.16
Frequencies,1424,16086,CBSA,33980,"Morehead City, NC",1,0.02
Frequencies,1425,16086,CBSA,34060,"Morgantown, WV",6,0.09
Frequencies,1426,16086,CBSA,34100,"Morristown, TN",3,0.05
Frequencies,1427,16086,CBSA,34140,"Moscow, ID",3,0.05
Frequencies,1428,16086,CBSA,34180,"Moses Lake, WA",1,0.02
Frequencies,1429,16086,CBSA,34260,"Mountain Home, AR",2,0.03
Frequencies,1430,16086,CBSA,34340,"Mount Airy, NC",1,0.02
Frequencies,1431,16086,CBSA,34350,"Mount Gay-Shamrock, WV",2,0.03
Frequencies,1432,16086,CBSA,34380,"Mount Pleasant, MI",5,0.08
Frequencies,1433,16086,CBSA,34420,"Mount Pleasant, TX",1,0.02
Frequencies,1434,16086,CBSA,34500,"Mount Vernon, IL",1,0.02
Frequencies,1435,16086,CBSA,34540,"Mount Vernon, OH",3,0.05
Frequencies,1436,16086,CBSA,34580,"Mount Vernon-Anacortes, WA",1,0.02
Frequencies,1437,16086,CBSA,34620,"Muncie, IN",2,0.03
Frequencies,1438,16086,CBSA,34660,"Murray, KY",1,0.02
Frequencies,1439,16086,CBSA,34740,"Muskegon, MI",3,0.05
Frequencies,1440,16086,CBSA,34780,"Muskogee, OK",3,0.05
Frequencies,1441,16086,CBSA,34820,"Myrtle Beach-Conway-North Myrtle Beach, SC-NC",5,0.08
Frequencies,1442,16086,CBSA,34860,"Nacogdoches, TX",1,0.02
Frequencies,1443,16086,CBSA,34900,"Napa, CA",2,0.03
Frequencies,1444,16086,CBSA,34940,"Naples-Marco Island, FL",4,0.06
Frequencies,1445,16086,CBSA,34980,"Nashville-Davidson--Murfreesboro--Franklin, TN",47,0.73
Frequencies,1446,16086,CBSA,35060,"Natchitoches, LA",1,0.02
Frequencies,1447,16086,CBSA,35100,"New Bern, NC",2,0.03
Frequencies,1448,16086,CBSA,35140,"Newberry, SC",1,0.02
Frequencies,1449,16086,CBSA,35260,"New Castle, PA",4,0.06
Frequencies,1450,16086,CBSA,35300,"New Haven-Milford, CT",23,0.36
Frequencies,1451,16086,CBSA,35380,"New Orleans-Metairie, LA",29,0.45
Frequencies,1452,16086,CBSA,35420,"New Philadelphia-Dover, OH",2,0.03
Frequencies,1453,16086,CBSA,35440,"Newport, OR",1,0.02
Frequencies,1454,16086,CBSA,35580,"New Ulm, MN",1,0.02
Frequencies,1455,16086,CBSA,35620,"New York-Newark-Jersey City, NY-NJ-PA",386,5.99
Frequencies,1456,16086,CBSA,35660,"Niles, MI",3,0.05
Frequencies,1457,16086,CBSA,35740,"Norfolk, NE",1,0.02
Frequencies,1458,16086,CBSA,35820,"North Platte, NE",1,0.02
Frequencies,1459,16086,CBSA,35840,"North Port-Sarasota-Bradenton, FL",10,0.16
Frequencies,1460,16086,CBSA,35900,"North Wilkesboro, NC",1,0.02
Frequencies,1461,16086,CBSA,35940,"Norwalk, OH",1,0.02
Frequencies,1462,16086,CBSA,35980,"Norwich-New London, CT",5,0.08
Frequencies,1463,16086,CBSA,36100,"Ocala, FL",4,0.06
Frequencies,1464,16086,CBSA,36220,"Odessa, TX",2,0.03
Frequencies,1465,16086,CBSA,36260,"Ogden-Clearfield, UT",8,0.12
Frequencies,1466,16086,CBSA,36300,"Ogdensburg-Massena, NY",4,0.06
Frequencies,1467,16086,CBSA,36340,"Oil City, PA",1,0.02
Frequencies,1468,16086,CBSA,36420,"Oklahoma City, OK",28,0.43
Frequencies,1469,16086,CBSA,36460,"Olean, NY",3,0.05
Frequencies,1470,16086,CBSA,36500,"Olympia-Lacey-Tumwater, WA",4,0.06
Frequencies,1471,16086,CBSA,36540,"Omaha-Council Bluffs, NE-IA",17,0.26
Frequencies,1472,16086,CBSA,36580,"Oneonta, NY",3,0.05
Frequencies,1473,16086,CBSA,36620,"Ontario, OR-ID",1,0.02
Frequencies,1474,16086,CBSA,36660,"Opelousas, LA",2,0.03
Frequencies,1475,16086,CBSA,36700,"Orangeburg, SC",4,0.06
Frequencies,1476,16086,CBSA,36740,"Orlando-Kissimmee-Sanford, FL",42,0.65
Frequencies,1477,16086,CBSA,36780,"Oshkosh-Neenah, WI",1,0.02
Frequencies,1478,16086,CBSA,36820,"Oskaloosa, IA",1,0.02
Frequencies,1479,16086,CBSA,36837,"Ottawa, IL",2,0.03
Frequencies,1480,16086,CBSA,36840,"Ottawa, KS",2,0.03
Frequencies,1481,16086,CBSA,36900,"Ottumwa, IA",2,0.03
Frequencies,1482,16086,CBSA,36980,"Owensboro, KY",4,0.06
Frequencies,1483,16086,CBSA,37060,"Oxford, MS",1,0.02
Frequencies,1484,16086,CBSA,37100,"Oxnard-Thousand Oaks-Ventura, CA",13,0.2
Frequencies,1485,16086,CBSA,37120,"Ozark, AL",1,0.02
Frequencies,1486,16086,CBSA,37140,"Paducah, KY-IL",1,0.02
Frequencies,1487,16086,CBSA,37260,"Palatka, FL",1,0.02
Frequencies,1488,16086,CBSA,37340,"Palm Bay-Melbourne-Titusville, FL",5,0.08
Frequencies,1489,16086,CBSA,37460,"Panama City, FL",2,0.03
Frequencies,1490,16086,CBSA,37500,"Paragould, AR",1,0.02
Frequencies,1491,16086,CBSA,37540,"Paris, TN",1,0.02
Frequencies,1492,16086,CBSA,37580,"Paris, TX",1,0.02
Frequencies,1493,16086,CBSA,37620,"Parkersburg-Vienna, WV",5,0.08
Frequencies,1494,16086,CBSA,37660,"Parsons, KS",1,0.02
Frequencies,1495,16086,CBSA,37800,"Pella, IA",1,0.02
Frequencies,1496,16086,CBSA,37860,"Pensacola-Ferry Pass-Brent, FL",8,0.12
Frequencies,1497,16086,CBSA,37900,"Peoria, IL",11,0.17
Frequencies,1498,16086,CBSA,37980,"Philadelphia-Camden-Wilmington, PA-NJ-DE-MD",129,2
Frequencies,1499,16086,CBSA,38060,"Phoenix-Mesa-Chandler, AZ",80,1.24
Frequencies,1500,16086,CBSA,38100,"Picayune, MS",1,0.02
Frequencies,1501,16086,CBSA,38220,"Pine Bluff, AR",5,0.08
Frequencies,1502,16086,CBSA,38240,"Pinehurst-Southern Pines, NC",1,0.02
Frequencies,1503,16086,CBSA,38260,"Pittsburg, KS",1,0.02
Frequencies,1504,16086,CBSA,38300,"Pittsburgh, PA",67,1.04
Frequencies,1505,16086,CBSA,38340,"Pittsfield, MA",6,0.09
Frequencies,1506,16086,CBSA,38380,"Plainview, TX",1,0.02
Frequencies,1507,16086,CBSA,38420,"Platteville, WI",2,0.03
Frequencies,1508,16086,CBSA,38460,"Plattsburgh, NY",4,0.06
Frequencies,1509,16086,CBSA,38500,"Plymouth, IN",1,0.02
Frequencies,1510,16086,CBSA,38540,"Pocatello, ID",2,0.03
Frequencies,1511,16086,CBSA,38580,"Point Pleasant, WV-OH",2,0.03
Frequencies,1512,16086,CBSA,38620,"Ponca City, OK",3,0.05
Frequencies,1513,16086,CBSA,38660,"Ponce, PR",16,0.25
Frequencies,1514,16086,CBSA,38740,"Poplar Bluff, MO",2,0.03
Frequencies,1515,16086,CBSA,38780,"Portales, NM",1,0.02
Frequencies,1516,16086,CBSA,38820,"Port Angeles, WA",1,0.02
Frequencies,1517,16086,CBSA,38860,"Portland-South Portland, ME",14,0.22
Frequencies,1518,16086,CBSA,38900,"Portland-Vancouver-Hillsboro, OR-WA",43,0.67
Frequencies,1519,16086,CBSA,38940,"Port St. Lucie, FL",5,0.08
Frequencies,1520,16086,CBSA,39020,"Portsmouth, OH",3,0.05
Frequencies,1521,16086,CBSA,39060,"Pottsville, PA",4,0.06
Frequencies,1522,16086,CBSA,39100,"Poughkeepsie-Newburgh-Middletown, NY",14,0.22
Frequencies,1523,16086,CBSA,39150,"Prescott Valley-Prescott, AZ",3,0.05
Frequencies,1524,16086,CBSA,39300,"Providence-Warwick, RI-MA",32,0.5
Frequencies,1525,16086,CBSA,39340,"Provo-Orem, UT",16,0.25
Frequencies,1526,16086,CBSA,39380,"Pueblo, CO",2,0.03
Frequencies,1527,16086,CBSA,39420,"Pullman, WA",2,0.03
Frequencies,1528,16086,CBSA,39460,"Punta Gorda, FL",1,0.02
Frequencies,1529,16086,CBSA,39500,"Quincy, IL-MO",7,0.11
Frequencies,1530,16086,CBSA,39540,"Racine, WI",2,0.03
Frequencies,1531,16086,CBSA,39580,"Raleigh-Cary, NC",18,0.28000000000000003
Frequencies,1532,16086,CBSA,39660,"Rapid City, SD",7,0.11
Frequencies,1533,16086,CBSA,39740,"Reading, PA",11,0.17
Frequencies,1534,16086,CBSA,39820,"Redding, CA",4,0.06
Frequencies,1535,16086,CBSA,39900,"Reno, NV",10,0.16
Frequencies,1536,16086,CBSA,39940,"Rexburg, ID",4,0.06
Frequencies,1537,16086,CBSA,39980,"Richmond, IN",4,0.06
Frequencies,1538,16086,CBSA,40060,"Richmond, VA",22,0.34
Frequencies,1539,16086,CBSA,40080,"Richmond-Berea, KY",4,0.06
Frequencies,1540,16086,CBSA,40140,"Riverside-San Bernardino-Ontario, CA",73,1.1299999999999999
Frequencies,1541,16086,CBSA,40180,"Riverton, WY",1,0.02
Frequencies,1542,16086,CBSA,40220,"Roanoke, VA",7,0.11
Frequencies,1543,16086,CBSA,40260,"Roanoke Rapids, NC",1,0.02
Frequencies,1544,16086,CBSA,40340,"Rochester, MN",5,0.08
Frequencies,1545,16086,CBSA,40380,"Rochester, NY",27,0.42
Frequencies,1546,16086,CBSA,40420,"Rockford, IL",7,0.11
Frequencies,1547,16086,CBSA,40460,"Rockingham, NC",1,0.02
Frequencies,1548,16086,CBSA,40540,"Rock Springs, WY",1,0.02
Frequencies,1549,16086,CBSA,40580,"Rocky Mount, NC",3,0.05
Frequencies,1550,16086,CBSA,40620,"Rolla, MO",3,0.05
Frequencies,1551,16086,CBSA,40660,"Rome, GA",4,0.06
Frequencies,1552,16086,CBSA,40700,"Roseburg, OR",1,0.02
Frequencies,1553,16086,CBSA,40740,"Roswell, NM",2,0.03
Frequencies,1554,16086,CBSA,40760,"Ruidoso, NM",1,0.02
Frequencies,1555,16086,CBSA,40780,"Russellville, AR",3,0.05
Frequencies,1556,16086,CBSA,40820,"Ruston, LA",2,0.03
Frequencies,1557,16086,CBSA,40860,"Rutland, VT",1,0.02
Frequencies,1558,16086,CBSA,40900,"Sacramento-Roseville-Folsom, CA",36,0.56000000000000005
Frequencies,1559,16086,CBSA,40940,"Safford, AZ",1,0.02
Frequencies,1560,16086,CBSA,40980,"Saginaw, MI",3,0.05
Frequencies,1561,16086,CBSA,41060,"St. Cloud, MN",6,0.09
Frequencies,1562,16086,CBSA,41100,"St. George, UT",7,0.11
Frequencies,1563,16086,CBSA,41140,"St. Joseph, MO-KS",4,0.06
Frequencies,1564,16086,CBSA,41180,"St. Louis, MO-IL",55,0.85
Frequencies,1565,16086,CBSA,41220,"St. Marys, GA",1,0.02
Frequencies,1566,16086,CBSA,41400,"Salem, OH",6,0.09
Frequencies,1567,16086,CBSA,41420,"Salem, OR",9,0.14000000000000001
Frequencies,1568,16086,CBSA,41460,"Salina, KS",3,0.05
Frequencies,1569,16086,CBSA,41500,"Salinas, CA",9,0.14000000000000001
Frequencies,1570,16086,CBSA,41540,"Salisbury, MD-DE",6,0.09
Frequencies,1571,16086,CBSA,41620,"Salt Lake City, UT",28,0.43
Frequencies,1572,16086,CBSA,41660,"San Angelo, TX",2,0.03
Frequencies,1573,16086,CBSA,41700,"San Antonio-New Braunfels, TX",48,0.75
Frequencies,1574,16086,CBSA,41740,"San Diego-Chula Vista-Carlsbad, CA",69,1.07
Frequencies,1575,16086,CBSA,41780,"Sandusky, OH",5,0.08
Frequencies,1576,16086,CBSA,41820,"Sanford, NC",1,0.02
Frequencies,1577,16086,CBSA,41860,"San Francisco-Oakland-Berkeley, CA",83,1.29
Frequencies,1578,16086,CBSA,41900,"San GermÃ¡n, PR",1,0.02
Frequencies,1579,16086,CBSA,41940,"San Jose-Sunnyvale-Santa Clara, CA",24,0.37
Frequencies,1580,16086,CBSA,41980,"San Juan-BayamÃ³n-Caguas, PR",101,1.57
Frequencies,1581,16086,CBSA,42020,"San Luis Obispo-Paso Robles, CA",6,0.09
Frequencies,1582,16086,CBSA,42100,"Santa Cruz-Watsonville, CA",4,0.06
Frequencies,1583,16086,CBSA,42140,"Santa Fe, NM",6,0.09
Frequencies,1584,16086,CBSA,42200,"Santa Maria-Santa Barbara, CA",12,0.19
Frequencies,1585,16086,CBSA,42220,"Santa Rosa-Petaluma, CA",6,0.09
Frequencies,1586,16086,CBSA,42300,"Sault Ste. Marie, MI",2,0.03
Frequencies,1587,16086,CBSA,42340,"Savannah, GA",7,0.11
Frequencies,1588,16086,CBSA,42380,"Sayre, PA",1,0.02
Frequencies,1589,16086,CBSA,42420,"Scottsbluff, NE",2,0.03
Frequencies,1590,16086,CBSA,42460,"Scottsboro, AL",1,0.02
Frequencies,1591,16086,CBSA,42540,"Scranton--Wilkes-Barre, PA",23,0.36
Frequencies,1592,16086,CBSA,42620,"Searcy, AR",3,0.05
Frequencies,1593,16086,CBSA,42660,"Seattle-Tacoma-Bellevue, WA",50,0.78
Frequencies,1594,16086,CBSA,42680,"Sebastian-Vero Beach, FL",1,0.02
Frequencies,1595,16086,CBSA,42700,"Sebring-Avon Park, FL",2,0.03
Frequencies,1596,16086,CBSA,42740,"Sedalia, MO",3,0.05
Frequencies,1597,16086,CBSA,42780,"Selinsgrove, PA",2,0.03
Frequencies,1598,16086,CBSA,42820,"Selma, AL",2,0.03
Frequencies,1599,16086,CBSA,42900,"Seneca Falls, NY",1,0.02
Frequencies,1600,16086,CBSA,43020,"Shawano, WI",1,0.02
Frequencies,1601,16086,CBSA,43060,"Shawnee, OK",4,0.06
Frequencies,1602,16086,CBSA,43100,"Sheboygan, WI",1,0.02
Frequencies,1603,16086,CBSA,43140,"Shelby, NC",2,0.03
Frequencies,1604,16086,CBSA,43180,"Shelbyville, TN",1,0.02
Frequencies,1605,16086,CBSA,43260,"Sheridan, WY",1,0.02
Frequencies,1606,16086,CBSA,43300,"Sherman-Denison, TX",3,0.05
Frequencies,1607,16086,CBSA,43320,"Show Low, AZ",1,0.02
Frequencies,1608,16086,CBSA,43340,"Shreveport-Bossier City, LA",15,0.23
Frequencies,1609,16086,CBSA,43420,"Sierra Vista-Douglas, AZ",2,0.03
Frequencies,1610,16086,CBSA,43500,"Silver City, NM",1,0.02
Frequencies,1611,16086,CBSA,43580,"Sioux City, IA-NE-SD",5,0.08
Frequencies,1612,16086,CBSA,43620,"Sioux Falls, SD",7,0.11
Frequencies,1613,16086,CBSA,43660,"Snyder, TX",1,0.02
Frequencies,1614,16086,CBSA,43700,"Somerset, KY",1,0.02
Frequencies,1615,16086,CBSA,43740,"Somerset, PA",1,0.02
Frequencies,1616,16086,CBSA,43760,"Sonora, CA",1,0.02
Frequencies,1617,16086,CBSA,43780,"South Bend-Mishawaka, IN-MI",8,0.12
Frequencies,1618,16086,CBSA,43900,"Spartanburg, SC",8,0.12
Frequencies,1619,16086,CBSA,43940,"Spearfish, SD",1,0.02
Frequencies,1620,16086,CBSA,44020,"Spirit Lake, IA",1,0.02
Frequencies,1621,16086,CBSA,44060,"Spokane-Spokane Valley, WA",14,0.22
Frequencies,1622,16086,CBSA,44100,"Springfield, IL",6,0.09
Frequencies,1623,16086,CBSA,44140,"Springfield, MA",18,0.28000000000000003
Frequencies,1624,16086,CBSA,44180,"Springfield, MO",16,0.25
Frequencies,1625,16086,CBSA,44220,"Springfield, OH",2,0.03
Frequencies,1626,16086,CBSA,44260,"Starkville, MS",1,0.02
Frequencies,1627,16086,CBSA,44300,"State College, PA",5,0.08
Frequencies,1628,16086,CBSA,44340,"Statesboro, GA",2,0.03
Frequencies,1629,16086,CBSA,44420,"Staunton, VA",3,0.05
Frequencies,1630,16086,CBSA,44500,"Stephenville, TX",1,0.02
Frequencies,1631,16086,CBSA,44540,"Sterling, CO",1,0.02
Frequencies,1632,16086,CBSA,44580,"Sterling, IL",2,0.03
Frequencies,1633,16086,CBSA,44620,"Stevens Point, WI",1,0.02
Frequencies,1634,16086,CBSA,44660,"Stillwater, OK",2,0.03
Frequencies,1635,16086,CBSA,44700,"Stockton, CA",8,0.12
Frequencies,1636,16086,CBSA,44740,"Storm Lake, IA",2,0.03
Frequencies,1637,16086,CBSA,44780,"Sturgis, MI",1,0.02
Frequencies,1638,16086,CBSA,44940,"Sumter, SC",4,0.06
Frequencies,1639,16086,CBSA,44980,"Sunbury, PA",1,0.02
Frequencies,1640,16086,CBSA,45000,"Susanville, CA",1,0.02
Frequencies,1641,16086,CBSA,45060,"Syracuse, NY",17,0.26
Frequencies,1642,16086,CBSA,45140,"Tahlequah, OK",2,0.03
Frequencies,1643,16086,CBSA,45180,"Talladega-Sylacauga, AL",1,0.02
Frequencies,1644,16086,CBSA,45220,"Tallahassee, FL",8,0.12
Frequencies,1645,16086,CBSA,45300,"Tampa-St. Petersburg-Clearwater, FL",46,0.71
Frequencies,1646,16086,CBSA,45340,"Taos, NM",1,0.02
Frequencies,1647,16086,CBSA,45460,"Terre Haute, IN",4,0.06
Frequencies,1648,16086,CBSA,45500,"Texarkana, TX-AR",4,0.06
Frequencies,1649,16086,CBSA,45520,"The Dalles, OR",1,0.02
Frequencies,1650,16086,CBSA,45540,"The Villages, FL",1,0.02
Frequencies,1651,16086,CBSA,45620,"Thomasville, GA",2,0.03
Frequencies,1652,16086,CBSA,45660,"Tiffin, OH",3,0.05
Frequencies,1653,16086,CBSA,45700,"Tifton, GA",1,0.02
Frequencies,1654,16086,CBSA,45740,"Toccoa, GA",1,0.02
Frequencies,1655,16086,CBSA,45780,"Toledo, OH",18,0.28000000000000003
Frequencies,1656,16086,CBSA,45820,"Topeka, KS",4,0.06
Frequencies,1657,16086,CBSA,45860,"Torrington, CT",1,0.02
Frequencies,1658,16086,CBSA,45900,"Traverse City, MI",1,0.02
Frequencies,1659,16086,CBSA,45940,"Trenton-Princeton, NJ",11,0.17
Frequencies,1660,16086,CBSA,45980,"Troy, AL",1,0.02
Frequencies,1661,16086,CBSA,46020,"Truckee-Grass Valley, CA",1,0.02
Frequencies,1662,16086,CBSA,46060,"Tucson, AZ",16,0.25
Frequencies,1663,16086,CBSA,46100,"Tullahoma-Manchester, TN",3,0.05
Frequencies,1664,16086,CBSA,46140,"Tulsa, OK",22,0.34
Frequencies,1665,16086,CBSA,46180,"Tupelo, MS",3,0.05
Frequencies,1666,16086,CBSA,46220,"Tuscaloosa, AL",5,0.08
Frequencies,1667,16086,CBSA,46300,"Twin Falls, ID",4,0.06
Frequencies,1668,16086,CBSA,46340,"Tyler, TX",4,0.06
Frequencies,1669,16086,CBSA,46380,"Ukiah, CA",2,0.03
Frequencies,1670,16086,CBSA,46420,"Union, SC",1,0.02
Frequencies,1671,16086,CBSA,46520,"Urban Honolulu, HI",18,0.28000000000000003
Frequencies,1672,16086,CBSA,46540,"Utica-Rome, NY",8,0.12
Frequencies,1673,16086,CBSA,46620,"Uvalde, TX",1,0.02
Frequencies,1674,16086,CBSA,46660,"Valdosta, GA",2,0.03
Frequencies,1675,16086,CBSA,46700,"Vallejo, CA",7,0.11
Frequencies,1676,16086,CBSA,46780,"Van Wert, OH",1,0.02
Frequencies,1677,16086,CBSA,46820,"Vermillion, SD",1,0.02
Frequencies,1678,16086,CBSA,46860,"Vernal, UT",1,0.02
Frequencies,1679,16086,CBSA,46900,"Vernon, TX",1,0.02
Frequencies,1680,16086,CBSA,47020,"Victoria, TX",4,0.06
Frequencies,1681,16086,CBSA,47080,"Vidalia, GA",2,0.03
Frequencies,1682,16086,CBSA,47180,"Vincennes, IN",2,0.03
Frequencies,1683,16086,CBSA,47220,"Vineland-Bridgeton, NJ",1,0.02
Frequencies,1684,16086,CBSA,47260,"Virginia Beach-Norfolk-Newport News, VA-NC",41,0.64
Frequencies,1685,16086,CBSA,47300,"Visalia, CA",8,0.12
Frequencies,1686,16086,CBSA,47340,"Wabash, IN",1,0.02
Frequencies,1687,16086,CBSA,47380,"Waco, TX",4,0.06
Frequencies,1688,16086,CBSA,47420,"Wahpeton, ND-MN",1,0.02
Frequencies,1689,16086,CBSA,47460,"Walla Walla, WA",3,0.05
Frequencies,1690,16086,CBSA,47580,"Warner Robins, GA",2,0.03
Frequencies,1691,16086,CBSA,47620,"Warren, PA",1,0.02
Frequencies,1692,16086,CBSA,47660,"Warrensburg, MO",2,0.03
Frequencies,1693,16086,CBSA,47700,"Warsaw, IN",1,0.02
Frequencies,1694,16086,CBSA,47820,"Washington, NC",1,0.02
Frequencies,1695,16086,CBSA,47900,"Washington-Arlington-Alexandria, DC-VA-MD-WV",82,1.27
Frequencies,1696,16086,CBSA,47940,"Waterloo-Cedar Falls, IA",6,0.09
Frequencies,1697,16086,CBSA,47980,"Watertown, SD",1,0.02
Frequencies,1698,16086,CBSA,48020,"Watertown-Fort Atkinson, WI",1,0.02
Frequencies,1699,16086,CBSA,48060,"Watertown-Fort Drum, NY",2,0.03
Frequencies,1700,16086,CBSA,48140,"Wausau-Weston, WI",2,0.03
Frequencies,1701,16086,CBSA,48180,"Waycross, GA",1,0.02
Frequencies,1702,16086,CBSA,48220,"Weatherford, OK",1,0.02
Frequencies,1703,16086,CBSA,48260,"Weirton-Steubenville, WV-OH",5,0.08
Frequencies,1704,16086,CBSA,48300,"Wenatchee, WA",1,0.02
Frequencies,1705,16086,CBSA,48460,"West Plains, MO",2,0.03
Frequencies,1706,16086,CBSA,48540,"Wheeling, WV-OH",8,0.12
Frequencies,1707,16086,CBSA,48580,"Whitewater, WI",2,0.03
Frequencies,1708,16086,CBSA,48620,"Wichita, KS",13,0.2
Frequencies,1709,16086,CBSA,48660,"Wichita Falls, TX",1,0.02
Frequencies,1710,16086,CBSA,48700,"Williamsport, PA",2,0.03
Frequencies,1711,16086,CBSA,48780,"Williston, ND",1,0.02
Frequencies,1712,16086,CBSA,48820,"Willmar, MN",1,0.02
Frequencies,1713,16086,CBSA,48900,"Wilmington, NC",4,0.06
Frequencies,1714,16086,CBSA,48940,"Wilmington, OH",1,0.02
Frequencies,1715,16086,CBSA,48980,"Wilson, NC",3,0.05
Frequencies,1716,16086,CBSA,49020,"Winchester, VA-WV",2,0.03
Frequencies,1717,16086,CBSA,49060,"Winfield, KS",2,0.03
Frequencies,1718,16086,CBSA,49100,"Winona, MN",3,0.05
Frequencies,1719,16086,CBSA,49180,"Winston-Salem, NC",10,0.16
Frequencies,1720,16086,CBSA,49220,"Wisconsin Rapids-Marshfield, WI",1,0.02
Frequencies,1721,16086,CBSA,49260,"Woodward, OK",2,0.03
Frequencies,1722,16086,CBSA,49300,"Wooster, OH",4,0.06
Frequencies,1723,16086,CBSA,49340,"Worcester, MA-CT",22,0.34
Frequencies,1724,16086,CBSA,49380,"Worthington, MN",1,0.02
Frequencies,1725,16086,CBSA,49420,"Yakima, WA",5,0.08
Frequencies,1726,16086,CBSA,49460,"Yankton, SD",2,0.03
Frequencies,1727,16086,CBSA,49500,"Yauco, PR",2,0.03
Frequencies,1728,16086,CBSA,49620,"York-Hanover, PA",6,0.09
Frequencies,1729,16086,CBSA,49660,"Youngstown-Warren-Boardman, OH-PA",17,0.26
Frequencies,1730,16086,CBSA,49700,"Yuba City, CA",2,0.03
Frequencies,1731,16086,CBSA,49740,"Yuma, AZ",2,0.03
Frequencies,1732,16086,CBSA,49780,"Zanesville, OH",4,0.06
Frequencies,1733,16086,CBSA,-2,Not applicable,288,4.47
Frequencies,1734,16091,CBSATYPE,1,Metropolitan Statistical Area,5475,85.02
Frequencies,1735,16091,CBSATYPE,2,Micropolitan Statistical Area,677,10.51
Frequencies,1736,16091,CBSATYPE,-2,Not applicable,288,4.47
Frequencies,1737,16096,CSA,104,"Albany-Schenectady, NY",35,0.54
Frequencies,1738,16096,CSA,106,"Albuquerque-Santa Fe-Las Vegas, NM",27,0.42
Frequencies,1739,16096,CSA,107,"Altoona-Huntingdon, PA",7,0.11
Frequencies,1740,16096,CSA,108,"Amarillo-Pampa-Borger, TX",8,0.12
Frequencies,1741,16096,CSA,118,"Appleton-Oshkosh-Neenah, WI",5,0.08
Frequencies,1742,16096,CSA,120,"Asheville-Marion-Brevard, NC",12,0.19
Frequencies,1743,16096,CSA,122,"Atlanta--Athens-Clarke County--Sandy Springs, GA-AL",94,1.46
Frequencies,1744,16096,CSA,140,"Bend-Prineville, OR",5,0.08
Frequencies,1745,16096,CSA,142,"Birmingham-Hoover-Talladega, AL",18,0.28000000000000003
Frequencies,1746,16096,CSA,144,"Bloomington-Bedford, IN",2,0.03
Frequencies,1747,16096,CSA,145,"Bloomington-Pontiac, IL",6,0.09
Frequencies,1748,16096,CSA,146,"Bloomsburg-Berwick-Sunbury, PA",7,0.11
Frequencies,1749,16096,CSA,147,"Boise City-Mountain Home-Ontario, ID-OR",17,0.26
Frequencies,1750,16096,CSA,148,"Boston-Worcester-Providence, MA-RI-NH-CT",180,2.8
Frequencies,1751,16096,CSA,150,"Bowling Green-Glasgow, KY",8,0.12
Frequencies,1752,16096,CSA,154,"Brownsville-Harlingen-Raymondville, TX",7,0.11
Frequencies,1753,16096,CSA,160,"Buffalo-Cheektowaga-Olean, NY",27,0.42
Frequencies,1754,16096,CSA,161,"Burlington-Fort Madison-Keokuk, IA-IL-MO",1,0.02
Frequencies,1755,16096,CSA,162,"Burlington-South Burlington-Barre, VT",11,0.17
Frequencies,1756,16096,CSA,163,"Cape Coral-Fort Myers-Naples, FL",18,0.28000000000000003
Frequencies,1757,16096,CSA,164,"Cape Girardeau-Sikeston, MO-IL",4,0.06
Frequencies,1758,16096,CSA,168,"Cedar Rapids-Iowa City, IA",11,0.17
Frequencies,1759,16096,CSA,170,"Charleston-Huntington-Ashland, WV-OH-KY",32,0.5
Frequencies,1760,16096,CSA,172,"Charlotte-Concord, NC-SC",41,0.64
Frequencies,1761,16096,CSA,174,"Chattanooga-Cleveland-Dalton, TN-GA",18,0.28000000000000003
Frequencies,1762,16096,CSA,176,"Chicago-Naperville, IL-IN-WI",185,2.87
Frequencies,1763,16096,CSA,178,"Cincinnati-Wilmington-Maysville, OH-KY-IN",45,0.7
Frequencies,1764,16096,CSA,184,"Cleveland-Akron-Canton, OH",80,1.24
Frequencies,1765,16096,CSA,185,"Cleveland-Indianola, MS",3,0.05
Frequencies,1766,16096,CSA,188,"Clovis-Portales, NM",2,0.03
Frequencies,1767,16096,CSA,190,"Columbia-Moberly-Mexico, MO",9,0.14000000000000001
Frequencies,1768,16096,CSA,192,"Columbia-Orangeburg-Newberry, SC",22,0.34
Frequencies,1769,16096,CSA,194,"Columbus-Auburn-Opelika, GA-AL",6,0.09
Frequencies,1770,16096,CSA,198,"Columbus-Marion-Zanesville, OH",51,0.79
Frequencies,1771,16096,CSA,200,"Columbus-West Point, MS",1,0.02
Frequencies,1772,16096,CSA,204,"Corpus Christi-Kingsville-Alice, TX",7,0.11
Frequencies,1773,16096,CSA,206,"Dallas-Fort Worth, TX-OK",109,1.69
Frequencies,1774,16096,CSA,209,"Davenport-Moline, IA-IL",11,0.17
Frequencies,1775,16096,CSA,212,"Dayton-Springfield-Kettering, OH",32,0.5
Frequencies,1776,16096,CSA,216,"Denver-Aurora, CO",62,0.96
Frequencies,1777,16096,CSA,218,"Des Moines-Ames-West Des Moines, IA",16,0.25
Frequencies,1778,16096,CSA,220,"Detroit-Warren-Ann Arbor, MI",81,1.26
Frequencies,1779,16096,CSA,221,"Dixon-Sterling, IL",3,0.05
Frequencies,1780,16096,CSA,222,"Dothan-Ozark, AL",3,0.05
Frequencies,1781,16096,CSA,232,"Eau Claire-Menomonie, WI",4,0.06
Frequencies,1782,16096,CSA,233,"Edwards-Glenwood Springs, CO",1,0.02
Frequencies,1783,16096,CSA,236,"Elmira-Corning, NY",4,0.06
Frequencies,1784,16096,CSA,238,"El Paso-Las Cruces, TX-NM",17,0.26
Frequencies,1785,16096,CSA,240,"Erie-Meadville, PA",14,0.22
Frequencies,1786,16096,CSA,244,"Fargo-Wahpeton, ND-MN",8,0.12
Frequencies,1787,16096,CSA,246,"Fayetteville-Sanford-Lumberton, NC",14,0.22
Frequencies,1788,16096,CSA,258,"Fort Wayne-Huntington-Auburn, IN",12,0.19
Frequencies,1789,16096,CSA,260,"Fresno-Madera-Hanford, CA",26,0.4
Frequencies,1790,16096,CSA,264,"Gainesville-Lake City, FL",10,0.16
Frequencies,1791,16096,CSA,266,"Grand Rapids-Kentwood-Muskegon, MI",24,0.37
Frequencies,1792,16096,CSA,267,"Green Bay-Shawano, WI",8,0.12
Frequencies,1793,16096,CSA,268,"Greensboro--Winston-Salem--High Point, NC",27,0.42
Frequencies,1794,16096,CSA,272,"Greenville-Kinston-Washington, NC",5,0.08
Frequencies,1795,16096,CSA,273,"Greenville-Spartanburg-Anderson, SC",29,0.45
Frequencies,1796,16096,CSA,276,"Harrisburg-York-Lebanon, PA",25,0.39
Frequencies,1797,16096,CSA,277,"Harrisonburg-Staunton, VA",6,0.09
Frequencies,1798,16096,CSA,278,"Hartford-East Hartford, CT",32,0.5
Frequencies,1799,16096,CSA,279,"Hattiesburg-Laurel, MS",8,0.12
Frequencies,1800,16096,CSA,284,"Hot Springs-Malvern, AR",4,0.06
Frequencies,1801,16096,CSA,288,"Houston-The Woodlands, TX",88,1.37
Frequencies,1802,16096,CSA,290,"Huntsville-Decatur, AL",10,0.16
Frequencies,1803,16096,CSA,292,"Idaho Falls-Rexburg-Blackfoot, ID",9,0.14000000000000001
Frequencies,1804,16096,CSA,294,"Indianapolis-Carmel-Muncie, IN",34,0.53
Frequencies,1805,16096,CSA,296,"Ithaca-Cortland, NY",4,0.06
Frequencies,1806,16096,CSA,297,"Jackson-Brownsville, TN",7,0.11
Frequencies,1807,16096,CSA,298,"Jackson-Vicksburg-Brookhaven, MS",18,0.28000000000000003
Frequencies,1808,16096,CSA,300,"Jacksonville-St. Marys-Palatka, FL-GA",27,0.42
Frequencies,1809,16096,CSA,304,"Johnson City-Kingsport-Bristol, TN-VA",10,0.16
Frequencies,1810,16096,CSA,306,"Johnstown-Somerset, PA",8,0.12
Frequencies,1811,16096,CSA,308,"Jonesboro-Paragould, AR",3,0.05
Frequencies,1812,16096,CSA,309,"Joplin-Miami, MO-OK",11,0.17
Frequencies,1813,16096,CSA,310,"Kalamazoo-Battle Creek-Portage, MI",12,0.19
Frequencies,1814,16096,CSA,312,"Kansas City-Overland Park-Kansas City, MO-KS",52,0.81
Frequencies,1815,16096,CSA,313,"Kennewick-Richland-Walla Walla, WA",7,0.11
Frequencies,1816,16096,CSA,314,"Kerrville-Fredericksburg, TX",2,0.03
Frequencies,1817,16096,CSA,315,"Knoxville-Morristown-Sevierville, TN",17,0.26
Frequencies,1818,16096,CSA,316,"Kokomo-Peru, IN",3,0.05
Frequencies,1819,16096,CSA,318,"Lafayette-Opelousas-Morgan City, LA",14,0.22
Frequencies,1820,16096,CSA,320,"Lafayette-West Lafayette-Frankfort, IN",5,0.08
Frequencies,1821,16096,CSA,324,"Lake Charles-Jennings, LA",5,0.08
Frequencies,1822,16096,CSA,332,"Las Vegas-Henderson, NV",27,0.42
Frequencies,1823,16096,CSA,336,"Lexington-Fayette--Richmond--Frankfort, KY",20,0.31
Frequencies,1824,16096,CSA,338,"Lima-Van Wert-Celina, OH",8,0.12
Frequencies,1825,16096,CSA,339,"Lincoln-Beatrice, NE",12,0.19
Frequencies,1826,16096,CSA,340,"Little Rock-North Little Rock, AR",35,0.54
Frequencies,1827,16096,CSA,348,"Los Angeles-Long Beach, CA",352,5.47
Frequencies,1828,16096,CSA,350,"Louisville/Jefferson County--Elizabethtown--Bardstown, KY-IN",24,0.37
Frequencies,1829,16096,CSA,352,"Lubbock-Plainview-Levelland, TX",9,0.14000000000000001
Frequencies,1830,16096,CSA,356,"Macon-Bibb County--Warner Robins, GA",8,0.12
Frequencies,1831,16096,CSA,357,"Madison-Janesville-Beloit, WI",14,0.22
Frequencies,1832,16096,CSA,359,"Mankato-New Ulm, MN",5,0.08
Frequencies,1833,16096,CSA,360,"Mansfield-Ashland-Bucyrus, OH",8,0.12
Frequencies,1834,16096,CSA,362,"Martin-Union City, TN",1,0.02
Frequencies,1835,16096,CSA,364,"MayagÃ¼ez-San GermÃ¡n, PR",9,0.14000000000000001
Frequencies,1836,16096,CSA,365,"McAllen-Edinburg, TX",16,0.25
Frequencies,1837,16096,CSA,366,"Medford-Grants Pass, OR",6,0.09
Frequencies,1838,16096,CSA,368,"Memphis-Forrest City, TN-MS-AR",32,0.5
Frequencies,1839,16096,CSA,370,"Miami-Port St. Lucie-Fort Lauderdale, FL",140,2.17
Frequencies,1840,16096,CSA,372,"Midland-Odessa, TX",3,0.05
Frequencies,1841,16096,CSA,376,"Milwaukee-Racine-Waukesha, WI",32,0.5
Frequencies,1842,16096,CSA,378,"Minneapolis-St. Paul, MN-WI",58,0.9
Frequencies,1843,16096,CSA,380,"Mobile-Daphne-Fairhope, AL",12,0.19
Frequencies,1844,16096,CSA,384,"Monroe-Ruston, LA",11,0.17
Frequencies,1845,16096,CSA,388,"Montgomery-Selma-Alexander City, AL",13,0.2
Frequencies,1846,16096,CSA,390,"Morgantown-Fairmont, WV",8,0.12
Frequencies,1847,16096,CSA,393,"Moses Lake-Othello, WA",1,0.02
Frequencies,1848,16096,CSA,394,"Mount Pleasant-Alma, MI",6,0.09
Frequencies,1849,16096,CSA,396,"Myrtle Beach-Conway, SC-NC",5,0.08
Frequencies,1850,16096,CSA,400,"Nashville-Davidson--Murfreesboro, TN",49,0.76
Frequencies,1851,16096,CSA,404,"New Bern-Morehead City, NC",3,0.05
Frequencies,1852,16096,CSA,406,"New Orleans-Metairie-Hammond, LA-MS",32,0.5
Frequencies,1853,16096,CSA,408,"New York-Newark, NY-NJ-CT-PA",455,7.07
Frequencies,1854,16096,CSA,412,"North Port-Sarasota, FL",11,0.17
Frequencies,1855,16096,CSA,416,"Oklahoma City-Shawnee, OK",32,0.5
Frequencies,1856,16096,CSA,420,"Omaha-Council Bluffs-Fremont, NE-IA",18,0.28000000000000003
Frequencies,1857,16096,CSA,422,"Orlando-Lakeland-Deltona, FL",65,1.01
Frequencies,1858,16096,CSA,424,"Paducah-Mayfield, KY-IL",1,0.02
Frequencies,1859,16096,CSA,425,"Parkersburg-Marietta-Vienna, WV-OH",8,0.12
Frequencies,1860,16096,CSA,426,"Pensacola-Ferry Pass, FL-AL",8,0.12
Frequencies,1861,16096,CSA,428,"Philadelphia-Reading-Camden, PA-NJ-DE-MD",153,2.38
Frequencies,1862,16096,CSA,429,"Phoenix-Mesa, AZ",80,1.24
Frequencies,1863,16096,CSA,430,"Pittsburgh-New Castle-Weirton, PA-OH-WV",78,1.21
Frequencies,1864,16096,CSA,434,"Ponce-Yauco-Coamo, PR",19,0.3
Frequencies,1865,16096,CSA,438,"Portland-Lewiston-South Portland, ME",17,0.26
Frequencies,1866,16096,CSA,440,"Portland-Vancouver-Salem, OR-WA",57,0.89
Frequencies,1867,16096,CSA,444,"Pueblo-CaÃ±on City, CO",2,0.03
Frequencies,1868,16096,CSA,446,"Pullman-Moscow, WA-ID",5,0.08
Frequencies,1869,16096,CSA,448,"Quincy-Hannibal, IL-MO",8,0.12
Frequencies,1870,16096,CSA,450,"Raleigh-Durham-Cary, NC",29,0.45
Frequencies,1871,16096,CSA,452,"Rapid City-Spearfish, SD",8,0.12
Frequencies,1872,16096,CSA,454,"Redding-Red Bluff, CA",4,0.06
Frequencies,1873,16096,CSA,456,"Reno-Carson City-Fernley, NV",11,0.17
Frequencies,1874,16096,CSA,458,"Richmond-Connersville, IN",4,0.06
Frequencies,1875,16096,CSA,462,"Rochester-Austin, MN",6,0.09
Frequencies,1876,16096,CSA,464,"Rochester-Batavia-Seneca Falls, NY",30,0.47
Frequencies,1877,16096,CSA,466,"Rockford-Freeport-Rochelle, IL",8,0.12
Frequencies,1878,16096,CSA,468,"Rocky Mount-Wilson-Roanoke Rapids, NC",7,0.11
Frequencies,1879,16096,CSA,472,"Sacramento-Roseville, CA",39,0.61
Frequencies,1880,16096,CSA,474,"Saginaw-Midland-Bay City, MI",8,0.12
Frequencies,1881,16096,CSA,476,"St. Louis-St. Charles-Farmington, MO-IL",56,0.87
Frequencies,1882,16096,CSA,480,"Salisbury-Cambridge, MD-DE",6,0.09
Frequencies,1883,16096,CSA,482,"Salt Lake City-Provo-Orem, UT",53,0.82
Frequencies,1884,16096,CSA,484,"San Antonio-New Braunfels-Pearsall, TX",48,0.75
Frequencies,1885,16096,CSA,488,"San Jose-San Francisco-Oakland, CA",148,2.2999999999999998
Frequencies,1886,16096,CSA,490,"San Juan-BayamÃ³n, PR",113,1.75
Frequencies,1887,16096,CSA,496,"Savannah-Hinesville-Statesboro, GA",9,0.14000000000000001
Frequencies,1888,16096,CSA,497,"Scottsboro-Fort Payne, AL",1,0.02
Frequencies,1889,16096,CSA,500,"Seattle-Tacoma, WA",58,0.9
Frequencies,1890,16096,CSA,508,"Shreveport-Bossier City-Minden, LA",16,0.25
Frequencies,1891,16096,CSA,515,"South Bend-Elkhart-Mishawaka, IN-MI",15,0.23
Frequencies,1892,16096,CSA,517,"Spencer-Spirit Lake, IA",1,0.02
Frequencies,1893,16096,CSA,518,"Spokane-Spokane Valley-Coeur d'Alene, WA-ID",16,0.25
Frequencies,1894,16096,CSA,522,"Springfield-Jacksonville-Lincoln, IL",11,0.17
Frequencies,1895,16096,CSA,524,"State College-DuBois, PA",7,0.11
Frequencies,1896,16096,CSA,532,"Syracuse-Auburn, NY",20,0.31
Frequencies,1897,16096,CSA,534,"Toledo-Findlay-Tiffin, OH",25,0.39
Frequencies,1898,16096,CSA,536,"Tucson-Nogales, AZ",16,0.25
Frequencies,1899,16096,CSA,538,"Tulsa-Muskogee-Bartlesville, OK",26,0.4
Frequencies,1900,16096,CSA,539,"Tupelo-Corinth, MS",4,0.06
Frequencies,1901,16096,CSA,540,"Tyler-Jacksonville, TX",6,0.09
Frequencies,1902,16096,CSA,544,"Victoria-Port Lavaca, TX",4,0.06
Frequencies,1903,16096,CSA,545,"Virginia Beach-Norfolk, VA-NC",44,0.68
Frequencies,1904,16096,CSA,548,"Washington-Baltimore-Arlington, DC-MD-VA-WV-PA",143,2.2200000000000002
Frequencies,1905,16096,CSA,554,"Wausau-Stevens Point-Wisconsin Rapids, WI",4,0.06
Frequencies,1906,16096,CSA,556,"Wichita-Winfield, KS",15,0.23
Frequencies,1907,16096,CSA,558,"Williamsport-Lock Haven, PA",3,0.05
Frequencies,1908,16096,CSA,566,"Youngstown-Warren, OH-PA",23,0.36
Frequencies,1909,16096,CSA,-2,Not applicable,1466,22.76
Frequencies,1910,16099,NECTA,70600,"Augusta, ME",2,0.03
Frequencies,1911,16099,NECTA,70750,"Bangor, ME",5,0.08
Frequencies,1912,16099,NECTA,70900,"Barnstable Town, MA",3,0.05
Frequencies,1913,16099,NECTA,71050,"Barre, VT",5,0.08
Frequencies,1914,16099,NECTA,71350,"Bennington, VT",1,0.02
Frequencies,1915,16099,NECTA,71500,"Berlin, NH",1,0.02
Frequencies,1916,16099,NECTA,71650,"Boston-Cambridge-Newton, MA-NH",106,1.65
Frequencies,1917,16099,NECTA,71950,"Bridgeport-Stamford-Norwalk, CT",12,0.19
Frequencies,1918,16099,NECTA,72250,"Brunswick, ME",1,0.02
Frequencies,1919,16099,NECTA,72400,"Burlington-South Burlington, VT",5,0.08
Frequencies,1920,16099,NECTA,72500,"Claremont, NH",1,0.02
Frequencies,1921,16099,NECTA,72700,"Concord, NH",5,0.08
Frequencies,1922,16099,NECTA,72850,"Danbury, CT",2,0.03
Frequencies,1923,16099,NECTA,73050,"Dover-Durham, NH-ME",2,0.03
Frequencies,1924,16099,NECTA,73300,"Greenfield Town, MA",1,0.02
Frequencies,1925,16099,NECTA,73450,"Hartford-East Hartford-Middletown, CT",24,0.37
Frequencies,1926,16099,NECTA,73750,"Keene, NH",3,0.05
Frequencies,1927,16099,NECTA,73900,"Laconia, NH",2,0.03
Frequencies,1928,16099,NECTA,74350,"Lebanon, NH-VT",4,0.06
Frequencies,1929,16099,NECTA,74500,"Leominster-Gardner, MA",4,0.06
Frequencies,1930,16099,NECTA,74650,"Lewiston-Auburn, ME",3,0.05
Frequencies,1931,16099,NECTA,74950,"Manchester, NH",8,0.12
Frequencies,1932,16099,NECTA,75550,"New Bedford, MA",2,0.03
Frequencies,1933,16099,NECTA,75700,"New Haven, CT",14,0.22
Frequencies,1934,16099,NECTA,76150,"North Adams, MA-VT",3,0.05
Frequencies,1935,16099,NECTA,76450,"Norwich-New London-Westerly, CT-RI",5,0.08
Frequencies,1936,16099,NECTA,76600,"Pittsfield, MA",2,0.03
Frequencies,1937,16099,NECTA,76750,"Portland-South Portland, ME",10,0.16
Frequencies,1938,16099,NECTA,76900,"Portsmouth, NH-ME",2,0.03
Frequencies,1939,16099,NECTA,77200,"Providence-Warwick, RI-MA",26,0.4
Frequencies,1940,16099,NECTA,77950,"Sanford, ME",1,0.02
Frequencies,1941,16099,NECTA,78100,"Springfield, MA-CT",20,0.31
Frequencies,1942,16099,NECTA,78400,"Torrington, CT",1,0.02
Frequencies,1943,16099,NECTA,78700,"Waterbury, CT",8,0.12
Frequencies,1944,16099,NECTA,78850,"Waterville, ME",3,0.05
Frequencies,1945,16099,NECTA,79300,"Willimantic, CT",1,0.02
Frequencies,1946,16099,NECTA,79600,"Worcester, MA-CT",17,0.26
Frequencies,1947,16099,NECTA,-2,Not applicable,6125,95.11
Frequencies,1948,16116,COUNTYCD,1003,"Baldwin County, AL",4,0.06
Frequencies,1949,16116,COUNTYCD,1015,"Calhoun County, AL",1,0.02
Frequencies,1950,16116,COUNTYCD,1025,"Clarke County, AL",1,0.02
Frequencies,1951,16116,COUNTYCD,1031,"Coffee County, AL",1,0.02
Frequencies,1952,16116,COUNTYCD,1033,"Colbert County, AL",1,0.02
Frequencies,1953,16116,COUNTYCD,1035,"Conecuh County, AL",1,0.02
Frequencies,1954,16116,COUNTYCD,1039,"Covington County, AL",1,0.02
Frequencies,1955,16116,COUNTYCD,1043,"Cullman County, AL",1,0.02
Frequencies,1956,16116,COUNTYCD,1045,"Dale County, AL",1,0.02
Frequencies,1957,16116,COUNTYCD,1047,"Dallas County, AL",2,0.03
Frequencies,1958,16116,COUNTYCD,1051,"Elmore County, AL",1,0.02
Frequencies,1959,16116,COUNTYCD,1055,"Etowah County, AL",1,0.02
Frequencies,1960,16116,COUNTYCD,1069,"Houston County, AL",2,0.03
Frequencies,1961,16116,COUNTYCD,1071,"Jackson County, AL",1,0.02
Frequencies,1962,16116,COUNTYCD,1073,"Jefferson County, AL",14,0.22
Frequencies,1963,16116,COUNTYCD,1077,"Lauderdale County, AL",2,0.03
Frequencies,1964,16116,COUNTYCD,1081,"Lee County, AL",1,0.02
Frequencies,1965,16116,COUNTYCD,1083,"Limestone County, AL",2,0.03
Frequencies,1966,16116,COUNTYCD,1087,"Macon County, AL",1,0.02
Frequencies,1967,16116,COUNTYCD,1089,"Madison County, AL",8,0.12
Frequencies,1968,16116,COUNTYCD,1095,"Marshall County, AL",2,0.03
Frequencies,1969,16116,COUNTYCD,1097,"Mobile County, AL",8,0.12
Frequencies,1970,16116,COUNTYCD,1101,"Montgomery County, AL",9,0.14000000000000001
Frequencies,1971,16116,COUNTYCD,1105,"Perry County, AL",2,0.03
Frequencies,1972,16116,COUNTYCD,1109,"Pike County, AL",1,0.02
Frequencies,1973,16116,COUNTYCD,1111,"Randolph County, AL",1,0.02
Frequencies,1974,16116,COUNTYCD,1113,"Russell County, AL",1,0.02
Frequencies,1975,16116,COUNTYCD,1117,"Shelby County, AL",1,0.02
Frequencies,1976,16116,COUNTYCD,1119,"Sumter County, AL",1,0.02
Frequencies,1977,16116,COUNTYCD,1121,"Talladega County, AL",1,0.02
Frequencies,1978,16116,COUNTYCD,1123,"Tallapoosa County, AL",1,0.02
Frequencies,1979,16116,COUNTYCD,1125,"Tuscaloosa County, AL",5,0.08
Frequencies,1980,16116,COUNTYCD,1127,"Walker County, AL",1,0.02
Frequencies,1981,16116,COUNTYCD,2020,"Anchorage Municipality, AK",3,0.05
Frequencies,1982,16116,COUNTYCD,2090,"Fairbanks North Star Borough, AK",2,0.03
Frequencies,1983,16116,COUNTYCD,2110,"Juneau City and Borough, AK",1,0.02
Frequencies,1984,16116,COUNTYCD,2122,"Kenai Peninsula Borough, AK",2,0.03
Frequencies,1985,16116,COUNTYCD,2170,"Matanuska-Susitna Borough, AK",1,0.02
Frequencies,1986,16116,COUNTYCD,2185,"North Slope Borough, AK",1,0.02
Frequencies,1987,16116,COUNTYCD,4001,"Apache County, AZ",1,0.02
Frequencies,1988,16116,COUNTYCD,4003,"Cochise County, AZ",2,0.03
Frequencies,1989,16116,COUNTYCD,4005,"Coconino County, AZ",5,0.08
Frequencies,1990,16116,COUNTYCD,4009,"Graham County, AZ",1,0.02
Frequencies,1991,16116,COUNTYCD,4013,"Maricopa County, AZ",78,1.21
Frequencies,1992,16116,COUNTYCD,4015,"Mohave County, AZ",5,0.08
Frequencies,1993,16116,COUNTYCD,4017,"Navajo County, AZ",1,0.02
Frequencies,1994,16116,COUNTYCD,4019,"Pima County, AZ",16,0.25
Frequencies,1995,16116,COUNTYCD,4021,"Pinal County, AZ",2,0.03
Frequencies,1996,16116,COUNTYCD,4025,"Yavapai County, AZ",3,0.05
Frequencies,1997,16116,COUNTYCD,4027,"Yuma County, AZ",2,0.03
Frequencies,1998,16116,COUNTYCD,5005,"Baxter County, AR",2,0.03
Frequencies,1999,16116,COUNTYCD,5007,"Benton County, AR",5,0.08
Frequencies,2000,16116,COUNTYCD,5009,"Boone County, AR",1,0.02
Frequencies,2001,16116,COUNTYCD,5013,"Calhoun County, AR",1,0.02
Frequencies,2002,16116,COUNTYCD,5019,"Clark County, AR",2,0.03
Frequencies,2003,16116,COUNTYCD,5027,"Columbia County, AR",1,0.02
Frequencies,2004,16116,COUNTYCD,5029,"Conway County, AR",1,0.02
Frequencies,2005,16116,COUNTYCD,5031,"Craighead County, AR",2,0.03
Frequencies,2006,16116,COUNTYCD,5035,"Crittenden County, AR",1,0.02
Frequencies,2007,16116,COUNTYCD,5037,"Cross County, AR",1,0.02
Frequencies,2008,16116,COUNTYCD,5043,"Drew County, AR",1,0.02
Frequencies,2009,16116,COUNTYCD,5045,"Faulkner County, AR",4,0.06
Frequencies,2010,16116,COUNTYCD,5051,"Garland County, AR",3,0.05
Frequencies,2011,16116,COUNTYCD,5055,"Greene County, AR",1,0.02
Frequencies,2012,16116,COUNTYCD,5057,"Hempstead County, AR",1,0.02
Frequencies,2013,16116,COUNTYCD,5059,"Hot Spring County, AR",1,0.02
Frequencies,2014,16116,COUNTYCD,5063,"Independence County, AR",2,0.03
Frequencies,2015,16116,COUNTYCD,5065,"Izard County, AR",1,0.02
Frequencies,2016,16116,COUNTYCD,5067,"Jackson County, AR",1,0.02
Frequencies,2017,16116,COUNTYCD,5069,"Jefferson County, AR",5,0.08
Frequencies,2018,16116,COUNTYCD,5071,"Johnson County, AR",1,0.02
Frequencies,2019,16116,COUNTYCD,5075,"Lawrence County, AR",1,0.02
Frequencies,2020,16116,COUNTYCD,5093,"Mississippi County, AR",1,0.02
Frequencies,2021,16116,COUNTYCD,5107,"Phillips County, AR",1,0.02
Frequencies,2022,16116,COUNTYCD,5113,"Polk County, AR",1,0.02
Frequencies,2023,16116,COUNTYCD,5115,"Pope County, AR",3,0.05
Frequencies,2024,16116,COUNTYCD,5119,"Pulaski County, AR",23,0.36
Frequencies,2025,16116,COUNTYCD,5121,"Randolph County, AR",1,0.02
Frequencies,2026,16116,COUNTYCD,5123,"St. Francis County, AR",1,0.02
Frequencies,2027,16116,COUNTYCD,5131,"Sebastian County, AR",5,0.08
Frequencies,2028,16116,COUNTYCD,5133,"Sevier County, AR",1,0.02
Frequencies,2029,16116,COUNTYCD,5139,"Union County, AR",2,0.03
Frequencies,2030,16116,COUNTYCD,5143,"Washington County, AR",5,0.08
Frequencies,2031,16116,COUNTYCD,5145,"White County, AR",3,0.05
Frequencies,2032,16116,COUNTYCD,6001,"Alameda County, CA",38,0.59
Frequencies,2033,16116,COUNTYCD,6007,"Butte County, CA",3,0.05
Frequencies,2034,16116,COUNTYCD,6013,"Contra Costa County, CA",12,0.19
Frequencies,2035,16116,COUNTYCD,6017,"El Dorado County, CA",2,0.03
Frequencies,2036,16116,COUNTYCD,6019,"Fresno County, CA",22,0.34
Frequencies,2037,16116,COUNTYCD,6023,"Humboldt County, CA",4,0.06
Frequencies,2038,16116,COUNTYCD,6025,"Imperial County, CA",2,0.03
Frequencies,2039,16116,COUNTYCD,6029,"Kern County, CA",12,0.19
Frequencies,2040,16116,COUNTYCD,6031,"Kings County, CA",3,0.05
Frequencies,2041,16116,COUNTYCD,6035,"Lassen County, CA",1,0.02
Frequencies,2042,16116,COUNTYCD,6037,"Los Angeles County, CA",203,3.15
Frequencies,2043,16116,COUNTYCD,6039,"Madera County, CA",1,0.02
Frequencies,2044,16116,COUNTYCD,6041,"Marin County, CA",3,0.05
Frequencies,2045,16116,COUNTYCD,6045,"Mendocino County, CA",2,0.03
Frequencies,2046,16116,COUNTYCD,6047,"Merced County, CA",4,0.06
Frequencies,2047,16116,COUNTYCD,6053,"Monterey County, CA",9,0.14000000000000001
Frequencies,2048,16116,COUNTYCD,6055,"Napa County, CA",2,0.03
Frequencies,2049,16116,COUNTYCD,6057,"Nevada County, CA",1,0.02
Frequencies,2050,16116,COUNTYCD,6059,"Orange County, CA",63,0.98
Frequencies,2051,16116,COUNTYCD,6061,"Placer County, CA",4,0.06
Frequencies,2052,16116,COUNTYCD,6063,"Plumas County, CA",1,0.02
Frequencies,2053,16116,COUNTYCD,6065,"Riverside County, CA",38,0.59
Frequencies,2054,16116,COUNTYCD,6067,"Sacramento County, CA",28,0.43
Frequencies,2055,16116,COUNTYCD,6071,"San Bernardino County, CA",35,0.54
Frequencies,2056,16116,COUNTYCD,6073,"San Diego County, CA",69,1.07
Frequencies,2057,16116,COUNTYCD,6075,"San Francisco County, CA",20,0.31
Frequencies,2058,16116,COUNTYCD,6077,"San Joaquin County, CA",8,0.12
Frequencies,2059,16116,COUNTYCD,6079,"San Luis Obispo County, CA",6,0.09
Frequencies,2060,16116,COUNTYCD,6081,"San Mateo County, CA",10,0.16
Frequencies,2061,16116,COUNTYCD,6083,"Santa Barbara County, CA",12,0.19
Frequencies,2062,16116,COUNTYCD,6085,"Santa Clara County, CA",24,0.37
Frequencies,2063,16116,COUNTYCD,6087,"Santa Cruz County, CA",4,0.06
Frequencies,2064,16116,COUNTYCD,6089,"Shasta County, CA",4,0.06
Frequencies,2065,16116,COUNTYCD,6093,"Siskiyou County, CA",1,0.02
Frequencies,2066,16116,COUNTYCD,6095,"Solano County, CA",7,0.11
Frequencies,2067,16116,COUNTYCD,6097,"Sonoma County, CA",6,0.09
Frequencies,2068,16116,COUNTYCD,6099,"Stanislaus County, CA",10,0.16
Frequencies,2069,16116,COUNTYCD,6101,"Sutter County, CA",1,0.02
Frequencies,2070,16116,COUNTYCD,6107,"Tulare County, CA",8,0.12
Frequencies,2071,16116,COUNTYCD,6109,"Tuolumne County, CA",1,0.02
Frequencies,2072,16116,COUNTYCD,6111,"Ventura County, CA",13,0.2
Frequencies,2073,16116,COUNTYCD,6113,"Yolo County, CA",2,0.03
Frequencies,2074,16116,COUNTYCD,6115,"Yuba County, CA",1,0.02
Frequencies,2075,16116,COUNTYCD,8001,"Adams County, CO",6,0.09
Frequencies,2076,16116,COUNTYCD,8003,"Alamosa County, CO",1,0.02
Frequencies,2077,16116,COUNTYCD,8005,"Arapahoe County, CO",11,0.17
Frequencies,2078,16116,COUNTYCD,8013,"Boulder County, CO",7,0.11
Frequencies,2079,16116,COUNTYCD,8014,"Broomfield County, CO",1,0.02
Frequencies,2080,16116,COUNTYCD,8029,"Delta County, CO",1,0.02
Frequencies,2081,16116,COUNTYCD,8031,"Denver County, CO",19,0.3
Frequencies,2082,16116,COUNTYCD,8035,"Douglas County, CO",3,0.05
Frequencies,2083,16116,COUNTYCD,8041,"El Paso County, CO",16,0.25
Frequencies,2084,16116,COUNTYCD,8045,"Garfield County, CO",1,0.02
Frequencies,2085,16116,COUNTYCD,8051,"Gunnison County, CO",1,0.02
Frequencies,2086,16116,COUNTYCD,8059,"Jefferson County, CO",12,0.19
Frequencies,2087,16116,COUNTYCD,8067,"La Plata County, CO",1,0.02
Frequencies,2088,16116,COUNTYCD,8069,"Larimer County, CO",4,0.06
Frequencies,2089,16116,COUNTYCD,8071,"Las Animas County, CO",1,0.02
Frequencies,2090,16116,COUNTYCD,8075,"Logan County, CO",1,0.02
Frequencies,2091,16116,COUNTYCD,8077,"Mesa County, CO",3,0.05
Frequencies,2092,16116,COUNTYCD,8087,"Morgan County, CO",1,0.02
Frequencies,2093,16116,COUNTYCD,8089,"Otero County, CO",1,0.02
Frequencies,2094,16116,COUNTYCD,8099,"Prowers County, CO",1,0.02
Frequencies,2095,16116,COUNTYCD,8101,"Pueblo County, CO",2,0.03
Frequencies,2096,16116,COUNTYCD,8103,"Rio Blanco County, CO",1,0.02
Frequencies,2097,16116,COUNTYCD,8123,"Weld County, CO",3,0.05
Frequencies,2098,16116,COUNTYCD,9001,"Fairfield County, CT",13,0.2
Frequencies,2099,16116,COUNTYCD,9003,"Hartford County, CT",21,0.33
Frequencies,2100,16116,COUNTYCD,9005,"Litchfield County, CT",1,0.02
Frequencies,2101,16116,COUNTYCD,9007,"Middlesex County, CT",4,0.06
Frequencies,2102,16116,COUNTYCD,9009,"New Haven County, CT",23,0.36
Frequencies,2103,16116,COUNTYCD,9011,"New London County, CT",5,0.08
Frequencies,2104,16116,COUNTYCD,9013,"Tolland County, CT",2,0.03
Frequencies,2105,16116,COUNTYCD,9015,"Windham County, CT",2,0.03
Frequencies,2106,16116,COUNTYCD,10001,"Kent County, DE",6,0.09
Frequencies,2107,16116,COUNTYCD,10003,"New Castle County, DE",11,0.17
Frequencies,2108,16116,COUNTYCD,10005,"Sussex County, DE",2,0.03
Frequencies,2109,16116,COUNTYCD,11001,"District of Columbia, DC",25,0.39
Frequencies,2110,16116,COUNTYCD,12001,"Alachua County, FL",9,0.14000000000000001
Frequencies,2111,16116,COUNTYCD,12005,"Bay County, FL",2,0.03
Frequencies,2112,16116,COUNTYCD,12007,"Bradford County, FL",1,0.02
Frequencies,2113,16116,COUNTYCD,12009,"Brevard County, FL",5,0.08
Frequencies,2114,16116,COUNTYCD,12011,"Broward County, FL",38,0.59
Frequencies,2115,16116,COUNTYCD,12015,"Charlotte County, FL",1,0.02
Frequencies,2116,16116,COUNTYCD,12017,"Citrus County, FL",1,0.02
Frequencies,2117,16116,COUNTYCD,12019,"Clay County, FL",2,0.03
Frequencies,2118,16116,COUNTYCD,12021,"Collier County, FL",4,0.06
Frequencies,2119,16116,COUNTYCD,12023,"Columbia County, FL",1,0.02
Frequencies,2120,16116,COUNTYCD,12031,"Duval County, FL",21,0.33
Frequencies,2121,16116,COUNTYCD,12033,"Escambia County, FL",7,0.11
Frequencies,2122,16116,COUNTYCD,12035,"Flagler County, FL",1,0.02
Frequencies,2123,16116,COUNTYCD,12039,"Gadsden County, FL",1,0.02
Frequencies,2124,16116,COUNTYCD,12053,"Hernando County, FL",3,0.05
Frequencies,2125,16116,COUNTYCD,12055,"Highlands County, FL",2,0.03
Frequencies,2126,16116,COUNTYCD,12057,"Hillsborough County, FL",23,0.36
Frequencies,2127,16116,COUNTYCD,12061,"Indian River County, FL",1,0.02
Frequencies,2128,16116,COUNTYCD,12063,"Jackson County, FL",2,0.03
Frequencies,2129,16116,COUNTYCD,12069,"Lake County, FL",4,0.06
Frequencies,2130,16116,COUNTYCD,12071,"Lee County, FL",14,0.22
Frequencies,2131,16116,COUNTYCD,12073,"Leon County, FL",7,0.11
Frequencies,2132,16116,COUNTYCD,12079,"Madison County, FL",1,0.02
Frequencies,2133,16116,COUNTYCD,12081,"Manatee County, FL",4,0.06
Frequencies,2134,16116,COUNTYCD,12083,"Marion County, FL",4,0.06
Frequencies,2135,16116,COUNTYCD,12085,"Martin County, FL",1,0.02
Frequencies,2136,16116,COUNTYCD,12086,"Miami-Dade County, FL",72,1.1200000000000001
Frequencies,2137,16116,COUNTYCD,12087,"Monroe County, FL",1,0.02
Frequencies,2138,16116,COUNTYCD,12091,"Okaloosa County, FL",2,0.03
Frequencies,2139,16116,COUNTYCD,12095,"Orange County, FL",25,0.39
Frequencies,2140,16116,COUNTYCD,12097,"Osceola County, FL",4,0.06
Frequencies,2141,16116,COUNTYCD,12099,"Palm Beach County, FL",23,0.36
Frequencies,2142,16116,COUNTYCD,12101,"Pasco County, FL",5,0.08
Frequencies,2143,16116,COUNTYCD,12103,"Pinellas County, FL",15,0.23
Frequencies,2144,16116,COUNTYCD,12105,"Polk County, FL",12,0.19
Frequencies,2145,16116,COUNTYCD,12107,"Putnam County, FL",1,0.02
Frequencies,2146,16116,COUNTYCD,12109,"St. Johns County, FL",2,0.03
Frequencies,2147,16116,COUNTYCD,12111,"St. Lucie County, FL",4,0.06
Frequencies,2148,16116,COUNTYCD,12113,"Santa Rosa County, FL",1,0.02
Frequencies,2149,16116,COUNTYCD,12115,"Sarasota County, FL",6,0.09
Frequencies,2150,16116,COUNTYCD,12117,"Seminole County, FL",9,0.14000000000000001
Frequencies,2151,16116,COUNTYCD,12119,"Sumter County, FL",1,0.02
Frequencies,2152,16116,COUNTYCD,12121,"Suwannee County, FL",1,0.02
Frequencies,2153,16116,COUNTYCD,12123,"Taylor County, FL",1,0.02
Frequencies,2154,16116,COUNTYCD,12127,"Volusia County, FL",9,0.14000000000000001
Frequencies,2155,16116,COUNTYCD,12131,"Walton County, FL",1,0.02
Frequencies,2156,16116,COUNTYCD,12133,"Washington County, FL",1,0.02
Frequencies,2157,16116,COUNTYCD,13009,"Baldwin County, GA",2,0.03
Frequencies,2158,16116,COUNTYCD,13013,"Barrow County, GA",1,0.02
Frequencies,2159,16116,COUNTYCD,13021,"Bibb County, GA",6,0.09
Frequencies,2160,16116,COUNTYCD,13031,"Bulloch County, GA",2,0.03
Frequencies,2161,16116,COUNTYCD,13039,"Camden County, GA",1,0.02
Frequencies,2162,16116,COUNTYCD,13045,"Carroll County, GA",1,0.02
Frequencies,2163,16116,COUNTYCD,13051,"Chatham County, GA",7,0.11
Frequencies,2164,16116,COUNTYCD,13057,"Cherokee County, GA",1,0.02
Frequencies,2165,16116,COUNTYCD,13059,"Clarke County, GA",3,0.05
Frequencies,2166,16116,COUNTYCD,13063,"Clayton County, GA",5,0.08
Frequencies,2167,16116,COUNTYCD,13067,"Cobb County, GA",8,0.12
Frequencies,2168,16116,COUNTYCD,13069,"Coffee County, GA",1,0.02
Frequencies,2169,16116,COUNTYCD,13073,"Columbia County, GA",1,0.02
Frequencies,2170,16116,COUNTYCD,13083,"Dade County, GA",1,0.02
Frequencies,2171,16116,COUNTYCD,13089,"DeKalb County, GA",15,0.23
Frequencies,2172,16116,COUNTYCD,13095,"Dougherty County, GA",2,0.03
Frequencies,2173,16116,COUNTYCD,13107,"Emanuel County, GA",1,0.02
Frequencies,2174,16116,COUNTYCD,13115,"Floyd County, GA",4,0.06
Frequencies,2175,16116,COUNTYCD,13117,"Forsyth County, GA",1,0.02
Frequencies,2176,16116,COUNTYCD,13119,"Franklin County, GA",1,0.02
Frequencies,2177,16116,COUNTYCD,13121,"Fulton County, GA",30,0.47
Frequencies,2178,16116,COUNTYCD,13127,"Glynn County, GA",1,0.02
Frequencies,2179,16116,COUNTYCD,13135,"Gwinnett County, GA",12,0.19
Frequencies,2180,16116,COUNTYCD,13137,"Habersham County, GA",2,0.03
Frequencies,2181,16116,COUNTYCD,13139,"Hall County, GA",3,0.05
Frequencies,2182,16116,COUNTYCD,13143,"Haralson County, GA",1,0.02
Frequencies,2183,16116,COUNTYCD,13153,"Houston County, GA",1,0.02
Frequencies,2184,16116,COUNTYCD,13171,"Lamar County, GA",1,0.02
Frequencies,2185,16116,COUNTYCD,13185,"Lowndes County, GA",2,0.03
Frequencies,2186,16116,COUNTYCD,13187,"Lumpkin County, GA",1,0.02
Frequencies,2187,16116,COUNTYCD,13209,"Montgomery County, GA",1,0.02
Frequencies,2188,16116,COUNTYCD,13215,"Muscogee County, GA",4,0.06
Frequencies,2189,16116,COUNTYCD,13217,"Newton County, GA",1,0.02
Frequencies,2190,16116,COUNTYCD,13225,"Peach County, GA",1,0.02
Frequencies,2191,16116,COUNTYCD,13243,"Randolph County, GA",1,0.02
Frequencies,2192,16116,COUNTYCD,13245,"Richmond County, GA",5,0.08
Frequencies,2193,16116,COUNTYCD,13247,"Rockdale County, GA",1,0.02
Frequencies,2194,16116,COUNTYCD,13255,"Spalding County, GA",1,0.02
Frequencies,2195,16116,COUNTYCD,13257,"Stephens County, GA",1,0.02
Frequencies,2196,16116,COUNTYCD,13261,"Sumter County, GA",2,0.03
Frequencies,2197,16116,COUNTYCD,13275,"Thomas County, GA",2,0.03
Frequencies,2198,16116,COUNTYCD,13277,"Tift County, GA",1,0.02
Frequencies,2199,16116,COUNTYCD,13279,"Toombs County, GA",1,0.02
Frequencies,2200,16116,COUNTYCD,13281,"Towns County, GA",1,0.02
Frequencies,2201,16116,COUNTYCD,13285,"Troup County, GA",2,0.03
Frequencies,2202,16116,COUNTYCD,13299,"Ware County, GA",1,0.02
Frequencies,2203,16116,COUNTYCD,13303,"Washington County, GA",1,0.02
Frequencies,2204,16116,COUNTYCD,13311,"White County, GA",1,0.02
Frequencies,2205,16116,COUNTYCD,13313,"Whitfield County, GA",2,0.03
Frequencies,2206,16116,COUNTYCD,15001,"Hawaii County, HI",3,0.05
Frequencies,2207,16116,COUNTYCD,15003,"Honolulu County, HI",18,0.28000000000000003
Frequencies,2208,16116,COUNTYCD,15007,"Kauai County, HI",1,0.02
Frequencies,2209,16116,COUNTYCD,15009,"Maui County, HI",2,0.03
Frequencies,2210,16116,COUNTYCD,16001,"Ada County, ID",11,0.17
Frequencies,2211,16116,COUNTYCD,16005,"Bannock County, ID",2,0.03
Frequencies,2212,16116,COUNTYCD,16011,"Bingham County, ID",1,0.02
Frequencies,2213,16116,COUNTYCD,16019,"Bonneville County, ID",4,0.06
Frequencies,2214,16116,COUNTYCD,16027,"Canyon County, ID",5,0.08
Frequencies,2215,16116,COUNTYCD,16031,"Cassia County, ID",1,0.02
Frequencies,2216,16116,COUNTYCD,16053,"Jerome County, ID",1,0.02
Frequencies,2217,16116,COUNTYCD,16055,"Kootenai County, ID",2,0.03
Frequencies,2218,16116,COUNTYCD,16057,"Latah County, ID",3,0.05
Frequencies,2219,16116,COUNTYCD,16065,"Madison County, ID",4,0.06
Frequencies,2220,16116,COUNTYCD,16069,"Nez Perce County, ID",3,0.05
Frequencies,2221,16116,COUNTYCD,16083,"Twin Falls County, ID",3,0.05
Frequencies,2222,16116,COUNTYCD,17001,"Adams County, IL",6,0.09
Frequencies,2223,16116,COUNTYCD,17005,"Bond County, IL",1,0.02
Frequencies,2224,16116,COUNTYCD,17019,"Champaign County, IL",4,0.06
Frequencies,2225,16116,COUNTYCD,17027,"Clinton County, IL",1,0.02
Frequencies,2226,16116,COUNTYCD,17029,"Coles County, IL",2,0.03
Frequencies,2227,16116,COUNTYCD,17031,"Cook County, IL",111,1.72
Frequencies,2228,16116,COUNTYCD,17033,"Crawford County, IL",1,0.02
Frequencies,2229,16116,COUNTYCD,17037,"DeKalb County, IL",4,0.06
Frequencies,2230,16116,COUNTYCD,17043,"DuPage County, IL",22,0.34
Frequencies,2231,16116,COUNTYCD,17057,"Fulton County, IL",3,0.05
Frequencies,2232,16116,COUNTYCD,17077,"Jackson County, IL",2,0.03
Frequencies,2233,16116,COUNTYCD,17081,"Jefferson County, IL",1,0.02
Frequencies,2234,16116,COUNTYCD,17083,"Jersey County, IL",1,0.02
Frequencies,2235,16116,COUNTYCD,17089,"Kane County, IL",5,0.08
Frequencies,2236,16116,COUNTYCD,17091,"Kankakee County, IL",3,0.05
Frequencies,2237,16116,COUNTYCD,17093,"Kendall County, IL",1,0.02
Frequencies,2238,16116,COUNTYCD,17095,"Knox County, IL",2,0.03
Frequencies,2239,16116,COUNTYCD,17097,"Lake County, IL",9,0.14000000000000001
Frequencies,2240,16116,COUNTYCD,17099,"LaSalle County, IL",2,0.03
Frequencies,2241,16116,COUNTYCD,17103,"Lee County, IL",1,0.02
Frequencies,2242,16116,COUNTYCD,17107,"Logan County, IL",2,0.03
Frequencies,2243,16116,COUNTYCD,17109,"McDonough County, IL",1,0.02
Frequencies,2244,16116,COUNTYCD,17111,"McHenry County, IL",3,0.05
Frequencies,2245,16116,COUNTYCD,17113,"McLean County, IL",6,0.09
Frequencies,2246,16116,COUNTYCD,17115,"Macon County, IL",4,0.06
Frequencies,2247,16116,COUNTYCD,17117,"Macoupin County, IL",1,0.02
Frequencies,2248,16116,COUNTYCD,17119,"Madison County, IL",3,0.05
Frequencies,2249,16116,COUNTYCD,17133,"Monroe County, IL",2,0.03
Frequencies,2250,16116,COUNTYCD,17135,"Montgomery County, IL",1,0.02
Frequencies,2251,16116,COUNTYCD,17137,"Morgan County, IL",3,0.05
Frequencies,2252,16116,COUNTYCD,17143,"Peoria County, IL",4,0.06
Frequencies,2253,16116,COUNTYCD,17153,"Pulaski County, IL",1,0.02
Frequencies,2254,16116,COUNTYCD,17159,"Richland County, IL",2,0.03
Frequencies,2255,16116,COUNTYCD,17161,"Rock Island County, IL",4,0.06
Frequencies,2256,16116,COUNTYCD,17163,"St. Clair County, IL",2,0.03
Frequencies,2257,16116,COUNTYCD,17165,"Saline County, IL",1,0.02
Frequencies,2258,16116,COUNTYCD,17167,"Sangamon County, IL",6,0.09
Frequencies,2259,16116,COUNTYCD,17177,"Stephenson County, IL",1,0.02
Frequencies,2260,16116,COUNTYCD,17179,"Tazewell County, IL",3,0.05
Frequencies,2261,16116,COUNTYCD,17183,"Vermilion County, IL",3,0.05
Frequencies,2262,16116,COUNTYCD,17185,"Wabash County, IL",1,0.02
Frequencies,2263,16116,COUNTYCD,17187,"Warren County, IL",1,0.02
Frequencies,2264,16116,COUNTYCD,17191,"Wayne County, IL",1,0.02
Frequencies,2265,16116,COUNTYCD,17195,"Whiteside County, IL",2,0.03
Frequencies,2266,16116,COUNTYCD,17197,"Will County, IL",7,0.11
Frequencies,2267,16116,COUNTYCD,17199,"Williamson County, IL",1,0.02
Frequencies,2268,16116,COUNTYCD,17201,"Winnebago County, IL",7,0.11
Frequencies,2269,16116,COUNTYCD,17203,"Woodford County, IL",1,0.02
Frequencies,2270,16116,COUNTYCD,18003,"Allen County, IN",10,0.16
Frequencies,2271,16116,COUNTYCD,18019,"Clark County, IN",4,0.06
Frequencies,2272,16116,COUNTYCD,18029,"Dearborn County, IN",1,0.02
Frequencies,2273,16116,COUNTYCD,18035,"Delaware County, IN",2,0.03
Frequencies,2274,16116,COUNTYCD,18039,"Elkhart County, IN",2,0.03
Frequencies,2275,16116,COUNTYCD,18043,"Floyd County, IN",1,0.02
Frequencies,2276,16116,COUNTYCD,18051,"Gibson County, IN",1,0.02
Frequencies,2277,16116,COUNTYCD,18053,"Grant County, IN",3,0.05
Frequencies,2278,16116,COUNTYCD,18057,"Hamilton County, IN",3,0.05
Frequencies,2279,16116,COUNTYCD,18067,"Howard County, IN",3,0.05
Frequencies,2280,16116,COUNTYCD,18069,"Huntington County, IN",1,0.02
Frequencies,2281,16116,COUNTYCD,18077,"Jefferson County, IN",1,0.02
Frequencies,2282,16116,COUNTYCD,18081,"Johnson County, IN",1,0.02
Frequencies,2283,16116,COUNTYCD,18083,"Knox County, IN",2,0.03
Frequencies,2284,16116,COUNTYCD,18085,"Kosciusko County, IN",1,0.02
Frequencies,2285,16116,COUNTYCD,18089,"Lake County, IN",10,0.16
Frequencies,2286,16116,COUNTYCD,18095,"Madison County, IN",3,0.05
Frequencies,2287,16116,COUNTYCD,18097,"Marion County, IN",23,0.36
Frequencies,2288,16116,COUNTYCD,18099,"Marshall County, IN",1,0.02
Frequencies,2289,16116,COUNTYCD,18105,"Monroe County, IN",2,0.03
Frequencies,2290,16116,COUNTYCD,18107,"Montgomery County, IN",1,0.02
Frequencies,2291,16116,COUNTYCD,18127,"Porter County, IN",2,0.03
Frequencies,2292,16116,COUNTYCD,18133,"Putnam County, IN",1,0.02
Frequencies,2293,16116,COUNTYCD,18141,"St. Joseph County, IN",7,0.11
Frequencies,2294,16116,COUNTYCD,18147,"Spencer County, IN",1,0.02
Frequencies,2295,16116,COUNTYCD,18149,"Starke County, IN",1,0.02
Frequencies,2296,16116,COUNTYCD,18151,"Steuben County, IN",1,0.02
Frequencies,2297,16116,COUNTYCD,18157,"Tippecanoe County, IN",5,0.08
Frequencies,2298,16116,COUNTYCD,18163,"Vanderburgh County, IN",5,0.08
Frequencies,2299,16116,COUNTYCD,18167,"Vigo County, IN",4,0.06
Frequencies,2300,16116,COUNTYCD,18169,"Wabash County, IN",1,0.02
Frequencies,2301,16116,COUNTYCD,18177,"Wayne County, IN",4,0.06
Frequencies,2302,16116,COUNTYCD,19013,"Black Hawk County, IA",5,0.08
Frequencies,2303,16116,COUNTYCD,19017,"Bremer County, IA",1,0.02
Frequencies,2304,16116,COUNTYCD,19021,"Buena Vista County, IA",2,0.03
Frequencies,2305,16116,COUNTYCD,19033,"Cerro Gordo County, IA",2,0.03
Frequencies,2306,16116,COUNTYCD,19049,"Dallas County, IA",1,0.02
Frequencies,2307,16116,COUNTYCD,19053,"Decatur County, IA",1,0.02
Frequencies,2308,16116,COUNTYCD,19057,"Des Moines County, IA",1,0.02
Frequencies,2309,16116,COUNTYCD,19059,"Dickinson County, IA",1,0.02
Frequencies,2310,16116,COUNTYCD,19061,"Dubuque County, IA",7,0.11
Frequencies,2311,16116,COUNTYCD,19063,"Emmet County, IA",1,0.02
Frequencies,2312,16116,COUNTYCD,19065,"Fayette County, IA",1,0.02
Frequencies,2313,16116,COUNTYCD,19083,"Hardin County, IA",1,0.02
Frequencies,2314,16116,COUNTYCD,19087,"Henry County, IA",2,0.03
Frequencies,2315,16116,COUNTYCD,19101,"Jefferson County, IA",1,0.02
Frequencies,2316,16116,COUNTYCD,19103,"Johnson County, IA",3,0.05
Frequencies,2317,16116,COUNTYCD,19105,"Jones County, IA",1,0.02
Frequencies,2318,16116,COUNTYCD,19113,"Linn County, IA",6,0.09
Frequencies,2319,16116,COUNTYCD,19123,"Mahaska County, IA",1,0.02
Frequencies,2320,16116,COUNTYCD,19125,"Marion County, IA",1,0.02
Frequencies,2321,16116,COUNTYCD,19127,"Marshall County, IA",1,0.02
Frequencies,2322,16116,COUNTYCD,19153,"Polk County, IA",10,0.16
Frequencies,2323,16116,COUNTYCD,19155,"Pottawattamie County, IA",2,0.03
Frequencies,2324,16116,COUNTYCD,19157,"Poweshiek County, IA",1,0.02
Frequencies,2325,16116,COUNTYCD,19163,"Scott County, IA",7,0.11
Frequencies,2326,16116,COUNTYCD,19167,"Sioux County, IA",3,0.05
Frequencies,2327,16116,COUNTYCD,19169,"Story County, IA",2,0.03
Frequencies,2328,16116,COUNTYCD,19175,"Union County, IA",1,0.02
Frequencies,2329,16116,COUNTYCD,19179,"Wapello County, IA",2,0.03
Frequencies,2330,16116,COUNTYCD,19181,"Warren County, IA",1,0.02
Frequencies,2331,16116,COUNTYCD,19183,"Washington County, IA",1,0.02
Frequencies,2332,16116,COUNTYCD,19187,"Webster County, IA",2,0.03
Frequencies,2333,16116,COUNTYCD,19189,"Winnebago County, IA",1,0.02
Frequencies,2334,16116,COUNTYCD,19191,"Winneshiek County, IA",2,0.03
Frequencies,2335,16116,COUNTYCD,19193,"Woodbury County, IA",5,0.08
Frequencies,2336,16116,COUNTYCD,20001,"Allen County, KS",1,0.02
Frequencies,2337,16116,COUNTYCD,20005,"Atchison County, KS",1,0.02
Frequencies,2338,16116,COUNTYCD,20009,"Barton County, KS",1,0.02
Frequencies,2339,16116,COUNTYCD,20011,"Bourbon County, KS",1,0.02
Frequencies,2340,16116,COUNTYCD,20015,"Butler County, KS",1,0.02
Frequencies,2341,16116,COUNTYCD,20029,"Cloud County, KS",1,0.02
Frequencies,2342,16116,COUNTYCD,20035,"Cowley County, KS",2,0.03
Frequencies,2343,16116,COUNTYCD,20037,"Crawford County, KS",1,0.02
Frequencies,2344,16116,COUNTYCD,20043,"Doniphan County, KS",1,0.02
Frequencies,2345,16116,COUNTYCD,20045,"Douglas County, KS",4,0.06
Frequencies,2346,16116,COUNTYCD,20051,"Ellis County, KS",2,0.03
Frequencies,2347,16116,COUNTYCD,20055,"Finney County, KS",2,0.03
Frequencies,2348,16116,COUNTYCD,20057,"Ford County, KS",1,0.02
Frequencies,2349,16116,COUNTYCD,20059,"Franklin County, KS",2,0.03
Frequencies,2350,16116,COUNTYCD,20079,"Harvey County, KS",2,0.03
Frequencies,2351,16116,COUNTYCD,20091,"Johnson County, KS",10,0.16
Frequencies,2352,16116,COUNTYCD,20097,"Kiowa County, KS",1,0.02
Frequencies,2353,16116,COUNTYCD,20099,"Labette County, KS",1,0.02
Frequencies,2354,16116,COUNTYCD,20103,"Leavenworth County, KS",1,0.02
Frequencies,2355,16116,COUNTYCD,20111,"Lyon County, KS",2,0.03
Frequencies,2356,16116,COUNTYCD,20113,"McPherson County, KS",3,0.05
Frequencies,2357,16116,COUNTYCD,20115,"Marion County, KS",1,0.02
Frequencies,2358,16116,COUNTYCD,20123,"Mitchell County, KS",1,0.02
Frequencies,2359,16116,COUNTYCD,20125,"Montgomery County, KS",2,0.03
Frequencies,2360,16116,COUNTYCD,20133,"Neosho County, KS",1,0.02
Frequencies,2361,16116,COUNTYCD,20151,"Pratt County, KS",1,0.02
Frequencies,2362,16116,COUNTYCD,20155,"Reno County, KS",1,0.02
Frequencies,2363,16116,COUNTYCD,20159,"Rice County, KS",1,0.02
Frequencies,2364,16116,COUNTYCD,20161,"Riley County, KS",4,0.06
Frequencies,2365,16116,COUNTYCD,20169,"Saline County, KS",3,0.05
Frequencies,2366,16116,COUNTYCD,20173,"Sedgwick County, KS",10,0.16
Frequencies,2367,16116,COUNTYCD,20175,"Seward County, KS",1,0.02
Frequencies,2368,16116,COUNTYCD,20177,"Shawnee County, KS",4,0.06
Frequencies,2369,16116,COUNTYCD,20181,"Sherman County, KS",1,0.02
Frequencies,2370,16116,COUNTYCD,20193,"Thomas County, KS",1,0.02
Frequencies,2371,16116,COUNTYCD,20209,"Wyandotte County, KS",2,0.03
Frequencies,2372,16116,COUNTYCD,21001,"Adair County, KY",1,0.02
Frequencies,2373,16116,COUNTYCD,21009,"Barren County, KY",1,0.02
Frequencies,2374,16116,COUNTYCD,21013,"Bell County, KY",1,0.02
Frequencies,2375,16116,COUNTYCD,21015,"Boone County, KY",3,0.05
Frequencies,2376,16116,COUNTYCD,21019,"Boyd County, KY",2,0.03
Frequencies,2377,16116,COUNTYCD,21021,"Boyle County, KY",1,0.02
Frequencies,2378,16116,COUNTYCD,21025,"Breathitt County, KY",1,0.02
Frequencies,2379,16116,COUNTYCD,21035,"Calloway County, KY",1,0.02
Frequencies,2380,16116,COUNTYCD,21037,"Campbell County, KY",3,0.05
Frequencies,2381,16116,COUNTYCD,21043,"Carter County, KY",1,0.02
Frequencies,2382,16116,COUNTYCD,21047,"Christian County, KY",2,0.03
Frequencies,2383,16116,COUNTYCD,21059,"Daviess County, KY",4,0.06
Frequencies,2384,16116,COUNTYCD,21067,"Fayette County, KY",8,0.12
Frequencies,2385,16116,COUNTYCD,21071,"Floyd County, KY",1,0.02
Frequencies,2386,16116,COUNTYCD,21073,"Franklin County, KY",1,0.02
Frequencies,2387,16116,COUNTYCD,21093,"Hardin County, KY",2,0.03
Frequencies,2388,16116,COUNTYCD,21095,"Harlan County, KY",1,0.02
Frequencies,2389,16116,COUNTYCD,21101,"Henderson County, KY",1,0.02
Frequencies,2390,16116,COUNTYCD,21107,"Hopkins County, KY",1,0.02
Frequencies,2391,16116,COUNTYCD,21111,"Jefferson County, KY",17,0.26
Frequencies,2392,16116,COUNTYCD,21113,"Jessamine County, KY",3,0.05
Frequencies,2393,16116,COUNTYCD,21115,"Johnson County, KY",1,0.02
Frequencies,2394,16116,COUNTYCD,21117,"Kenton County, KY",2,0.03
Frequencies,2395,16116,COUNTYCD,21119,"Knott County, KY",1,0.02
Frequencies,2396,16116,COUNTYCD,21121,"Knox County, KY",1,0.02
Frequencies,2397,16116,COUNTYCD,21133,"Letcher County, KY",1,0.02
Frequencies,2398,16116,COUNTYCD,21145,"McCracken County, KY",1,0.02
Frequencies,2399,16116,COUNTYCD,21151,"Madison County, KY",4,0.06
Frequencies,2400,16116,COUNTYCD,21161,"Mason County, KY",1,0.02
Frequencies,2401,16116,COUNTYCD,21193,"Perry County, KY",2,0.03
Frequencies,2402,16116,COUNTYCD,21195,"Pike County, KY",3,0.05
Frequencies,2403,16116,COUNTYCD,21199,"Pulaski County, KY",1,0.02
Frequencies,2404,16116,COUNTYCD,21205,"Rowan County, KY",1,0.02
Frequencies,2405,16116,COUNTYCD,21209,"Scott County, KY",1,0.02
Frequencies,2406,16116,COUNTYCD,21217,"Taylor County, KY",1,0.02
Frequencies,2407,16116,COUNTYCD,21227,"Warren County, KY",7,0.11
Frequencies,2408,16116,COUNTYCD,21235,"Whitley County, KY",1,0.02
Frequencies,2409,16116,COUNTYCD,21239,"Woodford County, KY",3,0.05
Frequencies,2410,16116,COUNTYCD,22001,"Acadia Parish, LA",1,0.02
Frequencies,2411,16116,COUNTYCD,22005,"Ascension Parish, LA",1,0.02
Frequencies,2412,16116,COUNTYCD,22015,"Bossier Parish, LA",3,0.05
Frequencies,2413,16116,COUNTYCD,22017,"Caddo Parish, LA",12,0.19
Frequencies,2414,16116,COUNTYCD,22019,"Calcasieu Parish, LA",5,0.08
Frequencies,2415,16116,COUNTYCD,22033,"East Baton Rouge Parish, LA",22,0.34
Frequencies,2416,16116,COUNTYCD,22045,"Iberia Parish, LA",1,0.02
Frequencies,2417,16116,COUNTYCD,22051,"Jefferson Parish, LA",9,0.14000000000000001
Frequencies,2418,16116,COUNTYCD,22055,"Lafayette Parish, LA",10,0.16
Frequencies,2419,16116,COUNTYCD,22057,"Lafourche Parish, LA",1,0.02
Frequencies,2420,16116,COUNTYCD,22061,"Lincoln Parish, LA",2,0.03
Frequencies,2421,16116,COUNTYCD,22063,"Livingston Parish, LA",1,0.02
Frequencies,2422,16116,COUNTYCD,22069,"Natchitoches Parish, LA",1,0.02
Frequencies,2423,16116,COUNTYCD,22071,"Orleans Parish, LA",14,0.22
Frequencies,2424,16116,COUNTYCD,22073,"Ouachita Parish, LA",9,0.14000000000000001
Frequencies,2425,16116,COUNTYCD,22079,"Rapides Parish, LA",6,0.09
Frequencies,2426,16116,COUNTYCD,22087,"St. Bernard Parish, LA",1,0.02
Frequencies,2427,16116,COUNTYCD,22097,"St. Landry Parish, LA",2,0.03
Frequencies,2428,16116,COUNTYCD,22103,"St. Tammany Parish, LA",5,0.08
Frequencies,2429,16116,COUNTYCD,22105,"Tangipahoa Parish, LA",2,0.03
Frequencies,2430,16116,COUNTYCD,22109,"Terrebonne Parish, LA",6,0.09
Frequencies,2431,16116,COUNTYCD,22119,"Webster Parish, LA",1,0.02
Frequencies,2432,16116,COUNTYCD,23001,"Androscoggin County, ME",3,0.05
Frequencies,2433,16116,COUNTYCD,23003,"Aroostook County, ME",3,0.05
Frequencies,2434,16116,COUNTYCD,23005,"Cumberland County, ME",10,0.16
Frequencies,2435,16116,COUNTYCD,23007,"Franklin County, ME",1,0.02
Frequencies,2436,16116,COUNTYCD,23009,"Hancock County, ME",2,0.03
Frequencies,2437,16116,COUNTYCD,23011,"Kennebec County, ME",4,0.06
Frequencies,2438,16116,COUNTYCD,23013,"Knox County, ME",1,0.02
Frequencies,2439,16116,COUNTYCD,23019,"Penobscot County, ME",5,0.08
Frequencies,2440,16116,COUNTYCD,23025,"Somerset County, ME",1,0.02
Frequencies,2441,16116,COUNTYCD,23027,"Waldo County, ME",1,0.02
Frequencies,2442,16116,COUNTYCD,23029,"Washington County, ME",2,0.03
Frequencies,2443,16116,COUNTYCD,23031,"York County, ME",4,0.06
Frequencies,2444,16116,COUNTYCD,24001,"Allegany County, MD",2,0.03
Frequencies,2445,16116,COUNTYCD,24003,"Anne Arundel County, MD",7,0.11
Frequencies,2446,16116,COUNTYCD,24005,"Baltimore County, MD",13,0.2
Frequencies,2447,16116,COUNTYCD,24013,"Carroll County, MD",2,0.03
Frequencies,2448,16116,COUNTYCD,24015,"Cecil County, MD",1,0.02
Frequencies,2449,16116,COUNTYCD,24017,"Charles County, MD",1,0.02
Frequencies,2450,16116,COUNTYCD,24021,"Frederick County, MD",4,0.06
Frequencies,2451,16116,COUNTYCD,24023,"Garrett County, MD",1,0.02
Frequencies,2452,16116,COUNTYCD,24025,"Harford County, MD",2,0.03
Frequencies,2453,16116,COUNTYCD,24027,"Howard County, MD",4,0.06
Frequencies,2454,16116,COUNTYCD,24029,"Kent County, MD",1,0.02
Frequencies,2455,16116,COUNTYCD,24031,"Montgomery County, MD",8,0.12
Frequencies,2456,16116,COUNTYCD,24033,"Prince George's County, MD",11,0.17
Frequencies,2457,16116,COUNTYCD,24035,"Queen Anne's County, MD",1,0.02
Frequencies,2458,16116,COUNTYCD,24037,"St. Mary's County, MD",2,0.03
Frequencies,2459,16116,COUNTYCD,24039,"Somerset County, MD",1,0.02
Frequencies,2460,16116,COUNTYCD,24043,"Washington County, MD",2,0.03
Frequencies,2461,16116,COUNTYCD,24045,"Wicomico County, MD",3,0.05
Frequencies,2462,16116,COUNTYCD,24510,"Baltimore City, MD",16,0.25
Frequencies,2463,16116,COUNTYCD,25001,"Barnstable County, MA",3,0.05
Frequencies,2464,16116,COUNTYCD,25003,"Berkshire County, MA",6,0.09
Frequencies,2465,16116,COUNTYCD,25005,"Bristol County, MA",10,0.16
Frequencies,2466,16116,COUNTYCD,25009,"Essex County, MA",12,0.19
Frequencies,2467,16116,COUNTYCD,25011,"Franklin County, MA",1,0.02
Frequencies,2468,16116,COUNTYCD,25013,"Hampden County, MA",11,0.17
Frequencies,2469,16116,COUNTYCD,25015,"Hampshire County, MA",6,0.09
Frequencies,2470,16116,COUNTYCD,25017,"Middlesex County, MA",31,0.48
Frequencies,2471,16116,COUNTYCD,25021,"Norfolk County, MA",17,0.26
Frequencies,2472,16116,COUNTYCD,25023,"Plymouth County, MA",5,0.08
Frequencies,2473,16116,COUNTYCD,25025,"Suffolk County, MA",30,0.47
Frequencies,2474,16116,COUNTYCD,25027,"Worcester County, MA",20,0.31
Frequencies,2475,16116,COUNTYCD,26007,"Alpena County, MI",1,0.02
Frequencies,2476,16116,COUNTYCD,26013,"Baraga County, MI",1,0.02
Frequencies,2477,16116,COUNTYCD,26015,"Barry County, MI",1,0.02
Frequencies,2478,16116,COUNTYCD,26017,"Bay County, MI",3,0.05
Frequencies,2479,16116,COUNTYCD,26021,"Berrien County, MI",3,0.05
Frequencies,2480,16116,COUNTYCD,26025,"Calhoun County, MI",5,0.08
Frequencies,2481,16116,COUNTYCD,26027,"Cass County, MI",1,0.02
Frequencies,2482,16116,COUNTYCD,26033,"Chippewa County, MI",2,0.03
Frequencies,2483,16116,COUNTYCD,26035,"Clare County, MI",1,0.02
Frequencies,2484,16116,COUNTYCD,26039,"Crawford County, MI",1,0.02
Frequencies,2485,16116,COUNTYCD,26041,"Delta County, MI",1,0.02
Frequencies,2486,16116,COUNTYCD,26045,"Eaton County, MI",3,0.05
Frequencies,2487,16116,COUNTYCD,26047,"Emmet County, MI",1,0.02
Frequencies,2488,16116,COUNTYCD,26049,"Genesee County, MI",8,0.12
Frequencies,2489,16116,COUNTYCD,26053,"Gogebic County, MI",1,0.02
Frequencies,2490,16116,COUNTYCD,26055,"Grand Traverse County, MI",1,0.02
Frequencies,2491,16116,COUNTYCD,26057,"Gratiot County, MI",1,0.02
Frequencies,2492,16116,COUNTYCD,26059,"Hillsdale County, MI",2,0.03
Frequencies,2493,16116,COUNTYCD,26061,"Houghton County, MI",2,0.03
Frequencies,2494,16116,COUNTYCD,26065,"Ingham County, MI",7,0.11
Frequencies,2495,16116,COUNTYCD,26067,"Ionia County, MI",2,0.03
Frequencies,2496,16116,COUNTYCD,26073,"Isabella County, MI",5,0.08
Frequencies,2497,16116,COUNTYCD,26075,"Jackson County, MI",3,0.05
Frequencies,2498,16116,COUNTYCD,26077,"Kalamazoo County, MI",6,0.09
Frequencies,2499,16116,COUNTYCD,26081,"Kent County, MI",13,0.2
Frequencies,2500,16116,COUNTYCD,26091,"Lenawee County, MI",2,0.03
Frequencies,2501,16116,COUNTYCD,26093,"Livingston County, MI",3,0.05
Frequencies,2502,16116,COUNTYCD,26097,"Mackinac County, MI",1,0.02
Frequencies,2503,16116,COUNTYCD,26099,"Macomb County, MI",6,0.09
Frequencies,2504,16116,COUNTYCD,26103,"Marquette County, MI",1,0.02
Frequencies,2505,16116,COUNTYCD,26105,"Mason County, MI",1,0.02
Frequencies,2506,16116,COUNTYCD,26107,"Mecosta County, MI",1,0.02
Frequencies,2507,16116,COUNTYCD,26111,"Midland County, MI",2,0.03
Frequencies,2508,16116,COUNTYCD,26115,"Monroe County, MI",2,0.03
Frequencies,2509,16116,COUNTYCD,26117,"Montcalm County, MI",1,0.02
Frequencies,2510,16116,COUNTYCD,26121,"Muskegon County, MI",3,0.05
Frequencies,2511,16116,COUNTYCD,26125,"Oakland County, MI",26,0.4
Frequencies,2512,16116,COUNTYCD,26139,"Ottawa County, MI",4,0.06
Frequencies,2513,16116,COUNTYCD,26145,"Saginaw County, MI",3,0.05
Frequencies,2514,16116,COUNTYCD,26147,"St. Clair County, MI",4,0.06
Frequencies,2515,16116,COUNTYCD,26149,"St. Joseph County, MI",1,0.02
Frequencies,2516,16116,COUNTYCD,26155,"Shiawassee County, MI",1,0.02
Frequencies,2517,16116,COUNTYCD,26161,"Washtenaw County, MI",5,0.08
Frequencies,2518,16116,COUNTYCD,26163,"Wayne County, MI",25,0.39
Frequencies,2519,16116,COUNTYCD,26165,"Wexford County, MI",1,0.02
Frequencies,2520,16116,COUNTYCD,27003,"Anoka County, MN",3,0.05
Frequencies,2521,16116,COUNTYCD,27007,"Beltrami County, MN",4,0.06
Frequencies,2522,16116,COUNTYCD,27013,"Blue Earth County, MN",2,0.03
Frequencies,2523,16116,COUNTYCD,27015,"Brown County, MN",1,0.02
Frequencies,2524,16116,COUNTYCD,27017,"Carlton County, MN",1,0.02
Frequencies,2525,16116,COUNTYCD,27019,"Carver County, MN",1,0.02
Frequencies,2526,16116,COUNTYCD,27021,"Cass County, MN",1,0.02
Frequencies,2527,16116,COUNTYCD,27025,"Chisago County, MN",1,0.02
Frequencies,2528,16116,COUNTYCD,27027,"Clay County, MN",2,0.03
Frequencies,2529,16116,COUNTYCD,27035,"Crow Wing County, MN",1,0.02
Frequencies,2530,16116,COUNTYCD,27037,"Dakota County, MN",3,0.05
Frequencies,2531,16116,COUNTYCD,27041,"Douglas County, MN",1,0.02
Frequencies,2532,16116,COUNTYCD,27053,"Hennepin County, MN",25,0.39
Frequencies,2533,16116,COUNTYCD,27061,"Itasca County, MN",1,0.02
Frequencies,2534,16116,COUNTYCD,27067,"Kandiyohi County, MN",1,0.02
Frequencies,2535,16116,COUNTYCD,27071,"Koochiching County, MN",1,0.02
Frequencies,2536,16116,COUNTYCD,27083,"Lyon County, MN",1,0.02
Frequencies,2537,16116,COUNTYCD,27087,"Mahnomen County, MN",1,0.02
Frequencies,2538,16116,COUNTYCD,27099,"Mower County, MN",1,0.02
Frequencies,2539,16116,COUNTYCD,27103,"Nicollet County, MN",2,0.03
Frequencies,2540,16116,COUNTYCD,27105,"Nobles County, MN",1,0.02
Frequencies,2541,16116,COUNTYCD,27109,"Olmsted County, MN",5,0.08
Frequencies,2542,16116,COUNTYCD,27111,"Otter Tail County, MN",1,0.02
Frequencies,2543,16116,COUNTYCD,27113,"Pennington County, MN",1,0.02
Frequencies,2544,16116,COUNTYCD,27115,"Pine County, MN",1,0.02
Frequencies,2545,16116,COUNTYCD,27119,"Polk County, MN",1,0.02
Frequencies,2546,16116,COUNTYCD,27123,"Ramsey County, MN",14,0.22
Frequencies,2547,16116,COUNTYCD,27131,"Rice County, MN",2,0.03
Frequencies,2548,16116,COUNTYCD,27137,"St. Louis County, MN",7,0.11
Frequencies,2549,16116,COUNTYCD,27145,"Stearns County, MN",6,0.09
Frequencies,2550,16116,COUNTYCD,27149,"Stevens County, MN",1,0.02
Frequencies,2551,16116,COUNTYCD,27163,"Washington County, MN",2,0.03
Frequencies,2552,16116,COUNTYCD,27169,"Winona County, MN",3,0.05
Frequencies,2553,16116,COUNTYCD,27173,"Yellow Medicine County, MN",1,0.02
Frequencies,2554,16116,COUNTYCD,28003,"Alcorn County, MS",1,0.02
Frequencies,2555,16116,COUNTYCD,28011,"Bolivar County, MS",2,0.03
Frequencies,2556,16116,COUNTYCD,28021,"Claiborne County, MS",1,0.02
Frequencies,2557,16116,COUNTYCD,28027,"Coahoma County, MS",1,0.02
Frequencies,2558,16116,COUNTYCD,28029,"Copiah County, MS",1,0.02
Frequencies,2559,16116,COUNTYCD,28033,"DeSoto County, MS",2,0.03
Frequencies,2560,16116,COUNTYCD,28035,"Forrest County, MS",4,0.06
Frequencies,2561,16116,COUNTYCD,28043,"Grenada County, MS",1,0.02
Frequencies,2562,16116,COUNTYCD,28047,"Harrison County, MS",2,0.03
Frequencies,2563,16116,COUNTYCD,28049,"Hinds County, MS",12,0.19
Frequencies,2564,16116,COUNTYCD,28051,"Holmes County, MS",1,0.02
Frequencies,2565,16116,COUNTYCD,28057,"Itawamba County, MS",1,0.02
Frequencies,2566,16116,COUNTYCD,28067,"Jones County, MS",3,0.05
Frequencies,2567,16116,COUNTYCD,28069,"Kemper County, MS",1,0.02
Frequencies,2568,16116,COUNTYCD,28071,"Lafayette County, MS",1,0.02
Frequencies,2569,16116,COUNTYCD,28073,"Lamar County, MS",1,0.02
Frequencies,2570,16116,COUNTYCD,28075,"Lauderdale County, MS",1,0.02
Frequencies,2571,16116,COUNTYCD,28083,"Leflore County, MS",1,0.02
Frequencies,2572,16116,COUNTYCD,28087,"Lowndes County, MS",1,0.02
Frequencies,2573,16116,COUNTYCD,28089,"Madison County, MS",3,0.05
Frequencies,2574,16116,COUNTYCD,28093,"Marshall County, MS",1,0.02
Frequencies,2575,16116,COUNTYCD,28095,"Monroe County, MS",1,0.02
Frequencies,2576,16116,COUNTYCD,28101,"Newton County, MS",1,0.02
Frequencies,2577,16116,COUNTYCD,28105,"Oktibbeha County, MS",1,0.02
Frequencies,2578,16116,COUNTYCD,28109,"Pearl River County, MS",1,0.02
Frequencies,2579,16116,COUNTYCD,28113,"Pike County, MS",1,0.02
Frequencies,2580,16116,COUNTYCD,28115,"Pontotoc County, MS",1,0.02
Frequencies,2581,16116,COUNTYCD,28117,"Prentiss County, MS",1,0.02
Frequencies,2582,16116,COUNTYCD,28121,"Rankin County, MS",1,0.02
Frequencies,2583,16116,COUNTYCD,28131,"Stone County, MS",1,0.02
Frequencies,2584,16116,COUNTYCD,28133,"Sunflower County, MS",1,0.02
Frequencies,2585,16116,COUNTYCD,28137,"Tate County, MS",1,0.02
Frequencies,2586,16116,COUNTYCD,28139,"Tippah County, MS",2,0.03
Frequencies,2587,16116,COUNTYCD,28151,"Washington County, MS",1,0.02
Frequencies,2588,16116,COUNTYCD,29001,"Adair County, MO",3,0.05
Frequencies,2589,16116,COUNTYCD,29019,"Boone County, MO",5,0.08
Frequencies,2590,16116,COUNTYCD,29021,"Buchanan County, MO",3,0.05
Frequencies,2591,16116,COUNTYCD,29023,"Butler County, MO",2,0.03
Frequencies,2592,16116,COUNTYCD,29027,"Callaway County, MO",2,0.03
Frequencies,2593,16116,COUNTYCD,29029,"Camden County, MO",1,0.02
Frequencies,2594,16116,COUNTYCD,29031,"Cape Girardeau County, MO",4,0.06
Frequencies,2595,16116,COUNTYCD,29037,"Cass County, MO",3,0.05
Frequencies,2596,16116,COUNTYCD,29047,"Clay County, MO",2,0.03
Frequencies,2597,16116,COUNTYCD,29051,"Cole County, MO",2,0.03
Frequencies,2598,16116,COUNTYCD,29071,"Franklin County, MO",3,0.05
Frequencies,2599,16116,COUNTYCD,29077,"Greene County, MO",14,0.22
Frequencies,2600,16116,COUNTYCD,29079,"Grundy County, MO",1,0.02
Frequencies,2601,16116,COUNTYCD,29083,"Henry County, MO",1,0.02
Frequencies,2602,16116,COUNTYCD,29089,"Howard County, MO",2,0.03
Frequencies,2603,16116,COUNTYCD,29091,"Howell County, MO",2,0.03
Frequencies,2604,16116,COUNTYCD,29095,"Jackson County, MO",19,0.3
Frequencies,2605,16116,COUNTYCD,29097,"Jasper County, MO",7,0.11
Frequencies,2606,16116,COUNTYCD,29099,"Jefferson County, MO",1,0.02
Frequencies,2607,16116,COUNTYCD,29101,"Johnson County, MO",2,0.03
Frequencies,2608,16116,COUNTYCD,29105,"Laclede County, MO",1,0.02
Frequencies,2609,16116,COUNTYCD,29107,"Lafayette County, MO",1,0.02
Frequencies,2610,16116,COUNTYCD,29111,"Lewis County, MO",1,0.02
Frequencies,2611,16116,COUNTYCD,29117,"Livingston County, MO",1,0.02
Frequencies,2612,16116,COUNTYCD,29127,"Marion County, MO",1,0.02
Frequencies,2613,16116,COUNTYCD,29145,"Newton County, MO",2,0.03
Frequencies,2614,16116,COUNTYCD,29147,"Nodaway County, MO",2,0.03
Frequencies,2615,16116,COUNTYCD,29151,"Osage County, MO",1,0.02
Frequencies,2616,16116,COUNTYCD,29159,"Pettis County, MO",3,0.05
Frequencies,2617,16116,COUNTYCD,29161,"Phelps County, MO",3,0.05
Frequencies,2618,16116,COUNTYCD,29163,"Pike County, MO",1,0.02
Frequencies,2619,16116,COUNTYCD,29165,"Platte County, MO",1,0.02
Frequencies,2620,16116,COUNTYCD,29167,"Polk County, MO",2,0.03
Frequencies,2621,16116,COUNTYCD,29169,"Pulaski County, MO",3,0.05
Frequencies,2622,16116,COUNTYCD,29175,"Randolph County, MO",2,0.03
Frequencies,2623,16116,COUNTYCD,29183,"St. Charles County, MO",5,0.08
Frequencies,2624,16116,COUNTYCD,29187,"St. Francois County, MO",1,0.02
Frequencies,2625,16116,COUNTYCD,29189,"St. Louis County, MO",24,0.37
Frequencies,2626,16116,COUNTYCD,29195,"Saline County, MO",2,0.03
Frequencies,2627,16116,COUNTYCD,29213,"Taney County, MO",1,0.02
Frequencies,2628,16116,COUNTYCD,29215,"Texas County, MO",1,0.02
Frequencies,2629,16116,COUNTYCD,29217,"Vernon County, MO",1,0.02
Frequencies,2630,16116,COUNTYCD,29510,"St. Louis City, MO",11,0.17
Frequencies,2631,16116,COUNTYCD,30001,"Beaverhead County, MT",2,0.03
Frequencies,2632,16116,COUNTYCD,30003,"Big Horn County, MT",1,0.02
Frequencies,2633,16116,COUNTYCD,30005,"Blaine County, MT",1,0.02
Frequencies,2634,16116,COUNTYCD,30013,"Cascade County, MT",3,0.05
Frequencies,2635,16116,COUNTYCD,30015,"Chouteau County, MT",1,0.02
Frequencies,2636,16116,COUNTYCD,30017,"Custer County, MT",1,0.02
Frequencies,2637,16116,COUNTYCD,30021,"Dawson County, MT",1,0.02
Frequencies,2638,16116,COUNTYCD,30029,"Flathead County, MT",2,0.03
Frequencies,2639,16116,COUNTYCD,30031,"Gallatin County, MT",3,0.05
Frequencies,2640,16116,COUNTYCD,30035,"Glacier County, MT",1,0.02
Frequencies,2641,16116,COUNTYCD,30041,"Hill County, MT",1,0.02
Frequencies,2642,16116,COUNTYCD,30047,"Lake County, MT",1,0.02
Frequencies,2643,16116,COUNTYCD,30049,"Lewis and Clark County, MT",2,0.03
Frequencies,2644,16116,COUNTYCD,30063,"Missoula County, MT",1,0.02
Frequencies,2645,16116,COUNTYCD,30081,"Ravalli County, MT",1,0.02
Frequencies,2646,16116,COUNTYCD,30085,"Roosevelt County, MT",1,0.02
Frequencies,2647,16116,COUNTYCD,30087,"Rosebud County, MT",1,0.02
Frequencies,2648,16116,COUNTYCD,30093,"Silver Bow County, MT",3,0.05
Frequencies,2649,16116,COUNTYCD,30111,"Yellowstone County, MT",4,0.06
Frequencies,2650,16116,COUNTYCD,31001,"Adams County, NE",1,0.02
Frequencies,2651,16116,COUNTYCD,31019,"Buffalo County, NE",1,0.02
Frequencies,2652,16116,COUNTYCD,31045,"Dawes County, NE",1,0.02
Frequencies,2653,16116,COUNTYCD,31053,"Dodge County, NE",1,0.02
Frequencies,2654,16116,COUNTYCD,31055,"Douglas County, NE",12,0.19
Frequencies,2655,16116,COUNTYCD,31063,"Frontier County, NE",1,0.02
Frequencies,2656,16116,COUNTYCD,31079,"Hall County, NE",1,0.02
Frequencies,2657,16116,COUNTYCD,31109,"Lancaster County, NE",11,0.17
Frequencies,2658,16116,COUNTYCD,31111,"Lincoln County, NE",1,0.02
Frequencies,2659,16116,COUNTYCD,31119,"Madison County, NE",1,0.02
Frequencies,2660,16116,COUNTYCD,31127,"Nemaha County, NE",1,0.02
Frequencies,2661,16116,COUNTYCD,31151,"Saline County, NE",1,0.02
Frequencies,2662,16116,COUNTYCD,31153,"Sarpy County, NE",3,0.05
Frequencies,2663,16116,COUNTYCD,31157,"Scotts Bluff County, NE",2,0.03
Frequencies,2664,16116,COUNTYCD,31159,"Seward County, NE",1,0.02
Frequencies,2665,16116,COUNTYCD,31173,"Thurston County, NE",2,0.03
Frequencies,2666,16116,COUNTYCD,31179,"Wayne County, NE",1,0.02
Frequencies,2667,16116,COUNTYCD,31185,"York County, NE",1,0.02
Frequencies,2668,16116,COUNTYCD,32003,"Clark County, NV",27,0.42
Frequencies,2669,16116,COUNTYCD,32007,"Elko County, NV",1,0.02
Frequencies,2670,16116,COUNTYCD,32031,"Washoe County, NV",10,0.16
Frequencies,2671,16116,COUNTYCD,32510,"Carson City, NV",1,0.02
Frequencies,2672,16116,COUNTYCD,33001,"Belknap County, NH",2,0.03
Frequencies,2673,16116,COUNTYCD,33005,"Cheshire County, NH",4,0.06
Frequencies,2674,16116,COUNTYCD,33007,"Coos County, NH",1,0.02
Frequencies,2675,16116,COUNTYCD,33009,"Grafton County, NH",4,0.06
Frequencies,2676,16116,COUNTYCD,33011,"Hillsborough County, NH",13,0.2
Frequencies,2677,16116,COUNTYCD,33013,"Merrimack County, NH",9,0.14000000000000001
Frequencies,2678,16116,COUNTYCD,33015,"Rockingham County, NH",2,0.03
Frequencies,2679,16116,COUNTYCD,33017,"Strafford County, NH",2,0.03
Frequencies,2680,16116,COUNTYCD,33019,"Sullivan County, NH",1,0.02
Frequencies,2681,16116,COUNTYCD,34001,"Atlantic County, NJ",6,0.09
Frequencies,2682,16116,COUNTYCD,34003,"Bergen County, NJ",16,0.25
Frequencies,2683,16116,COUNTYCD,34005,"Burlington County, NJ",3,0.05
Frequencies,2684,16116,COUNTYCD,34007,"Camden County, NJ",12,0.19
Frequencies,2685,16116,COUNTYCD,34011,"Cumberland County, NJ",1,0.02
Frequencies,2686,16116,COUNTYCD,34013,"Essex County, NJ",15,0.23
Frequencies,2687,16116,COUNTYCD,34015,"Gloucester County, NJ",4,0.06
Frequencies,2688,16116,COUNTYCD,34017,"Hudson County, NJ",11,0.17
Frequencies,2689,16116,COUNTYCD,34021,"Mercer County, NJ",11,0.17
Frequencies,2690,16116,COUNTYCD,34023,"Middlesex County, NJ",16,0.25
Frequencies,2691,16116,COUNTYCD,34025,"Monmouth County, NJ",8,0.12
Frequencies,2692,16116,COUNTYCD,34027,"Morris County, NJ",12,0.19
Frequencies,2693,16116,COUNTYCD,34029,"Ocean County, NJ",22,0.34
Frequencies,2694,16116,COUNTYCD,34031,"Passaic County, NJ",10,0.16
Frequencies,2695,16116,COUNTYCD,34033,"Salem County, NJ",1,0.02
Frequencies,2696,16116,COUNTYCD,34035,"Somerset County, NJ",4,0.06
Frequencies,2697,16116,COUNTYCD,34037,"Sussex County, NJ",1,0.02
Frequencies,2698,16116,COUNTYCD,34039,"Union County, NJ",10,0.16
Frequencies,2699,16116,COUNTYCD,34041,"Warren County, NJ",2,0.03
Frequencies,2700,16116,COUNTYCD,35001,"Bernalillo County, NM",15,0.23
Frequencies,2701,16116,COUNTYCD,35005,"Chaves County, NM",2,0.03
Frequencies,2702,16116,COUNTYCD,35006,"Cibola County, NM",1,0.02
Frequencies,2703,16116,COUNTYCD,35009,"Curry County, NM",1,0.02
Frequencies,2704,16116,COUNTYCD,35013,"Dona Ana County, NM",4,0.06
Frequencies,2705,16116,COUNTYCD,35015,"Eddy County, NM",1,0.02
Frequencies,2706,16116,COUNTYCD,35017,"Grant County, NM",1,0.02
Frequencies,2707,16116,COUNTYCD,35025,"Lea County, NM",2,0.03
Frequencies,2708,16116,COUNTYCD,35027,"Lincoln County, NM",1,0.02
Frequencies,2709,16116,COUNTYCD,35028,"Los Alamos County, NM",1,0.02
Frequencies,2710,16116,COUNTYCD,35031,"McKinley County, NM",2,0.03
Frequencies,2711,16116,COUNTYCD,35035,"Otero County, NM",2,0.03
Frequencies,2712,16116,COUNTYCD,35037,"Quay County, NM",1,0.02
Frequencies,2713,16116,COUNTYCD,35039,"Rio Arriba County, NM",1,0.02
Frequencies,2714,16116,COUNTYCD,35041,"Roosevelt County, NM",1,0.02
Frequencies,2715,16116,COUNTYCD,35043,"Sandoval County, NM",1,0.02
Frequencies,2716,16116,COUNTYCD,35045,"San Juan County, NM",1,0.02
Frequencies,2717,16116,COUNTYCD,35047,"San Miguel County, NM",2,0.03
Frequencies,2718,16116,COUNTYCD,35049,"Santa Fe County, NM",6,0.09
Frequencies,2719,16116,COUNTYCD,35053,"Socorro County, NM",1,0.02
Frequencies,2720,16116,COUNTYCD,35055,"Taos County, NM",1,0.02
Frequencies,2721,16116,COUNTYCD,35061,"Valencia County, NM",1,0.02
Frequencies,2722,16116,COUNTYCD,36001,"Albany County, NY",17,0.26
Frequencies,2723,16116,COUNTYCD,36003,"Allegany County, NY",3,0.05
Frequencies,2724,16116,COUNTYCD,36005,"Bronx County, NY",13,0.2
Frequencies,2725,16116,COUNTYCD,36007,"Broome County, NY",6,0.09
Frequencies,2726,16116,COUNTYCD,36009,"Cattaraugus County, NY",3,0.05
Frequencies,2727,16116,COUNTYCD,36011,"Cayuga County, NY",3,0.05
Frequencies,2728,16116,COUNTYCD,36013,"Chautauqua County, NY",4,0.06
Frequencies,2729,16116,COUNTYCD,36015,"Chemung County, NY",3,0.05
Frequencies,2730,16116,COUNTYCD,36017,"Chenango County, NY",1,0.02
Frequencies,2731,16116,COUNTYCD,36019,"Clinton County, NY",4,0.06
Frequencies,2732,16116,COUNTYCD,36021,"Columbia County, NY",1,0.02
Frequencies,2733,16116,COUNTYCD,36023,"Cortland County, NY",1,0.02
Frequencies,2734,16116,COUNTYCD,36025,"Delaware County, NY",1,0.02
Frequencies,2735,16116,COUNTYCD,36027,"Dutchess County, NY",6,0.09
Frequencies,2736,16116,COUNTYCD,36029,"Erie County, NY",21,0.33
Frequencies,2737,16116,COUNTYCD,36031,"Essex County, NY",1,0.02
Frequencies,2738,16116,COUNTYCD,36033,"Franklin County, NY",1,0.02
Frequencies,2739,16116,COUNTYCD,36037,"Genesee County, NY",2,0.03
Frequencies,2740,16116,COUNTYCD,36043,"Herkimer County, NY",2,0.03
Frequencies,2741,16116,COUNTYCD,36045,"Jefferson County, NY",2,0.03
Frequencies,2742,16116,COUNTYCD,36047,"Kings County, NY",50,0.78
Frequencies,2743,16116,COUNTYCD,36051,"Livingston County, NY",2,0.03
Frequencies,2744,16116,COUNTYCD,36053,"Madison County, NY",3,0.05
Frequencies,2745,16116,COUNTYCD,36055,"Monroe County, NY",19,0.3
Frequencies,2746,16116,COUNTYCD,36057,"Montgomery County, NY",1,0.02
Frequencies,2747,16116,COUNTYCD,36059,"Nassau County, NY",21,0.33
Frequencies,2748,16116,COUNTYCD,36061,"New York County, NY",85,1.32
Frequencies,2749,16116,COUNTYCD,36063,"Niagara County, NY",3,0.05
Frequencies,2750,16116,COUNTYCD,36065,"Oneida County, NY",6,0.09
Frequencies,2751,16116,COUNTYCD,36067,"Onondaga County, NY",12,0.19
Frequencies,2752,16116,COUNTYCD,36069,"Ontario County, NY",4,0.06
Frequencies,2753,16116,COUNTYCD,36071,"Orange County, NY",8,0.12
Frequencies,2754,16116,COUNTYCD,36075,"Oswego County, NY",2,0.03
Frequencies,2755,16116,COUNTYCD,36077,"Otsego County, NY",3,0.05
Frequencies,2756,16116,COUNTYCD,36081,"Queens County, NY",31,0.48
Frequencies,2757,16116,COUNTYCD,36083,"Rensselaer County, NY",4,0.06
Frequencies,2758,16116,COUNTYCD,36085,"Richmond County, NY",6,0.09
Frequencies,2759,16116,COUNTYCD,36087,"Rockland County, NY",18,0.28000000000000003
Frequencies,2760,16116,COUNTYCD,36089,"St. Lawrence County, NY",4,0.06
Frequencies,2761,16116,COUNTYCD,36091,"Saratoga County, NY",3,0.05
Frequencies,2762,16116,COUNTYCD,36093,"Schenectady County, NY",5,0.08
Frequencies,2763,16116,COUNTYCD,36095,"Schoharie County, NY",1,0.02
Frequencies,2764,16116,COUNTYCD,36099,"Seneca County, NY",1,0.02
Frequencies,2765,16116,COUNTYCD,36101,"Steuben County, NY",1,0.02
Frequencies,2766,16116,COUNTYCD,36103,"Suffolk County, NY",15,0.23
Frequencies,2767,16116,COUNTYCD,36105,"Sullivan County, NY",2,0.03
Frequencies,2768,16116,COUNTYCD,36109,"Tompkins County, NY",3,0.05
Frequencies,2769,16116,COUNTYCD,36111,"Ulster County, NY",4,0.06
Frequencies,2770,16116,COUNTYCD,36113,"Warren County, NY",2,0.03
Frequencies,2771,16116,COUNTYCD,36115,"Washington County, NY",1,0.02
Frequencies,2772,16116,COUNTYCD,36117,"Wayne County, NY",1,0.02
Frequencies,2773,16116,COUNTYCD,36119,"Westchester County, NY",22,0.34
Frequencies,2774,16116,COUNTYCD,36123,"Yates County, NY",1,0.02
Frequencies,2775,16116,COUNTYCD,37001,"Alamance County, NC",3,0.05
Frequencies,2776,16116,COUNTYCD,37007,"Anson County, NC",2,0.03
Frequencies,2777,16116,COUNTYCD,37011,"Avery County, NC",2,0.03
Frequencies,2778,16116,COUNTYCD,37013,"Beaufort County, NC",1,0.02
Frequencies,2779,16116,COUNTYCD,37017,"Bladen County, NC",1,0.02
Frequencies,2780,16116,COUNTYCD,37019,"Brunswick County, NC",1,0.02
Frequencies,2781,16116,COUNTYCD,37021,"Buncombe County, NC",7,0.11
Frequencies,2782,16116,COUNTYCD,37023,"Burke County, NC",1,0.02
Frequencies,2783,16116,COUNTYCD,37025,"Cabarrus County, NC",2,0.03
Frequencies,2784,16116,COUNTYCD,37027,"Caldwell County, NC",1,0.02
Frequencies,2785,16116,COUNTYCD,37031,"Carteret County, NC",1,0.02
Frequencies,2786,16116,COUNTYCD,37035,"Catawba County, NC",2,0.03
Frequencies,2787,16116,COUNTYCD,37039,"Cherokee County, NC",1,0.02
Frequencies,2788,16116,COUNTYCD,37045,"Cleveland County, NC",2,0.03
Frequencies,2789,16116,COUNTYCD,37047,"Columbus County, NC",1,0.02
Frequencies,2790,16116,COUNTYCD,37049,"Craven County, NC",1,0.02
Frequencies,2791,16116,COUNTYCD,37051,"Cumberland County, NC",7,0.11
Frequencies,2792,16116,COUNTYCD,37057,"Davidson County, NC",1,0.02
Frequencies,2793,16116,COUNTYCD,37061,"Duplin County, NC",1,0.02
Frequencies,2794,16116,COUNTYCD,37063,"Durham County, NC",6,0.09
Frequencies,2795,16116,COUNTYCD,37065,"Edgecombe County, NC",1,0.02
Frequencies,2796,16116,COUNTYCD,37067,"Forsyth County, NC",9,0.14000000000000001
Frequencies,2797,16116,COUNTYCD,37069,"Franklin County, NC",1,0.02
Frequencies,2798,16116,COUNTYCD,37071,"Gaston County, NC",3,0.05
Frequencies,2799,16116,COUNTYCD,37081,"Guilford County, NC",11,0.17
Frequencies,2800,16116,COUNTYCD,37083,"Halifax County, NC",1,0.02
Frequencies,2801,16116,COUNTYCD,37085,"Harnett County, NC",2,0.03
Frequencies,2802,16116,COUNTYCD,37087,"Haywood County, NC",1,0.02
Frequencies,2803,16116,COUNTYCD,37089,"Henderson County, NC",1,0.02
Frequencies,2804,16116,COUNTYCD,37091,"Hertford County, NC",2,0.03
Frequencies,2805,16116,COUNTYCD,37097,"Iredell County, NC",3,0.05
Frequencies,2806,16116,COUNTYCD,37099,"Jackson County, NC",2,0.03
Frequencies,2807,16116,COUNTYCD,37101,"Johnston County, NC",1,0.02
Frequencies,2808,16116,COUNTYCD,37105,"Lee County, NC",1,0.02
Frequencies,2809,16116,COUNTYCD,37107,"Lenoir County, NC",1,0.02
Frequencies,2810,16116,COUNTYCD,37111,"McDowell County, NC",1,0.02
Frequencies,2811,16116,COUNTYCD,37115,"Madison County, NC",1,0.02
Frequencies,2812,16116,COUNTYCD,37117,"Martin County, NC",1,0.02
Frequencies,2813,16116,COUNTYCD,37119,"Mecklenburg County, NC",17,0.26
Frequencies,2814,16116,COUNTYCD,37123,"Montgomery County, NC",1,0.02
Frequencies,2815,16116,COUNTYCD,37125,"Moore County, NC",1,0.02
Frequencies,2816,16116,COUNTYCD,37127,"Nash County, NC",2,0.03
Frequencies,2817,16116,COUNTYCD,37129,"New Hanover County, NC",4,0.06
Frequencies,2818,16116,COUNTYCD,37133,"Onslow County, NC",2,0.03
Frequencies,2819,16116,COUNTYCD,37135,"Orange County, NC",3,0.05
Frequencies,2820,16116,COUNTYCD,37137,"Pamlico County, NC",1,0.02
Frequencies,2821,16116,COUNTYCD,37139,"Pasquotank County, NC",3,0.05
Frequencies,2822,16116,COUNTYCD,37145,"Person County, NC",1,0.02
Frequencies,2823,16116,COUNTYCD,37147,"Pitt County, NC",3,0.05
Frequencies,2824,16116,COUNTYCD,37151,"Randolph County, NC",1,0.02
Frequencies,2825,16116,COUNTYCD,37153,"Richmond County, NC",1,0.02
Frequencies,2826,16116,COUNTYCD,37155,"Robeson County, NC",2,0.03
Frequencies,2827,16116,COUNTYCD,37157,"Rockingham County, NC",1,0.02
Frequencies,2828,16116,COUNTYCD,37159,"Rowan County, NC",4,0.06
Frequencies,2829,16116,COUNTYCD,37161,"Rutherford County, NC",1,0.02
Frequencies,2830,16116,COUNTYCD,37163,"Sampson County, NC",1,0.02
Frequencies,2831,16116,COUNTYCD,37165,"Scotland County, NC",1,0.02
Frequencies,2832,16116,COUNTYCD,37167,"Stanly County, NC",2,0.03
Frequencies,2833,16116,COUNTYCD,37171,"Surry County, NC",1,0.02
Frequencies,2834,16116,COUNTYCD,37175,"Transylvania County, NC",1,0.02
Frequencies,2835,16116,COUNTYCD,37179,"Union County, NC",1,0.02
Frequencies,2836,16116,COUNTYCD,37181,"Vance County, NC",1,0.02
Frequencies,2837,16116,COUNTYCD,37183,"Wake County, NC",16,0.25
Frequencies,2838,16116,COUNTYCD,37189,"Watauga County, NC",2,0.03
Frequencies,2839,16116,COUNTYCD,37191,"Wayne County, NC",2,0.03
Frequencies,2840,16116,COUNTYCD,37193,"Wilkes County, NC",1,0.02
Frequencies,2841,16116,COUNTYCD,37195,"Wilson County, NC",3,0.05
Frequencies,2842,16116,COUNTYCD,38003,"Barnes County, ND",1,0.02
Frequencies,2843,16116,COUNTYCD,38005,"Benson County, ND",1,0.02
Frequencies,2844,16116,COUNTYCD,38009,"Bottineau County, ND",1,0.02
Frequencies,2845,16116,COUNTYCD,38015,"Burleigh County, ND",5,0.08
Frequencies,2846,16116,COUNTYCD,38017,"Cass County, ND",5,0.08
Frequencies,2847,16116,COUNTYCD,38021,"Dickey County, ND",1,0.02
Frequencies,2848,16116,COUNTYCD,38035,"Grand Forks County, ND",2,0.03
Frequencies,2849,16116,COUNTYCD,38061,"Mountrail County, ND",1,0.02
Frequencies,2850,16116,COUNTYCD,38071,"Ramsey County, ND",1,0.02
Frequencies,2851,16116,COUNTYCD,38077,"Richland County, ND",1,0.02
Frequencies,2852,16116,COUNTYCD,38079,"Rolette County, ND",1,0.02
Frequencies,2853,16116,COUNTYCD,38085,"Sioux County, ND",1,0.02
Frequencies,2854,16116,COUNTYCD,38089,"Stark County, ND",1,0.02
Frequencies,2855,16116,COUNTYCD,38093,"Stutsman County, ND",1,0.02
Frequencies,2856,16116,COUNTYCD,38097,"Traill County, ND",1,0.02
Frequencies,2857,16116,COUNTYCD,38101,"Ward County, ND",2,0.03
Frequencies,2858,16116,COUNTYCD,38105,"Williams County, ND",1,0.02
Frequencies,2859,16116,COUNTYCD,39003,"Allen County, OH",6,0.09
Frequencies,2860,16116,COUNTYCD,39005,"Ashland County, OH",2,0.03
Frequencies,2861,16116,COUNTYCD,39007,"Ashtabula County, OH",2,0.03
Frequencies,2862,16116,COUNTYCD,39009,"Athens County, OH",3,0.05
Frequencies,2863,16116,COUNTYCD,39013,"Belmont County, OH",3,0.05
Frequencies,2864,16116,COUNTYCD,39015,"Brown County, OH",1,0.02
Frequencies,2865,16116,COUNTYCD,39017,"Butler County, OH",7,0.11
Frequencies,2866,16116,COUNTYCD,39023,"Clark County, OH",2,0.03
Frequencies,2867,16116,COUNTYCD,39025,"Clermont County, OH",2,0.03
Frequencies,2868,16116,COUNTYCD,39027,"Clinton County, OH",1,0.02
Frequencies,2869,16116,COUNTYCD,39029,"Columbiana County, OH",6,0.09
Frequencies,2870,16116,COUNTYCD,39035,"Cuyahoga County, OH",26,0.4
Frequencies,2871,16116,COUNTYCD,39039,"Defiance County, OH",1,0.02
Frequencies,2872,16116,COUNTYCD,39041,"Delaware County, OH",3,0.05
Frequencies,2873,16116,COUNTYCD,39043,"Erie County, OH",5,0.08
Frequencies,2874,16116,COUNTYCD,39045,"Fairfield County, OH",1,0.02
Frequencies,2875,16116,COUNTYCD,39049,"Franklin County, OH",28,0.43
Frequencies,2876,16116,COUNTYCD,39053,"Gallia County, OH",2,0.03
Frequencies,2877,16116,COUNTYCD,39055,"Geauga County, OH",2,0.03
Frequencies,2878,16116,COUNTYCD,39057,"Greene County, OH",12,0.19
Frequencies,2879,16116,COUNTYCD,39061,"Hamilton County, OH",22,0.34
Frequencies,2880,16116,COUNTYCD,39063,"Hancock County, OH",2,0.03
Frequencies,2881,16116,COUNTYCD,39065,"Hardin County, OH",1,0.02
Frequencies,2882,16116,COUNTYCD,39069,"Henry County, OH",2,0.03
Frequencies,2883,16116,COUNTYCD,39071,"Highland County, OH",1,0.02
Frequencies,2884,16116,COUNTYCD,39077,"Huron County, OH",1,0.02
Frequencies,2885,16116,COUNTYCD,39081,"Jefferson County, OH",3,0.05
Frequencies,2886,16116,COUNTYCD,39083,"Knox County, OH",3,0.05
Frequencies,2887,16116,COUNTYCD,39085,"Lake County, OH",6,0.09
Frequencies,2888,16116,COUNTYCD,39087,"Lawrence County, OH",4,0.06
Frequencies,2889,16116,COUNTYCD,39089,"Licking County, OH",5,0.08
Frequencies,2890,16116,COUNTYCD,39093,"Lorain County, OH",7,0.11
Frequencies,2891,16116,COUNTYCD,39095,"Lucas County, OH",13,0.2
Frequencies,2892,16116,COUNTYCD,39097,"Madison County, OH",1,0.02
Frequencies,2893,16116,COUNTYCD,39099,"Mahoning County, OH",5,0.08
Frequencies,2894,16116,COUNTYCD,39101,"Marion County, OH",3,0.05
Frequencies,2895,16116,COUNTYCD,39103,"Medina County, OH",3,0.05
Frequencies,2896,16116,COUNTYCD,39107,"Mercer County, OH",1,0.02
Frequencies,2897,16116,COUNTYCD,39109,"Miami County, OH",3,0.05
Frequencies,2898,16116,COUNTYCD,39113,"Montgomery County, OH",15,0.23
Frequencies,2899,16116,COUNTYCD,39119,"Muskingum County, OH",4,0.06
Frequencies,2900,16116,COUNTYCD,39129,"Pickaway County, OH",1,0.02
Frequencies,2901,16116,COUNTYCD,39131,"Pike County, OH",1,0.02
Frequencies,2902,16116,COUNTYCD,39133,"Portage County, OH",5,0.08
Frequencies,2903,16116,COUNTYCD,39139,"Richland County, OH",6,0.09
Frequencies,2904,16116,COUNTYCD,39141,"Ross County, OH",2,0.03
Frequencies,2905,16116,COUNTYCD,39143,"Sandusky County, OH",2,0.03
Frequencies,2906,16116,COUNTYCD,39145,"Scioto County, OH",3,0.05
Frequencies,2907,16116,COUNTYCD,39147,"Seneca County, OH",3,0.05
Frequencies,2908,16116,COUNTYCD,39151,"Stark County, OH",11,0.17
Frequencies,2909,16116,COUNTYCD,39153,"Summit County, OH",6,0.09
Frequencies,2910,16116,COUNTYCD,39155,"Trumbull County, OH",6,0.09
Frequencies,2911,16116,COUNTYCD,39157,"Tuscarawas County, OH",2,0.03
Frequencies,2912,16116,COUNTYCD,39161,"Van Wert County, OH",1,0.02
Frequencies,2913,16116,COUNTYCD,39165,"Warren County, OH",2,0.03
Frequencies,2914,16116,COUNTYCD,39167,"Washington County, OH",3,0.05
Frequencies,2915,16116,COUNTYCD,39169,"Wayne County, OH",4,0.06
Frequencies,2916,16116,COUNTYCD,39173,"Wood County, OH",5,0.08
Frequencies,2917,16116,COUNTYCD,40013,"Bryan County, OK",3,0.05
Frequencies,2918,16116,COUNTYCD,40015,"Caddo County, OK",1,0.02
Frequencies,2919,16116,COUNTYCD,40017,"Canadian County, OK",3,0.05
Frequencies,2920,16116,COUNTYCD,40019,"Carter County, OK",2,0.03
Frequencies,2921,16116,COUNTYCD,40021,"Cherokee County, OK",2,0.03
Frequencies,2922,16116,COUNTYCD,40027,"Cleveland County, OK",5,0.08
Frequencies,2923,16116,COUNTYCD,40031,"Comanche County, OK",4,0.06
Frequencies,2924,16116,COUNTYCD,40037,"Creek County, OK",1,0.02
Frequencies,2925,16116,COUNTYCD,40039,"Custer County, OK",1,0.02
Frequencies,2926,16116,COUNTYCD,40041,"Delaware County, OK",1,0.02
Frequencies,2927,16116,COUNTYCD,40047,"Garfield County, OK",2,0.03
Frequencies,2928,16116,COUNTYCD,40051,"Grady County, OK",1,0.02
Frequencies,2929,16116,COUNTYCD,40063,"Hughes County, OK",1,0.02
Frequencies,2930,16116,COUNTYCD,40065,"Jackson County, OK",2,0.03
Frequencies,2931,16116,COUNTYCD,40069,"Johnston County, OK",1,0.02
Frequencies,2932,16116,COUNTYCD,40071,"Kay County, OK",3,0.05
Frequencies,2933,16116,COUNTYCD,40073,"Kingfisher County, OK",1,0.02
Frequencies,2934,16116,COUNTYCD,40077,"Latimer County, OK",1,0.02
Frequencies,2935,16116,COUNTYCD,40079,"Le Flore County, OK",2,0.03
Frequencies,2936,16116,COUNTYCD,40083,"Logan County, OK",1,0.02
Frequencies,2937,16116,COUNTYCD,40087,"McClain County, OK",1,0.02
Frequencies,2938,16116,COUNTYCD,40089,"McCurtain County, OK",1,0.02
Frequencies,2939,16116,COUNTYCD,40097,"Mayes County, OK",2,0.03
Frequencies,2940,16116,COUNTYCD,40101,"Muskogee County, OK",3,0.05
Frequencies,2941,16116,COUNTYCD,40109,"Oklahoma County, OK",17,0.26
Frequencies,2942,16116,COUNTYCD,40111,"Okmulgee County, OK",3,0.05
Frequencies,2943,16116,COUNTYCD,40115,"Ottawa County, OK",2,0.03
Frequencies,2944,16116,COUNTYCD,40119,"Payne County, OK",2,0.03
Frequencies,2945,16116,COUNTYCD,40121,"Pittsburg County, OK",2,0.03
Frequencies,2946,16116,COUNTYCD,40123,"Pontotoc County, OK",2,0.03
Frequencies,2947,16116,COUNTYCD,40125,"Pottawatomie County, OK",4,0.06
Frequencies,2948,16116,COUNTYCD,40131,"Rogers County, OK",2,0.03
Frequencies,2949,16116,COUNTYCD,40133,"Seminole County, OK",1,0.02
Frequencies,2950,16116,COUNTYCD,40137,"Stephens County, OK",1,0.02
Frequencies,2951,16116,COUNTYCD,40139,"Texas County, OK",1,0.02
Frequencies,2952,16116,COUNTYCD,40143,"Tulsa County, OK",16,0.25
Frequencies,2953,16116,COUNTYCD,40147,"Washington County, OK",1,0.02
Frequencies,2954,16116,COUNTYCD,40149,"Washita County, OK",1,0.02
Frequencies,2955,16116,COUNTYCD,40151,"Woods County, OK",2,0.03
Frequencies,2956,16116,COUNTYCD,40153,"Woodward County, OK",2,0.03
Frequencies,2957,16116,COUNTYCD,41003,"Benton County, OR",2,0.03
Frequencies,2958,16116,COUNTYCD,41005,"Clackamas County, OR",3,0.05
Frequencies,2959,16116,COUNTYCD,41007,"Clatsop County, OR",2,0.03
Frequencies,2960,16116,COUNTYCD,41011,"Coos County, OR",1,0.02
Frequencies,2961,16116,COUNTYCD,41017,"Deschutes County, OR",5,0.08
Frequencies,2962,16116,COUNTYCD,41019,"Douglas County, OR",1,0.02
Frequencies,2963,16116,COUNTYCD,41029,"Jackson County, OR",4,0.06
Frequencies,2964,16116,COUNTYCD,41033,"Josephine County, OR",2,0.03
Frequencies,2965,16116,COUNTYCD,41035,"Klamath County, OR",3,0.05
Frequencies,2966,16116,COUNTYCD,41039,"Lane County, OR",5,0.08
Frequencies,2967,16116,COUNTYCD,41041,"Lincoln County, OR",1,0.02
Frequencies,2968,16116,COUNTYCD,41043,"Linn County, OR",1,0.02
Frequencies,2969,16116,COUNTYCD,41045,"Malheur County, OR",1,0.02
Frequencies,2970,16116,COUNTYCD,41047,"Marion County, OR",8,0.12
Frequencies,2971,16116,COUNTYCD,41051,"Multnomah County, OR",26,0.4
Frequencies,2972,16116,COUNTYCD,41053,"Polk County, OR",1,0.02
Frequencies,2973,16116,COUNTYCD,41057,"Tillamook County, OR",1,0.02
Frequencies,2974,16116,COUNTYCD,41059,"Umatilla County, OR",1,0.02
Frequencies,2975,16116,COUNTYCD,41061,"Union County, OR",1,0.02
Frequencies,2976,16116,COUNTYCD,41065,"Wasco County, OR",1,0.02
Frequencies,2977,16116,COUNTYCD,41067,"Washington County, OR",7,0.11
Frequencies,2978,16116,COUNTYCD,41071,"Yamhill County, OR",3,0.05
Frequencies,2979,16116,COUNTYCD,42001,"Adams County, PA",2,0.03
Frequencies,2980,16116,COUNTYCD,42003,"Allegheny County, PA",37,0.56999999999999995
Frequencies,2981,16116,COUNTYCD,42005,"Armstrong County, PA",2,0.03
Frequencies,2982,16116,COUNTYCD,42007,"Beaver County, PA",6,0.09
Frequencies,2983,16116,COUNTYCD,42011,"Berks County, PA",11,0.17
Frequencies,2984,16116,COUNTYCD,42013,"Blair County, PA",5,0.08
Frequencies,2985,16116,COUNTYCD,42015,"Bradford County, PA",1,0.02
Frequencies,2986,16116,COUNTYCD,42017,"Bucks County, PA",8,0.12
Frequencies,2987,16116,COUNTYCD,42019,"Butler County, PA",4,0.06
Frequencies,2988,16116,COUNTYCD,42021,"Cambria County, PA",7,0.11
Frequencies,2989,16116,COUNTYCD,42027,"Centre County, PA",5,0.08
Frequencies,2990,16116,COUNTYCD,42029,"Chester County, PA",8,0.12
Frequencies,2991,16116,COUNTYCD,42031,"Clarion County, PA",1,0.02
Frequencies,2992,16116,COUNTYCD,42033,"Clearfield County, PA",2,0.03
Frequencies,2993,16116,COUNTYCD,42035,"Clinton County, PA",1,0.02
Frequencies,2994,16116,COUNTYCD,42037,"Columbia County, PA",1,0.02
Frequencies,2995,16116,COUNTYCD,42039,"Crawford County, PA",5,0.08
Frequencies,2996,16116,COUNTYCD,42041,"Cumberland County, PA",5,0.08
Frequencies,2997,16116,COUNTYCD,42043,"Dauphin County, PA",7,0.11
Frequencies,2998,16116,COUNTYCD,42045,"Delaware County, PA",18,0.28000000000000003
Frequencies,2999,16116,COUNTYCD,42049,"Erie County, PA",9,0.14000000000000001
Frequencies,3000,16116,COUNTYCD,42051,"Fayette County, PA",4,0.06
Frequencies,3001,16116,COUNTYCD,42055,"Franklin County, PA",5,0.08
Frequencies,3002,16116,COUNTYCD,42059,"Greene County, PA",2,0.03
Frequencies,3003,16116,COUNTYCD,42061,"Huntingdon County, PA",2,0.03
Frequencies,3004,16116,COUNTYCD,42063,"Indiana County, PA",2,0.03
Frequencies,3005,16116,COUNTYCD,42065,"Jefferson County, PA",2,0.03
Frequencies,3006,16116,COUNTYCD,42069,"Lackawanna County, PA",11,0.17
Frequencies,3007,16116,COUNTYCD,42071,"Lancaster County, PA",12,0.19
Frequencies,3008,16116,COUNTYCD,42073,"Lawrence County, PA",4,0.06
Frequencies,3009,16116,COUNTYCD,42075,"Lebanon County, PA",4,0.06
Frequencies,3010,16116,COUNTYCD,42077,"Lehigh County, PA",14,0.22
Frequencies,3011,16116,COUNTYCD,42079,"Luzerne County, PA",11,0.17
Frequencies,3012,16116,COUNTYCD,42081,"Lycoming County, PA",2,0.03
Frequencies,3013,16116,COUNTYCD,42083,"McKean County, PA",1,0.02
Frequencies,3014,16116,COUNTYCD,42085,"Mercer County, PA",6,0.09
Frequencies,3015,16116,COUNTYCD,42087,"Mifflin County, PA",2,0.03
Frequencies,3016,16116,COUNTYCD,42089,"Monroe County, PA",3,0.05
Frequencies,3017,16116,COUNTYCD,42091,"Montgomery County, PA",28,0.43
Frequencies,3018,16116,COUNTYCD,42095,"Northampton County, PA",6,0.09
Frequencies,3019,16116,COUNTYCD,42097,"Northumberland County, PA",1,0.02
Frequencies,3020,16116,COUNTYCD,42099,"Perry County, PA",1,0.02
Frequencies,3021,16116,COUNTYCD,42101,"Philadelphia County, PA",35,0.54
Frequencies,3022,16116,COUNTYCD,42107,"Schuylkill County, PA",4,0.06
Frequencies,3023,16116,COUNTYCD,42109,"Snyder County, PA",2,0.03
Frequencies,3024,16116,COUNTYCD,42111,"Somerset County, PA",1,0.02
Frequencies,3025,16116,COUNTYCD,42115,"Susquehanna County, PA",1,0.02
Frequencies,3026,16116,COUNTYCD,42117,"Tioga County, PA",1,0.02
Frequencies,3027,16116,COUNTYCD,42119,"Union County, PA",3,0.05
Frequencies,3028,16116,COUNTYCD,42121,"Venango County, PA",1,0.02
Frequencies,3029,16116,COUNTYCD,42123,"Warren County, PA",1,0.02
Frequencies,3030,16116,COUNTYCD,42125,"Washington County, PA",5,0.08
Frequencies,3031,16116,COUNTYCD,42129,"Westmoreland County, PA",9,0.14000000000000001
Frequencies,3032,16116,COUNTYCD,42131,"Wyoming County, PA",1,0.02
Frequencies,3033,16116,COUNTYCD,42133,"York County, PA",6,0.09
Frequencies,3034,16116,COUNTYCD,44001,"Bristol County, RI",2,0.03
Frequencies,3035,16116,COUNTYCD,44003,"Kent County, RI",2,0.03
Frequencies,3036,16116,COUNTYCD,44005,"Newport County, RI",2,0.03
Frequencies,3037,16116,COUNTYCD,44007,"Providence County, RI",15,0.23
Frequencies,3038,16116,COUNTYCD,44009,"Washington County, RI",1,0.02
Frequencies,3039,16116,COUNTYCD,45001,"Abbeville County, SC",1,0.02
Frequencies,3040,16116,COUNTYCD,45003,"Aiken County, SC",4,0.06
Frequencies,3041,16116,COUNTYCD,45005,"Allendale County, SC",1,0.02
Frequencies,3042,16116,COUNTYCD,45007,"Anderson County, SC",5,0.08
Frequencies,3043,16116,COUNTYCD,45009,"Bamberg County, SC",2,0.03
Frequencies,3044,16116,COUNTYCD,45013,"Beaufort County, SC",2,0.03
Frequencies,3045,16116,COUNTYCD,45015,"Berkeley County, SC",1,0.02
Frequencies,3046,16116,COUNTYCD,45019,"Charleston County, SC",13,0.2
Frequencies,3047,16116,COUNTYCD,45021,"Cherokee County, SC",1,0.02
Frequencies,3048,16116,COUNTYCD,45025,"Chesterfield County, SC",1,0.02
Frequencies,3049,16116,COUNTYCD,45031,"Darlington County, SC",1,0.02
Frequencies,3050,16116,COUNTYCD,45035,"Dorchester County, SC",1,0.02
Frequencies,3051,16116,COUNTYCD,45041,"Florence County, SC",3,0.05
Frequencies,3052,16116,COUNTYCD,45045,"Greenville County, SC",8,0.12
Frequencies,3053,16116,COUNTYCD,45047,"Greenwood County, SC",3,0.05
Frequencies,3054,16116,COUNTYCD,45051,"Horry County, SC",4,0.06
Frequencies,3055,16116,COUNTYCD,45055,"Kershaw County, SC",1,0.02
Frequencies,3056,16116,COUNTYCD,45057,"Lancaster County, SC",1,0.02
Frequencies,3057,16116,COUNTYCD,45059,"Laurens County, SC",1,0.02
Frequencies,3058,16116,COUNTYCD,45063,"Lexington County, SC",2,0.03
Frequencies,3059,16116,COUNTYCD,45067,"Marion County, SC",1,0.02
Frequencies,3060,16116,COUNTYCD,45071,"Newberry County, SC",1,0.02
Frequencies,3061,16116,COUNTYCD,45075,"Orangeburg County, SC",4,0.06
Frequencies,3062,16116,COUNTYCD,45077,"Pickens County, SC",2,0.03
Frequencies,3063,16116,COUNTYCD,45079,"Richland County, SC",14,0.22
Frequencies,3064,16116,COUNTYCD,45083,"Spartanburg County, SC",8,0.12
Frequencies,3065,16116,COUNTYCD,45085,"Sumter County, SC",4,0.06
Frequencies,3066,16116,COUNTYCD,45087,"Union County, SC",1,0.02
Frequencies,3067,16116,COUNTYCD,45089,"Williamsburg County, SC",1,0.02
Frequencies,3068,16116,COUNTYCD,45091,"York County, SC",4,0.06
Frequencies,3069,16116,COUNTYCD,46011,"Brookings County, SD",2,0.03
Frequencies,3070,16116,COUNTYCD,46013,"Brown County, SD",2,0.03
Frequencies,3071,16116,COUNTYCD,46027,"Clay County, SD",1,0.02
Frequencies,3072,16116,COUNTYCD,46029,"Codington County, SD",1,0.02
Frequencies,3073,16116,COUNTYCD,46035,"Davison County, SD",2,0.03
Frequencies,3074,16116,COUNTYCD,46079,"Lake County, SD",1,0.02
Frequencies,3075,16116,COUNTYCD,46081,"Lawrence County, SD",1,0.02
Frequencies,3076,16116,COUNTYCD,46099,"Minnehaha County, SD",7,0.11
Frequencies,3077,16116,COUNTYCD,46102,"Oglala Lakota County, SD",1,0.02
Frequencies,3078,16116,COUNTYCD,46103,"Pennington County, SD",7,0.11
Frequencies,3079,16116,COUNTYCD,46109,"Roberts County, SD",1,0.02
Frequencies,3080,16116,COUNTYCD,46121,"Todd County, SD",1,0.02
Frequencies,3081,16116,COUNTYCD,46135,"Yankton County, SD",2,0.03
Frequencies,3082,16116,COUNTYCD,47003,"Bedford County, TN",1,0.02
Frequencies,3083,16116,COUNTYCD,47009,"Blount County, TN",1,0.02
Frequencies,3084,16116,COUNTYCD,47011,"Bradley County, TN",4,0.06
Frequencies,3085,16116,COUNTYCD,47013,"Campbell County, TN",1,0.02
Frequencies,3086,16116,COUNTYCD,47017,"Carroll County, TN",2,0.03
Frequencies,3087,16116,COUNTYCD,47019,"Carter County, TN",2,0.03
Frequencies,3088,16116,COUNTYCD,47023,"Chester County, TN",1,0.02
Frequencies,3089,16116,COUNTYCD,47025,"Claiborne County, TN",2,0.03
Frequencies,3090,16116,COUNTYCD,47031,"Coffee County, TN",1,0.02
Frequencies,3091,16116,COUNTYCD,47035,"Cumberland County, TN",1,0.02
Frequencies,3092,16116,COUNTYCD,47037,"Davidson County, TN",28,0.43
Frequencies,3093,16116,COUNTYCD,47043,"Dickson County, TN",1,0.02
Frequencies,3094,16116,COUNTYCD,47045,"Dyer County, TN",2,0.03
Frequencies,3095,16116,COUNTYCD,47051,"Franklin County, TN",1,0.02
Frequencies,3096,16116,COUNTYCD,47053,"Gibson County, TN",1,0.02
Frequencies,3097,16116,COUNTYCD,47055,"Giles County, TN",2,0.03
Frequencies,3098,16116,COUNTYCD,47059,"Greene County, TN",1,0.02
Frequencies,3099,16116,COUNTYCD,47063,"Hamblen County, TN",2,0.03
Frequencies,3100,16116,COUNTYCD,47065,"Hamilton County, TN",7,0.11
Frequencies,3101,16116,COUNTYCD,47069,"Hardeman County, TN",1,0.02
Frequencies,3102,16116,COUNTYCD,47071,"Hardin County, TN",1,0.02
Frequencies,3103,16116,COUNTYCD,47077,"Henderson County, TN",1,0.02
Frequencies,3104,16116,COUNTYCD,47079,"Henry County, TN",1,0.02
Frequencies,3105,16116,COUNTYCD,47089,"Jefferson County, TN",1,0.02
Frequencies,3106,16116,COUNTYCD,47093,"Knox County, TN",10,0.16
Frequencies,3107,16116,COUNTYCD,47097,"Lauderdale County, TN",1,0.02
Frequencies,3108,16116,COUNTYCD,47099,"Lawrence County, TN",1,0.02
Frequencies,3109,16116,COUNTYCD,47101,"Lewis County, TN",1,0.02
Frequencies,3110,16116,COUNTYCD,47103,"Lincoln County, TN",1,0.02
Frequencies,3111,16116,COUNTYCD,47107,"McMinn County, TN",2,0.03
Frequencies,3112,16116,COUNTYCD,47113,"Madison County, TN",5,0.08
Frequencies,3113,16116,COUNTYCD,47119,"Maury County, TN",1,0.02
Frequencies,3114,16116,COUNTYCD,47125,"Montgomery County, TN",5,0.08
Frequencies,3115,16116,COUNTYCD,47127,"Moore County, TN",1,0.02
Frequencies,3116,16116,COUNTYCD,47133,"Overton County, TN",1,0.02
Frequencies,3117,16116,COUNTYCD,47141,"Putnam County, TN",4,0.06
Frequencies,3118,16116,COUNTYCD,47143,"Rhea County, TN",2,0.03
Frequencies,3119,16116,COUNTYCD,47145,"Roane County, TN",2,0.03
Frequencies,3120,16116,COUNTYCD,47149,"Rutherford County, TN",6,0.09
Frequencies,3121,16116,COUNTYCD,47151,"Scott County, TN",1,0.02
Frequencies,3122,16116,COUNTYCD,47157,"Shelby County, TN",25,0.39
Frequencies,3123,16116,COUNTYCD,47163,"Sullivan County, TN",2,0.03
Frequencies,3124,16116,COUNTYCD,47165,"Sumner County, TN",4,0.06
Frequencies,3125,16116,COUNTYCD,47167,"Tipton County, TN",1,0.02
Frequencies,3126,16116,COUNTYCD,47169,"Trousdale County, TN",1,0.02
Frequencies,3127,16116,COUNTYCD,47177,"Warren County, TN",1,0.02
Frequencies,3128,16116,COUNTYCD,47179,"Washington County, TN",3,0.05
Frequencies,3129,16116,COUNTYCD,47183,"Weakley County, TN",1,0.02
Frequencies,3130,16116,COUNTYCD,47187,"Williamson County, TN",3,0.05
Frequencies,3131,16116,COUNTYCD,47189,"Wilson County, TN",3,0.05
Frequencies,3132,16116,COUNTYCD,48005,"Angelina County, TX",2,0.03
Frequencies,3133,16116,COUNTYCD,48021,"Bastrop County, TX",1,0.02
Frequencies,3134,16116,COUNTYCD,48025,"Bee County, TX",1,0.02
Frequencies,3135,16116,COUNTYCD,48027,"Bell County, TX",6,0.09
Frequencies,3136,16116,COUNTYCD,48029,"Bexar County, TX",44,0.68
Frequencies,3137,16116,COUNTYCD,48037,"Bowie County, TX",4,0.06
Frequencies,3138,16116,COUNTYCD,48039,"Brazoria County, TX",4,0.06
Frequencies,3139,16116,COUNTYCD,48041,"Brazos County, TX",4,0.06
Frequencies,3140,16116,COUNTYCD,48043,"Brewster County, TX",1,0.02
Frequencies,3141,16116,COUNTYCD,48049,"Brown County, TX",1,0.02
Frequencies,3142,16116,COUNTYCD,48061,"Cameron County, TX",7,0.11
Frequencies,3143,16116,COUNTYCD,48073,"Cherokee County, TX",2,0.03
Frequencies,3144,16116,COUNTYCD,48085,"Collin County, TX",3,0.05
Frequencies,3145,16116,COUNTYCD,48091,"Comal County, TX",2,0.03
Frequencies,3146,16116,COUNTYCD,48097,"Cooke County, TX",1,0.02
Frequencies,3147,16116,COUNTYCD,48099,"Coryell County, TX",1,0.02
Frequencies,3148,16116,COUNTYCD,48113,"Dallas County, TX",59,0.92
Frequencies,3149,16116,COUNTYCD,48121,"Denton County, TX",4,0.06
Frequencies,3150,16116,COUNTYCD,48129,"Donley County, TX",1,0.02
Frequencies,3151,16116,COUNTYCD,48133,"Eastland County, TX",2,0.03
Frequencies,3152,16116,COUNTYCD,48135,"Ector County, TX",2,0.03
Frequencies,3153,16116,COUNTYCD,48139,"Ellis County, TX",1,0.02
Frequencies,3154,16116,COUNTYCD,48141,"El Paso County, TX",13,0.2
Frequencies,3155,16116,COUNTYCD,48143,"Erath County, TX",1,0.02
Frequencies,3156,16116,COUNTYCD,48157,"Fort Bend County, TX",2,0.03
Frequencies,3157,16116,COUNTYCD,48167,"Galveston County, TX",4,0.06
Frequencies,3158,16116,COUNTYCD,48181,"Grayson County, TX",3,0.05
Frequencies,3159,16116,COUNTYCD,48183,"Gregg County, TX",3,0.05
Frequencies,3160,16116,COUNTYCD,48187,"Guadalupe County, TX",2,0.03
Frequencies,3161,16116,COUNTYCD,48189,"Hale County, TX",1,0.02
Frequencies,3162,16116,COUNTYCD,48199,"Hardin County, TX",1,0.02
Frequencies,3163,16116,COUNTYCD,48201,"Harris County, TX",69,1.07
Frequencies,3164,16116,COUNTYCD,48203,"Harrison County, TX",2,0.03
Frequencies,3165,16116,COUNTYCD,48209,"Hays County, TX",2,0.03
Frequencies,3166,16116,COUNTYCD,48213,"Henderson County, TX",1,0.02
Frequencies,3167,16116,COUNTYCD,48215,"Hidalgo County, TX",16,0.25
Frequencies,3168,16116,COUNTYCD,48217,"Hill County, TX",1,0.02
Frequencies,3169,16116,COUNTYCD,48219,"Hockley County, TX",1,0.02
Frequencies,3170,16116,COUNTYCD,48227,"Howard County, TX",2,0.03
Frequencies,3171,16116,COUNTYCD,48231,"Hunt County, TX",2,0.03
Frequencies,3172,16116,COUNTYCD,48233,"Hutchinson County, TX",1,0.02
Frequencies,3173,16116,COUNTYCD,48241,"Jasper County, TX",1,0.02
Frequencies,3174,16116,COUNTYCD,48245,"Jefferson County, TX",5,0.08
Frequencies,3175,16116,COUNTYCD,48251,"Johnson County, TX",1,0.02
Frequencies,3176,16116,COUNTYCD,48257,"Kaufman County, TX",1,0.02
Frequencies,3177,16116,COUNTYCD,48265,"Kerr County, TX",2,0.03
Frequencies,3178,16116,COUNTYCD,48273,"Kleberg County, TX",1,0.02
Frequencies,3179,16116,COUNTYCD,48277,"Lamar County, TX",1,0.02
Frequencies,3180,16116,COUNTYCD,48303,"Lubbock County, TX",7,0.11
Frequencies,3181,16116,COUNTYCD,48309,"McLennan County, TX",4,0.06
Frequencies,3182,16116,COUNTYCD,48323,"Maverick County, TX",1,0.02
Frequencies,3183,16116,COUNTYCD,48329,"Midland County, TX",1,0.02
Frequencies,3184,16116,COUNTYCD,48339,"Montgomery County, TX",2,0.03
Frequencies,3185,16116,COUNTYCD,48347,"Nacogdoches County, TX",1,0.02
Frequencies,3186,16116,COUNTYCD,48349,"Navarro County, TX",1,0.02
Frequencies,3187,16116,COUNTYCD,48355,"Nueces County, TX",5,0.08
Frequencies,3188,16116,COUNTYCD,48361,"Orange County, TX",1,0.02
Frequencies,3189,16116,COUNTYCD,48365,"Panola County, TX",1,0.02
Frequencies,3190,16116,COUNTYCD,48367,"Parker County, TX",1,0.02
Frequencies,3191,16116,COUNTYCD,48375,"Potter County, TX",6,0.09
Frequencies,3192,16116,COUNTYCD,48381,"Randall County, TX",1,0.02
Frequencies,3193,16116,COUNTYCD,48409,"San Patricio County, TX",1,0.02
Frequencies,3194,16116,COUNTYCD,48415,"Scurry County, TX",1,0.02
Frequencies,3195,16116,COUNTYCD,48423,"Smith County, TX",4,0.06
Frequencies,3196,16116,COUNTYCD,48439,"Tarrant County, TX",28,0.43
Frequencies,3197,16116,COUNTYCD,48441,"Taylor County, TX",5,0.08
Frequencies,3198,16116,COUNTYCD,48449,"Titus County, TX",1,0.02
Frequencies,3199,16116,COUNTYCD,48451,"Tom Green County, TX",2,0.03
Frequencies,3200,16116,COUNTYCD,48453,"Travis County, TX",24,0.37
Frequencies,3201,16116,COUNTYCD,48463,"Uvalde County, TX",1,0.02
Frequencies,3202,16116,COUNTYCD,48469,"Victoria County, TX",4,0.06
Frequencies,3203,16116,COUNTYCD,48471,"Walker County, TX",2,0.03
Frequencies,3204,16116,COUNTYCD,48473,"Waller County, TX",1,0.02
Frequencies,3205,16116,COUNTYCD,48477,"Washington County, TX",3,0.05
Frequencies,3206,16116,COUNTYCD,48479,"Webb County, TX",5,0.08
Frequencies,3207,16116,COUNTYCD,48481,"Wharton County, TX",1,0.02
Frequencies,3208,16116,COUNTYCD,48485,"Wichita County, TX",1,0.02
Frequencies,3209,16116,COUNTYCD,48487,"Wilbarger County, TX",1,0.02
Frequencies,3210,16116,COUNTYCD,48491,"Williamson County, TX",6,0.09
Frequencies,3211,16116,COUNTYCD,48499,"Wood County, TX",1,0.02
Frequencies,3212,16116,COUNTYCD,49005,"Cache County, UT",4,0.06
Frequencies,3213,16116,COUNTYCD,49011,"Davis County, UT",3,0.05
Frequencies,3214,16116,COUNTYCD,49021,"Iron County, UT",3,0.05
Frequencies,3215,16116,COUNTYCD,49035,"Salt Lake County, UT",27,0.42
Frequencies,3216,16116,COUNTYCD,49039,"Sanpete County, UT",1,0.02
Frequencies,3217,16116,COUNTYCD,49045,"Tooele County, UT",1,0.02
Frequencies,3218,16116,COUNTYCD,49047,"Uintah County, UT",1,0.02
Frequencies,3219,16116,COUNTYCD,49049,"Utah County, UT",16,0.25
Frequencies,3220,16116,COUNTYCD,49051,"Wasatch County, UT",1,0.02
Frequencies,3221,16116,COUNTYCD,49053,"Washington County, UT",7,0.11
Frequencies,3222,16116,COUNTYCD,49057,"Weber County, UT",5,0.08
Frequencies,3223,16116,COUNTYCD,50001,"Addison County, VT",1,0.02
Frequencies,3224,16116,COUNTYCD,50003,"Bennington County, VT",1,0.02
Frequencies,3225,16116,COUNTYCD,50007,"Chittenden County, VT",5,0.08
Frequencies,3226,16116,COUNTYCD,50015,"Lamoille County, VT",1,0.02
Frequencies,3227,16116,COUNTYCD,50017,"Orange County, VT",1,0.02
Frequencies,3228,16116,COUNTYCD,50019,"Orleans County, VT",1,0.02
Frequencies,3229,16116,COUNTYCD,50021,"Rutland County, VT",1,0.02
Frequencies,3230,16116,COUNTYCD,50023,"Washington County, VT",6,0.09
Frequencies,3231,16116,COUNTYCD,50025,"Windham County, VT",4,0.06
Frequencies,3232,16116,COUNTYCD,50027,"Windsor County, VT",1,0.02
Frequencies,3233,16116,COUNTYCD,51001,"Accomack County, VA",1,0.02
Frequencies,3234,16116,COUNTYCD,51003,"Albemarle County, VA",2,0.03
Frequencies,3235,16116,COUNTYCD,51005,"Alleghany County, VA",1,0.02
Frequencies,3236,16116,COUNTYCD,51009,"Amherst County, VA",1,0.02
Frequencies,3237,16116,COUNTYCD,51013,"Arlington County, VA",5,0.08
Frequencies,3238,16116,COUNTYCD,51015,"Augusta County, VA",1,0.02
Frequencies,3239,16116,COUNTYCD,51025,"Brunswick County, VA",1,0.02
Frequencies,3240,16116,COUNTYCD,51027,"Buchanan County, VA",2,0.03
Frequencies,3241,16116,COUNTYCD,51041,"Chesterfield County, VA",5,0.08
Frequencies,3242,16116,COUNTYCD,51047,"Culpeper County, VA",1,0.02
Frequencies,3243,16116,COUNTYCD,51053,"Dinwiddie County, VA",1,0.02
Frequencies,3244,16116,COUNTYCD,51059,"Fairfax County, VA",17,0.26
Frequencies,3245,16116,COUNTYCD,51067,"Franklin County, VA",1,0.02
Frequencies,3246,16116,COUNTYCD,51069,"Frederick County, VA",1,0.02
Frequencies,3247,16116,COUNTYCD,51073,"Gloucester County, VA",1,0.02
Frequencies,3248,16116,COUNTYCD,51085,"Hanover County, VA",2,0.03
Frequencies,3249,16116,COUNTYCD,51087,"Henrico County, VA",8,0.12
Frequencies,3250,16116,COUNTYCD,51089,"Henry County, VA",1,0.02
Frequencies,3251,16116,COUNTYCD,51107,"Loudoun County, VA",2,0.03
Frequencies,3252,16116,COUNTYCD,51121,"Montgomery County, VA",2,0.03
Frequencies,3253,16116,COUNTYCD,51137,"Orange County, VA",1,0.02
Frequencies,3254,16116,COUNTYCD,51147,"Prince Edward County, VA",2,0.03
Frequencies,3255,16116,COUNTYCD,51153,"Prince William County, VA",2,0.03
Frequencies,3256,16116,COUNTYCD,51155,"Pulaski County, VA",1,0.02
Frequencies,3257,16116,COUNTYCD,51161,"Roanoke County, VA",1,0.02
Frequencies,3258,16116,COUNTYCD,51165,"Rockingham County, VA",1,0.02
Frequencies,3259,16116,COUNTYCD,51177,"Spotsylvania County, VA",1,0.02
Frequencies,3260,16116,COUNTYCD,51185,"Tazewell County, VA",2,0.03
Frequencies,3261,16116,COUNTYCD,51191,"Washington County, VA",2,0.03
Frequencies,3262,16116,COUNTYCD,51195,"Wise County, VA",2,0.03
Frequencies,3263,16116,COUNTYCD,51197,"Wythe County, VA",1,0.02
Frequencies,3264,16116,COUNTYCD,51510,"Alexandria City, VA",1,0.02
Frequencies,3265,16116,COUNTYCD,51520,"Bristol City, VA",1,0.02
Frequencies,3266,16116,COUNTYCD,51530,"Buena Vista City, VA",1,0.02
Frequencies,3267,16116,COUNTYCD,51550,"Chesapeake City, VA",2,0.03
Frequencies,3268,16116,COUNTYCD,51570,"Colonial Heights City, VA",1,0.02
Frequencies,3269,16116,COUNTYCD,51590,"Danville City, VA",4,0.06
Frequencies,3270,16116,COUNTYCD,51620,"Franklin City, VA",1,0.02
Frequencies,3271,16116,COUNTYCD,51630,"Fredericksburg City, VA",1,0.02
Frequencies,3272,16116,COUNTYCD,51650,"Hampton City, VA",4,0.06
Frequencies,3273,16116,COUNTYCD,51660,"Harrisonburg City, VA",2,0.03
Frequencies,3274,16116,COUNTYCD,51678,"Lexington City, VA",2,0.03
Frequencies,3275,16116,COUNTYCD,51680,"Lynchburg City, VA",7,0.11
Frequencies,3276,16116,COUNTYCD,51700,"Newport News City, VA",6,0.09
Frequencies,3277,16116,COUNTYCD,51710,"Norfolk City, VA",9,0.14000000000000001
Frequencies,3278,16116,COUNTYCD,51730,"Petersburg City, VA",1,0.02
Frequencies,3279,16116,COUNTYCD,51750,"Radford City, VA",1,0.02
Frequencies,3280,16116,COUNTYCD,51760,"Richmond City, VA",4,0.06
Frequencies,3281,16116,COUNTYCD,51770,"Roanoke City, VA",3,0.05
Frequencies,3282,16116,COUNTYCD,51775,"Salem City, VA",2,0.03
Frequencies,3283,16116,COUNTYCD,51790,"Staunton City, VA",2,0.03
Frequencies,3284,16116,COUNTYCD,51800,"Suffolk City, VA",1,0.02
Frequencies,3285,16116,COUNTYCD,51810,"Virginia Beach City, VA",16,0.25
Frequencies,3286,16116,COUNTYCD,51830,"Williamsburg City, VA",1,0.02
Frequencies,3287,16116,COUNTYCD,51840,"Winchester City, VA",1,0.02
Frequencies,3288,16116,COUNTYCD,53005,"Benton County, WA",3,0.05
Frequencies,3289,16116,COUNTYCD,53007,"Chelan County, WA",1,0.02
Frequencies,3290,16116,COUNTYCD,53009,"Clallam County, WA",1,0.02
Frequencies,3291,16116,COUNTYCD,53011,"Clark County, WA",4,0.06
Frequencies,3292,16116,COUNTYCD,53015,"Cowlitz County, WA",2,0.03
Frequencies,3293,16116,COUNTYCD,53021,"Franklin County, WA",1,0.02
Frequencies,3294,16116,COUNTYCD,53025,"Grant County, WA",1,0.02
Frequencies,3295,16116,COUNTYCD,53027,"Grays Harbor County, WA",1,0.02
Frequencies,3296,16116,COUNTYCD,53031,"Jefferson County, WA",1,0.02
Frequencies,3297,16116,COUNTYCD,53033,"King County, WA",33,0.51
Frequencies,3298,16116,COUNTYCD,53035,"Kitsap County, WA",1,0.02
Frequencies,3299,16116,COUNTYCD,53037,"Kittitas County, WA",1,0.02
Frequencies,3300,16116,COUNTYCD,53041,"Lewis County, WA",2,0.03
Frequencies,3301,16116,COUNTYCD,53053,"Pierce County, WA",12,0.19
Frequencies,3302,16116,COUNTYCD,53057,"Skagit County, WA",1,0.02
Frequencies,3303,16116,COUNTYCD,53061,"Snohomish County, WA",5,0.08
Frequencies,3304,16116,COUNTYCD,53063,"Spokane County, WA",14,0.22
Frequencies,3305,16116,COUNTYCD,53067,"Thurston County, WA",4,0.06
Frequencies,3306,16116,COUNTYCD,53071,"Walla Walla County, WA",3,0.05
Frequencies,3307,16116,COUNTYCD,53073,"Whatcom County, WA",5,0.08
Frequencies,3308,16116,COUNTYCD,53075,"Whitman County, WA",2,0.03
Frequencies,3309,16116,COUNTYCD,53077,"Yakima County, WA",5,0.08
Frequencies,3310,16116,COUNTYCD,54001,"Barbour County, WV",1,0.02
Frequencies,3311,16116,COUNTYCD,54003,"Berkeley County, WV",5,0.08
Frequencies,3312,16116,COUNTYCD,54009,"Brooke County, WV",1,0.02
Frequencies,3313,16116,COUNTYCD,54011,"Cabell County, WV",5,0.08
Frequencies,3314,16116,COUNTYCD,54019,"Fayette County, WV",1,0.02
Frequencies,3315,16116,COUNTYCD,54021,"Gilmer County, WV",1,0.02
Frequencies,3316,16116,COUNTYCD,54025,"Greenbrier County, WV",1,0.02
Frequencies,3317,16116,COUNTYCD,54029,"Hancock County, WV",1,0.02
Frequencies,3318,16116,COUNTYCD,54031,"Hardy County, WV",1,0.02
Frequencies,3319,16116,COUNTYCD,54033,"Harrison County, WV",4,0.06
Frequencies,3320,16116,COUNTYCD,54035,"Jackson County, WV",1,0.02
Frequencies,3321,16116,COUNTYCD,54037,"Jefferson County, WV",3,0.05
Frequencies,3322,16116,COUNTYCD,54039,"Kanawha County, WV",10,0.16
Frequencies,3323,16116,COUNTYCD,54045,"Logan County, WV",2,0.03
Frequencies,3324,16116,COUNTYCD,54049,"Marion County, WV",2,0.03
Frequencies,3325,16116,COUNTYCD,54051,"Marshall County, WV",1,0.02
Frequencies,3326,16116,COUNTYCD,54055,"Mercer County, WV",3,0.05
Frequencies,3327,16116,COUNTYCD,54057,"Mineral County, WV",2,0.03
Frequencies,3328,16116,COUNTYCD,54059,"Mingo County, WV",1,0.02
Frequencies,3329,16116,COUNTYCD,54061,"Monongalia County, WV",6,0.09
Frequencies,3330,16116,COUNTYCD,54069,"Ohio County, WV",4,0.06
Frequencies,3331,16116,COUNTYCD,54071,"Pendleton County, WV",1,0.02
Frequencies,3332,16116,COUNTYCD,54079,"Putnam County, WV",2,0.03
Frequencies,3333,16116,COUNTYCD,54081,"Raleigh County, WV",5,0.08
Frequencies,3334,16116,COUNTYCD,54083,"Randolph County, WV",2,0.03
Frequencies,3335,16116,COUNTYCD,54097,"Upshur County, WV",2,0.03
Frequencies,3336,16116,COUNTYCD,54107,"Wood County, WV",5,0.08
Frequencies,3337,16116,COUNTYCD,55003,"Ashland County, WI",1,0.02
Frequencies,3338,16116,COUNTYCD,55009,"Brown County, WI",7,0.11
Frequencies,3339,16116,COUNTYCD,55025,"Dane County, WI",9,0.14000000000000001
Frequencies,3340,16116,COUNTYCD,55027,"Dodge County, WI",1,0.02
Frequencies,3341,16116,COUNTYCD,55031,"Douglas County, WI",1,0.02
Frequencies,3342,16116,COUNTYCD,55033,"Dunn County, WI",1,0.02
Frequencies,3343,16116,COUNTYCD,55035,"Eau Claire County, WI",3,0.05
Frequencies,3344,16116,COUNTYCD,55039,"Fond du Lac County, WI",3,0.05
Frequencies,3345,16116,COUNTYCD,55043,"Grant County, WI",2,0.03
Frequencies,3346,16116,COUNTYCD,55055,"Jefferson County, WI",1,0.02
Frequencies,3347,16116,COUNTYCD,55059,"Kenosha County, WI",6,0.09
Frequencies,3348,16116,COUNTYCD,55063,"La Crosse County, WI",4,0.06
Frequencies,3349,16116,COUNTYCD,55071,"Manitowoc County, WI",3,0.05
Frequencies,3350,16116,COUNTYCD,55073,"Marathon County, WI",2,0.03
Frequencies,3351,16116,COUNTYCD,55078,"Menominee County, WI",1,0.02
Frequencies,3352,16116,COUNTYCD,55079,"Milwaukee County, WI",19,0.3
Frequencies,3353,16116,COUNTYCD,55085,"Oneida County, WI",1,0.02
Frequencies,3354,16116,COUNTYCD,55087,"Outagamie County, WI",4,0.06
Frequencies,3355,16116,COUNTYCD,55089,"Ozaukee County, WI",1,0.02
Frequencies,3356,16116,COUNTYCD,55093,"Pierce County, WI",1,0.02
Frequencies,3357,16116,COUNTYCD,55097,"Portage County, WI",1,0.02
Frequencies,3358,16116,COUNTYCD,55101,"Racine County, WI",2,0.03
Frequencies,3359,16116,COUNTYCD,55105,"Rock County, WI",4,0.06
Frequencies,3360,16116,COUNTYCD,55111,"Sauk County, WI",1,0.02
Frequencies,3361,16116,COUNTYCD,55113,"Sawyer County, WI",1,0.02
Frequencies,3362,16116,COUNTYCD,55117,"Sheboygan County, WI",1,0.02
Frequencies,3363,16116,COUNTYCD,55127,"Walworth County, WI",2,0.03
Frequencies,3364,16116,COUNTYCD,55129,"Washburn County, WI",1,0.02
Frequencies,3365,16116,COUNTYCD,55133,"Waukesha County, WI",6,0.09
Frequencies,3366,16116,COUNTYCD,55139,"Winnebago County, WI",1,0.02
Frequencies,3367,16116,COUNTYCD,55141,"Wood County, WI",1,0.02
Frequencies,3368,16116,COUNTYCD,56001,"Albany County, WY",2,0.03
Frequencies,3369,16116,COUNTYCD,56013,"Fremont County, WY",1,0.02
Frequencies,3370,16116,COUNTYCD,56015,"Goshen County, WY",1,0.02
Frequencies,3371,16116,COUNTYCD,56021,"Laramie County, WY",2,0.03
Frequencies,3372,16116,COUNTYCD,56025,"Natrona County, WY",1,0.02
Frequencies,3373,16116,COUNTYCD,56029,"Park County, WY",1,0.02
Frequencies,3374,16116,COUNTYCD,56033,"Sheridan County, WY",1,0.02
Frequencies,3375,16116,COUNTYCD,56037,"Sweetwater County, WY",1,0.02
Frequencies,3376,16116,COUNTYCD,60050,"Western District, AS",1,0.02
Frequencies,3377,16116,COUNTYCD,66010,"Guam, GU",3,0.05
Frequencies,3378,16116,COUNTYCD,69110,"Saipan Municipality, MP",1,0.02
Frequencies,3379,16116,COUNTYCD,72003,"Aguada Municipio, PR",2,0.03
Frequencies,3380,16116,COUNTYCD,72005,"Aguadilla Municipio, PR",7,0.11
Frequencies,3381,16116,COUNTYCD,72013,"Arecibo Municipio, PR",8,0.12
Frequencies,3382,16116,COUNTYCD,72015,"Arroyo Municipio, PR",1,0.02
Frequencies,3383,16116,COUNTYCD,72019,"Barranquitas Municipio, PR",2,0.03
Frequencies,3384,16116,COUNTYCD,72021,"Bayamón Municipio, PR",22,0.34
Frequencies,3385,16116,COUNTYCD,72025,"Caguas Municipio, PR",10,0.16
Frequencies,3386,16116,COUNTYCD,72031,"Carolina Municipio, PR",7,0.11
Frequencies,3387,16116,COUNTYCD,72035,"Cayey Municipio, PR",2,0.03
Frequencies,3388,16116,COUNTYCD,72043,"Coamo Municipio, PR",1,0.02
Frequencies,3389,16116,COUNTYCD,72053,"Fajardo Municipio, PR",2,0.03
Frequencies,3390,16116,COUNTYCD,72057,"Guayama Municipio, PR",3,0.05
Frequencies,3391,16116,COUNTYCD,72061,"Guaynabo Municipio, PR",2,0.03
Frequencies,3392,16116,COUNTYCD,72063,"Gurabo Municipio, PR",2,0.03
Frequencies,3393,16116,COUNTYCD,72069,"Humacao Municipio, PR",5,0.08
Frequencies,3394,16116,COUNTYCD,72071,"Isabela Municipio, PR",1,0.02
Frequencies,3395,16116,COUNTYCD,72075,"Juana Díaz, PR",2,0.03
Frequencies,3396,16116,COUNTYCD,72081,"Lares Municipio, PR",1,0.02
Frequencies,3397,16116,COUNTYCD,72091,"Manatí  Municipio, PR",8,0.12
Frequencies,3398,16116,COUNTYCD,72097,"Mayagüez Municipio, PR",8,0.12
Frequencies,3399,16116,COUNTYCD,72099,"Moca Municipio, PR",1,0.02
Frequencies,3400,16116,COUNTYCD,72113,"Ponce Municipio, PR",13,0.2
Frequencies,3401,16116,COUNTYCD,72119,"Río Grande Municipio, PR",1,0.02
Frequencies,3402,16116,COUNTYCD,72125,"San Germán Municipio, PR",1,0.02
Frequencies,3403,16116,COUNTYCD,72127,"San Juan Municipio, PR",35,0.54
Frequencies,3404,16116,COUNTYCD,72129,"San Lorenzo Municipio, PR",1,0.02
Frequencies,3405,16116,COUNTYCD,72131,"San Sebastián Municipio, PR",1,0.02
Frequencies,3406,16116,COUNTYCD,72139,"Trujillo Alto Municipio, PR",1,0.02
Frequencies,3407,16116,COUNTYCD,72141,"Utuado Municipio, PR",1,0.02
Frequencies,3408,16116,COUNTYCD,72145,"Vega Baja Municipio, PR",1,0.02
Frequencies,3409,16116,COUNTYCD,72149,"Villalba Municipio, PR",1,0.02
Frequencies,3410,16116,COUNTYCD,72153,"Yauco Municipio, PR",2,0.03
Frequencies,3411,16116,COUNTYCD,78030,"St. Thomas Island, VI",1,0.02
Frequencies,3412,16116,COUNTYCD,-2,Not applicable,3,0.05
Frequencies,3413,16126,CNGDSTCD,101,"AL, District 01",12,0.19
Frequencies,3414,16126,CNGDSTCD,102,"AL, District 02",15,0.23
Frequencies,3415,16126,CNGDSTCD,103,"AL, District 03",7,0.11
Frequencies,3416,16126,CNGDSTCD,104,"AL, District 04",6,0.09
Frequencies,3417,16126,CNGDSTCD,105,"AL, District 05",13,0.2
Frequencies,3418,16126,CNGDSTCD,106,"AL, District 06",6,0.09
Frequencies,3419,16126,CNGDSTCD,107,"AL, District 07",22,0.34
Frequencies,3420,16126,CNGDSTCD,200,"AK, District 00",10,0.16
Frequencies,3421,16126,CNGDSTCD,401,"AZ, District 01",10,0.16
Frequencies,3422,16126,CNGDSTCD,402,"AZ, District 02",12,0.19
Frequencies,3423,16126,CNGDSTCD,403,"AZ, District 03",12,0.19
Frequencies,3424,16126,CNGDSTCD,404,"AZ, District 04",9,0.14000000000000001
Frequencies,3425,16126,CNGDSTCD,405,"AZ, District 05",5,0.08
Frequencies,3426,16126,CNGDSTCD,406,"AZ, District 06",17,0.26
Frequencies,3427,16126,CNGDSTCD,407,"AZ, District 07",14,0.22
Frequencies,3428,16126,CNGDSTCD,408,"AZ, District 08",8,0.12
Frequencies,3429,16126,CNGDSTCD,409,"AZ, District 09",29,0.45
Frequencies,3430,16126,CNGDSTCD,501,"AR, District 01",16,0.25
Frequencies,3431,16126,CNGDSTCD,502,"AR, District 02",31,0.48
Frequencies,3432,16126,CNGDSTCD,503,"AR, District 03",19,0.3
Frequencies,3433,16126,CNGDSTCD,504,"AR, District 04",20,0.31
Frequencies,3434,16126,CNGDSTCD,601,"CA, District 01",10,0.16
Frequencies,3435,16126,CNGDSTCD,602,"CA, District 02",11,0.17
Frequencies,3436,16126,CNGDSTCD,603,"CA, District 03",9,0.14000000000000001
Frequencies,3437,16126,CNGDSTCD,604,"CA, District 04",8,0.12
Frequencies,3438,16126,CNGDSTCD,605,"CA, District 05",10,0.16
Frequencies,3439,16126,CNGDSTCD,606,"CA, District 06",15,0.23
Frequencies,3440,16126,CNGDSTCD,607,"CA, District 07",12,0.19
Frequencies,3441,16126,CNGDSTCD,608,"CA, District 08",8,0.12
Frequencies,3442,16126,CNGDSTCD,609,"CA, District 09",9,0.14000000000000001
Frequencies,3443,16126,CNGDSTCD,610,"CA, District 10",10,0.16
Frequencies,3444,16126,CNGDSTCD,611,"CA, District 11",10,0.16
Frequencies,3445,16126,CNGDSTCD,612,"CA, District 12",18,0.28000000000000003
Frequencies,3446,16126,CNGDSTCD,613,"CA, District 13",29,0.45
Frequencies,3447,16126,CNGDSTCD,614,"CA, District 14",10,0.16
Frequencies,3448,16126,CNGDSTCD,615,"CA, District 15",5,0.08
Frequencies,3449,16126,CNGDSTCD,616,"CA, District 16",11,0.17
Frequencies,3450,16126,CNGDSTCD,617,"CA, District 17",11,0.17
Frequencies,3451,16126,CNGDSTCD,618,"CA, District 18",11,0.17
Frequencies,3452,16126,CNGDSTCD,619,"CA, District 19",8,0.12
Frequencies,3453,16126,CNGDSTCD,620,"CA, District 20",13,0.2
Frequencies,3454,16126,CNGDSTCD,621,"CA, District 21",7,0.11
Frequencies,3455,16126,CNGDSTCD,622,"CA, District 22",19,0.3
Frequencies,3456,16126,CNGDSTCD,623,"CA, District 23",15,0.23
Frequencies,3457,16126,CNGDSTCD,624,"CA, District 24",19,0.3
Frequencies,3458,16126,CNGDSTCD,625,"CA, District 25",8,0.12
Frequencies,3459,16126,CNGDSTCD,626,"CA, District 26",12,0.19
Frequencies,3460,16126,CNGDSTCD,627,"CA, District 27",32,0.5
Frequencies,3461,16126,CNGDSTCD,628,"CA, District 28",21,0.33
Frequencies,3462,16126,CNGDSTCD,629,"CA, District 29",12,0.19
Frequencies,3463,16126,CNGDSTCD,630,"CA, District 30",13,0.2
Frequencies,3464,16126,CNGDSTCD,631,"CA, District 31",17,0.26
Frequencies,3465,16126,CNGDSTCD,632,"CA, District 32",19,0.3
Frequencies,3466,16126,CNGDSTCD,633,"CA, District 33",15,0.23
Frequencies,3467,16126,CNGDSTCD,634,"CA, District 34",25,0.39
Frequencies,3468,16126,CNGDSTCD,635,"CA, District 35",13,0.2
Frequencies,3469,16126,CNGDSTCD,636,"CA, District 36",15,0.23
Frequencies,3470,16126,CNGDSTCD,637,"CA, District 37",8,0.12
Frequencies,3471,16126,CNGDSTCD,638,"CA, District 38",15,0.23
Frequencies,3472,16126,CNGDSTCD,639,"CA, District 39",8,0.12
Frequencies,3473,16126,CNGDSTCD,640,"CA, District 40",4,0.06
Frequencies,3474,16126,CNGDSTCD,641,"CA, District 41",14,0.22
Frequencies,3475,16126,CNGDSTCD,642,"CA, District 42",5,0.08
Frequencies,3476,16126,CNGDSTCD,643,"CA, District 43",12,0.19
Frequencies,3477,16126,CNGDSTCD,644,"CA, District 44",5,0.08
Frequencies,3478,16126,CNGDSTCD,645,"CA, District 45",9,0.14000000000000001
Frequencies,3479,16126,CNGDSTCD,646,"CA, District 46",25,0.39
Frequencies,3480,16126,CNGDSTCD,647,"CA, District 47",15,0.23
Frequencies,3481,16126,CNGDSTCD,648,"CA, District 48",13,0.2
Frequencies,3482,16126,CNGDSTCD,649,"CA, District 49",9,0.14000000000000001
Frequencies,3483,16126,CNGDSTCD,650,"CA, District 50",20,0.31
Frequencies,3484,16126,CNGDSTCD,651,"CA, District 51",9,0.14000000000000001
Frequencies,3485,16126,CNGDSTCD,652,"CA, District 52",23,0.36
Frequencies,3486,16126,CNGDSTCD,653,"CA, District 53",16,0.25
Frequencies,3487,16126,CNGDSTCD,801,"CO, District 01",20,0.31
Frequencies,3488,16126,CNGDSTCD,802,"CO, District 02",12,0.19
Frequencies,3489,16126,CNGDSTCD,803,"CO, District 03",11,0.17
Frequencies,3490,16126,CNGDSTCD,804,"CO, District 04",11,0.17
Frequencies,3491,16126,CNGDSTCD,805,"CO, District 05",16,0.25
Frequencies,3492,16126,CNGDSTCD,806,"CO, District 06",12,0.19
Frequencies,3493,16126,CNGDSTCD,807,"CO, District 07",16,0.25
Frequencies,3494,16126,CNGDSTCD,901,"CT, District 01",19,0.3
Frequencies,3495,16126,CNGDSTCD,902,"CT, District 02",10,0.16
Frequencies,3496,16126,CNGDSTCD,903,"CT, District 03",20,0.31
Frequencies,3497,16126,CNGDSTCD,904,"CT, District 04",8,0.12
Frequencies,3498,16126,CNGDSTCD,905,"CT, District 05",14,0.22
Frequencies,3499,16126,CNGDSTCD,1000,"DE, District 00",19,0.3
Frequencies,3500,16126,CNGDSTCD,1198,"DC, District 98",25,0.39
Frequencies,3501,16126,CNGDSTCD,1201,"FL, District 01",11,0.17
Frequencies,3502,16126,CNGDSTCD,1202,"FL, District 02",8,0.12
Frequencies,3503,16126,CNGDSTCD,1203,"FL, District 03",16,0.25
Frequencies,3504,16126,CNGDSTCD,1204,"FL, District 04",12,0.19
Frequencies,3505,16126,CNGDSTCD,1205,"FL, District 05",20,0.31
Frequencies,3506,16126,CNGDSTCD,1206,"FL, District 06",11,0.17
Frequencies,3507,16126,CNGDSTCD,1207,"FL, District 07",24,0.37
Frequencies,3508,16126,CNGDSTCD,1208,"FL, District 08",6,0.09
Frequencies,3509,16126,CNGDSTCD,1209,"FL, District 09",9,0.14000000000000001
Frequencies,3510,16126,CNGDSTCD,1210,"FL, District 10",10,0.16
Frequencies,3511,16126,CNGDSTCD,1211,"FL, District 11",9,0.14000000000000001
Frequencies,3512,16126,CNGDSTCD,1212,"FL, District 12",5,0.08
Frequencies,3513,16126,CNGDSTCD,1213,"FL, District 13",15,0.23
Frequencies,3514,16126,CNGDSTCD,1214,"FL, District 14",16,0.25
Frequencies,3515,16126,CNGDSTCD,1215,"FL, District 15",14,0.22
Frequencies,3516,16126,CNGDSTCD,1216,"FL, District 16",10,0.16
Frequencies,3517,16126,CNGDSTCD,1217,"FL, District 17",3,0.05
Frequencies,3518,16126,CNGDSTCD,1218,"FL, District 18",8,0.12
Frequencies,3519,16126,CNGDSTCD,1219,"FL, District 19",15,0.23
Frequencies,3520,16126,CNGDSTCD,1220,"FL, District 20",17,0.26
Frequencies,3521,16126,CNGDSTCD,1221,"FL, District 21",10,0.16
Frequencies,3522,16126,CNGDSTCD,1222,"FL, District 22",17,0.26
Frequencies,3523,16126,CNGDSTCD,1223,"FL, District 23",13,0.2
Frequencies,3524,16126,CNGDSTCD,1224,"FL, District 24",15,0.23
Frequencies,3525,16126,CNGDSTCD,1225,"FL, District 25",27,0.42
Frequencies,3526,16126,CNGDSTCD,1226,"FL, District 26",10,0.16
Frequencies,3527,16126,CNGDSTCD,1227,"FL, District 27",25,0.39
Frequencies,3528,16126,CNGDSTCD,1301,"GA, District 01",10,0.16
Frequencies,3529,16126,CNGDSTCD,1302,"GA, District 02",13,0.2
Frequencies,3530,16126,CNGDSTCD,1303,"GA, District 03",6,0.09
Frequencies,3531,16126,CNGDSTCD,1304,"GA, District 04",7,0.11
Frequencies,3532,16126,CNGDSTCD,1305,"GA, District 05",29,0.45
Frequencies,3533,16126,CNGDSTCD,1306,"GA, District 06",14,0.22
Frequencies,3534,16126,CNGDSTCD,1307,"GA, District 07",13,0.2
Frequencies,3535,16126,CNGDSTCD,1308,"GA, District 08",8,0.12
Frequencies,3536,16126,CNGDSTCD,1309,"GA, District 09",11,0.17
Frequencies,3537,16126,CNGDSTCD,1310,"GA, District 10",6,0.09
Frequencies,3538,16126,CNGDSTCD,1311,"GA, District 11",7,0.11
Frequencies,3539,16126,CNGDSTCD,1312,"GA, District 12",12,0.19
Frequencies,3540,16126,CNGDSTCD,1313,"GA, District 13",4,0.06
Frequencies,3541,16126,CNGDSTCD,1314,"GA, District 14",8,0.12
Frequencies,3542,16126,CNGDSTCD,1501,"HI, District 01",16,0.25
Frequencies,3543,16126,CNGDSTCD,1502,"HI, District 02",8,0.12
Frequencies,3544,16126,CNGDSTCD,1601,"ID, District 01",20,0.31
Frequencies,3545,16126,CNGDSTCD,1602,"ID, District 02",20,0.31
Frequencies,3546,16126,CNGDSTCD,1701,"IL, District 01",19,0.3
Frequencies,3547,16126,CNGDSTCD,1702,"IL, District 02",13,0.2
Frequencies,3548,16126,CNGDSTCD,1703,"IL, District 03",10,0.16
Frequencies,3549,16126,CNGDSTCD,1704,"IL, District 04",8,0.12
Frequencies,3550,16126,CNGDSTCD,1705,"IL, District 05",13,0.2
Frequencies,3551,16126,CNGDSTCD,1706,"IL, District 06",16,0.25
Frequencies,3552,16126,CNGDSTCD,1707,"IL, District 07",35,0.54
Frequencies,3553,16126,CNGDSTCD,1708,"IL, District 08",10,0.16
Frequencies,3554,16126,CNGDSTCD,1709,"IL, District 09",14,0.22
Frequencies,3555,16126,CNGDSTCD,1710,"IL, District 10",13,0.2
Frequencies,3556,16126,CNGDSTCD,1711,"IL, District 11",6,0.09
Frequencies,3557,16126,CNGDSTCD,1712,"IL, District 12",10,0.16
Frequencies,3558,16126,CNGDSTCD,1713,"IL, District 13",21,0.33
Frequencies,3559,16126,CNGDSTCD,1714,"IL, District 14",4,0.06
Frequencies,3560,16126,CNGDSTCD,1715,"IL, District 15",13,0.2
Frequencies,3561,16126,CNGDSTCD,1716,"IL, District 16",14,0.22
Frequencies,3562,16126,CNGDSTCD,1717,"IL, District 17",15,0.23
Frequencies,3563,16126,CNGDSTCD,1718,"IL, District 18",22,0.34
Frequencies,3564,16126,CNGDSTCD,1801,"IN, District 01",12,0.19
Frequencies,3565,16126,CNGDSTCD,1802,"IN, District 02",12,0.19
Frequencies,3566,16126,CNGDSTCD,1803,"IN, District 03",13,0.2
Frequencies,3567,16126,CNGDSTCD,1804,"IN, District 04",10,0.16
Frequencies,3568,16126,CNGDSTCD,1805,"IN, District 05",18,0.28000000000000003
Frequencies,3569,16126,CNGDSTCD,1806,"IN, District 06",8,0.12
Frequencies,3570,16126,CNGDSTCD,1807,"IN, District 07",14,0.22
Frequencies,3571,16126,CNGDSTCD,1808,"IN, District 08",13,0.2
Frequencies,3572,16126,CNGDSTCD,1809,"IN, District 09",8,0.12
Frequencies,3573,16126,CNGDSTCD,1901,"IA, District 01",25,0.39
Frequencies,3574,16126,CNGDSTCD,1902,"IA, District 02",20,0.31
Frequencies,3575,16126,CNGDSTCD,1903,"IA, District 03",15,0.23
Frequencies,3576,16126,CNGDSTCD,1904,"IA, District 04",20,0.31
Frequencies,3577,16126,CNGDSTCD,2001,"KS, District 01",26,0.4
Frequencies,3578,16126,CNGDSTCD,2002,"KS, District 02",20,0.31
Frequencies,3579,16126,CNGDSTCD,2003,"KS, District 03",12,0.19
Frequencies,3580,16126,CNGDSTCD,2004,"KS, District 04",17,0.26
Frequencies,3581,16126,CNGDSTCD,2101,"KY, District 01",8,0.12
Frequencies,3582,16126,CNGDSTCD,2102,"KY, District 02",17,0.26
Frequencies,3583,16126,CNGDSTCD,2103,"KY, District 03",17,0.26
Frequencies,3584,16126,CNGDSTCD,2104,"KY, District 04",11,0.17
Frequencies,3585,16126,CNGDSTCD,2105,"KY, District 05",17,0.26
Frequencies,3586,16126,CNGDSTCD,2106,"KY, District 06",18,0.28000000000000003
Frequencies,3587,16126,CNGDSTCD,2201,"LA, District 01",21,0.33
Frequencies,3588,16126,CNGDSTCD,2202,"LA, District 02",20,0.31
Frequencies,3589,16126,CNGDSTCD,2203,"LA, District 03",17,0.26
Frequencies,3590,16126,CNGDSTCD,2204,"LA, District 04",18,0.28000000000000003
Frequencies,3591,16126,CNGDSTCD,2205,"LA, District 05",18,0.28000000000000003
Frequencies,3592,16126,CNGDSTCD,2206,"LA, District 06",21,0.33
Frequencies,3593,16126,CNGDSTCD,2301,"ME, District 01",19,0.3
Frequencies,3594,16126,CNGDSTCD,2302,"ME, District 02",18,0.28000000000000003
Frequencies,3595,16126,CNGDSTCD,2401,"MD, District 01",9,0.14000000000000001
Frequencies,3596,16126,CNGDSTCD,2402,"MD, District 02",10,0.16
Frequencies,3597,16126,CNGDSTCD,2403,"MD, District 03",14,0.22
Frequencies,3598,16126,CNGDSTCD,2404,"MD, District 04",9,0.14000000000000001
Frequencies,3599,16126,CNGDSTCD,2405,"MD, District 05",6,0.09
Frequencies,3600,16126,CNGDSTCD,2406,"MD, District 06",8,0.12
Frequencies,3601,16126,CNGDSTCD,2407,"MD, District 07",15,0.23
Frequencies,3602,16126,CNGDSTCD,2408,"MD, District 08",11,0.17
Frequencies,3603,16126,CNGDSTCD,2501,"MA, District 01",20,0.31
Frequencies,3604,16126,CNGDSTCD,2502,"MA, District 02",20,0.31
Frequencies,3605,16126,CNGDSTCD,2503,"MA, District 03",12,0.19
Frequencies,3606,16126,CNGDSTCD,2504,"MA, District 04",21,0.33
Frequencies,3607,16126,CNGDSTCD,2505,"MA, District 05",16,0.25
Frequencies,3608,16126,CNGDSTCD,2506,"MA, District 06",12,0.19
Frequencies,3609,16126,CNGDSTCD,2507,"MA, District 07",30,0.47
Frequencies,3610,16126,CNGDSTCD,2508,"MA, District 08",15,0.23
Frequencies,3611,16126,CNGDSTCD,2509,"MA, District 09",6,0.09
Frequencies,3612,16126,CNGDSTCD,2601,"MI, District 01",14,0.22
Frequencies,3613,16126,CNGDSTCD,2602,"MI, District 02",11,0.17
Frequencies,3614,16126,CNGDSTCD,2603,"MI, District 03",17,0.26
Frequencies,3615,16126,CNGDSTCD,2604,"MI, District 04",14,0.22
Frequencies,3616,16126,CNGDSTCD,2605,"MI, District 05",13,0.2
Frequencies,3617,16126,CNGDSTCD,2606,"MI, District 06",11,0.17
Frequencies,3618,16126,CNGDSTCD,2607,"MI, District 07",12,0.19
Frequencies,3619,16126,CNGDSTCD,2608,"MI, District 08",11,0.17
Frequencies,3620,16126,CNGDSTCD,2609,"MI, District 09",10,0.16
Frequencies,3621,16126,CNGDSTCD,2610,"MI, District 10",5,0.08
Frequencies,3622,16126,CNGDSTCD,2611,"MI, District 11",15,0.23
Frequencies,3623,16126,CNGDSTCD,2612,"MI, District 12",12,0.19
Frequencies,3624,16126,CNGDSTCD,2613,"MI, District 13",10,0.16
Frequencies,3625,16126,CNGDSTCD,2614,"MI, District 14",13,0.2
Frequencies,3626,16126,CNGDSTCD,2701,"MN, District 01",15,0.23
Frequencies,3627,16126,CNGDSTCD,2702,"MN, District 02",5,0.08
Frequencies,3628,16126,CNGDSTCD,2703,"MN, District 03",13,0.2
Frequencies,3629,16126,CNGDSTCD,2704,"MN, District 04",16,0.25
Frequencies,3630,16126,CNGDSTCD,2705,"MN, District 05",15,0.23
Frequencies,3631,16126,CNGDSTCD,2706,"MN, District 06",7,0.11
Frequencies,3632,16126,CNGDSTCD,2707,"MN, District 07",15,0.23
Frequencies,3633,16126,CNGDSTCD,2708,"MN, District 08",14,0.22
Frequencies,3634,16126,CNGDSTCD,2801,"MS, District 01",13,0.2
Frequencies,3635,16126,CNGDSTCD,2802,"MS, District 02",18,0.28000000000000003
Frequencies,3636,16126,CNGDSTCD,2803,"MS, District 03",13,0.2
Frequencies,3637,16126,CNGDSTCD,2804,"MS, District 04",12,0.19
Frequencies,3638,16126,CNGDSTCD,2901,"MO, District 01",20,0.31
Frequencies,3639,16126,CNGDSTCD,2902,"MO, District 02",16,0.25
Frequencies,3640,16126,CNGDSTCD,2903,"MO, District 03",13,0.2
Frequencies,3641,16126,CNGDSTCD,2904,"MO, District 04",23,0.36
Frequencies,3642,16126,CNGDSTCD,2905,"MO, District 05",23,0.36
Frequencies,3643,16126,CNGDSTCD,2906,"MO, District 06",15,0.23
Frequencies,3644,16126,CNGDSTCD,2907,"MO, District 07",26,0.4
Frequencies,3645,16126,CNGDSTCD,2908,"MO, District 08",14,0.22
Frequencies,3646,16126,CNGDSTCD,3000,"MT, District 00",31,0.48
Frequencies,3647,16126,CNGDSTCD,3101,"NE, District 01",18,0.28000000000000003
Frequencies,3648,16126,CNGDSTCD,3102,"NE, District 02",13,0.2
Frequencies,3649,16126,CNGDSTCD,3103,"NE, District 03",12,0.19
Frequencies,3650,16126,CNGDSTCD,3201,"NV, District 01",10,0.16
Frequencies,3651,16126,CNGDSTCD,3202,"NV, District 02",12,0.19
Frequencies,3652,16126,CNGDSTCD,3203,"NV, District 03",14,0.22
Frequencies,3653,16126,CNGDSTCD,3204,"NV, District 04",3,0.05
Frequencies,3654,16126,CNGDSTCD,3301,"NH, District 01",16,0.25
Frequencies,3655,16126,CNGDSTCD,3302,"NH, District 02",22,0.34
Frequencies,3656,16126,CNGDSTCD,3401,"NJ, District 01",16,0.25
Frequencies,3657,16126,CNGDSTCD,3402,"NJ, District 02",8,0.12
Frequencies,3658,16126,CNGDSTCD,3403,"NJ, District 03",8,0.12
Frequencies,3659,16126,CNGDSTCD,3404,"NJ, District 04",23,0.36
Frequencies,3660,16126,CNGDSTCD,3405,"NJ, District 05",15,0.23
Frequencies,3661,16126,CNGDSTCD,3406,"NJ, District 06",16,0.25
Frequencies,3662,16126,CNGDSTCD,3407,"NJ, District 07",9,0.14000000000000001
Frequencies,3663,16126,CNGDSTCD,3408,"NJ, District 08",6,0.09
Frequencies,3664,16126,CNGDSTCD,3409,"NJ, District 09",9,0.14000000000000001
Frequencies,3665,16126,CNGDSTCD,3410,"NJ, District 10",21,0.33
Frequencies,3666,16126,CNGDSTCD,3411,"NJ, District 11",18,0.28000000000000003
Frequencies,3667,16126,CNGDSTCD,3412,"NJ, District 12",16,0.25
Frequencies,3668,16126,CNGDSTCD,3501,"NM, District 01",14,0.22
Frequencies,3669,16126,CNGDSTCD,3502,"NM, District 02",16,0.25
Frequencies,3670,16126,CNGDSTCD,3503,"NM, District 03",19,0.3
Frequencies,3671,16126,CNGDSTCD,3601,"NY, District 01",5,0.08
Frequencies,3672,16126,CNGDSTCD,3602,"NY, District 02",10,0.16
Frequencies,3673,16126,CNGDSTCD,3603,"NY, District 03",11,0.17
Frequencies,3674,16126,CNGDSTCD,3604,"NY, District 04",10,0.16
Frequencies,3675,16126,CNGDSTCD,3605,"NY, District 05",7,0.11
Frequencies,3676,16126,CNGDSTCD,3606,"NY, District 06",12,0.19
Frequencies,3677,16126,CNGDSTCD,3607,"NY, District 07",9,0.14000000000000001
Frequencies,3678,16126,CNGDSTCD,3608,"NY, District 08",6,0.09
Frequencies,3679,16126,CNGDSTCD,3609,"NY, District 09",12,0.19
Frequencies,3680,16126,CNGDSTCD,3610,"NY, District 10",51,0.79
Frequencies,3681,16126,CNGDSTCD,3611,"NY, District 11",12,0.19
Frequencies,3682,16126,CNGDSTCD,3612,"NY, District 12",51,0.79
Frequencies,3683,16126,CNGDSTCD,3613,"NY, District 13",10,0.16
Frequencies,3684,16126,CNGDSTCD,3614,"NY, District 14",8,0.12
Frequencies,3685,16126,CNGDSTCD,3615,"NY, District 15",4,0.06
Frequencies,3686,16126,CNGDSTCD,3616,"NY, District 16",11,0.17
Frequencies,3687,16126,CNGDSTCD,3617,"NY, District 17",31,0.48
Frequencies,3688,16126,CNGDSTCD,3618,"NY, District 18",12,0.19
Frequencies,3689,16126,CNGDSTCD,3619,"NY, District 19",15,0.23
Frequencies,3690,16126,CNGDSTCD,3620,"NY, District 20",29,0.45
Frequencies,3691,16126,CNGDSTCD,3621,"NY, District 21",16,0.25
Frequencies,3692,16126,CNGDSTCD,3622,"NY, District 22",20,0.31
Frequencies,3693,16126,CNGDSTCD,3623,"NY, District 23",23,0.36
Frequencies,3694,16126,CNGDSTCD,3624,"NY, District 24",17,0.26
Frequencies,3695,16126,CNGDSTCD,3625,"NY, District 25",19,0.3
Frequencies,3696,16126,CNGDSTCD,3626,"NY, District 26",17,0.26
Frequencies,3697,16126,CNGDSTCD,3627,"NY, District 27",11,0.17
Frequencies,3698,16126,CNGDSTCD,3701,"NC, District 01",17,0.26
Frequencies,3699,16126,CNGDSTCD,3702,"NC, District 02",9,0.14000000000000001
Frequencies,3700,16126,CNGDSTCD,3703,"NC, District 03",11,0.17
Frequencies,3701,16126,CNGDSTCD,3704,"NC, District 04",15,0.23
Frequencies,3702,16126,CNGDSTCD,3705,"NC, District 05",15,0.23
Frequencies,3703,16126,CNGDSTCD,3706,"NC, District 06",8,0.12
Frequencies,3704,16126,CNGDSTCD,3707,"NC, District 07",11,0.17
Frequencies,3705,16126,CNGDSTCD,3708,"NC, District 08",13,0.2
Frequencies,3706,16126,CNGDSTCD,3709,"NC, District 09",9,0.14000000000000001
Frequencies,3707,16126,CNGDSTCD,3710,"NC, District 10",14,0.22
Frequencies,3708,16126,CNGDSTCD,3711,"NC, District 11",11,0.17
Frequencies,3709,16126,CNGDSTCD,3712,"NC, District 12",16,0.25
Frequencies,3710,16126,CNGDSTCD,3713,"NC, District 13",18,0.28000000000000003
Frequencies,3711,16126,CNGDSTCD,3800,"ND, District 00",27,0.42
Frequencies,3712,16126,CNGDSTCD,3901,"OH, District 01",19,0.3
Frequencies,3713,16126,CNGDSTCD,3902,"OH, District 02",14,0.22
Frequencies,3714,16126,CNGDSTCD,3903,"OH, District 03",23,0.36
Frequencies,3715,16126,CNGDSTCD,3904,"OH, District 04",21,0.33
Frequencies,3716,16126,CNGDSTCD,3905,"OH, District 05",19,0.3
Frequencies,3717,16126,CNGDSTCD,3906,"OH, District 06",24,0.37
Frequencies,3718,16126,CNGDSTCD,3907,"OH, District 07",16,0.25
Frequencies,3719,16126,CNGDSTCD,3908,"OH, District 08",12,0.19
Frequencies,3720,16126,CNGDSTCD,3909,"OH, District 09",15,0.23
Frequencies,3721,16126,CNGDSTCD,3910,"OH, District 10",27,0.42
Frequencies,3722,16126,CNGDSTCD,3911,"OH, District 11",12,0.19
Frequencies,3723,16126,CNGDSTCD,3912,"OH, District 12",18,0.28000000000000003
Frequencies,3724,16126,CNGDSTCD,3913,"OH, District 13",20,0.31
Frequencies,3725,16126,CNGDSTCD,3914,"OH, District 14",19,0.3
Frequencies,3726,16126,CNGDSTCD,3915,"OH, District 15",8,0.12
Frequencies,3727,16126,CNGDSTCD,3916,"OH, District 16",16,0.25
Frequencies,3728,16126,CNGDSTCD,4001,"OK, District 01",17,0.26
Frequencies,3729,16126,CNGDSTCD,4002,"OK, District 02",26,0.4
Frequencies,3730,16126,CNGDSTCD,4003,"OK, District 03",23,0.36
Frequencies,3731,16126,CNGDSTCD,4004,"OK, District 04",18,0.28000000000000003
Frequencies,3732,16126,CNGDSTCD,4005,"OK, District 05",20,0.31
Frequencies,3733,16126,CNGDSTCD,4101,"OR, District 01",15,0.23
Frequencies,3734,16126,CNGDSTCD,4102,"OR, District 02",18,0.28000000000000003
Frequencies,3735,16126,CNGDSTCD,4103,"OR, District 03",22,0.34
Frequencies,3736,16126,CNGDSTCD,4104,"OR, District 04",10,0.16
Frequencies,3737,16126,CNGDSTCD,4105,"OR, District 05",15,0.23
Frequencies,3738,16126,CNGDSTCD,4201,"PA, District 01",9,0.14000000000000001
Frequencies,3739,16126,CNGDSTCD,4202,"PA, District 02",8,0.12
Frequencies,3740,16126,CNGDSTCD,4203,"PA, District 03",26,0.4
Frequencies,3741,16126,CNGDSTCD,4204,"PA, District 04",23,0.36
Frequencies,3742,16126,CNGDSTCD,4205,"PA, District 05",23,0.36
Frequencies,3743,16126,CNGDSTCD,4206,"PA, District 06",16,0.25
Frequencies,3744,16126,CNGDSTCD,4207,"PA, District 07",22,0.34
Frequencies,3745,16126,CNGDSTCD,4208,"PA, District 08",21,0.33
Frequencies,3746,16126,CNGDSTCD,4209,"PA, District 09",14,0.22
Frequencies,3747,16126,CNGDSTCD,4210,"PA, District 10",16,0.25
Frequencies,3748,16126,CNGDSTCD,4211,"PA, District 11",13,0.2
Frequencies,3749,16126,CNGDSTCD,4212,"PA, District 12",20,0.31
Frequencies,3750,16126,CNGDSTCD,4213,"PA, District 13",18,0.28000000000000003
Frequencies,3751,16126,CNGDSTCD,4214,"PA, District 14",20,0.31
Frequencies,3752,16126,CNGDSTCD,4215,"PA, District 15",18,0.28000000000000003
Frequencies,3753,16126,CNGDSTCD,4216,"PA, District 16",28,0.43
Frequencies,3754,16126,CNGDSTCD,4217,"PA, District 17",17,0.26
Frequencies,3755,16126,CNGDSTCD,4218,"PA, District 18",26,0.4
Frequencies,3756,16126,CNGDSTCD,4401,"RI, District 01",12,0.19
Frequencies,3757,16126,CNGDSTCD,4402,"RI, District 02",10,0.16
Frequencies,3758,16126,CNGDSTCD,4501,"SC, District 01",10,0.16
Frequencies,3759,16126,CNGDSTCD,4502,"SC, District 02",7,0.11
Frequencies,3760,16126,CNGDSTCD,4503,"SC, District 03",12,0.19
Frequencies,3761,16126,CNGDSTCD,4504,"SC, District 04",16,0.25
Frequencies,3762,16126,CNGDSTCD,4505,"SC, District 05",11,0.17
Frequencies,3763,16126,CNGDSTCD,4506,"SC, District 06",30,0.47
Frequencies,3764,16126,CNGDSTCD,4507,"SC, District 07",10,0.16
Frequencies,3765,16126,CNGDSTCD,4600,"SD, District 00",29,0.45
Frequencies,3766,16126,CNGDSTCD,4701,"TN, District 01",10,0.16
Frequencies,3767,16126,CNGDSTCD,4702,"TN, District 02",14,0.22
Frequencies,3768,16126,CNGDSTCD,4703,"TN, District 03",13,0.2
Frequencies,3769,16126,CNGDSTCD,4704,"TN, District 04",17,0.26
Frequencies,3770,16126,CNGDSTCD,4705,"TN, District 05",29,0.45
Frequencies,3771,16126,CNGDSTCD,4706,"TN, District 06",15,0.23
Frequencies,3772,16126,CNGDSTCD,4707,"TN, District 07",17,0.26
Frequencies,3773,16126,CNGDSTCD,4708,"TN, District 08",18,0.28000000000000003
Frequencies,3774,16126,CNGDSTCD,4709,"TN, District 09",21,0.33
Frequencies,3775,16126,CNGDSTCD,4801,"TX, District 01",14,0.22
Frequencies,3776,16126,CNGDSTCD,4802,"TX, District 02",8,0.12
Frequencies,3777,16126,CNGDSTCD,4803,"TX, District 03",3,0.05
Frequencies,3778,16126,CNGDSTCD,4804,"TX, District 04",11,0.17
Frequencies,3779,16126,CNGDSTCD,4805,"TX, District 05",8,0.12
Frequencies,3780,16126,CNGDSTCD,4806,"TX, District 06",12,0.19
Frequencies,3781,16126,CNGDSTCD,4807,"TX, District 07",10,0.16
Frequencies,3782,16126,CNGDSTCD,4808,"TX, District 08",4,0.06
Frequencies,3783,16126,CNGDSTCD,4809,"TX, District 09",21,0.33
Frequencies,3784,16126,CNGDSTCD,4810,"TX, District 10",16,0.25
Frequencies,3785,16126,CNGDSTCD,4811,"TX, District 11",8,0.12
Frequencies,3786,16126,CNGDSTCD,4812,"TX, District 12",10,0.16
Frequencies,3787,16126,CNGDSTCD,4813,"TX, District 13",12,0.19
Frequencies,3788,16126,CNGDSTCD,4814,"TX, District 14",11,0.17
Frequencies,3789,16126,CNGDSTCD,4815,"TX, District 15",14,0.22
Frequencies,3790,16126,CNGDSTCD,4816,"TX, District 16",11,0.17
Frequencies,3791,16126,CNGDSTCD,4817,"TX, District 17",9,0.14000000000000001
Frequencies,3792,16126,CNGDSTCD,4818,"TX, District 18",18,0.28000000000000003
Frequencies,3793,16126,CNGDSTCD,4819,"TX, District 19",17,0.26
Frequencies,3794,16126,CNGDSTCD,4820,"TX, District 20",24,0.37
Frequencies,3795,16126,CNGDSTCD,4821,"TX, District 21",17,0.26
Frequencies,3796,16126,CNGDSTCD,4822,"TX, District 22",6,0.09
Frequencies,3797,16126,CNGDSTCD,4823,"TX, District 23",9,0.14000000000000001
Frequencies,3798,16126,CNGDSTCD,4824,"TX, District 24",17,0.26
Frequencies,3799,16126,CNGDSTCD,4825,"TX, District 25",9,0.14000000000000001
Frequencies,3800,16126,CNGDSTCD,4826,"TX, District 26",4,0.06
Frequencies,3801,16126,CNGDSTCD,4827,"TX, District 27",11,0.17
Frequencies,3802,16126,CNGDSTCD,4828,"TX, District 28",8,0.12
Frequencies,3803,16126,CNGDSTCD,4829,"TX, District 29",6,0.09
Frequencies,3804,16126,CNGDSTCD,4830,"TX, District 30",17,0.26
Frequencies,3805,16126,CNGDSTCD,4831,"TX, District 31",12,0.19
Frequencies,3806,16126,CNGDSTCD,4832,"TX, District 32",19,0.3
Frequencies,3807,16126,CNGDSTCD,4833,"TX, District 33",11,0.17
Frequencies,3808,16126,CNGDSTCD,4834,"TX, District 34",11,0.17
Frequencies,3809,16126,CNGDSTCD,4835,"TX, District 35",11,0.17
Frequencies,3810,16126,CNGDSTCD,4836,"TX, District 36",7,0.11
Frequencies,3811,16126,CNGDSTCD,4901,"UT, District 01",13,0.2
Frequencies,3812,16126,CNGDSTCD,4902,"UT, District 02",18,0.28000000000000003
Frequencies,3813,16126,CNGDSTCD,4903,"UT, District 03",19,0.3
Frequencies,3814,16126,CNGDSTCD,4904,"UT, District 04",19,0.3
Frequencies,3815,16126,CNGDSTCD,5000,"VT, District 00",22,0.34
Frequencies,3816,16126,CNGDSTCD,5101,"VA, District 01",6,0.09
Frequencies,3817,16126,CNGDSTCD,5102,"VA, District 02",20,0.31
Frequencies,3818,16126,CNGDSTCD,5103,"VA, District 03",21,0.33
Frequencies,3819,16126,CNGDSTCD,5104,"VA, District 04",10,0.16
Frequencies,3820,16126,CNGDSTCD,5105,"VA, District 05",10,0.16
Frequencies,3821,16126,CNGDSTCD,5106,"VA, District 06",21,0.33
Frequencies,3822,16126,CNGDSTCD,5107,"VA, District 07",12,0.19
Frequencies,3823,16126,CNGDSTCD,5108,"VA, District 08",10,0.16
Frequencies,3824,16126,CNGDSTCD,5109,"VA, District 09",18,0.28000000000000003
Frequencies,3825,16126,CNGDSTCD,5110,"VA, District 10",5,0.08
Frequencies,3826,16126,CNGDSTCD,5111,"VA, District 11",13,0.2
Frequencies,3827,16126,CNGDSTCD,5301,"WA, District 01",9,0.14000000000000001
Frequencies,3828,16126,CNGDSTCD,5302,"WA, District 02",9,0.14000000000000001
Frequencies,3829,16126,CNGDSTCD,5303,"WA, District 03",8,0.12
Frequencies,3830,16126,CNGDSTCD,5304,"WA, District 04",10,0.16
Frequencies,3831,16126,CNGDSTCD,5305,"WA, District 05",19,0.3
Frequencies,3832,16126,CNGDSTCD,5306,"WA, District 06",12,0.19
Frequencies,3833,16126,CNGDSTCD,5307,"WA, District 07",18,0.28000000000000003
Frequencies,3834,16126,CNGDSTCD,5308,"WA, District 08",3,0.05
Frequencies,3835,16126,CNGDSTCD,5309,"WA, District 09",7,0.11
Frequencies,3836,16126,CNGDSTCD,5310,"WA, District 10",8,0.12
Frequencies,3837,16126,CNGDSTCD,5401,"WV, District 01",28,0.43
Frequencies,3838,16126,CNGDSTCD,5402,"WV, District 02",27,0.42
Frequencies,3839,16126,CNGDSTCD,5403,"WV, District 03",18,0.28000000000000003
Frequencies,3840,16126,CNGDSTCD,5501,"WI, District 01",11,0.17
Frequencies,3841,16126,CNGDSTCD,5502,"WI, District 02",13,0.2
Frequencies,3842,16126,CNGDSTCD,5503,"WI, District 03",13,0.2
Frequencies,3843,16126,CNGDSTCD,5504,"WI, District 04",14,0.22
Frequencies,3844,16126,CNGDSTCD,5505,"WI, District 05",12,0.19
Frequencies,3845,16126,CNGDSTCD,5506,"WI, District 06",10,0.16
Frequencies,3846,16126,CNGDSTCD,5507,"WI, District 07",7,0.11
Frequencies,3847,16126,CNGDSTCD,5508,"WI, District 08",12,0.19
Frequencies,3848,16126,CNGDSTCD,5600,"WY, District 00",10,0.16
Frequencies,3849,16126,CNGDSTCD,6098,"AS, District 98",1,0.02
Frequencies,3850,16126,CNGDSTCD,6698,"GU, District 98",3,0.05
Frequencies,3851,16126,CNGDSTCD,6998,"MP, District 98",1,0.02
Frequencies,3852,16126,CNGDSTCD,7298,"PR, District 98",155,2.41
Frequencies,3853,16126,CNGDSTCD,7898,"VI, District 98",1,0.02
Frequencies,3854,16126,CNGDSTCD,-2,Not applicable,3,0.05
Frequencies,3855,15230,DFRCGID,93,"Doctoral Universities: Highest Research Activity, public/1 of 3",31,0.48
Frequencies,3856,15230,DFRCGID,94,"Doctoral Universities: Highest Research Activity, public/2 of 3",32,0.5
Frequencies,3857,15230,DFRCGID,95,"Doctoral Universities: Highest Research Activity, public/3 of 3",31,0.48
Frequencies,3858,15230,DFRCGID,96,"Doctoral Universities: Highest Research Activity, private not-for-profit",37,0.56999999999999995
Frequencies,3859,15230,DFRCGID,97,"Doctoral Universities: Higher Research Activity, public/1 of 3",29,0.45
Frequencies,3860,15230,DFRCGID,98,"Doctoral Universities: Higher Research Activity, public/2 of 3",30,0.47
Frequencies,3861,15230,DFRCGID,99,"Doctoral Universities: Higher Research Activity, public/3 of 3",29,0.45
Frequencies,3862,15230,DFRCGID,100,"Doctoral Universities: Higher Research Activity, private not-for-profit",42,0.65
Frequencies,3863,15230,DFRCGID,101,"Doctoral/Professional Universities, public",29,0.45
Frequencies,3864,15230,DFRCGID,102,"Doctoral/Professional Universities, private not-for-profit/1 of 3",33,0.51
Frequencies,3865,15230,DFRCGID,103,"Doctoral/Professional Universities, private not-for-profit/2 of 3",34,0.53
Frequencies,3866,15230,DFRCGID,104,"Doctoral/Professional Universities, private not-for-profit/3 of 3",34,0.53
Frequencies,3867,15230,DFRCGID,105,"Doctoral/Professional Universities, private for-profit",8,0.12
Frequencies,3868,15230,DFRCGID,106,"Masters Colleges and Universities (larger programs), public/1 of 5",30,0.47
Frequencies,3869,15230,DFRCGID,107,"Masters Colleges and Universities (larger programs), public/2 of 5",31,0.48
Frequencies,3870,15230,DFRCGID,108,"Masters Colleges and Universities (larger programs), public/3 of 5",31,0.48
Frequencies,3871,15230,DFRCGID,109,"Masters Colleges and Universities (larger programs), public/4 of 5",31,0.48
Frequencies,3872,15230,DFRCGID,110,"Masters Colleges and Universities (larger programs), public/5 of 5",31,0.48
Frequencies,3873,15230,DFRCGID,111,"Masters Colleges and Universities (larger programs), private not-for-profit/1 of 5",32,0.5
Frequencies,3874,15230,DFRCGID,112,"Masters Colleges and Universities (larger programs), private not-for-profit/2 of 5",33,0.51
Frequencies,3875,15230,DFRCGID,113,"Masters Colleges and Universities (larger programs), private not-for-profit/3 of 5",33,0.51
Frequencies,3876,15230,DFRCGID,114,"Masters Colleges and Universities (larger programs), private not-for-profit/4 of 5",33,0.51
Frequencies,3877,15230,DFRCGID,115,"Masters Colleges and Universities (larger programs), private not-for-profit/5 of 5",31,0.48
Frequencies,3878,15230,DFRCGID,116,"Masters Colleges and Universities (larger programs), private for-profit",19,0.3
Frequencies,3879,15230,DFRCGID,117,"Masters Colleges and Universities (medium programs), public/1 of 2",27,0.42
Frequencies,3880,15230,DFRCGID,118,"Masters Colleges and Universities (medium programs), public/2 of 2",28,0.43
Frequencies,3881,15230,DFRCGID,119,"Masters Colleges and Universities (medium programs), private not-for-profit/1 of 4",29,0.45
Frequencies,3882,15230,DFRCGID,120,"Masters Colleges and Universities (medium programs), private not-for-profit/2 of 4",30,0.47
Frequencies,3883,15230,DFRCGID,121,"Masters Colleges and Universities (medium programs), private not-for-profit/3 of 4",30,0.47
Frequencies,3884,15230,DFRCGID,122,"Masters Colleges and Universities (medium programs), private not-for-profit/4 of 4",29,0.45
Frequencies,3885,15230,DFRCGID,123,"Masters Colleges and Universities (medium programs), private for-profit",10,0.16
Frequencies,3886,15230,DFRCGID,124,"Masters Colleges and Universities (smaller programs), public",33,0.51
Frequencies,3887,15230,DFRCGID,125,"Masters Colleges and Universities (smaller programs), private not-for-profit/1 of 2",38,0.59
Frequencies,3888,15230,DFRCGID,126,"Masters Colleges and Universities (smaller programs), private not-for-profit/2 of 2",38,0.59
Frequencies,3889,15230,DFRCGID,127,"Masters Colleges and Universities (smaller programs), private for-profit",8,0.12
Frequencies,3890,15230,DFRCGID,128,"Baccalaureate Colleges--Arts & Sciences, public",22,0.34
Frequencies,3891,15230,DFRCGID,129,"Baccalaureate Colleges--Arts & Sciences, private not-for-profit/1 of 6",33,0.51
Frequencies,3892,15230,DFRCGID,130,"Baccalaureate Colleges--Arts & Sciences, private not-for-profit/2 of 6",34,0.53
Frequencies,3893,15230,DFRCGID,131,"Baccalaureate Colleges--Arts & Sciences, private not-for-profit/3 of 6",34,0.53
Frequencies,3894,15230,DFRCGID,132,"Baccalaureate Colleges--Arts & Sciences, private not-for-profit/4 of 6",34,0.53
Frequencies,3895,15230,DFRCGID,133,"Baccalaureate Colleges--Arts & Sciences, private not-for-profit/5 of 6",34,0.53
Frequencies,3896,15230,DFRCGID,134,"Baccalaureate Colleges--Arts & Sciences, private not-for-profit/6 of 6",31,0.48
Frequencies,3897,15230,DFRCGID,135,"Baccalaureate Colleges--Diverse Fields, public/1 of 2",27,0.42
Frequencies,3898,15230,DFRCGID,136,"Baccalaureate Colleges--Diverse Fields, public/2 of 2",27,0.42
Frequencies,3899,15230,DFRCGID,137,"Baccalaureate Colleges--Diverse Fields, private not-for-profit/1 of 6",29,0.45
Frequencies,3900,15230,DFRCGID,138,"Baccalaureate Colleges--Diverse Fields, private not-for-profit/2 of 6",30,0.47
Frequencies,3901,15230,DFRCGID,139,"Baccalaureate Colleges--Diverse Fields, private not-for-profit/3 of 6",30,0.47
Frequencies,3902,15230,DFRCGID,140,"Baccalaureate Colleges--Diverse Fields, private not-for-profit/4 of 6",30,0.47
Frequencies,3903,15230,DFRCGID,141,"Baccalaureate Colleges--Diverse Fields, private not-for-profit/5 of 6",30,0.47
Frequencies,3904,15230,DFRCGID,142,"Baccalaureate Colleges--Diverse Fields, private not-for-profit/6 of 6",26,0.4
Frequencies,3905,15230,DFRCGID,143,"Baccalaureate/Associates Colleges, private not-for-profit",6,0.09
Frequencies,3906,15230,DFRCGID,144,"Theological seminaries/Bible colleges/faith-related institutions, highest level-bachelor's degree/1 of 2",37,0.56999999999999995
Frequencies,3907,15230,DFRCGID,145,"Theological seminaries/Bible colleges/faith-related institutions, highest level-bachelor's degree/2 of 2",38,0.59
Frequencies,3908,15230,DFRCGID,146,"Theological seminaries/Bible colleges/faith-related institutions, highest level-postbaccalaureate, undergraduate degrees/certificates offered",46,0.71
Frequencies,3909,15230,DFRCGID,147,"Theological seminaries/Bible colleges/faith-related institutions, highest level-postbaccalaureate, undergraduate degrees/certificates not offered",25,0.39
Frequencies,3910,15230,DFRCGID,148,"Theological seminaries/Bible colleges/faith-related institutions, highest level-doctor's, undergraduate degrees /certificates offered",43,0.67
Frequencies,3911,15230,DFRCGID,149,"Theological seminaries/Bible colleges/faith-related institutions, highest level-doctor's, undergraduate degrees /certificates not offered/1 of 2",36,0.56000000000000005
Frequencies,3912,15230,DFRCGID,150,"Theological seminaries/Bible colleges/faith-related institutions, highest level-doctor's, undergraduate degrees /certificates not offered/2 of 2",36,0.56000000000000005
Frequencies,3913,15230,DFRCGID,152,"Medical schools and medical centers, public",23,0.36
Frequencies,3914,15230,DFRCGID,153,"Medical schools and medical centers, private not-for-profit",28,0.43
Frequencies,3915,15230,DFRCGID,154,"Other health professions schools, public",4,0.06
Frequencies,3916,15230,DFRCGID,155,"Other health professions schools, private not-for-profit/1 of 3",33,0.51
Frequencies,3917,15230,DFRCGID,156,"Other health professions schools, private not-for-profit/2 of 3",34,0.53
Frequencies,3918,15230,DFRCGID,157,"Other health professions schools, private not-for-profit/3 of 3",34,0.53
Frequencies,3919,15230,DFRCGID,159,"Other health professions schools, private for-profit/1 of 2",29,0.45
Frequencies,3920,15230,DFRCGID,160,"Other health professions schools, private for-profit/2 of 2",29,0.45
Frequencies,3921,15230,DFRCGID,162,Schools of engineering,5,0.08
Frequencies,3922,15230,DFRCGID,164,Other technology-related schools,6,0.09
Frequencies,3923,15230,DFRCGID,165,"Schools of business and management, private not-for-profit",19,0.3
Frequencies,3924,15230,DFRCGID,167,"Schools of business and management, private for-profit",36,0.56000000000000005
Frequencies,3925,15230,DFRCGID,169,"Schools of art, music, and design, private for-profit",20,0.31
Frequencies,3926,15230,DFRCGID,170,"Schools of art, music, and design, Public or private not-for-profit",26,0.4
Frequencies,3927,15230,DFRCGID,171,"Schools of art, music, and design, Public or private not-for-profit",27,0.42
Frequencies,3928,15230,DFRCGID,172,Schools of law,28,0.43
Frequencies,3929,15230,DFRCGID,174,Other special-focus four year institutions,30,0.47
Frequencies,3930,15230,DFRCGID,201,"Baccalaureate Colleges--Diverse Fields, private for-profit",14,0.22
Frequencies,3931,15230,DFRCGID,202,"Degree-granting four-year, private for-profit with no Carnegie classification highest degree - Bachelor's",13,0.2
Frequencies,3932,15230,DFRCGID,203,"Degree-granting four-year, private not-for-profit with no Carnegie classification highest degree - Bachelor's",19,0.3
Frequencies,3933,15230,DFRCGID,204,"Degree-granting four-year, private not-for-profit with no Carnegie classification highest degree - Master's",6,0.09
Frequencies,3934,15230,DFRCGID,61,"Degree-granting four-year, highest degree - Bachelor's, public",10,0.16
Frequencies,3935,15230,DFRCGID,200,"Degree-granting four-year with no Carnegie classification, highest degree-Doctor's or Master's, private for-profit",8,0.12
Frequencies,3936,15230,DFRCGID,151,"Degree-granting four-year primarily associate's, Theological seminaries/Bible college/faith-related institutions",16,0.25
Frequencies,3937,15230,DFRCGID,158,"Degree-granting four-year primarily associate's, Health professions schools, private for-profit",39,0.61
Frequencies,3938,15230,DFRCGID,161,"Degree-granting four-year primarily associate's, Health professions schools, public or private not-for-profit",28,0.43
Frequencies,3939,15230,DFRCGID,163,"Degree-granting four-year primarily associate's, Technology-related schools",6,0.09
Frequencies,3940,15230,DFRCGID,166,"Degree-granting four-year primarily associate's, Schools of business and management, private for-profit",9,0.14000000000000001
Frequencies,3941,15230,DFRCGID,168,"Degree-granting four-year primarily associate's, Schools of art, music, and design, private for-profit",10,0.16
Frequencies,3942,15230,DFRCGID,173,"Degree-granting four-year primarily associate's, Other special-focus institutions",13,0.2
Frequencies,3943,15230,DFRCGID,189,"Degree-granting four-year, primarily associate's, Associate's Dominant, public/1 of 4",29,0.45
Frequencies,3944,15230,DFRCGID,190,"Degree-granting four-year, primarily associate's, Associate's Dominant, public/2 of 4",30,0.47
Frequencies,3945,15230,DFRCGID,191,"Degree-granting four-year, primarily associate's, Associate's Dominant, public/3 of 4",30,0.47
Frequencies,3946,15230,DFRCGID,192,"Degree-granting four-year, primarily associate's, Associate's Dominant, public/4 of 4",27,0.42
Frequencies,3947,15230,DFRCGID,193,"Degree-granting four-year, primarily associate's, Associate's Dominant, private not-for-profit",7,0.11
Frequencies,3948,15230,DFRCGID,194,"Degree-granting four-year, primarily associate's, Associate's Dominant, private for-profit",9,0.14000000000000001
Frequencies,3949,15230,DFRCGID,195,"Degree-granting four-year, primarily associate's,  Mixed Baccalaureate/Associate's, public",40,0.62
Frequencies,3950,15230,DFRCGID,196,"Degree-granting four-year, primarily associate's,  Mixed Baccalaureate/Associate's, private not-for-profit",26,0.4
Frequencies,3951,15230,DFRCGID,197,"Degree-granting four-year, primarily associate's,  Mixed Baccalaureate/Associate's, private for-profit",39,0.61
Frequencies,3952,15230,DFRCGID,198,"Degree-granting four year, primarilty associate's, with no Carnegie classifcation, private not-for-profit",12,0.19
Frequencies,3953,15230,DFRCGID,199,"Degree-granting four year, primarilty associate's, with no Carnegie classifcation, private for-profit",9,0.14000000000000001
Frequencies,3954,15230,DFRCGID,62,"Associate's Colleges: High Transfer-High Traditional, public/1 of 4",27,0.42
Frequencies,3955,15230,DFRCGID,63,"Associate's Colleges: High Transfer-High Traditional, public/2 of 4",28,0.43
Frequencies,3956,15230,DFRCGID,64,"Associate's Colleges: High Transfer-High Traditional, public/3 of 4",28,0.43
Frequencies,3957,15230,DFRCGID,65,"Associate's Colleges: High Transfer-High Traditional, public/4 of 4",27,0.42
Frequencies,3958,15230,DFRCGID,66,"Associate's Colleges: High Transfer-Mixed Traditional/Nontraditional, public/1 of 4",27,0.42
Frequencies,3959,15230,DFRCGID,67,"Associate's Colleges: High Transfer-Mixed Traditional/Nontraditional, public/2 of 4",28,0.43
Frequencies,3960,15230,DFRCGID,68,"Associate's Colleges: High Transfer-Mixed Traditional/Nontraditional, public/3 of 4",28,0.43
Frequencies,3961,15230,DFRCGID,69,"Associate's Colleges: High Transfer-Mixed Traditional/Nontraditional, public/4 of 4",27,0.42
Frequencies,3962,15230,DFRCGID,70,"Associate's Colleges: High Transfer-High Nontraditional, public/1 of 2",37,0.56999999999999995
Frequencies,3963,15230,DFRCGID,71,"Associate's Colleges: High Transfer-High Nontraditional, public/2 of 2",38,0.59
Frequencies,3964,15230,DFRCGID,72,"Associate's Colleges: Mixed Transfer/Career & Technical-High Traditional, public/1 of 4",28,0.43
Frequencies,3965,15230,DFRCGID,73,"Associate's Colleges: Mixed Transfer/Career & Technical-High Traditional, public/2 of 4",29,0.45
Frequencies,3966,15230,DFRCGID,74,"Associate's Colleges: Mixed Transfer/Career & Technical-High Traditional, public/3 of 4",29,0.45
Frequencies,3967,15230,DFRCGID,75,"Associate's Colleges: Mixed Transfer/Career & Technical-High Traditional, public/4 of 4",28,0.43
Frequencies,3968,15230,DFRCGID,76,"Associate's Colleges: Mixed Transfer/Career & Technical-Mixed Traditional/Nontraditional, public/1 of 3",32,0.5
Frequencies,3969,15230,DFRCGID,77,"Associate's Colleges: Mixed Transfer/Career & Technical-Mixed Traditional/Nontraditional, public/2 of 3",33,0.51
Frequencies,3970,15230,DFRCGID,78,"Associate's Colleges: Mixed Transfer/Career & Technical-Mixed Traditional/Nontraditional, public/3 of 3",33,0.51
Frequencies,3971,15230,DFRCGID,79,"Associate's Colleges: Mixed Transfer/Career & Technical-High Nontraditional, public/1 of 3",34,0.53
Frequencies,3972,15230,DFRCGID,80,"Associate's Colleges: Mixed Transfer/Career & Technical-High Nontraditional, public/2 of 3",35,0.54
Frequencies,3973,15230,DFRCGID,81,"Associate's Colleges: Mixed Transfer/Career & Technical-High Nontraditional, public/3 of 3",33,0.51
Frequencies,3974,15230,DFRCGID,82,"Associate's Colleges: High Career & Technical-High Traditional, public/1 of 2",30,0.47
Frequencies,3975,15230,DFRCGID,83,"Associate's Colleges: High Career & Technical-High Traditional, public/2 of 2",30,0.47
Frequencies,3976,15230,DFRCGID,84,"Associate's Colleges: High Career & Technical-High Traditional, private for-profit",36,0.56000000000000005
Frequencies,3977,15230,DFRCGID,85,"Associate's Colleges: High Career & Technical-Mixed Traditional/Nontraditional, public/1 of 2",34,0.53
Frequencies,3978,15230,DFRCGID,86,"Associate's Colleges: High Career & Technical-Mixed Traditional/Nontraditional, public/2 of 2",35,0.54
Frequencies,3979,15230,DFRCGID,87,"Associate's Colleges: High Career & Technical-Mixed Traditional/Nontraditional, private for-profit",16,0.25
Frequencies,3980,15230,DFRCGID,88,"Associate's Colleges: High Career & Technical-High Nontraditional, public/1 of 2",34,0.53
Frequencies,3981,15230,DFRCGID,89,"Associate's Colleges: High Career & Technical-High Nontraditional, public/2 of 2",35,0.54
Frequencies,3982,15230,DFRCGID,90,"Associate's Colleges: High Career & Technical-High Nontraditional, private for-profit",7,0.11
Frequencies,3983,15230,DFRCGID,91,"Associate colleges: High/Mixed Transfer, private not-for-profit",9,0.14000000000000001
Frequencies,3984,15230,DFRCGID,92,"Associate colleges: High Career & Technical, private not-for-profit",9,0.14000000000000001
Frequencies,3985,15230,DFRCGID,176,"Special Focus Two Year: any program, public",9,0.14000000000000001
Frequencies,3986,15230,DFRCGID,177,"Special Focus Two Year: Health, private not-for-profit",19,0.3
Frequencies,3987,15230,DFRCGID,178,"Special Focus Two Year: Health, private for-profit/1 of 5",30,0.47
Frequencies,3988,15230,DFRCGID,179,"Special Focus Two Year: Health, private for-profit/2 of 5",31,0.48
Frequencies,3989,15230,DFRCGID,180,"Special Focus Two Year: Health, private for-profit/3 of 5",31,0.48
Frequencies,3990,15230,DFRCGID,181,"Special Focus Two Year: Health, private for-profit/4 of 5",31,0.48
Frequencies,3991,15230,DFRCGID,182,"Special Focus Two Year: Health, private for-profit/5 of 5",31,0.48
Frequencies,3992,15230,DFRCGID,183,"Special Focus Two Year: Technical, private not-for-profit",8,0.12
Frequencies,3993,15230,DFRCGID,184,"Special Focus Two Year: Technical, private for-profit",40,0.62
Frequencies,3994,15230,DFRCGID,185,"Special Focus Two Year: Art & Design, private not-for-profit",10,0.16
Frequencies,3995,15230,DFRCGID,186,"Special Focus Two Year: Art & Design, private for-profit",14,0.22
Frequencies,3996,15230,DFRCGID,220,"Other Associate's Colleges, public",5,0.08
Frequencies,3997,15230,DFRCGID,187,"Special Focus Two Year: Other, private not-for-profit",11,0.17
Frequencies,3998,15230,DFRCGID,221,"Other Associate's Colleges, private not-for-profit",17,0.26
Frequencies,3999,15230,DFRCGID,188,"Special Focus Two Year: Other, private for-profit",14,0.22
Frequencies,4000,15230,DFRCGID,222,"Other Associate's Colleges, private for-profit/1 of 3",31,0.48
Frequencies,4001,15230,DFRCGID,223,"Other Associate's Colleges, private for-profit/2 of 3",32,0.5
Frequencies,4002,15230,DFRCGID,224,"Other Associate's Colleges, private for-profit/3 of 3",31,0.48
Frequencies,4003,15230,DFRCGID,175,Tribal Colleges,35,0.54
Frequencies,4004,15230,DFRCGID,209,U.S. Military Academies,5,0.08
Frequencies,4005,15230,DFRCGID,1,"Nondegree-granting, public, academic year reporter",18,0.28000000000000003
Frequencies,4006,15230,DFRCGID,2,"Nondegree-granting, public, largest program - cosmetology",17,0.26
Frequencies,4007,15230,DFRCGID,3,"Nondegree-granting, public, largest program - health/1 of 7",29,0.45
Frequencies,4008,15230,DFRCGID,4,"Nondegree-granting, public, largest program - health/2 of 7",30,0.47
Frequencies,4009,15230,DFRCGID,5,"Nondegree-granting, public, largest program - health/3 of 7",30,0.47
Frequencies,4010,15230,DFRCGID,6,"Nondegree-granting, public, largest program - health/4 of 7",30,0.47
Frequencies,4011,15230,DFRCGID,7,"Nondegree-granting, public, largest program - health/5 of 7",30,0.47
Frequencies,4012,15230,DFRCGID,8,"Nondegree-granting, public, largest program - health/6 of 7",30,0.47
Frequencies,4013,15230,DFRCGID,9,"Nondegree-granting, public, largest program - health/7 of 7",30,0.47
Frequencies,4014,15230,DFRCGID,210,"Nondegree-granting, public, largest program - engineering and engineering technologies",4,0.06
Frequencies,4015,15230,DFRCGID,211,"Nondegree-granting, public  largest program - manufacturing, construction, repair, and transportation",44,0.68
Frequencies,4016,15230,DFRCGID,10,"Nondegree-granting, public, largest program - other",13,0.2
Frequencies,4017,15230,DFRCGID,11,"Nondegree-granting, private not-for-profit, academic year reporter",46,0.71
Frequencies,4018,15230,DFRCGID,12,"Nondegree-granting, private not-for-profit, largest program - cosmetology",11,0.17
Frequencies,4019,15230,DFRCGID,13,"Nondegree-granting, private not-for-profit, largest program - health",34,0.53
Frequencies,4020,15230,DFRCGID,14,"Nondegree-granting, private not-for-profit, largest program - other",6,0.09
Frequencies,4021,15230,DFRCGID,212,"Nondegree-granting, private not-for-profit, largest program - manufacturing, construction, repair, and transportation",17,0.26
Frequencies,4022,15230,DFRCGID,15,"Nondegree-granting, for-profit, academic year reporter",46,0.71
Frequencies,4023,15230,DFRCGID,16,"Nondegree-granting, private for-profit,  largest program - cosmetology/1 of 35",31,0.48
Frequencies,4024,15230,DFRCGID,17,"Nondegree-granting, private for-profit,  largest program - cosmetology/2 of 35",32,0.5
Frequencies,4025,15230,DFRCGID,18,"Nondegree-granting, private for-profit,  largest program - cosmetology/3 of 35",32,0.5
Frequencies,4026,15230,DFRCGID,19,"Nondegree-granting, private for-profit,  largest program - cosmetology/4 of 35",32,0.5
Frequencies,4027,15230,DFRCGID,20,"Nondegree-granting, private for-profit,  largest program - cosmetology/5 of 35",32,0.5
Frequencies,4028,15230,DFRCGID,21,"Nondegree-granting, private for-profit,  largest program - cosmetology/6 of 35",32,0.5
Frequencies,4029,15230,DFRCGID,22,"Nondegree-granting, private for-profit,  largest program - cosmetology/7 of 35",32,0.5
Frequencies,4030,15230,DFRCGID,23,"Nondegree-granting, private for-profit,  largest program - cosmetology/8 of 35",32,0.5
Frequencies,4031,15230,DFRCGID,24,"Nondegree-granting, private for-profit,  largest program - cosmetology/9 of 35",32,0.5
Frequencies,4032,15230,DFRCGID,25,"Nondegree-granting, private for-profit,  largest program - cosmetology/10 of 35",32,0.5
Frequencies,4033,15230,DFRCGID,26,"Nondegree-granting, private for-profit,  largest program - cosmetology/11 of 35",32,0.5
Frequencies,4034,15230,DFRCGID,27,"Nondegree-granting, private for-profit,  largest program - cosmetology/12 of 35",32,0.5
Frequencies,4035,15230,DFRCGID,28,"Nondegree-granting, private for-profit,  largest program - cosmetology/13 of 35",32,0.5
Frequencies,4036,15230,DFRCGID,29,"Nondegree-granting, private for-profit,  largest program - cosmetology/14 of 35",32,0.5
Frequencies,4037,15230,DFRCGID,30,"Nondegree-granting, private for-profit,  largest program - cosmetology/15 of 35",32,0.5
Frequencies,4038,15230,DFRCGID,31,"Nondegree-granting, private for-profit,  largest program - cosmetology/16 of 35",32,0.5
Frequencies,4039,15230,DFRCGID,32,"Nondegree-granting, private for-profit,  largest program - cosmetology/17 of 35",32,0.5
Frequencies,4040,15230,DFRCGID,33,"Nondegree-granting, private for-profit, largest program - cosmetology/18 of 35",32,0.5
Frequencies,4041,15230,DFRCGID,34,"Nondegree-granting, private for-profit, largest program - cosmetology/19 of 35",32,0.5
Frequencies,4042,15230,DFRCGID,35,"Nondegree-granting, private for-profit, largest program - cosmetology/20 of 35",32,0.5
Frequencies,4043,15230,DFRCGID,36,"Nondegree-granting, private for-profit, largest program - cosmetology/21 of 35",32,0.5
Frequencies,4044,15230,DFRCGID,37,"Nondegree-granting, private for-profit, largest program - cosmetology/22 of 35",32,0.5
Frequencies,4045,15230,DFRCGID,38,"Nondegree-granting, private for-profit, largest program - cosmetology/23 of 35",32,0.5
Frequencies,4046,15230,DFRCGID,39,"Nondegree-granting, private for-profit, largest program - cosmetology/24 of 35",32,0.5
Frequencies,4047,15230,DFRCGID,40,"Nondegree-granting, private for-profit, largest program - cosmetology/25 of 35",32,0.5
Frequencies,4048,15230,DFRCGID,41,"Nondegree-granting, private for-profit, largest program - cosmetology/26 of 35",32,0.5
Frequencies,4049,15230,DFRCGID,42,"Nondegree-granting, private for-profit, largest program - cosmetology/27 of 35",32,0.5
Frequencies,4050,15230,DFRCGID,43,"Nondegree-granting, private for-profit, largest program - cosmetology/28 of 35",32,0.5
Frequencies,4051,15230,DFRCGID,44,"Nondegree-granting, private for-profit, largest program - cosmetology/29 of 35",32,0.5
Frequencies,4052,15230,DFRCGID,45,"Nondegree-granting, private for-profit, largest program - cosmetology/30 of 35",32,0.5
Frequencies,4053,15230,DFRCGID,46,"Nondegree-granting, private for-profit, largest program - cosmetology/31 of 35",32,0.5
Frequencies,4054,15230,DFRCGID,47,"Nondegree-granting, private for-profit, largest program - cosmetology/32 of 35",32,0.5
Frequencies,4055,15230,DFRCGID,48,"Nondegree-granting, private for-profit, largest program - cosmetology/33 of 35",32,0.5
Frequencies,4056,15230,DFRCGID,49,"Nondegree-granting, private for-profit, largest program - cosmetology/34 of 35",32,0.5
Frequencies,4057,15230,DFRCGID,50,"Nondegree-granting, private for-profit, largest program - cosmetology/35 of 35",5,0.08
Frequencies,4058,15230,DFRCGID,51,"Nondegree-granting, private for-profit, largest program - health/1 of 9",30,0.47
Frequencies,4059,15230,DFRCGID,52,"Nondegree-granting, private for-profit, largest program - health/2 of 9",31,0.48
Frequencies,4060,15230,DFRCGID,53,"Nondegree-granting, private for-profit, largest program - health/3 of 9",31,0.48
Frequencies,4061,15230,DFRCGID,54,"Nondegree-granting, private for-profit, largest program - health/4 of 9",31,0.48
Frequencies,4062,15230,DFRCGID,55,"Nondegree-granting, private for-profit, largest program - health/5 of 9",31,0.48
Frequencies,4063,15230,DFRCGID,56,"Nondegree-granting, private for-profit, largest program - health/6 of 9",31,0.48
Frequencies,4064,15230,DFRCGID,57,"Nondegree-granting, private for-profit, largest program - health/7 of 9",31,0.48
Frequencies,4065,15230,DFRCGID,58,"Nondegree-granting, private for-profit, largest program - health/8 of 9",31,0.48
Frequencies,4066,15230,DFRCGID,59,"Nondegree-granting, private for-profit, largest program - health/9 of 9",30,0.47
Frequencies,4067,15230,DFRCGID,60,"Nondegree-granting, private for-profit, largest program - other",36,0.56000000000000005
Frequencies,4068,15230,DFRCGID,213,"Nondegree-granting, private for-profit, largest program - communications and communication technologies",16,0.25
Frequencies,4069,15230,DFRCGID,214,"Nondegree-granting, private for-profit, largest program - engineering and engineering technologies",7,0.11
Frequencies,4070,15230,DFRCGID,215,"Nondegree-granting, private for-profit, largest program - manufacturing, construction, repair, and transportation/1 of 3",30,0.47
Frequencies,4071,15230,DFRCGID,216,"Nondegree-granting, private for-profit, largest program - manufacturing, construction, repair, and transportation/2 of 3",31,0.48
Frequencies,4072,15230,DFRCGID,217,"Nondegree-granting, private for-profi,t largest program - manufacturing, construction, repair, and transportation/3 of 3",31,0.48
Frequencies,4073,15230,DFRCGID,226,"Degree-granting four year, public in Puerto Rico",14,0.22
Frequencies,4074,15230,DFRCGID,227,"Degree-granting, private not-for-profit in Puerto Rico/1 of 2",25,0.39
Frequencies,4075,15230,DFRCGID,228,"Degree-granting, private not-for-profit in Puerto Rico/2 of 2",25,0.39
Frequencies,4076,15230,DFRCGID,229,"Degree-granting, private for-profit in Puerto Rico",21,0.33
Frequencies,4077,15230,DFRCGID,230,Nondegree-granting private for-profit or not-for-profit in Puerto Rico/1 of 2,24,0.37
Frequencies,4078,15230,DFRCGID,231,Nondegree-granting private for-profit or not-for-profit in Puerto Rico/2 of 2,24,0.37
Frequencies,4079,15230,DFRCGID,218,Degree-granting 4-year in jurisdictions other than Puerto Rico,8,0.12
Frequencies,4080,15230,DFRCGID,219,Less-than 4-year public in Puerto Rico or other jurisdictions,6,0.09
Frequencies,4081,15230,DFRCGID,205,"Non-Title IV, degree-granting",33,0.51
Frequencies,4082,15230,DFRCGID,206,"Non-Title IV, nondegree-granting, the largest program-cosmetology",8,0.12
Frequencies,4083,15230,DFRCGID,207,"Non-Title IV, nondegree-granting, the largest program-health",5,0.08
Frequencies,4084,15230,DFRCGID,208,"Non-Title IV, nondegree-granting",4,0.06
Frequencies,4085,15230,DFRCGID,-1,Not reported,94,1.46
Frequencies,4086,15230,DFRCGID,-2,Not applicable,233,3.62
Frequencies,4087,16000,DFRCUSCG,1,"Yes, institution submitted a custom comparison group",2292,35.590000000000003
Frequencies,4088,16000,DFRCUSCG,2,"No, institution did not submit a custom comparison group",3821,59.33
Frequencies,4089,16000,DFRCUSCG,-1,Not reported,94,1.46
Frequencies,4090,16000,DFRCUSCG,-2,Not applicable,233,3.62
