sheet,row_idx,col_1,col_2,col_3,col_4,col_5,col_6,col_7,col_8,col_9,col_10,col_11,col_12,col_13,col_14,col_15,col_16,col_17,col_18,col_19,col_20,col_21,col_22,col_23,col_24,col_25,col_26,col_27,col_28,col_29,col_30,col_31,col_32,col_33,col_34,col_35,col_36,col_37,col_38,col_39,col_40,col_41,col_42,col_43,col_44,col_45,col_46,col_47,col_48,col_49,col_50
Introduction,0,"File Documentation for the Institutional Characteristics Data File, 2020-21",,,,,,,,,
Introduction,1,(Final/Revised),,,,,,,,,
Introduction,2,,,,,,,,,,
Introduction,3,Filename,IC2020
Introduction,4,  Provisional release 1:,July 2021
Introduction,5,  Provisional release 2:,December 2021
Introduction,6,Filename,IC2020_RV
Introduction,7,  Final/revised release:,August 2022
Introduction,8,,
Introduction,9,Overview,"This file contains data on program and award level offerings, control and affiliation of institution. It also contains information on special learning opportunities, student services, disability services, tuition plans and athletic conference associations. Services and programs for service members and veterans are also included. Beginning in  2020-21, the less-than-1-year certificate award level is divided into the following two award levels: certificates of less-than-12-weeks and certificates of at least 12 weeks but less than 1 year. 

Several variables in this release, including open admissions policy, distance education offerings and library services were updated based on admissions data collected in the winter collection, distance education fall enrollments and academic library data collected in the spring of the IPEDS survey year. 

Admissions and test score data, which has been part of the Institutional Characteristics survey component since 2001-02, was moved to the new ADM survey component in 2014 and will be released with other survey components of the IPEDS winter collection module.

",,,,,,,,
Introduction,10,Note,"Provisional release data have undergone all NCES data quality control procedures. Data are imputed for nonresponding institutions. These data are used for First Look (Provisional Data) web tables. Final release data include revisions to the provisional release data that have been made by institutions during the subsequent data collection year. The final release data can be used when the most up to date data are required; however, these data may not match tables from the First Look web tables based on provisional data. ",,,,,,,,
Introduction,11,,,,,,,,,,
Introduction,12,Contents of spreadsheet,,,,,,,,,
Introduction,13
Introduction,14,Varlist,"Variable list: Lists all variables in the table. Includes the variable name, variable label and the Data type, format and maximum field width of each variable.  The data type describes a variable as either a numeric (N) or Alphanumeric (A) and the format of a variable defines a variable as either continuous (Cont) or categorical (Disc).  It all also lists the variable name of all imputation flag variables for each continuous variable. Imputation flag variable describes whether a value for the corresponding variable was reported, imputed or not applicable.",,,,,,,,
Introduction,15,Description,Long description or glossary definition of a variable. ,,,,,,,,
Introduction,16,Frequencies,This worksheet contains the code values for of all categorical variables in the data file. It also lists the frequency and percent distribution for each code value by variable.(provisional release),,,,,,,,
Introduction,17,Statistics,"This worksheet lists the sum, mean, minimum and maximum values of all continuous variables in the data file.(provisional release)",,,,,,,,
Introduction,18,FrequenciesRV,This worksheet contains the code values for of all categorical variables in the data file. It also lists the frequency and percent distribution for each code value by variable. (final/revised release),,,,,,,,
Introduction,19,StatisticsRV,"This worksheet lists the sum, mean, minimum and maximum values of all continuous variables in the data file. (final/revised release)",,,,,,,,
Introduction,20,Imputation code values,This worksheet lists the code values for all imputation flag variables.,,,,,,,,
varlist,0,varnumber,varname,DataType,Fieldwidth,format,imputationvar,varTitle
varlist,1,1,UNITID,N,6,Cont,,Unique identification number of the institution
varlist,2,10361,PEO1ISTR,N,2,Disc,,Occupational
varlist,3,10366,PEO2ISTR,N,2,Disc,,Academic
varlist,4,10371,PEO3ISTR,N,2,Disc,,Continuing professional
varlist,5,10376,PEO4ISTR,N,2,Disc,,Recreational or avocational
varlist,6,10381,PEO5ISTR,N,2,Disc,,Adult basic remedial or high school equivalent
varlist,7,10386,PEO6ISTR,N,2,Disc,,Secondary (high school)
varlist,8,10391,CNTLAFFI,N,2,Disc,,Institutional control or affiliation
varlist,9,10396,PUBPRIME,N,2,Disc,,Primary public control
varlist,10,10401,PUBSECON,N,2,Disc,,Secondary public control
varlist,11,10406,RELAFFIL,N,3,Disc,,Religious affiliation
varlist,12,10411,LEVEL1,N,2,Disc,,Certificate of less than 1 year
varlist,13,10412,LEVEL1A,N,2,Disc,,Certificate of less than 12 weeks
varlist,14,10413,LEVEL1B,N,2,Disc,,"Certificate of at least 12 weeks, but less than 1 year"
varlist,15,10416,LEVEL2,N,2,Disc,,"Certifiicate of at least 1 year, but less than 2 years"
varlist,16,10421,LEVEL3,N,2,Disc,,Associate's degree
varlist,17,10426,LEVEL4,N,2,Disc,,"Certificate of at least 2 years, but less than 4 years"
varlist,18,10431,LEVEL5,N,2,Disc,,Bachelor's degree
varlist,19,10436,LEVEL6,N,2,Disc,,Postbaccalaureate certificate
varlist,20,10441,LEVEL7,N,2,Disc,,Master's degree
varlist,21,10446,LEVEL8,N,2,Disc,,Post-master's certificate
varlist,22,10466,LEVEL12,N,2,Disc,,Other degree
varlist,23,10452,LEVEL17,N,2,Disc,,Doctor's degree - research/scholarship
varlist,24,10453,LEVEL18,N,2,Disc,,Doctor's degree - professional practice
varlist,25,10454,LEVEL19,N,2,Disc,,Doctor's degree - other
varlist,26,10901,CALSYS,N,2,Disc,,Calendar system
varlist,27,10926,FT_UG,N,2,Disc,,Full-time undergraduate students are enrolled
varlist,28,10931,FT_FTUG,N,2,Disc,,Full time first-time degree/certificate-seeking undergraduate students enrolled
varlist,29,15301,FTGDNIDP,N,2,Disc,,Full-time graduate (not including doctor's professional practice) students are enrolled
varlist,30,10946,PT_UG,N,2,Disc,,Part-time undergraduate students are enrolled
varlist,31,10951,PT_FTUG,N,2,Disc,,Part time first-time degree/certificate-seeking undergraduate students enrolled
varlist,32,15306,PTGDNIDP,N,2,Disc,,Part-time graduate (not including doctor's professional practice) students are enrolled
varlist,33,15311,DOCPP,N,2,Disc,,Doctor's professional practice students are enrolled
varlist,34,15316,DOCPPSP,N,2,Disc,,Doctor's professional practice students are enrolled in programs formerly designated as first-professional
varlist,35,10516,OPENADMP,N,2,Disc,,Open admission policy
varlist,36,16141,VET1,N,2,Disc,,"Yellow Ribbon Program (officially known as Post-9/11 GI Bill, Yellow Ribbon Program)"
varlist,37,16142,VET2,N,2,Disc,,Credit for military training
varlist,38,16143,VET3,N,2,Disc,,"Dedicated point of contact for support services for veterans, military servicemembers, and their families"
varlist,39,16144,VET4,N,2,Disc,,Recognized student veteran organization
varlist,40,16145,VET5,N,2,Disc,,Member of Servicemembers Opportunity Colleges
varlist,41,16149,VET9,N,2,Disc,,"Services  and programs are not available to veterans, military servicemembers, or their families?"
varlist,42,10681,CREDITS1,N,2,Disc,,Dual enrollment
varlist,43,10686,CREDITS2,N,2,Disc,,Credit for life experiences
varlist,44,10691,CREDITS3,N,2,Disc,,Advanced placement (AP) credits
varlist,45,10696,CREDITS4,N,2,Disc,,"Institution does not accept dual, credit for life, or AP credits"
varlist,46,10721,SLO5,N,2,Disc,,ROTC
varlist,47,10726,SLO51,N,2,Disc,,ROTC - Army
varlist,48,10731,SLO52,N,2,Disc,,ROTC - Navy
varlist,49,10736,SLO53,N,2,Disc,,ROTC - Air Force
varlist,50,10741,SLO6,N,2,Disc,,Study abroad
varlist,51,10746,SLO7,N,2,Disc,,Weekend/evening  college
varlist,52,10751,SLO8,N,2,Disc,,Teacher certification (below the postsecondary level)
varlist,53,10756,SLO81,N,2,Disc,,Teacher certification: Students can complete their preparation in certain areas of specialization
varlist,54,10761,SLO82,N,2,Disc,,Teacher certification: Students must complete their preparation at another institution for certain areas of specialization
varlist,55,10766,SLO83,N,2,Disc,,Teacher certification: Approved by the state for initial certifcation or licensure of teachers.
varlist,56,10771,SLO9,N,2,Disc,,None of the above special learning opportunities are offered
varlist,57,10776,YRSCOLL,N,2,Disc,,Years of college-level work required
varlist,58,10781,STUSRV1,N,2,Disc,,Remedial services
varlist,59,10786,STUSRV2,N,2,Disc,,Academic/career counseling service
varlist,60,10791,STUSRV3,N,2,Disc,,Employment services for students
varlist,61,10796,STUSRV4,N,2,Disc,,Placement services for completers
varlist,62,10801,STUSRV8,N,2,Disc,,On-campus day care for students' children
varlist,63,10806,STUSRV9,N,2,Disc,,None of the above selected services are offered
varlist,64,16151,LIBRES1,N,2,Disc,,Library resources/services: Physical facilities
varlist,65,16153,LIBRES2,N,2,Disc,,Library resources/services: Organized collection of printed materials
varlist,66,16155,LIBRES3,N,2,Disc,,Library resources/services: Access to digital/electronic resources
varlist,67,16157,LIBRES4,N,2,Disc,,Library resources/services: Staff trained to provide and interpret library materials
varlist,68,16159,LIBRES5,N,2,Disc,,Library resources/services: Established library hours
varlist,69,16161,LIBRES6,N,2,Disc,,Library resources/services: Access to library collections that are shared with other institutions
varlist,70,16163,LIBRES9,N,2,Disc,,Library resources/services not provided
varlist,71,15241,TUITPL,N,2,Disc,,Any alternative tuition plans offered by institution
varlist,72,15244,TUITPL1,N,2,Disc,,Tuition guaranteed plan
varlist,73,15247,TUITPL2,N,2,Disc,,Prepaid tuition plan
varlist,74,15250,TUITPL3,N,2,Disc,,Tuition payment plan
varlist,75,15253,TUITPL4,N,2,Disc,,Other alternative tuition plan
varlist,76,15421,DSTNUGC,N,2,Disc,,Undergraduate level distance education courses offered
varlist,77,15426,DSTNUGP,N,2,Disc,,Undergraduate level distance education programs offered
varlist,78,15431,DSTNUGN,N,2,Disc,,Undergraduate level distance education not offered
varlist,79,15436,DSTNGC,N,2,Disc,,Graduate level distance education courses offered
varlist,80,15441,DSTNGP,N,2,Disc,,Graduate level distance education programs offered
varlist,81,15446,DSTNGN,N,2,Disc,,Graduate level distance education not offered
varlist,82,15400,DISTCRS,N,2,Disc,,Distance education courses offered
varlist,83,15451,DISTPGS,N,2,Disc,,Distance education programs offered
varlist,84,15406,DSTNCED1,N,2,Disc,,Undergraduate level programs or courses are offered via distance education
varlist,85,15411,DSTNCED2,N,2,Disc,,Graduate level programs or courses are offered via distance education
varlist,86,15416,DSTNCED3,N,2,Disc,,Does not offer distance education opportunities
varlist,87,15401,DISTNCED,N,2,Disc,,All programs offered completely via distance education
varlist,88,24566,DISAB,N,2,Disc,,Percent indicator of undergraduates formally registered as students with disabilities
varlist,89,24571,DISABPCT,N,3,Cont,XDISABPC,"Percent of undergraduates, who are formally registered as students with disabilities, when percentage is more than 3 percent"
varlist,90,15066,ALLONCAM,N,2,Disc,,"Full-time, first-time degree/certificate-seeking students required to live on campus"
varlist,91,10961,TUITVARY,N,2,Disc,,"Tuition charge varies for in-district, in-state, out-of-state students"
varlist,92,10966,ROOM,N,2,Disc,,Institution provide on-campus housing
varlist,93,10971,ROOMCAP,N,5,Cont,XROOMCAP,Total dormitory capacity
varlist,94,10976,BOARD,N,2,Disc,,Institution provides board or meal plan
varlist,95,10981,MEALSWK,N,2,Cont,XMEALSWK,Number of meals per week in board charge
varlist,96,10986,ROOMAMT,N,5,Cont,XROOMAMT,Typical room charge for academic year
varlist,97,10991,BOARDAMT,N,5,Cont,XBORDAMT,Typical board charge for academic year
varlist,98,10996,RMBRDAMT,N,5,Cont,XRMBDAMT,Combined charge for room and board
varlist,99,10911,APPLFEEU,N,3,Cont,XAPPFEEU,Undergraduate application fee
varlist,100,10916,APPLFEEG,N,3,Cont,XAPPFEEG,Graduate application fee
varlist,101,10816,ATHASSOC,N,2,Disc,,Member of National Athletic Association
varlist,102,10821,ASSOC1,N,2,Disc,,Member of National Collegiate Athletic Association (NCAA)
varlist,103,10826,ASSOC2,N,2,Disc,,Member of National Association of Intercollegiate Athletics (NAIA)
varlist,104,10831,ASSOC3,N,2,Disc,,Member of National Junior College Athletic  Association (NJCAA)
varlist,105,10836,ASSOC4,N,2,Disc,,Member of National Small College Athletic Association (NSCAA)
varlist,106,10841,ASSOC5,N,2,Disc,,Member of National Christian College Athletic Association (NCCAA)
varlist,107,10846,ASSOC6,N,2,Disc,,Member of other national athletic association not listed above
varlist,108,10851,SPORT1,N,2,Disc,,NCAA/NAIA member for football
varlist,109,10856,CONFNO1,N,3,Disc,,NCAA/NAIA conference number football
varlist,110,10861,SPORT2,N,2,Disc,,NCAA/NAIA member for basketball
varlist,111,10866,CONFNO2,N,3,Disc,,NCAA/NAIA conference number basketball
varlist,112,10871,SPORT3,N,2,Disc,,NCAA/NAIA member for baseball
varlist,113,10876,CONFNO3,N,3,Disc,,NCAA/NAIA conference number baseball
varlist,114,10881,SPORT4,N,2,Disc,,NCAA/NAIA member for cross country/track
varlist,115,10886,CONFNO4,N,3,Disc,,NCAA/NAIA conference number cross country/track
varlist,116,,,,,,,
varlist,117,,,,,,,
varlist,118,,,,,,,
varlist,119,,,,,,,
varlist,120,,,,,,,
varlist,121,,,,,,,
varlist,122,,,,,,,
varlist,123,,,,,,,
varlist,124,,,,,,,
varlist,125,,,,,,,
varlist,126,,,,,,,
varlist,127,,,,,,,
varlist,128,,,,,,,
varlist,129,,,,,,,
varlist,130,,,,,,,
varlist,131,,,,,,,
varlist,132,,,,,,,
varlist,133,,,,,,,
varlist,134,,,,,,,
varlist,135,,,,,,,
varlist,136,,,,,,,
varlist,137,,,,,,,
Description,0,varnumber,varname,longDescription
Description,1,1,UNITID,Unique identification number of the institution
Description,2,10361,PEO1ISTR,"Which of the following types of instruction/programs are offered by your institution? [Check one or more]

Occupational, may lead to a certificate, degree, or other formal award 

OCCUPATIONAL PROGRAM - A program of study consisting of one or more courses, designed to provide the student with sufficient knowledge and skills to perform in a specific occupation.

NOTE: This question is asked to verify the inclusion of the institution on the NCES/IPEDS list of institutions and agencies offering all types of postsecondary education. Postsecondary education is the provision of a formal instructional program whose curriculum is designed primarily for students beyond the compulsory age for high school. This includes programs whose purpose is academic, vocational, and continuing professional education and excludes avocational and adult basic education programs."
Description,3,10366,PEO2ISTR,"Which of the following types of instruction/programs are offered by your institution? [Check one or more]

Academic, leading to a certificate, degree, or diploma

ACADEMIC PROGRAM - Instructional program leading toward an associate's, bachelor's, master's, doctor's, or first-professional degree or resulting in credits that can be applied to one of these degrees. 

NOTE: This question is asked to verify the inclusion of the institution on the NCES/IPEDS list of institutions and agencies offering all types of postsecondary education. Postsecondary education is the provision of a formal instructional program whose curriculum is designed primarily for students beyond the compulsory age for high school. This includes programs whose purpose is academic, vocational, and continuing professional education and excludes avocational and adult basic education programs."
Description,4,10371,PEO3ISTR,"Which of the following types of instruction/programs are offered by your institution? [Check one or more]

Continuing professional (postbaccalaureate only) 

CONTINUING PROFESSIONAL EDUCATION - Programs and courses designed specifically for individuals who have completed a professional degree (such as law, medicine, dentistry, or social work) to obtain additional training in their particular field of study 

NOTE: This question is asked to verify the inclusion of the institution on the NCES/IPEDS list of institutions and agencies offering all types of postsecondary education. Postsecondary education is the provision of a formal instructional program whose curriculum is designed primarily for students beyond the compulsory age for high school. This includes programs whose purpose is academic, vocational, and continuing professional education and excludes avocational and adult basic education programs."
Description,5,10376,PEO4ISTR,"Which of the following types of instruction/programs are offered by your institution? [Check one or more]

Recreational or avocational

AVOCATIONAL PROGRAMS - Instructional programs in personal interest and leisure categories whose expressed intent is not to produce postsecondary credits, nor to lead to a formal award or an academic degree, nor result in occupationally specific skills.

NOTE: This question is asked to verify the inclusion of the institution on the NCES/IPEDS list of institutions and agencies offering all types of postsecondary education. Postsecondary education is the provision of a formal instructional program whose curriculum is designed primarily for students beyond the compulsory age for high school. This includes programs whose purpose is academic, vocational, and continuing professional education and excludes avocational and adult basic education programs."
Description,6,10381,PEO5ISTR,"Which of the following types of instruction/programs are offered by your institution? [Check one or more]

Adult basic or remedial instruction or high school equivalency 

ADULT BASIC EDUCATION - Courses designed primarily for students 16 years of age and older to improve basic skills in reading, writing, and arithmetic. These courses are not intended to be part of a program leading to a high school degree, nor are they part of any academic, occupational, or vocational program at the postsecondary level. 

NOTE: This question is asked to verify the inclusion of the institution on the NCES/IPEDS list of institutions and agencies offering all types of postsecondary education. Postsecondary education is the provision of a formal instructional program whose curriculum is designed primarily for students beyond the compulsory age for high school. This includes programs whose purpose is academic, vocational, and continuing professional education and excludes avocational and adult basic education programs."
Description,7,10386,PEO6ISTR,"Which of the following types of instruction/programs are offered by your institution? [Check one or more]

Secondary (high school)

NOTE: This question is asked to verify the inclusion of the institution on the NCES/IPEDS list of institutions and agencies offering all types of postsecondary education. Postsecondary education is the provision of a formal instructional program whose curriculum is designed primarily for students beyond the compulsory age for high school. This includes programs whose purpose is academic, vocational, and continuing professional education and excludes avocational and adult basic education programs."
Description,8,10391,CNTLAFFI,"What is your institutional control or affiliation? Select one;

Public
Private for-profit 
Private not-for-profit independent (no religious affiliation) 
Private not-for-profit religious affiliation - Specify 

PUBLIC INSTITUTION -An educational institution whose programs and activities are operated by publicly elected or appointed school officials and which is supported primarily by public funds. 
PRIVATE FOR-PROFIT (PROFIT-MAKING) INSTITUTION - A private institution in which the individual(s) or agency in control receives compensation other than wages, rent, or other expenses for the assumption of risk. 
PRIVATE NOT-FOR-PROFIT INSTITUTION - A private institution in which the individual(s) or agency in control receives no compensation, other than wages, rent, or other expenses for the assumption of risk. These include both independent nonprofit schools and those affiliated with a religious organization."
Description,9,10396,PUBPRIME,"Indicates primary control for public institutions

Public institutions must designate a primary control; identifying a secondary control is optional. 

PUBLIC INSTITUTION -An educational institution whose programs and activities are operated by publicly elected or appointed school officials and which is supported primarily by public funds."
Description,10,10401,PUBSECON,"Indicates secondary control for public institutions

Public institutions must designate a primary control; identifying a secondary control is optional. 

PUBLIC INSTITUTION -An educational institution whose programs and activities are operated by publicly elected or appointed school officials and which is supported primarily by public funds."
Description,11,10406,RELAFFIL,Indicates religious affiliation (denomination) for private not-for-profit institutions that are religiously affiliated.
Description,12,10411,LEVEL1,"What award levels are offered by your institution?  [Check all that apply] 

Postsecondary award, certificate, or diploma of less than 900 clock hours, or 30 semester or trimester credit hours, or 45 quarter credit hours (less than 1 year)

An award that requires completion of an organized program of study at the postsecondary level (below the baccalaureate degree) designed for completion less than 900 clock hours, or  less 30 semester or trimester credit hours, or less than 45 quarter credit hours. Beginning in 2020-21, this award level category was removed from the data collection, but is being maintained if institution has postsecondary awards, certificates, or diplomas (less than 300 clock hours, 9 semester or trimester credit hours, or 13 quarter credit hours) or (300-899 clock hours, 9-29 semester or trimester credit hours, or 13-44 quarter credit hours)"
Description,13,10412,LEVEL1A,"What award levels are offered by your institution? [Check all that apply] 

Postsecondary award, certificate, or diploma  of less than 300 clock hours, 9 semester or trimester credit hours, or 13 quarter credit hours  (less than 12 weeks)

An award that requires completion of an organized program of study at the postsecondary level (below the baccalaureate degree) designed for completion in less than 300 clock hours, or in less than 9 semester or trimester credit hours, or less than 13 quarter credit hours. Beginning in 2020-21, this award level category was one of two added options for reporting certificates of less than one year in length."
Description,14,10413,LEVEL1B,"What award levels are offered by your institution? [Check all that apply]

Postsecondary award, certificate, or diploma of  300-899 clock hours, or 9-29 semester or trimester credit hours, or13-44 quarter credit hours (at least 12 weeks, but less than 1 year)

An award that requires completion of an organized program of study at the postsecondary level (below the baccalaureate degree) designed for completion in at least 300 but less than 900 clock hours, or in at least 9 but less 30 semester or trimester credit hours, or in at least 13 but less than 45 quarter credit hours. Beginning in 2020-21, this award level category was one of two added options for reporting certificates of less than one year in length."
Description,15,10416,LEVEL2,"What award levels are offered by your institution? [Check all that apply] 

Postsecondary award, certificate, or diploma of at least 900 but less than 1,800 clock hours, or at least 30 but less than 60 semester or trimester credit hours, or at least 45 but less than 90 quarter credit hours (at least 1 year but less than 2 years)

POSTSECONDARY AWARD, CERTIFICATE, OR DIPLOMA (AT LEAST 1 BUT LESS THAN 2 YEARS) -Requires completion of an organized program of study at the postsecondary level (below the baccalaureate degree) in at least 1 but less than 2 full-time equivalent academic years, or designed for completion in at least 30 but less than 60 credit hours, or in at least 900 but less than 1,800 clock hours.  Beginning in 2020-21, references to academic year equivalencies were removed from all levels of subbaccalaureate certificates."
Description,16,10421,LEVEL3,"What award levels are offered by your institution? 

Associate's degree 

ASSOCIATE'S DEGREE - An award that normally requires at least 2 but less than 4 years of full-time equivalent college work."
Description,17,10426,LEVEL4,"What award levels are offered by your institution? 

Postsecondary award, certificate, or diploma of 1,800 or more clock hours, or 60 or more semester or trimester credit hours, or 90 or more quarter credit hours (at least 2 but less than 4 years)

An award that requires completion of an organized program of study at the postsecondary level (below the baccalaureate degree) designed for completion in at least 900 but less than 1,800 clock hours, or in at least 30 but less than 60 semester or trimester credit hours, or in at least 45 but less than 90 quarter credit hours. Beginning in 2020-21, references to academic year equivalencies were removed from all levels of subbaccalaureate certificates."
Description,18,10431,LEVEL5,"What award levels are offered by your institution? [Check all that apply] 

Bachelor's degree or equivalent 

BACHELOR'S DEGREE - An award (baccalaureate or equivalent degree, as determined by the Secretary, U.S. Department of Education) that normally requires at least 4 but not more than 5 years of full-time equivalent college-level work. This includes all bachelor's degrees conferred in a 5-year cooperative (work-study plan) program. A cooperative plan provides for alternate class attendance and employment in business, industry, or government; thus, it allows students to combine actual work experience with their college studies. Also, includes bachelor's degrees in which the normal 4 years of work are completed in 3 years."
Description,19,10436,LEVEL6,"What award levels are offered by your institution? [Check all that apply]

Postbaccalaureate certificate 

POSTBACCALAUREATE CERTIFICATE - An award that requires completion of an organized program of study requiring 18 credit hours beyond the bachelor's; designed for persons who have completed a baccalaureate degree, but do not meet the requirements of academic degrees carrying the title of master."
Description,20,10441,LEVEL7,"What award levels are offered by your institution? [Check all that apply] 

Master's degree 

MASTER'S DEGREE - An award that requires the successful completion of a program of study of at least the full-time equivalent of 1 but not more than 2 academic years of work beyond the bachelor's degree."
Description,21,10446,LEVEL8,"What award levels are offered by your institution? [Check all that apply] 

Post-master's certificate

POST-MASTER'S CERTIFICATE - An award that requires completion of an organized program of study of 24 credit hours beyond the master's degree, but does not meet the requirements of academic degrees at the doctor's level."
Description,22,10466,LEVEL12,"What award levels are offered by your institution? [Check all that apply] 

Other; please specify 

An award that it cannot be classified in one of the standard levels ."
Description,23,10452,LEVEL17,"What award levels are offered by your institution? [Check all that apply] 

Doctor’s degree - research/scholarship

Doctor’s degree - research/scholarship - A Ph.D. or other doctor's degree that requires advanced work beyond the master’s level, including the preparation and defense of a dissertation based on original research, or the planning and execution of an original project demonstrating substantial artistic or scholarly achievement. Some examples of this type of degree may include Ed.D., D.M.A., D.B.A., D.Sc., D.A., or D.M, and others, as designated by the awarding institution."
Description,24,10453,LEVEL18,"What award levels are offered by your institution? [Check all that apply] 

Doctor’s degree - professional practice

Doctor’s degree - professional practice - A doctor’s degree that is conferred upon completion of a program providing the knowledge and skills for the recognition, credential, or license required for professional practice. The degree is awarded after a period of study such that the total time to the degree, including both pre-professional and professional preparation, equals at least six full-time equivalent academic years. Some of these degrees were formerly classified as “first-professional” and may include: Chiropractic (D.C. or D.C.M.); Dentistry (D.D.S. or D.M.D.); Law (L.L.B. or J.D.); Medicine (M.D.); Optometry (O.D.); Osteopathic Medicine (D.O); Pharmacy (Pharm.D.); Podiatry (D.P.M., Pod.D., D.P.); or, Veterinary Medicine (D.V.M.), and others, as designated by the awarding institution."
Description,25,10454,LEVEL19,"What award levels are offered by your institution? [Check all that apply] 

Doctor’s degree - other

Doctor’s degree - other - A doctor’s degree that does not meet the definition of a doctor’s degree - research/scholarship or a doctor’s degree - professional practice."
Description,26,10901,CALSYS,"What is the predominant calendar system at the institution? [Choose one] 

Standard academic terms Checking one of these systems determines that your institution will provide graduation rates data based on a FALL COHORT and student charges based on a FULL ACADEMIC YEAR 

Semester 
Quarter 
Trimester 
4-1-4 or similar plan 
Other academic calendar 

Other calendar systems (for primarily occupational schools) Checking one of the following determines that your institution will provide graduation rates data based on a FULL YEAR COHORT and student charges data will be requested by PROGRAM. 

Differs by program 
Continuous basis (every 2 weeks, monthly, or other period) 


SEMESTER calendar SYSTEM -A calendar system that consists of two semesters during the academic year with about 16 weeks for each semester of instruction. There may be an additional summer session. 

QUARTER calendar SYSTEM - A calendar system in which the academic year consists of 3 sessions called quarters of about 12 weeks each. The range may be from 10 to 15 weeks. There may be an additional quarter in the summer 

TRIMESTER calendar SYSTEM - An academic year consisting of 3 terms of about 15 weeks each. 
FOUR-ONE-FOUR PLAN - The 4-1-4 calendar consists of 4 courses taken for 4 months, 1 course taken for 1 month, and 4 courses taken for 4 months. There may be an additional summer session. 

OTHER ACADEMIC calendar SYSTEM - 
Category used to describe ""non-traditional"" calendar systems at 4-year and 2-year degree-granting institutions. These can include schools that offer primarily on-line courses or ""one course at a time"". 

DIFFERS BY PROGRAM (calendar SYSTEM) - A calendar system classification that is used by institutions that have occupational/vocational programs of varying lengths. These schools may enroll students at specific times depending on the program desired. For example, a school might offer a 2-month program in January, March, May, September, and November; and a 3-month program in January, April, and October. 

CONTINUOUS BASIS (FOR PROGRAM ENROLLMENT) - A calendar system classification that is used by institutions that enroll students at any time during the academic year. For example, a cosmetology school or a word processing school might allow students to enroll and begin studies at various times, with no requirement that classes begin on a certain date."
Description,27,10926,FT_UG,"If institution enrolls full-time students, indicate levels 

Undergraduate (academic or occupational programs) 

UNDERGRADUATE - A student enrolled in a 4- or 5-year bachelor's degree program, an associate's degree program, or a vocational or technical program below the baccalaureate. 
FULL-TIME STUDENT Undergraduate - A student enrolled for 12 or more semester credits, or 12 or more quarter credits, or 24 or more clock hours a week each term."
Description,28,10931,FT_FTUG,"If institution enrolls full-time students, indicate levels 

First-time degree/certificate-seeking undergraduate

FIRST-TIME STUDENT (UNDERGRADUATE) -A student attending any institution for the first time at the undergraduate level. Includes students enrolled in academic or occupational programs. Also includes students enrolled in the fall term who attended college for the first time in the prior summer term, and students who entered with advanced standing (college credits earned before graduation from high school). 
UNDERGRADUATE - A student enrolled in a 4- or 5-year bachelor's degree program, an associate's degree program, or a vocational or technical program below the baccalaureate. 
FULL-TIME STUDENT Undergraduate - A student enrolled for 12 or more semester credits, or 12 or more quarter credits, or 24 or more clock hours a week each term. 
DEGREE/CERTIFICATE-SEEKING STUDENTS - Students enrolled in courses for credit who are recognized by the institution as seeking a degree or other formal award. At the undergraduate level, this is intended to include students enrolled in vocational or occupational programs."
Description,29,15301,FTGDNIDP,"If institution enrolls full-time students, indicate levels 

Graduate (not including doctor's professional practice)

GRADUATE STUDENT - A student who holds a bachelor's or first-professional degree, or equivalent, and is taking courses at the post-baccalaureate level. These students may or may not be enrolled in graduate programs 
FULL-TIME GRADUATE - A student enrolled for 9 or more semester credits, or 9 or more quarter credits, or students involved in thesis or dissertation preparation that are considered full time by the institution.
Doctor's degree - professional practice A doctor's degree that is conferred upon completion of a program providing the knowledge and skills for the recognition, credential, or license required for professional practice. The degree is awarded after a period of study such that the total time to the degree, including both pre-professional and professional preparation, equals at least six full-time equivalent academic years. Some of these degrees were formerly classified as first-professional and may include: Chiropractic (D.C. or D.C.M.); Dentistry (D.D.S. or D.M.D.); Law (L.L.B. or J.D.); Medicine (M.D.); Optometry (O.D.); Osteopathic Medicine (D.O); Pharmacy (Pharm.D.); Podiatry (D.P.M., Pod.D., D.P.); or, Veterinary Medicine (D.V.M.), and others, as designated by the awarding institution."
Description,30,10946,PT_UG,"If institution enrolls part-time students indicate levels

Undergraduate (academic or occupational programs)

UNDERGRADUATE - A student enrolled in a 4- or 5-year bachelor's degree program, an associate's degree program, or a vocational or technical program below the baccalaureate. 
PART-TIME STUDENT Undergraduate - A student enrolled for either 11 semester credits or less, or 11 quarter credits or less, or less than 24 clock hours a week each term."
Description,31,10951,PT_FTUG,"If institution enrolls part-time students indicate levels

First-time degree/certificate-seeking undergraduate

FIRST-TIME STUDENT (UNDERGRADUATE) -A student attending any institution for the first time at the undergraduate level. Includes students enrolled in academic or occupational programs. Also includes students enrolled in the fall term who attended college for the first time in the prior summer term, and students who entered with advanced standing (college credits earned before graduation from high school). 
UNDERGRADUATE - A student enrolled in a 4- or 5-year bachelor's degree program, an associate's degree program, or a vocational or technical program below the baccalaureate. 
PART-TIME STUDENT Undergraduate - A student enrolled for either 11 semester credits or less, or 11 quarter credits or less, or less than 24 clock hours a week each term. DEGREE/CERTIFICATE-SEEKING STUDENTS - Students enrolled in courses for credit who are recognized by the institution as seeking a degree or other formal award. At the undergraduate level, this is intended to include students enrolled in vocational or occupational programs."
Description,32,15306,PTGDNIDP,"If institution enrolls part-time students indicate levels

Graduate (not including doctor's professional practice)

GRADUATE STUDENT - A student who holds a bachelor's or first-professional degree, or equivalent, and is taking courses at the post-baccalaureate level. These students may or may not be enrolled in graduate programs 
PART-TIME Graduate - a student enrolled for either 8 semester credits or less, or 8 quarter credits or less.
Doctor's degree - professional practice A doctor's degree that is conferred upon completion of a program providing the knowledge and skills for the recognition, credential, or license required for professional practice. The degree is awarded after a period of study such that the total time to the degree, including both pre-professional and professional preparation, equals at least six full-time equivalent academic years. Some of these degrees were formerly classified as first-professional and may include: Chiropractic (D.C. or D.C.M.); Dentistry (D.D.S. or D.M.D.); Law (L.L.B. or J.D.); Medicine (M.D.); Optometry (O.D.); Osteopathic Medicine (D.O); Pharmacy (Pharm.D.); Podiatry (D.P.M., Pod.D., D.P.); or, Veterinary Medicine (D.V.M.), and others, as designated by the awarding institution."
Description,33,15311,DOCPP,"Does your institution enroll students in doctor's - professional practice programs? Checking 'yes' for this question will allow your institution to report graduate level students in Fall Enrollment.

Doctor's degree - professional practice A doctor's degree that is conferred upon completion of a program providing the knowledge and skills for the recognition, credential, or license required for professional practice. The degree is awarded after a period of study such that the total time to the degree, including both pre-professional and professional preparation, equals at least six full-time equivalent academic years. Some of these degrees were formerly classified as first-professional and may include: Chiropractic (D.C. or D.C.M.); Dentistry (D.D.S. or D.M.D.); Law (L.L.B. or J.D.); Medicine (M.D.); Optometry (O.D.); Osteopathic Medicine (D.O); Pharmacy (Pharm.D.); Podiatry (D.P.M., Pod.D., D.P.); or, Veterinary Medicine (D.V.M.), and others, as designated by the awarding institution."
Description,34,15316,DOCPPSP,"Does your institution enroll students in doctor's - professional practice programs? 

Do you enroll students in one of the following?  If you select 'yes' to enrolling students in one of the listed programs, you will also report tuition for the appropriate program(s).

Chiropractic (D.C. or D.C.M.), Dentistry (D.D.S. or D.M.D.), Medicine (M.D.), Optometry (O.D.), Osteopathic Medicine (D.O.), Pharmacy (Pharm.D.), Podiatry (Pod.D., D.P., or D.P.M.), Veterinary Medicine (D.V.M.), Law (J.D.)


Doctor's degree - professional practice A doctor's degree that is conferred upon completion of a program providing the knowledge and skills for the recognition, credential, or license required for professional practice. The degree is awarded after a period of study such that the total time to the degree, including both pre-professional and professional preparation, equals at least six full-time equivalent academic years."
Description,35,10516,OPENADMP,"Does your institution have an open admission policy for all or most entering first-time undergraduate-level students? 

OPEN ADMISSION - Admission policy whereby the school will accept any student who applies. 

FIRST-TIME STUDENT (UNDERGRADUATE) - A student attending any institution for the first time at the undergraduate level. Includes students enrolled in academic or occupational programs. Also includes students enrolled in the fall term who attended college for the first time in the prior summer term, and students who entered with advanced standing (college credits earned before graduation from high school)."
Description,36,16141,VET1,"Which of the following are available to veterans, military servicemembers, or their families? 
     
      Yellow Ribbon Program (officially known as Post-9/11 GI Bill, Yellow Ribbon Program)                     
      Credit for military training 
      Dedicated point of contact for support services for veterans, military servicemembers, and their families 
      Recognized student veteran organization 
      Member of Servicemembers Opportunity Colleges 
      None of the above 

Yellow Ribbon Program  
A voluntary program through which participating public and private institutions can provide veterans and eligible beneficiaries additional institutional aid to cover the costs of tuitions and fees at their institutions. The Yellow Ribbon Program is a supplementary program to the Post 9/11 GI Bill coverage of in-state tuition and fees. The Department of Veterans Affairs matches the institutional aid provided beyond the in-state tuition and fees, but to certain limit each year"
Description,37,16142,VET2,"Which of the following are available to veterans, military servicemembers, or their families? 
     
      Yellow Ribbon Program (officially known as Post-9/11 GI Bill, Yellow Ribbon Program)                     
      Credit for military training 
      Dedicated point of contact for support services for veterans, military servicemembers, and their families 
      Recognized student veteran organization 
      Member of Servicemembers Opportunity Colleges 
      None of the above 

Credit for Military Training - Postsecondary credit granted by institutions to military servicemen or veterans for experiences and training gained while in the service."
Description,38,16143,VET3,"Which of the following are available to veterans, military servicemembers, or their families? 
     
      Yellow Ribbon Program (officially known as Post-9/11 GI Bill, Yellow Ribbon Program)                     
      Credit for military training 
      Dedicated point of contact for support services for veterans, military servicemembers, and their families 
      Recognized student veteran organization 
      Member of Servicemembers Opportunity Colleges 
      None of the above"
Description,39,16144,VET4,"Which of the following are available to veterans, military servicemembers, or their families? 
     
      Yellow Ribbon Program (officially known as Post-9/11 GI Bill, Yellow Ribbon Program)                     
      Credit for military training 
      Dedicated point of contact for support services for veterans, military servicemembers, and their families 
      Recognized student veteran organization 
      Member of Servicemembers Opportunity Colleges 
      None of the above"
Description,40,16145,VET5,"Which of the following are available to veterans, military servicemembers, or their families? 
     
      Yellow Ribbon Program (officially known as Post-9/11 GI Bill, Yellow Ribbon Program)                     
      Credit for military training 
      Dedicated point of contact for support services for veterans, military servicemembers, and their families 
      Recognized student veteran organization 
      Member of Servicemembers Opportunity Colleges 
      None of the above Servicemembers Opportunity Colleges 

Servicemembers Opportunity Colleges - A membership group of over 1,700 institutions that functions to expand and improve voluntary postsecondary opportunities for servicemembers worldwide. It is funded by the Department of Defense through a contract with the American Association of State Colleges and Universities (AASCU)."
Description,41,16149,VET9,"Which of the following are available to veterans, military servicemembers, or their families? 
     
      Yellow Ribbon Program (officially known as Post-9/11 GI Bill, Yellow Ribbon Program)                     
      Credit for military training 
      Dedicated point of contact for support services for veterans, military servicemembers, and their families 
      Recognized student veteran organization 
      Member of Servicemembers Opportunity Colleges 
      None of the above"
Description,42,10681,CREDITS1,"Does your institution accept any of the following? [Check all that apply] 
Special credit upon entry - Please indicate if institution accepts credit earned prior to admission through any of the sources listed.

Dual enrollment

DUAL ENROLLMENT - Refers to students who enroll in college courses offered by an institution of higher education while enrolled in high school or seeking a recognized equivalent. Student performance is recorded on a college transcript and postsecondary credit is awarded for a passing grade in the course.
   - Includes: All postsecondary courses, independent of course delivery mode, course location, course instructor, whether secondary credit is also offered, and whether the student enrolls through a formal state/local program or enrolls outside a formal state/local program.
   - Excludes: Credit-by-exam models such as Advanced Placement and International Baccalaureate in which the student is not enrolled in a postsecondary institution."
Description,43,10686,CREDITS2,"Does your institution accept any of the following? [Check all that apply] 
Special credit upon entry - Please indicate if institution accepts credit earned prior to admission through any of the sources listed.

Credit for life experiences 

CREDIT FOR LIFE EXPERIENCES - Credit earned by students for what they have learned through independent study, noncredit adult courses, work experience, portfolio demonstration, previous licensure or certification, or completion of other learning opportunities (military, government, or professional). Credit may also be awarded through a credit by examination program"
Description,44,10691,CREDITS3,"Does your institution accept any of the following? [Check all that apply] 
Special credit upon entry - Please indicate if institution accepts credit earned prior to admission through any of the sources listed.

Advanced placement (AP) credits 

ADVANCED PLACEMENT - Advanced placement courses are college-level courses taught in high school. Students may take an examination at the completion of the course; acceptable scores allow students to earn college credit."
Description,45,10696,CREDITS4,"Does your institution accept any of the following? [Check all that apply] 
Special credit upon entry - Please indicate if institution accepts credit earned prior to admission through any of the sources listed.

None of above"
Description,46,10721,SLO5,"What types of special learning opportunities are offered by your institution? [Check all that apply] 
Special learning opportunities - Indicate which of the listed special learning opportunities are offered by your institution. Teacher certification refers to pre-K through 12; if your institution provides certification for some levels (e.g., elementary only and not secondary) be sure to indicate that only certain levels are offered. 


ROTC"
Description,47,10726,SLO51,"What types of special learning opportunities are offered by your institution? [Check all that apply] 
Special learning opportunities - Indicate which of the listed special learning opportunities are offered by your institution. Teacher certification refers to pre-K through 12; if your institution provides certification for some levels (e.g., elementary only and not secondary) be sure to indicate that only certain levels are offered. 

IF ROTC, Indicate if Army"
Description,48,10731,SLO52,"What types of special learning opportunities are offered by your institution? [Check all that apply] 
Special learning opportunities - Indicate which of the listed special learning opportunities are offered by your institution. Teacher certification refers to pre-K through 12; if your institution provides certification for some levels (e.g., elementary only and not secondary) be sure to indicate that only certain levels are offered. 

IF ROTC, Indicate if Navy"
Description,49,10736,SLO53,"What types of special learning opportunities are offered by your institution? [Check all that apply] 
Special learning opportunities - Indicate which of the listed special learning opportunities are offered by your institution. Teacher certification refers to pre-K through 12; if your institution provides certification for some levels (e.g., elementary only and not secondary) be sure to indicate that only certain levels are offered. 

IF ROTC, Indicate if Air Force"
Description,50,10741,SLO6,"What types of special learning opportunities are offered by your institution? [Check all that apply] 
Special learning opportunities - Indicate which of the listed special learning opportunities are offered by your institution. Teacher certification refers to pre-K through 12; if your institution provides certification for some levels (e.g., elementary only and not secondary) be sure to indicate that only certain levels are offered. 

Study abroad 

STUDY ABROAD - Arrangement by which a student completes part of the college program studying in another country. Can be at a campus abroad or through a cooperative agreement with some other U.S. college or an institution of another country."
Description,51,10746,SLO7,"What types of special learning opportunities are offered by your institution? [Check all that apply] 
Special learning opportunities - Indicate which of the listed special learning opportunities are offered by your institution. Teacher certification refers to pre-K through 12; if your institution provides certification for some levels (e.g., elementary only and not secondary) be sure to indicate that only certain levels are offered. 

Weekend college 

Weekend/evening College - A program that allows students to take a complete course of study and attend classes only on weekends or only in evenings."
Description,52,10751,SLO8,"What types of special learning opportunities are offered by your institution? [Check all that apply] 
Special learning opportunities - Indicate which of the listed special learning opportunities are offered by your institution. Teacher certification refers to pre-K through 12; if your institution provides certification for some levels (e.g., elementary only and not secondary) be sure to indicate that only certain levels are offered. 

Teacher certification (below the postsecondary level) 

TEACHER CERTIFICATION - Program designed to prepare students to meet the requirements for certification as teachers in elementary, middle/junior high, and secondary schools."
Description,53,10756,SLO81,"What types of special learning opportunities are offered by your institution? [Check all that apply] 
Special learning opportunities - Indicate which of the listed special learning opportunities are offered by your institution. Teacher certification refers to pre-K through 12; if your institution provides certification for some levels (e.g., elementary only and not secondary) be sure to indicate that only certain levels are offered. 

If Teacher certification (below the postsecondary level), indicate if students can complete their  preparation in certain areas of specialization 

TEACHER CERTIFICATION - Program designed to prepare students to meet the requirements for certification as teachers in elementary, middle/junior high, and secondary schools."
Description,54,10761,SLO82,"What types of special learning opportunities are offered by your institution? [Check all that apply] 
Special learning opportunities - Indicate which of the listed special learning opportunities are offered by your institution. Teacher certification refers to pre-K through 12; if your institution provides certification for some levels (e.g., elementary only and not secondary) be sure to indicate that only certain levels are offered. 

If Teacher certification (below the postsecondary level), indicate if students must complete their preparation at another institution for certain areas of specialization 

TEACHER CERTIFICATION - Program designed to prepare students to meet the requirements for certification as teachers in elementary, middle/junior high, and secondary schools."
Description,55,10766,SLO83,"What types of special learning opportunities are offered by your institution? [Check all that apply] 
Special learning opportunities - Indicate which of the listed special learning opportunities are offered by your institution. Teacher certification refers to pre-K through 12; if your institution provides certification for some levels (e.g., elementary only and not secondary) be sure to indicate that only certain levels are offered. 

If Teacher certification (below the postsecondary level), indicate if this institution is approved by the state for the initial certification or licensure of teachers 

TEACHER CERTIFICATION - Program designed to prepare students to meet the requirements for certification as teachers in elementary, middle/junior high, and secondary schools."
Description,56,10771,SLO9,"What types of special learning opportunities are offered by your institution? [Check all that apply] 
Special learning opportunities - Indicate which of the listed special learning opportunities are offered by your institution. Teacher certification refers to pre-K through 12; if your institution provides certification for some levels (e.g., elementary only and not secondary) be sure to indicate that only certain levels are offered. 

Institution does not have any of the following special learning opportunities: Accelerated programs, Cooperative (work study), Distance learning, Dual enrollment, ROTC, Study abroad, Weekend college, or Teacher certification (below thepostsecondary level)."
Description,57,10776,YRSCOLL,"If your institution grants a bachelor's degree or higher but does not offer a full 4-year program of study at the undergraduate level, how many years of completed college-level work are required for entrance? 

Number of years"
Description,58,10781,STUSRV1,"Which of the following selected students services are offered by your institution? [Check all that apply] 
Student Services - Indicate which of the listed services are offered by your institution

Remedial services 

REMEDIAL SERVICES - Instructional activities designed for students deficient in the general competencies necessary for a regular postsecondary curriculum and educational setting."
Description,59,10786,STUSRV2,"Which of the following selected students services are offered by your institution? [Check all that apply] 
Student Services - Indicate which of the listed services are offered by your institution

Academic/career counseling services 

COUNSELING SERVICE - Activities designed to assist students in making plans and decisions related to their education, career, or personal development."
Description,60,10791,STUSRV3,"Which of the following selected students services are offered by your institution? [Check all that apply] 
Student Services - Indicate which of the listed services are offered by your institution

Employment services for current students 

EMPLOYMENT SERVICES FOR CURRENT STUDENTS - Activities intended to assist students in obtaining part-time employment as a means of defraying part of the cost of their education."
Description,61,10796,STUSRV4,"Which of the following selected students services are offered by your institution? [Check all that apply] 
Student Services - Indicate which of the listed services are offered by your institution

Placement services for program completers 

PLACEMENT SERVICES FOR PROGRAM COMPLETERS - Assistance for students in evaluating their career alternatives as well as in obtaining full-time employment upon leaving the institution."
Description,62,10801,STUSRV8,"Which of the following selected students services are offered by your institution? [Check all that apply] 
Student Services - Indicate which of the listed services are offered by your institution

On-campus day care for children of students 

DAY CARE SERVICE - A student service designed to provide appropriate care and protection of infants, preschool, and school-age children so their parents can participate in postsecondary education programs."
Description,63,10806,STUSRV9,"Which of the following selected students services are offered by your institution? [Check all that apply] 
Student Services - Indicate which of the listed services are offered by your institution

None of the following selected students serveices are offered:
Remedial services, Academic/career counseling services, Employment services for current students, Placement services for program completers, or On-campus day care for children of students"
Description,64,16151,LIBRES1,"Indicate whether your institution offers any of the listed resources or services. If none of the listed resources/services apply, select ""None of the above"". 

Physical facilities

Academic Library - An entity in a postsecondary institution that provides an organized collection of printed or other materials, or a combination thereof; a staff trained to provide and interpret such materials as required to meet the informational, cultural, recreational, or educational needs of the clientele; an established schedule in which services of the staff are available to the clientele; an established schedule in which services of the staff are available to the clientele; and the physical facilities necessary to support such a collection, staff, and schedule. This definition includes libraries that are part of learning resource centers."
Description,65,16153,LIBRES2,"Indicate whether your institution offers any of the listed resources or services. If none of the listed resources/services apply, select ""None of the above"". 

An organized collection of printed materials

Academic Library - An entity in a postsecondary institution that provides an organized collection of printed or other materials, or a combination thereof; a staff trained to provide and interpret such materials as required to meet the informational, cultural, recreational, or educational needs of the clientele; an established schedule in which services of the staff are available to the clientele; an established schedule in which services of the staff are available to the clientele; and the physical facilities necessary to support such a collection, staff, and schedule. This definition includes libraries that are part of learning resource centers."
Description,66,16155,LIBRES3,"Indicate whether your institution offers any of the listed resources or services. If none of the listed resources/services apply, select ""None of the above"". 

Access to digital/electronic resources

Academic Library - An entity in a postsecondary institution that provides an organized collection of printed or other materials, or a combination thereof; a staff trained to provide and interpret such materials as required to meet the informational, cultural, recreational, or educational needs of the clientele; an established schedule in which services of the staff are available to the clientele; an established schedule in which services of the staff are available to the clientele; and the physical facilities necessary to support such a collection, staff, and schedule. This definition includes libraries that are part of learning resource centers."
Description,67,16157,LIBRES4,"Indicate whether your institution offers any of the listed resources or services. If none of the listed resources/services apply, select ""None of the above"". 

A staff trained to provide and interpret library materials

Academic Library - An entity in a postsecondary institution that provides an organized collection of printed or other materials, or a combination thereof; a staff trained to provide and interpret such materials as required to meet the informational, cultural, recreational, or educational needs of the clientele; an established schedule in which services of the staff are available to the clientele; an established schedule in which services of the staff are available to the clientele; and the physical facilities necessary to support such a collection, staff, and schedule. This definition includes libraries that are part of learning resource centers."
Description,68,16159,LIBRES5,"Indicate whether your institution offers any of the listed resources or services. If none of the listed resources/services apply, select ""None of the above"". 

Established library hours

Academic Library - An entity in a postsecondary institution that provides an organized collection of printed or other materials, or a combination thereof; a staff trained to provide and interpret such materials as required to meet the informational, cultural, recreational, or educational needs of the clientele; an established schedule in which services of the staff are available to the clientele; an established schedule in which services of the staff are available to the clientele; and the physical facilities necessary to support such a collection, staff, and schedule. This definition includes libraries that are part of learning resource centers."
Description,69,16161,LIBRES6,"Indicate whether your institution offers any of the listed resources or services. If none of the listed resources/services apply, select ""None of the above"". 

Access to library collections that are shared with other institutions

Academic Library - An entity in a postsecondary institution that provides an organized collection of printed or other materials, or a combination thereof; a staff trained to provide and interpret such materials as required to meet the informational, cultural, recreational, or educational needs of the clientele; an established schedule in which services of the staff are available to the clientele; an established schedule in which services of the staff are available to the clientele; and the physical facilities necessary to support such a collection, staff, and schedule. This definition includes libraries that are part of learning resource centers."
Description,70,16163,LIBRES9,"Indicate whether your institution offers any of the listed resources or services. If none of the listed resources/services apply, select ""None of the above"". 

None of the above

Academic Library - An entity in a postsecondary institution that provides an organized collection of printed or other materials, or a combination thereof; a staff trained to provide and interpret such materials as required to meet the informational, cultural, recreational, or educational needs of the clientele; an established schedule in which services of the staff are available to the clientele; an established schedule in which services of the staff are available to the clientele; and the physical facilities necessary to support such a collection, staff, and schedule. This definition includes libraries that are part of learning resource centers."
Description,71,15241,TUITPL,"Indicate whether or not any of the following alternative tuition plans are offered by your institution.

Tuition guarantee
Prepaid tuition plan
Tuition payment plan
Other

Tuition guarantee - A program where the institution guarantees, to entering first-time students, that tuition will not increase for the years they are enrolled. These guarantees are generally time-bound for four or five years.
Prepaid tuition plan - A program that allows students or their families to purchase college tuition or tuition credits for future years, at current prices.
Tuition payment plan - A program that allows tuition to be paid in installments spread out over an agreed upon period of time, sometimes without interest or finance charges."
Description,72,15244,TUITPL1,"Indicate whether or not any of the following alternative tuition plans are offered by your institution.

Tuition guarantee

Tuition guarantee - A program where the institution guarantees, to entering first-time students, that tuition will not increase for the years they are enrolled. These guarantees are generally time-bound for four or five years."
Description,73,15247,TUITPL2,"Indicate whether or not any of the following alternative tuition plans are offered by your institution.

Prepaid tuition plan

Prepaid tuition plan - A program that allows students or their families to purchase college tuition or tuition credits for future years, at current prices."
Description,74,15250,TUITPL3,"Indicate whether or not any of the following alternative tuition plans are offered by your institution.

Tuition payment plan

Tuition payment plan - A program that allows tuition to be paid in installments spread out over an agreed upon period of time, sometimes without interest or finance charges."
Description,75,15253,TUITPL4,"Indicate whether or not any of the following alternative tuition plans are offered by your institution

Other - (not one of the above alternative plans)."
Description,76,15421,DSTNUGC,"Please indicate at what level(s) your institution does or does not offer distance education courses and/or distance education programs. Check all that apply.

Undergraduate level distant education courses

Distance education course	 - A course in which the instructional content is delivered exclusively via distance education.  Requirements for coming to campus for orientation, testing, or academic support services do not exclude a course from being classified as distance education."
Description,77,15426,DSTNUGP,"Please indicate at what level(s) your institution does or does not offer distance education courses and/or distance education programs. Check all that apply.

Undergraduate level distant education progams

Distance education program	 - A program for which all the required coursework for program completion is able to be completed via distance education courses."
Description,78,15431,DSTNUGN,"Please indicate at what level(s) your institution does or does not offer distance education courses and/or distance education programs. Check all that apply.

Undergraduate level distant education not offered

Distance education course	 - A course in which the instructional content is delivered exclusively via distance education.  Requirements for coming to campus for orientation, testing, or academic support services do not exclude a course from being classified as distance education.

Distance education program	 - A program for which all the required coursework for program completion is able to be completed via distance education courses."
Description,79,15436,DSTNGC,"Please indicate at what level(s) your institution does or does not offer distance education courses and/or distance education programs. Check all that apply.

Graduate level distant education courses

Distance education course	 - A course in which the instructional content is delivered exclusively via distance education.  Requirements for coming to campus for orientation, testing, or academic support services do not exclude a course from being classified as distance education."
Description,80,15441,DSTNGP,"Please indicate at what level(s) your institution does or does not offer distance education courses and/or distance education programs. Check all that apply.

Graduate level distant education progams

Distance education program	 - A program for which all the required coursework for program completion is able to be completed via distance education courses."
Description,81,15446,DSTNGN,"Please indicate at what level(s) your institution does or does not offer distance education courses and/or distance education programs. Check all that apply.

Graduate level distant education not offered

Distance education course	 - A course in which the instructional content is delivered exclusively via distance education.  Requirements for coming to campus for orientation, testing, or academic support services do not exclude a course from being classified as distance education.

Distance education program	 - A program for which all the required coursework for program completion is able to be completed via distance education courses."
Description,82,15400,DISTCRS,"Does your institution offer distance education courses?

A course in which the instructional content is delivered exclusively via distance education.  Requirements for coming to campus for orientation, testing, or academic support services do not exclude a course from being classified as distance education."
Description,83,15451,DISTPGS,"Please indicate at what level(s) your institution does or does not offer distance education courses and/or distance education programs. Check all that apply.

Distant education progams offered

Distance education program	 - A program for which all the required coursework for program completion is able to be completed via distance education courses."
Description,84,15406,DSTNCED1,"Please indicate at what level(s) your institution offers distance education opportunities (courses and/or programs).

Undergraduate

Distance education  Education that uses one or more technologies to deliver instruction to students who are separated from the instructor and to support regular and substantive interaction between the students and the instructor synchronously or asynchronously. Technologies used for instruction may include the following: Internet; one-way and two-way transmissions through open broadcasts, closed circuit, cable, microwave, broadband lines, fiber optics, satellite or wireless communication devices; audio conferencing; and video cassette, DVDs, and CD-ROMs, if the cassette, DVDs, and CD-ROMs are used in a course in conjunction with the technologies listed above.

Undergraduate  - A student enrolled in a 4- or 5-year bachelor's degree program, an associate's degree program, or a vocational or technical program below the baccalaureate."
Description,85,15411,DSTNCED2,"Please indicate at what level(s) your institution offers distance education opportunities (courses and/or programs).

Graduate

Distance education -  Education that uses one or more technologies to deliver instruction to students who are separated from the instructor and to support regular and substantive interaction between the students and the instructor synchronously or asynchronously. Technologies used for instruction may include the following: Internet; one-way and two-way transmissions through open broadcasts, closed circuit, cable, microwave, broadband lines, fiber optics, satellite or wireless communication devices; audio conferencing; and video cassette, DVDs, and CD-ROMs, if the cassette, DVDs, and CD-ROMs are used in a course in conjunction with the technologies listed above.

Graduate - A student who holds a bachelor's or first-professional degree, or equivalent, and is taking courses at the post-baccalaureate level. These students may or may not be enrolled in graduate programs"
Description,86,15416,DSTNCED3,"Please indicate at what level(s) your institution offers distance education opportunities (courses and/or programs).

Does not offer distance education opportunites

Distance education  Education that uses one or more technologies to deliver instruction to students who are separated from the instructor and to support regular and substantive interaction between the students and the instructor synchronously or asynchronously.

Technologies used for instruction may include the following: Internet; one-way and two-way transmissions through open broadcasts, closed circuit, cable, microwave, broadband lines, fiber optics, satellite or wireless communication devices; audio conferencing; and video cassette, DVDs, and CD-ROMs, if the cassette, DVDs, and CD-ROMs are used in a course in conjunction with the technologies listed above."
Description,87,15401,DISTNCED,"Are all the programs at your institution offered completely via distance education?

A program for which all the required coursework for program completion is able to be completed via distance education courses."
Description,88,24566,DISAB,"Please indicate the percentage of all undergraduates enrolled in Fall 2019 who are formally registered as students with disabilities with the institution's office of disability services (or the equivalent office):

This variable applies only to undergraduate students enrolled either full- or part-time. If fewer than 3% of the institution’s undergraduate students are registered with the disability services (or equivalent) office, the actual percent is not indicated. However, if more than 3% of the institution’s undergraduate students are registered with the disability services (or equivalent) office, the appropriate percentage is given.
See variable DISABPCT."
Description,89,24571,DISABPCT,Enter percentage when the percentage of all undergraduates enrolled in Fall 2019 who are formally registered as students with disabilities with the institution's office of disability services (or the equivalent office) if percentage is more than 3 percent
Description,90,15066,ALLONCAM,"Are all full-time, first-time degree/certificate-seeking students required to live on campus or in institutionally-controlled housing?  
If Yes to this question, institution is expected to specify a housing capacity, and to report room and board charges, or a comprehensive fee.  

FIRST-TIME STUDENT (UNDERGRADUATE) - A student attending any institution for the first time at the undergraduate level. Includes students enrolled in academic or occupational programs. Also includes students enrolled in the fall term who attended college for the first time in the prior summer term, and students who entered with advanced standing (college credits earned before graduation from high school). 
FULL-TIME Undergraduate - 
A student enrolled for 12 or more semester credits, or 12 or more quarter credits, or 24 or more clock hours a week each term."
Description,91,10961,TUITVARY,"Does your institution charge different tuition for in-district, in-state, or out-of-state students? 

TUITION AND REQUIRED FEES (Tuition)- Amount of money charged to students for instructional services. Tuition may be charged per term, per course, or per credit. (Required fees) - Fixed sum charged to students for items not covered by tuition and required of such a large proportion of all students that the student who does NOT pay the charge is an exception. 
IN-DISTRICT STUDENT - A student who is a legal resident of the locality in which he/she attends school and thus is entitled to reduced tuition charges if offered by the institution .
IN-STATE STUDENT - A student who is a legal resident of the state in which he/she attends school. 
OUT-OF-STATE STUDENT -A student who is not a legal resident of the state in which he/she attends school."
Description,92,10966,ROOM,Does your institution provide on-campus housing?
Description,93,10971,ROOMCAP,"If institution provides on-campus housing, specify dormitory capacity for academic year 

DORMITORY CAPACITY - The maximum number of students that the institution can provide residential facilities for, whether on or off campus. (off-campus dormitory space that is reserved by the institution)."
Description,94,10976,BOARD,"Does your institution provide board or meal plans to your students?

BOARD CHARGES - The charge for an academic year for meals, for a specified number of meals per week."
Description,95,10981,MEALSWK,"If board or meal plans are provide, enter number of meals per week in the maximum meal plan offered. 
If the number of meals per week can vary (for example, student receives a meal card and charges meals against the card) this field is not applicable.

BOARD CHARGES - The charge for an academic year for meals, for a specified number of meals per week."
Description,96,10986,ROOMAMT,"What are the typical room and board charges for a student for the full academic year 2018-19 ?

Room charges

ROOM CHARGES - The charges for an academic year for rooming accommodations for a typical student sharing a room with one other student."
Description,97,10991,BOARDAMT,"What are the typical room and board charges for a student for the full academic year 2018-19 ?

Board charges

BOARD CHARGES - The charge for an academic year for meals, for a specified number of meals per week."
Description,98,10996,RMBRDAMT,"What are the typical room and board charges for a student for the full academic year 2018-19?

Combined room and board charge (applicable only if institution CANNOT separate room and board charges.)

ROOM CHARGES - The charges for an academic year for rooming accommodations for a typical student sharing a room with one other student. 
BOARD CHARGES - The charge for an academic year for meals, for a specified number of meals per week."
Description,99,10911,APPLFEEU,"If insitution charges an application fee, indicate the amount of fee.

Undergraduate

APPLICATION FEE - That amount of money that an institution charges for processing a student's application for admittance to the institution. This amount is not creditable toward tuition or required fees, nor is it refundable if the student is not admitted to the institution. 
UNDERGRADUATE - A student enrolled in a 4- or 5-year bachelor's degree program, an associate's degree program, or a vocational or technical program below the baccalaureate."
Description,100,10916,APPLFEEG,"If insitution charges an application fee, indicate the amount of fee.

Graduate

APPLICATION FEE - That amount of money that an institution charges for processing a student's application for admittance to the institution. This amount is not creditable toward tuition or required fees, nor is it refundable if the student is not admitted to the institution. 
GRADUATE STUDENT 
A student who holds a bachelor's or first-professional degree, or equivalent, and is taking courses at the post-baccalaureate level. These students may or may not be enrolled in graduate programs."
Description,101,10816,ATHASSOC,Member of National Athletic Association (Yes/No)
Description,102,10821,ASSOC1,"If the institution is a member of a national athletic association 

National Collegiate Athletic Association (NCAA)"
Description,103,10826,ASSOC2,"If the institution is a member of a national athletic association 

National Association of Intercollegiate Athletics (NAIA)"
Description,104,10831,ASSOC3,"If the institution is a member of a national athletic association 

National Junior College Athletic Association (NJCAA)"
Description,105,10836,ASSOC4,"If the institution is a member of a national athletic association
 
National Small College Athletic Association (NSCAA)"
Description,106,10841,ASSOC5,"If the institution is a member of a national athletic association

National Christian College Athletic Association (NCCAA)"
Description,107,10846,ASSOC6,"If the institution is a member of a national athletic association

Other, not one of the above associations"
Description,108,10851,SPORT1,"If this institution is a member of the NCAA or NAIA, specify the conference FOR EACH SPORT 

NCAA or NAIA member for football (Yes/No)"
Description,109,10856,CONFNO1,"If this institution is a member of the NCAA or NAIA, specify the conference FOR EACH SPORT 

If NCAA or NAIA member for football, specify conference"
Description,110,10861,SPORT2,"If this institution is a member of the NCAA or NAIA, specify the conference FOR EACH SPORT 

NCAA or NAIA member for basketball (Yes/No)"
Description,111,10866,CONFNO2,"If this institution is a member of the NCAA or NAIA, specify the conference FOR EACH SPORT 

If NCAA or NAIA member for basketball, specify conference"
Description,112,10871,SPORT3,"If this institution is a member of the NCAA or NAIA, specify the conference FOR EACH SPORT 

NCAA or NAIA member for baseball (Yes/No)"
Description,113,10876,CONFNO3,"If this institution is a member of the NCAA or NAIA, specify the conference FOR EACH SPORT 

If NCAA or NAIA member for baseball, specify conference"
Description,114,10881,SPORT4,"If this institution is a member of the NCAA or NAIA, specify the conference FOR EACH SPORT 

NCAA or NAIA member for cross country/track (Yes/No)"
Description,115,10886,CONFNO4,"If this institution is a member of the NCAA or NAIA, specify the conference FOR EACH SPORT 

If NCAA or NAIA member for cross country/track, specify conference"
Description,116,,,
Description,117,,,
Description,118,,,
Description,119,,,
Description,120,,,
Description,121,,,
Frequencies,0,varnumber,varname,codevalue,valuelabel,frequency,percent
Frequencies,1,10361,PEO1ISTR,1,Yes,3943,62.95
Frequencies,2,10361,PEO1ISTR,0,Implied no,2321,37.049999999999997
Frequencies,3,10366,PEO2ISTR,1,Yes,4349,69.430000000000007
Frequencies,4,10366,PEO2ISTR,0,Implied no,1915,30.57
Frequencies,5,10371,PEO3ISTR,1,Yes,805,12.85
Frequencies,6,10371,PEO3ISTR,0,Implied no,2025,32.33
Frequencies,7,10371,PEO3ISTR,-2,Not applicable,3434,54.82
Frequencies,8,10376,PEO4ISTR,1,Yes,1069,17.07
Frequencies,9,10376,PEO4ISTR,0,Implied no,5195,82.93
Frequencies,10,10381,PEO5ISTR,1,Yes,1220,19.48
Frequencies,11,10381,PEO5ISTR,0,Implied no,5044,80.52
Frequencies,12,10386,PEO6ISTR,1,Yes,358,5.72
Frequencies,13,10386,PEO6ISTR,0,Implied no,5906,94.28
Frequencies,14,10391,CNTLAFFI,1,Public,1993,31.82
Frequencies,15,10391,CNTLAFFI,2,Private for-profit,2407,38.43
Frequencies,16,10391,CNTLAFFI,3,Private not-for-profit (no religious affiliation),960,15.33
Frequencies,17,10391,CNTLAFFI,4,Private not-for-profit (religious affiliation),904,14.43
Frequencies,18,10396,PUBPRIME,1,Federal,17,0.27
Frequencies,19,10396,PUBPRIME,2,State,1472,23.5
Frequencies,20,10396,PUBPRIME,3,Territorial,10,0.16
Frequencies,21,10396,PUBPRIME,4,School district,234,3.74
Frequencies,22,10396,PUBPRIME,5,County,90,1.44
Frequencies,23,10396,PUBPRIME,7,City,13,0.21
Frequencies,24,10396,PUBPRIME,8,Special district,108,1.72
Frequencies,25,10396,PUBPRIME,9,Other,49,0.78
Frequencies,26,10396,PUBPRIME,-2,Not applicable,4271,68.180000000000007
Frequencies,27,10401,PUBSECON,1,Federal,14,0.22
Frequencies,28,10401,PUBSECON,2,State,141,2.25
Frequencies,29,10401,PUBSECON,3,Territorial,8,0.13
Frequencies,30,10401,PUBSECON,4,School district,69,1.1000000000000001
Frequencies,31,10401,PUBSECON,5,County,54,0.86
Frequencies,32,10401,PUBSECON,6,Township,1,0.02
Frequencies,33,10401,PUBSECON,7,City,4,0.06
Frequencies,34,10401,PUBSECON,8,Special district,23,0.37
Frequencies,35,10401,PUBSECON,9,Other,39,0.62
Frequencies,36,10401,PUBSECON,0,Implied no,1640,26.18
Frequencies,37,10401,PUBSECON,-2,Not applicable,4271,68.180000000000007
Frequencies,38,10406,RELAFFIL,51,African Methodist Episcopal,6,0.1
Frequencies,39,10406,RELAFFIL,24,African Methodist Episcopal Zion Church,3,0.05
Frequencies,40,10406,RELAFFIL,52,American Baptist,17,0.27
Frequencies,41,10406,RELAFFIL,22,American Evangelical Lutheran Church,1,0.02
Frequencies,42,10406,RELAFFIL,27,Assemblies of God Church,15,0.24
Frequencies,43,10406,RELAFFIL,54,Baptist,62,0.99
Frequencies,44,10406,RELAFFIL,28,Brethren Church,2,0.03
Frequencies,45,10406,RELAFFIL,34,Christ and Missionary Alliance Church,4,0.06
Frequencies,46,10406,RELAFFIL,61,Christian Church (Disciples of Christ),19,0.3
Frequencies,47,10406,RELAFFIL,48,Christian Churches and Churches of Christ,15,0.24
Frequencies,48,10406,RELAFFIL,55,Christian Methodist Episcopal,4,0.06
Frequencies,49,10406,RELAFFIL,35,Christian Reformed Church,3,0.05
Frequencies,50,10406,RELAFFIL,58,Church of Brethren,4,0.06
Frequencies,51,10406,RELAFFIL,57,Church of God,10,0.16
Frequencies,52,10406,RELAFFIL,59,Church of the Nazarene,10,0.16
Frequencies,53,10406,RELAFFIL,74,Churches of Christ,18,0.28999999999999998
Frequencies,54,10406,RELAFFIL,60,Cumberland Presbyterian,2,0.03
Frequencies,55,10406,RELAFFIL,50,"Episcopal Church, Reformed",2,0.03
Frequencies,56,10406,RELAFFIL,102,Evangelical Christian,4,0.06
Frequencies,57,10406,RELAFFIL,36,Evangelical Congregational Church,1,0.02
Frequencies,58,10406,RELAFFIL,37,Evangelical Covenant Church of America,2,0.03
Frequencies,59,10406,RELAFFIL,38,Evangelical Free Church of America,2,0.03
Frequencies,60,10406,RELAFFIL,39,Evangelical Lutheran Church,27,0.43
Frequencies,61,10406,RELAFFIL,64,Free Methodist,5,0.08
Frequencies,62,10406,RELAFFIL,41,Free Will Baptist Church,4,0.06
Frequencies,63,10406,RELAFFIL,65,Friends,7,0.11
Frequencies,64,10406,RELAFFIL,105,General Baptist,1,0.02
Frequencies,65,10406,RELAFFIL,91,Greek Orthodox,2,0.03
Frequencies,66,10406,RELAFFIL,42,Interdenominational,38,0.61
Frequencies,67,10406,RELAFFIL,80,Jewish,37,0.59
Frequencies,68,10406,RELAFFIL,68,Lutheran Church - Missouri Synod,10,0.16
Frequencies,69,10406,RELAFFIL,67,Lutheran Church in America,2,0.03
Frequencies,70,10406,RELAFFIL,43,Mennonite Brethren Church,2,0.03
Frequencies,71,10406,RELAFFIL,69,Mennonite Church,6,0.1
Frequencies,72,10406,RELAFFIL,87,Missionary Church Inc,1,0.02
Frequencies,73,10406,RELAFFIL,44,Moravian Church,2,0.03
Frequencies,74,10406,RELAFFIL,78,Multiple Protestant Denomination,6,0.1
Frequencies,75,10406,RELAFFIL,106,Muslim,1,0.02
Frequencies,76,10406,RELAFFIL,108,Non-Denominational,8,0.13
Frequencies,77,10406,RELAFFIL,45,North American Baptist,1,0.02
Frequencies,78,10406,RELAFFIL,100,Original Free Will Baptist,1,0.02
Frequencies,79,10406,RELAFFIL,79,Other Protestant,27,0.43
Frequencies,80,10406,RELAFFIL,47,Pentecostal Holiness Church,3,0.05
Frequencies,81,10406,RELAFFIL,107,Plymouth Brethren,1,0.02
Frequencies,82,10406,RELAFFIL,103,Presbyterian,3,0.05
Frequencies,83,10406,RELAFFIL,66,Presbyterian Church (USA),54,0.86
Frequencies,84,10406,RELAFFIL,73,Protestant Episcopal,8,0.13
Frequencies,85,10406,RELAFFIL,49,Reformed Church in America,5,0.08
Frequencies,86,10406,RELAFFIL,81,Reformed Presbyterian Church,2,0.03
Frequencies,87,10406,RELAFFIL,30,Roman Catholic,241,3.85
Frequencies,88,10406,RELAFFIL,92,Russian Orthodox,1,0.02
Frequencies,89,10406,RELAFFIL,95,Seventh Day Adventist,14,0.22
Frequencies,90,10406,RELAFFIL,75,Southern Baptist,25,0.4
Frequencies,91,10406,RELAFFIL,94,The Church of Jesus Christ of Latter-day Saints,4,0.06
Frequencies,92,10406,RELAFFIL,97,The Presbyterian Church in America,2,0.03
Frequencies,93,10406,RELAFFIL,88,Undenominational,20,0.32
Frequencies,94,10406,RELAFFIL,93,Unitarian Universalist,2,0.03
Frequencies,95,10406,RELAFFIL,84,United Brethren Church,1,0.02
Frequencies,96,10406,RELAFFIL,76,United Church of Christ,14,0.22
Frequencies,97,10406,RELAFFIL,71,United Methodist,88,1.4
Frequencies,98,10406,RELAFFIL,89,Wesleyan,8,0.13
Frequencies,99,10406,RELAFFIL,33,Wisconsin Evangelical Lutheran Synod,2,0.03
Frequencies,100,10406,RELAFFIL,99,Other (none of the above),12,0.19
Frequencies,101,10406,RELAFFIL,-2,Not applicable,5360,85.57
Frequencies,102,10411,LEVEL1,1,Yes,3187,50.88
Frequencies,103,10411,LEVEL1,0,Implied no,3077,49.12
Frequencies,104,10412,LEVEL1A,1,Yes,924,14.75
Frequencies,105,10412,LEVEL1A,0,Implied no,5340,85.25
Frequencies,106,10413,LEVEL1B,1,Yes,3054,48.75
Frequencies,107,10413,LEVEL1B,0,implied no,3210,51.25
Frequencies,108,10416,LEVEL2,1,Yes,3833,61.19
Frequencies,109,10416,LEVEL2,0,Implied no,2431,38.81
Frequencies,110,10421,LEVEL3,1,Yes,2682,42.82
Frequencies,111,10421,LEVEL3,0,Implied no,3582,57.18
Frequencies,112,10426,LEVEL4,1,Yes,754,12.04
Frequencies,113,10426,LEVEL4,0,Implied no,5510,87.96
Frequencies,114,10431,LEVEL5,1,Yes,2513,40.119999999999997
Frequencies,115,10431,LEVEL5,0,Implied no,1984,31.67
Frequencies,116,10431,LEVEL5,-2,Not applicable,1767,28.21
Frequencies,117,10436,LEVEL6,1,Yes,1146,18.3
Frequencies,118,10436,LEVEL6,0,Implied no,3351,53.5
Frequencies,119,10436,LEVEL6,-2,Not applicable,1767,28.21
Frequencies,120,10441,LEVEL7,1,Yes,2061,32.9
Frequencies,121,10441,LEVEL7,0,Implied no,2436,38.89
Frequencies,122,10441,LEVEL7,-2,Not applicable,1767,28.21
Frequencies,123,10446,LEVEL8,1,Yes,795,12.69
Frequencies,124,10446,LEVEL8,0,Implied no,3702,59.1
Frequencies,125,10446,LEVEL8,-2,Not applicable,1767,28.21
Frequencies,126,10466,LEVEL12,0,Implied no,6264,100
Frequencies,127,10452,LEVEL17,1,Yes,841,13.43
Frequencies,128,10452,LEVEL17,0,Implied no,3656,58.37
Frequencies,129,10452,LEVEL17,-2,Not applicable,1767,28.21
Frequencies,130,10453,LEVEL18,1,Yes,839,13.39
Frequencies,131,10453,LEVEL18,0,Implied no,3658,58.4
Frequencies,132,10453,LEVEL18,-2,Not applicable,1767,28.21
Frequencies,133,10454,LEVEL19,1,Yes,156,2.4900000000000002
Frequencies,134,10454,LEVEL19,0,Implied no,4341,69.3
Frequencies,135,10454,LEVEL19,-2,Not applicable,1767,28.21
Frequencies,136,10901,CALSYS,1,Semester,3135,50.05
Frequencies,137,10901,CALSYS,2,Quarter,357,5.7
Frequencies,138,10901,CALSYS,3,Trimester,138,2.2000000000000002
Frequencies,139,10901,CALSYS,4,Four-one-four plan,105,1.68
Frequencies,140,10901,CALSYS,5,Other academic year,180,2.87
Frequencies,141,10901,CALSYS,6,Differs by program,836,13.35
Frequencies,142,10901,CALSYS,7,Continuous,1441,23
Frequencies,143,10901,CALSYS,-2,Not applicable,72,1.1499999999999999
Frequencies,144,10926,FT_UG,1,Yes,5855,93.47
Frequencies,145,10926,FT_UG,2,No,337,5.38
Frequencies,146,10926,FT_UG,-2,Not applicable,72,1.1499999999999999
Frequencies,147,10931,FT_FTUG,1,Yes,5710,91.16
Frequencies,148,10931,FT_FTUG,2,No,482,7.69
Frequencies,149,10931,FT_FTUG,-2,Not applicable,72,1.1499999999999999
Frequencies,150,15301,FTGDNIDP,1,Yes,2024,32.31
Frequencies,151,15301,FTGDNIDP,2,No,1675,26.74
Frequencies,152,15301,FTGDNIDP,-2,Not applicable,2565,40.950000000000003
Frequencies,153,10946,PT_UG,1,Yes,4330,69.13
Frequencies,154,10946,PT_UG,2,No,1862,29.73
Frequencies,155,10946,PT_UG,-2,Not applicable,72,1.1499999999999999
Frequencies,156,10951,PT_FTUG,1,Yes,3852,61.49
Frequencies,157,10951,PT_FTUG,2,No,2340,37.36
Frequencies,158,10951,PT_FTUG,-2,Not applicable,72,1.1499999999999999
Frequencies,159,15306,PTGDNIDP,1,Yes,1898,30.3
Frequencies,160,15306,PTGDNIDP,2,No,1801,28.75
Frequencies,161,15306,PTGDNIDP,-2,Not applicable,2565,40.950000000000003
Frequencies,162,15311,DOCPP,1,Yes,803,12.82
Frequencies,163,15311,DOCPP,-2,Not applicable,5461,87.18
Frequencies,164,15316,DOCPPSP,1,Yes,406,6.48
Frequencies,165,15316,DOCPPSP,2,No,397,6.34
Frequencies,166,15316,DOCPPSP,-2,Not applicable,5461,87.18
Frequencies,167,10516,OPENADMP,1,Yes,3770,60.19
Frequencies,168,10516,OPENADMP,2,No,1993,31.82
Frequencies,169,10516,OPENADMP,-2,Not applicable,501,8
Frequencies,170,16141,VET1,1,Yes,2853,45.55
Frequencies,171,16141,VET1,0,Implied no,3329,53.14
Frequencies,172,16141,VET1,-1,Not reported,10,0.16
Frequencies,173,16141,VET1,-2,Not applicable,72,1.1499999999999999
Frequencies,174,16142,VET2,1,Yes,2894,46.2
Frequencies,175,16142,VET2,0,Implied no,3288,52.49
Frequencies,176,16142,VET2,-1,Not reported,10,0.16
Frequencies,177,16142,VET2,-2,Not applicable,72,1.1499999999999999
Frequencies,178,16143,VET3,1,Yes,3311,52.86
Frequencies,179,16143,VET3,0,Implied no,2871,45.83
Frequencies,180,16143,VET3,-1,Not reported,10,0.16
Frequencies,181,16143,VET3,-2,Not applicable,72,1.1499999999999999
Frequencies,182,16144,VET4,1,Yes,1633,26.07
Frequencies,183,16144,VET4,0,Implied no,4549,72.62
Frequencies,184,16144,VET4,-1,Not reported,10,0.16
Frequencies,185,16144,VET4,-2,Not applicable,72,1.1499999999999999
Frequencies,186,16145,VET5,1,Yes,2292,36.590000000000003
Frequencies,187,16145,VET5,0,Implied no,3890,62.1
Frequencies,188,16145,VET5,-1,Not reported,10,0.16
Frequencies,189,16145,VET5,-2,Not applicable,72,1.1499999999999999
Frequencies,190,16149,VET9,1,Yes,1417,22.62
Frequencies,191,16149,VET9,0,Implied no,4765,76.069999999999993
Frequencies,192,16149,VET9,-1,Not reported,10,0.16
Frequencies,193,16149,VET9,-2,Not applicable,72,1.1499999999999999
Frequencies,194,10681,CREDITS1,1,Yes,2965,47.33
Frequencies,195,10681,CREDITS1,0,Implied no,3217,51.36
Frequencies,196,10681,CREDITS1,-1,Not reported,10,0.16
Frequencies,197,10681,CREDITS1,-2,Not applicable,72,1.1499999999999999
Frequencies,198,10686,CREDITS2,1,Yes,2143,34.21
Frequencies,199,10686,CREDITS2,0,Implied no,4039,64.48
Frequencies,200,10686,CREDITS2,-1,Not reported,10,0.16
Frequencies,201,10686,CREDITS2,-2,Not applicable,72,1.1499999999999999
Frequencies,202,10691,CREDITS3,1,Yes,3228,51.53
Frequencies,203,10691,CREDITS3,0,Implied no,2954,47.16
Frequencies,204,10691,CREDITS3,-1,Not reported,10,0.16
Frequencies,205,10691,CREDITS3,-2,Not applicable,72,1.1499999999999999
Frequencies,206,10696,CREDITS4,1,Yes,2587,41.3
Frequencies,207,10696,CREDITS4,0,Implied no,3595,57.39
Frequencies,208,10696,CREDITS4,-1,Not reported,10,0.16
Frequencies,209,10696,CREDITS4,-2,Not applicable,72,1.1499999999999999
Frequencies,210,10721,SLO5,1,Yes,1021,16.3
Frequencies,211,10721,SLO5,0,Implied no,5161,82.39
Frequencies,212,10721,SLO5,-1,Not reported,10,0.16
Frequencies,213,10721,SLO5,-2,Not applicable,72,1.1499999999999999
Frequencies,214,10726,SLO51,1,Yes,943,15.05
Frequencies,215,10726,SLO51,0,Implied no,5239,83.64
Frequencies,216,10726,SLO51,-1,Not reported,10,0.16
Frequencies,217,10726,SLO51,-2,Not applicable,72,1.1499999999999999
Frequencies,218,10731,SLO52,1,Yes,161,2.57
Frequencies,219,10731,SLO52,0,Implied no,6021,96.12
Frequencies,220,10731,SLO52,-1,Not reported,10,0.16
Frequencies,221,10731,SLO52,-2,Not applicable,72,1.1499999999999999
Frequencies,222,10736,SLO53,1,Yes,592,9.4499999999999993
Frequencies,223,10736,SLO53,0,Implied no,5590,89.24
Frequencies,224,10736,SLO53,-1,Not reported,10,0.16
Frequencies,225,10736,SLO53,-2,Not applicable,72,1.1499999999999999
Frequencies,226,10741,SLO6,1,Yes,1935,30.89
Frequencies,227,10741,SLO6,0,Implied no,4247,67.8
Frequencies,228,10741,SLO6,-1,Not reported,10,0.16
Frequencies,229,10741,SLO6,-2,Not applicable,72,1.1499999999999999
Frequencies,230,10746,SLO7,1,Yes,2833,45.23
Frequencies,231,10746,SLO7,0,Implied no,3349,53.46
Frequencies,232,10746,SLO7,-1,Not reported,10,0.16
Frequencies,233,10746,SLO7,-2,Not applicable,72,1.1499999999999999
Frequencies,234,10751,SLO8,1,Yes,1565,24.98
Frequencies,235,10751,SLO8,0,Implied no,2531,40.409999999999997
Frequencies,236,10751,SLO8,-1,Not reported,1,0.02
Frequencies,237,10751,SLO8,-2,Not applicable,2167,34.590000000000003
Frequencies,238,10756,SLO81,1,Yes,1170,18.68
Frequencies,239,10756,SLO81,0,Implied no,2926,46.71
Frequencies,240,10756,SLO81,-1,Not reported,1,0.02
Frequencies,241,10756,SLO81,-2,Not applicable,2167,34.590000000000003
Frequencies,242,10761,SLO82,1,Yes,176,2.81
Frequencies,243,10761,SLO82,0,Implied no,3920,62.58
Frequencies,244,10761,SLO82,-1,Not reported,1,0.02
Frequencies,245,10761,SLO82,-2,Not applicable,2167,34.590000000000003
Frequencies,246,10766,SLO83,1,Yes,1349,21.54
Frequencies,247,10766,SLO83,0,Implied no,2747,43.85
Frequencies,248,10766,SLO83,-1,Not reported,1,0.02
Frequencies,249,10766,SLO83,-2,Not applicable,2167,34.590000000000003
Frequencies,250,10771,SLO9,1,Yes,2240,35.76
Frequencies,251,10771,SLO9,0,Implied no,3942,62.93
Frequencies,252,10771,SLO9,-1,Not reported,10,0.16
Frequencies,253,10771,SLO9,-2,Not applicable,72,1.1499999999999999
Frequencies,254,10776,YRSCOLL,1,One,31,0.49
Frequencies,255,10776,YRSCOLL,2,Two,285,4.55
Frequencies,256,10776,YRSCOLL,3,Three,37,0.59
Frequencies,257,10776,YRSCOLL,4,Four,244,3.9
Frequencies,258,10776,YRSCOLL,5,Five,6,0.1
Frequencies,259,10776,YRSCOLL,6,Six,4,0.06
Frequencies,260,10776,YRSCOLL,8,Eight,1,0.02
Frequencies,261,10776,YRSCOLL,-1,Not reported,1,0.02
Frequencies,262,10776,YRSCOLL,-2,Not applicable,5655,90.28
Frequencies,263,10781,STUSRV1,1,Yes,3250,51.88
Frequencies,264,10781,STUSRV1,0,Implied no,2932,46.81
Frequencies,265,10781,STUSRV1,-1,Not reported,10,0.16
Frequencies,266,10781,STUSRV1,-2,Not applicable,72,1.1499999999999999
Frequencies,267,10786,STUSRV2,1,Yes,5637,89.99
Frequencies,268,10786,STUSRV2,0,Implied no,545,8.6999999999999993
Frequencies,269,10786,STUSRV2,-1,Not reported,10,0.16
Frequencies,270,10786,STUSRV2,-2,Not applicable,72,1.1499999999999999
Frequencies,271,10791,STUSRV3,1,Yes,4206,67.150000000000006
Frequencies,272,10791,STUSRV3,0,Implied no,1976,31.55
Frequencies,273,10791,STUSRV3,-1,Not reported,10,0.16
Frequencies,274,10791,STUSRV3,-2,Not applicable,72,1.1499999999999999
Frequencies,275,10796,STUSRV4,1,Yes,4882,77.94
Frequencies,276,10796,STUSRV4,0,Implied no,1300,20.75
Frequencies,277,10796,STUSRV4,-1,Not reported,10,0.16
Frequencies,278,10796,STUSRV4,-2,Not applicable,72,1.1499999999999999
Frequencies,279,10801,STUSRV8,1,Yes,869,13.87
Frequencies,280,10801,STUSRV8,0,Implied no,5313,84.82
Frequencies,281,10801,STUSRV8,-1,Not reported,10,0.16
Frequencies,282,10801,STUSRV8,-2,Not applicable,72,1.1499999999999999
Frequencies,283,10806,STUSRV9,1,Yes,186,2.97
Frequencies,284,10806,STUSRV9,0,Implied no,5996,95.72
Frequencies,285,10806,STUSRV9,-1,Not reported,10,0.16
Frequencies,286,10806,STUSRV9,-2,Not applicable,72,1.1499999999999999
Frequencies,287,16151,LIBRES1,1,Yes,4535,72.400000000000006
Frequencies,288,16151,LIBRES1,0,Implied no,1647,26.29
Frequencies,289,16151,LIBRES1,-1,Not reported,10,0.16
Frequencies,290,16151,LIBRES1,-2,Not applicable,72,1.1499999999999999
Frequencies,291,16153,LIBRES2,1,Yes,5129,81.88
Frequencies,292,16153,LIBRES2,0,Implied no,1053,16.809999999999999
Frequencies,293,16153,LIBRES2,-1,Not reported,10,0.16
Frequencies,294,16153,LIBRES2,-2,Not applicable,72,1.1499999999999999
Frequencies,295,16155,LIBRES3,1,Yes,5426,86.62
Frequencies,296,16155,LIBRES3,0,Implied no,756,12.07
Frequencies,297,16155,LIBRES3,-1,Not reported,10,0.16
Frequencies,298,16155,LIBRES3,-2,Not applicable,72,1.1499999999999999
Frequencies,299,16157,LIBRES4,1,Yes,4014,64.08
Frequencies,300,16157,LIBRES4,0,Implied no,2168,34.61
Frequencies,301,16157,LIBRES4,-1,Not reported,10,0.16
Frequencies,302,16157,LIBRES4,-2,Not applicable,72,1.1499999999999999
Frequencies,303,16159,LIBRES5,1,Yes,4150,66.25
Frequencies,304,16159,LIBRES5,0,Implied no,2032,32.44
Frequencies,305,16159,LIBRES5,-1,Not reported,10,0.16
Frequencies,306,16159,LIBRES5,-2,Not applicable,72,1.1499999999999999
Frequencies,307,16161,LIBRES6,1,Yes,3580,57.15
Frequencies,308,16161,LIBRES6,0,Implied no,2602,41.54
Frequencies,309,16161,LIBRES6,-1,Not reported,10,0.16
Frequencies,310,16161,LIBRES6,-2,Not applicable,72,1.1499999999999999
Frequencies,311,16163,LIBRES9,1,Yes,370,5.91
Frequencies,312,16163,LIBRES9,0,Implied no,5812,92.78
Frequencies,313,16163,LIBRES9,-1,Not reported,10,0.16
Frequencies,314,16163,LIBRES9,-2,Not applicable,72,1.1499999999999999
Frequencies,315,15241,TUITPL,1,Yes,5640,90.04
Frequencies,316,15241,TUITPL,2,No,542,8.65
Frequencies,317,15241,TUITPL,-1,Not reported,10,0.16
Frequencies,318,15241,TUITPL,-2,Not applicable,72,1.1499999999999999
Frequencies,319,15244,TUITPL1,1,Yes,538,8.59
Frequencies,320,15244,TUITPL1,0,Implied no,5644,90.1
Frequencies,321,15244,TUITPL1,-1,Not reported,10,0.16
Frequencies,322,15244,TUITPL1,-2,Not applicable,72,1.1499999999999999
Frequencies,323,15247,TUITPL2,1,Yes,448,7.15
Frequencies,324,15247,TUITPL2,0,Implied no,5734,91.54
Frequencies,325,15247,TUITPL2,-1,Not reported,10,0.16
Frequencies,326,15247,TUITPL2,-2,Not applicable,72,1.1499999999999999
Frequencies,327,15250,TUITPL3,1,Yes,5531,88.3
Frequencies,328,15250,TUITPL3,0,Implied no,651,10.39
Frequencies,329,15250,TUITPL3,-1,Not reported,10,0.16
Frequencies,330,15250,TUITPL3,-2,Not applicable,72,1.1499999999999999
Frequencies,331,15253,TUITPL4,1,Yes,116,1.85
Frequencies,332,15253,TUITPL4,0,Implied no,6066,96.84
Frequencies,333,15253,TUITPL4,-1,Not reported,10,0.16
Frequencies,334,15253,TUITPL4,-2,Not applicable,72,1.1499999999999999
Frequencies,335,15421,DSTNUGC,1,Yes,3322,53.03
Frequencies,336,15421,DSTNUGC,0,Implied no,2574,41.09
Frequencies,337,15421,DSTNUGC,-1,Not reported,10,0.16
Frequencies,338,15421,DSTNUGC,-2,Not applicable,358,5.72
Frequencies,339,15426,DSTNUGP,1,Yes,2055,32.81
Frequencies,340,15426,DSTNUGP,0,Implied no,3841,61.32
Frequencies,341,15426,DSTNUGP,-1,Not reported,10,0.16
Frequencies,342,15426,DSTNUGP,-2,Not applicable,358,5.72
Frequencies,343,15431,DSTNUGN,1,Yes,2574,41.09
Frequencies,344,15431,DSTNUGN,0,Implied no,3322,53.03
Frequencies,345,15431,DSTNUGN,-1,Not reported,10,0.16
Frequencies,346,15431,DSTNUGN,-2,Not applicable,358,5.72
Frequencies,347,15436,DSTNGC,1,Yes,1785,28.5
Frequencies,348,15436,DSTNGC,0,Implied no,301,4.8099999999999996
Frequencies,349,15436,DSTNGC,-1,Not reported,10,0.16
Frequencies,350,15436,DSTNGC,-2,Not applicable,4168,66.540000000000006
Frequencies,351,15441,DSTNGP,1,Yes,1435,22.91
Frequencies,352,15441,DSTNGP,0,Implied no,651,10.39
Frequencies,353,15441,DSTNGP,-1,Not reported,10,0.16
Frequencies,354,15441,DSTNGP,-2,Not applicable,4168,66.540000000000006
Frequencies,355,15446,DSTNGN,1,Yes,301,4.8099999999999996
Frequencies,356,15446,DSTNGN,0,Implied no,1785,28.5
Frequencies,357,15446,DSTNGN,-1,Not reported,10,0.16
Frequencies,358,15446,DSTNGN,-2,Not applicable,4168,66.540000000000006
Frequencies,359,15400,DISTCRS,1,Yes,3550,56.67
Frequencies,360,15400,DISTCRS,0,Implied no,2632,42.02
Frequencies,361,15400,DISTCRS,-1,Not reported,10,0.16
Frequencies,362,15400,DISTCRS,-2,Not applicable,72,1.1499999999999999
Frequencies,363,15451,DISTPGS,1,Yes,2470,39.43
Frequencies,364,15451,DISTPGS,0,Implied no,3712,59.26
Frequencies,365,15451,DISTPGS,-1,Not applicable,10,0.16
Frequencies,366,15451,DISTPGS,-2,Not reported,72,1.1499999999999999
Frequencies,367,15406,DSTNCED1,1,Yes,3322,53.03
Frequencies,368,15406,DSTNCED1,0,Implied no,2574,41.09
Frequencies,369,15406,DSTNCED1,-1,Not reported,10,0.16
Frequencies,370,15406,DSTNCED1,-2,Not applicable,358,5.72
Frequencies,371,15411,DSTNCED2,1,Yes,1785,28.5
Frequencies,372,15411,DSTNCED2,0,Implied no,301,4.8099999999999996
Frequencies,373,15411,DSTNCED2,-1,Not reported,10,0.16
Frequencies,374,15411,DSTNCED2,-2,Not applicable,4168,66.540000000000006
Frequencies,375,15416,DSTNCED3,1,Yes,2632,42.02
Frequencies,376,15416,DSTNCED3,0,Implied no,3550,56.67
Frequencies,377,15416,DSTNCED3,-1,Not reported,10,0.16
Frequencies,378,15416,DSTNCED3,-2,Not applicable,72,1.1499999999999999
Frequencies,379,15401,DISTNCED,1,Yes,58,0.93
Frequencies,380,15401,DISTNCED,2,No,6124,97.77
Frequencies,381,15401,DISTNCED,-1,Not reported,10,0.16
Frequencies,382,15401,DISTNCED,-2,Not applicable,72,1.1499999999999999
Frequencies,383,24566,DISAB,1,3 percent or less,4313,68.849999999999994
Frequencies,384,24566,DISAB,2,More than 3 percent,1566,25
Frequencies,385,24566,DISAB,-1,Not reported,10,0.16
Frequencies,386,24566,DISAB,-2,Not applicable,375,5.99
Frequencies,387,15066,ALLONCAM,1,Yes,72,1.1499999999999999
Frequencies,388,15066,ALLONCAM,2,No,5632,89.91
Frequencies,389,15066,ALLONCAM,-1,Not reported,10,0.16
Frequencies,390,15066,ALLONCAM,-2,Not applicable,550,8.7799999999999994
Frequencies,391,10961,TUITVARY,1,Yes,1508,24.07
Frequencies,392,10961,TUITVARY,2,No,2406,38.409999999999997
Frequencies,393,10961,TUITVARY,-1,Not reported,10,0.16
Frequencies,394,10961,TUITVARY,-2,Not applicable,2340,37.36
Frequencies,395,10966,ROOM,1,Yes,2108,33.65
Frequencies,396,10966,ROOM,2,No,4074,65.040000000000006
Frequencies,397,10966,ROOM,-1,Not reported,10,0.16
Frequencies,398,10966,ROOM,-2,Not applicable,72,1.1499999999999999
Frequencies,399,10976,BOARD,1,"Yes, number of meals in the maximum meal plan offered",1100,17.559999999999999
Frequencies,400,10976,BOARD,2,"Yes, number of meals per week can vary",787,12.56
Frequencies,401,10976,BOARD,3,No,4295,68.569999999999993
Frequencies,402,10976,BOARD,-1,Not reported,10,0.16
Frequencies,403,10976,BOARD,-2,Not applicable,72,1.1499999999999999
Frequencies,404,10816,ATHASSOC,1,Yes,1995,31.85
Frequencies,405,10816,ATHASSOC,2,No,2101,33.54
Frequencies,406,10816,ATHASSOC,-1,Not reported,3,0.05
Frequencies,407,10816,ATHASSOC,-2,Not applicable,2165,34.56
Frequencies,408,10821,ASSOC1,1,Yes,1114,17.78
Frequencies,409,10821,ASSOC1,0,Implied no,2982,47.61
Frequencies,410,10821,ASSOC1,-1,Not reported,3,0.05
Frequencies,411,10821,ASSOC1,-2,Not applicable,2165,34.56
Frequencies,412,10826,ASSOC2,1,Yes,248,3.96
Frequencies,413,10826,ASSOC2,0,Implied no,3848,61.43
Frequencies,414,10826,ASSOC2,-1,Not reported,3,0.05
Frequencies,415,10826,ASSOC2,-2,Not applicable,2165,34.56
Frequencies,416,10831,ASSOC3,1,Yes,500,7.98
Frequencies,417,10831,ASSOC3,0,Implied no,3596,57.41
Frequencies,418,10831,ASSOC3,-1,Not reported,3,0.05
Frequencies,419,10831,ASSOC3,-2,Not applicable,2165,34.56
Frequencies,420,10836,ASSOC4,1,Yes,47,0.75
Frequencies,421,10836,ASSOC4,0,Implied no,4049,64.64
Frequencies,422,10836,ASSOC4,-1,Not reported,3,0.05
Frequencies,423,10836,ASSOC4,-2,Not applicable,2165,34.56
Frequencies,424,10841,ASSOC5,1,Yes,86,1.37
Frequencies,425,10841,ASSOC5,0,Implied no,4010,64.02
Frequencies,426,10841,ASSOC5,-1,Not reported,3,0.05
Frequencies,427,10841,ASSOC5,-2,Not applicable,2165,34.56
Frequencies,428,10846,ASSOC6,1,Yes,134,2.14
Frequencies,429,10846,ASSOC6,0,Implied no,3962,63.25
Frequencies,430,10846,ASSOC6,-1,Not reported,3,0.05
Frequencies,431,10846,ASSOC6,-2,Not applicable,2165,34.56
Frequencies,432,10851,SPORT1,1,Yes,774,12.36
Frequencies,433,10851,SPORT1,2,No,3648,58.24
Frequencies,434,10851,SPORT1,-1,Not reported,3,0.05
Frequencies,435,10851,SPORT1,-2,Not applicable,1839,29.36
Frequencies,436,10856,CONFNO1,372,American Athletic Conference,11,0.18
Frequencies,437,10856,CONFNO1,176,American Rivers Conference,9,0.14000000000000001
Frequencies,438,10856,CONFNO1,204,American Southwest Conference,9,0.14000000000000001
Frequencies,439,10856,CONFNO1,316,Appalachian Athletic Conference,1,0.02
Frequencies,440,10856,CONFNO1,369,Association of Independent Institutions,1,0.02
Frequencies,441,10856,CONFNO1,102,Atlantic Coast Conference,14,0.22
Frequencies,442,10856,CONFNO1,104,Big East Conference,1,0.02
Frequencies,443,10856,CONFNO1,105,Big Sky Conference,13,0.21
Frequencies,444,10856,CONFNO1,106,Big South Conference,9,0.14000000000000001
Frequencies,445,10856,CONFNO1,107,Big Ten Conference,14,0.22
Frequencies,446,10856,CONFNO1,108,Big Twelve Conference,10,0.16
Frequencies,447,10856,CONFNO1,138,California Collegiate Athletic Association,1,0.02
Frequencies,448,10856,CONFNO1,165,Centennial Conference,10,0.16
Frequencies,449,10856,CONFNO1,140,Central Intercollegiate Athletic Association,12,0.19
Frequencies,450,10856,CONFNO1,355,Central States Football League,1,0.02
Frequencies,451,10856,CONFNO1,304,Chicagoland Collegiate Athletic Conference,1,0.02
Frequencies,452,10856,CONFNO1,167,College Conference of Illinois and Wisconsin,9,0.14000000000000001
Frequencies,453,10856,CONFNO1,110,Colonial Athletic Association,12,0.19
Frequencies,454,10856,CONFNO1,168,Commonwealth Coast Conference,6,0.1
Frequencies,455,10856,CONFNO1,139,Conference Carolinas,1,0.02
Frequencies,456,10856,CONFNO1,111,Conference USA,14,0.22
Frequencies,457,10856,CONFNO1,112,Division I Independents,1,0.02
Frequencies,458,10856,CONFNO1,113,Division I-A Independents,3,0.05
Frequencies,459,10856,CONFNO1,170,Division III Independents,2,0.03
Frequencies,460,10856,CONFNO1,151,East Coast Conference,1,0.02
Frequencies,461,10856,CONFNO1,366,Eastern Collegiate Football Conference,8,0.13
Frequencies,462,10856,CONFNO1,172,Empire Eight,7,0.11
Frequencies,463,10856,CONFNO1,333,The Sun Conference,4,0.06
Frequencies,464,10856,CONFNO1,173,Freedom Football Conference,1,0.02
Frequencies,465,10856,CONFNO1,352,Frontier Conference,8,0.13
Frequencies,466,10856,CONFNO1,302,Golden State Athletic Conference,1,0.02
Frequencies,467,10856,CONFNO1,367,Great American Conference,12,0.19
Frequencies,468,10856,CONFNO1,144,Great Lakes Intercollegiate Athletic Conference,9,0.14000000000000001
Frequencies,469,10856,CONFNO1,371,Great Midwest Athletic Conference,8,0.13
Frequencies,470,10856,CONFNO1,145,Great Lakes Valley Conference,8,0.13
Frequencies,471,10856,CONFNO1,174,Great Northeast Athletic Conference,1,0.02
Frequencies,472,10856,CONFNO1,213,Great Northwest Athletic Conference,3,0.05
Frequencies,473,10856,CONFNO1,311,Great Plains Athletic Conference,11,0.18
Frequencies,474,10856,CONFNO1,146,Gulf South Conference,8,0.13
Frequencies,475,10856,CONFNO1,320,Heart of America Athletic Conference,12,0.19
Frequencies,476,10856,CONFNO1,175,Heartland Collegiate Athletic Conference,9,0.14000000000000001
Frequencies,477,10856,CONFNO1,322,Independent Midwest Region,1,0.02
Frequencies,478,10856,CONFNO1,327,Independent Northeast Region,1,0.02
Frequencies,479,10856,CONFNO1,335,Independent Southeast Region,1,0.02
Frequencies,480,10856,CONFNO1,117,Ivy Group,8,0.13
Frequencies,481,10856,CONFNO1,309,Kansas Collegiate Athletic Conference,11,0.18
Frequencies,482,10856,CONFNO1,147,Lone Star Conference,8,0.13
Frequencies,483,10856,CONFNO1,179,Massachusetts State College Athletic Association,5,0.08
Frequencies,484,10856,CONFNO1,180,Michigan Intercollegiate Athletic Association,8,0.13
Frequencies,485,10856,CONFNO1,148,Mid-America Intercollegiate Athletic Association,12,0.19
Frequencies,486,10856,CONFNO1,119,Mid-American Conference,12,0.19
Frequencies,487,10856,CONFNO1,121,Mid-Eastern Athletic Conference,9,0.14000000000000001
Frequencies,488,10856,CONFNO1,315,Mid-South Conference,17,0.27
Frequencies,489,10856,CONFNO1,356,Mid-States Football Association,14,0.22
Frequencies,490,10856,CONFNO1,181,Middle Atlantic States Athletic Corporation,11,0.18
Frequencies,491,10856,CONFNO1,182,Midwest Conference,13,0.21
Frequencies,492,10856,CONFNO1,183,Minnesota Intercollegiate Athletic Conference,8,0.13
Frequencies,493,10856,CONFNO1,123,Missouri Valley Conference,11,0.18
Frequencies,494,10856,CONFNO1,370,Mountain East Conference,10,0.16
Frequencies,495,10856,CONFNO1,203,Mountain West Conference,12,0.19
Frequencies,496,10856,CONFNO1,184,New England Football Conference,4,0.06
Frequencies,497,10856,CONFNO1,185,New England Small College Athletic Conference,10,0.16
Frequencies,498,10856,CONFNO1,186,New England Women's & Men's Athletic Conference,7,0.11
Frequencies,499,10856,CONFNO1,187,New Jersey Athletic Conference,8,0.13
Frequencies,500,10856,CONFNO1,189,North Coast Athletic Conference,10,0.16
Frequencies,501,10856,CONFNO1,373,North Star Athletic Association,6,0.1
Frequencies,502,10856,CONFNO1,153,Northeast 10 Conference,10,0.16
Frequencies,503,10856,CONFNO1,125,Northeast Conference,7,0.11
Frequencies,504,10856,CONFNO1,359,Northern Athletics Collegiate Conference,8,0.13
Frequencies,505,10856,CONFNO1,155,Northern Sun Intercollegiate Conference,14,0.22
Frequencies,506,10856,CONFNO1,205,Northwest Conference,7,0.11
Frequencies,507,10856,CONFNO1,191,Ohio Athletic Conference,10,0.16
Frequencies,508,10856,CONFNO1,126,Ohio Valley Conference,9,0.14000000000000001
Frequencies,509,10856,CONFNO1,192,Old Dominion Athletic Conference,9,0.14000000000000001
Frequencies,510,10856,CONFNO1,127,Pacific-12 Conference,14,0.22
Frequencies,511,10856,CONFNO1,128,Patriot League,7,0.11
Frequencies,512,10856,CONFNO1,158,Pennsylvania State Athletic Conference,16,0.26
Frequencies,513,10856,CONFNO1,129,Pioneer Football League,10,0.16
Frequencies,514,10856,CONFNO1,194,Presidents' Athletic Conference,9,0.14000000000000001
Frequencies,515,10856,CONFNO1,159,Rocky Mountain Athletic Conference,10,0.16
Frequencies,516,10856,CONFNO1,340,Sooner Athletic Conference,7,0.11
Frequencies,517,10856,CONFNO1,160,South Atlantic Conference,9,0.14000000000000001
Frequencies,518,10856,CONFNO1,130,Southeastern Conference,15,0.24
Frequencies,519,10856,CONFNO1,368,Southern Athletic Association,9,0.14000000000000001
Frequencies,520,10856,CONFNO1,197,Southern California Intercollegiate Athletic Conference,11,0.18
Frequencies,521,10856,CONFNO1,198,Southern Collegiate Athletic Conference,1,0.02
Frequencies,522,10856,CONFNO1,131,Southern Conference,8,0.13
Frequencies,523,10856,CONFNO1,161,Southern Intercollegiate Athletic Conference,11,0.18
Frequencies,524,10856,CONFNO1,132,Southland Conference,11,0.18
Frequencies,525,10856,CONFNO1,133,Southwestern Athletic Conference,10,0.16
Frequencies,526,10856,CONFNO1,134,Sun Belt Conference,11,0.18
Frequencies,527,10856,CONFNO1,171,USA South Athletic Conference,9,0.14000000000000001
Frequencies,528,10856,CONFNO1,200,University Athletic Association,3,0.05
Frequencies,529,10856,CONFNO1,354,Upper Midwest Athletic Conference,8,0.13
Frequencies,530,10856,CONFNO1,201,Upstate Collegiate Athletic Association,6,0.1
Frequencies,531,10856,CONFNO1,163,West Virginia Intercollegiate Athletic Conference,1,0.02
Frequencies,532,10856,CONFNO1,137,Western Athletic Conference,1,0.02
Frequencies,533,10856,CONFNO1,202,Wisconsin Intercollegiate Athletic Conference,8,0.13
Frequencies,534,10856,CONFNO1,342,Other,2,0.03
Frequencies,535,10856,CONFNO1,-1,Not reported,3,0.05
Frequencies,536,10856,CONFNO1,-2,Not applicable,5487,87.6
Frequencies,537,10861,SPORT2,1,Yes,1340,21.39
Frequencies,538,10861,SPORT2,2,No,3082,49.2
Frequencies,539,10861,SPORT2,-1,Not reported,3,0.05
Frequencies,540,10861,SPORT2,-2,Not applicable,1839,29.36
Frequencies,541,10866,CONFNO2,214,Allegheny Mountain Collegiate Conference,6,0.1
Frequencies,542,10866,CONFNO2,101,America East,10,0.16
Frequencies,543,10866,CONFNO2,372,American Athletic Conference,11,0.18
Frequencies,544,10866,CONFNO2,376,American Collegiate Athletic Association,2,0.03
Frequencies,545,10866,CONFNO2,319,American Midwest Conference,10,0.16
Frequencies,546,10866,CONFNO2,176,American Rivers Conference,9,0.14000000000000001
Frequencies,547,10866,CONFNO2,204,American Southwest Conference,12,0.19
Frequencies,548,10866,CONFNO2,316,Appalachian Athletic Conference,13,0.21
Frequencies,549,10866,CONFNO2,369,Association of Independent Institutions,14,0.22
Frequencies,550,10866,CONFNO2,103,Atlantic 10 Conference,14,0.22
Frequencies,551,10866,CONFNO2,102,Atlantic Coast Conference,15,0.24
Frequencies,552,10866,CONFNO2,375,Atlantic East Conference,7,0.11
Frequencies,553,10866,CONFNO2,135,Atlantic Sun Conference,9,0.14000000000000001
Frequencies,554,10866,CONFNO2,104,Big East Conference,11,0.18
Frequencies,555,10866,CONFNO2,105,Big Sky Conference,11,0.18
Frequencies,556,10866,CONFNO2,106,Big South Conference,12,0.19
Frequencies,557,10866,CONFNO2,107,Big Ten Conference,14,0.22
Frequencies,558,10866,CONFNO2,108,Big Twelve Conference,10,0.16
Frequencies,559,10866,CONFNO2,109,Big West Conference,11,0.18
Frequencies,560,10866,CONFNO2,138,California Collegiate Athletic Association,14,0.22
Frequencies,561,10866,CONFNO2,301,California Pacific Conference,8,0.13
Frequencies,562,10866,CONFNO2,164,Capital Athletic Conference,7,0.11
Frequencies,563,10866,CONFNO2,328,Cascade Collegiate Conference,12,0.19
Frequencies,564,10866,CONFNO2,165,Centennial Conference,11,0.18
Frequencies,565,10866,CONFNO2,323,Central Atlantic Collegiate Conference,14,0.22
Frequencies,566,10866,CONFNO2,140,Central Intercollegiate Athletic Association,13,0.21
Frequencies,567,10866,CONFNO2,304,Chicagoland Collegiate Athletic Conference,14,0.22
Frequencies,568,10866,CONFNO2,166,City University of New York Athletic Conference,10,0.16
Frequencies,569,10866,CONFNO2,167,College Conference of Illinois and Wisconsin,9,0.14000000000000001
Frequencies,570,10866,CONFNO2,110,Colonial Athletic Association,11,0.18
Frequencies,571,10866,CONFNO2,364,Colonial States Athletic Conference,10,0.16
Frequencies,572,10866,CONFNO2,168,Commonwealth Coast Conference,9,0.14000000000000001
Frequencies,573,10866,CONFNO2,207,Commonwealth Conference,3,0.05
Frequencies,574,10866,CONFNO2,139,Conference Carolinas,12,0.19
Frequencies,575,10866,CONFNO2,111,Conference USA,14,0.22
Frequencies,576,10866,CONFNO2,305,Crossroads League,10,0.16
Frequencies,577,10866,CONFNO2,141,Division II Independents,2,0.03
Frequencies,578,10866,CONFNO2,170,Division III Independents,8,0.13
Frequencies,579,10866,CONFNO2,151,East Coast Conference,10,0.16
Frequencies,580,10866,CONFNO2,115,Eastern College Athletic Conference,2,0.03
Frequencies,581,10866,CONFNO2,172,Empire Eight,9,0.14000000000000001
Frequencies,582,10866,CONFNO2,333,The Sun Conference,10,0.16
Frequencies,583,10866,CONFNO2,208,Freedom Conference,1,0.02
Frequencies,584,10866,CONFNO2,352,Frontier Conference,6,0.1
Frequencies,585,10866,CONFNO2,302,Golden State Athletic Conference,10,0.16
Frequencies,586,10866,CONFNO2,367,Great American Conference,12,0.19
Frequencies,587,10866,CONFNO2,144,Great Lakes Intercollegiate Athletic Conference,12,0.19
Frequencies,588,10866,CONFNO2,371,Great Midwest Athletic Conference,13,0.21
Frequencies,589,10866,CONFNO2,145,Great Lakes Valley Conference,15,0.24
Frequencies,590,10866,CONFNO2,174,Great Northeast Athletic Conference,12,0.19
Frequencies,591,10866,CONFNO2,213,Great Northwest Athletic Conference,9,0.14000000000000001
Frequencies,592,10866,CONFNO2,311,Great Plains Athletic Conference,12,0.19
Frequencies,593,10866,CONFNO2,337,Gulf Coast Athletic Conference,6,0.1
Frequencies,594,10866,CONFNO2,146,Gulf South Conference,13,0.21
Frequencies,595,10866,CONFNO2,320,Heart of America Athletic Conference,14,0.22
Frequencies,596,10866,CONFNO2,175,Heartland Collegiate Athletic Conference,10,0.16
Frequencies,597,10866,CONFNO2,209,Heartland Conference,1,0.02
Frequencies,598,10866,CONFNO2,122,Horizon League,12,0.19
Frequencies,599,10866,CONFNO2,318,Independent Mid-South Region,2,0.03
Frequencies,600,10866,CONFNO2,322,Independent Midwest Region,1,0.02
Frequencies,601,10866,CONFNO2,327,Independent Northeast Region,1,0.02
Frequencies,602,10866,CONFNO2,335,Independent Southeast Region,3,0.05
Frequencies,603,10866,CONFNO2,117,Ivy Group,9,0.14000000000000001
Frequencies,604,10866,CONFNO2,309,Kansas Collegiate Athletic Conference,13,0.21
Frequencies,605,10866,CONFNO2,361,Landmark Conference,8,0.13
Frequencies,606,10866,CONFNO2,178,Little East Conference,8,0.13
Frequencies,607,10866,CONFNO2,147,Lone Star Conference,17,0.27
Frequencies,608,10866,CONFNO2,179,Massachusetts State College Athletic Association,7,0.11
Frequencies,609,10866,CONFNO2,118,Metro Atlantic Athletic Conference,11,0.18
Frequencies,610,10866,CONFNO2,180,Michigan Intercollegiate Athletic Association,9,0.14000000000000001
Frequencies,611,10866,CONFNO2,148,Mid-America Intercollegiate Athletic Association,14,0.22
Frequencies,612,10866,CONFNO2,119,Mid-American Conference,12,0.19
Frequencies,613,10866,CONFNO2,121,Mid-Eastern Athletic Conference,11,0.18
Frequencies,614,10866,CONFNO2,315,Mid-South Conference,13,0.21
Frequencies,615,10866,CONFNO2,181,Middle Atlantic States Athletic Corporation,13,0.21
Frequencies,616,10866,CONFNO2,182,Midwest Conference,11,0.18
Frequencies,617,10866,CONFNO2,183,Minnesota Intercollegiate Athletic Conference,12,0.19
Frequencies,618,10866,CONFNO2,123,Missouri Valley Conference,10,0.16
Frequencies,619,10866,CONFNO2,370,Mountain East Conference,10,0.16
Frequencies,620,10866,CONFNO2,203,Mountain West Conference,11,0.18
Frequencies,621,10866,CONFNO2,363,New England Collegiate Conference,6,0.1
Frequencies,622,10866,CONFNO2,185,New England Small College Athletic Conference,11,0.18
Frequencies,623,10866,CONFNO2,186,New England Women's & Men's Athletic Conference,11,0.18
Frequencies,624,10866,CONFNO2,187,New Jersey Athletic Conference,9,0.14000000000000001
Frequencies,625,10866,CONFNO2,215,North Atlantic Conference,12,0.19
Frequencies,626,10866,CONFNO2,189,North Coast Athletic Conference,10,0.16
Frequencies,627,10866,CONFNO2,365,North Eastern Athletic Conference,5,0.08
Frequencies,628,10866,CONFNO2,373,North Star Athletic Association,8,0.13
Frequencies,629,10866,CONFNO2,153,Northeast 10 Conference,15,0.24
Frequencies,630,10866,CONFNO2,125,Northeast Conference,9,0.14000000000000001
Frequencies,631,10866,CONFNO2,359,Northern Athletics Collegiate Conference,12,0.19
Frequencies,632,10866,CONFNO2,155,Northern Sun Intercollegiate Conference,16,0.26
Frequencies,633,10866,CONFNO2,205,Northwest Conference,8,0.13
Frequencies,634,10866,CONFNO2,191,Ohio Athletic Conference,10,0.16
Frequencies,635,10866,CONFNO2,126,Ohio Valley Conference,12,0.19
Frequencies,636,10866,CONFNO2,192,Old Dominion Athletic Conference,14,0.22
Frequencies,637,10866,CONFNO2,156,Pacific West Conference,11,0.18
Frequencies,638,10866,CONFNO2,127,Pacific-12 Conference,14,0.22
Frequencies,639,10866,CONFNO2,128,Patriot League,10,0.16
Frequencies,640,10866,CONFNO2,157,Peach Belt Conference,12,0.19
Frequencies,641,10866,CONFNO2,158,Pennsylvania State Athletic Conference,18,0.28999999999999998
Frequencies,642,10866,CONFNO2,194,Presidents' Athletic Conference,10,0.16
Frequencies,643,10866,CONFNO2,353,Red River Athletic Conference,10,0.16
Frequencies,644,10866,CONFNO2,374,River States,12,0.19
Frequencies,645,10866,CONFNO2,159,Rocky Mountain Athletic Conference,15,0.24
Frequencies,646,10866,CONFNO2,196,Skyline Conference,11,0.18
Frequencies,647,10866,CONFNO2,340,Sooner Athletic Conference,12,0.19
Frequencies,648,10866,CONFNO2,160,South Atlantic Conference,12,0.19
Frequencies,649,10866,CONFNO2,130,Southeastern Conference,15,0.24
Frequencies,650,10866,CONFNO2,368,Southern Athletic Association,8,0.13
Frequencies,651,10866,CONFNO2,197,Southern California Intercollegiate Athletic Conference,12,0.19
Frequencies,652,10866,CONFNO2,198,Southern Collegiate Athletic Conference,9,0.14000000000000001
Frequencies,653,10866,CONFNO2,131,Southern Conference,9,0.14000000000000001
Frequencies,654,10866,CONFNO2,161,Southern Intercollegiate Athletic Conference,13,0.21
Frequencies,655,10866,CONFNO2,334,Southern States Athletic Conference,10,0.16
Frequencies,656,10866,CONFNO2,132,Southland Conference,13,0.21
Frequencies,657,10866,CONFNO2,133,Southwestern Athletic Conference,10,0.16
Frequencies,658,10866,CONFNO2,195,St. Louis Intercollegiate Athletic Conference,9,0.14000000000000001
Frequencies,659,10866,CONFNO2,199,State University of New York Athletic Conference,10,0.16
Frequencies,660,10866,CONFNO2,134,Sun Belt Conference,12,0.19
Frequencies,661,10866,CONFNO2,162,Sunshine State Conference,10,0.16
Frequencies,662,10866,CONFNO2,120,The Summit League,9,0.14000000000000001
Frequencies,663,10866,CONFNO2,171,USA South Athletic Conference,19,0.3
Frequencies,664,10866,CONFNO2,200,University Athletic Association,8,0.13
Frequencies,665,10866,CONFNO2,354,Upper Midwest Athletic Conference,8,0.13
Frequencies,666,10866,CONFNO2,201,Upstate Collegiate Athletic Association,10,0.16
Frequencies,667,10866,CONFNO2,136,West Coast Conference,10,0.16
Frequencies,668,10866,CONFNO2,163,West Virginia Intercollegiate Athletic Conference,1,0.02
Frequencies,669,10866,CONFNO2,137,Western Athletic Conference,9,0.14000000000000001
Frequencies,670,10866,CONFNO2,202,Wisconsin Intercollegiate Ath Conference,9,0.14000000000000001
Frequencies,671,10866,CONFNO2,307,Wolverine-Hoosier Athletic Conference,11,0.18
Frequencies,672,10866,CONFNO2,342,Other,4,0.06
Frequencies,673,10866,CONFNO2,-1,Not reported,3,0.05
Frequencies,674,10866,CONFNO2,-2,Not applicable,4921,78.56
Frequencies,675,10871,SPORT3,1,Yes,1148,18.329999999999998
Frequencies,676,10871,SPORT3,2,No,3274,52.27
Frequencies,677,10871,SPORT3,-1,Not reported,3,0.05
Frequencies,678,10871,SPORT3,-2,Not applicable,1839,29.36
Frequencies,679,10876,CONFNO3,214,Allegheny Mountain Collegiate Conference,6,0.1
Frequencies,680,10876,CONFNO3,101,America East,8,0.13
Frequencies,681,10876,CONFNO3,372,American Athletic Conference,8,0.13
Frequencies,682,10876,CONFNO3,319,American Midwest Conference,8,0.13
Frequencies,683,10876,CONFNO3,176,American Rivers Conference,9,0.14000000000000001
Frequencies,684,10876,CONFNO3,204,American Southwest Conference,12,0.19
Frequencies,685,10876,CONFNO3,316,Appalachian Athletic Conference,11,0.18
Frequencies,686,10876,CONFNO3,369,Association of Independent Institutions,9,0.14000000000000001
Frequencies,687,10876,CONFNO3,103,Atlantic 10 Conference,13,0.21
Frequencies,688,10876,CONFNO3,102,Atlantic Coast Conference,14,0.22
Frequencies,689,10876,CONFNO3,375,Atlantic East Conference,7,0.11
Frequencies,690,10876,CONFNO3,135,Atlantic Sun Conference,9,0.14000000000000001
Frequencies,691,10876,CONFNO3,104,Big East Conference,8,0.13
Frequencies,692,10876,CONFNO3,105,Big Sky Conference,1,0.02
Frequencies,693,10876,CONFNO3,106,Big South Conference,11,0.18
Frequencies,694,10876,CONFNO3,107,Big Ten Conference,13,0.21
Frequencies,695,10876,CONFNO3,108,Big Twelve Conference,9,0.14000000000000001
Frequencies,696,10876,CONFNO3,109,Big West Conference,11,0.18
Frequencies,697,10876,CONFNO3,138,California Collegiate Athletic Association,13,0.21
Frequencies,698,10876,CONFNO3,301,California Pacific Conference,8,0.13
Frequencies,699,10876,CONFNO3,164,Capital Athletic Conference,5,0.08
Frequencies,700,10876,CONFNO3,328,Cascade Collegiate Conference,4,0.06
Frequencies,701,10876,CONFNO3,165,Centennial Conference,10,0.16
Frequencies,702,10876,CONFNO3,323,Central Atlantic Collegiate Conference,12,0.19
Frequencies,703,10876,CONFNO3,140,Central Intercollegiate Athletic Association,4,0.06
Frequencies,704,10876,CONFNO3,304,Chicagoland Collegiate Athletic Conference,11,0.18
Frequencies,705,10876,CONFNO3,166,City University of New York Athletic Conference,5,0.08
Frequencies,706,10876,CONFNO3,167,College Conference of Illinois and Wisconsin,9,0.14000000000000001
Frequencies,707,10876,CONFNO3,110,Colonial Athletic Association,10,0.16
Frequencies,708,10876,CONFNO3,364,Colonial States Athletic Conference,6,0.1
Frequencies,709,10876,CONFNO3,168,Commonwealth Coast Conference,8,0.13
Frequencies,710,10876,CONFNO3,207,Commonwealth Conference,3,0.05
Frequencies,711,10876,CONFNO3,139,Conference Carolinas,10,0.16
Frequencies,712,10876,CONFNO3,111,Conference USA,12,0.19
Frequencies,713,10876,CONFNO3,305,Crossroads League,10,0.16
Frequencies,714,10876,CONFNO3,170,Division III Independents,7,0.11
Frequencies,715,10876,CONFNO3,151,East Coast Conference,8,0.13
Frequencies,716,10876,CONFNO3,115,Eastern College Athletic Conference,2,0.03
Frequencies,717,10876,CONFNO3,332,Eastern Intercollegiate Athletic Conference,1,0.02
Frequencies,718,10876,CONFNO3,172,Empire Eight,5,0.08
Frequencies,719,10876,CONFNO3,333,The Sun Conference,10,0.16
Frequencies,720,10876,CONFNO3,208,Freedom Conference,1,0.02
Frequencies,721,10876,CONFNO3,302,Golden State Athletic Conference,9,0.14000000000000001
Frequencies,722,10876,CONFNO3,367,Great American Conference,12,0.19
Frequencies,723,10876,CONFNO3,144,Great Lakes Intercollegiate Athletic Conference,7,0.11
Frequencies,724,10876,CONFNO3,371,Great Midwest Athletic Conference,12,0.19
Frequencies,725,10876,CONFNO3,145,Great Lakes Valley Conference,15,0.24
Frequencies,726,10876,CONFNO3,174,Great Northeast Athletic Conference,8,0.13
Frequencies,727,10876,CONFNO3,213,Great Northwest Athletic Conference,5,0.08
Frequencies,728,10876,CONFNO3,311,Great Plains Athletic Conference,11,0.18
Frequencies,729,10876,CONFNO3,337,Gulf Coast Athletic Conference,1,0.02
Frequencies,730,10876,CONFNO3,146,Gulf South Conference,13,0.21
Frequencies,731,10876,CONFNO3,320,Heart of America Athletic Conference,14,0.22
Frequencies,732,10876,CONFNO3,175,Heartland Collegiate Athletic Conference,10,0.16
Frequencies,733,10876,CONFNO3,209,Heartland Conference,1,0.02
Frequencies,734,10876,CONFNO3,122,Horizon League,7,0.11
Frequencies,735,10876,CONFNO3,318,Independent Mid-South Region,2,0.03
Frequencies,736,10876,CONFNO3,322,Independent Midwest Region,1,0.02
Frequencies,737,10876,CONFNO3,335,Independent Southeast Region,2,0.03
Frequencies,738,10876,CONFNO3,117,Ivy Group,8,0.13
Frequencies,739,10876,CONFNO3,309,Kansas Collegiate Athletic Conference,12,0.19
Frequencies,740,10876,CONFNO3,361,Landmark Conference,7,0.11
Frequencies,741,10876,CONFNO3,178,Little East Conference,8,0.13
Frequencies,742,10876,CONFNO3,147,Lone Star Conference,12,0.19
Frequencies,743,10876,CONFNO3,179,Massachusetts State College Athletic Association,8,0.13
Frequencies,744,10876,CONFNO3,118,Metro Atlantic Athletic Conference,11,0.18
Frequencies,745,10876,CONFNO3,180,Michigan Intercollegiate Athletic Association,8,0.13
Frequencies,746,10876,CONFNO3,148,Mid-America Intercollegiate Athletic Association,13,0.21
Frequencies,747,10876,CONFNO3,119,Mid-American Conference,11,0.18
Frequencies,748,10876,CONFNO3,121,Mid-Eastern Athletic Conference,8,0.13
Frequencies,749,10876,CONFNO3,315,Mid-South Conference,12,0.19
Frequencies,750,10876,CONFNO3,181,Middle Atlantic States Athletic Corporation,12,0.19
Frequencies,751,10876,CONFNO3,182,Midwest Conference,11,0.18
Frequencies,752,10876,CONFNO3,183,Minnesota Intercollegiate Athletic Conference,10,0.16
Frequencies,753,10876,CONFNO3,123,Missouri Valley Conference,8,0.13
Frequencies,754,10876,CONFNO3,370,Mountain East Conference,10,0.16
Frequencies,755,10876,CONFNO3,203,Mountain West Conference,7,0.11
Frequencies,756,10876,CONFNO3,363,New England Collegiate Conference,5,0.08
Frequencies,757,10876,CONFNO3,185,New England Small College Athletic Conference,10,0.16
Frequencies,758,10876,CONFNO3,186,New England Women's & Men's Athletic Conference,8,0.13
Frequencies,759,10876,CONFNO3,187,New Jersey Athletic Conference,9,0.14000000000000001
Frequencies,760,10876,CONFNO3,215,North Atlantic Conference,10,0.16
Frequencies,761,10876,CONFNO3,189,North Coast Athletic Conference,10,0.16
Frequencies,762,10876,CONFNO3,365,North Eastern Athletic Conference,4,0.06
Frequencies,763,10876,CONFNO3,373,North Star Athletic Association,8,0.13
Frequencies,764,10876,CONFNO3,153,Northeast 10 Conference,15,0.24
Frequencies,765,10876,CONFNO3,125,Northeast Conference,7,0.11
Frequencies,766,10876,CONFNO3,359,Northern Athletics Collegiate Conference,11,0.18
Frequencies,767,10876,CONFNO3,155,Northern Sun Intercollegiate Conference,15,0.24
Frequencies,768,10876,CONFNO3,205,Northwest Conference,8,0.13
Frequencies,769,10876,CONFNO3,191,Ohio Athletic Conference,10,0.16
Frequencies,770,10876,CONFNO3,126,Ohio Valley Conference,12,0.19
Frequencies,771,10876,CONFNO3,192,Old Dominion Athletic Conference,12,0.19
Frequencies,772,10876,CONFNO3,156,Pacific West Conference,9,0.14000000000000001
Frequencies,773,10876,CONFNO3,127,Pacific-12 Conference,13,0.21
Frequencies,774,10876,CONFNO3,128,Patriot League,6,0.1
Frequencies,775,10876,CONFNO3,157,Peach Belt Conference,11,0.18
Frequencies,776,10876,CONFNO3,158,Pennsylvania State Athletic Conference,17,0.27
Frequencies,777,10876,CONFNO3,194,Presidents' Athletic Conference,10,0.16
Frequencies,778,10876,CONFNO3,353,Red River Athletic Conference,10,0.16
Frequencies,779,10876,CONFNO3,374,River States,10,0.16
Frequencies,780,10876,CONFNO3,159,Rocky Mountain Athletic Conference,9,0.14000000000000001
Frequencies,781,10876,CONFNO3,196,Skyline Conference,10,0.16
Frequencies,782,10876,CONFNO3,340,Sooner Athletic Conference,9,0.14000000000000001
Frequencies,783,10876,CONFNO3,160,South Atlantic Conference,12,0.19
Frequencies,784,10876,CONFNO3,130,Southeastern Conference,15,0.24
Frequencies,785,10876,CONFNO3,368,Southern Athletic Association,8,0.13
Frequencies,786,10876,CONFNO3,197,Southern California Intercollegiate Athletic Conference,12,0.19
Frequencies,787,10876,CONFNO3,198,Southern Collegiate Athletic Conference,8,0.13
Frequencies,788,10876,CONFNO3,131,Southern Conference,7,0.11
Frequencies,789,10876,CONFNO3,161,Southern Intercollegiate Athletic Conference,12,0.19
Frequencies,790,10876,CONFNO3,334,Southern States Athletic Conference,8,0.13
Frequencies,791,10876,CONFNO3,132,Southland Conference,13,0.21
Frequencies,792,10876,CONFNO3,133,Southwestern Athletic Conference,10,0.16
Frequencies,793,10876,CONFNO3,195,St. Louis Intercollegiate Athletic Conference,9,0.14000000000000001
Frequencies,794,10876,CONFNO3,199,State University of New York Athletic Conference,7,0.11
Frequencies,795,10876,CONFNO3,134,Sun Belt Conference,12,0.19
Frequencies,796,10876,CONFNO3,162,Sunshine State Conference,10,0.16
Frequencies,797,10876,CONFNO3,120,The Summit League,5,0.08
Frequencies,798,10876,CONFNO3,171,USA South Athletic Conference,15,0.24
Frequencies,799,10876,CONFNO3,200,University Athletic Association,6,0.1
Frequencies,800,10876,CONFNO3,354,Upper Midwest Athletic Conference,8,0.13
Frequencies,801,10876,CONFNO3,201,Upstate Collegiate Athletic Association,9,0.14000000000000001
Frequencies,802,10876,CONFNO3,136,West Coast Conference,10,0.16
Frequencies,803,10876,CONFNO3,163,West Virginia Intercollegiate Athletic Conference,1,0.02
Frequencies,804,10876,CONFNO3,137,Western Athletic Conference,11,0.18
Frequencies,805,10876,CONFNO3,202,Wisconsin Intercollegiate Athletic Conference,10,0.16
Frequencies,806,10876,CONFNO3,307,Wolverine-Hoosier Athletic Conference,12,0.19
Frequencies,807,10876,CONFNO3,342,Other,3,0.05
Frequencies,808,10876,CONFNO3,-1,Not reported,3,0.05
Frequencies,809,10876,CONFNO3,-2,Not applicable,5113,81.63
Frequencies,810,10881,SPORT4,1,Yes,1299,20.74
Frequencies,811,10881,SPORT4,2,No,3123,49.86
Frequencies,812,10881,SPORT4,-1,Not reported,3,0.05
Frequencies,813,10881,SPORT4,-2,Not applicable,1839,29.36
Frequencies,814,10886,CONFNO4,214,Allegheny Mountain Collegiate Conference,5,0.08
Frequencies,815,10886,CONFNO4,101,America East,10,0.16
Frequencies,816,10886,CONFNO4,372,American Athletic Conference,11,0.18
Frequencies,817,10886,CONFNO4,376,American Collegiate Athletic Association,1,0.02
Frequencies,818,10886,CONFNO4,319,American Midwest Conference,9,0.14000000000000001
Frequencies,819,10886,CONFNO4,176,American Rivers Conference,9,0.14000000000000001
Frequencies,820,10886,CONFNO4,204,American Southwest Conference,11,0.18
Frequencies,821,10886,CONFNO4,316,Appalachian Athletic Conference,13,0.21
Frequencies,822,10886,CONFNO4,369,Association of Independent Institutions,11,0.18
Frequencies,823,10886,CONFNO4,103,Atlantic 10 Conference,14,0.22
Frequencies,824,10886,CONFNO4,102,Atlantic Coast Conference,15,0.24
Frequencies,825,10886,CONFNO4,375,Atlantic East Conference,7,0.11
Frequencies,826,10886,CONFNO4,135,Atlantic Sun Conference,9,0.14000000000000001
Frequencies,827,10886,CONFNO4,104,Big East Conference,11,0.18
Frequencies,828,10886,CONFNO4,105,Big Sky Conference,11,0.18
Frequencies,829,10886,CONFNO4,106,Big South Conference,12,0.19
Frequencies,830,10886,CONFNO4,107,Big Ten Conference,14,0.22
Frequencies,831,10886,CONFNO4,108,Big Twelve Conference,10,0.16
Frequencies,832,10886,CONFNO4,109,Big West Conference,11,0.18
Frequencies,833,10886,CONFNO4,138,California Collegiate Athletic Association,13,0.21
Frequencies,834,10886,CONFNO4,301,California Pacific Conference,10,0.16
Frequencies,835,10886,CONFNO4,164,Capital Athletic Conference,7,0.11
Frequencies,836,10886,CONFNO4,328,Cascade Collegiate Conference,11,0.18
Frequencies,837,10886,CONFNO4,165,Centennial Conference,10,0.16
Frequencies,838,10886,CONFNO4,323,Central Atlantic Collegiate Conference,14,0.22
Frequencies,839,10886,CONFNO4,140,Central Intercollegiate Athletic Association,11,0.18
Frequencies,840,10886,CONFNO4,304,Chicagoland Collegiate Athletic Conference,13,0.21
Frequencies,841,10886,CONFNO4,166,City University of New York Athletic Conference,10,0.16
Frequencies,842,10886,CONFNO4,167,College Conference of Illinois and Wisconsin,9,0.14000000000000001
Frequencies,843,10886,CONFNO4,110,Colonial Athletic Association,10,0.16
Frequencies,844,10886,CONFNO4,364,Colonial States Athletic Conference,9,0.14000000000000001
Frequencies,845,10886,CONFNO4,168,Commonwealth Coast Conference,9,0.14000000000000001
Frequencies,846,10886,CONFNO4,207,Commonwealth Conference,1,0.02
Frequencies,847,10886,CONFNO4,139,Conference Carolinas,12,0.19
Frequencies,848,10886,CONFNO4,111,Conference USA,13,0.21
Frequencies,849,10886,CONFNO4,305,Crossroads League,10,0.16
Frequencies,850,10886,CONFNO4,112,Division I Independents,1,0.02
Frequencies,851,10886,CONFNO4,141,Division II Independents,1,0.02
Frequencies,852,10886,CONFNO4,170,Division III Independents,7,0.11
Frequencies,853,10886,CONFNO4,151,East Coast Conference,8,0.13
Frequencies,854,10886,CONFNO4,115,Eastern College Athletic Conference,3,0.05
Frequencies,855,10886,CONFNO4,172,Empire Eight,8,0.13
Frequencies,856,10886,CONFNO4,333,The Sun Conference,10,0.16
Frequencies,857,10886,CONFNO4,208,Freedom Conference,1,0.02
Frequencies,858,10886,CONFNO4,352,Frontier Conference,6,0.1
Frequencies,859,10886,CONFNO4,302,Golden State Athletic Conference,10,0.16
Frequencies,860,10886,CONFNO4,367,Great American Conference,12,0.19
Frequencies,861,10886,CONFNO4,144,Great Lakes Intercollegiate Athletic Conference,12,0.19
Frequencies,862,10886,CONFNO4,145,Great Lakes Valley Conference,15,0.24
Frequencies,863,10886,CONFNO4,371,Great Midwest Athletic Conference,13,0.21
Frequencies,864,10886,CONFNO4,174,Great Northeast Athletic Conference,11,0.18
Frequencies,865,10886,CONFNO4,213,Great Northwest Athletic Conference,9,0.14000000000000001
Frequencies,866,10886,CONFNO4,311,Great Plains Athletic Conference,12,0.19
Frequencies,867,10886,CONFNO4,337,Gulf Coast Athletic Conference,6,0.1
Frequencies,868,10886,CONFNO4,146,Gulf South Conference,13,0.21
Frequencies,869,10886,CONFNO4,320,Heart of America Athletic Conference,14,0.22
Frequencies,870,10886,CONFNO4,175,Heartland Collegiate Athletic Conference,10,0.16
Frequencies,871,10886,CONFNO4,122,Horizon League,12,0.19
Frequencies,872,10886,CONFNO4,318,Independent Mid-South Region,2,0.03
Frequencies,873,10886,CONFNO4,322,Independent Midwest Region,1,0.02
Frequencies,874,10886,CONFNO4,335,Independent Southeast Region,3,0.05
Frequencies,875,10886,CONFNO4,117,Ivy Group,9,0.14000000000000001
Frequencies,876,10886,CONFNO4,309,Kansas Collegiate Athletic Conference,13,0.21
Frequencies,877,10886,CONFNO4,361,Landmark Conference,8,0.13
Frequencies,878,10886,CONFNO4,178,Little East Conference,7,0.11
Frequencies,879,10886,CONFNO4,147,Lone Star Conference,16,0.26
Frequencies,880,10886,CONFNO4,179,Massachusetts State College Athletic Association,7,0.11
Frequencies,881,10886,CONFNO4,118,Metro Atlantic Athletic Conference,11,0.18
Frequencies,882,10886,CONFNO4,180,Michigan Intercollegiate Athletic Association,9,0.14000000000000001
Frequencies,883,10886,CONFNO4,148,Mid-America Intercollegiate Athletic Association,13,0.21
Frequencies,884,10886,CONFNO4,119,Mid-American Conference,12,0.19
Frequencies,885,10886,CONFNO4,121,Mid-Eastern Athletic Conference,11,0.18
Frequencies,886,10886,CONFNO4,315,Mid-South Conference,13,0.21
Frequencies,887,10886,CONFNO4,181,Middle Atlantic States Athletic Corporation,15,0.24
Frequencies,888,10886,CONFNO4,182,Midwest Conference,11,0.18
Frequencies,889,10886,CONFNO4,183,Minnesota Intercollegiate Athletic Conference,12,0.19
Frequencies,890,10886,CONFNO4,123,Missouri Valley Conference,10,0.16
Frequencies,891,10886,CONFNO4,370,Mountain East Conference,9,0.14000000000000001
Frequencies,892,10886,CONFNO4,124,Mountain Pacific Sports Federation,1,0.02
Frequencies,893,10886,CONFNO4,203,Mountain West Conference,11,0.18
Frequencies,894,10886,CONFNO4,363,New England Collegiate Conference,5,0.08
Frequencies,895,10886,CONFNO4,185,New England Small College Athletic Conference,11,0.18
Frequencies,896,10886,CONFNO4,186,New England Women's & Men's Athletic Conference,11,0.18
Frequencies,897,10886,CONFNO4,187,New Jersey Athletic Conference,7,0.11
Frequencies,898,10886,CONFNO4,215,North Atlantic Conference,13,0.21
Frequencies,899,10886,CONFNO4,189,North Coast Athletic Conference,9,0.14000000000000001
Frequencies,900,10886,CONFNO4,365,North Eastern Athletic Conference,4,0.06
Frequencies,901,10886,CONFNO4,373,North Star Athletic Association,7,0.11
Frequencies,902,10886,CONFNO4,153,Northeast 10 Conference,15,0.24
Frequencies,903,10886,CONFNO4,125,Northeast Conference,9,0.14000000000000001
Frequencies,904,10886,CONFNO4,359,Northern Athletics Conference,13,0.21
Frequencies,905,10886,CONFNO4,155,Northern Sun Intercollegiate Conference,16,0.26
Frequencies,906,10886,CONFNO4,205,Northwest Conference,8,0.13
Frequencies,907,10886,CONFNO4,191,Ohio Athletic Conference,10,0.16
Frequencies,908,10886,CONFNO4,126,Ohio Valley Conference,12,0.19
Frequencies,909,10886,CONFNO4,192,Old Dominion Athletic Conference,14,0.22
Frequencies,910,10886,CONFNO4,156,Pacific West Conference,11,0.18
Frequencies,911,10886,CONFNO4,127,Pacific-12 Conference,14,0.22
Frequencies,912,10886,CONFNO4,128,Patriot League,10,0.16
Frequencies,913,10886,CONFNO4,157,Peach Belt Conference,11,0.18
Frequencies,914,10886,CONFNO4,158,Pennsylvania State Athletic Conference,18,0.28999999999999998
Frequencies,915,10886,CONFNO4,194,Presidents' Athletic Conference,10,0.16
Frequencies,916,10886,CONFNO4,353,Red River Athletic Conference,7,0.11
Frequencies,917,10886,CONFNO4,374,River States,11,0.18
Frequencies,918,10886,CONFNO4,159,Rocky Mountain Athletic Conference,15,0.24
Frequencies,919,10886,CONFNO4,196,Skyline Conference,11,0.18
Frequencies,920,10886,CONFNO4,340,Sooner Athletic Conference,10,0.16
Frequencies,921,10886,CONFNO4,160,South Atlantic Conference,12,0.19
Frequencies,922,10886,CONFNO4,130,Southeastern Conference,15,0.24
Frequencies,923,10886,CONFNO4,368,Southern Athletic Association,8,0.13
Frequencies,924,10886,CONFNO4,197,Southern California Intercollegiate Athletic Conference,12,0.19
Frequencies,925,10886,CONFNO4,198,Southern Collegiate Athletic Conference,10,0.16
Frequencies,926,10886,CONFNO4,131,Southern Conference,9,0.14000000000000001
Frequencies,927,10886,CONFNO4,161,Southern Intercollegiate Athletic Conference,12,0.19
Frequencies,928,10886,CONFNO4,334,Southern States Athletic Conference,9,0.14000000000000001
Frequencies,929,10886,CONFNO4,132,Southland Conference,13,0.21
Frequencies,930,10886,CONFNO4,133,Southwestern Athletic Conference,10,0.16
Frequencies,931,10886,CONFNO4,195,St. Louis Intercollegiate Athletic Conference,9,0.14000000000000001
Frequencies,932,10886,CONFNO4,199,State University of New York Athletic Conference,10,0.16
Frequencies,933,10886,CONFNO4,134,Sun Belt Conference,12,0.19
Frequencies,934,10886,CONFNO4,162,Sunshine State Conference,8,0.13
Frequencies,935,10886,CONFNO4,120,The Summit League,8,0.13
Frequencies,936,10886,CONFNO4,171,USA South Athletic Conference,18,0.28999999999999998
Frequencies,937,10886,CONFNO4,200,University Athletic Association,8,0.13
Frequencies,938,10886,CONFNO4,354,Upper Midwest Athletic Conference,8,0.13
Frequencies,939,10886,CONFNO4,201,Upstate Collegiate Athletic Association,9,0.14000000000000001
Frequencies,940,10886,CONFNO4,136,West Coast Conference,9,0.14000000000000001
Frequencies,941,10886,CONFNO4,163,West Virginia Intercollegiate Athletic Conference,1,0.02
Frequencies,942,10886,CONFNO4,137,Western Athletic Conference,9,0.14000000000000001
Frequencies,943,10886,CONFNO4,202,Wisconsin Intercollegiate Athletic Conference,9,0.14000000000000001
Frequencies,944,10886,CONFNO4,307,Wolverine-Hoosier Athletic Conference,11,0.18
Frequencies,945,10886,CONFNO4,342,Other,4,0.06
Frequencies,946,10886,CONFNO4,-1,Not reported,3,0.05
Frequencies,947,10886,CONFNO4,-2,Not applicable,4962,79.209999999999994
Frequencies,948,,,,,,
Frequencies,949,,,,,,
Frequencies,950,,,,,,
Frequencies,951,,,,,,
Frequencies,952,,,,,,
Frequencies,953,,,,,,
Frequencies,954,,,,,,
Frequencies,955,,,,,,
Frequencies,956,,,,,,
Frequencies,957,,,,,,
Frequencies,958,,,,,,
Frequencies,959,,,,,,
Frequencies,960,,,,,,
Frequencies,961,,,,,,
Frequencies,962,,,,,,
Frequencies,963,,,,,,
Frequencies,964,,,,,,
Frequencies,965,,,,,,
Frequencies,966,,,,,,
Frequencies,967,,,,,,
Frequencies,968,,,,,,
Frequencies,969,,,,,,
Frequencies,970,,,,,,
Frequencies,971,,,,,,
Frequencies,972,,,,,,
Frequencies,973,,,,,,
Frequencies,974,,,,,,
Frequencies,975,,,,,,
Frequencies,976,,,,,,
Frequencies,977,,,,,,
Frequencies,978,,,,,,
Frequencies,979,,,,,,
Frequencies,980,,,,,,
Frequencies,981,,,,,,
Frequencies,982,,,,,,
Frequencies,983,,,,,,
Frequencies,984,,,,,,
Frequencies,985,,,,,,
Frequencies,986,,,,,,
Frequencies,987,,,,,,
Frequencies,988,,,,,,
Frequencies,989,,,,,,
Frequencies,990,,,,,,
Frequencies,991,,,,,,
Frequencies,992,,,,,,
Frequencies,993,,,,,,
Frequencies,994,,,,,,
Frequencies,995,,,,,,
Frequencies,996,,,,,,
Frequencies,997,,,,,,
Frequencies,998,,,,,,
Frequencies,999,,,,,,
Frequencies,1000,,,,,,
Frequencies,1001,,,,,,
Frequencies,1002,,,,,,
Frequencies,1003,,,,,,
Frequencies,1004,,,,,,
Frequencies,1005,,,,,,
Frequencies,1006,,,,,,
Frequencies,1007,,,,,,
Frequencies,1008,,,,,,
Frequencies,1009,,,,,,
Frequencies,1010,,,,,,
Frequencies,1011,,,,,,
Frequencies,1012,,,,,,
Frequencies,1013,,,,,,
Frequencies,1014,,,,,,
Frequencies,1015,,,,,,
Frequencies,1016,,,,,,
Frequencies,1017,,,,,,
Frequencies,1018,,,,,,
Frequencies,1019,,,,,,
Frequencies,1020,,,,,,
Frequencies,1021,,,,,,
Frequencies,1022,,,,,,
Frequencies,1023,,,,,,
Frequencies,1024,,,,,,
Frequencies,1025,,,,,,
Frequencies,1026,,,,,,
Frequencies,1027,,,,,,
Frequencies,1028,,,,,,
Frequencies,1029,,,,,,
Frequencies,1030,,,,,,
Frequencies,1031,,,,,,
Frequencies,1032,,,,,,
Frequencies,1033,,,,,,
Frequencies,1034,,,,,,
Frequencies,1035,,,,,,
Frequencies,1036,,,,,,
Frequencies,1037,,,,,,
Frequencies,1038,,,,,,
Frequencies,1039,,,,,,
Frequencies,1040,,,,,,
Frequencies,1041,,,,,,
Frequencies,1042,,,,,,
Frequencies,1043,,,,,,
Frequencies,1044,,,,,,
Frequencies,1045,,,,,,
Frequencies,1046,,,,,,
Frequencies,1047,,,,,,
Frequencies,1048,,,,,,
Frequencies,1049,,,,,,
Frequencies,1050,,,,,,
Frequencies,1051,,,,,,
Frequencies,1052,,,,,,
Frequencies,1053,,,,,,
Frequencies,1054,,,,,,
Frequencies,1055,,,,,,
Frequencies,1056,,,,,,
Frequencies,1057,,,,,,
Frequencies,1058,,,,,,
Frequencies,1059,,,,,,
Frequencies,1060,,,,,,
Frequencies,1061,,,,,,
Frequencies,1062,,,,,,
Frequencies,1063,,,,,,
Frequencies,1064,,,,,,
Frequencies,1065,,,,,,
Frequencies,1066,,,,,,
Frequencies,1067,,,,,,
Frequencies,1068,,,,,,
Frequencies,1069,,,,,,
Frequencies,1070,,,,,,
Frequencies,1071,,,,,,
Frequencies,1072,,,,,,
Frequencies,1073,,,,,,
Frequencies,1074,,,,,,
Frequencies,1075,,,,,,
Frequencies,1076,,,,,,
Frequencies,1077,,,,,,
Frequencies,1078,,,,,,
Frequencies,1079,,,,,,
Frequencies,1080,,,,,,
Frequencies,1081,,,,,,
Frequencies,1082,,,,,,
Frequencies,1083,,,,,,
Frequencies,1084,,,,,,
Frequencies,1085,,,,,,
Frequencies,1086,,,,,,
Frequencies,1087,,,,,,
Frequencies,1088,,,,,,
Frequencies,1089,,,,,,
Frequencies,1090,,,,,,
Frequencies,1091,,,,,,
Frequencies,1092,,,,,,
Frequencies,1093,,,,,,
Frequencies,1094,,,,,,
Frequencies,1095,,,,,,
Frequencies,1096,,,,,,
Frequencies,1097,,,,,,
Frequencies,1098,,,,,,
Frequencies,1099,,,,,,
Frequencies,1100,,,,,,
Frequencies,1101,,,,,,
Frequencies,1102,,,,,,
Frequencies,1103,,,,,,
Frequencies,1104,,,,,,
Frequencies,1105,,,,,,
Frequencies,1106,,,,,,
Frequencies,1107,,,,,,
Frequencies,1108,,,,,,
Frequencies,1109,,,,,,
Frequencies,1110,,,,,,
Frequencies,1111,,,,,,
Frequencies,1112,,,,,,
Frequencies,1113,,,,,,
Frequencies,1114,,,,,,
Frequencies,1115,,,,,,
Frequencies,1116,,,,,,
Frequencies,1117,,,,,,
Frequencies,1118,,,,,,
Frequencies,1119,,,,,,
Frequencies,1120,,,,,,
Frequencies,1121,,,,,,
Frequencies,1122,,,,,,
Frequencies,1123,,,,,,
Frequencies,1124,,,,,,
Frequencies,1125,,,,,,
Frequencies,1126,,,,,,
Frequencies,1127,,,,,,
Frequencies,1128,,,,,,
Frequencies,1129,,,,,,
Frequencies,1130,,,,,,
Frequencies,1131,,,,,,
Frequencies,1132,,,,,,
Frequencies,1133,,,,,,
Frequencies,1134,,,,,,
Frequencies,1135,,,,,,
Frequencies,1136,,,,,,
Frequencies,1137,,,,,,
Frequencies,1138,,,,,,
Frequencies,1139,,,,,,
Frequencies,1140,,,,,,
Frequencies,1141,,,,,,
Frequencies,1142,,,,,,
Frequencies,1143,,,,,,
Frequencies,1144,,,,,,
Frequencies,1145,,,,,,
Frequencies,1146,,,,,,
Frequencies,1147,,,,,,
Frequencies,1148,,,,,,
Frequencies,1149,,,,,,
Frequencies,1150,,,,,,
Frequencies,1151,,,,,,
Frequencies,1152,,,,,,
Frequencies,1153,,,,,,
Frequencies,1154,,,,,,
Frequencies,1155,,,,,,
Frequencies,1156,,,,,,
Frequencies,1157,,,,,,
Frequencies,1158,,,,,,
Frequencies,1159,,,,,,
Frequencies,1160,,,,,,
Frequencies,1161,,,,,,
Frequencies,1162,,,,,,
Frequencies,1163,,,,,,
Frequencies,1164,,,,,,
Frequencies,1165,,,,,,
Frequencies,1166,,,,,,
Frequencies,1167,,,,,,
Frequencies,1168,,,,,,
Frequencies,1169,,,,,,
Frequencies,1170,,,,,,
Frequencies,1171,,,,,,
Frequencies,1172,,,,,,
Frequencies,1173,,,,,,
Frequencies,1174,,,,,,
Frequencies,1175,,,,,,
Frequencies,1176,,,,,,
Frequencies,1177,,,,,,
Frequencies,1178,,,,,,
Frequencies,1179,,,,,,
Frequencies,1180,,,,,,
Frequencies,1181,,,,,,
Frequencies,1182,,,,,,
Frequencies,1183,,,,,,
Frequencies,1184,,,,,,
Frequencies,1185,,,,,,
Frequencies,1186,,,,,,
Frequencies,1187,,,,,,
Frequencies,1188,,,,,,
Frequencies,1189,,,,,,
Frequencies,1190,,,,,,
Frequencies,1191,,,,,,
Frequencies,1192,,,,,,
Frequencies,1193,,,,,,
Frequencies,1194,,,,,,
Frequencies,1195,,,,,,
Frequencies,1196,,,,,,
Frequencies,1197,,,,,,
Frequencies,1198,,,,,,
Frequencies,1199,,,,,,
Frequencies,1200,,,,,,
Frequencies,1201,,,,,,
Frequencies,1202,,,,,,
Frequencies,1203,,,,,,
Frequencies,1204,,,,,,
Frequencies,1205,,,,,,
Frequencies,1206,,,,,,
Frequencies,1207,,,,,,
Frequencies,1208,,,,,,
Frequencies,1209,,,,,,
Frequencies,1210,,,,,,
Frequencies,1211,,,,,,
Frequencies,1212,,,,,,
Frequencies,1213,,,,,,
Frequencies,1214,,,,,,
Frequencies,1215,,,,,,
Frequencies,1216,,,,,,
Frequencies,1217,,,,,,
Frequencies,1218,,,,,,
Frequencies,1219,,,,,,
Frequencies,1220,,,,,,
Frequencies,1221,,,,,,
Frequencies,1222,,,,,,
Frequencies,1223,,,,,,
Frequencies,1224,,,,,,
Frequencies,1225,,,,,,
Frequencies,1226,,,,,,
Frequencies,1227,,,,,,
Frequencies,1228,,,,,,
Frequencies,1229,,,,,,
Frequencies,1230,,,,,,
Frequencies,1231,,,,,,
Frequencies,1232,,,,,,
Frequencies,1233,,,,,,
Frequencies,1234,,,,,,
Frequencies,1235,,,,,,
Frequencies,1236,,,,,,
Frequencies,1237,,,,,,
Frequencies,1238,,,,,,
Frequencies,1239,,,,,,
Frequencies,1240,,,,,,
Frequencies,1241,,,,,,
Frequencies,1242,,,,,,
Frequencies,1243,,,,,,
Frequencies,1244,,,,,,
Frequencies,1245,,,,,,
Frequencies,1246,,,,,,
Frequencies,1247,,,,,,
Frequencies,1248,,,,,,
Frequencies,1249,,,,,,
Frequencies,1250,,,,,,
Frequencies,1251,,,,,,
Frequencies,1252,,,,,,
Frequencies,1253,,,,,,
Frequencies,1254,,,,,,
Frequencies,1255,,,,,,
Frequencies,1256,,,,,,
Frequencies,1257,,,,,,
Frequencies,1258,,,,,,
Frequencies,1259,,,,,,
Frequencies,1260,,,,,,
Frequencies,1261,,,,,,
Frequencies,1262,,,,,,
Frequencies,1263,,,,,,
Frequencies,1264,,,,,,
Frequencies,1265,,,,,,
Frequencies,1266,,,,,,
Frequencies,1267,,,,,,
Frequencies,1268,,,,,,
Frequencies,1269,,,,,,
Frequencies,1270,,,,,,
Frequencies,1271,,,,,,
Frequencies,1272,,,,,,
Frequencies,1273,,,,,,
Frequencies,1274,,,,,,
Frequencies,1275,,,,,,
Frequencies,1276,,,,,,
Frequencies,1277,,,,,,
Frequencies,1278,,,,,,
Frequencies,1279,,,,,,
Frequencies,1280,,,,,,
Frequencies,1281,,,,,,
Frequencies,1282,,,,,,
Frequencies,1283,,,,,,
Frequencies,1284,,,,,,
Frequencies,1285,,,,,,
Frequencies,1286,,,,,,
Frequencies,1287,,,,,,
Frequencies,1288,,,,,,
Frequencies,1289,,,,,,
Frequencies,1290,,,,,,
Frequencies,1291,,,,,,
Frequencies,1292,,,,,,
Frequencies,1293,,,,,,
Frequencies,1294,,,,,,
Frequencies,1295,,,,,,
Frequencies,1296,,,,,,
Frequencies,1297,,,,,,
Frequencies,1298,,,,,,
Frequencies,1299,,,,,,
Frequencies,1300,,,,,,
Frequencies,1301,,,,,,
Frequencies,1302,,,,,,
Frequencies,1303,,,,,,
Frequencies,1304,,,,,,
Frequencies,1305,,,,,,
Frequencies,1306,,,,,,
Frequencies,1307,,,,,,
Frequencies,1308,,,,,,
Frequencies,1309,,,,,,
Frequencies,1310,,,,,,
Frequencies,1311,,,,,,
Frequencies,1312,,,,,,
Frequencies,1313,,,,,,
Frequencies,1314,,,,,,
Frequencies,1315,,,,,,
Frequencies,1316,,,,,,
Frequencies,1317,,,,,,
Frequencies,1318,,,,,,
Frequencies,1319,,,,,,
Frequencies,1320,,,,,,
Frequencies,1321,,,,,,
Frequencies,1322,,,,,,
Frequencies,1323,,,,,,
Frequencies,1324,,,,,,
Frequencies,1325,,,,,,
Frequencies,1326,,,,,,
Frequencies,1327,,,,,,
Frequencies,1328,,,,,,
Frequencies,1329,,,,,,
Frequencies,1330,,,,,,
Frequencies,1331,,,,,,
Frequencies,1332,,,,,,
Frequencies,1333,,,,,,
Frequencies,1334,,,,,,
Frequencies,1335,,,,,,
Frequencies,1336,,,,,,
Frequencies,1337,,,,,,
Frequencies,1338,,,,,,
Frequencies,1339,,,,,,
Frequencies,1340,,,,,,
Frequencies,1341,,,,,,
Frequencies,1342,,,,,,
Frequencies,1343,,,,,,
Frequencies,1344,,,,,,
Frequencies,1345,,,,,,
Frequencies,1346,,,,,,
Frequencies,1347,,,,,,
Frequencies,1348,,,,,,
Frequencies,1349,,,,,,
Frequencies,1350,,,,,,
Frequencies,1351,,,,,,
Frequencies,1352,,,,,,
Frequencies,1353,,,,,,
Frequencies,1354,,,,,,
Frequencies,1355,,,,,,
Frequencies,1356,,,,,,
Frequencies,1357,,,,,,
Frequencies,1358,,,,,,
Frequencies,1359,,,,,,
Frequencies,1360,,,,,,
Frequencies,1361,,,,,,
Frequencies,1362,,,,,,
Frequencies,1363,,,,,,
Frequencies,1364,,,,,,
Frequencies,1365,,,,,,
Frequencies,1366,,,,,,
Frequencies,1367,,,,,,
Frequencies,1368,,,,,,
Frequencies,1369,,,,,,
Frequencies,1370,,,,,,
Frequencies,1371,,,,,,
Frequencies,1372,,,,,,
Frequencies,1373,,,,,,
Frequencies,1374,,,,,,
Frequencies,1375,,,,,,
Frequencies,1376,,,,,,
Frequencies,1377,,,,,,
Frequencies,1378,,,,,,
Frequencies,1379,,,,,,
Frequencies,1380,,,,,,
Frequencies,1381,,,,,,
Frequencies,1382,,,,,,
Frequencies,1383,,,,,,
Frequencies,1384,,,,,,
Frequencies,1385,,,,,,
Frequencies,1386,,,,,,
Frequencies,1387,,,,,,
Frequencies,1388,,,,,,
Frequencies,1389,,,,,,
Frequencies,1390,,,,,,
Frequencies,1391,,,,,,
Frequencies,1392,,,,,,
Frequencies,1393,,,,,,
Frequencies,1394,,,,,,
Frequencies,1395,,,,,,
Frequencies,1396,,,,,,
Frequencies,1397,,,,,,
Frequencies,1398,,,,,,
Frequencies,1399,,,,,,
Frequencies,1400,,,,,,
Frequencies,1401,,,,,,
Frequencies,1402,,,,,,
Frequencies,1403,,,,,,
Frequencies,1404,,,,,,
Frequencies,1405,,,,,,
Frequencies,1406,,,,,,
Frequencies,1407,,,,,,
Frequencies,1408,,,,,,
Frequencies,1409,,,,,,
Frequencies,1410,,,,,,
Frequencies,1411,,,,,,
Frequencies,1412,,,,,,
Frequencies,1413,,,,,,
Frequencies,1414,,,,,,
Frequencies,1415,,,,,,
Frequencies,1416,,,,,,
Frequencies,1417,,,,,,
Frequencies,1418,,,,,,
Frequencies,1419,,,,,,
Frequencies,1420,,,,,,
Frequencies,1421,,,,,,
Frequencies,1422,,,,,,
Frequencies,1423,,,,,,
Frequencies,1424,,,,,,
Frequencies,1425,,,,,,
Frequencies,1426,,,,,,
Frequencies,1427,,,,,,
Frequencies,1428,,,,,,
Frequencies,1429,,,,,,
Frequencies,1430,,,,,,
Frequencies,1431,,,,,,
Frequencies,1432,,,,,,
Frequencies,1433,,,,,,
Frequencies,1434,,,,,,
Frequencies,1435,,,,,,
Frequencies,1436,,,,,,
Frequencies,1437,,,,,,
Frequencies,1438,,,,,,
Statistics,0,varnumber,varname,n,sum,mean,min,max,varTitle
Statistics,1,24571,DISABPCT,1566,13497,8.6187739463601538,4,100,"Percent of undergraduates, who are formally registered as students with disabilities, when percentage is more than 3 percent"
Statistics,2,10971,ROOMCAP,2108,3200354,1518.1944971537002,3,20580,Total dormitory capacity
Statistics,3,10981,MEALSWK,1100,23892,21.72,2,99,Number of meals per week in board charge
Statistics,4,10986,ROOMAMT,1672,10426475,6235.9300239234453,0,27000,Typical room charge for academic year
Statistics,5,10991,BOARDAMT,1451,6709959,4624.368711233632,0,9760,Typical board charge for academic year
Statistics,6,10996,RMBRDAMT,433,4177191,9647.0923787528864,0,20530,Combined charge for room and board
Statistics,7,10911,APPLFEEU,5893,200539,34.030035635499743,0,400,Undergraduate application fee
Statistics,8,10916,APPLFEEG,2029,84977,41.881222276983735,0,300,Graduate application fee
Statistics,9,,,,,,,
Statistics,10,,,,,,,
Statistics,11,,,,,,,
Statistics,12,,,,,,,
Statistics,13,,,,,,,
Statistics,14,,,,,,,
Statistics,15,,,,,,,
Statistics,16,,,,,,,
Statistics,17,,,,,,,
Statistics,18,,,,,,,
Statistics,19,,,,,,,
Statistics,20,,,,,,,
Statistics,21,,,,,,,
Statistics,22,,,,,,,
Statistics,23,,,,,,,
Statistics,24,,,,,,,
Statistics,25,,,,,,,
Statistics,26,,,,,,,
Statistics,27,,,,,,,
Statistics,28,,,,,,,
Statistics,29,,,,,,,
Statistics,30,,,,,,,
FrequenciesRV,0,varnumber,varname,codevalue,valuelabel,frequency,percent
FrequenciesRV,1,10361,PEO1ISTR,1,Yes,3943,62.95
FrequenciesRV,2,10361,PEO1ISTR,0,Implied no,2321,37.049999999999997
FrequenciesRV,3,10366,PEO2ISTR,1,Yes,4349,69.430000000000007
FrequenciesRV,4,10366,PEO2ISTR,0,Implied no,1915,30.57
FrequenciesRV,5,10371,PEO3ISTR,1,Yes,805,12.85
FrequenciesRV,6,10371,PEO3ISTR,0,Implied no,2025,32.33
FrequenciesRV,7,10371,PEO3ISTR,-2,Not applicable,3434,54.82
FrequenciesRV,8,10376,PEO4ISTR,1,Yes,1069,17.07
FrequenciesRV,9,10376,PEO4ISTR,0,Implied no,5195,82.93
FrequenciesRV,10,10381,PEO5ISTR,1,Yes,1220,19.48
FrequenciesRV,11,10381,PEO5ISTR,0,Implied no,5044,80.52
FrequenciesRV,12,10386,PEO6ISTR,1,Yes,358,5.72
FrequenciesRV,13,10386,PEO6ISTR,0,Implied no,5906,94.28
FrequenciesRV,14,10391,CNTLAFFI,1,Public,1993,31.82
FrequenciesRV,15,10391,CNTLAFFI,2,Private for-profit,2407,38.43
FrequenciesRV,16,10391,CNTLAFFI,3,Private not-for-profit (no religious affiliation),960,15.33
FrequenciesRV,17,10391,CNTLAFFI,4,Private not-for-profit (religious affiliation),904,14.43
FrequenciesRV,18,10396,PUBPRIME,1,Federal,17,0.27
FrequenciesRV,19,10396,PUBPRIME,2,State,1472,23.5
FrequenciesRV,20,10396,PUBPRIME,3,Territorial,10,0.16
FrequenciesRV,21,10396,PUBPRIME,4,School district,234,3.74
FrequenciesRV,22,10396,PUBPRIME,5,County,90,1.44
FrequenciesRV,23,10396,PUBPRIME,7,City,13,0.21
FrequenciesRV,24,10396,PUBPRIME,8,Special district,108,1.72
FrequenciesRV,25,10396,PUBPRIME,9,Other,49,0.78
FrequenciesRV,26,10396,PUBPRIME,-2,Not applicable,4271,68.180000000000007
FrequenciesRV,27,10401,PUBSECON,1,Federal,14,0.22
FrequenciesRV,28,10401,PUBSECON,2,State,141,2.25
FrequenciesRV,29,10401,PUBSECON,3,Territorial,8,0.13
FrequenciesRV,30,10401,PUBSECON,4,School district,69,1.1000000000000001
FrequenciesRV,31,10401,PUBSECON,5,County,54,0.86
FrequenciesRV,32,10401,PUBSECON,6,Township,1,0.02
FrequenciesRV,33,10401,PUBSECON,7,City,4,0.06
FrequenciesRV,34,10401,PUBSECON,8,Special district,23,0.37
FrequenciesRV,35,10401,PUBSECON,9,Other,39,0.62
FrequenciesRV,36,10401,PUBSECON,0,Implied no,1640,26.18
FrequenciesRV,37,10401,PUBSECON,-2,Not applicable,4271,68.180000000000007
FrequenciesRV,38,10406,RELAFFIL,51,African Methodist Episcopal,6,0.1
FrequenciesRV,39,10406,RELAFFIL,24,African Methodist Episcopal Zion Church,3,0.05
FrequenciesRV,40,10406,RELAFFIL,52,American Baptist,17,0.27
FrequenciesRV,41,10406,RELAFFIL,22,American Evangelical Lutheran Church,1,0.02
FrequenciesRV,42,10406,RELAFFIL,27,Assemblies of God Church,15,0.24
FrequenciesRV,43,10406,RELAFFIL,54,Baptist,62,0.99
FrequenciesRV,44,10406,RELAFFIL,28,Brethren Church,2,0.03
FrequenciesRV,45,10406,RELAFFIL,34,Christ and Missionary Alliance Church,4,0.06
FrequenciesRV,46,10406,RELAFFIL,61,Christian Church (Disciples of Christ),19,0.3
FrequenciesRV,47,10406,RELAFFIL,48,Christian Churches and Churches of Christ,15,0.24
FrequenciesRV,48,10406,RELAFFIL,55,Christian Methodist Episcopal,4,0.06
FrequenciesRV,49,10406,RELAFFIL,35,Christian Reformed Church,3,0.05
FrequenciesRV,50,10406,RELAFFIL,58,Church of Brethren,4,0.06
FrequenciesRV,51,10406,RELAFFIL,57,Church of God,10,0.16
FrequenciesRV,52,10406,RELAFFIL,59,Church of the Nazarene,10,0.16
FrequenciesRV,53,10406,RELAFFIL,74,Churches of Christ,18,0.28999999999999998
FrequenciesRV,54,10406,RELAFFIL,60,Cumberland Presbyterian,2,0.03
FrequenciesRV,55,10406,RELAFFIL,50,"Episcopal Church, Reformed",2,0.03
FrequenciesRV,56,10406,RELAFFIL,102,Evangelical Christian,4,0.06
FrequenciesRV,57,10406,RELAFFIL,36,Evangelical Congregational Church,1,0.02
FrequenciesRV,58,10406,RELAFFIL,37,Evangelical Covenant Church of America,2,0.03
FrequenciesRV,59,10406,RELAFFIL,38,Evangelical Free Church of America,2,0.03
FrequenciesRV,60,10406,RELAFFIL,39,Evangelical Lutheran Church,27,0.43
FrequenciesRV,61,10406,RELAFFIL,64,Free Methodist,5,0.08
FrequenciesRV,62,10406,RELAFFIL,41,Free Will Baptist Church,4,0.06
FrequenciesRV,63,10406,RELAFFIL,65,Friends,7,0.11
FrequenciesRV,64,10406,RELAFFIL,105,General Baptist,1,0.02
FrequenciesRV,65,10406,RELAFFIL,91,Greek Orthodox,2,0.03
FrequenciesRV,66,10406,RELAFFIL,42,Interdenominational,38,0.61
FrequenciesRV,67,10406,RELAFFIL,80,Jewish,37,0.59
FrequenciesRV,68,10406,RELAFFIL,68,Lutheran Church - Missouri Synod,10,0.16
FrequenciesRV,69,10406,RELAFFIL,67,Lutheran Church in America,2,0.03
FrequenciesRV,70,10406,RELAFFIL,43,Mennonite Brethren Church,2,0.03
FrequenciesRV,71,10406,RELAFFIL,69,Mennonite Church,6,0.1
FrequenciesRV,72,10406,RELAFFIL,87,Missionary Church Inc,1,0.02
FrequenciesRV,73,10406,RELAFFIL,44,Moravian Church,2,0.03
FrequenciesRV,74,10406,RELAFFIL,78,Multiple Protestant Denomination,6,0.1
FrequenciesRV,75,10406,RELAFFIL,106,Muslim,1,0.02
FrequenciesRV,76,10406,RELAFFIL,108,Non-Denominational,8,0.13
FrequenciesRV,77,10406,RELAFFIL,45,North American Baptist,1,0.02
FrequenciesRV,78,10406,RELAFFIL,100,Original Free Will Baptist,1,0.02
FrequenciesRV,79,10406,RELAFFIL,79,Other Protestant,27,0.43
FrequenciesRV,80,10406,RELAFFIL,47,Pentecostal Holiness Church,3,0.05
FrequenciesRV,81,10406,RELAFFIL,107,Plymouth Brethren,1,0.02
FrequenciesRV,82,10406,RELAFFIL,103,Presbyterian,3,0.05
FrequenciesRV,83,10406,RELAFFIL,66,Presbyterian Church (USA),54,0.86
FrequenciesRV,84,10406,RELAFFIL,73,Protestant Episcopal,8,0.13
FrequenciesRV,85,10406,RELAFFIL,49,Reformed Church in America,5,0.08
FrequenciesRV,86,10406,RELAFFIL,81,Reformed Presbyterian Church,2,0.03
FrequenciesRV,87,10406,RELAFFIL,30,Roman Catholic,241,3.85
FrequenciesRV,88,10406,RELAFFIL,92,Russian Orthodox,1,0.02
FrequenciesRV,89,10406,RELAFFIL,95,Seventh Day Adventist,14,0.22
FrequenciesRV,90,10406,RELAFFIL,75,Southern Baptist,25,0.4
FrequenciesRV,91,10406,RELAFFIL,94,The Church of Jesus Christ of Latter-day Saints,4,0.06
FrequenciesRV,92,10406,RELAFFIL,97,The Presbyterian Church in America,2,0.03
FrequenciesRV,93,10406,RELAFFIL,88,Undenominational,20,0.32
FrequenciesRV,94,10406,RELAFFIL,93,Unitarian Universalist,2,0.03
FrequenciesRV,95,10406,RELAFFIL,84,United Brethren Church,1,0.02
FrequenciesRV,96,10406,RELAFFIL,76,United Church of Christ,14,0.22
FrequenciesRV,97,10406,RELAFFIL,71,United Methodist,88,1.4
FrequenciesRV,98,10406,RELAFFIL,89,Wesleyan,8,0.13
FrequenciesRV,99,10406,RELAFFIL,33,Wisconsin Evangelical Lutheran Synod,2,0.03
FrequenciesRV,100,10406,RELAFFIL,99,Other (none of the above),12,0.19
FrequenciesRV,101,10406,RELAFFIL,-2,Not applicable,5360,85.57
FrequenciesRV,102,10411,LEVEL1,1,Yes,3187,50.88
FrequenciesRV,103,10411,LEVEL1,0,Implied no,3077,49.12
FrequenciesRV,104,10412,LEVEL1A,1,Yes,924,14.75
FrequenciesRV,105,10412,LEVEL1A,0,Implied no,5340,85.25
FrequenciesRV,106,10413,LEVEL1B,1,Yes,3054,48.75
FrequenciesRV,107,10413,LEVEL1B,0,implied no,3210,51.25
FrequenciesRV,108,10416,LEVEL2,1,Yes,3833,61.19
FrequenciesRV,109,10416,LEVEL2,0,Implied no,2431,38.81
FrequenciesRV,110,10421,LEVEL3,1,Yes,2682,42.82
FrequenciesRV,111,10421,LEVEL3,0,Implied no,3582,57.18
FrequenciesRV,112,10426,LEVEL4,1,Yes,754,12.04
FrequenciesRV,113,10426,LEVEL4,0,Implied no,5510,87.96
FrequenciesRV,114,10431,LEVEL5,1,Yes,2513,40.119999999999997
FrequenciesRV,115,10431,LEVEL5,0,Implied no,1984,31.67
FrequenciesRV,116,10431,LEVEL5,-2,Not applicable,1767,28.21
FrequenciesRV,117,10436,LEVEL6,1,Yes,1146,18.3
FrequenciesRV,118,10436,LEVEL6,0,Implied no,3351,53.5
FrequenciesRV,119,10436,LEVEL6,-2,Not applicable,1767,28.21
FrequenciesRV,120,10441,LEVEL7,1,Yes,2061,32.9
FrequenciesRV,121,10441,LEVEL7,0,Implied no,2436,38.89
FrequenciesRV,122,10441,LEVEL7,-2,Not applicable,1767,28.21
FrequenciesRV,123,10446,LEVEL8,1,Yes,795,12.69
FrequenciesRV,124,10446,LEVEL8,0,Implied no,3702,59.1
FrequenciesRV,125,10446,LEVEL8,-2,Not applicable,1767,28.21
FrequenciesRV,126,10466,LEVEL12,0,Implied no,6264,100
FrequenciesRV,127,10452,LEVEL17,1,Yes,841,13.43
FrequenciesRV,128,10452,LEVEL17,0,Implied no,3656,58.37
FrequenciesRV,129,10452,LEVEL17,-2,Not applicable,1767,28.21
FrequenciesRV,130,10453,LEVEL18,1,Yes,839,13.39
FrequenciesRV,131,10453,LEVEL18,0,Implied no,3658,58.4
FrequenciesRV,132,10453,LEVEL18,-2,Not applicable,1767,28.21
FrequenciesRV,133,10454,LEVEL19,1,Yes,156,2.4900000000000002
FrequenciesRV,134,10454,LEVEL19,0,Implied no,4341,69.3
FrequenciesRV,135,10454,LEVEL19,-2,Not applicable,1767,28.21
FrequenciesRV,136,10901,CALSYS,1,Semester,3135,50.05
FrequenciesRV,137,10901,CALSYS,2,Quarter,357,5.7
FrequenciesRV,138,10901,CALSYS,3,Trimester,138,2.2000000000000002
FrequenciesRV,139,10901,CALSYS,4,Four-one-four plan,105,1.68
FrequenciesRV,140,10901,CALSYS,5,Other academic year,180,2.87
FrequenciesRV,141,10901,CALSYS,6,Differs by program,836,13.35
FrequenciesRV,142,10901,CALSYS,7,Continuous,1441,23
FrequenciesRV,143,10901,CALSYS,-2,Not applicable,72,1.1499999999999999
FrequenciesRV,144,10926,FT_UG,1,Yes,5855,93.47
FrequenciesRV,145,10926,FT_UG,2,No,337,5.38
FrequenciesRV,146,10926,FT_UG,-2,Not applicable,72,1.1499999999999999
FrequenciesRV,147,10931,FT_FTUG,1,Yes,5710,91.16
FrequenciesRV,148,10931,FT_FTUG,2,No,482,7.69
FrequenciesRV,149,10931,FT_FTUG,-2,Not applicable,72,1.1499999999999999
FrequenciesRV,150,15301,FTGDNIDP,1,Yes,2024,32.31
FrequenciesRV,151,15301,FTGDNIDP,2,No,1675,26.74
FrequenciesRV,152,15301,FTGDNIDP,-2,Not applicable,2565,40.950000000000003
FrequenciesRV,153,10946,PT_UG,1,Yes,4330,69.13
FrequenciesRV,154,10946,PT_UG,2,No,1862,29.73
FrequenciesRV,155,10946,PT_UG,-2,Not applicable,72,1.1499999999999999
FrequenciesRV,156,10951,PT_FTUG,1,Yes,3852,61.49
FrequenciesRV,157,10951,PT_FTUG,2,No,2340,37.36
FrequenciesRV,158,10951,PT_FTUG,-2,Not applicable,72,1.1499999999999999
FrequenciesRV,159,15306,PTGDNIDP,1,Yes,1898,30.3
FrequenciesRV,160,15306,PTGDNIDP,2,No,1801,28.75
FrequenciesRV,161,15306,PTGDNIDP,-2,Not applicable,2565,40.950000000000003
FrequenciesRV,162,15311,DOCPP,1,Yes,803,12.82
FrequenciesRV,163,15311,DOCPP,-2,Not applicable,5461,87.18
FrequenciesRV,164,15316,DOCPPSP,1,Yes,406,6.48
FrequenciesRV,165,15316,DOCPPSP,2,No,397,6.34
FrequenciesRV,166,15316,DOCPPSP,-2,Not applicable,5461,87.18
FrequenciesRV,167,10516,OPENADMP,1,Yes,3770,60.19
FrequenciesRV,168,10516,OPENADMP,2,No,1993,31.82
FrequenciesRV,169,10516,OPENADMP,-2,Not applicable,501,8
FrequenciesRV,170,16141,VET1,1,Yes,2855,45.58
FrequenciesRV,171,16141,VET1,0,Implied no,3327,53.11
FrequenciesRV,172,16141,VET1,-1,Not reported,10,0.16
FrequenciesRV,173,16141,VET1,-2,Not applicable,72,1.1499999999999999
FrequenciesRV,174,16142,VET2,1,Yes,2894,46.2
FrequenciesRV,175,16142,VET2,0,Implied no,3288,52.49
FrequenciesRV,176,16142,VET2,-1,Not reported,10,0.16
FrequenciesRV,177,16142,VET2,-2,Not applicable,72,1.1499999999999999
FrequenciesRV,178,16143,VET3,1,Yes,3312,52.87
FrequenciesRV,179,16143,VET3,0,Implied no,2870,45.82
FrequenciesRV,180,16143,VET3,-1,Not reported,10,0.16
FrequenciesRV,181,16143,VET3,-2,Not applicable,72,1.1499999999999999
FrequenciesRV,182,16144,VET4,1,Yes,1633,26.07
FrequenciesRV,183,16144,VET4,0,Implied no,4549,72.62
FrequenciesRV,184,16144,VET4,-1,Not reported,10,0.16
FrequenciesRV,185,16144,VET4,-2,Not applicable,72,1.1499999999999999
FrequenciesRV,186,16145,VET5,1,Yes,2295,36.64
FrequenciesRV,187,16145,VET5,0,Implied no,3887,62.05
FrequenciesRV,188,16145,VET5,-1,Not reported,10,0.16
FrequenciesRV,189,16145,VET5,-2,Not applicable,72,1.1499999999999999
FrequenciesRV,190,16149,VET9,1,Yes,1417,22.62
FrequenciesRV,191,16149,VET9,0,Implied no,4765,76.069999999999993
FrequenciesRV,192,16149,VET9,-1,Not reported,10,0.16
FrequenciesRV,193,16149,VET9,-2,Not applicable,72,1.1499999999999999
FrequenciesRV,194,10681,CREDITS1,1,Yes,2965,47.33
FrequenciesRV,195,10681,CREDITS1,0,Implied no,3217,51.36
FrequenciesRV,196,10681,CREDITS1,-1,Not reported,10,0.16
FrequenciesRV,197,10681,CREDITS1,-2,Not applicable,72,1.1499999999999999
FrequenciesRV,198,10686,CREDITS2,1,Yes,2143,34.21
FrequenciesRV,199,10686,CREDITS2,0,Implied no,4039,64.48
FrequenciesRV,200,10686,CREDITS2,-1,Not reported,10,0.16
FrequenciesRV,201,10686,CREDITS2,-2,Not applicable,72,1.1499999999999999
FrequenciesRV,202,10691,CREDITS3,1,Yes,3228,51.53
FrequenciesRV,203,10691,CREDITS3,0,Implied no,2954,47.16
FrequenciesRV,204,10691,CREDITS3,-1,Not reported,10,0.16
FrequenciesRV,205,10691,CREDITS3,-2,Not applicable,72,1.1499999999999999
FrequenciesRV,206,10696,CREDITS4,1,Yes,2587,41.3
FrequenciesRV,207,10696,CREDITS4,0,Implied no,3595,57.39
FrequenciesRV,208,10696,CREDITS4,-1,Not reported,10,0.16
FrequenciesRV,209,10696,CREDITS4,-2,Not applicable,72,1.1499999999999999
FrequenciesRV,210,10721,SLO5,1,Yes,1021,16.3
FrequenciesRV,211,10721,SLO5,0,Implied no,5161,82.39
FrequenciesRV,212,10721,SLO5,-1,Not reported,10,0.16
FrequenciesRV,213,10721,SLO5,-2,Not applicable,72,1.1499999999999999
FrequenciesRV,214,10726,SLO51,1,Yes,943,15.05
FrequenciesRV,215,10726,SLO51,0,Implied no,5239,83.64
FrequenciesRV,216,10726,SLO51,-1,Not reported,10,0.16
FrequenciesRV,217,10726,SLO51,-2,Not applicable,72,1.1499999999999999
FrequenciesRV,218,10731,SLO52,1,Yes,160,2.5499999999999998
FrequenciesRV,219,10731,SLO52,0,Implied no,6022,96.14
FrequenciesRV,220,10731,SLO52,-1,Not reported,10,0.16
FrequenciesRV,221,10731,SLO52,-2,Not applicable,72,1.1499999999999999
FrequenciesRV,222,10736,SLO53,1,Yes,592,9.4499999999999993
FrequenciesRV,223,10736,SLO53,0,Implied no,5590,89.24
FrequenciesRV,224,10736,SLO53,-1,Not reported,10,0.16
FrequenciesRV,225,10736,SLO53,-2,Not applicable,72,1.1499999999999999
FrequenciesRV,226,10741,SLO6,1,Yes,1935,30.89
FrequenciesRV,227,10741,SLO6,0,Implied no,4247,67.8
FrequenciesRV,228,10741,SLO6,-1,Not reported,10,0.16
FrequenciesRV,229,10741,SLO6,-2,Not applicable,72,1.1499999999999999
FrequenciesRV,230,10746,SLO7,1,Yes,2836,45.27
FrequenciesRV,231,10746,SLO7,0,Implied no,3346,53.42
FrequenciesRV,232,10746,SLO7,-1,Not reported,10,0.16
FrequenciesRV,233,10746,SLO7,-2,Not applicable,72,1.1499999999999999
FrequenciesRV,234,10751,SLO8,1,Yes,1565,24.98
FrequenciesRV,235,10751,SLO8,0,Implied no,2531,40.409999999999997
FrequenciesRV,236,10751,SLO8,-1,Not reported,1,0.02
FrequenciesRV,237,10751,SLO8,-2,Not applicable,2167,34.590000000000003
FrequenciesRV,238,10756,SLO81,1,Yes,1170,18.68
FrequenciesRV,239,10756,SLO81,0,Implied no,2926,46.71
FrequenciesRV,240,10756,SLO81,-1,Not reported,1,0.02
FrequenciesRV,241,10756,SLO81,-2,Not applicable,2167,34.590000000000003
FrequenciesRV,242,10761,SLO82,1,Yes,176,2.81
FrequenciesRV,243,10761,SLO82,0,Implied no,3920,62.58
FrequenciesRV,244,10761,SLO82,-1,Not reported,1,0.02
FrequenciesRV,245,10761,SLO82,-2,Not applicable,2167,34.590000000000003
FrequenciesRV,246,10766,SLO83,1,Yes,1349,21.54
FrequenciesRV,247,10766,SLO83,0,Implied no,2747,43.85
FrequenciesRV,248,10766,SLO83,-1,Not reported,1,0.02
FrequenciesRV,249,10766,SLO83,-2,Not applicable,2167,34.590000000000003
FrequenciesRV,250,10771,SLO9,1,Yes,2240,35.76
FrequenciesRV,251,10771,SLO9,0,Implied no,3942,62.93
FrequenciesRV,252,10771,SLO9,-1,Not reported,10,0.16
FrequenciesRV,253,10771,SLO9,-2,Not applicable,72,1.1499999999999999
FrequenciesRV,254,10776,YRSCOLL,1,One,31,0.49
FrequenciesRV,255,10776,YRSCOLL,2,Two,285,4.55
FrequenciesRV,256,10776,YRSCOLL,3,Three,37,0.59
FrequenciesRV,257,10776,YRSCOLL,4,Four,244,3.9
FrequenciesRV,258,10776,YRSCOLL,5,Five,6,0.1
FrequenciesRV,259,10776,YRSCOLL,6,Six,4,0.06
FrequenciesRV,260,10776,YRSCOLL,8,Eight,1,0.02
FrequenciesRV,261,10776,YRSCOLL,-1,Not reported,1,0.02
FrequenciesRV,262,10776,YRSCOLL,-2,Not applicable,5655,90.28
FrequenciesRV,263,10781,STUSRV1,1,Yes,3250,51.88
FrequenciesRV,264,10781,STUSRV1,0,Implied no,2932,46.81
FrequenciesRV,265,10781,STUSRV1,-1,Not reported,10,0.16
FrequenciesRV,266,10781,STUSRV1,-2,Not applicable,72,1.1499999999999999
FrequenciesRV,267,10786,STUSRV2,1,Yes,5637,89.99
FrequenciesRV,268,10786,STUSRV2,0,Implied no,545,8.6999999999999993
FrequenciesRV,269,10786,STUSRV2,-1,Not reported,10,0.16
FrequenciesRV,270,10786,STUSRV2,-2,Not applicable,72,1.1499999999999999
FrequenciesRV,271,10791,STUSRV3,1,Yes,4206,67.150000000000006
FrequenciesRV,272,10791,STUSRV3,0,Implied no,1976,31.55
FrequenciesRV,273,10791,STUSRV3,-1,Not reported,10,0.16
FrequenciesRV,274,10791,STUSRV3,-2,Not applicable,72,1.1499999999999999
FrequenciesRV,275,10796,STUSRV4,1,Yes,4882,77.94
FrequenciesRV,276,10796,STUSRV4,0,Implied no,1300,20.75
FrequenciesRV,277,10796,STUSRV4,-1,Not reported,10,0.16
FrequenciesRV,278,10796,STUSRV4,-2,Not applicable,72,1.1499999999999999
FrequenciesRV,279,10801,STUSRV8,1,Yes,869,13.87
FrequenciesRV,280,10801,STUSRV8,0,Implied no,5313,84.82
FrequenciesRV,281,10801,STUSRV8,-1,Not reported,10,0.16
FrequenciesRV,282,10801,STUSRV8,-2,Not applicable,72,1.1499999999999999
FrequenciesRV,283,10806,STUSRV9,1,Yes,186,2.97
FrequenciesRV,284,10806,STUSRV9,0,Implied no,5996,95.72
FrequenciesRV,285,10806,STUSRV9,-1,Not reported,10,0.16
FrequenciesRV,286,10806,STUSRV9,-2,Not applicable,72,1.1499999999999999
FrequenciesRV,287,16151,LIBRES1,1,Yes,4536,72.41
FrequenciesRV,288,16151,LIBRES1,0,Implied no,1646,26.28
FrequenciesRV,289,16151,LIBRES1,-1,Not reported,10,0.16
FrequenciesRV,290,16151,LIBRES1,-2,Not applicable,72,1.1499999999999999
FrequenciesRV,291,16153,LIBRES2,1,Yes,5129,81.88
FrequenciesRV,292,16153,LIBRES2,0,Implied no,1053,16.809999999999999
FrequenciesRV,293,16153,LIBRES2,-1,Not reported,10,0.16
FrequenciesRV,294,16153,LIBRES2,-2,Not applicable,72,1.1499999999999999
FrequenciesRV,295,16155,LIBRES3,1,Yes,5427,86.64
FrequenciesRV,296,16155,LIBRES3,0,Implied no,755,12.05
FrequenciesRV,297,16155,LIBRES3,-1,Not reported,10,0.16
FrequenciesRV,298,16155,LIBRES3,-2,Not applicable,72,1.1499999999999999
FrequenciesRV,299,16157,LIBRES4,1,Yes,4011,64.03
FrequenciesRV,300,16157,LIBRES4,0,Implied no,2171,34.659999999999997
FrequenciesRV,301,16157,LIBRES4,-1,Not reported,10,0.16
FrequenciesRV,302,16157,LIBRES4,-2,Not applicable,72,1.1499999999999999
FrequenciesRV,303,16159,LIBRES5,1,Yes,4150,66.25
FrequenciesRV,304,16159,LIBRES5,0,Implied no,2032,32.44
FrequenciesRV,305,16159,LIBRES5,-1,Not reported,10,0.16
FrequenciesRV,306,16159,LIBRES5,-2,Not applicable,72,1.1499999999999999
FrequenciesRV,307,16161,LIBRES6,1,Yes,3581,57.17
FrequenciesRV,308,16161,LIBRES6,0,Implied no,2601,41.52
FrequenciesRV,309,16161,LIBRES6,-1,Not reported,10,0.16
FrequenciesRV,310,16161,LIBRES6,-2,Not applicable,72,1.1499999999999999
FrequenciesRV,311,16163,LIBRES9,1,Yes,369,5.89
FrequenciesRV,312,16163,LIBRES9,0,Implied no,5813,92.8
FrequenciesRV,313,16163,LIBRES9,-1,Not reported,10,0.16
FrequenciesRV,314,16163,LIBRES9,-2,Not applicable,72,1.1499999999999999
FrequenciesRV,315,15241,TUITPL,1,Yes,5641,90.05
FrequenciesRV,316,15241,TUITPL,2,No,541,8.64
FrequenciesRV,317,15241,TUITPL,-1,Not reported,10,0.16
FrequenciesRV,318,15241,TUITPL,-2,Not applicable,72,1.1499999999999999
FrequenciesRV,319,15244,TUITPL1,1,Yes,538,8.59
FrequenciesRV,320,15244,TUITPL1,0,Implied no,5644,90.1
FrequenciesRV,321,15244,TUITPL1,-1,Not reported,10,0.16
FrequenciesRV,322,15244,TUITPL1,-2,Not applicable,72,1.1499999999999999
FrequenciesRV,323,15247,TUITPL2,1,Yes,448,7.15
FrequenciesRV,324,15247,TUITPL2,0,Implied no,5734,91.54
FrequenciesRV,325,15247,TUITPL2,-1,Not reported,10,0.16
FrequenciesRV,326,15247,TUITPL2,-2,Not applicable,72,1.1499999999999999
FrequenciesRV,327,15250,TUITPL3,1,Yes,5532,88.31
FrequenciesRV,328,15250,TUITPL3,0,Implied no,650,10.38
FrequenciesRV,329,15250,TUITPL3,-1,Not reported,10,0.16
FrequenciesRV,330,15250,TUITPL3,-2,Not applicable,72,1.1499999999999999
FrequenciesRV,331,15253,TUITPL4,1,Yes,116,1.85
FrequenciesRV,332,15253,TUITPL4,0,Implied no,6066,96.84
FrequenciesRV,333,15253,TUITPL4,-1,Not reported,10,0.16
FrequenciesRV,334,15253,TUITPL4,-2,Not applicable,72,1.1499999999999999
FrequenciesRV,335,15421,DSTNUGC,1,Yes,3329,53.14
FrequenciesRV,336,15421,DSTNUGC,0,Implied no,2567,40.98
FrequenciesRV,337,15421,DSTNUGC,-1,Not reported,10,0.16
FrequenciesRV,338,15421,DSTNUGC,-2,Not applicable,358,5.72
FrequenciesRV,339,15426,DSTNUGP,1,Yes,2055,32.81
FrequenciesRV,340,15426,DSTNUGP,0,Implied no,3841,61.32
FrequenciesRV,341,15426,DSTNUGP,-1,Not reported,10,0.16
FrequenciesRV,342,15426,DSTNUGP,-2,Not applicable,358,5.72
FrequenciesRV,343,15431,DSTNUGN,1,Yes,2567,40.98
FrequenciesRV,344,15431,DSTNUGN,0,Implied no,3329,53.14
FrequenciesRV,345,15431,DSTNUGN,-1,Not reported,10,0.16
FrequenciesRV,346,15431,DSTNUGN,-2,Not applicable,358,5.72
FrequenciesRV,347,15436,DSTNGC,1,Yes,1788,28.54
FrequenciesRV,348,15436,DSTNGC,0,Implied no,298,4.76
FrequenciesRV,349,15436,DSTNGC,-1,Not reported,10,0.16
FrequenciesRV,350,15436,DSTNGC,-2,Not applicable,4168,66.540000000000006
FrequenciesRV,351,15441,DSTNGP,1,Yes,1434,22.89
FrequenciesRV,352,15441,DSTNGP,0,Implied no,652,10.41
FrequenciesRV,353,15441,DSTNGP,-1,Not reported,10,0.16
FrequenciesRV,354,15441,DSTNGP,-2,Not applicable,4168,66.540000000000006
FrequenciesRV,355,15446,DSTNGN,1,Yes,298,4.76
FrequenciesRV,356,15446,DSTNGN,0,Implied no,1788,28.54
FrequenciesRV,357,15446,DSTNGN,-1,Not reported,10,0.16
FrequenciesRV,358,15446,DSTNGN,-2,Not applicable,4168,66.540000000000006
FrequenciesRV,359,15400,DISTCRS,1,Yes,3557,56.78
FrequenciesRV,360,15400,DISTCRS,0,Implied no,2625,41.91
FrequenciesRV,361,15400,DISTCRS,-1,Not reported,10,0.16
FrequenciesRV,362,15400,DISTCRS,-2,Not applicable,72,1.1499999999999999
FrequenciesRV,363,15451,DISTPGS,1,Yes,2470,39.43
FrequenciesRV,364,15451,DISTPGS,0,Implied no,3712,59.26
FrequenciesRV,365,15451,DISTPGS,-1,Not applicable,10,0.16
FrequenciesRV,366,15451,DISTPGS,-2,Not reported,72,1.1499999999999999
FrequenciesRV,367,15406,DSTNCED1,1,Yes,3329,53.14
FrequenciesRV,368,15406,DSTNCED1,0,Implied no,2567,40.98
FrequenciesRV,369,15406,DSTNCED1,-1,Not reported,10,0.16
FrequenciesRV,370,15406,DSTNCED1,-2,Not applicable,358,5.72
FrequenciesRV,371,15411,DSTNCED2,1,Yes,1788,28.54
FrequenciesRV,372,15411,DSTNCED2,0,Implied no,298,4.76
FrequenciesRV,373,15411,DSTNCED2,-1,Not reported,10,0.16
FrequenciesRV,374,15411,DSTNCED2,-2,Not applicable,4168,66.540000000000006
FrequenciesRV,375,15416,DSTNCED3,1,Yes,2625,41.91
FrequenciesRV,376,15416,DSTNCED3,0,Implied no,3557,56.78
FrequenciesRV,377,15416,DSTNCED3,-1,Not reported,10,0.16
FrequenciesRV,378,15416,DSTNCED3,-2,Not applicable,72,1.1499999999999999
FrequenciesRV,379,15401,DISTNCED,1,Yes,59,0.94
FrequenciesRV,380,15401,DISTNCED,2,No,6123,97.75
FrequenciesRV,381,15401,DISTNCED,-1,Not reported,10,0.16
FrequenciesRV,382,15401,DISTNCED,-2,Not applicable,72,1.1499999999999999
FrequenciesRV,383,24566,DISAB,1,3 percent or less,4312,68.84
FrequenciesRV,384,24566,DISAB,2,More than 3 percent,1567,25.02
FrequenciesRV,385,24566,DISAB,-1,Not reported,10,0.16
FrequenciesRV,386,24566,DISAB,-2,Not applicable,375,5.99
FrequenciesRV,387,15066,ALLONCAM,1,Yes,72,1.1499999999999999
FrequenciesRV,388,15066,ALLONCAM,2,No,5632,89.91
FrequenciesRV,389,15066,ALLONCAM,-1,Not reported,10,0.16
FrequenciesRV,390,15066,ALLONCAM,-2,Not applicable,550,8.7799999999999994
FrequenciesRV,391,10961,TUITVARY,1,Yes,1508,24.07
FrequenciesRV,392,10961,TUITVARY,2,No,2406,38.409999999999997
FrequenciesRV,393,10961,TUITVARY,-1,Not reported,10,0.16
FrequenciesRV,394,10961,TUITVARY,-2,Not applicable,2340,37.36
FrequenciesRV,395,10966,ROOM,1,Yes,2108,33.65
FrequenciesRV,396,10966,ROOM,2,No,4074,65.040000000000006
FrequenciesRV,397,10966,ROOM,-1,Not reported,10,0.16
FrequenciesRV,398,10966,ROOM,-2,Not applicable,72,1.1499999999999999
FrequenciesRV,399,10976,BOARD,1,"Yes, number of meals in the maximum meal plan offered",1100,17.559999999999999
FrequenciesRV,400,10976,BOARD,2,"Yes, number of meals per week can vary",787,12.56
FrequenciesRV,401,10976,BOARD,3,No,4295,68.569999999999993
FrequenciesRV,402,10976,BOARD,-1,Not reported,10,0.16
FrequenciesRV,403,10976,BOARD,-2,Not applicable,72,1.1499999999999999
FrequenciesRV,404,10816,ATHASSOC,1,Yes,1995,31.85
FrequenciesRV,405,10816,ATHASSOC,2,No,2101,33.54
FrequenciesRV,406,10816,ATHASSOC,-1,Not reported,3,0.05
FrequenciesRV,407,10816,ATHASSOC,-2,Not applicable,2165,34.56
FrequenciesRV,408,10821,ASSOC1,1,Yes,1114,17.78
FrequenciesRV,409,10821,ASSOC1,0,Implied no,2982,47.61
FrequenciesRV,410,10821,ASSOC1,-1,Not reported,3,0.05
FrequenciesRV,411,10821,ASSOC1,-2,Not applicable,2165,34.56
FrequenciesRV,412,10826,ASSOC2,1,Yes,248,3.96
FrequenciesRV,413,10826,ASSOC2,0,Implied no,3848,61.43
FrequenciesRV,414,10826,ASSOC2,-1,Not reported,3,0.05
FrequenciesRV,415,10826,ASSOC2,-2,Not applicable,2165,34.56
FrequenciesRV,416,10831,ASSOC3,1,Yes,500,7.98
FrequenciesRV,417,10831,ASSOC3,0,Implied no,3596,57.41
FrequenciesRV,418,10831,ASSOC3,-1,Not reported,3,0.05
FrequenciesRV,419,10831,ASSOC3,-2,Not applicable,2165,34.56
FrequenciesRV,420,10836,ASSOC4,1,Yes,47,0.75
FrequenciesRV,421,10836,ASSOC4,0,Implied no,4049,64.64
FrequenciesRV,422,10836,ASSOC4,-1,Not reported,3,0.05
FrequenciesRV,423,10836,ASSOC4,-2,Not applicable,2165,34.56
FrequenciesRV,424,10841,ASSOC5,1,Yes,86,1.37
FrequenciesRV,425,10841,ASSOC5,0,Implied no,4010,64.02
FrequenciesRV,426,10841,ASSOC5,-1,Not reported,3,0.05
FrequenciesRV,427,10841,ASSOC5,-2,Not applicable,2165,34.56
FrequenciesRV,428,10846,ASSOC6,1,Yes,134,2.14
FrequenciesRV,429,10846,ASSOC6,0,Implied no,3962,63.25
FrequenciesRV,430,10846,ASSOC6,-1,Not reported,3,0.05
FrequenciesRV,431,10846,ASSOC6,-2,Not applicable,2165,34.56
FrequenciesRV,432,10851,SPORT1,1,Yes,774,12.36
FrequenciesRV,433,10851,SPORT1,2,No,3648,58.24
FrequenciesRV,434,10851,SPORT1,-1,Not reported,3,0.05
FrequenciesRV,435,10851,SPORT1,-2,Not applicable,1839,29.36
FrequenciesRV,436,10856,CONFNO1,372,American Athletic Conference,11,0.18
FrequenciesRV,437,10856,CONFNO1,176,American Rivers Conference,9,0.14000000000000001
FrequenciesRV,438,10856,CONFNO1,204,American Southwest Conference,9,0.14000000000000001
FrequenciesRV,439,10856,CONFNO1,316,Appalachian Athletic Conference,1,0.02
FrequenciesRV,440,10856,CONFNO1,369,Association of Independent Institutions,1,0.02
FrequenciesRV,441,10856,CONFNO1,102,Atlantic Coast Conference,14,0.22
FrequenciesRV,442,10856,CONFNO1,104,Big East Conference,1,0.02
FrequenciesRV,443,10856,CONFNO1,105,Big Sky Conference,13,0.21
FrequenciesRV,444,10856,CONFNO1,106,Big South Conference,9,0.14000000000000001
FrequenciesRV,445,10856,CONFNO1,107,Big Ten Conference,14,0.22
FrequenciesRV,446,10856,CONFNO1,108,Big Twelve Conference,10,0.16
FrequenciesRV,447,10856,CONFNO1,138,California Collegiate Athletic Association,1,0.02
FrequenciesRV,448,10856,CONFNO1,165,Centennial Conference,10,0.16
FrequenciesRV,449,10856,CONFNO1,140,Central Intercollegiate Athletic Association,12,0.19
FrequenciesRV,450,10856,CONFNO1,355,Central States Football League,1,0.02
FrequenciesRV,451,10856,CONFNO1,304,Chicagoland Collegiate Athletic Conference,1,0.02
FrequenciesRV,452,10856,CONFNO1,167,College Conference of Illinois and Wisconsin,9,0.14000000000000001
FrequenciesRV,453,10856,CONFNO1,110,Colonial Athletic Association,12,0.19
FrequenciesRV,454,10856,CONFNO1,168,Commonwealth Coast Conference,6,0.1
FrequenciesRV,455,10856,CONFNO1,139,Conference Carolinas,1,0.02
FrequenciesRV,456,10856,CONFNO1,111,Conference USA,14,0.22
FrequenciesRV,457,10856,CONFNO1,112,Division I Independents,1,0.02
FrequenciesRV,458,10856,CONFNO1,113,Division I-A Independents,3,0.05
FrequenciesRV,459,10856,CONFNO1,170,Division III Independents,2,0.03
FrequenciesRV,460,10856,CONFNO1,151,East Coast Conference,1,0.02
FrequenciesRV,461,10856,CONFNO1,366,Eastern Collegiate Football Conference,8,0.13
FrequenciesRV,462,10856,CONFNO1,172,Empire Eight,7,0.11
FrequenciesRV,463,10856,CONFNO1,333,The Sun Conference,4,0.06
FrequenciesRV,464,10856,CONFNO1,173,Freedom Football Conference,1,0.02
FrequenciesRV,465,10856,CONFNO1,352,Frontier Conference,8,0.13
FrequenciesRV,466,10856,CONFNO1,302,Golden State Athletic Conference,1,0.02
FrequenciesRV,467,10856,CONFNO1,367,Great American Conference,12,0.19
FrequenciesRV,468,10856,CONFNO1,144,Great Lakes Intercollegiate Athletic Conference,9,0.14000000000000001
FrequenciesRV,469,10856,CONFNO1,371,Great Midwest Athletic Conference,8,0.13
FrequenciesRV,470,10856,CONFNO1,145,Great Lakes Valley Conference,8,0.13
FrequenciesRV,471,10856,CONFNO1,174,Great Northeast Athletic Conference,1,0.02
FrequenciesRV,472,10856,CONFNO1,213,Great Northwest Athletic Conference,3,0.05
FrequenciesRV,473,10856,CONFNO1,311,Great Plains Athletic Conference,11,0.18
FrequenciesRV,474,10856,CONFNO1,146,Gulf South Conference,8,0.13
FrequenciesRV,475,10856,CONFNO1,320,Heart of America Athletic Conference,12,0.19
FrequenciesRV,476,10856,CONFNO1,175,Heartland Collegiate Athletic Conference,9,0.14000000000000001
FrequenciesRV,477,10856,CONFNO1,322,Independent Midwest Region,1,0.02
FrequenciesRV,478,10856,CONFNO1,327,Independent Northeast Region,1,0.02
FrequenciesRV,479,10856,CONFNO1,335,Independent Southeast Region,1,0.02
FrequenciesRV,480,10856,CONFNO1,117,Ivy Group,8,0.13
FrequenciesRV,481,10856,CONFNO1,309,Kansas Collegiate Athletic Conference,11,0.18
FrequenciesRV,482,10856,CONFNO1,147,Lone Star Conference,8,0.13
FrequenciesRV,483,10856,CONFNO1,179,Massachusetts State College Athletic Association,5,0.08
FrequenciesRV,484,10856,CONFNO1,180,Michigan Intercollegiate Athletic Association,8,0.13
FrequenciesRV,485,10856,CONFNO1,148,Mid-America Intercollegiate Athletic Association,12,0.19
FrequenciesRV,486,10856,CONFNO1,119,Mid-American Conference,12,0.19
FrequenciesRV,487,10856,CONFNO1,121,Mid-Eastern Athletic Conference,9,0.14000000000000001
FrequenciesRV,488,10856,CONFNO1,315,Mid-South Conference,17,0.27
FrequenciesRV,489,10856,CONFNO1,356,Mid-States Football Association,14,0.22
FrequenciesRV,490,10856,CONFNO1,181,Middle Atlantic States Athletic Corporation,11,0.18
FrequenciesRV,491,10856,CONFNO1,182,Midwest Conference,13,0.21
FrequenciesRV,492,10856,CONFNO1,183,Minnesota Intercollegiate Athletic Conference,8,0.13
FrequenciesRV,493,10856,CONFNO1,123,Missouri Valley Conference,11,0.18
FrequenciesRV,494,10856,CONFNO1,370,Mountain East Conference,10,0.16
FrequenciesRV,495,10856,CONFNO1,203,Mountain West Conference,12,0.19
FrequenciesRV,496,10856,CONFNO1,184,New England Football Conference,4,0.06
FrequenciesRV,497,10856,CONFNO1,185,New England Small College Athletic Conference,10,0.16
FrequenciesRV,498,10856,CONFNO1,186,New England Women's & Men's Athletic Conference,7,0.11
FrequenciesRV,499,10856,CONFNO1,187,New Jersey Athletic Conference,8,0.13
FrequenciesRV,500,10856,CONFNO1,189,North Coast Athletic Conference,10,0.16
FrequenciesRV,501,10856,CONFNO1,373,North Star Athletic Association,6,0.1
FrequenciesRV,502,10856,CONFNO1,153,Northeast 10 Conference,10,0.16
FrequenciesRV,503,10856,CONFNO1,125,Northeast Conference,7,0.11
FrequenciesRV,504,10856,CONFNO1,359,Northern Athletics Collegiate Conference,8,0.13
FrequenciesRV,505,10856,CONFNO1,155,Northern Sun Intercollegiate Conference,14,0.22
FrequenciesRV,506,10856,CONFNO1,205,Northwest Conference,7,0.11
FrequenciesRV,507,10856,CONFNO1,191,Ohio Athletic Conference,10,0.16
FrequenciesRV,508,10856,CONFNO1,126,Ohio Valley Conference,9,0.14000000000000001
FrequenciesRV,509,10856,CONFNO1,192,Old Dominion Athletic Conference,9,0.14000000000000001
FrequenciesRV,510,10856,CONFNO1,127,Pacific-12 Conference,14,0.22
FrequenciesRV,511,10856,CONFNO1,128,Patriot League,7,0.11
FrequenciesRV,512,10856,CONFNO1,158,Pennsylvania State Athletic Conference,16,0.26
FrequenciesRV,513,10856,CONFNO1,129,Pioneer Football League,10,0.16
FrequenciesRV,514,10856,CONFNO1,194,Presidents' Athletic Conference,9,0.14000000000000001
FrequenciesRV,515,10856,CONFNO1,159,Rocky Mountain Athletic Conference,10,0.16
FrequenciesRV,516,10856,CONFNO1,340,Sooner Athletic Conference,7,0.11
FrequenciesRV,517,10856,CONFNO1,160,South Atlantic Conference,9,0.14000000000000001
FrequenciesRV,518,10856,CONFNO1,130,Southeastern Conference,15,0.24
FrequenciesRV,519,10856,CONFNO1,368,Southern Athletic Association,9,0.14000000000000001
FrequenciesRV,520,10856,CONFNO1,197,Southern California Intercollegiate Athletic Conference,11,0.18
FrequenciesRV,521,10856,CONFNO1,198,Southern Collegiate Athletic Conference,1,0.02
FrequenciesRV,522,10856,CONFNO1,131,Southern Conference,8,0.13
FrequenciesRV,523,10856,CONFNO1,161,Southern Intercollegiate Athletic Conference,11,0.18
FrequenciesRV,524,10856,CONFNO1,132,Southland Conference,11,0.18
FrequenciesRV,525,10856,CONFNO1,133,Southwestern Athletic Conference,10,0.16
FrequenciesRV,526,10856,CONFNO1,134,Sun Belt Conference,11,0.18
FrequenciesRV,527,10856,CONFNO1,171,USA South Athletic Conference,9,0.14000000000000001
FrequenciesRV,528,10856,CONFNO1,200,University Athletic Association,3,0.05
FrequenciesRV,529,10856,CONFNO1,354,Upper Midwest Athletic Conference,8,0.13
FrequenciesRV,530,10856,CONFNO1,201,Upstate Collegiate Athletic Association,6,0.1
FrequenciesRV,531,10856,CONFNO1,163,West Virginia Intercollegiate Athletic Conference,1,0.02
FrequenciesRV,532,10856,CONFNO1,137,Western Athletic Conference,1,0.02
FrequenciesRV,533,10856,CONFNO1,202,Wisconsin Intercollegiate Athletic Conference,8,0.13
FrequenciesRV,534,10856,CONFNO1,342,Other,2,0.03
FrequenciesRV,535,10856,CONFNO1,-1,Not reported,3,0.05
FrequenciesRV,536,10856,CONFNO1,-2,Not applicable,5487,87.6
FrequenciesRV,537,10861,SPORT2,1,Yes,1340,21.39
FrequenciesRV,538,10861,SPORT2,2,No,3082,49.2
FrequenciesRV,539,10861,SPORT2,-1,Not reported,3,0.05
FrequenciesRV,540,10861,SPORT2,-2,Not applicable,1839,29.36
FrequenciesRV,541,10866,CONFNO2,214,Allegheny Mountain Collegiate Conference,6,0.1
FrequenciesRV,542,10866,CONFNO2,101,America East,10,0.16
FrequenciesRV,543,10866,CONFNO2,372,American Athletic Conference,11,0.18
FrequenciesRV,544,10866,CONFNO2,376,American Collegiate Athletic Association,2,0.03
FrequenciesRV,545,10866,CONFNO2,319,American Midwest Conference,10,0.16
FrequenciesRV,546,10866,CONFNO2,176,American Rivers Conference,9,0.14000000000000001
FrequenciesRV,547,10866,CONFNO2,204,American Southwest Conference,12,0.19
FrequenciesRV,548,10866,CONFNO2,316,Appalachian Athletic Conference,13,0.21
FrequenciesRV,549,10866,CONFNO2,369,Association of Independent Institutions,14,0.22
FrequenciesRV,550,10866,CONFNO2,103,Atlantic 10 Conference,14,0.22
FrequenciesRV,551,10866,CONFNO2,102,Atlantic Coast Conference,15,0.24
FrequenciesRV,552,10866,CONFNO2,375,Atlantic East Conference,7,0.11
FrequenciesRV,553,10866,CONFNO2,135,Atlantic Sun Conference,9,0.14000000000000001
FrequenciesRV,554,10866,CONFNO2,104,Big East Conference,11,0.18
FrequenciesRV,555,10866,CONFNO2,105,Big Sky Conference,11,0.18
FrequenciesRV,556,10866,CONFNO2,106,Big South Conference,12,0.19
FrequenciesRV,557,10866,CONFNO2,107,Big Ten Conference,14,0.22
FrequenciesRV,558,10866,CONFNO2,108,Big Twelve Conference,10,0.16
FrequenciesRV,559,10866,CONFNO2,109,Big West Conference,11,0.18
FrequenciesRV,560,10866,CONFNO2,138,California Collegiate Athletic Association,14,0.22
FrequenciesRV,561,10866,CONFNO2,301,California Pacific Conference,8,0.13
FrequenciesRV,562,10866,CONFNO2,164,Capital Athletic Conference,7,0.11
FrequenciesRV,563,10866,CONFNO2,328,Cascade Collegiate Conference,12,0.19
FrequenciesRV,564,10866,CONFNO2,165,Centennial Conference,11,0.18
FrequenciesRV,565,10866,CONFNO2,323,Central Atlantic Collegiate Conference,14,0.22
FrequenciesRV,566,10866,CONFNO2,140,Central Intercollegiate Athletic Association,13,0.21
FrequenciesRV,567,10866,CONFNO2,304,Chicagoland Collegiate Athletic Conference,14,0.22
FrequenciesRV,568,10866,CONFNO2,166,City University of New York Athletic Conference,10,0.16
FrequenciesRV,569,10866,CONFNO2,167,College Conference of Illinois and Wisconsin,9,0.14000000000000001
FrequenciesRV,570,10866,CONFNO2,110,Colonial Athletic Association,11,0.18
FrequenciesRV,571,10866,CONFNO2,364,Colonial States Athletic Conference,10,0.16
FrequenciesRV,572,10866,CONFNO2,168,Commonwealth Coast Conference,9,0.14000000000000001
FrequenciesRV,573,10866,CONFNO2,207,Commonwealth Conference,3,0.05
FrequenciesRV,574,10866,CONFNO2,139,Conference Carolinas,12,0.19
FrequenciesRV,575,10866,CONFNO2,111,Conference USA,14,0.22
FrequenciesRV,576,10866,CONFNO2,305,Crossroads League,10,0.16
FrequenciesRV,577,10866,CONFNO2,141,Division II Independents,2,0.03
FrequenciesRV,578,10866,CONFNO2,170,Division III Independents,8,0.13
FrequenciesRV,579,10866,CONFNO2,151,East Coast Conference,10,0.16
FrequenciesRV,580,10866,CONFNO2,115,Eastern College Athletic Conference,2,0.03
FrequenciesRV,581,10866,CONFNO2,172,Empire Eight,9,0.14000000000000001
FrequenciesRV,582,10866,CONFNO2,333,The Sun Conference,10,0.16
FrequenciesRV,583,10866,CONFNO2,208,Freedom Conference,1,0.02
FrequenciesRV,584,10866,CONFNO2,352,Frontier Conference,6,0.1
FrequenciesRV,585,10866,CONFNO2,302,Golden State Athletic Conference,10,0.16
FrequenciesRV,586,10866,CONFNO2,367,Great American Conference,12,0.19
FrequenciesRV,587,10866,CONFNO2,144,Great Lakes Intercollegiate Athletic Conference,12,0.19
FrequenciesRV,588,10866,CONFNO2,371,Great Midwest Athletic Conference,13,0.21
FrequenciesRV,589,10866,CONFNO2,145,Great Lakes Valley Conference,15,0.24
FrequenciesRV,590,10866,CONFNO2,174,Great Northeast Athletic Conference,12,0.19
FrequenciesRV,591,10866,CONFNO2,213,Great Northwest Athletic Conference,9,0.14000000000000001
FrequenciesRV,592,10866,CONFNO2,311,Great Plains Athletic Conference,12,0.19
FrequenciesRV,593,10866,CONFNO2,337,Gulf Coast Athletic Conference,6,0.1
FrequenciesRV,594,10866,CONFNO2,146,Gulf South Conference,13,0.21
FrequenciesRV,595,10866,CONFNO2,320,Heart of America Athletic Conference,14,0.22
FrequenciesRV,596,10866,CONFNO2,175,Heartland Collegiate Athletic Conference,10,0.16
FrequenciesRV,597,10866,CONFNO2,209,Heartland Conference,1,0.02
FrequenciesRV,598,10866,CONFNO2,122,Horizon League,12,0.19
FrequenciesRV,599,10866,CONFNO2,318,Independent Mid-South Region,2,0.03
FrequenciesRV,600,10866,CONFNO2,322,Independent Midwest Region,1,0.02
FrequenciesRV,601,10866,CONFNO2,327,Independent Northeast Region,1,0.02
FrequenciesRV,602,10866,CONFNO2,335,Independent Southeast Region,3,0.05
FrequenciesRV,603,10866,CONFNO2,117,Ivy Group,9,0.14000000000000001
FrequenciesRV,604,10866,CONFNO2,309,Kansas Collegiate Athletic Conference,13,0.21
FrequenciesRV,605,10866,CONFNO2,361,Landmark Conference,8,0.13
FrequenciesRV,606,10866,CONFNO2,178,Little East Conference,8,0.13
FrequenciesRV,607,10866,CONFNO2,147,Lone Star Conference,17,0.27
FrequenciesRV,608,10866,CONFNO2,179,Massachusetts State College Athletic Association,7,0.11
FrequenciesRV,609,10866,CONFNO2,118,Metro Atlantic Athletic Conference,11,0.18
FrequenciesRV,610,10866,CONFNO2,180,Michigan Intercollegiate Athletic Association,9,0.14000000000000001
FrequenciesRV,611,10866,CONFNO2,148,Mid-America Intercollegiate Athletic Association,14,0.22
FrequenciesRV,612,10866,CONFNO2,119,Mid-American Conference,12,0.19
FrequenciesRV,613,10866,CONFNO2,121,Mid-Eastern Athletic Conference,11,0.18
FrequenciesRV,614,10866,CONFNO2,315,Mid-South Conference,13,0.21
FrequenciesRV,615,10866,CONFNO2,181,Middle Atlantic States Athletic Corporation,13,0.21
FrequenciesRV,616,10866,CONFNO2,182,Midwest Conference,11,0.18
FrequenciesRV,617,10866,CONFNO2,183,Minnesota Intercollegiate Athletic Conference,12,0.19
FrequenciesRV,618,10866,CONFNO2,123,Missouri Valley Conference,10,0.16
FrequenciesRV,619,10866,CONFNO2,370,Mountain East Conference,10,0.16
FrequenciesRV,620,10866,CONFNO2,203,Mountain West Conference,11,0.18
FrequenciesRV,621,10866,CONFNO2,363,New England Collegiate Conference,6,0.1
FrequenciesRV,622,10866,CONFNO2,185,New England Small College Athletic Conference,11,0.18
FrequenciesRV,623,10866,CONFNO2,186,New England Women's & Men's Athletic Conference,11,0.18
FrequenciesRV,624,10866,CONFNO2,187,New Jersey Athletic Conference,9,0.14000000000000001
FrequenciesRV,625,10866,CONFNO2,215,North Atlantic Conference,12,0.19
FrequenciesRV,626,10866,CONFNO2,189,North Coast Athletic Conference,10,0.16
FrequenciesRV,627,10866,CONFNO2,365,North Eastern Athletic Conference,5,0.08
FrequenciesRV,628,10866,CONFNO2,373,North Star Athletic Association,8,0.13
FrequenciesRV,629,10866,CONFNO2,153,Northeast 10 Conference,15,0.24
FrequenciesRV,630,10866,CONFNO2,125,Northeast Conference,9,0.14000000000000001
FrequenciesRV,631,10866,CONFNO2,359,Northern Athletics Collegiate Conference,12,0.19
FrequenciesRV,632,10866,CONFNO2,155,Northern Sun Intercollegiate Conference,16,0.26
FrequenciesRV,633,10866,CONFNO2,205,Northwest Conference,8,0.13
FrequenciesRV,634,10866,CONFNO2,191,Ohio Athletic Conference,10,0.16
FrequenciesRV,635,10866,CONFNO2,126,Ohio Valley Conference,12,0.19
FrequenciesRV,636,10866,CONFNO2,192,Old Dominion Athletic Conference,14,0.22
FrequenciesRV,637,10866,CONFNO2,156,Pacific West Conference,11,0.18
FrequenciesRV,638,10866,CONFNO2,127,Pacific-12 Conference,14,0.22
FrequenciesRV,639,10866,CONFNO2,128,Patriot League,10,0.16
FrequenciesRV,640,10866,CONFNO2,157,Peach Belt Conference,12,0.19
FrequenciesRV,641,10866,CONFNO2,158,Pennsylvania State Athletic Conference,18,0.28999999999999998
FrequenciesRV,642,10866,CONFNO2,194,Presidents' Athletic Conference,10,0.16
FrequenciesRV,643,10866,CONFNO2,353,Red River Athletic Conference,10,0.16
FrequenciesRV,644,10866,CONFNO2,374,River States,12,0.19
FrequenciesRV,645,10866,CONFNO2,159,Rocky Mountain Athletic Conference,15,0.24
FrequenciesRV,646,10866,CONFNO2,196,Skyline Conference,11,0.18
FrequenciesRV,647,10866,CONFNO2,340,Sooner Athletic Conference,12,0.19
FrequenciesRV,648,10866,CONFNO2,160,South Atlantic Conference,12,0.19
FrequenciesRV,649,10866,CONFNO2,130,Southeastern Conference,15,0.24
FrequenciesRV,650,10866,CONFNO2,368,Southern Athletic Association,8,0.13
FrequenciesRV,651,10866,CONFNO2,197,Southern California Intercollegiate Athletic Conference,12,0.19
FrequenciesRV,652,10866,CONFNO2,198,Southern Collegiate Athletic Conference,9,0.14000000000000001
FrequenciesRV,653,10866,CONFNO2,131,Southern Conference,9,0.14000000000000001
FrequenciesRV,654,10866,CONFNO2,161,Southern Intercollegiate Athletic Conference,13,0.21
FrequenciesRV,655,10866,CONFNO2,334,Southern States Athletic Conference,10,0.16
FrequenciesRV,656,10866,CONFNO2,132,Southland Conference,13,0.21
FrequenciesRV,657,10866,CONFNO2,133,Southwestern Athletic Conference,10,0.16
FrequenciesRV,658,10866,CONFNO2,195,St. Louis Intercollegiate Athletic Conference,9,0.14000000000000001
FrequenciesRV,659,10866,CONFNO2,199,State University of New York Athletic Conference,10,0.16
FrequenciesRV,660,10866,CONFNO2,134,Sun Belt Conference,12,0.19
FrequenciesRV,661,10866,CONFNO2,162,Sunshine State Conference,10,0.16
FrequenciesRV,662,10866,CONFNO2,120,The Summit League,9,0.14000000000000001
FrequenciesRV,663,10866,CONFNO2,171,USA South Athletic Conference,19,0.3
FrequenciesRV,664,10866,CONFNO2,200,University Athletic Association,8,0.13
FrequenciesRV,665,10866,CONFNO2,354,Upper Midwest Athletic Conference,8,0.13
FrequenciesRV,666,10866,CONFNO2,201,Upstate Collegiate Athletic Association,10,0.16
FrequenciesRV,667,10866,CONFNO2,136,West Coast Conference,10,0.16
FrequenciesRV,668,10866,CONFNO2,163,West Virginia Intercollegiate Athletic Conference,1,0.02
FrequenciesRV,669,10866,CONFNO2,137,Western Athletic Conference,9,0.14000000000000001
FrequenciesRV,670,10866,CONFNO2,202,Wisconsin Intercollegiate Ath Conference,9,0.14000000000000001
FrequenciesRV,671,10866,CONFNO2,307,Wolverine-Hoosier Athletic Conference,11,0.18
FrequenciesRV,672,10866,CONFNO2,342,Other,4,0.06
FrequenciesRV,673,10866,CONFNO2,-1,Not reported,3,0.05
FrequenciesRV,674,10866,CONFNO2,-2,Not applicable,4921,78.56
FrequenciesRV,675,10871,SPORT3,1,Yes,1148,18.329999999999998
FrequenciesRV,676,10871,SPORT3,2,No,3274,52.27
FrequenciesRV,677,10871,SPORT3,-1,Not reported,3,0.05
FrequenciesRV,678,10871,SPORT3,-2,Not applicable,1839,29.36
FrequenciesRV,679,10876,CONFNO3,214,Allegheny Mountain Collegiate Conference,6,0.1
FrequenciesRV,680,10876,CONFNO3,101,America East,8,0.13
FrequenciesRV,681,10876,CONFNO3,372,American Athletic Conference,8,0.13
FrequenciesRV,682,10876,CONFNO3,319,American Midwest Conference,8,0.13
FrequenciesRV,683,10876,CONFNO3,176,American Rivers Conference,9,0.14000000000000001
FrequenciesRV,684,10876,CONFNO3,204,American Southwest Conference,12,0.19
FrequenciesRV,685,10876,CONFNO3,316,Appalachian Athletic Conference,11,0.18
FrequenciesRV,686,10876,CONFNO3,369,Association of Independent Institutions,9,0.14000000000000001
FrequenciesRV,687,10876,CONFNO3,103,Atlantic 10 Conference,13,0.21
FrequenciesRV,688,10876,CONFNO3,102,Atlantic Coast Conference,14,0.22
FrequenciesRV,689,10876,CONFNO3,375,Atlantic East Conference,7,0.11
FrequenciesRV,690,10876,CONFNO3,135,Atlantic Sun Conference,9,0.14000000000000001
FrequenciesRV,691,10876,CONFNO3,104,Big East Conference,8,0.13
FrequenciesRV,692,10876,CONFNO3,105,Big Sky Conference,1,0.02
FrequenciesRV,693,10876,CONFNO3,106,Big South Conference,11,0.18
FrequenciesRV,694,10876,CONFNO3,107,Big Ten Conference,13,0.21
FrequenciesRV,695,10876,CONFNO3,108,Big Twelve Conference,9,0.14000000000000001
FrequenciesRV,696,10876,CONFNO3,109,Big West Conference,11,0.18
FrequenciesRV,697,10876,CONFNO3,138,California Collegiate Athletic Association,13,0.21
FrequenciesRV,698,10876,CONFNO3,301,California Pacific Conference,8,0.13
FrequenciesRV,699,10876,CONFNO3,164,Capital Athletic Conference,5,0.08
FrequenciesRV,700,10876,CONFNO3,328,Cascade Collegiate Conference,4,0.06
FrequenciesRV,701,10876,CONFNO3,165,Centennial Conference,10,0.16
FrequenciesRV,702,10876,CONFNO3,323,Central Atlantic Collegiate Conference,12,0.19
FrequenciesRV,703,10876,CONFNO3,140,Central Intercollegiate Athletic Association,4,0.06
FrequenciesRV,704,10876,CONFNO3,304,Chicagoland Collegiate Athletic Conference,11,0.18
FrequenciesRV,705,10876,CONFNO3,166,City University of New York Athletic Conference,5,0.08
FrequenciesRV,706,10876,CONFNO3,167,College Conference of Illinois and Wisconsin,9,0.14000000000000001
FrequenciesRV,707,10876,CONFNO3,110,Colonial Athletic Association,10,0.16
FrequenciesRV,708,10876,CONFNO3,364,Colonial States Athletic Conference,6,0.1
FrequenciesRV,709,10876,CONFNO3,168,Commonwealth Coast Conference,8,0.13
FrequenciesRV,710,10876,CONFNO3,207,Commonwealth Conference,3,0.05
FrequenciesRV,711,10876,CONFNO3,139,Conference Carolinas,10,0.16
FrequenciesRV,712,10876,CONFNO3,111,Conference USA,12,0.19
FrequenciesRV,713,10876,CONFNO3,305,Crossroads League,10,0.16
FrequenciesRV,714,10876,CONFNO3,170,Division III Independents,7,0.11
FrequenciesRV,715,10876,CONFNO3,151,East Coast Conference,8,0.13
FrequenciesRV,716,10876,CONFNO3,115,Eastern College Athletic Conference,2,0.03
FrequenciesRV,717,10876,CONFNO3,332,Eastern Intercollegiate Athletic Conference,1,0.02
FrequenciesRV,718,10876,CONFNO3,172,Empire Eight,5,0.08
FrequenciesRV,719,10876,CONFNO3,333,The Sun Conference,10,0.16
FrequenciesRV,720,10876,CONFNO3,208,Freedom Conference,1,0.02
FrequenciesRV,721,10876,CONFNO3,302,Golden State Athletic Conference,9,0.14000000000000001
FrequenciesRV,722,10876,CONFNO3,367,Great American Conference,12,0.19
FrequenciesRV,723,10876,CONFNO3,144,Great Lakes Intercollegiate Athletic Conference,7,0.11
FrequenciesRV,724,10876,CONFNO3,371,Great Midwest Athletic Conference,12,0.19
FrequenciesRV,725,10876,CONFNO3,145,Great Lakes Valley Conference,15,0.24
FrequenciesRV,726,10876,CONFNO3,174,Great Northeast Athletic Conference,8,0.13
FrequenciesRV,727,10876,CONFNO3,213,Great Northwest Athletic Conference,5,0.08
FrequenciesRV,728,10876,CONFNO3,311,Great Plains Athletic Conference,11,0.18
FrequenciesRV,729,10876,CONFNO3,337,Gulf Coast Athletic Conference,1,0.02
FrequenciesRV,730,10876,CONFNO3,146,Gulf South Conference,13,0.21
FrequenciesRV,731,10876,CONFNO3,320,Heart of America Athletic Conference,14,0.22
FrequenciesRV,732,10876,CONFNO3,175,Heartland Collegiate Athletic Conference,10,0.16
FrequenciesRV,733,10876,CONFNO3,209,Heartland Conference,1,0.02
FrequenciesRV,734,10876,CONFNO3,122,Horizon League,7,0.11
FrequenciesRV,735,10876,CONFNO3,318,Independent Mid-South Region,2,0.03
FrequenciesRV,736,10876,CONFNO3,322,Independent Midwest Region,1,0.02
FrequenciesRV,737,10876,CONFNO3,335,Independent Southeast Region,2,0.03
FrequenciesRV,738,10876,CONFNO3,117,Ivy Group,8,0.13
FrequenciesRV,739,10876,CONFNO3,309,Kansas Collegiate Athletic Conference,12,0.19
FrequenciesRV,740,10876,CONFNO3,361,Landmark Conference,7,0.11
FrequenciesRV,741,10876,CONFNO3,178,Little East Conference,8,0.13
FrequenciesRV,742,10876,CONFNO3,147,Lone Star Conference,12,0.19
FrequenciesRV,743,10876,CONFNO3,179,Massachusetts State College Athletic Association,8,0.13
FrequenciesRV,744,10876,CONFNO3,118,Metro Atlantic Athletic Conference,11,0.18
FrequenciesRV,745,10876,CONFNO3,180,Michigan Intercollegiate Athletic Association,8,0.13
FrequenciesRV,746,10876,CONFNO3,148,Mid-America Intercollegiate Athletic Association,13,0.21
FrequenciesRV,747,10876,CONFNO3,119,Mid-American Conference,11,0.18
FrequenciesRV,748,10876,CONFNO3,121,Mid-Eastern Athletic Conference,8,0.13
FrequenciesRV,749,10876,CONFNO3,315,Mid-South Conference,12,0.19
FrequenciesRV,750,10876,CONFNO3,181,Middle Atlantic States Athletic Corporation,12,0.19
FrequenciesRV,751,10876,CONFNO3,182,Midwest Conference,11,0.18
FrequenciesRV,752,10876,CONFNO3,183,Minnesota Intercollegiate Athletic Conference,10,0.16
FrequenciesRV,753,10876,CONFNO3,123,Missouri Valley Conference,8,0.13
FrequenciesRV,754,10876,CONFNO3,370,Mountain East Conference,10,0.16
FrequenciesRV,755,10876,CONFNO3,203,Mountain West Conference,7,0.11
FrequenciesRV,756,10876,CONFNO3,363,New England Collegiate Conference,5,0.08
FrequenciesRV,757,10876,CONFNO3,185,New England Small College Athletic Conference,10,0.16
FrequenciesRV,758,10876,CONFNO3,186,New England Women's & Men's Athletic Conference,8,0.13
FrequenciesRV,759,10876,CONFNO3,187,New Jersey Athletic Conference,9,0.14000000000000001
FrequenciesRV,760,10876,CONFNO3,215,North Atlantic Conference,10,0.16
FrequenciesRV,761,10876,CONFNO3,189,North Coast Athletic Conference,10,0.16
FrequenciesRV,762,10876,CONFNO3,365,North Eastern Athletic Conference,4,0.06
FrequenciesRV,763,10876,CONFNO3,373,North Star Athletic Association,8,0.13
FrequenciesRV,764,10876,CONFNO3,153,Northeast 10 Conference,15,0.24
FrequenciesRV,765,10876,CONFNO3,125,Northeast Conference,7,0.11
FrequenciesRV,766,10876,CONFNO3,359,Northern Athletics Collegiate Conference,11,0.18
FrequenciesRV,767,10876,CONFNO3,155,Northern Sun Intercollegiate Conference,15,0.24
FrequenciesRV,768,10876,CONFNO3,205,Northwest Conference,8,0.13
FrequenciesRV,769,10876,CONFNO3,191,Ohio Athletic Conference,10,0.16
FrequenciesRV,770,10876,CONFNO3,126,Ohio Valley Conference,12,0.19
FrequenciesRV,771,10876,CONFNO3,192,Old Dominion Athletic Conference,12,0.19
FrequenciesRV,772,10876,CONFNO3,156,Pacific West Conference,9,0.14000000000000001
FrequenciesRV,773,10876,CONFNO3,127,Pacific-12 Conference,13,0.21
FrequenciesRV,774,10876,CONFNO3,128,Patriot League,6,0.1
FrequenciesRV,775,10876,CONFNO3,157,Peach Belt Conference,11,0.18
FrequenciesRV,776,10876,CONFNO3,158,Pennsylvania State Athletic Conference,17,0.27
FrequenciesRV,777,10876,CONFNO3,194,Presidents' Athletic Conference,10,0.16
FrequenciesRV,778,10876,CONFNO3,353,Red River Athletic Conference,10,0.16
FrequenciesRV,779,10876,CONFNO3,374,River States,10,0.16
FrequenciesRV,780,10876,CONFNO3,159,Rocky Mountain Athletic Conference,9,0.14000000000000001
FrequenciesRV,781,10876,CONFNO3,196,Skyline Conference,10,0.16
FrequenciesRV,782,10876,CONFNO3,340,Sooner Athletic Conference,9,0.14000000000000001
FrequenciesRV,783,10876,CONFNO3,160,South Atlantic Conference,12,0.19
FrequenciesRV,784,10876,CONFNO3,130,Southeastern Conference,15,0.24
FrequenciesRV,785,10876,CONFNO3,368,Southern Athletic Association,8,0.13
FrequenciesRV,786,10876,CONFNO3,197,Southern California Intercollegiate Athletic Conference,12,0.19
FrequenciesRV,787,10876,CONFNO3,198,Southern Collegiate Athletic Conference,8,0.13
FrequenciesRV,788,10876,CONFNO3,131,Southern Conference,7,0.11
FrequenciesRV,789,10876,CONFNO3,161,Southern Intercollegiate Athletic Conference,12,0.19
FrequenciesRV,790,10876,CONFNO3,334,Southern States Athletic Conference,8,0.13
FrequenciesRV,791,10876,CONFNO3,132,Southland Conference,13,0.21
FrequenciesRV,792,10876,CONFNO3,133,Southwestern Athletic Conference,10,0.16
FrequenciesRV,793,10876,CONFNO3,195,St. Louis Intercollegiate Athletic Conference,9,0.14000000000000001
FrequenciesRV,794,10876,CONFNO3,199,State University of New York Athletic Conference,7,0.11
FrequenciesRV,795,10876,CONFNO3,134,Sun Belt Conference,12,0.19
FrequenciesRV,796,10876,CONFNO3,162,Sunshine State Conference,10,0.16
FrequenciesRV,797,10876,CONFNO3,120,The Summit League,5,0.08
FrequenciesRV,798,10876,CONFNO3,171,USA South Athletic Conference,15,0.24
FrequenciesRV,799,10876,CONFNO3,200,University Athletic Association,6,0.1
FrequenciesRV,800,10876,CONFNO3,354,Upper Midwest Athletic Conference,8,0.13
FrequenciesRV,801,10876,CONFNO3,201,Upstate Collegiate Athletic Association,9,0.14000000000000001
FrequenciesRV,802,10876,CONFNO3,136,West Coast Conference,10,0.16
FrequenciesRV,803,10876,CONFNO3,163,West Virginia Intercollegiate Athletic Conference,1,0.02
FrequenciesRV,804,10876,CONFNO3,137,Western Athletic Conference,11,0.18
FrequenciesRV,805,10876,CONFNO3,202,Wisconsin Intercollegiate Athletic Conference,10,0.16
FrequenciesRV,806,10876,CONFNO3,307,Wolverine-Hoosier Athletic Conference,12,0.19
FrequenciesRV,807,10876,CONFNO3,342,Other,3,0.05
FrequenciesRV,808,10876,CONFNO3,-1,Not reported,3,0.05
FrequenciesRV,809,10876,CONFNO3,-2,Not applicable,5113,81.63
FrequenciesRV,810,10881,SPORT4,1,Yes,1299,20.74
FrequenciesRV,811,10881,SPORT4,2,No,3123,49.86
FrequenciesRV,812,10881,SPORT4,-1,Not reported,3,0.05
FrequenciesRV,813,10881,SPORT4,-2,Not applicable,1839,29.36
FrequenciesRV,814,10886,CONFNO4,214,Allegheny Mountain Collegiate Conference,5,0.08
FrequenciesRV,815,10886,CONFNO4,101,America East,10,0.16
FrequenciesRV,816,10886,CONFNO4,372,American Athletic Conference,11,0.18
FrequenciesRV,817,10886,CONFNO4,376,American Collegiate Athletic Association,1,0.02
FrequenciesRV,818,10886,CONFNO4,319,American Midwest Conference,9,0.14000000000000001
FrequenciesRV,819,10886,CONFNO4,176,American Rivers Conference,9,0.14000000000000001
FrequenciesRV,820,10886,CONFNO4,204,American Southwest Conference,11,0.18
FrequenciesRV,821,10886,CONFNO4,316,Appalachian Athletic Conference,13,0.21
FrequenciesRV,822,10886,CONFNO4,369,Association of Independent Institutions,11,0.18
FrequenciesRV,823,10886,CONFNO4,103,Atlantic 10 Conference,14,0.22
FrequenciesRV,824,10886,CONFNO4,102,Atlantic Coast Conference,15,0.24
FrequenciesRV,825,10886,CONFNO4,375,Atlantic East Conference,7,0.11
FrequenciesRV,826,10886,CONFNO4,135,Atlantic Sun Conference,9,0.14000000000000001
FrequenciesRV,827,10886,CONFNO4,104,Big East Conference,11,0.18
FrequenciesRV,828,10886,CONFNO4,105,Big Sky Conference,11,0.18
FrequenciesRV,829,10886,CONFNO4,106,Big South Conference,12,0.19
FrequenciesRV,830,10886,CONFNO4,107,Big Ten Conference,14,0.22
FrequenciesRV,831,10886,CONFNO4,108,Big Twelve Conference,10,0.16
FrequenciesRV,832,10886,CONFNO4,109,Big West Conference,11,0.18
FrequenciesRV,833,10886,CONFNO4,138,California Collegiate Athletic Association,13,0.21
FrequenciesRV,834,10886,CONFNO4,301,California Pacific Conference,10,0.16
FrequenciesRV,835,10886,CONFNO4,164,Capital Athletic Conference,7,0.11
FrequenciesRV,836,10886,CONFNO4,328,Cascade Collegiate Conference,11,0.18
FrequenciesRV,837,10886,CONFNO4,165,Centennial Conference,10,0.16
FrequenciesRV,838,10886,CONFNO4,323,Central Atlantic Collegiate Conference,14,0.22
FrequenciesRV,839,10886,CONFNO4,140,Central Intercollegiate Athletic Association,11,0.18
FrequenciesRV,840,10886,CONFNO4,304,Chicagoland Collegiate Athletic Conference,13,0.21
FrequenciesRV,841,10886,CONFNO4,166,City University of New York Athletic Conference,10,0.16
FrequenciesRV,842,10886,CONFNO4,167,College Conference of Illinois and Wisconsin,9,0.14000000000000001
FrequenciesRV,843,10886,CONFNO4,110,Colonial Athletic Association,10,0.16
FrequenciesRV,844,10886,CONFNO4,364,Colonial States Athletic Conference,9,0.14000000000000001
FrequenciesRV,845,10886,CONFNO4,168,Commonwealth Coast Conference,9,0.14000000000000001
FrequenciesRV,846,10886,CONFNO4,207,Commonwealth Conference,1,0.02
FrequenciesRV,847,10886,CONFNO4,139,Conference Carolinas,12,0.19
FrequenciesRV,848,10886,CONFNO4,111,Conference USA,13,0.21
FrequenciesRV,849,10886,CONFNO4,305,Crossroads League,10,0.16
FrequenciesRV,850,10886,CONFNO4,112,Division I Independents,1,0.02
FrequenciesRV,851,10886,CONFNO4,141,Division II Independents,1,0.02
FrequenciesRV,852,10886,CONFNO4,170,Division III Independents,7,0.11
FrequenciesRV,853,10886,CONFNO4,151,East Coast Conference,8,0.13
FrequenciesRV,854,10886,CONFNO4,115,Eastern College Athletic Conference,3,0.05
FrequenciesRV,855,10886,CONFNO4,172,Empire Eight,8,0.13
FrequenciesRV,856,10886,CONFNO4,333,The Sun Conference,10,0.16
FrequenciesRV,857,10886,CONFNO4,208,Freedom Conference,1,0.02
FrequenciesRV,858,10886,CONFNO4,352,Frontier Conference,6,0.1
FrequenciesRV,859,10886,CONFNO4,302,Golden State Athletic Conference,10,0.16
FrequenciesRV,860,10886,CONFNO4,367,Great American Conference,12,0.19
FrequenciesRV,861,10886,CONFNO4,144,Great Lakes Intercollegiate Athletic Conference,12,0.19
FrequenciesRV,862,10886,CONFNO4,145,Great Lakes Valley Conference,15,0.24
FrequenciesRV,863,10886,CONFNO4,371,Great Midwest Athletic Conference,13,0.21
FrequenciesRV,864,10886,CONFNO4,174,Great Northeast Athletic Conference,11,0.18
FrequenciesRV,865,10886,CONFNO4,213,Great Northwest Athletic Conference,9,0.14000000000000001
FrequenciesRV,866,10886,CONFNO4,311,Great Plains Athletic Conference,12,0.19
FrequenciesRV,867,10886,CONFNO4,337,Gulf Coast Athletic Conference,6,0.1
FrequenciesRV,868,10886,CONFNO4,146,Gulf South Conference,13,0.21
FrequenciesRV,869,10886,CONFNO4,320,Heart of America Athletic Conference,14,0.22
FrequenciesRV,870,10886,CONFNO4,175,Heartland Collegiate Athletic Conference,10,0.16
FrequenciesRV,871,10886,CONFNO4,122,Horizon League,12,0.19
FrequenciesRV,872,10886,CONFNO4,318,Independent Mid-South Region,2,0.03
FrequenciesRV,873,10886,CONFNO4,322,Independent Midwest Region,1,0.02
FrequenciesRV,874,10886,CONFNO4,335,Independent Southeast Region,3,0.05
FrequenciesRV,875,10886,CONFNO4,117,Ivy Group,9,0.14000000000000001
FrequenciesRV,876,10886,CONFNO4,309,Kansas Collegiate Athletic Conference,13,0.21
FrequenciesRV,877,10886,CONFNO4,361,Landmark Conference,8,0.13
FrequenciesRV,878,10886,CONFNO4,178,Little East Conference,7,0.11
FrequenciesRV,879,10886,CONFNO4,147,Lone Star Conference,16,0.26
FrequenciesRV,880,10886,CONFNO4,179,Massachusetts State College Athletic Association,7,0.11
FrequenciesRV,881,10886,CONFNO4,118,Metro Atlantic Athletic Conference,11,0.18
FrequenciesRV,882,10886,CONFNO4,180,Michigan Intercollegiate Athletic Association,9,0.14000000000000001
FrequenciesRV,883,10886,CONFNO4,148,Mid-America Intercollegiate Athletic Association,13,0.21
FrequenciesRV,884,10886,CONFNO4,119,Mid-American Conference,12,0.19
FrequenciesRV,885,10886,CONFNO4,121,Mid-Eastern Athletic Conference,11,0.18
FrequenciesRV,886,10886,CONFNO4,315,Mid-South Conference,13,0.21
FrequenciesRV,887,10886,CONFNO4,181,Middle Atlantic States Athletic Corporation,15,0.24
FrequenciesRV,888,10886,CONFNO4,182,Midwest Conference,11,0.18
FrequenciesRV,889,10886,CONFNO4,183,Minnesota Intercollegiate Athletic Conference,12,0.19
FrequenciesRV,890,10886,CONFNO4,123,Missouri Valley Conference,10,0.16
FrequenciesRV,891,10886,CONFNO4,370,Mountain East Conference,9,0.14000000000000001
FrequenciesRV,892,10886,CONFNO4,124,Mountain Pacific Sports Federation,1,0.02
FrequenciesRV,893,10886,CONFNO4,203,Mountain West Conference,11,0.18
FrequenciesRV,894,10886,CONFNO4,363,New England Collegiate Conference,5,0.08
FrequenciesRV,895,10886,CONFNO4,185,New England Small College Athletic Conference,11,0.18
FrequenciesRV,896,10886,CONFNO4,186,New England Women's & Men's Athletic Conference,11,0.18
FrequenciesRV,897,10886,CONFNO4,187,New Jersey Athletic Conference,7,0.11
FrequenciesRV,898,10886,CONFNO4,215,North Atlantic Conference,13,0.21
FrequenciesRV,899,10886,CONFNO4,189,North Coast Athletic Conference,9,0.14000000000000001
FrequenciesRV,900,10886,CONFNO4,365,North Eastern Athletic Conference,4,0.06
FrequenciesRV,901,10886,CONFNO4,373,North Star Athletic Association,7,0.11
FrequenciesRV,902,10886,CONFNO4,153,Northeast 10 Conference,15,0.24
FrequenciesRV,903,10886,CONFNO4,125,Northeast Conference,9,0.14000000000000001
FrequenciesRV,904,10886,CONFNO4,359,Northern Athletics Conference,13,0.21
FrequenciesRV,905,10886,CONFNO4,155,Northern Sun Intercollegiate Conference,16,0.26
FrequenciesRV,906,10886,CONFNO4,205,Northwest Conference,8,0.13
FrequenciesRV,907,10886,CONFNO4,191,Ohio Athletic Conference,10,0.16
FrequenciesRV,908,10886,CONFNO4,126,Ohio Valley Conference,12,0.19
FrequenciesRV,909,10886,CONFNO4,192,Old Dominion Athletic Conference,14,0.22
FrequenciesRV,910,10886,CONFNO4,156,Pacific West Conference,11,0.18
FrequenciesRV,911,10886,CONFNO4,127,Pacific-12 Conference,14,0.22
FrequenciesRV,912,10886,CONFNO4,128,Patriot League,10,0.16
FrequenciesRV,913,10886,CONFNO4,157,Peach Belt Conference,11,0.18
FrequenciesRV,914,10886,CONFNO4,158,Pennsylvania State Athletic Conference,18,0.28999999999999998
FrequenciesRV,915,10886,CONFNO4,194,Presidents' Athletic Conference,10,0.16
FrequenciesRV,916,10886,CONFNO4,353,Red River Athletic Conference,7,0.11
FrequenciesRV,917,10886,CONFNO4,374,River States,11,0.18
FrequenciesRV,918,10886,CONFNO4,159,Rocky Mountain Athletic Conference,15,0.24
FrequenciesRV,919,10886,CONFNO4,196,Skyline Conference,11,0.18
FrequenciesRV,920,10886,CONFNO4,340,Sooner Athletic Conference,10,0.16
FrequenciesRV,921,10886,CONFNO4,160,South Atlantic Conference,12,0.19
FrequenciesRV,922,10886,CONFNO4,130,Southeastern Conference,15,0.24
FrequenciesRV,923,10886,CONFNO4,368,Southern Athletic Association,8,0.13
FrequenciesRV,924,10886,CONFNO4,197,Southern California Intercollegiate Athletic Conference,12,0.19
FrequenciesRV,925,10886,CONFNO4,198,Southern Collegiate Athletic Conference,10,0.16
FrequenciesRV,926,10886,CONFNO4,131,Southern Conference,9,0.14000000000000001
FrequenciesRV,927,10886,CONFNO4,161,Southern Intercollegiate Athletic Conference,12,0.19
FrequenciesRV,928,10886,CONFNO4,334,Southern States Athletic Conference,9,0.14000000000000001
FrequenciesRV,929,10886,CONFNO4,132,Southland Conference,13,0.21
FrequenciesRV,930,10886,CONFNO4,133,Southwestern Athletic Conference,10,0.16
FrequenciesRV,931,10886,CONFNO4,195,St. Louis Intercollegiate Athletic Conference,9,0.14000000000000001
FrequenciesRV,932,10886,CONFNO4,199,State University of New York Athletic Conference,10,0.16
FrequenciesRV,933,10886,CONFNO4,134,Sun Belt Conference,12,0.19
FrequenciesRV,934,10886,CONFNO4,162,Sunshine State Conference,8,0.13
FrequenciesRV,935,10886,CONFNO4,120,The Summit League,8,0.13
FrequenciesRV,936,10886,CONFNO4,171,USA South Athletic Conference,18,0.28999999999999998
FrequenciesRV,937,10886,CONFNO4,200,University Athletic Association,8,0.13
FrequenciesRV,938,10886,CONFNO4,354,Upper Midwest Athletic Conference,8,0.13
FrequenciesRV,939,10886,CONFNO4,201,Upstate Collegiate Athletic Association,9,0.14000000000000001
FrequenciesRV,940,10886,CONFNO4,136,West Coast Conference,9,0.14000000000000001
FrequenciesRV,941,10886,CONFNO4,163,West Virginia Intercollegiate Athletic Conference,1,0.02
FrequenciesRV,942,10886,CONFNO4,137,Western Athletic Conference,9,0.14000000000000001
FrequenciesRV,943,10886,CONFNO4,202,Wisconsin Intercollegiate Athletic Conference,9,0.14000000000000001
FrequenciesRV,944,10886,CONFNO4,307,Wolverine-Hoosier Athletic Conference,11,0.18
FrequenciesRV,945,10886,CONFNO4,342,Other,4,0.06
FrequenciesRV,946,10886,CONFNO4,-1,Not reported,3,0.05
FrequenciesRV,947,10886,CONFNO4,-2,Not applicable,4962,79.209999999999994
FrequenciesRV,948,,,,,,
FrequenciesRV,949,,,,,,
FrequenciesRV,950,,,,,,
FrequenciesRV,951,,,,,,
FrequenciesRV,952,,,,,,
FrequenciesRV,953,,,,,,
FrequenciesRV,954,,,,,,
FrequenciesRV,955,,,,,,
FrequenciesRV,956,,,,,,
FrequenciesRV,957,,,,,,
FrequenciesRV,958,,,,,,
FrequenciesRV,959,,,,,,
FrequenciesRV,960,,,,,,
FrequenciesRV,961,,,,,,
FrequenciesRV,962,,,,,,
FrequenciesRV,963,,,,,,
FrequenciesRV,964,,,,,,
FrequenciesRV,965,,,,,,
FrequenciesRV,966,,,,,,
FrequenciesRV,967,,,,,,
FrequenciesRV,968,,,,,,
FrequenciesRV,969,,,,,,
FrequenciesRV,970,,,,,,
FrequenciesRV,971,,,,,,
FrequenciesRV,972,,,,,,
FrequenciesRV,973,,,,,,
FrequenciesRV,974,,,,,,
FrequenciesRV,975,,,,,,
FrequenciesRV,976,,,,,,
FrequenciesRV,977,,,,,,
FrequenciesRV,978,,,,,,
FrequenciesRV,979,,,,,,
FrequenciesRV,980,,,,,,
FrequenciesRV,981,,,,,,
FrequenciesRV,982,,,,,,
FrequenciesRV,983,,,,,,
FrequenciesRV,984,,,,,,
FrequenciesRV,985,,,,,,
FrequenciesRV,986,,,,,,
FrequenciesRV,987,,,,,,
FrequenciesRV,988,,,,,,
FrequenciesRV,989,,,,,,
FrequenciesRV,990,,,,,,
FrequenciesRV,991,,,,,,
FrequenciesRV,992,,,,,,
FrequenciesRV,993,,,,,,
FrequenciesRV,994,,,,,,
FrequenciesRV,995,,,,,,
FrequenciesRV,996,,,,,,
FrequenciesRV,997,,,,,,
FrequenciesRV,998,,,,,,
FrequenciesRV,999,,,,,,
FrequenciesRV,1000,,,,,,
FrequenciesRV,1001,,,,,,
FrequenciesRV,1002,,,,,,
FrequenciesRV,1003,,,,,,
FrequenciesRV,1004,,,,,,
FrequenciesRV,1005,,,,,,
FrequenciesRV,1006,,,,,,
FrequenciesRV,1007,,,,,,
FrequenciesRV,1008,,,,,,
FrequenciesRV,1009,,,,,,
FrequenciesRV,1010,,,,,,
FrequenciesRV,1011,,,,,,
FrequenciesRV,1012,,,,,,
FrequenciesRV,1013,,,,,,
FrequenciesRV,1014,,,,,,
FrequenciesRV,1015,,,,,,
FrequenciesRV,1016,,,,,,
FrequenciesRV,1017,,,,,,
FrequenciesRV,1018,,,,,,
FrequenciesRV,1019,,,,,,
FrequenciesRV,1020,,,,,,
FrequenciesRV,1021,,,,,,
FrequenciesRV,1022,,,,,,
FrequenciesRV,1023,,,,,,
FrequenciesRV,1024,,,,,,
FrequenciesRV,1025,,,,,,
FrequenciesRV,1026,,,,,,
FrequenciesRV,1027,,,,,,
FrequenciesRV,1028,,,,,,
FrequenciesRV,1029,,,,,,
FrequenciesRV,1030,,,,,,
FrequenciesRV,1031,,,,,,
FrequenciesRV,1032,,,,,,
FrequenciesRV,1033,,,,,,
FrequenciesRV,1034,,,,,,
FrequenciesRV,1035,,,,,,
FrequenciesRV,1036,,,,,,
FrequenciesRV,1037,,,,,,
FrequenciesRV,1038,,,,,,
FrequenciesRV,1039,,,,,,
FrequenciesRV,1040,,,,,,
FrequenciesRV,1041,,,,,,
FrequenciesRV,1042,,,,,,
FrequenciesRV,1043,,,,,,
FrequenciesRV,1044,,,,,,
FrequenciesRV,1045,,,,,,
FrequenciesRV,1046,,,,,,
FrequenciesRV,1047,,,,,,
FrequenciesRV,1048,,,,,,
FrequenciesRV,1049,,,,,,
FrequenciesRV,1050,,,,,,
FrequenciesRV,1051,,,,,,
FrequenciesRV,1052,,,,,,
FrequenciesRV,1053,,,,,,
FrequenciesRV,1054,,,,,,
FrequenciesRV,1055,,,,,,
FrequenciesRV,1056,,,,,,
FrequenciesRV,1057,,,,,,
FrequenciesRV,1058,,,,,,
FrequenciesRV,1059,,,,,,
FrequenciesRV,1060,,,,,,
FrequenciesRV,1061,,,,,,
FrequenciesRV,1062,,,,,,
FrequenciesRV,1063,,,,,,
FrequenciesRV,1064,,,,,,
FrequenciesRV,1065,,,,,,
FrequenciesRV,1066,,,,,,
FrequenciesRV,1067,,,,,,
FrequenciesRV,1068,,,,,,
FrequenciesRV,1069,,,,,,
FrequenciesRV,1070,,,,,,
FrequenciesRV,1071,,,,,,
FrequenciesRV,1072,,,,,,
FrequenciesRV,1073,,,,,,
FrequenciesRV,1074,,,,,,
FrequenciesRV,1075,,,,,,
FrequenciesRV,1076,,,,,,
FrequenciesRV,1077,,,,,,
FrequenciesRV,1078,,,,,,
FrequenciesRV,1079,,,,,,
FrequenciesRV,1080,,,,,,
FrequenciesRV,1081,,,,,,
FrequenciesRV,1082,,,,,,
FrequenciesRV,1083,,,,,,
FrequenciesRV,1084,,,,,,
FrequenciesRV,1085,,,,,,
FrequenciesRV,1086,,,,,,
FrequenciesRV,1087,,,,,,
FrequenciesRV,1088,,,,,,
FrequenciesRV,1089,,,,,,
FrequenciesRV,1090,,,,,,
FrequenciesRV,1091,,,,,,
FrequenciesRV,1092,,,,,,
FrequenciesRV,1093,,,,,,
FrequenciesRV,1094,,,,,,
FrequenciesRV,1095,,,,,,
FrequenciesRV,1096,,,,,,
FrequenciesRV,1097,,,,,,
FrequenciesRV,1098,,,,,,
FrequenciesRV,1099,,,,,,
FrequenciesRV,1100,,,,,,
FrequenciesRV,1101,,,,,,
FrequenciesRV,1102,,,,,,
FrequenciesRV,1103,,,,,,
FrequenciesRV,1104,,,,,,
FrequenciesRV,1105,,,,,,
FrequenciesRV,1106,,,,,,
FrequenciesRV,1107,,,,,,
FrequenciesRV,1108,,,,,,
FrequenciesRV,1109,,,,,,
FrequenciesRV,1110,,,,,,
FrequenciesRV,1111,,,,,,
FrequenciesRV,1112,,,,,,
FrequenciesRV,1113,,,,,,
FrequenciesRV,1114,,,,,,
FrequenciesRV,1115,,,,,,
FrequenciesRV,1116,,,,,,
FrequenciesRV,1117,,,,,,
FrequenciesRV,1118,,,,,,
FrequenciesRV,1119,,,,,,
FrequenciesRV,1120,,,,,,
FrequenciesRV,1121,,,,,,
FrequenciesRV,1122,,,,,,
FrequenciesRV,1123,,,,,,
FrequenciesRV,1124,,,,,,
FrequenciesRV,1125,,,,,,
FrequenciesRV,1126,,,,,,
FrequenciesRV,1127,,,,,,
FrequenciesRV,1128,,,,,,
FrequenciesRV,1129,,,,,,
FrequenciesRV,1130,,,,,,
FrequenciesRV,1131,,,,,,
FrequenciesRV,1132,,,,,,
FrequenciesRV,1133,,,,,,
FrequenciesRV,1134,,,,,,
FrequenciesRV,1135,,,,,,
FrequenciesRV,1136,,,,,,
FrequenciesRV,1137,,,,,,
FrequenciesRV,1138,,,,,,
FrequenciesRV,1139,,,,,,
FrequenciesRV,1140,,,,,,
FrequenciesRV,1141,,,,,,
FrequenciesRV,1142,,,,,,
FrequenciesRV,1143,,,,,,
FrequenciesRV,1144,,,,,,
FrequenciesRV,1145,,,,,,
FrequenciesRV,1146,,,,,,
FrequenciesRV,1147,,,,,,
FrequenciesRV,1148,,,,,,
FrequenciesRV,1149,,,,,,
FrequenciesRV,1150,,,,,,
FrequenciesRV,1151,,,,,,
FrequenciesRV,1152,,,,,,
FrequenciesRV,1153,,,,,,
FrequenciesRV,1154,,,,,,
FrequenciesRV,1155,,,,,,
FrequenciesRV,1156,,,,,,
FrequenciesRV,1157,,,,,,
FrequenciesRV,1158,,,,,,
FrequenciesRV,1159,,,,,,
FrequenciesRV,1160,,,,,,
FrequenciesRV,1161,,,,,,
FrequenciesRV,1162,,,,,,
FrequenciesRV,1163,,,,,,
FrequenciesRV,1164,,,,,,
FrequenciesRV,1165,,,,,,
FrequenciesRV,1166,,,,,,
FrequenciesRV,1167,,,,,,
FrequenciesRV,1168,,,,,,
FrequenciesRV,1169,,,,,,
FrequenciesRV,1170,,,,,,
FrequenciesRV,1171,,,,,,
FrequenciesRV,1172,,,,,,
FrequenciesRV,1173,,,,,,
FrequenciesRV,1174,,,,,,
FrequenciesRV,1175,,,,,,
FrequenciesRV,1176,,,,,,
FrequenciesRV,1177,,,,,,
FrequenciesRV,1178,,,,,,
FrequenciesRV,1179,,,,,,
FrequenciesRV,1180,,,,,,
FrequenciesRV,1181,,,,,,
FrequenciesRV,1182,,,,,,
FrequenciesRV,1183,,,,,,
FrequenciesRV,1184,,,,,,
FrequenciesRV,1185,,,,,,
FrequenciesRV,1186,,,,,,
FrequenciesRV,1187,,,,,,
FrequenciesRV,1188,,,,,,
FrequenciesRV,1189,,,,,,
FrequenciesRV,1190,,,,,,
FrequenciesRV,1191,,,,,,
FrequenciesRV,1192,,,,,,
FrequenciesRV,1193,,,,,,
FrequenciesRV,1194,,,,,,
FrequenciesRV,1195,,,,,,
FrequenciesRV,1196,,,,,,
FrequenciesRV,1197,,,,,,
FrequenciesRV,1198,,,,,,
FrequenciesRV,1199,,,,,,
FrequenciesRV,1200,,,,,,
FrequenciesRV,1201,,,,,,
FrequenciesRV,1202,,,,,,
FrequenciesRV,1203,,,,,,
FrequenciesRV,1204,,,,,,
FrequenciesRV,1205,,,,,,
FrequenciesRV,1206,,,,,,
FrequenciesRV,1207,,,,,,
FrequenciesRV,1208,,,,,,
FrequenciesRV,1209,,,,,,
FrequenciesRV,1210,,,,,,
FrequenciesRV,1211,,,,,,
FrequenciesRV,1212,,,,,,
FrequenciesRV,1213,,,,,,
FrequenciesRV,1214,,,,,,
FrequenciesRV,1215,,,,,,
FrequenciesRV,1216,,,,,,
FrequenciesRV,1217,,,,,,
FrequenciesRV,1218,,,,,,
FrequenciesRV,1219,,,,,,
FrequenciesRV,1220,,,,,,
FrequenciesRV,1221,,,,,,
FrequenciesRV,1222,,,,,,
FrequenciesRV,1223,,,,,,
FrequenciesRV,1224,,,,,,
FrequenciesRV,1225,,,,,,
FrequenciesRV,1226,,,,,,
FrequenciesRV,1227,,,,,,
FrequenciesRV,1228,,,,,,
FrequenciesRV,1229,,,,,,
FrequenciesRV,1230,,,,,,
FrequenciesRV,1231,,,,,,
FrequenciesRV,1232,,,,,,
FrequenciesRV,1233,,,,,,
FrequenciesRV,1234,,,,,,
FrequenciesRV,1235,,,,,,
FrequenciesRV,1236,,,,,,
FrequenciesRV,1237,,,,,,
FrequenciesRV,1238,,,,,,
FrequenciesRV,1239,,,,,,
FrequenciesRV,1240,,,,,,
FrequenciesRV,1241,,,,,,
FrequenciesRV,1242,,,,,,
FrequenciesRV,1243,,,,,,
FrequenciesRV,1244,,,,,,
FrequenciesRV,1245,,,,,,
FrequenciesRV,1246,,,,,,
FrequenciesRV,1247,,,,,,
FrequenciesRV,1248,,,,,,
FrequenciesRV,1249,,,,,,
FrequenciesRV,1250,,,,,,
FrequenciesRV,1251,,,,,,
FrequenciesRV,1252,,,,,,
FrequenciesRV,1253,,,,,,
FrequenciesRV,1254,,,,,,
FrequenciesRV,1255,,,,,,
FrequenciesRV,1256,,,,,,
FrequenciesRV,1257,,,,,,
FrequenciesRV,1258,,,,,,
FrequenciesRV,1259,,,,,,
FrequenciesRV,1260,,,,,,
FrequenciesRV,1261,,,,,,
FrequenciesRV,1262,,,,,,
FrequenciesRV,1263,,,,,,
FrequenciesRV,1264,,,,,,
FrequenciesRV,1265,,,,,,
FrequenciesRV,1266,,,,,,
FrequenciesRV,1267,,,,,,
FrequenciesRV,1268,,,,,,
FrequenciesRV,1269,,,,,,
FrequenciesRV,1270,,,,,,
FrequenciesRV,1271,,,,,,
FrequenciesRV,1272,,,,,,
FrequenciesRV,1273,,,,,,
FrequenciesRV,1274,,,,,,
FrequenciesRV,1275,,,,,,
FrequenciesRV,1276,,,,,,
FrequenciesRV,1277,,,,,,
FrequenciesRV,1278,,,,,,
FrequenciesRV,1279,,,,,,
FrequenciesRV,1280,,,,,,
FrequenciesRV,1281,,,,,,
FrequenciesRV,1282,,,,,,
FrequenciesRV,1283,,,,,,
FrequenciesRV,1284,,,,,,
FrequenciesRV,1285,,,,,,
FrequenciesRV,1286,,,,,,
FrequenciesRV,1287,,,,,,
FrequenciesRV,1288,,,,,,
FrequenciesRV,1289,,,,,,
FrequenciesRV,1290,,,,,,
FrequenciesRV,1291,,,,,,
FrequenciesRV,1292,,,,,,
FrequenciesRV,1293,,,,,,
FrequenciesRV,1294,,,,,,
FrequenciesRV,1295,,,,,,
FrequenciesRV,1296,,,,,,
FrequenciesRV,1297,,,,,,
FrequenciesRV,1298,,,,,,
FrequenciesRV,1299,,,,,,
FrequenciesRV,1300,,,,,,
FrequenciesRV,1301,,,,,,
FrequenciesRV,1302,,,,,,
FrequenciesRV,1303,,,,,,
FrequenciesRV,1304,,,,,,
FrequenciesRV,1305,,,,,,
FrequenciesRV,1306,,,,,,
FrequenciesRV,1307,,,,,,
FrequenciesRV,1308,,,,,,
FrequenciesRV,1309,,,,,,
FrequenciesRV,1310,,,,,,
FrequenciesRV,1311,,,,,,
FrequenciesRV,1312,,,,,,
FrequenciesRV,1313,,,,,,
FrequenciesRV,1314,,,,,,
FrequenciesRV,1315,,,,,,
FrequenciesRV,1316,,,,,,
FrequenciesRV,1317,,,,,,
FrequenciesRV,1318,,,,,,
FrequenciesRV,1319,,,,,,
FrequenciesRV,1320,,,,,,
FrequenciesRV,1321,,,,,,
FrequenciesRV,1322,,,,,,
FrequenciesRV,1323,,,,,,
FrequenciesRV,1324,,,,,,
FrequenciesRV,1325,,,,,,
FrequenciesRV,1326,,,,,,
FrequenciesRV,1327,,,,,,
FrequenciesRV,1328,,,,,,
FrequenciesRV,1329,,,,,,
FrequenciesRV,1330,,,,,,
FrequenciesRV,1331,,,,,,
FrequenciesRV,1332,,,,,,
FrequenciesRV,1333,,,,,,
FrequenciesRV,1334,,,,,,
FrequenciesRV,1335,,,,,,
FrequenciesRV,1336,,,,,,
FrequenciesRV,1337,,,,,,
FrequenciesRV,1338,,,,,,
FrequenciesRV,1339,,,,,,
FrequenciesRV,1340,,,,,,
FrequenciesRV,1341,,,,,,
FrequenciesRV,1342,,,,,,
FrequenciesRV,1343,,,,,,
FrequenciesRV,1344,,,,,,
FrequenciesRV,1345,,,,,,
FrequenciesRV,1346,,,,,,
FrequenciesRV,1347,,,,,,
FrequenciesRV,1348,,,,,,
FrequenciesRV,1349,,,,,,
FrequenciesRV,1350,,,,,,
FrequenciesRV,1351,,,,,,
FrequenciesRV,1352,,,,,,
FrequenciesRV,1353,,,,,,
FrequenciesRV,1354,,,,,,
FrequenciesRV,1355,,,,,,
FrequenciesRV,1356,,,,,,
FrequenciesRV,1357,,,,,,
FrequenciesRV,1358,,,,,,
FrequenciesRV,1359,,,,,,
FrequenciesRV,1360,,,,,,
FrequenciesRV,1361,,,,,,
FrequenciesRV,1362,,,,,,
FrequenciesRV,1363,,,,,,
FrequenciesRV,1364,,,,,,
FrequenciesRV,1365,,,,,,
FrequenciesRV,1366,,,,,,
FrequenciesRV,1367,,,,,,
FrequenciesRV,1368,,,,,,
FrequenciesRV,1369,,,,,,
FrequenciesRV,1370,,,,,,
FrequenciesRV,1371,,,,,,
FrequenciesRV,1372,,,,,,
FrequenciesRV,1373,,,,,,
FrequenciesRV,1374,,,,,,
FrequenciesRV,1375,,,,,,
FrequenciesRV,1376,,,,,,
FrequenciesRV,1377,,,,,,
FrequenciesRV,1378,,,,,,
FrequenciesRV,1379,,,,,,
FrequenciesRV,1380,,,,,,
FrequenciesRV,1381,,,,,,
FrequenciesRV,1382,,,,,,
FrequenciesRV,1383,,,,,,
FrequenciesRV,1384,,,,,,
FrequenciesRV,1385,,,,,,
FrequenciesRV,1386,,,,,,
FrequenciesRV,1387,,,,,,
FrequenciesRV,1388,,,,,,
FrequenciesRV,1389,,,,,,
FrequenciesRV,1390,,,,,,
FrequenciesRV,1391,,,,,,
FrequenciesRV,1392,,,,,,
FrequenciesRV,1393,,,,,,
FrequenciesRV,1394,,,,,,
FrequenciesRV,1395,,,,,,
FrequenciesRV,1396,,,,,,
FrequenciesRV,1397,,,,,,
FrequenciesRV,1398,,,,,,
FrequenciesRV,1399,,,,,,
FrequenciesRV,1400,,,,,,
FrequenciesRV,1401,,,,,,
FrequenciesRV,1402,,,,,,
FrequenciesRV,1403,,,,,,
FrequenciesRV,1404,,,,,,
FrequenciesRV,1405,,,,,,
FrequenciesRV,1406,,,,,,
FrequenciesRV,1407,,,,,,
FrequenciesRV,1408,,,,,,
FrequenciesRV,1409,,,,,,
FrequenciesRV,1410,,,,,,
FrequenciesRV,1411,,,,,,
FrequenciesRV,1412,,,,,,
FrequenciesRV,1413,,,,,,
FrequenciesRV,1414,,,,,,
FrequenciesRV,1415,,,,,,
FrequenciesRV,1416,,,,,,
FrequenciesRV,1417,,,,,,
FrequenciesRV,1418,,,,,,
FrequenciesRV,1419,,,,,,
FrequenciesRV,1420,,,,,,
FrequenciesRV,1421,,,,,,
FrequenciesRV,1422,,,,,,
FrequenciesRV,1423,,,,,,
FrequenciesRV,1424,,,,,,
FrequenciesRV,1425,,,,,,
FrequenciesRV,1426,,,,,,
FrequenciesRV,1427,,,,,,
FrequenciesRV,1428,,,,,,
FrequenciesRV,1429,,,,,,
FrequenciesRV,1430,,,,,,
FrequenciesRV,1431,,,,,,
FrequenciesRV,1432,,,,,,
FrequenciesRV,1433,,,,,,
FrequenciesRV,1434,,,,,,
FrequenciesRV,1435,,,,,,
FrequenciesRV,1436,,,,,,
FrequenciesRV,1437,,,,,,
FrequenciesRV,1438,,,,,,
StatisticsRV,0,varnumber,varname,n,sum,mean,min,max,varTitle
StatisticsRV,1,24571,DISABPCT,1567,13505,8.6183790682833443,4,100,"Percent of undergraduates, who are formally registered as students with disabilities, when percentage is more than 3 percent"
StatisticsRV,2,10971,ROOMCAP,2108,3200354,1518.1944971537002,3,20580,Total dormitory capacity
StatisticsRV,3,10981,MEALSWK,1100,23892,21.72,2,99,Number of meals per week in board charge
StatisticsRV,4,10986,ROOMAMT,1672,10426475,6235.9300239234453,0,27000,Typical room charge for academic year
StatisticsRV,5,10991,BOARDAMT,1451,6709959,4624.368711233632,0,9760,Typical board charge for academic year
StatisticsRV,6,10996,RMBRDAMT,433,4177191,9647.0923787528864,0,20530,Combined charge for room and board
StatisticsRV,7,10911,APPLFEEU,5893,200539,34.030035635499743,0,400,Undergraduate application fee
StatisticsRV,8,10916,APPLFEEG,2029,84977,41.881222276983735,0,300,Graduate application fee
StatisticsRV,9,,,,,,,
StatisticsRV,10,,,,,,,
StatisticsRV,11,,,,,,,
StatisticsRV,12,,,,,,,
StatisticsRV,13,,,,,,,
StatisticsRV,14,,,,,,,
StatisticsRV,15,,,,,,,
StatisticsRV,16,,,,,,,
StatisticsRV,17,,,,,,,
StatisticsRV,18,,,,,,,
StatisticsRV,19,,,,,,,
StatisticsRV,20,,,,,,,
StatisticsRV,21,,,,,,,
StatisticsRV,22,,,,,,,
StatisticsRV,23,,,,,,,
StatisticsRV,24,,,,,,,
StatisticsRV,25,,,,,,,
StatisticsRV,26,,,,,,,
StatisticsRV,27,,,,,,,
StatisticsRV,28,,,,,,,
StatisticsRV,29,,,,,,,
StatisticsRV,30,,,,,,,
Imputation code values,0,Code values for item imputation variables Xvarname
Imputation code values,1,CodeValue,ValueLabel
Imputation code values,2,A,Not applicable
Imputation code values,3,B,Institution left item blank
Imputation code values,4,C,Analyst corrected reported value
Imputation code values,5,D,Do not know
Imputation code values,6,G,Data generated from other data values
Imputation code values,7,H,Value not derived - data not usable
Imputation code values,8,J,Logical imputation
Imputation code values,9,K,Ratio adjustment 
Imputation code values,10,L,Imputed using the Group Median procedure
Imputation code values,11,N,Imputed using Nearest Neighbor procedure
Imputation code values,12,P,Imputed using Carry Forward procedure
Imputation code values,13,R,Reported
Imputation code values,14,Z,Implied zero;
