sheet,row_idx,col_1,col_2,col_3,col_4,col_5,col_6,col_7,col_8,col_9,col_10,col_11,col_12,col_13,col_14,col_15,col_16,col_17,col_18,col_19,col_20,col_21,col_22,col_23,col_24,col_25,col_26,col_27,col_28,col_29,col_30,col_31,col_32,col_33,col_34,col_35,col_36,col_37,col_38,col_39,col_40,col_41,col_42,col_43,col_44,col_45,col_46,col_47,col_48,col_49,col_50
Introduction,0,"File Documentation for the Institutional Characteristics Data File, 2021-22",,,,,,,,,
Introduction,1,Student Charges by Program,,,,,,,,,
Introduction,2,(Provisional release),,,,,,,,,
Introduction,3,Filename,IC2021_PY
Introduction,4,,"This file contains data on student charges by program.  Institutions that measure programs in clock hours or have primarily occupational programs measured in credit hours report student charges data by the full length PROGRAM.  This file contains the number of programs offered and the price of attendance for entering students that are made available to the public on College Navigator; Price of attendance includes amounts for published tuition and required fees, books and supplies, room and board and other expenses for the largest program.  Estimates for books and supplies, room and board and other expenses are those from the Cost of Attendance report used by the financial aid office in determining financial need. In addition to the price of attendance for the largest program, tuition and fees and books and supplies are also included for up to an additional five programs.

Programs are categorized according to the 2020 Classification of Instructional Programs (CIP), a detailed coding system for postsecondary instructional programs.  The 2010 CIP was used to categorize programs for cost data collected from 2010-11 through 2019-20.  Information on the CIP classification taxonomy, including a crosswalk between CIP 2010 and 2020 is available at https://nces.ed.gov/ipeds/cipcode/resources.aspx?y=56",,,,,,,,
Introduction,5,Note,"Provisional release data have undergone all NCES data quality control procedures. Data are imputed for nonresponding institutions. These data are used for First Look (Provisional Data) Web tables. Final release data include revisions to the provisional release data that have been made by institutions during the subsequent data collection year. The final release data can be used when the most up to date data are required; however, these data may not match tables from the First Look Web tables based on provisional data. ",,,,,,,,
Introduction,6,Contents of spreadsheet,,,,,,,,,
Introduction,7,Varlist,"Variable list: Lists all variables in the table. Includes the variable name, variable label and the Data type, format and maximum field width of each variable.  The data type describes a variable as either a numeric (N) or Alphanumeric (A) and the format of a variable defines a variable as either continuous (Cont) or categorical (Disc).  It all also lists the variable name of all imputation flag variables for each continuous variable. Imputation flag variable describes whether a value for the corresponding variable was reported, imputed or not applicable.",,,,,,,,
Introduction,8,Description,Long description or glossary definition of a variable. ,,,,,,,,
Introduction,9,Frequencies,This worksheet contains the code values for of all categorical variables in the data file. It also lists the frequency and percent distribution for each code value by variable.,,,,,,,,
Introduction,10,Statistics,"This worksheet lists the sum, mean, minimum and maximum values of all continuous variables in the data file. ",,,,,,,,
Introduction,11,Imputation code values,This worksheet lists the code values for all imputation flag variables.,,,,,,,,
varlist,0,varnumber,varname,DataType,Fieldwidth,format,imputationvar,varTitle
varlist,1,1,UNITID,N,6,Cont,,Unique identification number of the institution
varlist,2,11246,PRGMOFR,N,3,Cont,,Number of programs offered
varlist,3,11256,CIPCODE1,A,7,Disc,,CIP code of largest program
varlist,4,11368,CIPTUIT1,N,5,Cont,XCIPTUI1,"Tuition and fees 2021-22 (institutions with no full-time, first-time, undergraduate students)"
varlist,5,11369,CIPSUPP1,N,5,Cont,XCIPSUP1,"Books and supplies 2021-22 (institutions with no full-time, first-time, undergraduate students)"
varlist,6,11261,CIPLGTH1,N,4,Cont,XCIPLGT1,Total length of largest program
varlist,7,11262,PRGMSR1,N,3,Disc,,Largest program measured in credit or clock hours
varlist,8,11263,MTHCMP1,N,3,Cont,XMTHCMP1,Average number of months to complete largest program
varlist,9,11471,WKCMP1,N,4,Cont,XWKCMP1,"Total length of program in weeks, as completed by a student attending full-time"
varlist,10,11476,LNAYHR1,N,4,Cont,XLNAYHR1,Total length of academic year (as used to calculate your Pell budget) in clock or credit hours
varlist,11,11481,LNAYWK1,N,4,Cont,XLNAYWK1,Total length of academic year (as used to calculate your Pell budget) in weeks
varlist,12,11265,CHG1PY0,N,5,Cont,Xchg1py0,Published tuition and fees 2018-19
varlist,13,11266,CHG1PY1,N,5,Cont,Xchg1py1,Published tuition and fees 2019-20
varlist,14,11271,CHG1PY2,N,5,Cont,Xchg1py2,Published tuition and fees 2020-21
varlist,15,15031,CHG1PY3,N,5,Cont,Xchg1py3,Published tuition and fees 2021-22
varlist,16,11280,CHG4PY0,N,5,Cont,Xchg4py0,Books and supplies 2018-19
varlist,17,11281,CHG4PY1,N,5,Cont,Xchg4py1,Books and supplies 2019-20
varlist,18,11286,CHG4PY2,N,5,Cont,Xchg4py2,Books and supplies 2020-21
varlist,19,15035,CHG4PY3,N,5,Cont,Xchg4py3,Books and supplies 2021-22
varlist,20,11294,CHG5PY0,N,5,Cont,xchg5py0,"On campus, room and board 2018-19"
varlist,21,11296,CHG5PY1,N,5,Cont,Xchg5py1,"On campus, room and board 2019-20"
varlist,22,11301,CHG5PY2,N,5,Cont,Xchg5py2,"On campus, room and board 2020-21"
varlist,23,11306,CHG5PY3,N,5,Cont,Xchg5py3,"On campus, room and board 2021-22"
varlist,24,11309,CHG6PY0,N,5,Cont,xchg6py0,"On campus, other expenses 2018-19"
varlist,25,11311,CHG6PY1,N,5,Cont,Xchg6py1,"On campus, other expenses 2019-20"
varlist,26,11316,CHG6PY2,N,5,Cont,Xchg6py2,"On campus, other expenses 2020-21"
varlist,27,11321,CHG6PY3,N,5,Cont,Xchg6py3,"On campus, other expenses 2021-22"
varlist,28,11324,CHG7PY0,N,5,Cont,xchg7py0,"Off campus (not with family), room and board 2018-19"
varlist,29,11326,CHG7PY1,N,5,Cont,Xchg7py1,"Off campus (not with family), room and board 2019-20"
varlist,30,11331,CHG7PY2,N,5,Cont,Xchg7py2,"Off campus (not with family), room and board 2020-21"
varlist,31,11336,CHG7PY3,N,5,Cont,Xchg7py3,"Off campus (not with family), room and board 2021-22"
varlist,32,11339,CHG8PY0,N,5,Cont,xchg8py0,"Off campus (not with family), other expenses 2018-19"
varlist,33,11341,CHG8PY1,N,5,Cont,Xchg8py1,"Off campus (not with family), other expenses 2019-20"
varlist,34,11346,CHG8PY2,N,5,Cont,Xchg8py2,"Off campus (not with family), other expenses 2020-21"
varlist,35,11351,CHG8PY3,N,5,Cont,Xchg8py3,"Off campus (not with family), other expenses 2021-22"
varlist,36,11354,CHG9PY0,N,5,Cont,Xchg9py0,"Off campus (with family), other expenses 2018-19"
varlist,37,11356,CHG9PY1,N,5,Cont,Xchg9py1,"Off campus (with family), other expenses 2019-20"
varlist,38,11361,CHG9PY2,N,5,Cont,Xchg9py2,"Off campus (with family), other expenses 2020-21"
varlist,39,11366,CHG9PY3,N,5,Cont,Xchg9py3,"Off campus (with family), other expenses 2021-22"
varlist,40,11371,CIPCODE2,A,7,Disc,,CIP code of 2nd largest program
varlist,41,11376,CIPTUIT2,N,5,Cont,XCIPTUI2,Tuition and fees of 2nd largest program
varlist,42,11381,CIPSUPP2,N,5,Cont,XCIPSUP2,Cost of books and supplies of 2nd largest program
varlist,43,11386,CIPLGTH2,N,4,Cont,XCIPLGT2,Length of 2nd largest program
varlist,44,11388,PRGMSR2,N,3,Disc,,2nd largest program measured in credit or clock hours
varlist,45,11389,MTHCMP2,N,4,Cont,XMTHCMP2,Number of months to complete 2nd largest program
varlist,46,11391,CIPCODE3,A,7,Disc,,CIP code of 3rd largest program
varlist,47,11396,CIPTUIT3,N,5,Cont,XCIPTUI3,Tuition and fees of 3rd largest program
varlist,48,11401,CIPSUPP3,N,5,Cont,XCIPSUP3,Cost of books and supplies of 3rd largest program
varlist,49,11406,CIPLGTH3,N,4,Cont,XCIPLGT3,Length of 3rd largest program
varlist,50,11408,PRGMSR3,N,3,Disc,,3rd largest program measured in credit or clock hours
varlist,51,11409,MTHCMP3,N,4,Cont,XMTHCMP3,Number of months to complete 3rd largest program
varlist,52,11411,CIPCODE4,A,7,Disc,,CIP code of 4th largest program
varlist,53,11416,CIPTUIT4,N,5,Cont,XCIPTUI4,Tuition and fees of 4th largest program
varlist,54,11421,CIPSUPP4,N,5,Cont,XCIPSUP4,Cost of books and supplies of 4th largest program
varlist,55,11426,CIPLGTH4,N,4,Cont,XCIPLGT4,Length of 4th largest program
varlist,56,11428,PRGMSR4,N,3,Disc,,4th largest program measured in credit or clock hours
varlist,57,11429,MTHCMP4,N,4,Cont,XMTHCMP4,Number of months to complete 4th largest program
varlist,58,11431,CIPCODE5,A,7,Disc,,CIP code of 5th largest program
varlist,59,11436,CIPTUIT5,N,5,Cont,XCIPTUI5,Tuition and fees of 5th largest program
varlist,60,11441,CIPSUPP5,N,5,Cont,XCIPSUP5,Cost of books and supplies of 5th largest program
varlist,61,11446,CIPLGTH5,N,4,Cont,XCIPLGT5,Length of 5th largest program
varlist,62,11448,PRGMSR5,N,3,Disc,,5th largest program measured in credit or clock hours
varlist,63,11449,MTHCMP5,N,4,Cont,XMTHCMP5,Number of months to complete 5th largest program
varlist,64,11451,CIPCODE6,A,7,Disc,,CIP code of 6th largest program
varlist,65,11456,CIPTUIT6,N,5,Cont,XCIPTUI6,Tuition and fees of 6th largest program
varlist,66,11461,CIPSUPP6,N,5,Cont,XCIPSUP6,Cost of books and supplies of 6th largest program
varlist,67,11466,CIPLGTH6,N,4,Cont,XCIPLGT6,Length of 6th largest program
varlist,68,11468,PRGMSR6,N,3,Disc,,6th largest program measured in credit or clock hours
varlist,69,11469,MTHCMP6,N,4,Cont,XMTHCMP6,Number of months to complete 6th largest program
varlist,70,,,,,,,
varlist,71,,,,,,,
varlist,72,,,,,,,
varlist,73,,,,,,,
varlist,74,,,,,,,
varlist,75,,,,,,,
varlist,76,,,,,,,
varlist,77,,,,,,,
varlist,78,,,,,,,
varlist,79,,,,,,,
varlist,80,,,,,,,
varlist,81,,,,,,,
varlist,82,,,,,,,
varlist,83,,,,,,,
varlist,84,,,,,,,
varlist,85,,,,,,,
varlist,86,,,,,,,
varlist,87,,,,,,,
varlist,88,,,,,,,
varlist,89,,,,,,,
varlist,90,,,,,,,
varlist,91,,,,,,,
varlist,92,,,,,,,
varlist,93,,,,,,,
varlist,94,,,,,,,
varlist,95,,,,,,,
varlist,96,,,,,,,
varlist,97,,,,,,,
varlist,98,,,,,,,
varlist,99,,,,,,,
varlist,100,,,,,,,
varlist,101,,,,,,,
varlist,102,,,,,,,
varlist,103,,,,,,,
varlist,104,,,,,,,
varlist,105,,,,,,,
varlist,106,,,,,,,
varlist,107,,,,,,,
varlist,108,,,,,,,
varlist,109,,,,,,,
varlist,110,,,,,,,
varlist,111,,,,,,,
varlist,112,,,,,,,
varlist,113,,,,,,,
varlist,114,,,,,,,
varlist,115,,,,,,,
varlist,116,,,,,,,
varlist,117,,,,,,,
varlist,118,,,,,,,
varlist,119,,,,,,,
varlist,120,,,,,,,
varlist,121,,,,,,,
varlist,122,,,,,,,
varlist,123,,,,,,,
varlist,124,,,,,,,
varlist,125,,,,,,,
varlist,126,,,,,,,
varlist,127,,,,,,,
varlist,128,,,,,,,
varlist,129,,,,,,,
varlist,130,,,,,,,
varlist,131,,,,,,,
varlist,132,,,,,,,
varlist,133,,,,,,,
varlist,134,,,,,,,
varlist,135,,,,,,,
varlist,136,,,,,,,
varlist,137,,,,,,,
Description,0,varnumber,varname,longDescription
Description,1,1,UNITID,Unique identification number of the institution
Description,2,11246,PRGMOFR,"How many programs (measured in contact or clock hours) are offered at your institution? 

PROGRAM - A combination of courses and related activities organized for the attainment of broad educational objectives as described by the institution. 
clock hour - A unit of measure that represents an hour of scheduled instruction given to students. Also referred to as clock hour"
Description,3,11256,CIPCODE1,"Price of attendance for entering students in the largest program:(Books and supplies, room and board, and other expenses are those amounts used by your financial aid office for determining eligibility for student financial assistance) These data are published at the IPEDS College Navigator Web site

CIP code of the largest program

CIP CODE - A six-digit code in the form xx.xxxx that identifies instructional program specialties within educational institutions"
Description,4,11368,CIPTUIT1,"Tuition and fees 2021-22 (institutions with no full-time, first-time, undergraduate students)"
Description,5,11369,CIPSUPP1,"Books and supplies 2021-22 (institutions with no full-time, first-time, undergraduate students)"
Description,6,11261,CIPLGTH1,"Price of attendance for entering students in the largest program:(Books and supplies, room and board, and other expenses are those amounts used by your financial aid office for determining eligibility for student financial assistance) These data are published at the IPEDS College Navigator Web site

Total length of largest program measured in clock or credit hours

Clock hour. A period of time consisting of (1) A 50- to 60-minute class, lecture, or recitation in a 60-minute period; (2) A 50- to 60-minute faculty-supervised laboratory, shop training, or internship in a 60-minute period; or (3) Sixty minutes of preparation in a correspondence course."
Description,7,11262,PRGMSR1,"Indicate if program length for the entire program is measured in credit or clock hour .

Clock hour. A period of time consisting of (1) A 50- to 60-minute class, lecture, or recitation in a 60-minute period; (2) A 50- to 60-minute faculty-supervised laboratory, shop training, or internship in a 60-minute period; or (3) Sixty minutes of preparation in a correspondence course.


Credit hour  A unit of measure representing the equivalent of an hour (50 minutes) of instruction per week over the entire term. It is applied toward the total number of credit hours needed for completing the requirements of a degree, diploma, certificate, or other formal award."
Description,8,11263,MTHCMP1,Average number of months it takes a full-time student to complete this program
Description,9,11471,WKCMP1,"Total length of program in weeks, as completed by a student attending full-time

Program  - A combination of courses and related activities organized for the attainment of broad educational objectives as described by the institution."
Description,10,11476,LNAYHR1,"Total length of academic year (as used to calculate your Pell budget) in contact or credit hours

The academic year length reported in hours should be the same calculation used for required reporting the Pell budget. This number will be used to calculate academic year costs for the institution and will impact the net price calculation."
Description,11,11481,LNAYWK1,"Total length of academic year (as used to calculate your Pell budget) in weeks

The academic year length reported in hours should be the same calculation used for required reporting the Pell budget. This number will be used to calculate academic year costs for the institution and will impact the net price calculation."
Description,12,11265,CHG1PY0,"Price of attendance for entering students in the largest program:(Books and supplies, room and board, and other expenses are those amounts used by your financial aid office for determining eligibility for student financial assistance) These data are published at the IPEDS College Navigator Web site

Tuition and fees of the largest program, 2018-19
TUITION AND REQUIRED FEES - Tuition is the amount of money charged to students for instructional services. Tuition may be charged per term, per course, or per credit.
Required fees is the fixed sum charged to students for items not covered by tuition and required of such a large proportion of all students that the student who does NOT pay the charge is an exception.
FIRST-TIME FIRST-YEAR STUDENT - A student attending any institution for the first time at the undergraduate level. Includes students enrolled in the fall term who attended college for the first time in the prior summer term. Also includes students who entered with advanced standing (college credits earned before graduation from high school).
FIRST-YEAR STUDENT A student who has completed less than the equivalent of 1 full year of undergraduate work; that is, less than 30 semester hours (in a 120-hour degree program) or less than 900 clock hours."
Description,13,11266,CHG1PY1,"Price of attendance for entering students in the largest program:(Books and supplies, room and board, and other expenses are those amounts used by your financial aid office for determining eligibility for student financial assistance) These data are published at the IPEDS College Navigator Web site

Tuition and fees of the largest program, 2019-20
TUITION AND REQUIRED FEES - Tuition is the amount of money charged to students for instructional services. Tuition may be charged per term, per course, or per credit.
Required fees is the fixed sum charged to students for items not covered by tuition and required of such a large proportion of all students that the student who does NOT pay the charge is an exception.
FIRST-TIME FIRST-YEAR STUDENT - A student attending any institution for the first time at the undergraduate level. Includes students enrolled in the fall term who attended college for the first time in the prior summer term. Also includes students who entered with advanced standing (college credits earned before graduation from high school).
FIRST-YEAR STUDENT A student who has completed less than the equivalent of 1 full year of undergraduate work; that is, less than 30 semester hours (in a 120-hour degree program) or less than 900 clock hours."
Description,14,11271,CHG1PY2,"Price of attendance for entering students in the largest program:(Books and supplies, room and board, and other expenses are those amounts used by your financial aid office for determining eligibility for student financial assistance) These data are published at the IPEDS College Navigator Web site

Tuition and fees of the largest program, 2020-21
TUITION AND REQUIRED FEES - Tuition is the amount of money charged to students for instructional services. Tuition may be charged per term, per course, or per credit.
Required fees is the fixed sum charged to students for items not covered by tuition and required of such a large proportion of all students that the student who does NOT pay the charge is an exception.
FIRST-TIME FIRST-YEAR STUDENT - A student attending any institution for the first time at the undergraduate level. Includes students enrolled in the fall term who attended college for the first time in the prior summer term. Also includes students who entered with advanced standing (college credits earned before graduation from high school).
FIRST-YEAR STUDENT A student who has completed less than the equivalent of 1 full year of undergraduate work; that is, less than 30 semester hours (in a 120-hour degree program) or less than 900 clock hours."
Description,15,15031,CHG1PY3,"Price of attendance for entering students in the largest program:(Books and supplies, room and board, and other expenses are those amounts used by your financial aid office for determining eligibility for student financial assistance) These data are published at the IPEDS College Navigator Web site

Tuition and fees of the largest program, 2021-22
TUITION AND REQUIRED FEES - Tuition is the amount of money charged to students for instructional services. Tuition may be charged per term, per course, or per credit.
Required fees is the fixed sum charged to students for items not covered by tuition and required of such a large proportion of all students that the student who does NOT pay the charge is an exception.
FIRST-TIME FIRST-YEAR STUDENT - A student attending any institution for the first time at the undergraduate level. Includes students enrolled in the fall term who attended college for the first time in the prior summer term. Also includes students who entered with advanced standing (college credits earned before graduation from high school).
FIRST-YEAR STUDENT A student who has completed less than the equivalent of 1 full year of undergraduate work; that is, less than 30 semester hours (in a 120-hour degree program) or less than 900 clock hours."
Description,16,11280,CHG4PY0,"Price of attendance for entering students in the largest program:(Books and supplies, room and board, and other expenses are those amounts used by your financial aid office for determining eligibility for student financial assistance) These data are published at the IPEDS College Navigator Web site

Books and supplies for 2018-19

BOOKS AND SUPPLIES - The average cost of books and supplies for a typical student for an entire academic year (or program). Do not include unusual costs for special groups of students (e.g., engineering or art majors), unless they constitute the majority of students at your institution."
Description,17,11281,CHG4PY1,"Price of attendance for entering students in the largest program:(Books and supplies, room and board, and other expenses are those amounts used by your financial aid office for determining eligibility for student financial assistance) These data are published at the IPEDS College Navigator Web site

Books and supplies for 2019-20

BOOKS AND SUPPLIES - The average cost of books and supplies for a typical student for an entire academic year (or program). Do not include unusual costs for special groups of students (e.g., engineering or art majors), unless they constitute the majority of students at your institution."
Description,18,11286,CHG4PY2,"Price of attendance for entering students in the largest program:(Books and supplies, room and board, and other expenses are those amounts used by your financial aid office for determining eligibility for student financial assistance) These data are published at the IPEDS College Navigator Web site

Books and supplies for 2020-21
BOOKS AND SUPPLIES - The average cost of books and supplies for a typical student for an entire academic year (or program). Do not include unusual costs for special groups of students (e.g., engineering or art majors), unless they constitute the majority of students at your institution."
Description,19,15035,CHG4PY3,"Price of attendance for entering students in the largest program:(Books and supplies, room and board, and other expenses are those amounts used by your financial aid office for determining eligibility for student financial assistance) These data are published at the IPEDS College Navigator Web site

Books and supplies for 2021-22
BOOKS AND SUPPLIES - The average cost of books and supplies for a typical student for an entire academic year (or program). Do not include unusual costs for special groups of students (e.g., engineering or art majors), unless they constitute the majority of students at your institution."
Description,20,11294,CHG5PY0,"Price of attendance for entering students in the largest program:(Books and supplies, room and board, and other expenses are those amounts used by your financial aid office for determining eligibility for student financial assistance) These data are published at the IPEDS College Navigator Web site

On campus room and board charges for 2018-19

ROOM CHARGES - The charges for an academic year for rooming accommodations for a typical student sharing a room with one other student. 
BOARD CHARGES - The charge for an academic year for meals, for a specified number of meals per week."
Description,21,11296,CHG5PY1,"Price of attendance for entering students in the largest program:(Books and supplies, room and board, and other expenses are those amounts used by your financial aid office for determining eligibility for student financial assistance) These data are published at the IPEDS College Navigator Web site

On campus room and board charges for 2019-20

ROOM CHARGES - The charges for an academic year for rooming accommodations for a typical student sharing a room with one other student. 
BOARD CHARGES - The charge for an academic year for meals, for a specified number of meals per week."
Description,22,11301,CHG5PY2,"Price of attendance for entering students in the largest program:(Books and supplies, room and board, and other expenses are those amounts used by your financial aid office for determining eligibility for student financial assistance) These data are published at the IPEDS College Navigator Web site

On campus room and board charges for 2020-21
ROOM CHARGES - The charges for an academic year for rooming accommodations for a typical student sharing a room with one other student. 
BOARD CHARGES - The charge for an academic year for meals, for a specified number of meals per week."
Description,23,11306,CHG5PY3,"Price of attendance for entering students in the largest program:(Books and supplies, room and board, and other expenses are those amounts used by your financial aid office for determining eligibility for student financial assistance) These data are published at the IPEDS College Navigator Web site

On campus room and board charges for 2021-22
ROOM CHARGES - The charges for an academic year for rooming accommodations for a typical student sharing a room with one other student. 
BOARD CHARGES - The charge for an academic year for meals, for a specified number of meals per week."
Description,24,11309,CHG6PY0,"Price of attendance for entering students in the largest program:(Books and supplies, room and board, and other expenses are those amounts used by your financial aid office for determining eligibility for student financial assistance) These data are published at the IPEDS College Navigator Web site

On campus other expenses for 2018-19
OTHER EXPENSES - The amount of money (estimated by the financial aid office) needed by a student to cover expenses such as laundry, transportation, entertainment, and furnishings. (For the purpose of this survey room and board and tuition and fees are not included.)"
Description,25,11311,CHG6PY1,"Price of attendance for entering students in the largest program:(Books and supplies, room and board, and other expenses are those amounts used by your financial aid office for determining eligibility for student financial assistance) These data are published at the IPEDS College Navigator Web site

On campus other expenses for 2019-20
OTHER EXPENSES - The amount of money (estimated by the financial aid office) needed by a student to cover expenses such as laundry, transportation, entertainment, and furnishings. (For the purpose of this survey room and board and tuition and fees are not included.)"
Description,26,11316,CHG6PY2,"Price of attendance for entering students in the largest program:(Books and supplies, room and board, and other expenses are those amounts used by your financial aid office for determining eligibility for student financial assistance) These data are published at the IPEDS College Navigator Web site

On campus other expenses for 2020-21
OTHER EXPENSES - The amount of money (estimated by the financial aid office) needed by a student to cover expenses such as laundry, transportation, entertainment, and furnishings. (For the purpose of this survey room and board and tuition and fees are not included.)"
Description,27,11321,CHG6PY3,"Price of attendance for entering students in the largest program:(Books and supplies, room and board, and other expenses are those amounts used by your financial aid office for determining eligibility for student financial assistance) These data are published at the IPEDS College Navigator Web site

On campus other expenses for 2021-22
OTHER EXPENSES - The amount of money (estimated by the financial aid office) needed by a student to cover expenses such as laundry, transportation, entertainment, and furnishings. (For the purpose of this survey room and board and tuition and fees are not included.)"
Description,28,11324,CHG7PY0,"Price of attendance for entering students in the largest program:(Books and supplies, room and board, and other expenses are those amounts used by your financial aid office for determining eligibility for student financial assistance) These data are published at the IPEDS College Navigator Web site

Off campus (not-with-family) room and board charges for 2018-19
ROOM CHARGES - The charges for an academic year for rooming accommodations for a typical student sharing a room with one other student. 
BOARD CHARGES - The charge for an academic year for meals, for a specified number of meals per week."
Description,29,11326,CHG7PY1,"Price of attendance for entering students in the largest program:(Books and supplies, room and board, and other expenses are those amounts used by your financial aid office for determining eligibility for student financial assistance) These data are published at the IPEDS College Navigator Web site

Off campus (not-with-family) room and board charges for 2019-20
ROOM CHARGES - The charges for an academic year for rooming accommodations for a typical student sharing a room with one other student. 
BOARD CHARGES - The charge for an academic year for meals, for a specified number of meals per week."
Description,30,11331,CHG7PY2,"Price of attendance for entering students in the largest program:(Books and supplies, room and board, and other expenses are those amounts used by your financial aid office for determining eligibility for student financial assistance) These data are published at the IPEDS College Navigator Web site

Off campus (not-with-family) room and board charges for 2020-21
ROOM CHARGES - The charges for an academic year for rooming accommodations for a typical student sharing a room with one other student. 
BOARD CHARGES - The charge for an academic year for meals, for a specified number of meals per week."
Description,31,11336,CHG7PY3,"Price of attendance for entering students in the largest program:(Books and supplies, room and board, and other expenses are those amounts used by your financial aid office for determining eligibility for student financial assistance) These data are published at the IPEDS College Navigator Web site

Off campus (not-with-family) room and board charges for 2021-22
ROOM CHARGES - The charges for an academic year for rooming accommodations for a typical student sharing a room with one other student. 
BOARD CHARGES - The charge for an academic year for meals, for a specified number of meals per week."
Description,32,11339,CHG8PY0,"Price of attendance for entering students in the largest program:(Books and supplies, room and board, and other expenses are those amounts used by your financial aid office for determining eligibility for student financial assistance) These data are published at the IPEDS College Navigator Web site

Off campus (not with family) other expenses for 2018-19
OTHER EXPENSES - The amount of money (estimated by the financial aid office) needed by a student to cover expenses such as laundry, transportation, entertainment, and furnishings. (For the purpose of this survey room and board and tuition and fees are not included.)"
Description,33,11341,CHG8PY1,"Price of attendance for entering students in the largest program:(Books and supplies, room and board, and other expenses are those amounts used by your financial aid office for determining eligibility for student financial assistance) These data are published at the IPEDS College Navigator Web site

Off campus (not with family) other expenses for 2019-20
OTHER EXPENSES - The amount of money (estimated by the financial aid office) needed by a student to cover expenses such as laundry, transportation, entertainment, and furnishings. (For the purpose of this survey room and board and tuition and fees are not included.)"
Description,34,11346,CHG8PY2,"Price of attendance for entering students in the largest program:(Books and supplies, room and board, and other expenses are those amounts used by your financial aid office for determining eligibility for student financial assistance) These data are published at the IPEDS College Navigator Web site

Off campus (not with family) other expenses for 2020-21
OTHER EXPENSES - The amount of money (estimated by the financial aid office) needed by a student to cover expenses such as laundry, transportation, entertainment, and furnishings. (For the purpose of this survey room and board and tuition and fees are not included.)"
Description,35,11351,CHG8PY3,"Price of attendance for entering students in the largest program:(Books and supplies, room and board, and other expenses are those amounts used by your financial aid office for determining eligibility for student financial assistance) These data are published at the IPEDS College Navigator Web site

Off campus (not with family) other expenses for 2021-22
OTHER EXPENSES - The amount of money (estimated by the financial aid office) needed by a student to cover expenses such as laundry, transportation, entertainment, and furnishings. (For the purpose of this survey room and board and tuition and fees are not included.)"
Description,36,11354,CHG9PY0,"Price of attendance for entering students in the largest program:(Books and supplies, room and board, and other expenses are those amounts used by your financial aid office for determining eligibility for student financial assistance) These data are published at the IPEDS College Navigator Web site

Off campus (with family) other expenses for 2018-19
OTHER EXPENSES - The amount of money (estimated by the financial aid office) needed by a student to cover expenses such as laundry, transportation, entertainment, and furnishings. (For the purpose of this survey room and board and tuition and fees are not included.)"
Description,37,11356,CHG9PY1,"Price of attendance for entering students in the largest program:(Books and supplies, room and board, and other expenses are those amounts used by your financial aid office for determining eligibility for student financial assistance) These data are published at the IPEDS College Navigator Web site

Off campus (with family) other expenses for 2019-20
OTHER EXPENSES - The amount of money (estimated by the financial aid office) needed by a student to cover expenses such as laundry, transportation, entertainment, and furnishings. (For the purpose of this survey room and board and tuition and fees are not included.)"
Description,38,11361,CHG9PY2,"Price of attendance for entering students in the largest program:(Books and supplies, room and board, and other expenses are those amounts used by your financial aid office for determining eligibility for student financial assistance) These data are published at the IPEDS College Navigator Web site

Off campus (with family) other expenses for 2020-21
OTHER EXPENSES - The amount of money (estimated by the financial aid office) needed by a student to cover expenses such as laundry, transportation, entertainment, and furnishings. (For the purpose of this survey room and board and tuition and fees are not included.)"
Description,39,11366,CHG9PY3,"Price of attendance for entering students in the largest program:(Books and supplies, room and board, and other expenses are those amounts used by your financial aid office for determining eligibility for student financial assistance) These data are published at the IPEDS College Navigator Web site

Off campus (with family) other expenses for 2021-22
OTHER EXPENSES - The amount of money (estimated by the financial aid office) needed by a student to cover expenses such as laundry, transportation, entertainment, and furnishings. (For the purpose of this survey room and board and tuition and fees are not included.)"
Description,40,11371,CIPCODE2,"Please list the five next largest programs and provide the requested information for each program. Report the tuition and fees and the cost of books and supplies for the TOTAL LENGTH OF THE PROGRAM. Also report the length of the entire program in terms of clock or credit hours. 

CIP code of the 2nd largest program

CIP CODE - A six-digit code in the form xx.xxxx that identifies instructional program specialties within educational institutions."
Description,41,11376,CIPTUIT2,"Please list the five next largest programs and provide the requested information for each program. Report the tuition and fees and the cost of books and supplies for the TOTAL LENGTH OF THE PROGRAM. Also report the length of the entire program in terms of clock or credit hours. 

Tuition and fees of the 2nd largest program

TUITION AND REQUIRED FEES - Tuition is the amount of money charged to students for instructional services. Tuition may be charged per term, per course, or per credit.
Required fees is the fixed sum charged to students for items not covered by tuition and required of such a large proportion of all students that the student who does NOT pay the charge is an exception."
Description,42,11381,CIPSUPP2,"Please list the five next largest programs and provide the requested information for each program. Report the tuition and fees and the cost of books and supplies for the TOTAL LENGTH OF THE PROGRAM. Also report the length of the entire program in terms of clock or credit hours. 

Cost of books and supplies for the 2nd largest program

BOOKS AND SUPPLIES - The average cost of books and supplies for a typical student for an entire academic year (or program). Do not include unusual costs for special groups of students (e.g., engineering or art majors), unless they constitute the majority of students at your institution."
Description,43,11386,CIPLGTH2,"Please list the five next largest programs and provide the requested information for each program. Report the tuition and fees and the cost of books and supplies for the TOTAL LENGTH OF THE PROGRAM. Also report the length of the entire program in terms of clock or credit hours. 

Total length of program in clock or credit hours of 2nd largest program 

Clock hour. A period of time consisting of (1) A 50- to 60-minute class, lecture, or recitation in a 60-minute period; (2) A 50- to 60-minute faculty-supervised laboratory, shop training, or internship in a 60-minute period; or (3) Sixty minutes of preparation in a correspondence course.


Credit hour  A unit of measure representing the equivalent of an hour (50 minutes) of instruction per week over the entire term. It is applied toward the total number of credit hours needed for completing the requirements of a degree, diploma, certificate, or other formal award."
Description,44,11388,PRGMSR2,"Indicate if program length for the entire program is measured in credit or clock hour .

Clock hour. A period of time consisting of (1) A 50- to 60-minute class, lecture, or recitation in a 60-minute period; (2) A 50- to 60-minute faculty-supervised laboratory, shop training, or internship in a 60-minute period; or (3) Sixty minutes of preparation in a correspondence course.


Credit hour  A unit of measure representing the equivalent of an hour (50 minutes) of instruction per week over the entire term. It is applied toward the total number of credit hours needed for completing the requirements of a degree, diploma, certificate, or other formal award."
Description,45,11389,MTHCMP2,Average number of months it takes a full-time student to complete this program
Description,46,11391,CIPCODE3,"Please list the five next largest programs and provide the requested information for each program. Report the tuition and fees and the cost of books and supplies for the TOTAL LENGTH OF THE PROGRAM. Also report the length of the entire program in terms of clock or credit hours. 

CIP code of the 3rd largest program

CIP CODE - A six-digit code in the form xx.xxxx that identifies instructional program specialties within educational institutions."
Description,47,11396,CIPTUIT3,"Please list the five next largest programs and provide the requested information for each program. Report the tuition and fees and the cost of books and supplies for the TOTAL LENGTH OF THE PROGRAM. Also report the length of the entire program in terms of clock or credit hours. 

Tuition and fees of the 3rd largest program

TUITION AND REQUIRED FEES - Tuition is the amount of money charged to students for instructional services. Tuition may be charged per term, per course, or per credit.
Required fees is the fixed sum charged to students for items not covered by tuition and required of such a large proportion of all students that the student who does NOT pay the charge is an exception."
Description,48,11401,CIPSUPP3,"Please list the five next largest programs and provide the requested information for each program. Report the tuition and fees and the cost of books and supplies for the TOTAL LENGTH OF THE PROGRAM. Also report the length of the entire program in terms of clock or credit hours. 

Cost of books and supplies for the 3rd largest program

BOOKS AND SUPPLIES - The average cost of books and supplies for a typical student for an entire academic year (or program). Do not include unusual costs for special groups of students (e.g., engineering or art majors), unless they constitute the majority of students at your institution."
Description,49,11406,CIPLGTH3,"Please list the five next largest programs and provide the requested information for each program. Report the tuition and fees and the cost of books and supplies for the TOTAL LENGTH OF THE PROGRAM. Also report the length of the entire program in terms of clock or credit hours. 

Total length of program in clock or credit hours of 3rd largest program 

Clock hour. A period of time consisting of (1) A 50- to 60-minute class, lecture, or recitation in a 60-minute period; (2) A 50- to 60-minute faculty-supervised laboratory, shop training, or internship in a 60-minute period; or (3) Sixty minutes of preparation in a correspondence course.


Credit hour  A unit of measure representing the equivalent of an hour (50 minutes) of instruction per week over the entire term. It is applied toward the total number of credit hours needed for completing the requirements of a degree, diploma, certificate, or other formal award."
Description,50,11408,PRGMSR3,"Indicate if program length for the entire program is measured in credit or clock hour .

Clock hour. A period of time consisting of (1) A 50- to 60-minute class, lecture, or recitation in a 60-minute period; (2) A 50- to 60-minute faculty-supervised laboratory, shop training, or internship in a 60-minute period; or (3) Sixty minutes of preparation in a correspondence course.


Credit hour  A unit of measure representing the equivalent of an hour (50 minutes) of instruction per week over the entire term. It is applied toward the total number of credit hours needed for completing the requirements of a degree, diploma, certificate, or other formal award."
Description,51,11409,MTHCMP3,Average number of months it takes a full-time student to complete this program
Description,52,11411,CIPCODE4,"Please list the five next largest programs and provide the requested information for each program. Report the tuition and fees and the cost of books and supplies for the TOTAL LENGTH OF THE PROGRAM. Also report the length of the entire program in terms of clock or credit hours. 

CIP code of the 4th largest program

CIP CODE - A six-digit code in the form xx.xxxx that identifies instructional program specialties within educational institutions."
Description,53,11416,CIPTUIT4,"Please list the five next largest programs and provide the requested information for each program. Report the tuition and fees and the cost of books and supplies for the TOTAL LENGTH OF THE PROGRAM. Also report the length of the entire program in terms of clock or credit hours. 

Tuition and fees of the 4th largest program

TUITION AND REQUIRED FEES - Tuition is the amount of money charged to students for instructional services. Tuition may be charged per term, per course, or per credit.
Required fees is the fixed sum charged to students for items not covered by tuition and required of such a large proportion of all students that the student who does NOT pay the charge is an exception."
Description,54,11421,CIPSUPP4,"Please list the five next largest programs and provide the requested information for each program. Report the tuition and fees and the cost of books and supplies for the TOTAL LENGTH OF THE PROGRAM. Also report the length of the entire program in terms of clock or credit hours. 

Cost of books and supplies for the 4th largest program

BOOKS AND SUPPLIES - The average cost of books and supplies for a typical student for an entire academic year (or program). Do not include unusual costs for special groups of students (e.g., engineering or art majors), unless they constitute the majority of students at your institution."
Description,55,11426,CIPLGTH4,"Please list the five next largest programs and provide the requested information for each program. Report the tuition and fees and the cost of books and supplies for the TOTAL LENGTH OF THE PROGRAM. Also report the length of the entire program in terms of clock or credit hours. 

Total length of program in clock or credit hours of 4th largest program 

Clock hour. A period of time consisting of (1) A 50- to 60-minute class, lecture, or recitation in a 60-minute period; (2) A 50- to 60-minute faculty-supervised laboratory, shop training, or internship in a 60-minute period; or (3) Sixty minutes of preparation in a correspondence course.


Credit hour  A unit of measure representing the equivalent of an hour (50 minutes) of instruction per week over the entire term. It is applied toward the total number of credit hours needed for completing the requirements of a degree, diploma, certificate, or other formal award."
Description,56,11428,PRGMSR4,"Indicate if program length for the entire program is measured in credit or clock hour .

Clock hour. A period of time consisting of (1) A 50- to 60-minute class, lecture, or recitation in a 60-minute period; (2) A 50- to 60-minute faculty-supervised laboratory, shop training, or internship in a 60-minute period; or (3) Sixty minutes of preparation in a correspondence course.


Credit hour  A unit of measure representing the equivalent of an hour (50 minutes) of instruction per week over the entire term. It is applied toward the total number of credit hours needed for completing the requirements of a degree, diploma, certificate, or other formal award."
Description,57,11429,MTHCMP4,Average number of months it takes a full-time student to complete this program
Description,58,11431,CIPCODE5,"Please list the five next largest programs and provide the requested information for each program. Report the tuition and fees and the cost of books and supplies for the TOTAL LENGTH OF THE PROGRAM. Also report the length of the entire program in terms of clock or credit hours. 

CIP code of the 5th largest program

CIP CODE - A six-digit code in the form xx.xxxx that identifies instructional program specialties within educational institutions."
Description,59,11436,CIPTUIT5,"Please list the five next largest programs and provide the requested information for each program. Report the tuition and fees and the cost of books and supplies for the TOTAL LENGTH OF THE PROGRAM. Also report the length of the entire program in terms of clock or credit hours. 

Tuition and fees of the 5th largest program

TUITION AND REQUIRED FEES - Tuition is the amount of money charged to students for instructional services. Tuition may be charged per term, per course, or per credit.
Required fees is the fixed sum charged to students for items not covered by tuition and required of such a large proportion of all students that the student who does NOT pay the charge is an exception."
Description,60,11441,CIPSUPP5,"Please list the five next largest programs and provide the requested information for each program. Report the tuition and fees and the cost of books and supplies for the TOTAL LENGTH OF THE PROGRAM. Also report the length of the entire program in terms of clock or credit hours. 

Cost of books and supplies for the 5th largest program

BOOKS AND SUPPLIES - The average cost of books and supplies for a typical student for an entire academic year (or program). Do not include unusual costs for special groups of students (e.g., engineering or art majors), unless they constitute the majority of students at your institution."
Description,61,11446,CIPLGTH5,"Please list the five next largest programs and provide the requested information for each program. Report the tuition and fees and the cost of books and supplies for the TOTAL LENGTH OF THE PROGRAM. Also report the length of the entire program in terms of clock or credit hours. 

Total length of program in clock or credit hours of 5th largest program 

Clock hour. A period of time consisting of (1) A 50- to 60-minute class, lecture, or recitation in a 60-minute period; (2) A 50- to 60-minute faculty-supervised laboratory, shop training, or internship in a 60-minute period; or (3) Sixty minutes of preparation in a correspondence course.


Credit hour  A unit of measure representing the equivalent of an hour (50 minutes) of instruction per week over the entire term. It is applied toward the total number of credit hours needed for completing the requirements of a degree, diploma, certificate, or other formal award."
Description,62,11448,PRGMSR5,"Indicate if program length for the entire program is measured in credit or clock hour .

Clock hour. A period of time consisting of (1) A 50- to 60-minute class, lecture, or recitation in a 60-minute period; (2) A 50- to 60-minute faculty-supervised laboratory, shop training, or internship in a 60-minute period; or (3) Sixty minutes of preparation in a correspondence course.


Credit hour  A unit of measure representing the equivalent of an hour (50 minutes) of instruction per week over the entire term. It is applied toward the total number of credit hours needed for completing the requirements of a degree, diploma, certificate, or other formal award."
Description,63,11449,MTHCMP5,Average number of months it takes a full-time student to complete this program
Description,64,11451,CIPCODE6,"Please list the five next largest programs and provide the requested information for each program. Report the tuition and fees and the cost of books and supplies for the TOTAL LENGTH OF THE PROGRAM. Also report the length of the entire program in terms of clock or credit hours. 

CIP code of the 6th largest program

CIP CODE - A six-digit code in the form xx.xxxx that identifies instructional program specialties within educational institutions."
Description,65,11456,CIPTUIT6,"Please list the five next largest programs and provide the requested information for each program. Report the tuition and fees and the cost of books and supplies for the TOTAL LENGTH OF THE PROGRAM. Also report the length of the entire program in terms of clock or credit hours. 

Tuition and fees of the 6th largest program

TUITION AND REQUIRED FEES - Tuition is the amount of money charged to students for instructional services. Tuition may be charged per term, per course, or per credit.
Required fees is the fixed sum charged to students for items not covered by tuition and required of such a large proportion of all students that the student who does NOT pay the charge is an exception."
Description,66,11461,CIPSUPP6,"Please list the five next largest programs and provide the requested information for each program. Report the tuition and fees and the cost of books and supplies for the TOTAL LENGTH OF THE PROGRAM. Also report the length of the entire program in terms of clock or credit hours. 

Cost of books and supplies for the 6th largest program

BOOKS AND SUPPLIES - The average cost of books and supplies for a typical student for an entire academic year (or program). Do not include unusual costs for special groups of students (e.g., engineering or art majors), unless they constitute the majority of students at your institution."
Description,67,11466,CIPLGTH6,"Please list the five next largest programs and provide the requested information for each program. Report the tuition and fees and the cost of books and supplies for the TOTAL LENGTH OF THE PROGRAM. Also report the length of the entire program in terms of clock or credit hours. 

Total length of program in clock or credit hours of 6th largest program 

Clock hour. A period of time consisting of (1) A 50- to 60-minute class, lecture, or recitation in a 60-minute period; (2) A 50- to 60-minute faculty-supervised laboratory, shop training, or internship in a 60-minute period; or (3) Sixty minutes of preparation in a correspondence course.


Credit hour  A unit of measure representing the equivalent of an hour (50 minutes) of instruction per week over the entire term. It is applied toward the total number of credit hours needed for completing the requirements of a degree, diploma, certificate, or other formal award."
Description,68,11468,PRGMSR6,"Indicate if program length for the entire program is measured in credit or clock hour .

Clock hour. A period of time consisting of (1) A 50- to 60-minute class, lecture, or recitation in a 60-minute period; (2) A 50- to 60-minute faculty-supervised laboratory, shop training, or internship in a 60-minute period; or (3) Sixty minutes of preparation in a correspondence course.


Credit hour  A unit of measure representing the equivalent of an hour (50 minutes) of instruction per week over the entire term. It is applied toward the total number of credit hours needed for completing the requirements of a degree, diploma, certificate, or other formal award."
Description,69,11469,MTHCMP6,Average number of months it takes a full-time student to complete this program
Description,70,,,
Description,71,,,
Description,72,,,
Description,73,,,
Description,74,,,
Description,75,,,
Description,76,,,
Description,77,,,
Description,78,,,
Description,79,,,
Description,80,,,
Description,81,,,
Description,82,,,
Description,83,,,
Description,84,,,
Description,85,,,
Description,86,,,
Description,87,,,
Description,88,,,
Description,89,,,
Description,90,,,
Description,91,,,
Description,92,,,
Description,93,,,
Description,94,,,
Description,95,,,
Description,96,,,
Description,97,,,
Description,98,,,
Description,99,,,
Description,100,,,
Description,101,,,
Description,102,,,
Description,103,,,
Description,104,,,
Description,105,,,
Description,106,,,
Description,107,,,
Description,108,,,
Description,109,,,
Description,110,,,
Description,111,,,
Description,112,,,
Description,113,,,
Description,114,,,
Description,115,,,
Description,116,,,
Description,117,,,
Description,118,,,
Description,119,,,
Description,120,,,
Description,121,,,
Frequencies,0,varnumber,varname,codevalue,valuelabel,frequency,percent
Frequencies,1,11256,CIPCODE1,01.0307,Horse Husbandry/Equine Science and Management,1,0.05
Frequencies,2,11256,CIPCODE1,01.0504,Dog/Pet/Animal Grooming,2,0.09
Frequencies,3,11256,CIPCODE1,01.8101,"Veterinary Sciences/Veterinary Clinical Sciences, General",4,0.18
Frequencies,4,11256,CIPCODE1,01.8301,Veterinary/Animal Health Technology/Technician and Veterinary Assistant,10,0.45
Frequencies,5,11256,CIPCODE1,09.0701,Radio and Television,8,0.36
Frequencies,6,11256,CIPCODE1,09.0702,Digital Communication and Media/Multimedia,1,0.05
Frequencies,7,11256,CIPCODE1,09.0799,"Radio, Television, and Digital Communication, Other",1,0.05
Frequencies,8,11256,CIPCODE1,09.0903,Advertising,1,0.05
Frequencies,9,11256,CIPCODE1,10.0202,Radio and Television Broadcasting Technology/Technician,1,0.05
Frequencies,10,11256,CIPCODE1,10.0203,Recording Arts Technology/Technician,11,0.5
Frequencies,11,11256,CIPCODE1,10.0299,"Audiovisual Communications Technologies/Technicians, Other",1,0.05
Frequencies,12,11256,CIPCODE1,10.0304,"Animation, Interactive Technology, Video Graphics, and Special Effects",1,0.05
Frequencies,13,11256,CIPCODE1,10.9999,"Communications Technologies/Technicians and Support Services, Other",1,0.05
Frequencies,14,11256,CIPCODE1,11.0101,"Computer and Information Sciences, General",2,0.09
Frequencies,15,11256,CIPCODE1,11.0103,Information Technology,1,0.05
Frequencies,16,11256,CIPCODE1,11.0205,"Computer Programming, Specific Platforms",1,0.05
Frequencies,17,11256,CIPCODE1,11.0401,Information Science/Studies,1,0.05
Frequencies,18,11256,CIPCODE1,11.0601,"Data Entry/Microcomputer Applications, General",1,0.05
Frequencies,19,11256,CIPCODE1,11.0801,"Web Page, Digital/Multimedia and Information Resources Design",2,0.09
Frequencies,20,11256,CIPCODE1,11.0901,Computer Systems Networking and Telecommunications,5,0.23
Frequencies,21,11256,CIPCODE1,11.1001,Network and System Administration/Administrator,1,0.05
Frequencies,22,11256,CIPCODE1,11.1006,Computer Support Specialist,1,0.05
Frequencies,23,11256,CIPCODE1,12.0302,Funeral Direction/Service,1,0.05
Frequencies,24,11256,CIPCODE1,12.0401,"Cosmetology/Cosmetologist, General",860,38.700000000000003
Frequencies,25,11256,CIPCODE1,12.0402,Barbering/Barber,124,5.58
Frequencies,26,11256,CIPCODE1,12.0404,Electrolysis/Electrology and Electrolysis Technician,2,0.09
Frequencies,27,11256,CIPCODE1,12.0406,Make-Up Artist/Specialist,2,0.09
Frequencies,28,11256,CIPCODE1,12.0407,Hair Styling/Stylist and Hair Design,5,0.23
Frequencies,29,11256,CIPCODE1,12.0408,Facial Treatment Specialist/Facialist,3,0.14000000000000001
Frequencies,30,11256,CIPCODE1,12.0409,Aesthetician/Esthetician and Skin Care Specialist,102,4.59
Frequencies,31,11256,CIPCODE1,12.0410,Nail Technician/Specialist and Manicurist,19,0.86
Frequencies,32,11256,CIPCODE1,12.0413,"Cosmetology, Barber/Styling, and Nail Instructor",2,0.09
Frequencies,33,11256,CIPCODE1,12.0414,Master Aesthetician/Esthetician,8,0.36
Frequencies,34,11256,CIPCODE1,12.0499,"Cosmetology and Related Personal Grooming Arts, Other",19,0.86
Frequencies,35,11256,CIPCODE1,12.0500,"Cooking and Related Culinary Arts, General",2,0.09
Frequencies,36,11256,CIPCODE1,12.0501,Baking and Pastry Arts/Baker/Pastry Chef,1,0.05
Frequencies,37,11256,CIPCODE1,12.0503,Culinary Arts/Chef Training,10,0.45
Frequencies,38,11256,CIPCODE1,12.0599,"Culinary Arts and Related Services, Other",2,0.09
Frequencies,39,11256,CIPCODE1,12.0602,Casino Dealing,1,0.05
Frequencies,40,11256,CIPCODE1,13.0406,Higher Education/Higher Education Administration,1,0.05
Frequencies,41,11256,CIPCODE1,13.1207,Montessori Teacher Education,1,0.05
Frequencies,42,11256,CIPCODE1,14.1001,Electrical and Electronics Engineering,1,0.05
Frequencies,43,11256,CIPCODE1,15.0403,Electromechanical/Electromechanical Engineering Technology/Technician,2,0.09
Frequencies,44,11256,CIPCODE1,15.0501,"Heating, Ventilation, Air Conditioning and Refrigeration Engineering Technology/Technician",10,0.45
Frequencies,45,11256,CIPCODE1,15.0799,"Quality Control and Safety Technologies/Technicians, Other",1,0.05
Frequencies,46,11256,CIPCODE1,15.0801,Aeronautical/Aerospace Engineering Technology/Technician,1,0.05
Frequencies,47,11256,CIPCODE1,15.1201,Computer Engineering Technology/Technician,1,0.05
Frequencies,48,11256,CIPCODE1,19.0708,Child Care and Support Services Management,1,0.05
Frequencies,49,11256,CIPCODE1,19.0709,Child Care Provider/Assistant,1,0.05
Frequencies,50,11256,CIPCODE1,22.0302,Legal Assistant/Paralegal,2,0.09
Frequencies,51,11256,CIPCODE1,23.0101,"English Language and Literature, General",3,0.14000000000000001
Frequencies,52,11256,CIPCODE1,26.0102,"Biomedical Sciences, General",1,0.05
Frequencies,53,11256,CIPCODE1,31.0507,Physical Fitness Technician,4,0.18
Frequencies,54,11256,CIPCODE1,43.0102,Corrections,1,0.05
Frequencies,55,11256,CIPCODE1,43.0107,Criminal Justice/Police Science,4,0.18
Frequencies,56,11256,CIPCODE1,43.0203,Fire Science/Fire-fighting,6,0.27
Frequencies,57,11256,CIPCODE1,46.0000,"Construction Trades, General",2,0.09
Frequencies,58,11256,CIPCODE1,46.0301,"Electrical and Power Transmission Installation/Installer, General",1,0.05
Frequencies,59,11256,CIPCODE1,46.0302,Electrician,36,1.62
Frequencies,60,11256,CIPCODE1,46.0303,Lineworker,1,0.05
Frequencies,61,11256,CIPCODE1,46.0401,Building/Property Maintenance,1,0.05
Frequencies,62,11256,CIPCODE1,46.0415,Building Construction Technology/Technician,1,0.05
Frequencies,63,11256,CIPCODE1,47.0101,"Electrical/Electronics Equipment Installation and Repair Technology/Technician, General",3,0.14000000000000001
Frequencies,64,11256,CIPCODE1,47.0104,Computer Installation and Repair Technology/Technician,1,0.05
Frequencies,65,11256,CIPCODE1,47.0201,"Heating, Air Conditioning, Ventilation and Refrigeration Maintenance Technology/Technician",24,1.08
Frequencies,66,11256,CIPCODE1,47.0303,Industrial Mechanics and Maintenance Technology/Technician,5,0.23
Frequencies,67,11256,CIPCODE1,47.0402,Gunsmithing/Gunsmith,2,0.09
Frequencies,68,11256,CIPCODE1,47.0403,Locksmithing and Safe Repair,1,0.05
Frequencies,69,11256,CIPCODE1,47.0404,Musical Instrument Fabrication and Repair,1,0.05
Frequencies,70,11256,CIPCODE1,47.0604,Automobile/Automotive Mechanics Technology/Technician,26,1.17
Frequencies,71,11256,CIPCODE1,47.0605,Diesel Mechanics Technology/Technician,6,0.27
Frequencies,72,11256,CIPCODE1,47.0607,Airframe Mechanics and Aircraft Maintenance Technology/Technician,11,0.5
Frequencies,73,11256,CIPCODE1,47.0608,Aircraft Powerplant Technology/Technician,2,0.09
Frequencies,74,11256,CIPCODE1,47.0609,Avionics Maintenance Technology/Technician,1,0.05
Frequencies,75,11256,CIPCODE1,47.0611,Motorcycle Maintenance and Repair Technology/Technician,2,0.09
Frequencies,76,11256,CIPCODE1,47.0613,Medium/Heavy Vehicle and Truck Technology/Technician,3,0.14000000000000001
Frequencies,77,11256,CIPCODE1,47.0615,Engine Machinist,1,0.05
Frequencies,78,11256,CIPCODE1,47.0616,Marine Maintenance/Fitter and Ship Repair Technology/Technician,1,0.05
Frequencies,79,11256,CIPCODE1,48.0501,Machine Tool Technology/Machinist,1,0.05
Frequencies,80,11256,CIPCODE1,48.0508,Welding Technology/Welder,44,1.98
Frequencies,81,11256,CIPCODE1,48.0511,Metal Fabricator,1,0.05
Frequencies,82,11256,CIPCODE1,48.0702,Furniture Design and Manufacturing,1,0.05
Frequencies,83,11256,CIPCODE1,49.0102,Airline/Commercial/Professional Pilot and Flight Crew,2,0.09
Frequencies,84,11256,CIPCODE1,49.0199,"Air Transportation, Other",1,0.05
Frequencies,85,11256,CIPCODE1,49.0202,Construction/Heavy Equipment/Earthmoving Equipment Operation,1,0.05
Frequencies,86,11256,CIPCODE1,49.0205,Truck and Bus Driver/Commercial Vehicle Operator and Instructor,22,0.99
Frequencies,87,11256,CIPCODE1,49.0304,"Diver, Professional and Instructor",4,0.18
Frequencies,88,11256,CIPCODE1,50.0401,"Design and Visual Communications, General",1,0.05
Frequencies,89,11256,CIPCODE1,50.0408,Interior Design,1,0.05
Frequencies,90,11256,CIPCODE1,50.0410,Illustration,1,0.05
Frequencies,91,11256,CIPCODE1,50.0602,Cinematography and Film/Video Production,3,0.14000000000000001
Frequencies,92,11256,CIPCODE1,50.0699,"Film/Video and Photographic Arts, Other",1,0.05
Frequencies,93,11256,CIPCODE1,50.0702,"Fine/Studio Arts, General",1,0.05
Frequencies,94,11256,CIPCODE1,50.0713,Jewelry Arts,3,0.14000000000000001
Frequencies,95,11256,CIPCODE1,50.0913,Music Technology,1,0.05
Frequencies,96,11256,CIPCODE1,51.0000,"Health Services/Allied Health/Health Sciences, General",2,0.09
Frequencies,97,11256,CIPCODE1,51.0601,Dental Assisting/Assistant,15,0.68
Frequencies,98,11256,CIPCODE1,51.0602,Dental Hygiene/Hygienist,1,0.05
Frequencies,99,11256,CIPCODE1,51.0701,Health/Health Care Administration/Management,1,0.05
Frequencies,100,11256,CIPCODE1,51.0705,Medical Office Management/Administration,1,0.05
Frequencies,101,11256,CIPCODE1,51.0707,Health Information/Medical Records Technology/Technician,2,0.09
Frequencies,102,11256,CIPCODE1,51.0710,Medical Office Assistant/Specialist,4,0.18
Frequencies,103,11256,CIPCODE1,51.0713,Medical Insurance Coding Specialist/Coder,3,0.14000000000000001
Frequencies,104,11256,CIPCODE1,51.0714,Medical Insurance Specialist/Medical Biller,6,0.27
Frequencies,105,11256,CIPCODE1,51.0716,Medical Administrative/Executive Assistant and Medical Secretary,1,0.05
Frequencies,106,11256,CIPCODE1,51.0799,"Health and Medical Administrative Services, Other",1,0.05
Frequencies,107,11256,CIPCODE1,51.0801,Medical/Clinical Assistant,253,11.39
Frequencies,108,11256,CIPCODE1,51.0802,Clinical/Medical Laboratory Assistant,2,0.09
Frequencies,109,11256,CIPCODE1,51.0805,Pharmacy Technician/Assistant,4,0.18
Frequencies,110,11256,CIPCODE1,51.0806,Physical Therapy Assistant,2,0.09
Frequencies,111,11256,CIPCODE1,51.0812,Respiratory Therapy Technician/Assistant,1,0.05
Frequencies,112,11256,CIPCODE1,51.0899,"Allied Health and Medical Assisting Services, Other",3,0.14000000000000001
Frequencies,113,11256,CIPCODE1,51.0901,Cardiovascular Technology/Technologist,1,0.05
Frequencies,114,11256,CIPCODE1,51.0904,Emergency Medical Technology/Technician (EMT Paramedic),6,0.27
Frequencies,115,11256,CIPCODE1,51.0908,Respiratory Care Therapy/Therapist,4,0.18
Frequencies,116,11256,CIPCODE1,51.0909,Surgical Technology/Technologist,5,0.23
Frequencies,117,11256,CIPCODE1,51.0910,Diagnostic Medical Sonography/Sonographer and Ultrasound Technician,14,0.63
Frequencies,118,11256,CIPCODE1,51.0911,Radiologic Technology/Science - Radiographer,4,0.18
Frequencies,119,11256,CIPCODE1,51.0920,Magnetic Resonance Imaging (MRI) Technology/Technician,3,0.14000000000000001
Frequencies,120,11256,CIPCODE1,51.1001,Blood Bank Technology Specialist,2,0.09
Frequencies,121,11256,CIPCODE1,51.1004,Clinical/Medical Laboratory Technician,1,0.05
Frequencies,122,11256,CIPCODE1,51.1009,Phlebotomy Technician/Phlebotomist,4,0.18
Frequencies,123,11256,CIPCODE1,51.3203,Nursing Education,1,0.05
Frequencies,124,11256,CIPCODE1,51.3306,Holistic/Integrative Health,2,0.09
Frequencies,125,11256,CIPCODE1,51.3501,Massage Therapy/Therapeutic Massage,68,3.06
Frequencies,126,11256,CIPCODE1,51.3503,Somatic Bodywork,1,0.05
Frequencies,127,11256,CIPCODE1,51.3603,Hypnotherapy/Hypnotherapist,1,0.05
Frequencies,128,11256,CIPCODE1,51.3801,Registered Nursing/Registered Nurse,39,1.76
Frequencies,129,11256,CIPCODE1,51.3808,Nursing Science,1,0.05
Frequencies,130,11256,CIPCODE1,51.3899,"Registered Nursing, Nursing Administration, Nursing Research and Clinical Nursing, Other",1,0.05
Frequencies,131,11256,CIPCODE1,51.3901,Licensed Practical/Vocational Nurse Training,214,9.6300000000000008
Frequencies,132,11256,CIPCODE1,51.3902,Nursing Assistant/Aide and Patient Care Assistant/Aide,20,0.9
Frequencies,133,11256,CIPCODE1,51.3999,"Practical Nursing, Vocational Nursing and Nursing Assistants, Other",33,1.49
Frequencies,134,11256,CIPCODE1,52.0201,"Business Administration and Management, General",4,0.18
Frequencies,135,11256,CIPCODE1,52.0301,Accounting,1,0.05
Frequencies,136,11256,CIPCODE1,52.0302,Accounting Technology/Technician and Bookkeeping,3,0.14000000000000001
Frequencies,137,11256,CIPCODE1,52.0401,"Administrative Assistant and Secretarial Science, General",1,0.05
Frequencies,138,11256,CIPCODE1,52.0407,Business/Office Automation/Technology/Data Entry,2,0.09
Frequencies,139,11256,CIPCODE1,52.0410,"Traffic, Customs, and Transportation Clerk/Technician",1,0.05
Frequencies,140,11262,PRGMSR1,1,Clock hours,1767,79.52
Frequencies,141,11262,PRGMSR1,2,Credit hours,455,20.48
Frequencies,142,11371,CIPCODE2,01.0504,Dog/Pet/Animal Grooming,1,0.05
Frequencies,143,11371,CIPCODE2,01.1103,Horticultural Science,1,0.05
Frequencies,144,11371,CIPCODE2,01.8301,Veterinary/Animal Health Technology/Technician and Veterinary Assistant,24,1.08
Frequencies,145,11371,CIPCODE2,09.0702,Digital Communication and Media/Multimedia,1,0.05
Frequencies,146,11371,CIPCODE2,09.0799,"Radio, Television, and Digital Communication, Other",4,0.18
Frequencies,147,11371,CIPCODE2,09.0906,Sports Communication,1,0.05
Frequencies,148,11371,CIPCODE2,09.0907,International and Intercultural Communication,1,0.05
Frequencies,149,11371,CIPCODE2,10.0202,Radio and Television Broadcasting Technology/Technician,1,0.05
Frequencies,150,11371,CIPCODE2,10.0203,Recording Arts Technology/Technician,4,0.18
Frequencies,151,11371,CIPCODE2,11.0101,"Computer and Information Sciences, General",2,0.09
Frequencies,152,11371,CIPCODE2,11.0205,"Computer Programming, Specific Platforms",1,0.05
Frequencies,153,11371,CIPCODE2,11.0801,"Web Page, Digital/Multimedia and Information Resources Design",1,0.05
Frequencies,154,11371,CIPCODE2,11.0802,Data Modeling/Warehousing and Database Administration,1,0.05
Frequencies,155,11371,CIPCODE2,11.0803,Computer Graphics,1,0.05
Frequencies,156,11371,CIPCODE2,11.0901,Computer Systems Networking and Telecommunications,6,0.27
Frequencies,157,11371,CIPCODE2,11.1001,Network and System Administration/Administrator,3,0.14000000000000001
Frequencies,158,11371,CIPCODE2,11.1003,Computer and Information Systems Security/Auditing/Information Assurance,6,0.27
Frequencies,159,11371,CIPCODE2,11.1006,Computer Support Specialist,2,0.09
Frequencies,160,11371,CIPCODE2,11.9999,"Computer and Information Sciences and Support Services, Other",2,0.09
Frequencies,161,11371,CIPCODE2,12.0301,"Funeral Service and Mortuary Science, General",1,0.05
Frequencies,162,11371,CIPCODE2,12.0401,"Cosmetology/Cosmetologist, General",157,7.07
Frequencies,163,11371,CIPCODE2,12.0402,Barbering/Barber,159,7.16
Frequencies,164,11371,CIPCODE2,12.0404,Electrolysis/Electrology and Electrolysis Technician,2,0.09
Frequencies,165,11371,CIPCODE2,12.0406,Make-Up Artist/Specialist,6,0.27
Frequencies,166,11371,CIPCODE2,12.0407,Hair Styling/Stylist and Hair Design,19,0.86
Frequencies,167,11371,CIPCODE2,12.0408,Facial Treatment Specialist/Facialist,25,1.1299999999999999
Frequencies,168,11371,CIPCODE2,12.0409,Aesthetician/Esthetician and Skin Care Specialist,316,14.22
Frequencies,169,11371,CIPCODE2,12.0410,Nail Technician/Specialist and Manicurist,95,4.28
Frequencies,170,11371,CIPCODE2,12.0412,Salon/Beauty Salon Management/Manager,1,0.05
Frequencies,171,11371,CIPCODE2,12.0413,"Cosmetology, Barber/Styling, and Nail Instructor",184,8.2799999999999994
Frequencies,172,11371,CIPCODE2,12.0414,Master Aesthetician/Esthetician,14,0.63
Frequencies,173,11371,CIPCODE2,12.0499,"Cosmetology and Related Personal Grooming Arts, Other",15,0.68
Frequencies,174,11371,CIPCODE2,12.0501,Baking and Pastry Arts/Baker/Pastry Chef,6,0.27
Frequencies,175,11371,CIPCODE2,12.0502,Bartending/Bartender,1,0.05
Frequencies,176,11371,CIPCODE2,12.0503,Culinary Arts/Chef Training,3,0.14000000000000001
Frequencies,177,11371,CIPCODE2,13.1207,Montessori Teacher Education,1,0.05
Frequencies,178,11371,CIPCODE2,13.1399,"Teacher Education and Professional Development, Specific Subject Areas, Other",1,0.05
Frequencies,179,11371,CIPCODE2,14.0102,Pre-Engineering,1,0.05
Frequencies,180,11371,CIPCODE2,14.1001,Electrical and Electronics Engineering,1,0.05
Frequencies,181,11371,CIPCODE2,15.0303,"Electrical, Electronic, and Communications Engineering Technology/Technician",1,0.05
Frequencies,182,11371,CIPCODE2,15.0399,"Electrical/Electronic Engineering Technologies/Technicians, Other",1,0.05
Frequencies,183,11371,CIPCODE2,15.0404,Instrumentation Technology/Technician,1,0.05
Frequencies,184,11371,CIPCODE2,15.0499,"Electromechanical Technologies/Technicians, Other",1,0.05
Frequencies,185,11371,CIPCODE2,15.0501,"Heating, Ventilation, Air Conditioning and Refrigeration Engineering Technology/Technician",16,0.72
Frequencies,186,11371,CIPCODE2,15.0613,Manufacturing Engineering Technology/Technician,1,0.05
Frequencies,187,11371,CIPCODE2,15.0803,Automotive Engineering Technology/Technician,3,0.14000000000000001
Frequencies,188,11371,CIPCODE2,15.0899,"Mechanical Engineering Related Technologies/Technicians, Other",1,0.05
Frequencies,189,11371,CIPCODE2,15.1202,Computer/Computer Systems Technology/Technician,1,0.05
Frequencies,190,11371,CIPCODE2,15.1301,"Drafting and Design Technology/Technician, General",1,0.05
Frequencies,191,11371,CIPCODE2,15.1307,3-D Modeling and Design Technology/Technician,1,0.05
Frequencies,192,11371,CIPCODE2,16.1701,English as a Second Language,2,0.09
Frequencies,193,11371,CIPCODE2,22.0302,Legal Assistant/Paralegal,1,0.05
Frequencies,194,11371,CIPCODE2,22.0303,Court Reporting and Captioning/Court Reporter,1,0.05
Frequencies,195,11371,CIPCODE2,23.1301,"Writing, General",1,0.05
Frequencies,196,11371,CIPCODE2,31.0507,Physical Fitness Technician,1,0.05
Frequencies,197,11371,CIPCODE2,31.9999,"Parks, Recreation, Leisure, Fitness, and Kinesiology, Other",1,0.05
Frequencies,198,11371,CIPCODE2,43.0102,Corrections,1,0.05
Frequencies,199,11371,CIPCODE2,43.0103,Criminal Justice/Law Enforcement Administration,1,0.05
Frequencies,200,11371,CIPCODE2,43.0104,Criminal Justice/Safety Studies,1,0.05
Frequencies,201,11371,CIPCODE2,43.0107,Criminal Justice/Police Science,4,0.18
Frequencies,202,11371,CIPCODE2,43.0203,Fire Science/Fire-fighting,1,0.05
Frequencies,203,11371,CIPCODE2,46.0000,"Construction Trades, General",3,0.14000000000000001
Frequencies,204,11371,CIPCODE2,46.0201,Carpentry/Carpenter,1,0.05
Frequencies,205,11371,CIPCODE2,46.0301,"Electrical and Power Transmission Installation/Installer, General",2,0.09
Frequencies,206,11371,CIPCODE2,46.0302,Electrician,28,1.26
Frequencies,207,11371,CIPCODE2,46.0401,Building/Property Maintenance,1,0.05
Frequencies,208,11371,CIPCODE2,46.0403,Building/Home/Construction Inspection/Inspector,1,0.05
Frequencies,209,11371,CIPCODE2,46.0415,Building Construction Technology/Technician,4,0.18
Frequencies,210,11371,CIPCODE2,46.0503,Plumbing Technology/Plumber,5,0.23
Frequencies,211,11371,CIPCODE2,47.0101,"Electrical/Electronics Equipment Installation and Repair Technology/Technician, General",3,0.14000000000000001
Frequencies,212,11371,CIPCODE2,47.0103,Communications Systems Installation and Repair Technology/Technician,1,0.05
Frequencies,213,11371,CIPCODE2,47.0199,"Electrical/Electronics Maintenance and Repair Technologies/Technicians, Other",1,0.05
Frequencies,214,11371,CIPCODE2,47.0201,"Heating, Air Conditioning, Ventilation and Refrigeration Maintenance Technology/Technician",49,2.21
Frequencies,215,11371,CIPCODE2,47.0302,Heavy Equipment Maintenance Technology/Technician,2,0.09
Frequencies,216,11371,CIPCODE2,47.0303,Industrial Mechanics and Maintenance Technology/Technician,4,0.18
Frequencies,217,11371,CIPCODE2,47.0403,Locksmithing and Safe Repair,1,0.05
Frequencies,218,11371,CIPCODE2,47.0408,Watchmaking and Jewelrymaking,1,0.05
Frequencies,219,11371,CIPCODE2,47.0604,Automobile/Automotive Mechanics Technology/Technician,45,2.0299999999999998
Frequencies,220,11371,CIPCODE2,47.0605,Diesel Mechanics Technology/Technician,5,0.23
Frequencies,221,11371,CIPCODE2,47.0607,Airframe Mechanics and Aircraft Maintenance Technology/Technician,5,0.23
Frequencies,222,11371,CIPCODE2,47.0608,Aircraft Powerplant Technology/Technician,1,0.05
Frequencies,223,11371,CIPCODE2,47.0611,Motorcycle Maintenance and Repair Technology/Technician,2,0.09
Frequencies,224,11371,CIPCODE2,47.0613,Medium/Heavy Vehicle and Truck Technology/Technician,1,0.05
Frequencies,225,11371,CIPCODE2,47.0615,Engine Machinist,1,0.05
Frequencies,226,11371,CIPCODE2,47.0616,Marine Maintenance/Fitter and Ship Repair Technology/Technician,1,0.05
Frequencies,227,11371,CIPCODE2,48.0303,Upholstery/Upholsterer,1,0.05
Frequencies,228,11371,CIPCODE2,48.0508,Welding Technology/Welder,52,2.34
Frequencies,229,11371,CIPCODE2,49.0102,Airline/Commercial/Professional Pilot and Flight Crew,2,0.09
Frequencies,230,11371,CIPCODE2,49.0202,Construction/Heavy Equipment/Earthmoving Equipment Operation,3,0.14000000000000001
Frequencies,231,11371,CIPCODE2,49.0205,Truck and Bus Driver/Commercial Vehicle Operator and Instructor,22,0.99
Frequencies,232,11371,CIPCODE2,49.0304,"Diver, Professional and Instructor",1,0.05
Frequencies,233,11371,CIPCODE2,50.0402,Commercial and Advertising Art,2,0.09
Frequencies,234,11371,CIPCODE2,50.0411,Game and Interactive Media Design,1,0.05
Frequencies,235,11371,CIPCODE2,50.0506,Acting,1,0.05
Frequencies,236,11371,CIPCODE2,50.0601,Film/Cinema/Media Studies,1,0.05
Frequencies,237,11371,CIPCODE2,50.0602,Cinematography and Film/Video Production,2,0.09
Frequencies,238,11371,CIPCODE2,50.0699,"Film/Video and Photographic Arts, Other",2,0.09
Frequencies,239,11371,CIPCODE2,50.0702,"Fine/Studio Arts, General",1,0.05
Frequencies,240,11371,CIPCODE2,50.0713,Jewelry Arts,2,0.09
Frequencies,241,11371,CIPCODE2,50.0913,Music Technology,2,0.09
Frequencies,242,11371,CIPCODE2,51.0000,"Health Services/Allied Health/Health Sciences, General",2,0.09
Frequencies,243,11371,CIPCODE2,51.0601,Dental Assisting/Assistant,73,3.29
Frequencies,244,11371,CIPCODE2,51.0602,Dental Hygiene/Hygienist,1,0.05
Frequencies,245,11371,CIPCODE2,51.0603,Dental Laboratory Technology/Technician,1,0.05
Frequencies,246,11371,CIPCODE2,51.0701,Health/Health Care Administration/Management,1,0.05
Frequencies,247,11371,CIPCODE2,51.0705,Medical Office Management/Administration,3,0.14000000000000001
Frequencies,248,11371,CIPCODE2,51.0707,Health Information/Medical Records Technology/Technician,1,0.05
Frequencies,249,11371,CIPCODE2,51.0710,Medical Office Assistant/Specialist,12,0.54
Frequencies,250,11371,CIPCODE2,51.0713,Medical Insurance Coding Specialist/Coder,20,0.9
Frequencies,251,11371,CIPCODE2,51.0714,Medical Insurance Specialist/Medical Biller,8,0.36
Frequencies,252,11371,CIPCODE2,51.0716,Medical Administrative/Executive Assistant and Medical Secretary,4,0.18
Frequencies,253,11371,CIPCODE2,51.0799,"Health and Medical Administrative Services, Other",1,0.05
Frequencies,254,11371,CIPCODE2,51.0801,Medical/Clinical Assistant,91,4.0999999999999996
Frequencies,255,11371,CIPCODE2,51.0802,Clinical/Medical Laboratory Assistant,1,0.05
Frequencies,256,11371,CIPCODE2,51.0803,Occupational Therapist Assistant,5,0.23
Frequencies,257,11371,CIPCODE2,51.0805,Pharmacy Technician/Assistant,6,0.27
Frequencies,258,11371,CIPCODE2,51.0810,Emergency Care Attendant (EMT Ambulance),1,0.05
Frequencies,259,11371,CIPCODE2,51.0812,Respiratory Therapy Technician/Assistant,1,0.05
Frequencies,260,11371,CIPCODE2,51.0899,"Allied Health and Medical Assisting Services, Other",6,0.27
Frequencies,261,11371,CIPCODE2,51.0901,Cardiovascular Technology/Technologist,1,0.05
Frequencies,262,11371,CIPCODE2,51.0904,Emergency Medical Technology/Technician (EMT Paramedic),8,0.36
Frequencies,263,11371,CIPCODE2,51.0907,Medical Radiologic Technology/Science - Radiation Therapist,1,0.05
Frequencies,264,11371,CIPCODE2,51.0908,Respiratory Care Therapy/Therapist,7,0.32
Frequencies,265,11371,CIPCODE2,51.0909,Surgical Technology/Technologist,13,0.59
Frequencies,266,11371,CIPCODE2,51.0910,Diagnostic Medical Sonography/Sonographer and Ultrasound Technician,15,0.68
Frequencies,267,11371,CIPCODE2,51.0911,Radiologic Technology/Science - Radiographer,9,0.41
Frequencies,268,11371,CIPCODE2,51.0913,Athletic Training/Trainer,1,0.05
Frequencies,269,11371,CIPCODE2,51.0920,Magnetic Resonance Imaging (MRI) Technology/Technician,3,0.14000000000000001
Frequencies,270,11371,CIPCODE2,51.1001,Blood Bank Technology Specialist,3,0.14000000000000001
Frequencies,271,11371,CIPCODE2,51.1009,Phlebotomy Technician/Phlebotomist,8,0.36
Frequencies,272,11371,CIPCODE2,51.1012,Sterile Processing Technology/Technician,4,0.18
Frequencies,273,11371,CIPCODE2,51.1501,Substance Abuse/Addiction Counseling,2,0.09
Frequencies,274,11371,CIPCODE2,51.2309,Therapeutic Recreation/Recreational Therapy,1,0.05
Frequencies,275,11371,CIPCODE2,51.2602,Home Health Aide/Home Attendant,1,0.05
Frequencies,276,11371,CIPCODE2,51.3306,Holistic/Integrative Health,1,0.05
Frequencies,277,11371,CIPCODE2,51.3501,Massage Therapy/Therapeutic Massage,31,1.4
Frequencies,278,11371,CIPCODE2,51.3502,Asian Bodywork Therapy,1,0.05
Frequencies,279,11371,CIPCODE2,51.3801,Registered Nursing/Registered Nurse,24,1.08
Frequencies,280,11371,CIPCODE2,51.3818,Nursing Practice,1,0.05
Frequencies,281,11371,CIPCODE2,51.3901,Licensed Practical/Vocational Nurse Training,31,1.4
Frequencies,282,11371,CIPCODE2,51.3902,Nursing Assistant/Aide and Patient Care Assistant/Aide,28,1.26
Frequencies,283,11371,CIPCODE2,51.3999,"Practical Nursing, Vocational Nursing and Nursing Assistants, Other",15,0.68
Frequencies,284,11371,CIPCODE2,52.0201,"Business Administration and Management, General",7,0.32
Frequencies,285,11371,CIPCODE2,52.0204,Office Management and Supervision,1,0.05
Frequencies,286,11371,CIPCODE2,52.0213,Organizational Leadership,1,0.05
Frequencies,287,11371,CIPCODE2,52.0302,Accounting Technology/Technician and Bookkeeping,3,0.14000000000000001
Frequencies,288,11371,CIPCODE2,52.0401,"Administrative Assistant and Secretarial Science, General",1,0.05
Frequencies,289,11371,CIPCODE2,52.0408,General Office Occupations and Clerical Services,2,0.09
Frequencies,290,11371,CIPCODE2,52.0999,"Hospitality Administration/Management, Other",1,0.05
Frequencies,291,11371,CIPCODE2,-2,Not applicable,382,17.190000000000001
Frequencies,292,11388,PRGMSR2,1,Clock hours,1412,63.55
Frequencies,293,11388,PRGMSR2,2,Credit hours,428,19.260000000000002
Frequencies,294,11388,PRGMSR2,-2,Not applicable,382,17.190000000000001
Frequencies,295,11391,CIPCODE3,01.8301,Veterinary/Animal Health Technology/Technician and Veterinary Assistant,13,0.59
Frequencies,296,11391,CIPCODE3,01.8399,"Veterinary/Animal Health Technologies/Technicians, Other",1,0.05
Frequencies,297,11391,CIPCODE3,09.0702,Digital Communication and Media/Multimedia,2,0.09
Frequencies,298,11391,CIPCODE3,09.0799,"Radio, Television, and Digital Communication, Other",2,0.09
Frequencies,299,11391,CIPCODE3,09.0900,"Public Relations, Advertising, and Applied Communication",1,0.05
Frequencies,300,11391,CIPCODE3,09.0906,Sports Communication,2,0.09
Frequencies,301,11391,CIPCODE3,09.0907,International and Intercultural Communication,1,0.05
Frequencies,302,11391,CIPCODE3,10.0203,Recording Arts Technology/Technician,2,0.09
Frequencies,303,11391,CIPCODE3,10.0304,"Animation, Interactive Technology, Video Graphics, and Special Effects",1,0.05
Frequencies,304,11391,CIPCODE3,10.0305,"Graphic and Printing Equipment Operator, General Production",1,0.05
Frequencies,305,11391,CIPCODE3,11.0101,"Computer and Information Sciences, General",2,0.09
Frequencies,306,11391,CIPCODE3,11.0103,Information Technology,2,0.09
Frequencies,307,11391,CIPCODE3,11.0199,"Computer and Information Sciences,  Other",1,0.05
Frequencies,308,11391,CIPCODE3,11.0201,"Computer Programming/Programmer, General",2,0.09
Frequencies,309,11391,CIPCODE3,11.0299,"Computer Programming, Other",1,0.05
Frequencies,310,11391,CIPCODE3,11.0601,"Data Entry/Microcomputer Applications, General",1,0.05
Frequencies,311,11391,CIPCODE3,11.0801,"Web Page, Digital/Multimedia and Information Resources Design",1,0.05
Frequencies,312,11391,CIPCODE3,11.0901,Computer Systems Networking and Telecommunications,10,0.45
Frequencies,313,11391,CIPCODE3,11.1001,Network and System Administration/Administrator,8,0.36
Frequencies,314,11391,CIPCODE3,11.1002,"System, Networking, and LAN/WAN Management/Manager",1,0.05
Frequencies,315,11391,CIPCODE3,11.1003,Computer and Information Systems Security/Auditing/Information Assurance,3,0.14000000000000001
Frequencies,316,11391,CIPCODE3,11.1004,Web/Multimedia Management and Webmaster,1,0.05
Frequencies,317,11391,CIPCODE3,11.1006,Computer Support Specialist,5,0.23
Frequencies,318,11391,CIPCODE3,12.0399,"Funeral Service and Mortuary Science, Other",2,0.09
Frequencies,319,11391,CIPCODE3,12.0401,"Cosmetology/Cosmetologist, General",63,2.84
Frequencies,320,11391,CIPCODE3,12.0402,Barbering/Barber,93,4.1900000000000004
Frequencies,321,11391,CIPCODE3,12.0404,Electrolysis/Electrology and Electrolysis Technician,1,0.05
Frequencies,322,11391,CIPCODE3,12.0406,Make-Up Artist/Specialist,3,0.14000000000000001
Frequencies,323,11391,CIPCODE3,12.0407,Hair Styling/Stylist and Hair Design,24,1.08
Frequencies,324,11391,CIPCODE3,12.0408,Facial Treatment Specialist/Facialist,15,0.68
Frequencies,325,11391,CIPCODE3,12.0409,Aesthetician/Esthetician and Skin Care Specialist,133,5.99
Frequencies,326,11391,CIPCODE3,12.0410,Nail Technician/Specialist and Manicurist,157,7.07
Frequencies,327,11391,CIPCODE3,12.0412,Salon/Beauty Salon Management/Manager,1,0.05
Frequencies,328,11391,CIPCODE3,12.0413,"Cosmetology, Barber/Styling, and Nail Instructor",146,6.57
Frequencies,329,11391,CIPCODE3,12.0414,Master Aesthetician/Esthetician,19,0.86
Frequencies,330,11391,CIPCODE3,12.0499,"Cosmetology and Related Personal Grooming Arts, Other",10,0.45
Frequencies,331,11391,CIPCODE3,12.0501,Baking and Pastry Arts/Baker/Pastry Chef,3,0.14000000000000001
Frequencies,332,11391,CIPCODE3,12.0503,Culinary Arts/Chef Training,7,0.32
Frequencies,333,11391,CIPCODE3,12.0602,Casino Dealing,1,0.05
Frequencies,334,11391,CIPCODE3,13.1207,Montessori Teacher Education,1,0.05
Frequencies,335,11391,CIPCODE3,13.1320,Trade and Industrial Teacher Education,1,0.05
Frequencies,336,11391,CIPCODE3,13.1399,"Teacher Education and Professional Development, Specific Subject Areas, Other",2,0.09
Frequencies,337,11391,CIPCODE3,14.0102,Pre-Engineering,1,0.05
Frequencies,338,11391,CIPCODE3,15.0303,"Electrical, Electronic, and Communications Engineering Technology/Technician",1,0.05
Frequencies,339,11391,CIPCODE3,15.0403,Electromechanical/Electromechanical Engineering Technology/Technician,2,0.09
Frequencies,340,11391,CIPCODE3,15.0501,"Heating, Ventilation, Air Conditioning and Refrigeration Engineering Technology/Technician",13,0.59
Frequencies,341,11391,CIPCODE3,15.0607,Plastics and Polymer Engineering Technology/Technician,1,0.05
Frequencies,342,11391,CIPCODE3,15.0617,Composite Materials Technology/Technician,1,0.05
Frequencies,343,11391,CIPCODE3,15.0803,Automotive Engineering Technology/Technician,1,0.05
Frequencies,344,11391,CIPCODE3,15.1703,Solar Energy Technology/Technician,1,0.05
Frequencies,345,11391,CIPCODE3,16.1701,English as a Second Language,1,0.05
Frequencies,346,11391,CIPCODE3,19.0709,Child Care Provider/Assistant,1,0.05
Frequencies,347,11391,CIPCODE3,22.0302,Legal Assistant/Paralegal,1,0.05
Frequencies,348,11391,CIPCODE3,22.0303,Court Reporting and Captioning/Court Reporter,2,0.09
Frequencies,349,11391,CIPCODE3,23.0101,"English Language and Literature, General",1,0.05
Frequencies,350,11391,CIPCODE3,31.0507,Physical Fitness Technician,2,0.09
Frequencies,351,11391,CIPCODE3,42.0101,"Psychology, General",1,0.05
Frequencies,352,11391,CIPCODE3,43.0103,Criminal Justice/Law Enforcement Administration,1,0.05
Frequencies,353,11391,CIPCODE3,43.0104,Criminal Justice/Safety Studies,1,0.05
Frequencies,354,11391,CIPCODE3,43.0107,Criminal Justice/Police Science,6,0.27
Frequencies,355,11391,CIPCODE3,43.0203,Fire Science/Fire-fighting,6,0.27
Frequencies,356,11391,CIPCODE3,43.9999,"Homeland Security, Law Enforcement, Firefighting and Related Protective Services, Other",1,0.05
Frequencies,357,11391,CIPCODE3,44.0000,"Human Services, General",1,0.05
Frequencies,358,11391,CIPCODE3,46.0000,"Construction Trades, General",1,0.05
Frequencies,359,11391,CIPCODE3,46.0201,Carpentry/Carpenter,2,0.09
Frequencies,360,11391,CIPCODE3,46.0302,Electrician,15,0.68
Frequencies,361,11391,CIPCODE3,46.0303,Lineworker,2,0.09
Frequencies,362,11391,CIPCODE3,46.0399,"Electrical and Power Transmission Installers, Other",2,0.09
Frequencies,363,11391,CIPCODE3,46.0401,Building/Property Maintenance,2,0.09
Frequencies,364,11391,CIPCODE3,46.0415,Building Construction Technology/Technician,2,0.09
Frequencies,365,11391,CIPCODE3,46.0503,Plumbing Technology/Plumber,1,0.05
Frequencies,366,11391,CIPCODE3,47.0101,"Electrical/Electronics Equipment Installation and Repair Technology/Technician, General",3,0.14000000000000001
Frequencies,367,11391,CIPCODE3,47.0103,Communications Systems Installation and Repair Technology/Technician,1,0.05
Frequencies,368,11391,CIPCODE3,47.0104,Computer Installation and Repair Technology/Technician,1,0.05
Frequencies,369,11391,CIPCODE3,47.0105,Industrial Electronics Technology/Technician,1,0.05
Frequencies,370,11391,CIPCODE3,47.0110,"Security System Installation, Repair, and Inspection Technology/Technician",1,0.05
Frequencies,371,11391,CIPCODE3,47.0201,"Heating, Air Conditioning, Ventilation and Refrigeration Maintenance Technology/Technician",35,1.58
Frequencies,372,11391,CIPCODE3,47.0302,Heavy Equipment Maintenance Technology/Technician,2,0.09
Frequencies,373,11391,CIPCODE3,47.0303,Industrial Mechanics and Maintenance Technology/Technician,6,0.27
Frequencies,374,11391,CIPCODE3,47.0403,Locksmithing and Safe Repair,1,0.05
Frequencies,375,11391,CIPCODE3,47.0408,Watchmaking and Jewelrymaking,1,0.05
Frequencies,376,11391,CIPCODE3,47.0603,Autobody/Collision and Repair Technology/Technician,4,0.18
Frequencies,377,11391,CIPCODE3,47.0604,Automobile/Automotive Mechanics Technology/Technician,31,1.4
Frequencies,378,11391,CIPCODE3,47.0605,Diesel Mechanics Technology/Technician,9,0.41
Frequencies,379,11391,CIPCODE3,47.0607,Airframe Mechanics and Aircraft Maintenance Technology/Technician,3,0.14000000000000001
Frequencies,380,11391,CIPCODE3,47.0609,Avionics Maintenance Technology/Technician,3,0.14000000000000001
Frequencies,381,11391,CIPCODE3,47.0613,Medium/Heavy Vehicle and Truck Technology/Technician,4,0.18
Frequencies,382,11391,CIPCODE3,47.0616,Marine Maintenance/Fitter and Ship Repair Technology/Technician,1,0.05
Frequencies,383,11391,CIPCODE3,48.0501,Machine Tool Technology/Machinist,2,0.09
Frequencies,384,11391,CIPCODE3,48.0503,Machine Shop Technology/Assistant,2,0.09
Frequencies,385,11391,CIPCODE3,48.0508,Welding Technology/Welder,48,2.16
Frequencies,386,11391,CIPCODE3,48.0510,Computer Numerically Controlled (CNC) Machinist Technology/CNC Machinist,2,0.09
Frequencies,387,11391,CIPCODE3,49.0102,Airline/Commercial/Professional Pilot and Flight Crew,1,0.05
Frequencies,388,11391,CIPCODE3,49.0202,Construction/Heavy Equipment/Earthmoving Equipment Operation,2,0.09
Frequencies,389,11391,CIPCODE3,49.0205,Truck and Bus Driver/Commercial Vehicle Operator and Instructor,5,0.23
Frequencies,390,11391,CIPCODE3,49.0208,Railroad and Railway Transportation,1,0.05
Frequencies,391,11391,CIPCODE3,50.0102,Digital Arts,1,0.05
Frequencies,392,11391,CIPCODE3,50.0409,Graphic Design,2,0.09
Frequencies,393,11391,CIPCODE3,50.0601,Film/Cinema/Media Studies,1,0.05
Frequencies,394,11391,CIPCODE3,50.0699,"Film/Video and Photographic Arts, Other",1,0.05
Frequencies,395,11391,CIPCODE3,50.0713,Jewelry Arts,2,0.09
Frequencies,396,11391,CIPCODE3,50.0913,Music Technology,2,0.09
Frequencies,397,11391,CIPCODE3,50.1099,"Arts, Entertainment, and Media Management, Other",2,0.09
Frequencies,398,11391,CIPCODE3,51.0000,"Health Services/Allied Health/Health Sciences, General",1,0.05
Frequencies,399,11391,CIPCODE3,51.0001,"Health and Wellness, General",1,0.05
Frequencies,400,11391,CIPCODE3,51.0601,Dental Assisting/Assistant,60,2.7
Frequencies,401,11391,CIPCODE3,51.0602,Dental Hygiene/Hygienist,2,0.09
Frequencies,402,11391,CIPCODE3,51.0701,Health/Health Care Administration/Management,3,0.14000000000000001
Frequencies,403,11391,CIPCODE3,51.0705,Medical Office Management/Administration,2,0.09
Frequencies,404,11391,CIPCODE3,51.0706,Health Information/Medical Records Administration/Administrator,1,0.05
Frequencies,405,11391,CIPCODE3,51.0707,Health Information/Medical Records Technology/Technician,3,0.14000000000000001
Frequencies,406,11391,CIPCODE3,51.0710,Medical Office Assistant/Specialist,19,0.86
Frequencies,407,11391,CIPCODE3,51.0711,Medical/Health Management and Clinical Assistant/Specialist,1,0.05
Frequencies,408,11391,CIPCODE3,51.0713,Medical Insurance Coding Specialist/Coder,18,0.81
Frequencies,409,11391,CIPCODE3,51.0714,Medical Insurance Specialist/Medical Biller,12,0.54
Frequencies,410,11391,CIPCODE3,51.0716,Medical Administrative/Executive Assistant and Medical Secretary,3,0.14000000000000001
Frequencies,411,11391,CIPCODE3,51.0799,"Health and Medical Administrative Services, Other",2,0.09
Frequencies,412,11391,CIPCODE3,51.0801,Medical/Clinical Assistant,64,2.88
Frequencies,413,11391,CIPCODE3,51.0802,Clinical/Medical Laboratory Assistant,2,0.09
Frequencies,414,11391,CIPCODE3,51.0803,Occupational Therapist Assistant,2,0.09
Frequencies,415,11391,CIPCODE3,51.0805,Pharmacy Technician/Assistant,26,1.17
Frequencies,416,11391,CIPCODE3,51.0806,Physical Therapy Assistant,5,0.23
Frequencies,417,11391,CIPCODE3,51.0810,Emergency Care Attendant (EMT Ambulance),2,0.09
Frequencies,418,11391,CIPCODE3,51.0899,"Allied Health and Medical Assisting Services, Other",5,0.23
Frequencies,419,11391,CIPCODE3,51.0902,Electrocardiograph Technology/Technician,2,0.09
Frequencies,420,11391,CIPCODE3,51.0904,Emergency Medical Technology/Technician (EMT Paramedic),7,0.32
Frequencies,421,11391,CIPCODE3,51.0908,Respiratory Care Therapy/Therapist,7,0.32
Frequencies,422,11391,CIPCODE3,51.0909,Surgical Technology/Technologist,17,0.77
Frequencies,423,11391,CIPCODE3,51.0910,Diagnostic Medical Sonography/Sonographer and Ultrasound Technician,3,0.14000000000000001
Frequencies,424,11391,CIPCODE3,51.0911,Radiologic Technology/Science - Radiographer,5,0.23
Frequencies,425,11391,CIPCODE3,51.0920,Magnetic Resonance Imaging (MRI) Technology/Technician,2,0.09
Frequencies,426,11391,CIPCODE3,51.1001,Blood Bank Technology Specialist,1,0.05
Frequencies,427,11391,CIPCODE3,51.1004,Clinical/Medical Laboratory Technician,2,0.09
Frequencies,428,11391,CIPCODE3,51.1009,Phlebotomy Technician/Phlebotomist,10,0.45
Frequencies,429,11391,CIPCODE3,51.1011,Renal/Dialysis Technologist/Technician,1,0.05
Frequencies,430,11391,CIPCODE3,51.1012,Sterile Processing Technology/Technician,2,0.09
Frequencies,431,11391,CIPCODE3,51.1501,Substance Abuse/Addiction Counseling,4,0.18
Frequencies,432,11391,CIPCODE3,51.1502,Psychiatric/Mental Health Services Technician,1,0.05
Frequencies,433,11391,CIPCODE3,51.2201,"Public Health, General",1,0.05
Frequencies,434,11391,CIPCODE3,51.2399,"Rehabilitation and Therapeutic Professions, Other",2,0.09
Frequencies,435,11391,CIPCODE3,51.2602,Home Health Aide/Home Attendant,1,0.05
Frequencies,436,11391,CIPCODE3,51.3101,Dietetics/Dietitian,1,0.05
Frequencies,437,11391,CIPCODE3,51.3202,Health Professions Education,1,0.05
Frequencies,438,11391,CIPCODE3,51.3203,Nursing Education,2,0.09
Frequencies,439,11391,CIPCODE3,51.3305,Ayurvedic Medicine/Ayurveda,1,0.05
Frequencies,440,11391,CIPCODE3,51.3501,Massage Therapy/Therapeutic Massage,64,2.88
Frequencies,441,11391,CIPCODE3,51.3503,Somatic Bodywork,1,0.05
Frequencies,442,11391,CIPCODE3,51.3801,Registered Nursing/Registered Nurse,7,0.32
Frequencies,443,11391,CIPCODE3,51.3901,Licensed Practical/Vocational Nurse Training,17,0.77
Frequencies,444,11391,CIPCODE3,51.3902,Nursing Assistant/Aide and Patient Care Assistant/Aide,22,0.99
Frequencies,445,11391,CIPCODE3,51.3999,"Practical Nursing, Vocational Nursing and Nursing Assistants, Other",2,0.09
Frequencies,446,11391,CIPCODE3,51.9999,"Health Professions and Related Clinical Sciences, Other",1,0.05
Frequencies,447,11391,CIPCODE3,52.0201,"Business Administration and Management, General",9,0.41
Frequencies,448,11391,CIPCODE3,52.0299,"Business Administration, Management and Operations, Other",1,0.05
Frequencies,449,11391,CIPCODE3,52.0302,Accounting Technology/Technician and Bookkeeping,3,0.14000000000000001
Frequencies,450,11391,CIPCODE3,52.0401,"Administrative Assistant and Secretarial Science, General",2,0.09
Frequencies,451,11391,CIPCODE3,52.0407,Business/Office Automation/Technology/Data Entry,2,0.09
Frequencies,452,11391,CIPCODE3,52.0408,General Office Occupations and Clerical Services,8,0.36
Frequencies,453,11391,CIPCODE3,52.0410,"Traffic, Customs, and Transportation Clerk/Technician",1,0.05
Frequencies,454,11391,CIPCODE3,-2,Not applicable,775,34.880000000000003
Frequencies,455,11408,PRGMSR3,1,Clock hours,1069,48.11
Frequencies,456,11408,PRGMSR3,2,Credit hours,378,17.010000000000002
Frequencies,457,11408,PRGMSR3,-2,Not applicable,775,34.880000000000003
Frequencies,458,11411,CIPCODE4,01.0504,Dog/Pet/Animal Grooming,1,0.05
Frequencies,459,11411,CIPCODE4,01.8101,"Veterinary Sciences/Veterinary Clinical Sciences, General",1,0.05
Frequencies,460,11411,CIPCODE4,01.8301,Veterinary/Animal Health Technology/Technician and Veterinary Assistant,9,0.41
Frequencies,461,11411,CIPCODE4,09.0799,"Radio, Television, and Digital Communication, Other",1,0.05
Frequencies,462,11411,CIPCODE4,09.0900,"Public Relations, Advertising, and Applied Communication",2,0.09
Frequencies,463,11411,CIPCODE4,09.0906,Sports Communication,4,0.18
Frequencies,464,11411,CIPCODE4,10.0203,Recording Arts Technology/Technician,3,0.14000000000000001
Frequencies,465,11411,CIPCODE4,10.0301,"Graphic Communications, General",1,0.05
Frequencies,466,11411,CIPCODE4,11.0103,Information Technology,1,0.05
Frequencies,467,11411,CIPCODE4,11.0401,Information Science/Studies,1,0.05
Frequencies,468,11411,CIPCODE4,11.0501,Computer Systems Analysis/Analyst,1,0.05
Frequencies,469,11411,CIPCODE4,11.0801,"Web Page, Digital/Multimedia and Information Resources Design",1,0.05
Frequencies,470,11411,CIPCODE4,11.0901,Computer Systems Networking and Telecommunications,4,0.18
Frequencies,471,11411,CIPCODE4,11.1001,Network and System Administration/Administrator,4,0.18
Frequencies,472,11411,CIPCODE4,11.1002,"System, Networking, and LAN/WAN Management/Manager",3,0.14000000000000001
Frequencies,473,11411,CIPCODE4,11.1006,Computer Support Specialist,5,0.23
Frequencies,474,11411,CIPCODE4,11.1099,"Computer/Information Technology Services Administration and Management, Other",2,0.09
Frequencies,475,11411,CIPCODE4,11.9999,"Computer and Information Sciences and Support Services, Other",1,0.05
Frequencies,476,11411,CIPCODE4,12.0401,"Cosmetology/Cosmetologist, General",43,1.94
Frequencies,477,11411,CIPCODE4,12.0402,Barbering/Barber,53,2.39
Frequencies,478,11411,CIPCODE4,12.0404,Electrolysis/Electrology and Electrolysis Technician,4,0.18
Frequencies,479,11411,CIPCODE4,12.0406,Make-Up Artist/Specialist,4,0.18
Frequencies,480,11411,CIPCODE4,12.0407,Hair Styling/Stylist and Hair Design,17,0.77
Frequencies,481,11411,CIPCODE4,12.0408,Facial Treatment Specialist/Facialist,8,0.36
Frequencies,482,11411,CIPCODE4,12.0409,Aesthetician/Esthetician and Skin Care Specialist,47,2.12
Frequencies,483,11411,CIPCODE4,12.0410,Nail Technician/Specialist and Manicurist,127,5.72
Frequencies,484,11411,CIPCODE4,12.0412,Salon/Beauty Salon Management/Manager,4,0.18
Frequencies,485,11411,CIPCODE4,12.0413,"Cosmetology, Barber/Styling, and Nail Instructor",136,6.12
Frequencies,486,11411,CIPCODE4,12.0414,Master Aesthetician/Esthetician,5,0.23
Frequencies,487,11411,CIPCODE4,12.0499,"Cosmetology and Related Personal Grooming Arts, Other",20,0.9
Frequencies,488,11411,CIPCODE4,12.0500,"Cooking and Related Culinary Arts, General",3,0.14000000000000001
Frequencies,489,11411,CIPCODE4,12.0501,Baking and Pastry Arts/Baker/Pastry Chef,2,0.09
Frequencies,490,11411,CIPCODE4,12.0502,Bartending/Bartender,1,0.05
Frequencies,491,11411,CIPCODE4,12.0503,Culinary Arts/Chef Training,3,0.14000000000000001
Frequencies,492,11411,CIPCODE4,12.0504,"Restaurant, Culinary, and Catering Management/Manager",2,0.09
Frequencies,493,11411,CIPCODE4,12.9999,"Culinary, Entertainment, and Personal Services, Other",1,0.05
Frequencies,494,11411,CIPCODE4,13.1206,"Teacher Education, Multiple Levels",2,0.09
Frequencies,495,11411,CIPCODE4,13.1210,Early Childhood Education and Teaching,2,0.09
Frequencies,496,11411,CIPCODE4,13.1319,Technical Teacher Education,1,0.05
Frequencies,497,11411,CIPCODE4,13.1399,"Teacher Education and Professional Development, Specific Subject Areas, Other",1,0.05
Frequencies,498,11411,CIPCODE4,14.0901,"Computer Engineering, General",1,0.05
Frequencies,499,11411,CIPCODE4,15.0303,"Electrical, Electronic, and Communications Engineering Technology/Technician",3,0.14000000000000001
Frequencies,500,11411,CIPCODE4,15.0403,Electromechanical/Electromechanical Engineering Technology/Technician,1,0.05
Frequencies,501,11411,CIPCODE4,15.0501,"Heating, Ventilation, Air Conditioning and Refrigeration Engineering Technology/Technician",13,0.59
Frequencies,502,11411,CIPCODE4,15.0614,Welding Engineering Technology/Technician,1,0.05
Frequencies,503,11411,CIPCODE4,15.0803,Automotive Engineering Technology/Technician,1,0.05
Frequencies,504,11411,CIPCODE4,15.1201,Computer Engineering Technology/Technician,1,0.05
Frequencies,505,11411,CIPCODE4,15.1202,Computer/Computer Systems Technology/Technician,2,0.09
Frequencies,506,11411,CIPCODE4,15.1302,CAD/CADD Drafting and/or Design Technology/Technician,1,0.05
Frequencies,507,11411,CIPCODE4,16.1701,English as a Second Language,1,0.05
Frequencies,508,11411,CIPCODE4,19.0501,"Foods, Nutrition, and Wellness Studies, General",1,0.05
Frequencies,509,11411,CIPCODE4,19.0709,Child Care Provider/Assistant,2,0.09
Frequencies,510,11411,CIPCODE4,22.0303,Court Reporting and Captioning/Court Reporter,1,0.05
Frequencies,511,11411,CIPCODE4,30.1901,Nutrition Sciences,1,0.05
Frequencies,512,11411,CIPCODE4,31.0504,Sport and Fitness Administration/Management,1,0.05
Frequencies,513,11411,CIPCODE4,43.0102,Corrections,1,0.05
Frequencies,514,11411,CIPCODE4,43.0103,Criminal Justice/Law Enforcement Administration,1,0.05
Frequencies,515,11411,CIPCODE4,43.0107,Criminal Justice/Police Science,3,0.14000000000000001
Frequencies,516,11411,CIPCODE4,43.0199,"Corrections and Criminal Justice, Other",1,0.05
Frequencies,517,11411,CIPCODE4,43.0203,Fire Science/Fire-fighting,2,0.09
Frequencies,518,11411,CIPCODE4,43.0403,Cyber/Computer Forensics and Counterterrorism,1,0.05
Frequencies,519,11411,CIPCODE4,46.0000,"Construction Trades, General",1,0.05
Frequencies,520,11411,CIPCODE4,46.0201,Carpentry/Carpenter,3,0.14000000000000001
Frequencies,521,11411,CIPCODE4,46.0301,"Electrical and Power Transmission Installation/Installer, General",1,0.05
Frequencies,522,11411,CIPCODE4,46.0302,Electrician,19,0.86
Frequencies,523,11411,CIPCODE4,46.0303,Lineworker,2,0.09
Frequencies,524,11411,CIPCODE4,46.0399,"Electrical and Power Transmission Installers, Other",1,0.05
Frequencies,525,11411,CIPCODE4,46.0401,Building/Property Maintenance,3,0.14000000000000001
Frequencies,526,11411,CIPCODE4,46.0402,Concrete Finishing/Concrete Finisher,1,0.05
Frequencies,527,11411,CIPCODE4,46.0415,Building Construction Technology/Technician,1,0.05
Frequencies,528,11411,CIPCODE4,46.0503,Plumbing Technology/Plumber,2,0.09
Frequencies,529,11411,CIPCODE4,46.9999,"Construction Trades, Other",1,0.05
Frequencies,530,11411,CIPCODE4,47.0101,"Electrical/Electronics Equipment Installation and Repair Technology/Technician, General",3,0.14000000000000001
Frequencies,531,11411,CIPCODE4,47.0103,Communications Systems Installation and Repair Technology/Technician,2,0.09
Frequencies,532,11411,CIPCODE4,47.0104,Computer Installation and Repair Technology/Technician,3,0.14000000000000001
Frequencies,533,11411,CIPCODE4,47.0106,Appliance Installation and Repair Technology/Technician,1,0.05
Frequencies,534,11411,CIPCODE4,47.0201,"Heating, Air Conditioning, Ventilation and Refrigeration Maintenance Technology/Technician",25,1.1299999999999999
Frequencies,535,11411,CIPCODE4,47.0303,Industrial Mechanics and Maintenance Technology/Technician,8,0.36
Frequencies,536,11411,CIPCODE4,47.0402,Gunsmithing/Gunsmith,1,0.05
Frequencies,537,11411,CIPCODE4,47.0404,Musical Instrument Fabrication and Repair,1,0.05
Frequencies,538,11411,CIPCODE4,47.0408,Watchmaking and Jewelrymaking,1,0.05
Frequencies,539,11411,CIPCODE4,47.0600,"Vehicle Maintenance and Repair Technology/Technician, General",1,0.05
Frequencies,540,11411,CIPCODE4,47.0603,Autobody/Collision and Repair Technology/Technician,8,0.36
Frequencies,541,11411,CIPCODE4,47.0604,Automobile/Automotive Mechanics Technology/Technician,29,1.31
Frequencies,542,11411,CIPCODE4,47.0605,Diesel Mechanics Technology/Technician,8,0.36
Frequencies,543,11411,CIPCODE4,47.0613,Medium/Heavy Vehicle and Truck Technology/Technician,3,0.14000000000000001
Frequencies,544,11411,CIPCODE4,47.0617,High Performance and Custom Engine Technician/Mechanic,1,0.05
Frequencies,545,11411,CIPCODE4,48.0000,"Precision Production Trades, General",1,0.05
Frequencies,546,11411,CIPCODE4,48.0501,Machine Tool Technology/Machinist,5,0.23
Frequencies,547,11411,CIPCODE4,48.0508,Welding Technology/Welder,28,1.26
Frequencies,548,11411,CIPCODE4,48.0510,Computer Numerically Controlled (CNC) Machinist Technology/CNC Machinist,2,0.09
Frequencies,549,11411,CIPCODE4,48.0511,Metal Fabricator,2,0.09
Frequencies,550,11411,CIPCODE4,48.9999,"Precision Production, Other",1,0.05
Frequencies,551,11411,CIPCODE4,49.0102,Airline/Commercial/Professional Pilot and Flight Crew,1,0.05
Frequencies,552,11411,CIPCODE4,49.0205,Truck and Bus Driver/Commercial Vehicle Operator and Instructor,8,0.36
Frequencies,553,11411,CIPCODE4,49.0299,"Ground Transportation, Other",1,0.05
Frequencies,554,11411,CIPCODE4,50.0102,Digital Arts,1,0.05
Frequencies,555,11411,CIPCODE4,50.0406,Commercial Photography,1,0.05
Frequencies,556,11411,CIPCODE4,50.0408,Interior Design,1,0.05
Frequencies,557,11411,CIPCODE4,50.0602,Cinematography and Film/Video Production,3,0.14000000000000001
Frequencies,558,11411,CIPCODE4,50.0713,Jewelry Arts,2,0.09
Frequencies,559,11411,CIPCODE4,50.0903,"Music Performance, General",1,0.05
Frequencies,560,11411,CIPCODE4,50.1099,"Arts, Entertainment, and Media Management, Other",1,0.05
Frequencies,561,11411,CIPCODE4,51.0000,"Health Services/Allied Health/Health Sciences, General",1,0.05
Frequencies,562,11411,CIPCODE4,51.0001,"Health and Wellness, General",1,0.05
Frequencies,563,11411,CIPCODE4,51.0601,Dental Assisting/Assistant,45,2.0299999999999998
Frequencies,564,11411,CIPCODE4,51.0602,Dental Hygiene/Hygienist,5,0.23
Frequencies,565,11411,CIPCODE4,51.0701,Health/Health Care Administration/Management,3,0.14000000000000001
Frequencies,566,11411,CIPCODE4,51.0706,Health Information/Medical Records Administration/Administrator,2,0.09
Frequencies,567,11411,CIPCODE4,51.0707,Health Information/Medical Records Technology/Technician,5,0.23
Frequencies,568,11411,CIPCODE4,51.0710,Medical Office Assistant/Specialist,12,0.54
Frequencies,569,11411,CIPCODE4,51.0711,Medical/Health Management and Clinical Assistant/Specialist,3,0.14000000000000001
Frequencies,570,11411,CIPCODE4,51.0712,Medical Reception/Receptionist,1,0.05
Frequencies,571,11411,CIPCODE4,51.0713,Medical Insurance Coding Specialist/Coder,25,1.1299999999999999
Frequencies,572,11411,CIPCODE4,51.0714,Medical Insurance Specialist/Medical Biller,16,0.72
Frequencies,573,11411,CIPCODE4,51.0716,Medical Administrative/Executive Assistant and Medical Secretary,7,0.32
Frequencies,574,11411,CIPCODE4,51.0799,"Health and Medical Administrative Services, Other",3,0.14000000000000001
Frequencies,575,11411,CIPCODE4,51.0801,Medical/Clinical Assistant,30,1.35
Frequencies,576,11411,CIPCODE4,51.0803,Occupational Therapist Assistant,3,0.14000000000000001
Frequencies,577,11411,CIPCODE4,51.0805,Pharmacy Technician/Assistant,27,1.22
Frequencies,578,11411,CIPCODE4,51.0806,Physical Therapy Assistant,7,0.32
Frequencies,579,11411,CIPCODE4,51.0810,Emergency Care Attendant (EMT Ambulance),2,0.09
Frequencies,580,11411,CIPCODE4,51.0901,Cardiovascular Technology/Technologist,1,0.05
Frequencies,581,11411,CIPCODE4,51.0902,Electrocardiograph Technology/Technician,1,0.05
Frequencies,582,11411,CIPCODE4,51.0904,Emergency Medical Technology/Technician (EMT Paramedic),6,0.27
Frequencies,583,11411,CIPCODE4,51.0908,Respiratory Care Therapy/Therapist,4,0.18
Frequencies,584,11411,CIPCODE4,51.0909,Surgical Technology/Technologist,12,0.54
Frequencies,585,11411,CIPCODE4,51.0910,Diagnostic Medical Sonography/Sonographer and Ultrasound Technician,7,0.32
Frequencies,586,11411,CIPCODE4,51.0911,Radiologic Technology/Science - Radiographer,5,0.23
Frequencies,587,11411,CIPCODE4,51.0913,Athletic Training/Trainer,1,0.05
Frequencies,588,11411,CIPCODE4,51.0917,Polysomnography,1,0.05
Frequencies,589,11411,CIPCODE4,51.0920,Magnetic Resonance Imaging (MRI) Technology/Technician,3,0.14000000000000001
Frequencies,590,11411,CIPCODE4,51.1001,Blood Bank Technology Specialist,1,0.05
Frequencies,591,11411,CIPCODE4,51.1004,Clinical/Medical Laboratory Technician,1,0.05
Frequencies,592,11411,CIPCODE4,51.1005,Clinical Laboratory Science/Medical Technology/Technologist,1,0.05
Frequencies,593,11411,CIPCODE4,51.1009,Phlebotomy Technician/Phlebotomist,9,0.41
Frequencies,594,11411,CIPCODE4,51.1012,Sterile Processing Technology/Technician,3,0.14000000000000001
Frequencies,595,11411,CIPCODE4,51.1501,Substance Abuse/Addiction Counseling,2,0.09
Frequencies,596,11411,CIPCODE4,51.1502,Psychiatric/Mental Health Services Technician,2,0.09
Frequencies,597,11411,CIPCODE4,51.2211,Health Services Administration,1,0.05
Frequencies,598,11411,CIPCODE4,51.2602,Home Health Aide/Home Attendant,2,0.09
Frequencies,599,11411,CIPCODE4,51.2603,Medication Aide,1,0.05
Frequencies,600,11411,CIPCODE4,51.2699,"Health Aides/Attendants/Orderlies, Other",1,0.05
Frequencies,601,11411,CIPCODE4,51.3301,Acupuncture and Oriental Medicine,1,0.05
Frequencies,602,11411,CIPCODE4,51.3501,Massage Therapy/Therapeutic Massage,35,1.58
Frequencies,603,11411,CIPCODE4,51.3599,"Somatic Bodywork and Related Therapeutic Services, Other",1,0.05
Frequencies,604,11411,CIPCODE4,51.3703,Polarity Therapy,3,0.14000000000000001
Frequencies,605,11411,CIPCODE4,51.3801,Registered Nursing/Registered Nurse,13,0.59
Frequencies,606,11411,CIPCODE4,51.3901,Licensed Practical/Vocational Nurse Training,14,0.63
Frequencies,607,11411,CIPCODE4,51.3902,Nursing Assistant/Aide and Patient Care Assistant/Aide,18,0.81
Frequencies,608,11411,CIPCODE4,51.3999,"Practical Nursing, Vocational Nursing and Nursing Assistants, Other",3,0.14000000000000001
Frequencies,609,11411,CIPCODE4,52.0201,"Business Administration and Management, General",6,0.27
Frequencies,610,11411,CIPCODE4,52.0203,"Logistics, Materials, and Supply Chain Management",1,0.05
Frequencies,611,11411,CIPCODE4,52.0299,"Business Administration, Management and Operations, Other",1,0.05
Frequencies,612,11411,CIPCODE4,52.0301,Accounting,1,0.05
Frequencies,613,11411,CIPCODE4,52.0302,Accounting Technology/Technician and Bookkeeping,2,0.09
Frequencies,614,11411,CIPCODE4,52.0305,Accounting and Business/Management,1,0.05
Frequencies,615,11411,CIPCODE4,52.0399,"Accounting and Related Services, Other",1,0.05
Frequencies,616,11411,CIPCODE4,52.0401,"Administrative Assistant and Secretarial Science, General",10,0.45
Frequencies,617,11411,CIPCODE4,52.0402,Executive Assistant/Executive Secretary,1,0.05
Frequencies,618,11411,CIPCODE4,52.0407,Business/Office Automation/Technology/Data Entry,2,0.09
Frequencies,619,11411,CIPCODE4,52.0408,General Office Occupations and Clerical Services,4,0.18
Frequencies,620,11411,CIPCODE4,52.1201,"Management Information Systems, General",1,0.05
Frequencies,621,11411,CIPCODE4,52.1401,"Marketing/Marketing Management, General",2,0.09
Frequencies,622,11411,CIPCODE4,-2,Not applicable,1078,48.51
Frequencies,623,11428,PRGMSR4,1,Clock hours,822,36.99
Frequencies,624,11428,PRGMSR4,2,Credit hours,322,14.49
Frequencies,625,11428,PRGMSR4,-2,Not applicable,1078,48.51
Frequencies,626,11431,CIPCODE5,01.0601,"Applied Horticulture/Horticulture Operations, General",1,0.05
Frequencies,627,11431,CIPCODE5,01.8301,Veterinary/Animal Health Technology/Technician and Veterinary Assistant,4,0.18
Frequencies,628,11431,CIPCODE5,09.0702,Digital Communication and Media/Multimedia,4,0.18
Frequencies,629,11431,CIPCODE5,09.0900,"Public Relations, Advertising, and Applied Communication",3,0.14000000000000001
Frequencies,630,11431,CIPCODE5,10.0203,Recording Arts Technology/Technician,1,0.05
Frequencies,631,11431,CIPCODE5,10.0301,"Graphic Communications, General",1,0.05
Frequencies,632,11431,CIPCODE5,10.0303,Prepress/Desktop Publishing and Digital Imaging Design,1,0.05
Frequencies,633,11431,CIPCODE5,10.0304,"Animation, Interactive Technology, Video Graphics, and Special Effects",1,0.05
Frequencies,634,11431,CIPCODE5,11.0101,"Computer and Information Sciences, General",3,0.14000000000000001
Frequencies,635,11431,CIPCODE5,11.0103,Information Technology,2,0.09
Frequencies,636,11431,CIPCODE5,11.0801,"Web Page, Digital/Multimedia and Information Resources Design",1,0.05
Frequencies,637,11431,CIPCODE5,11.0901,Computer Systems Networking and Telecommunications,7,0.32
Frequencies,638,11431,CIPCODE5,11.1001,Network and System Administration/Administrator,3,0.14000000000000001
Frequencies,639,11431,CIPCODE5,11.1003,Computer and Information Systems Security/Auditing/Information Assurance,1,0.05
Frequencies,640,11431,CIPCODE5,11.1004,Web/Multimedia Management and Webmaster,1,0.05
Frequencies,641,11431,CIPCODE5,11.1006,Computer Support Specialist,10,0.45
Frequencies,642,11431,CIPCODE5,12.0401,"Cosmetology/Cosmetologist, General",23,1.04
Frequencies,643,11431,CIPCODE5,12.0402,Barbering/Barber,33,1.49
Frequencies,644,11431,CIPCODE5,12.0404,Electrolysis/Electrology and Electrolysis Technician,3,0.14000000000000001
Frequencies,645,11431,CIPCODE5,12.0406,Make-Up Artist/Specialist,5,0.23
Frequencies,646,11431,CIPCODE5,12.0407,Hair Styling/Stylist and Hair Design,16,0.72
Frequencies,647,11431,CIPCODE5,12.0408,Facial Treatment Specialist/Facialist,10,0.45
Frequencies,648,11431,CIPCODE5,12.0409,Aesthetician/Esthetician and Skin Care Specialist,15,0.68
Frequencies,649,11431,CIPCODE5,12.0410,Nail Technician/Specialist and Manicurist,48,2.16
Frequencies,650,11431,CIPCODE5,12.0411,Permanent Cosmetics/Makeup and Tattooing,3,0.14000000000000001
Frequencies,651,11431,CIPCODE5,12.0412,Salon/Beauty Salon Management/Manager,3,0.14000000000000001
Frequencies,652,11431,CIPCODE5,12.0413,"Cosmetology, Barber/Styling, and Nail Instructor",63,2.84
Frequencies,653,11431,CIPCODE5,12.0414,Master Aesthetician/Esthetician,3,0.14000000000000001
Frequencies,654,11431,CIPCODE5,12.0499,"Cosmetology and Related Personal Grooming Arts, Other",13,0.59
Frequencies,655,11431,CIPCODE5,12.0500,"Cooking and Related Culinary Arts, General",3,0.14000000000000001
Frequencies,656,11431,CIPCODE5,12.0501,Baking and Pastry Arts/Baker/Pastry Chef,3,0.14000000000000001
Frequencies,657,11431,CIPCODE5,12.0503,Culinary Arts/Chef Training,4,0.18
Frequencies,658,11431,CIPCODE5,12.0505,Food Preparation/Professional Cooking/Kitchen Assistant,1,0.05
Frequencies,659,11431,CIPCODE5,12.0507,"Food Service, Waiter/Waitress, and Dining Room Management/Manager",1,0.05
Frequencies,660,11431,CIPCODE5,12.0599,"Culinary Arts and Related Services, Other",1,0.05
Frequencies,661,11431,CIPCODE5,13.1210,Early Childhood Education and Teaching,1,0.05
Frequencies,662,11431,CIPCODE5,13.1319,Technical Teacher Education,5,0.23
Frequencies,663,11431,CIPCODE5,13.1399,"Teacher Education and Professional Development, Specific Subject Areas, Other",3,0.14000000000000001
Frequencies,664,11431,CIPCODE5,14.1001,Electrical and Electronics Engineering,2,0.09
Frequencies,665,11431,CIPCODE5,15.0201,Civil Engineering Technologies/Technicians,1,0.05
Frequencies,666,11431,CIPCODE5,15.0404,Instrumentation Technology/Technician,1,0.05
Frequencies,667,11431,CIPCODE5,15.0405,Robotics Technology/Technician,1,0.05
Frequencies,668,11431,CIPCODE5,15.0406,Automation Engineer Technology/Technician,1,0.05
Frequencies,669,11431,CIPCODE5,15.0407,"Mechatronics, Robotics, and Automation Engineering Technology/Technician",1,0.05
Frequencies,670,11431,CIPCODE5,15.0499,"Electromechanical Technologies/Technicians, Other",1,0.05
Frequencies,671,11431,CIPCODE5,15.0501,"Heating, Ventilation, Air Conditioning and Refrigeration Engineering Technology/Technician",6,0.27
Frequencies,672,11431,CIPCODE5,15.0613,Manufacturing Engineering Technology/Technician,1,0.05
Frequencies,673,11431,CIPCODE5,15.1001,Construction Engineering Technology/Technician,1,0.05
Frequencies,674,11431,CIPCODE5,15.1202,Computer/Computer Systems Technology/Technician,2,0.09
Frequencies,675,11431,CIPCODE5,15.1204,Computer Software Technology/Technician,1,0.05
Frequencies,676,11431,CIPCODE5,15.1701,Energy Systems Technology/Technician,1,0.05
Frequencies,677,11431,CIPCODE5,19.0709,Child Care Provider/Assistant,3,0.14000000000000001
Frequencies,678,11431,CIPCODE5,19.0901,"Apparel and Textiles, General",1,0.05
Frequencies,679,11431,CIPCODE5,19.0902,Apparel and Textile Manufacture,1,0.05
Frequencies,680,11431,CIPCODE5,22.0302,Legal Assistant/Paralegal,1,0.05
Frequencies,681,11431,CIPCODE5,23.0101,"English Language and Literature, General",1,0.05
Frequencies,682,11431,CIPCODE5,31.0501,"Sports, Kinesiology, and Physical Education/Fitness, General",1,0.05
Frequencies,683,11431,CIPCODE5,41.0301,Chemical Technology/Technician,1,0.05
Frequencies,684,11431,CIPCODE5,43.0109,Security and Loss Prevention Services,2,0.09
Frequencies,685,11431,CIPCODE5,43.0203,Fire Science/Fire-fighting,2,0.09
Frequencies,686,11431,CIPCODE5,43.0404,Cybersecurity Defense Strategy/Policy,1,0.05
Frequencies,687,11431,CIPCODE5,44.0401,Public Administration,1,0.05
Frequencies,688,11431,CIPCODE5,46.0000,"Construction Trades, General",1,0.05
Frequencies,689,11431,CIPCODE5,46.0101,Mason/Masonry,2,0.09
Frequencies,690,11431,CIPCODE5,46.0201,Carpentry/Carpenter,4,0.18
Frequencies,691,11431,CIPCODE5,46.0302,Electrician,8,0.36
Frequencies,692,11431,CIPCODE5,46.0401,Building/Property Maintenance,1,0.05
Frequencies,693,11431,CIPCODE5,46.0415,Building Construction Technology/Technician,5,0.23
Frequencies,694,11431,CIPCODE5,46.0499,"Building/Construction Finishing, Management, and Inspection, Other",1,0.05
Frequencies,695,11431,CIPCODE5,46.0503,Plumbing Technology/Plumber,3,0.14000000000000001
Frequencies,696,11431,CIPCODE5,46.0599,"Plumbing and Related Water Supply Services, Other",1,0.05
Frequencies,697,11431,CIPCODE5,46.9999,"Construction Trades, Other",3,0.14000000000000001
Frequencies,698,11431,CIPCODE5,47.0101,"Electrical/Electronics Equipment Installation and Repair Technology/Technician, General",2,0.09
Frequencies,699,11431,CIPCODE5,47.0104,Computer Installation and Repair Technology/Technician,1,0.05
Frequencies,700,11431,CIPCODE5,47.0199,"Electrical/Electronics Maintenance and Repair Technologies/Technicians, Other",2,0.09
Frequencies,701,11431,CIPCODE5,47.0201,"Heating, Air Conditioning, Ventilation and Refrigeration Maintenance Technology/Technician",18,0.81
Frequencies,702,11431,CIPCODE5,47.0303,Industrial Mechanics and Maintenance Technology/Technician,2,0.09
Frequencies,703,11431,CIPCODE5,47.0600,"Vehicle Maintenance and Repair Technology/Technician, General",1,0.05
Frequencies,704,11431,CIPCODE5,47.0603,Autobody/Collision and Repair Technology/Technician,8,0.36
Frequencies,705,11431,CIPCODE5,47.0604,Automobile/Automotive Mechanics Technology/Technician,25,1.1299999999999999
Frequencies,706,11431,CIPCODE5,47.0605,Diesel Mechanics Technology/Technician,6,0.27
Frequencies,707,11431,CIPCODE5,47.0606,Small Engine Mechanics and Repair Technology/Technician,1,0.05
Frequencies,708,11431,CIPCODE5,47.0607,Airframe Mechanics and Aircraft Maintenance Technology/Technician,2,0.09
Frequencies,709,11431,CIPCODE5,47.0613,Medium/Heavy Vehicle and Truck Technology/Technician,2,0.09
Frequencies,710,11431,CIPCODE5,47.0615,Engine Machinist,1,0.05
Frequencies,711,11431,CIPCODE5,47.0616,Marine Maintenance/Fitter and Ship Repair Technology/Technician,1,0.05
Frequencies,712,11431,CIPCODE5,48.0000,"Precision Production Trades, General",1,0.05
Frequencies,713,11431,CIPCODE5,48.0501,Machine Tool Technology/Machinist,6,0.27
Frequencies,714,11431,CIPCODE5,48.0503,Machine Shop Technology/Assistant,2,0.09
Frequencies,715,11431,CIPCODE5,48.0508,Welding Technology/Welder,25,1.1299999999999999
Frequencies,716,11431,CIPCODE5,48.0510,Computer Numerically Controlled (CNC) Machinist Technology/CNC Machinist,3,0.14000000000000001
Frequencies,717,11431,CIPCODE5,48.9999,"Precision Production, Other",1,0.05
Frequencies,718,11431,CIPCODE5,49.0205,Truck and Bus Driver/Commercial Vehicle Operator and Instructor,4,0.18
Frequencies,719,11431,CIPCODE5,50.0409,Graphic Design,1,0.05
Frequencies,720,11431,CIPCODE5,50.0713,Jewelry Arts,2,0.09
Frequencies,721,11431,CIPCODE5,50.0913,Music Technology,1,0.05
Frequencies,722,11431,CIPCODE5,50.1099,"Arts, Entertainment, and Media Management, Other",1,0.05
Frequencies,723,11431,CIPCODE5,51.0000,"Health Services/Allied Health/Health Sciences, General",2,0.09
Frequencies,724,11431,CIPCODE5,51.0601,Dental Assisting/Assistant,35,1.58
Frequencies,725,11431,CIPCODE5,51.0602,Dental Hygiene/Hygienist,4,0.18
Frequencies,726,11431,CIPCODE5,51.0701,Health/Health Care Administration/Management,5,0.23
Frequencies,727,11431,CIPCODE5,51.0705,Medical Office Management/Administration,1,0.05
Frequencies,728,11431,CIPCODE5,51.0706,Health Information/Medical Records Administration/Administrator,2,0.09
Frequencies,729,11431,CIPCODE5,51.0707,Health Information/Medical Records Technology/Technician,1,0.05
Frequencies,730,11431,CIPCODE5,51.0710,Medical Office Assistant/Specialist,16,0.72
Frequencies,731,11431,CIPCODE5,51.0711,Medical/Health Management and Clinical Assistant/Specialist,1,0.05
Frequencies,732,11431,CIPCODE5,51.0713,Medical Insurance Coding Specialist/Coder,18,0.81
Frequencies,733,11431,CIPCODE5,51.0714,Medical Insurance Specialist/Medical Biller,18,0.81
Frequencies,734,11431,CIPCODE5,51.0716,Medical Administrative/Executive Assistant and Medical Secretary,5,0.23
Frequencies,735,11431,CIPCODE5,51.0799,"Health and Medical Administrative Services, Other",2,0.09
Frequencies,736,11431,CIPCODE5,51.0801,Medical/Clinical Assistant,15,0.68
Frequencies,737,11431,CIPCODE5,51.0805,Pharmacy Technician/Assistant,18,0.81
Frequencies,738,11431,CIPCODE5,51.0806,Physical Therapy Assistant,5,0.23
Frequencies,739,11431,CIPCODE5,51.0810,Emergency Care Attendant (EMT Ambulance),2,0.09
Frequencies,740,11431,CIPCODE5,51.0812,Respiratory Therapy Technician/Assistant,1,0.05
Frequencies,741,11431,CIPCODE5,51.0902,Electrocardiograph Technology/Technician,2,0.09
Frequencies,742,11431,CIPCODE5,51.0904,Emergency Medical Technology/Technician (EMT Paramedic),8,0.36
Frequencies,743,11431,CIPCODE5,51.0907,Medical Radiologic Technology/Science - Radiation Therapist,2,0.09
Frequencies,744,11431,CIPCODE5,51.0908,Respiratory Care Therapy/Therapist,4,0.18
Frequencies,745,11431,CIPCODE5,51.0909,Surgical Technology/Technologist,13,0.59
Frequencies,746,11431,CIPCODE5,51.0910,Diagnostic Medical Sonography/Sonographer and Ultrasound Technician,7,0.32
Frequencies,747,11431,CIPCODE5,51.0911,Radiologic Technology/Science - Radiographer,8,0.36
Frequencies,748,11431,CIPCODE5,51.0920,Magnetic Resonance Imaging (MRI) Technology/Technician,1,0.05
Frequencies,749,11431,CIPCODE5,51.1004,Clinical/Medical Laboratory Technician,1,0.05
Frequencies,750,11431,CIPCODE5,51.1009,Phlebotomy Technician/Phlebotomist,10,0.45
Frequencies,751,11431,CIPCODE5,51.1012,Sterile Processing Technology/Technician,3,0.14000000000000001
Frequencies,752,11431,CIPCODE5,51.1802,Optometric Technician/Assistant,1,0.05
Frequencies,753,11431,CIPCODE5,51.2211,Health Services Administration,1,0.05
Frequencies,754,11431,CIPCODE5,51.2306,Occupational Therapy/Therapist,1,0.05
Frequencies,755,11431,CIPCODE5,51.2602,Home Health Aide/Home Attendant,3,0.14000000000000001
Frequencies,756,11431,CIPCODE5,51.2603,Medication Aide,1,0.05
Frequencies,757,11431,CIPCODE5,51.3501,Massage Therapy/Therapeutic Massage,45,2.0299999999999998
Frequencies,758,11431,CIPCODE5,51.3801,Registered Nursing/Registered Nurse,3,0.14000000000000001
Frequencies,759,11431,CIPCODE5,51.3805,Family Practice Nurse/Nursing,1,0.05
Frequencies,760,11431,CIPCODE5,51.3899,"Registered Nursing, Nursing Administration, Nursing Research and Clinical Nursing, Other",1,0.05
Frequencies,761,11431,CIPCODE5,51.3901,Licensed Practical/Vocational Nurse Training,15,0.68
Frequencies,762,11431,CIPCODE5,51.3902,Nursing Assistant/Aide and Patient Care Assistant/Aide,16,0.72
Frequencies,763,11431,CIPCODE5,51.3999,"Practical Nursing, Vocational Nursing and Nursing Assistants, Other",3,0.14000000000000001
Frequencies,764,11431,CIPCODE5,52.0101,"Business/Commerce, General",1,0.05
Frequencies,765,11431,CIPCODE5,52.0201,"Business Administration and Management, General",3,0.14000000000000001
Frequencies,766,11431,CIPCODE5,52.0204,Office Management and Supervision,1,0.05
Frequencies,767,11431,CIPCODE5,52.0205,Operations Management and Supervision,1,0.05
Frequencies,768,11431,CIPCODE5,52.0301,Accounting,2,0.09
Frequencies,769,11431,CIPCODE5,52.0302,Accounting Technology/Technician and Bookkeeping,8,0.36
Frequencies,770,11431,CIPCODE5,52.0305,Accounting and Business/Management,1,0.05
Frequencies,771,11431,CIPCODE5,52.0401,"Administrative Assistant and Secretarial Science, General",8,0.36
Frequencies,772,11431,CIPCODE5,52.0402,Executive Assistant/Executive Secretary,2,0.09
Frequencies,773,11431,CIPCODE5,52.0408,General Office Occupations and Clerical Services,9,0.41
Frequencies,774,11431,CIPCODE5,52.0499,"Business Operations Support and Secretarial Services, Other",1,0.05
Frequencies,775,11431,CIPCODE5,52.0904,Hotel/Motel Administration/Management,2,0.09
Frequencies,776,11431,CIPCODE5,52.1001,"Human Resources Management/Personnel Administration, General",1,0.05
Frequencies,777,11431,CIPCODE5,52.1803,Retailing and Retail Operations,1,0.05
Frequencies,778,11431,CIPCODE5,-2,Not applicable,1393,62.69
Frequencies,779,11448,PRGMSR5,1,Clock hours,557,25.07
Frequencies,780,11448,PRGMSR5,2,Credit hours,272,12.24
Frequencies,781,11448,PRGMSR5,-2,Not applicable,1393,62.69
Frequencies,782,11451,CIPCODE6,01.0308,Agroecology and Sustainable Agriculture,1,0.05
Frequencies,783,11451,CIPCODE6,01.8301,Veterinary/Animal Health Technology/Technician and Veterinary Assistant,5,0.23
Frequencies,784,11451,CIPCODE6,09.0701,Radio and Television,1,0.05
Frequencies,785,11451,CIPCODE6,09.0702,Digital Communication and Media/Multimedia,1,0.05
Frequencies,786,11451,CIPCODE6,10.0201,Photographic and Film/Video Technology/Technician,1,0.05
Frequencies,787,11451,CIPCODE6,10.0203,Recording Arts Technology/Technician,1,0.05
Frequencies,788,11451,CIPCODE6,10.0303,Prepress/Desktop Publishing and Digital Imaging Design,1,0.05
Frequencies,789,11451,CIPCODE6,10.0304,"Animation, Interactive Technology, Video Graphics, and Special Effects",2,0.09
Frequencies,790,11451,CIPCODE6,11.0101,"Computer and Information Sciences, General",2,0.09
Frequencies,791,11451,CIPCODE6,11.0201,"Computer Programming/Programmer, General",1,0.05
Frequencies,792,11451,CIPCODE6,11.0801,"Web Page, Digital/Multimedia and Information Resources Design",1,0.05
Frequencies,793,11451,CIPCODE6,11.0899,"Computer Software and Media Applications, Other",1,0.05
Frequencies,794,11451,CIPCODE6,11.0901,Computer Systems Networking and Telecommunications,5,0.23
Frequencies,795,11451,CIPCODE6,11.0999,"Computer Systems Networking and Telecommunications, Other",1,0.05
Frequencies,796,11451,CIPCODE6,11.1001,Network and System Administration/Administrator,1,0.05
Frequencies,797,11451,CIPCODE6,11.1002,"System, Networking, and LAN/WAN Management/Manager",1,0.05
Frequencies,798,11451,CIPCODE6,11.1003,Computer and Information Systems Security/Auditing/Information Assurance,3,0.14000000000000001
Frequencies,799,11451,CIPCODE6,11.1006,Computer Support Specialist,7,0.32
Frequencies,800,11451,CIPCODE6,11.9999,"Computer and Information Sciences and Support Services, Other",2,0.09
Frequencies,801,11451,CIPCODE6,12.0401,"Cosmetology/Cosmetologist, General",14,0.63
Frequencies,802,11451,CIPCODE6,12.0402,Barbering/Barber,11,0.5
Frequencies,803,11451,CIPCODE6,12.0404,Electrolysis/Electrology and Electrolysis Technician,3,0.14000000000000001
Frequencies,804,11451,CIPCODE6,12.0406,Make-Up Artist/Specialist,5,0.23
Frequencies,805,11451,CIPCODE6,12.0407,Hair Styling/Stylist and Hair Design,9,0.41
Frequencies,806,11451,CIPCODE6,12.0408,Facial Treatment Specialist/Facialist,6,0.27
Frequencies,807,11451,CIPCODE6,12.0409,Aesthetician/Esthetician and Skin Care Specialist,5,0.23
Frequencies,808,11451,CIPCODE6,12.0410,Nail Technician/Specialist and Manicurist,17,0.77
Frequencies,809,11451,CIPCODE6,12.0412,Salon/Beauty Salon Management/Manager,4,0.18
Frequencies,810,11451,CIPCODE6,12.0413,"Cosmetology, Barber/Styling, and Nail Instructor",33,1.49
Frequencies,811,11451,CIPCODE6,12.0414,Master Aesthetician/Esthetician,1,0.05
Frequencies,812,11451,CIPCODE6,12.0499,"Cosmetology and Related Personal Grooming Arts, Other",22,0.99
Frequencies,813,11451,CIPCODE6,12.0500,"Cooking and Related Culinary Arts, General",3,0.14000000000000001
Frequencies,814,11451,CIPCODE6,12.0501,Baking and Pastry Arts/Baker/Pastry Chef,2,0.09
Frequencies,815,11451,CIPCODE6,12.0503,Culinary Arts/Chef Training,6,0.27
Frequencies,816,11451,CIPCODE6,12.0504,"Restaurant, Culinary, and Catering Management/Manager",1,0.05
Frequencies,817,11451,CIPCODE6,13.1399,"Teacher Education and Professional Development, Specific Subject Areas, Other",2,0.09
Frequencies,818,11451,CIPCODE6,14.1001,Electrical and Electronics Engineering,1,0.05
Frequencies,819,11451,CIPCODE6,15.0399,"Electrical/Electronic Engineering Technologies/Technicians, Other",1,0.05
Frequencies,820,11451,CIPCODE6,15.0401,Biomedical Technology/Technician,1,0.05
Frequencies,821,11451,CIPCODE6,15.0404,Instrumentation Technology/Technician,1,0.05
Frequencies,822,11451,CIPCODE6,15.0501,"Heating, Ventilation, Air Conditioning and Refrigeration Engineering Technology/Technician",4,0.18
Frequencies,823,11451,CIPCODE6,15.0617,Composite Materials Technology/Technician,1,0.05
Frequencies,824,11451,CIPCODE6,15.0803,Automotive Engineering Technology/Technician,2,0.09
Frequencies,825,11451,CIPCODE6,15.1202,Computer/Computer Systems Technology/Technician,5,0.23
Frequencies,826,11451,CIPCODE6,15.1203,Computer Hardware Technology/Technician,1,0.05
Frequencies,827,11451,CIPCODE6,15.1301,"Drafting and Design Technology/Technician, General",1,0.05
Frequencies,828,11451,CIPCODE6,15.1307,3-D Modeling and Design Technology/Technician,1,0.05
Frequencies,829,11451,CIPCODE6,16.0103,Language Interpretation and Translation,1,0.05
Frequencies,830,11451,CIPCODE6,19.0708,Child Care and Support Services Management,1,0.05
Frequencies,831,11451,CIPCODE6,19.0709,Child Care Provider/Assistant,4,0.18
Frequencies,832,11451,CIPCODE6,22.0301,Legal Administrative Assistant/Secretary,1,0.05
Frequencies,833,11451,CIPCODE6,22.0302,Legal Assistant/Paralegal,1,0.05
Frequencies,834,11451,CIPCODE6,22.0303,Court Reporting and Captioning/Court Reporter,1,0.05
Frequencies,835,11451,CIPCODE6,41.0101,Biology/Biotechnology Technology/Technician,1,0.05
Frequencies,836,11451,CIPCODE6,43.0100,"Criminal Justice and Corrections, General",1,0.05
Frequencies,837,11451,CIPCODE6,43.0102,Corrections,3,0.14000000000000001
Frequencies,838,11451,CIPCODE6,43.0107,Criminal Justice/Police Science,3,0.14000000000000001
Frequencies,839,11451,CIPCODE6,43.0109,Security and Loss Prevention Services,4,0.18
Frequencies,840,11451,CIPCODE6,43.0203,Fire Science/Fire-fighting,2,0.09
Frequencies,841,11451,CIPCODE6,43.9999,"Homeland Security, Law Enforcement, Firefighting and Related Protective Services, Other",1,0.05
Frequencies,842,11451,CIPCODE6,46.0000,"Construction Trades, General",1,0.05
Frequencies,843,11451,CIPCODE6,46.0101,Mason/Masonry,1,0.05
Frequencies,844,11451,CIPCODE6,46.0201,Carpentry/Carpenter,6,0.27
Frequencies,845,11451,CIPCODE6,46.0301,"Electrical and Power Transmission Installation/Installer, General",1,0.05
Frequencies,846,11451,CIPCODE6,46.0302,Electrician,17,0.77
Frequencies,847,11451,CIPCODE6,46.0399,"Electrical and Power Transmission Installers, Other",1,0.05
Frequencies,848,11451,CIPCODE6,46.0401,Building/Property Maintenance,1,0.05
Frequencies,849,11451,CIPCODE6,46.0415,Building Construction Technology/Technician,1,0.05
Frequencies,850,11451,CIPCODE6,46.0502,Pipefitting/Pipefitter and Sprinkler Fitter,1,0.05
Frequencies,851,11451,CIPCODE6,46.0503,Plumbing Technology/Plumber,3,0.14000000000000001
Frequencies,852,11451,CIPCODE6,46.9999,"Construction Trades, Other",1,0.05
Frequencies,853,11451,CIPCODE6,47.0104,Computer Installation and Repair Technology/Technician,2,0.09
Frequencies,854,11451,CIPCODE6,47.0105,Industrial Electronics Technology/Technician,2,0.09
Frequencies,855,11451,CIPCODE6,47.0201,"Heating, Air Conditioning, Ventilation and Refrigeration Maintenance Technology/Technician",13,0.59
Frequencies,856,11451,CIPCODE6,47.0303,Industrial Mechanics and Maintenance Technology/Technician,5,0.23
Frequencies,857,11451,CIPCODE6,47.0399,"Heavy/Industrial Equipment Maintenance Technologies/Technicians, Other",1,0.05
Frequencies,858,11451,CIPCODE6,47.0403,Locksmithing and Safe Repair,1,0.05
Frequencies,859,11451,CIPCODE6,47.0603,Autobody/Collision and Repair Technology/Technician,6,0.27
Frequencies,860,11451,CIPCODE6,47.0604,Automobile/Automotive Mechanics Technology/Technician,23,1.04
Frequencies,861,11451,CIPCODE6,47.0605,Diesel Mechanics Technology/Technician,5,0.23
Frequencies,862,11451,CIPCODE6,47.0608,Aircraft Powerplant Technology/Technician,1,0.05
Frequencies,863,11451,CIPCODE6,47.0613,Medium/Heavy Vehicle and Truck Technology/Technician,1,0.05
Frequencies,864,11451,CIPCODE6,47.0615,Engine Machinist,1,0.05
Frequencies,865,11451,CIPCODE6,47.0616,Marine Maintenance/Fitter and Ship Repair Technology/Technician,2,0.09
Frequencies,866,11451,CIPCODE6,48.0303,Upholstery/Upholsterer,1,0.05
Frequencies,867,11451,CIPCODE6,48.0501,Machine Tool Technology/Machinist,2,0.09
Frequencies,868,11451,CIPCODE6,48.0503,Machine Shop Technology/Assistant,3,0.14000000000000001
Frequencies,869,11451,CIPCODE6,48.0508,Welding Technology/Welder,19,0.86
Frequencies,870,11451,CIPCODE6,48.0510,Computer Numerically Controlled (CNC) Machinist Technology/CNC Machinist,3,0.14000000000000001
Frequencies,871,11451,CIPCODE6,49.0205,Truck and Bus Driver/Commercial Vehicle Operator and Instructor,9,0.41
Frequencies,872,11451,CIPCODE6,50.0401,"Design and Visual Communications, General",1,0.05
Frequencies,873,11451,CIPCODE6,50.0402,Commercial and Advertising Art,1,0.05
Frequencies,874,11451,CIPCODE6,50.0406,Commercial Photography,1,0.05
Frequencies,875,11451,CIPCODE6,50.0409,Graphic Design,1,0.05
Frequencies,876,11451,CIPCODE6,50.0506,Acting,1,0.05
Frequencies,877,11451,CIPCODE6,50.0713,Jewelry Arts,2,0.09
Frequencies,878,11451,CIPCODE6,51.0601,Dental Assisting/Assistant,14,0.63
Frequencies,879,11451,CIPCODE6,51.0602,Dental Hygiene/Hygienist,4,0.18
Frequencies,880,11451,CIPCODE6,51.0701,Health/Health Care Administration/Management,3,0.14000000000000001
Frequencies,881,11451,CIPCODE6,51.0705,Medical Office Management/Administration,3,0.14000000000000001
Frequencies,882,11451,CIPCODE6,51.0707,Health Information/Medical Records Technology/Technician,3,0.14000000000000001
Frequencies,883,11451,CIPCODE6,51.0710,Medical Office Assistant/Specialist,8,0.36
Frequencies,884,11451,CIPCODE6,51.0711,Medical/Health Management and Clinical Assistant/Specialist,3,0.14000000000000001
Frequencies,885,11451,CIPCODE6,51.0712,Medical Reception/Receptionist,1,0.05
Frequencies,886,11451,CIPCODE6,51.0713,Medical Insurance Coding Specialist/Coder,15,0.68
Frequencies,887,11451,CIPCODE6,51.0714,Medical Insurance Specialist/Medical Biller,7,0.32
Frequencies,888,11451,CIPCODE6,51.0716,Medical Administrative/Executive Assistant and Medical Secretary,5,0.23
Frequencies,889,11451,CIPCODE6,51.0801,Medical/Clinical Assistant,19,0.86
Frequencies,890,11451,CIPCODE6,51.0803,Occupational Therapist Assistant,1,0.05
Frequencies,891,11451,CIPCODE6,51.0805,Pharmacy Technician/Assistant,21,0.95
Frequencies,892,11451,CIPCODE6,51.0806,Physical Therapy Assistant,11,0.5
Frequencies,893,11451,CIPCODE6,51.0812,Respiratory Therapy Technician/Assistant,1,0.05
Frequencies,894,11451,CIPCODE6,51.0899,"Allied Health and Medical Assisting Services, Other",1,0.05
Frequencies,895,11451,CIPCODE6,51.0902,Electrocardiograph Technology/Technician,1,0.05
Frequencies,896,11451,CIPCODE6,51.0903,Electroneurodiagnostic/Electroencephalographic Technology/Technologist,2,0.09
Frequencies,897,11451,CIPCODE6,51.0904,Emergency Medical Technology/Technician (EMT Paramedic),3,0.14000000000000001
Frequencies,898,11451,CIPCODE6,51.0905,Nuclear Medical Technology/Technologist,1,0.05
Frequencies,899,11451,CIPCODE6,51.0908,Respiratory Care Therapy/Therapist,5,0.23
Frequencies,900,11451,CIPCODE6,51.0909,Surgical Technology/Technologist,8,0.36
Frequencies,901,11451,CIPCODE6,51.0910,Diagnostic Medical Sonography/Sonographer and Ultrasound Technician,7,0.32
Frequencies,902,11451,CIPCODE6,51.0911,Radiologic Technology/Science - Radiographer,4,0.18
Frequencies,903,11451,CIPCODE6,51.0917,Polysomnography,1,0.05
Frequencies,904,11451,CIPCODE6,51.1009,Phlebotomy Technician/Phlebotomist,10,0.45
Frequencies,905,11451,CIPCODE6,51.1011,Renal/Dialysis Technologist/Technician,3,0.14000000000000001
Frequencies,906,11451,CIPCODE6,51.1012,Sterile Processing Technology/Technician,2,0.09
Frequencies,907,11451,CIPCODE6,51.2211,Health Services Administration,1,0.05
Frequencies,908,11451,CIPCODE6,51.2602,Home Health Aide/Home Attendant,1,0.05
Frequencies,909,11451,CIPCODE6,51.2604,Rehabilitation Aide,2,0.09
Frequencies,910,11451,CIPCODE6,51.3305,Ayurvedic Medicine/Ayurveda,1,0.05
Frequencies,911,11451,CIPCODE6,51.3306,Holistic/Integrative Health,1,0.05
Frequencies,912,11451,CIPCODE6,51.3501,Massage Therapy/Therapeutic Massage,21,0.95
Frequencies,913,11451,CIPCODE6,51.3801,Registered Nursing/Registered Nurse,5,0.23
Frequencies,914,11451,CIPCODE6,51.3808,Nursing Science,1,0.05
Frequencies,915,11451,CIPCODE6,51.3901,Licensed Practical/Vocational Nurse Training,7,0.32
Frequencies,916,11451,CIPCODE6,51.3902,Nursing Assistant/Aide and Patient Care Assistant/Aide,16,0.72
Frequencies,917,11451,CIPCODE6,51.3999,"Practical Nursing, Vocational Nursing and Nursing Assistants, Other",3,0.14000000000000001
Frequencies,918,11451,CIPCODE6,52.0201,"Business Administration and Management, General",4,0.18
Frequencies,919,11451,CIPCODE6,52.0299,"Business Administration, Management and Operations, Other",1,0.05
Frequencies,920,11451,CIPCODE6,52.0301,Accounting,1,0.05
Frequencies,921,11451,CIPCODE6,52.0302,Accounting Technology/Technician and Bookkeeping,4,0.18
Frequencies,922,11451,CIPCODE6,52.0305,Accounting and Business/Management,1,0.05
Frequencies,923,11451,CIPCODE6,52.0401,"Administrative Assistant and Secretarial Science, General",9,0.41
Frequencies,924,11451,CIPCODE6,52.0402,Executive Assistant/Executive Secretary,2,0.09
Frequencies,925,11451,CIPCODE6,52.0408,General Office Occupations and Clerical Services,10,0.45
Frequencies,926,11451,CIPCODE6,52.0803,Banking and Financial Support Services,1,0.05
Frequencies,927,11451,CIPCODE6,-2,Not applicable,1597,71.87
Frequencies,928,11468,PRGMSR6,1,Contact hours,398,17.91
Frequencies,929,11468,PRGMSR6,2,Credit hours,227,10.220000000000001
Frequencies,930,11468,PRGMSR6,-2,Not applicable,1597,71.87
Frequencies,931,,,,,,
Frequencies,932,,,,,,
Frequencies,933,,,,,,
Frequencies,934,,,,,,
Frequencies,935,,,,,,
Frequencies,936,,,,,,
Frequencies,937,,,,,,
Frequencies,938,,,,,,
Frequencies,939,,,,,,
Frequencies,940,,,,,,
Frequencies,941,,,,,,
Frequencies,942,,,,,,
Frequencies,943,,,,,,
Frequencies,944,,,,,,
Frequencies,945,,,,,,
Frequencies,946,,,,,,
Frequencies,947,,,,,,
Frequencies,948,,,,,,
Frequencies,949,,,,,,
Frequencies,950,,,,,,
Frequencies,951,,,,,,
Frequencies,952,,,,,,
Frequencies,953,,,,,,
Frequencies,954,,,,,,
Frequencies,955,,,,,,
Frequencies,956,,,,,,
Frequencies,957,,,,,,
Frequencies,958,,,,,,
Frequencies,959,,,,,,
Frequencies,960,,,,,,
Frequencies,961,,,,,,
Frequencies,962,,,,,,
Frequencies,963,,,,,,
Frequencies,964,,,,,,
Frequencies,965,,,,,,
Frequencies,966,,,,,,
Frequencies,967,,,,,,
Frequencies,968,,,,,,
Frequencies,969,,,,,,
Frequencies,970,,,,,,
Frequencies,971,,,,,,
Frequencies,972,,,,,,
Frequencies,973,,,,,,
Frequencies,974,,,,,,
Frequencies,975,,,,,,
Frequencies,976,,,,,,
Frequencies,977,,,,,,
Frequencies,978,,,,,,
Frequencies,979,,,,,,
Frequencies,980,,,,,,
Frequencies,981,,,,,,
Frequencies,982,,,,,,
Frequencies,983,,,,,,
Frequencies,984,,,,,,
Frequencies,985,,,,,,
Frequencies,986,,,,,,
Frequencies,987,,,,,,
Frequencies,988,,,,,,
Frequencies,989,,,,,,
Frequencies,990,,,,,,
Frequencies,991,,,,,,
Frequencies,992,,,,,,
Frequencies,993,,,,,,
Frequencies,994,,,,,,
Frequencies,995,,,,,,
Frequencies,996,,,,,,
Frequencies,997,,,,,,
Frequencies,998,,,,,,
Frequencies,999,,,,,,
Frequencies,1000,,,,,,
Frequencies,1001,,,,,,
Frequencies,1002,,,,,,
Frequencies,1003,,,,,,
Frequencies,1004,,,,,,
Frequencies,1005,,,,,,
Frequencies,1006,,,,,,
Frequencies,1007,,,,,,
Frequencies,1008,,,,,,
Frequencies,1009,,,,,,
Frequencies,1010,,,,,,
Frequencies,1011,,,,,,
Frequencies,1012,,,,,,
Frequencies,1013,,,,,,
Frequencies,1014,,,,,,
Frequencies,1015,,,,,,
Frequencies,1016,,,,,,
Frequencies,1017,,,,,,
Frequencies,1018,,,,,,
Frequencies,1019,,,,,,
Frequencies,1020,,,,,,
Frequencies,1021,,,,,,
Frequencies,1022,,,,,,
Frequencies,1023,,,,,,
Frequencies,1024,,,,,,
Frequencies,1025,,,,,,
Frequencies,1026,,,,,,
Frequencies,1027,,,,,,
Frequencies,1028,,,,,,
Frequencies,1029,,,,,,
Frequencies,1030,,,,,,
Frequencies,1031,,,,,,
Frequencies,1032,,,,,,
Frequencies,1033,,,,,,
Frequencies,1034,,,,,,
Frequencies,1035,,,,,,
Frequencies,1036,,,,,,
Frequencies,1037,,,,,,
Frequencies,1038,,,,,,
Frequencies,1039,,,,,,
Frequencies,1040,,,,,,
Frequencies,1041,,,,,,
Frequencies,1042,,,,,,
Frequencies,1043,,,,,,
Frequencies,1044,,,,,,
Frequencies,1045,,,,,,
Frequencies,1046,,,,,,
Frequencies,1047,,,,,,
Frequencies,1048,,,,,,
Frequencies,1049,,,,,,
Frequencies,1050,,,,,,
Frequencies,1051,,,,,,
Frequencies,1052,,,,,,
Frequencies,1053,,,,,,
Frequencies,1054,,,,,,
Frequencies,1055,,,,,,
Frequencies,1056,,,,,,
Frequencies,1057,,,,,,
Frequencies,1058,,,,,,
Frequencies,1059,,,,,,
Frequencies,1060,,,,,,
Frequencies,1061,,,,,,
Frequencies,1062,,,,,,
Frequencies,1063,,,,,,
Frequencies,1064,,,,,,
Frequencies,1065,,,,,,
Frequencies,1066,,,,,,
Frequencies,1067,,,,,,
Frequencies,1068,,,,,,
Frequencies,1069,,,,,,
Frequencies,1070,,,,,,
Frequencies,1071,,,,,,
Frequencies,1072,,,,,,
Frequencies,1073,,,,,,
Frequencies,1074,,,,,,
Frequencies,1075,,,,,,
Frequencies,1076,,,,,,
Frequencies,1077,,,,,,
Frequencies,1078,,,,,,
Frequencies,1079,,,,,,
Frequencies,1080,,,,,,
Frequencies,1081,,,,,,
Frequencies,1082,,,,,,
Frequencies,1083,,,,,,
Frequencies,1084,,,,,,
Frequencies,1085,,,,,,
Frequencies,1086,,,,,,
Frequencies,1087,,,,,,
Frequencies,1088,,,,,,
Frequencies,1089,,,,,,
Frequencies,1090,,,,,,
Frequencies,1091,,,,,,
Frequencies,1092,,,,,,
Frequencies,1093,,,,,,
Frequencies,1094,,,,,,
Frequencies,1095,,,,,,
Frequencies,1096,,,,,,
Frequencies,1097,,,,,,
Frequencies,1098,,,,,,
Frequencies,1099,,,,,,
Frequencies,1100,,,,,,
Frequencies,1101,,,,,,
Frequencies,1102,,,,,,
Frequencies,1103,,,,,,
Frequencies,1104,,,,,,
Frequencies,1105,,,,,,
Frequencies,1106,,,,,,
Frequencies,1107,,,,,,
Frequencies,1108,,,,,,
Frequencies,1109,,,,,,
Frequencies,1110,,,,,,
Frequencies,1111,,,,,,
Frequencies,1112,,,,,,
Frequencies,1113,,,,,,
Frequencies,1114,,,,,,
Frequencies,1115,,,,,,
Frequencies,1116,,,,,,
Frequencies,1117,,,,,,
Frequencies,1118,,,,,,
Frequencies,1119,,,,,,
Frequencies,1120,,,,,,
Frequencies,1121,,,,,,
Frequencies,1122,,,,,,
Frequencies,1123,,,,,,
Frequencies,1124,,,,,,
Frequencies,1125,,,,,,
Frequencies,1126,,,,,,
Frequencies,1127,,,,,,
Frequencies,1128,,,,,,
Frequencies,1129,,,,,,
Frequencies,1130,,,,,,
Frequencies,1131,,,,,,
Frequencies,1132,,,,,,
Frequencies,1133,,,,,,
Frequencies,1134,,,,,,
Frequencies,1135,,,,,,
Frequencies,1136,,,,,,
Frequencies,1137,,,,,,
Frequencies,1138,,,,,,
Frequencies,1139,,,,,,
Frequencies,1140,,,,,,
Frequencies,1141,,,,,,
Frequencies,1142,,,,,,
Frequencies,1143,,,,,,
Frequencies,1144,,,,,,
Frequencies,1145,,,,,,
Frequencies,1146,,,,,,
Frequencies,1147,,,,,,
Frequencies,1148,,,,,,
Frequencies,1149,,,,,,
Frequencies,1150,,,,,,
Frequencies,1151,,,,,,
Frequencies,1152,,,,,,
Frequencies,1153,,,,,,
Frequencies,1154,,,,,,
Frequencies,1155,,,,,,
Frequencies,1156,,,,,,
Frequencies,1157,,,,,,
Frequencies,1158,,,,,,
Frequencies,1159,,,,,,
Frequencies,1160,,,,,,
Frequencies,1161,,,,,,
Frequencies,1162,,,,,,
Frequencies,1163,,,,,,
Frequencies,1164,,,,,,
Frequencies,1165,,,,,,
Frequencies,1166,,,,,,
Frequencies,1167,,,,,,
Frequencies,1168,,,,,,
Frequencies,1169,,,,,,
Frequencies,1170,,,,,,
Frequencies,1171,,,,,,
Frequencies,1172,,,,,,
Frequencies,1173,,,,,,
Frequencies,1174,,,,,,
Frequencies,1175,,,,,,
Frequencies,1176,,,,,,
Frequencies,1177,,,,,,
Frequencies,1178,,,,,,
Frequencies,1179,,,,,,
Frequencies,1180,,,,,,
Frequencies,1181,,,,,,
Frequencies,1182,,,,,,
Frequencies,1183,,,,,,
Frequencies,1184,,,,,,
Frequencies,1185,,,,,,
Frequencies,1186,,,,,,
Frequencies,1187,,,,,,
Frequencies,1188,,,,,,
Frequencies,1189,,,,,,
Frequencies,1190,,,,,,
Frequencies,1191,,,,,,
Frequencies,1192,,,,,,
Frequencies,1193,,,,,,
Frequencies,1194,,,,,,
Frequencies,1195,,,,,,
Frequencies,1196,,,,,,
Frequencies,1197,,,,,,
Frequencies,1198,,,,,,
Frequencies,1199,,,,,,
Frequencies,1200,,,,,,
Frequencies,1201,,,,,,
Frequencies,1202,,,,,,
Frequencies,1203,,,,,,
Frequencies,1204,,,,,,
Frequencies,1205,,,,,,
Frequencies,1206,,,,,,
Frequencies,1207,,,,,,
Frequencies,1208,,,,,,
Frequencies,1209,,,,,,
Frequencies,1210,,,,,,
Frequencies,1211,,,,,,
Frequencies,1212,,,,,,
Frequencies,1213,,,,,,
Frequencies,1214,,,,,,
Frequencies,1215,,,,,,
Frequencies,1216,,,,,,
Frequencies,1217,,,,,,
Frequencies,1218,,,,,,
Frequencies,1219,,,,,,
Frequencies,1220,,,,,,
Frequencies,1221,,,,,,
Frequencies,1222,,,,,,
Frequencies,1223,,,,,,
Frequencies,1224,,,,,,
Frequencies,1225,,,,,,
Frequencies,1226,,,,,,
Frequencies,1227,,,,,,
Frequencies,1228,,,,,,
Frequencies,1229,,,,,,
Frequencies,1230,,,,,,
Frequencies,1231,,,,,,
Frequencies,1232,,,,,,
Frequencies,1233,,,,,,
Frequencies,1234,,,,,,
Frequencies,1235,,,,,,
Frequencies,1236,,,,,,
Frequencies,1237,,,,,,
Frequencies,1238,,,,,,
Frequencies,1239,,,,,,
Frequencies,1240,,,,,,
Frequencies,1241,,,,,,
Frequencies,1242,,,,,,
Frequencies,1243,,,,,,
Frequencies,1244,,,,,,
Frequencies,1245,,,,,,
Frequencies,1246,,,,,,
Frequencies,1247,,,,,,
Frequencies,1248,,,,,,
Frequencies,1249,,,,,,
Frequencies,1250,,,,,,
Frequencies,1251,,,,,,
Frequencies,1252,,,,,,
Frequencies,1253,,,,,,
Frequencies,1254,,,,,,
Frequencies,1255,,,,,,
Frequencies,1256,,,,,,
Frequencies,1257,,,,,,
Frequencies,1258,,,,,,
Frequencies,1259,,,,,,
Frequencies,1260,,,,,,
Frequencies,1261,,,,,,
Frequencies,1262,,,,,,
Frequencies,1263,,,,,,
Frequencies,1264,,,,,,
Frequencies,1265,,,,,,
Frequencies,1266,,,,,,
Frequencies,1267,,,,,,
Frequencies,1268,,,,,,
Frequencies,1269,,,,,,
Frequencies,1270,,,,,,
Frequencies,1271,,,,,,
Frequencies,1272,,,,,,
Frequencies,1273,,,,,,
Frequencies,1274,,,,,,
Frequencies,1275,,,,,,
Frequencies,1276,,,,,,
Frequencies,1277,,,,,,
Frequencies,1278,,,,,,
Frequencies,1279,,,,,,
Frequencies,1280,,,,,,
Frequencies,1281,,,,,,
Frequencies,1282,,,,,,
Frequencies,1283,,,,,,
Frequencies,1284,,,,,,
Frequencies,1285,,,,,,
Frequencies,1286,,,,,,
Frequencies,1287,,,,,,
Frequencies,1288,,,,,,
Frequencies,1289,,,,,,
Frequencies,1290,,,,,,
Frequencies,1291,,,,,,
Frequencies,1292,,,,,,
Frequencies,1293,,,,,,
Frequencies,1294,,,,,,
Frequencies,1295,,,,,,
Frequencies,1296,,,,,,
Frequencies,1297,,,,,,
Frequencies,1298,,,,,,
Frequencies,1299,,,,,,
Frequencies,1300,,,,,,
Frequencies,1301,,,,,,
Frequencies,1302,,,,,,
Frequencies,1303,,,,,,
Frequencies,1304,,,,,,
Frequencies,1305,,,,,,
Frequencies,1306,,,,,,
Frequencies,1307,,,,,,
Frequencies,1308,,,,,,
Frequencies,1309,,,,,,
Frequencies,1310,,,,,,
Frequencies,1311,,,,,,
Frequencies,1312,,,,,,
Frequencies,1313,,,,,,
Frequencies,1314,,,,,,
Frequencies,1315,,,,,,
Frequencies,1316,,,,,,
Frequencies,1317,,,,,,
Frequencies,1318,,,,,,
Frequencies,1319,,,,,,
Frequencies,1320,,,,,,
Frequencies,1321,,,,,,
Frequencies,1322,,,,,,
Frequencies,1323,,,,,,
Frequencies,1324,,,,,,
Frequencies,1325,,,,,,
Frequencies,1326,,,,,,
Frequencies,1327,,,,,,
Frequencies,1328,,,,,,
Frequencies,1329,,,,,,
Frequencies,1330,,,,,,
Frequencies,1331,,,,,,
Frequencies,1332,,,,,,
Frequencies,1333,,,,,,
Frequencies,1334,,,,,,
Frequencies,1335,,,,,,
Frequencies,1336,,,,,,
Frequencies,1337,,,,,,
Frequencies,1338,,,,,,
Frequencies,1339,,,,,,
Frequencies,1340,,,,,,
Frequencies,1341,,,,,,
Frequencies,1342,,,,,,
Frequencies,1343,,,,,,
Frequencies,1344,,,,,,
Frequencies,1345,,,,,,
Frequencies,1346,,,,,,
Frequencies,1347,,,,,,
Frequencies,1348,,,,,,
Frequencies,1349,,,,,,
Frequencies,1350,,,,,,
Frequencies,1351,,,,,,
Frequencies,1352,,,,,,
Frequencies,1353,,,,,,
Frequencies,1354,,,,,,
Frequencies,1355,,,,,,
Frequencies,1356,,,,,,
Frequencies,1357,,,,,,
Frequencies,1358,,,,,,
Frequencies,1359,,,,,,
Frequencies,1360,,,,,,
Frequencies,1361,,,,,,
Frequencies,1362,,,,,,
Frequencies,1363,,,,,,
Frequencies,1364,,,,,,
Frequencies,1365,,,,,,
Frequencies,1366,,,,,,
Frequencies,1367,,,,,,
Frequencies,1368,,,,,,
Frequencies,1369,,,,,,
Frequencies,1370,,,,,,
Frequencies,1371,,,,,,
Frequencies,1372,,,,,,
Frequencies,1373,,,,,,
Frequencies,1374,,,,,,
Frequencies,1375,,,,,,
Frequencies,1376,,,,,,
Frequencies,1377,,,,,,
Frequencies,1378,,,,,,
Frequencies,1379,,,,,,
Frequencies,1380,,,,,,
Frequencies,1381,,,,,,
Frequencies,1382,,,,,,
Frequencies,1383,,,,,,
Frequencies,1384,,,,,,
Frequencies,1385,,,,,,
Frequencies,1386,,,,,,
Frequencies,1387,,,,,,
Frequencies,1388,,,,,,
Frequencies,1389,,,,,,
Frequencies,1390,,,,,,
Frequencies,1391,,,,,,
Frequencies,1392,,,,,,
Frequencies,1393,,,,,,
Frequencies,1394,,,,,,
Frequencies,1395,,,,,,
Frequencies,1396,,,,,,
Frequencies,1397,,,,,,
Frequencies,1398,,,,,,
Frequencies,1399,,,,,,
Frequencies,1400,,,,,,
Frequencies,1401,,,,,,
Frequencies,1402,,,,,,
Frequencies,1403,,,,,,
Frequencies,1404,,,,,,
Frequencies,1405,,,,,,
Frequencies,1406,,,,,,
Frequencies,1407,,,,,,
Frequencies,1408,,,,,,
Frequencies,1409,,,,,,
Frequencies,1410,,,,,,
Frequencies,1411,,,,,,
Frequencies,1412,,,,,,
Frequencies,1413,,,,,,
Frequencies,1414,,,,,,
Frequencies,1415,,,,,,
Frequencies,1416,,,,,,
Frequencies,1417,,,,,,
Frequencies,1418,,,,,,
Frequencies,1419,,,,,,
Frequencies,1420,,,,,,
Frequencies,1421,,,,,,
Frequencies,1422,,,,,,
Frequencies,1423,,,,,,
Frequencies,1424,,,,,,
Frequencies,1425,,,,,,
Frequencies,1426,,,,,,
Frequencies,1427,,,,,,
Frequencies,1428,,,,,,
Frequencies,1429,,,,,,
Frequencies,1430,,,,,,
Frequencies,1431,,,,,,
Frequencies,1432,,,,,,
Frequencies,1433,,,,,,
Frequencies,1434,,,,,,
Frequencies,1435,,,,,,
Frequencies,1436,,,,,,
Frequencies,1437,,,,,,
Frequencies,1438,,,,,,
Statistics,0,varnumber,varname,n,sum,mean,min,max,varTitle
Statistics,1,11246,PRGMOFR,2222,11551,5.1984698469846986,1,78,Number of programs offered
Statistics,2,11368,CIPTUIT1,50,783216,15664.32,845,98750,"Tuition and fees 2021-22 (institutions with no full-time, first-time, undergraduate students)"
Statistics,3,11369,CIPSUPP1,45,45886,1019.6888888888889,0,7265,"Books and supplies 2021-22 (institutions with no full-time, first-time, undergraduate students)"
Statistics,4,11261,CIPLGTH1,2222,2224524,1001.1359135913591,8,3600,Total length of largest program
Statistics,5,11263,MTHCMP1,2222,24862,11.189018901890188,1,60,Average number of months to complete largest program
Statistics,6,11471,WKCMP1,2173,95391,43.898297284859638,2,160,"Total length of program in weeks, as completed by a student attending full-time"
Statistics,7,11476,LNAYHR1,2173,1589178,731.32903819604235,20,1470,Total length of academic year (as used to calculate your Pell budget) in clock or credit hours
Statistics,8,11481,LNAYWK1,2173,68532,31.537965945697191,10,85,Total length of academic year (as used to calculate your Pell budget) in weeks
Statistics,9,11265,CHG1PY0,2128,33137074,15571.933270676691,585,119150,Published tuition and fees 2018-19
Statistics,10,11266,CHG1PY1,2156,34461937,15984.200834879406,585,123200,Published tuition and fees 2019-20
Statistics,11,11271,CHG1PY2,2166,35069453,16190.883194829179,585,146100,Published tuition and fees 2020-21
Statistics,12,15031,CHG1PY3,2171,35740195,16462.549516351912,585,152700,Published tuition and fees 2021-22
Statistics,13,11280,CHG4PY0,1973,3077720,1559.9189052204765,0,16800,Books and supplies 2018-19
Statistics,14,11281,CHG4PY1,1995,3149401,1578.6471177944861,0,16800,Books and supplies 2019-20
Statistics,15,11286,CHG4PY2,2007,3217326,1603.0523168908819,0,16800,Books and supplies 2020-21
Statistics,16,15035,CHG4PY3,2016,3302573,1638.1810515873017,0,16800,Books and supplies 2021-22
Statistics,17,11294,CHG5PY0,19,230593,12136.473684210527,4179,60375,"On campus, room and board 2018-19"
Statistics,18,11296,CHG5PY1,19,242105,12742.368421052632,4179,64688,"On campus, room and board 2019-20"
Statistics,19,11301,CHG5PY2,20,265669,13283.45,4645,69000,"On campus, room and board 2020-21"
Statistics,20,11306,CHG5PY3,20,272619,13630.95,4715,69000,"On campus, room and board 2021-22"
Statistics,21,11309,CHG6PY0,19,82361,4334.7894736842109,500,16284,"On campus, other expenses 2018-19"
Statistics,22,11311,CHG6PY1,19,83555,4397.6315789473683,1300,16895,"On campus, other expenses 2019-20"
Statistics,23,11316,CHG6PY2,20,83019,4150.95,1300,17376,"On campus, other expenses 2020-21"
Statistics,24,11321,CHG6PY3,20,87069,4353.45,1050,18166,"On campus, other expenses 2021-22"
Statistics,25,11324,CHG7PY0,2128,24638054,11578.032894736842,225,52820,"Off campus (not with family), room and board 2018-19"
Statistics,26,11326,CHG7PY1,2156,25772099,11953.663729128015,250,57822,"Off campus (not with family), room and board 2019-20"
Statistics,27,11331,CHG7PY2,2167,27452650,12668.504845408399,250,63549,"Off campus (not with family), room and board 2020-21"
Statistics,28,11336,CHG7PY3,2172,28664946,13197.488950276243,260,66137,"Off campus (not with family), room and board 2021-22"
Statistics,29,11339,CHG8PY0,2128,12339115,5798.4562969924809,25,33670,"Off campus (not with family), other expenses 2018-19"
Statistics,30,11341,CHG8PY1,2156,13160171,6103.9754174397031,25,33152,"Off campus (not with family), other expenses 2019-20"
Statistics,31,11346,CHG8PY2,2167,13799716,6368.1199815413011,25,40473,"Off campus (not with family), other expenses 2020-21"
Statistics,32,11351,CHG8PY3,2172,14249651,6560.6127992633519,25,41516,"Off campus (not with family), other expenses 2021-22"
Statistics,33,11354,CHG9PY0,2128,10805180,5077.6221804511279,25,34816,"Off campus (with family), other expenses 2018-19"
Statistics,34,11356,CHG9PY1,2156,11534388,5349.9016697588122,25,34816,"Off campus (with family), other expenses 2019-20"
Statistics,35,11361,CHG9PY2,2167,12038403,5555.3313336409783,25,40473,"Off campus (with family), other expenses 2020-21"
Statistics,36,11366,CHG9PY3,2172,12488032,5749.5543278084715,25,41516,"Off campus (with family), other expenses 2021-22"
Statistics,37,11376,CIPTUIT2,1839,24612283,13383.514410005439,0,152700,Tuition and fees of 2nd largest program
Statistics,38,11381,CIPSUPP2,1689,2196739,1300.6151568975724,0,50938,Cost of books and supplies of 2nd largest program
Statistics,39,11386,CIPLGTH2,1840,1272957,691.82445652173908,6,3000,Length of 2nd largest program
Statistics,40,11389,MTHCMP2,1840,17276,9.3891304347826079,1,48,Number of months to complete 2nd largest program
Statistics,41,11396,CIPTUIT3,1443,17951379,12440.318087318088,320,152700,Tuition and fees of 3rd largest program
Statistics,42,11401,CIPSUPP3,1327,1461550,1101.3941220798795,0,17350,Cost of books and supplies of 3rd largest program
Statistics,43,11406,CIPLGTH3,1447,881761,609.37180373185902,4,3160,Length of 3rd largest program
Statistics,44,11409,MTHCMP3,1447,13091,9.0469937802349687,1,48,Number of months to complete 3rd largest program
Statistics,45,11416,CIPTUIT4,1143,14604657,12777.477690288713,375,130791,Tuition and fees of 4th largest program
Statistics,46,11421,CIPSUPP4,1035,1170564,1130.9797101449276,0,12660,Cost of books and supplies of 4th largest program
Statistics,47,11426,CIPLGTH4,1144,667079,583.11101398601397,16,2872,Length of 4th largest program
Statistics,48,11429,MTHCMP4,1144,10638,9.2989510489510483,1,48,Number of months to complete 4th largest program
Statistics,49,11436,CIPTUIT5,829,11027118,13301.710494571773,350,107170,Tuition and fees of 5th largest program
Statistics,50,11441,CIPSUPP5,756,760720,1006.2433862433862,0,8851,Cost of books and supplies of 5th largest program
Statistics,51,11446,CIPLGTH5,829,470238,567.2352231604342,6,2340,Length of 5th largest program
Statistics,52,11449,MTHCMP5,829,8165,9.8492159227985532,1,36,Number of months to complete 5th largest program
Statistics,53,11456,CIPTUIT6,625,8719430,13951.088,163,98076,Tuition and fees of 6th largest program
Statistics,54,11461,CIPSUPP6,560,577325,1030.9375,0,7700,Cost of books and supplies of 6th largest program
Statistics,55,11466,CIPLGTH6,625,353023,564.83680000000004,12,2442,Length of 6th largest program
Statistics,56,11469,MTHCMP6,625,6394,10.230399999999999,1,36,Number of months to complete 6th largest program
Statistics,57,
Statistics,58,
Statistics,59,
Statistics,60,
Statistics,61,
Statistics,62,
Statistics,63,
Statistics,64,
Statistics,65,
Statistics,66,
Statistics,67,
Statistics,68,
Statistics,69,
Statistics,70,
Statistics,71,
Statistics,72,
Statistics,73,
Statistics,74,
Statistics,75,
Statistics,76,
Statistics,77,
Statistics,78,
Statistics,79,
Statistics,80,
Statistics,81,
Statistics,82,
Statistics,83,
Statistics,84,
Statistics,85,
Statistics,86,
Statistics,87,
Statistics,88,
Statistics,89,
Statistics,90,
Statistics,91,
Statistics,92,
Statistics,93,
Statistics,94,
Statistics,95,
Statistics,96,
Statistics,97,
Statistics,98,
Statistics,99,
Statistics,100,
Statistics,101,
Statistics,102,
Statistics,103,
Statistics,104,
Statistics,105,
Statistics,106,
Statistics,107,
Statistics,108,
Statistics,109,
Statistics,110,
Statistics,111,
Statistics,112,
Statistics,113,
Statistics,114,
Statistics,115,
Statistics,116,
Statistics,117,
Statistics,118,
Statistics,119,
Statistics,120,
Statistics,121,
Statistics,122,
Statistics,123,
Statistics,124,
Statistics,125,
Statistics,126,
Statistics,127,
Statistics,128,
Statistics,129,
Statistics,130,
Statistics,131,
Statistics,132,
Statistics,133,
Statistics,134,
Statistics,135,
Statistics,136,
Statistics,137,
Statistics,138,
Statistics,139,
Statistics,140,
Statistics,141,
Statistics,142,
Statistics,143,
Statistics,144,
Statistics,145,
Statistics,146,
Statistics,147,
Statistics,148,
Statistics,149,
Statistics,150,
Statistics,151,
Statistics,152,
Statistics,153,
Statistics,154,
Statistics,155,
Statistics,156,
Statistics,157,
Statistics,158,
Statistics,159,
Statistics,160,
Statistics,161,
Statistics,162,
Statistics,163,
Statistics,164,
Statistics,165,
Statistics,166,
Statistics,167,
Statistics,168,
Statistics,169,
Statistics,170,
Statistics,171,
Statistics,172,
Statistics,173,
Statistics,174,
Statistics,175,
Statistics,176,
Statistics,177,
Statistics,178,
Statistics,179,
Statistics,180,
Statistics,181,
Statistics,182,
Statistics,183,
Statistics,184,
Statistics,185,
Statistics,186,
Statistics,187,
Statistics,188,
Statistics,189,
Statistics,190,
Statistics,191,
Statistics,192,
Statistics,193,
Statistics,194,
Statistics,195,
Statistics,196,
Statistics,197,
Statistics,198,
Statistics,199,
Statistics,200,
Statistics,201,
Statistics,202,
Statistics,203,
Statistics,204,
Statistics,205,
Statistics,206,
Statistics,207,
Statistics,208,
Statistics,209,
Statistics,210,
Statistics,211,
Statistics,212,
Statistics,213,
Statistics,214,
Statistics,215,
Statistics,216,
Statistics,217,
Statistics,218,
Statistics,219,
Statistics,220,
Statistics,221,
Statistics,222,
Statistics,223,
Statistics,224,
Statistics,225,
Statistics,226,
Statistics,227,
Statistics,228,
Statistics,229,
Statistics,230,
Statistics,231,
Statistics,232,
Statistics,233,
Statistics,234,
Statistics,235,
Statistics,236,
Statistics,237,
Statistics,238,
Statistics,239,
Statistics,240,
Statistics,241,
Statistics,242,
Statistics,243,
Statistics,244,
Statistics,245,
Statistics,246,
Statistics,247,
Statistics,248,
Statistics,249,
Statistics,250,
Statistics,251,
Statistics,252,
Statistics,253,
Statistics,254,
Statistics,255,
Statistics,256,
Statistics,257,
Statistics,258,
Statistics,259,
Statistics,260,
Statistics,261,
Statistics,262,
Statistics,263,
Statistics,264,
Statistics,265,
Statistics,266,
Statistics,267,
Statistics,268,
Statistics,269,
Statistics,270,
Statistics,271,
Statistics,272,
Statistics,273,
Statistics,274,
Statistics,275,
Statistics,276,
Statistics,277,
Statistics,278,
Statistics,279,
Statistics,280,
Statistics,281,
Statistics,282,
Statistics,283,
Statistics,284,
Statistics,285,
Statistics,286,
Statistics,287,
Statistics,288,
Statistics,289,
Statistics,290,
Statistics,291,
Statistics,292,
Statistics,293,
Statistics,294,
Statistics,295,
Statistics,296,
Statistics,297,
Statistics,298,
Statistics,299,
Statistics,300,
Statistics,301,
Statistics,302,
Statistics,303,
Statistics,304,
Statistics,305,
Statistics,306,
Statistics,307,
Statistics,308,
Statistics,309,
Statistics,310,
Statistics,311,
Statistics,312,
Statistics,313,
Statistics,314,
Statistics,315,
Statistics,316,
Statistics,317,
Statistics,318,
Statistics,319,
Statistics,320,
Statistics,321,
Statistics,322,
Statistics,323,
Statistics,324,
Statistics,325,
Statistics,326,
Statistics,327,
Statistics,328,
Statistics,329,
Statistics,330,
Statistics,331,
Statistics,332,
Statistics,333,
Statistics,334,
Statistics,335,
Statistics,336,
Statistics,337,
Statistics,338,
Statistics,339,
Statistics,340,
Statistics,341,
Statistics,342,
Statistics,343,
Statistics,344,
Statistics,345,
Statistics,346,
Statistics,347,
Statistics,348,
Statistics,349,
Statistics,350,
Statistics,351,
Statistics,352,
Statistics,353,
Statistics,354,
Statistics,355,
Statistics,356,
Statistics,357,
Statistics,358,
Statistics,359,
Statistics,360,
Statistics,361,
Statistics,362,
Statistics,363,
Statistics,364,
Statistics,365,
Statistics,366,
Statistics,367,
Statistics,368,
Statistics,369,
Statistics,370,
Statistics,371,
Statistics,372,
Statistics,373,
Statistics,374,
Statistics,375,
Statistics,376,
Statistics,377,
Statistics,378,
Statistics,379,
Statistics,380,
Statistics,381,
Statistics,382,
Statistics,383,
Statistics,384,
Statistics,385,
Statistics,386,
Statistics,387,
Statistics,388,
Statistics,389,
Statistics,390,
Statistics,391,
Statistics,392,
Statistics,393,
Statistics,394,
Statistics,395,
Statistics,396,
Statistics,397,
Statistics,398,
Statistics,399,
Statistics,400,
Statistics,401,
Statistics,402,
Statistics,403,
Statistics,404,
Statistics,405,
Statistics,406,
Statistics,407,
Statistics,408,
Statistics,409,
Statistics,410,
Statistics,411,
Statistics,412,
Statistics,413,
Statistics,414,
Statistics,415,
Statistics,416,
Statistics,417,
Statistics,418,
Statistics,419,
Statistics,420,
Statistics,421,
Statistics,422,
Statistics,423,
Statistics,424,
Statistics,425,
Statistics,426,
Statistics,427,
Statistics,428,
Statistics,429,
Statistics,430,
Statistics,431,
Statistics,432,
Statistics,433,
Statistics,434,
Statistics,435,
Statistics,436,
Statistics,437,
Statistics,438,
Statistics,439,
Statistics,440,
Statistics,441,
Statistics,442,
Statistics,443,
Statistics,444,
Statistics,445,
Statistics,446,
Statistics,447,
Statistics,448,
Statistics,449,
Statistics,450,
Statistics,451,
Statistics,452,
Statistics,453,
Statistics,454,
Statistics,455,
Statistics,456,
Statistics,457,
Statistics,458,
Statistics,459,
Statistics,460,
Statistics,461,
Statistics,462,
Statistics,463,
Statistics,464,
Statistics,465,
Statistics,466,
Statistics,467,
Statistics,468,
Statistics,469,
Statistics,470,
Statistics,471,
Statistics,472,
Statistics,473,
Statistics,474,
Statistics,475,
Statistics,476,
Statistics,477,
Statistics,478,
Statistics,479,
Statistics,480,
Statistics,481,
Statistics,482,
Statistics,483,
Statistics,484,
Statistics,485,
Statistics,486,
Statistics,487,
Statistics,488,
Statistics,489,
Statistics,490,
Statistics,491,
Statistics,492,
Statistics,493,
Statistics,494,
Statistics,495,
Statistics,496,
Statistics,497,
Statistics,498,
Statistics,499,
Statistics,500,
Statistics,501,
Statistics,502,
Statistics,503,
Statistics,504,
Statistics,505,
Statistics,506,
Statistics,507,
Statistics,508,
Statistics,509,
Statistics,510,
Statistics,511,
Statistics,512,
Statistics,513,
Statistics,514,
Statistics,515,
Statistics,516,
Statistics,517,
Statistics,518,
Statistics,519,
Statistics,520,
Statistics,521,
Statistics,522,
Statistics,523,
Statistics,524,
Statistics,525,
Statistics,526,
Statistics,527,
Statistics,528,
Statistics,529,
Statistics,530,
Statistics,531,
Statistics,532,
Statistics,533,
Statistics,534,
Statistics,535,
Statistics,536,
Statistics,537,
Statistics,538,
Statistics,539,
Statistics,540,
Statistics,541,
Statistics,542,
Statistics,543,
Statistics,544,
Statistics,545,
Statistics,546,
Statistics,547,
Statistics,548,
Statistics,549,
Statistics,550,
Statistics,551,
Statistics,552,
Statistics,553,
Statistics,554,
Statistics,555,
Statistics,556,
Statistics,557,
Statistics,558,
Statistics,559,
Statistics,560,
Statistics,561,
Statistics,562,
Statistics,563,
Statistics,564,
Statistics,565,
Statistics,566,
Statistics,567,
Statistics,568,
Statistics,569,
Statistics,570,
Statistics,571,
Statistics,572,
Statistics,573,
Statistics,574,
Statistics,575,
Statistics,576,
Statistics,577,
Statistics,578,
Statistics,579,
Statistics,580,
Statistics,581,
Statistics,582,
Statistics,583,
Statistics,584,
Statistics,585,
Statistics,586,
Statistics,587,
Statistics,588,
Statistics,589,
Statistics,590,
Statistics,591,
Statistics,592,
Statistics,593,
Statistics,594,
Statistics,595,
Statistics,596,
Statistics,597,
Statistics,598,
Statistics,599,
Statistics,600,
Statistics,601,
Statistics,602,
Statistics,603,
Statistics,604,
Statistics,605,
Statistics,606,
Statistics,607,
Statistics,608,
Statistics,609,
Statistics,610,
Statistics,611,
Statistics,612,
Statistics,613,
Statistics,614,
Statistics,615,
Statistics,616,
Statistics,617,
Statistics,618,
Statistics,619,
Statistics,620,
Statistics,621,
Statistics,622,
Statistics,623,
Statistics,624,
Statistics,625,
Statistics,626,
Statistics,627,
Statistics,628,
Statistics,629,
Statistics,630,
Statistics,631,
Statistics,632,
Statistics,633,
Statistics,634,
Statistics,635,
Statistics,636,
Statistics,637,
Statistics,638,
Statistics,639,
Statistics,640,
Statistics,641,
Statistics,642,
Statistics,643,
Statistics,644,
Statistics,645,
Statistics,646,
Statistics,647,
Statistics,648,
Statistics,649,
Statistics,650,
Statistics,651,
Statistics,652,
Statistics,653,
Statistics,654,
Statistics,655,
Statistics,656,
Statistics,657,
Statistics,658,
Statistics,659,
Statistics,660,
Statistics,661,
Statistics,662,
Statistics,663,
Statistics,664,
Statistics,665,
Statistics,666,
Statistics,667,
Statistics,668,
Statistics,669,
Statistics,670,
Statistics,671,
Statistics,672,
Statistics,673,
Statistics,674,
Statistics,675,
Statistics,676,
Statistics,677,
Statistics,678,
Statistics,679,
Statistics,680,
Statistics,681,
Statistics,682,
Statistics,683,
Statistics,684,
Statistics,685,
Statistics,686,
Statistics,687,
Statistics,688,
Statistics,689,
Statistics,690,
Statistics,691,
Statistics,692,
Statistics,693,
Statistics,694,
Statistics,695,
Statistics,696,
Statistics,697,
Statistics,698,
Statistics,699,
Statistics,700,
Statistics,701,
Statistics,702,
Statistics,703,
Statistics,704,
Statistics,705,
Statistics,706,
Statistics,707,
Statistics,708,
Statistics,709,
Statistics,710,
Statistics,711,
Statistics,712,
Statistics,713,
Statistics,714,
Statistics,715,
Statistics,716,
Statistics,717,
Statistics,718,
Statistics,719,
Statistics,720,
Statistics,721,
Statistics,722,
Statistics,723,
Statistics,724,
Statistics,725,
Statistics,726,
Statistics,727,
Statistics,728,
Statistics,729,
Statistics,730,
Statistics,731,
Statistics,732,
Statistics,733,
Statistics,734,
Statistics,735,
Statistics,736,
Statistics,737,
Statistics,738,
Statistics,739,
Statistics,740,
Statistics,741,
Statistics,742,
Statistics,743,
Statistics,744,
Statistics,745,
Statistics,746,
Statistics,747,
Statistics,748,
Statistics,749,
Statistics,750,
Statistics,751,
Statistics,752,
Statistics,753,
Statistics,754,
Statistics,755,
Statistics,756,
Statistics,757,
Statistics,758,
Statistics,759,
Statistics,760,
Statistics,761,
Statistics,762,
Statistics,763,
Statistics,764,
Statistics,765,
Statistics,766,
Statistics,767,
Statistics,768,
Statistics,769,
Statistics,770,
Statistics,771,
Statistics,772,
Statistics,773,
Statistics,774,
Statistics,775,
Statistics,776,
Statistics,777,
Statistics,778,
Statistics,779,
Statistics,780,
Statistics,781,
Statistics,782,
Statistics,783,
Statistics,784,
Statistics,785,
Statistics,786,
Statistics,787,
Statistics,788,
Statistics,789,
Statistics,790,
Statistics,791,
Statistics,792,
Statistics,793,
Statistics,794,
Statistics,795,
Statistics,796,
Statistics,797,
Statistics,798,
Statistics,799,
Statistics,800,
Statistics,801,
Statistics,802,
Statistics,803,
Statistics,804,
Statistics,805,
Statistics,806,
Statistics,807,
Statistics,808,
Statistics,809,
Statistics,810,
Statistics,811,
Statistics,812,
Statistics,813,
Statistics,814,
Statistics,815,
Statistics,816,
Statistics,817,
Statistics,818,
Statistics,819,
Statistics,820,
Statistics,821,
Statistics,822,
Statistics,823,
Statistics,824,
Statistics,825,
Statistics,826,
Statistics,827,
Statistics,828,
Statistics,829,
Statistics,830,
Statistics,831,
Statistics,832,
Statistics,833,
Statistics,834,
Statistics,835,
Statistics,836,
Statistics,837,
Statistics,838,
Statistics,839,
Statistics,840,
Statistics,841,
Statistics,842,
Statistics,843,
Statistics,844,
Statistics,845,
Statistics,846,
Statistics,847,
Statistics,848,
Statistics,849,
Statistics,850,
Statistics,851,
Statistics,852,
Statistics,853,
Statistics,854,
Statistics,855,
Statistics,856,
Statistics,857,
Statistics,858,
Statistics,859,
Statistics,860,
Statistics,861,
Statistics,862,
Statistics,863,
Statistics,864,
Statistics,865,
Statistics,866,
Statistics,867,
Statistics,868,
Statistics,869,
Statistics,870,
Statistics,871,
Statistics,872,
Statistics,873,
Statistics,874,
Statistics,875,
Statistics,876,
Statistics,877,
Statistics,878,
Statistics,879,
Statistics,880,
Statistics,881,
Statistics,882,
Statistics,883,
Statistics,884,
Statistics,885,
Statistics,886,
Statistics,887,
Statistics,888,
Statistics,889,
Statistics,890,
Statistics,891,
Statistics,892,
Statistics,893,
Statistics,894,
Statistics,895,
Statistics,896,
Statistics,897,
Statistics,898,
Statistics,899,
Statistics,900,
Statistics,901,
Statistics,902,
Statistics,903,
Statistics,904,
Statistics,905,
Statistics,906,
Statistics,907,
Statistics,908,
Statistics,909,
Statistics,910,
Statistics,911,
Statistics,912,
Statistics,913,
Statistics,914,
Statistics,915,
Statistics,916,
Statistics,917,
Statistics,918,
Statistics,919,
Statistics,920,
Statistics,921,
Statistics,922,
Statistics,923,
Statistics,924,
Statistics,925,
Statistics,926,
Statistics,927,
Statistics,928,
Statistics,929,
Statistics,930,
Statistics,931,
Statistics,932,
Statistics,933,
Statistics,934,
Statistics,935,
Statistics,936,
Statistics,937,
Statistics,938,
Statistics,939,
Statistics,940,
Statistics,941,
Statistics,942,
Statistics,943,
Statistics,944,
Statistics,945,
Statistics,946,
Statistics,947,
Statistics,948,
Statistics,949,
Statistics,950,
Statistics,951,
Statistics,952,
Statistics,953,
Statistics,954,
Statistics,955,
Statistics,956,
Statistics,957,
Statistics,958,
Statistics,959,
Statistics,960,
Statistics,961,
Statistics,962,
Statistics,963,
Statistics,964,
Statistics,965,
Statistics,966,
Statistics,967,
Statistics,968,
Statistics,969,
Statistics,970,
Statistics,971,
Statistics,972,
Statistics,973,
Statistics,974,
Statistics,975,
Statistics,976,
Statistics,977,
Statistics,978,
Statistics,979,
Statistics,980,
Statistics,981,
Statistics,982,
Statistics,983,
Statistics,984,
Statistics,985,
Statistics,986,
Statistics,987,
Statistics,988,
Statistics,989,
Statistics,990,
Statistics,991,
Statistics,992,
Statistics,993,
Statistics,994,
Statistics,995,
Statistics,996,
Statistics,997,
Statistics,998,
Statistics,999,
Statistics,1000,
Statistics,1001,
Statistics,1002,
Statistics,1003,
Statistics,1004,
Statistics,1005,
Statistics,1006,
Statistics,1007,
Statistics,1008,
Statistics,1009,
Statistics,1010,
Statistics,1011,
Statistics,1012,
Statistics,1013,
Statistics,1014,
Statistics,1015,
Statistics,1016,
Statistics,1017,
Statistics,1018,
Statistics,1019,
Statistics,1020,
Statistics,1021,
Statistics,1022,
Statistics,1023,
Statistics,1024,
Statistics,1025,
Statistics,1026,
Statistics,1027,
Statistics,1028,
Statistics,1029,
Statistics,1030,
Statistics,1031,
Statistics,1032,
Statistics,1033,
Statistics,1034,
Statistics,1035,
Statistics,1036,
Statistics,1037,
Statistics,1038,
Statistics,1039,
Statistics,1040,
Statistics,1041,
Statistics,1042,
Statistics,1043,
Statistics,1044,
Statistics,1045,
Statistics,1046,
Statistics,1047,
Statistics,1048,
Statistics,1049,
Statistics,1050,
Statistics,1051,
Statistics,1052,
Statistics,1053,
Statistics,1054,
Statistics,1055,
Statistics,1056,
Statistics,1057,
Statistics,1058,
Statistics,1059,
Statistics,1060,
Statistics,1061,
Statistics,1062,
Statistics,1063,
Statistics,1064,
Statistics,1065,
Statistics,1066,
Statistics,1067,
Statistics,1068,
Statistics,1069,
Statistics,1070,
Statistics,1071,
Statistics,1072,
Statistics,1073,
Statistics,1074,
Statistics,1075,
Statistics,1076,
Statistics,1077,
Statistics,1078,
Statistics,1079,
Statistics,1080,
Statistics,1081,
Statistics,1082,
Statistics,1083,
Statistics,1084,
Statistics,1085,
Statistics,1086,
Statistics,1087,
Statistics,1088,
Statistics,1089,
Statistics,1090,
Statistics,1091,
Statistics,1092,
Statistics,1093,
Statistics,1094,
Statistics,1095,
Statistics,1096,
Statistics,1097,
Statistics,1098,
Statistics,1099,
Statistics,1100,
Statistics,1101,
Statistics,1102,
Statistics,1103,
Statistics,1104,
Statistics,1105,
Statistics,1106,
Statistics,1107,
Statistics,1108,
Statistics,1109,
Statistics,1110,
Statistics,1111,
Statistics,1112,
Statistics,1113,
Statistics,1114,
Statistics,1115,
Statistics,1116,
Statistics,1117,
Statistics,1118,
Statistics,1119,
Statistics,1120,
Statistics,1121,
Statistics,1122,
Statistics,1123,
Statistics,1124,
Statistics,1125,
Statistics,1126,
Statistics,1127,
Statistics,1128,
Statistics,1129,
Statistics,1130,
Statistics,1131,
Statistics,1132,
Statistics,1133,
Statistics,1134,
Statistics,1135,
Statistics,1136,
Statistics,1137,
Statistics,1138,
Statistics,1139,
Statistics,1140,
Statistics,1141,
Statistics,1142,
Statistics,1143,
Statistics,1144,
Statistics,1145,
Statistics,1146,
Statistics,1147,
Statistics,1148,
Statistics,1149,
Statistics,1150,
Statistics,1151,
Statistics,1152,
Statistics,1153,
Statistics,1154,
Statistics,1155,
Statistics,1156,
Statistics,1157,
Statistics,1158,
Statistics,1159,
Statistics,1160,
Statistics,1161,
Statistics,1162,
Statistics,1163,
Statistics,1164,
Statistics,1165,
Statistics,1166,
Statistics,1167,
Statistics,1168,
Statistics,1169,
Statistics,1170,
Statistics,1171,
Statistics,1172,
Statistics,1173,
Statistics,1174,
Statistics,1175,
Statistics,1176,
Statistics,1177,
Statistics,1178,
Statistics,1179,
Statistics,1180,
Statistics,1181,
Statistics,1182,
Statistics,1183,
Statistics,1184,
Statistics,1185,
Statistics,1186,
Statistics,1187,
Statistics,1188,
Statistics,1189,
Statistics,1190,
Statistics,1191,
Statistics,1192,
Statistics,1193,
Statistics,1194,
Statistics,1195,
Statistics,1196,
Statistics,1197,
Statistics,1198,
Statistics,1199,
Statistics,1200,
Statistics,1201,
Statistics,1202,
Statistics,1203,
Statistics,1204,
Statistics,1205,
Statistics,1206,
Statistics,1207,
Statistics,1208,
Statistics,1209,
Statistics,1210,
Statistics,1211,
Statistics,1212,
Statistics,1213,
Statistics,1214,
Statistics,1215,
Statistics,1216,
Statistics,1217,
Statistics,1218,
Statistics,1219,
Statistics,1220,
Statistics,1221,
Statistics,1222,
Statistics,1223,
Statistics,1224,
Statistics,1225,
Statistics,1226,
Statistics,1227,
Statistics,1228,
Statistics,1229,
Statistics,1230,
Statistics,1231,
Statistics,1232,
Statistics,1233,
Statistics,1234,
Statistics,1235,
Statistics,1236,
Statistics,1237,
Statistics,1238,
Statistics,1239,
Statistics,1240,
Statistics,1241,
Statistics,1242,
Statistics,1243,
Statistics,1244,
Statistics,1245,
Statistics,1246,
Statistics,1247,
Statistics,1248,
Statistics,1249,
Statistics,1250,
Statistics,1251,
Statistics,1252,
Statistics,1253,
Statistics,1254,
Statistics,1255,
Statistics,1256,
Statistics,1257,
Statistics,1258,
Statistics,1259,
Statistics,1260,
Statistics,1261,
Statistics,1262,
Statistics,1263,
Statistics,1264,
Statistics,1265,
Statistics,1266,
Statistics,1267,
Statistics,1268,
Statistics,1269,
Statistics,1270,
Statistics,1271,
Statistics,1272,
Statistics,1273,
Statistics,1274,
Statistics,1275,
Statistics,1276,
Statistics,1277,
Statistics,1278,
Statistics,1279,
Statistics,1280,
Statistics,1281,
Statistics,1282,
Statistics,1283,
Statistics,1284,
Statistics,1285,
Statistics,1286,
Statistics,1287,
Statistics,1288,
Statistics,1289,
Statistics,1290,
Statistics,1291,
Statistics,1292,
Statistics,1293,
Statistics,1294,
Statistics,1295,
Statistics,1296,
Statistics,1297,
Statistics,1298,
Statistics,1299,
Statistics,1300,
Statistics,1301,
Statistics,1302,
Statistics,1303,
Statistics,1304,
Statistics,1305,
Statistics,1306,
Statistics,1307,
Statistics,1308,
Statistics,1309,
Statistics,1310,
Statistics,1311,
Statistics,1312,
Statistics,1313,
Statistics,1314,
Statistics,1315,
Statistics,1316,
Statistics,1317,
Statistics,1318,
Statistics,1319,
Statistics,1320,
Statistics,1321,
Statistics,1322,
Statistics,1323,
Statistics,1324,
Statistics,1325,
Statistics,1326,
Statistics,1327,
Statistics,1328,
Statistics,1329,
Statistics,1330,
Statistics,1331,
Statistics,1332,
Statistics,1333,
Statistics,1334,
Statistics,1335,
Statistics,1336,
Statistics,1337,
Statistics,1338,
Statistics,1339,
Statistics,1340,
Statistics,1341,
Statistics,1342,
Statistics,1343,
Statistics,1344,
Statistics,1345,
Statistics,1346,
Statistics,1347,
Statistics,1348,
Statistics,1349,
Statistics,1350,
Statistics,1351,
Statistics,1352,
Statistics,1353,
Statistics,1354,
Statistics,1355,
Statistics,1356,
Statistics,1357,
Statistics,1358,
Statistics,1359,
Statistics,1360,
Statistics,1361,
Statistics,1362,
Statistics,1363,
Statistics,1364,
Statistics,1365,
Statistics,1366,
Statistics,1367,
Statistics,1368,
Statistics,1369,
Statistics,1370,
Statistics,1371,
Statistics,1372,
Statistics,1373,
Statistics,1374,
Statistics,1375,
Statistics,1376,
Statistics,1377,
Statistics,1378,
Statistics,1379,
Statistics,1380,
Statistics,1381,
Statistics,1382,
Statistics,1383,
Statistics,1384,
Statistics,1385,
Statistics,1386,
Statistics,1387,
Statistics,1388,
Statistics,1389,
Statistics,1390,
Statistics,1391,
Statistics,1392,
Statistics,1393,
Statistics,1394,
Statistics,1395,
Statistics,1396,
Statistics,1397,
Statistics,1398,
Statistics,1399,
Statistics,1400,
Statistics,1401,
Statistics,1402,
Statistics,1403,
Statistics,1404,
Statistics,1405,
Statistics,1406,
Statistics,1407,
Statistics,1408,
Statistics,1409,
Statistics,1410,
Statistics,1411,
Statistics,1412,
Statistics,1413,
Statistics,1414,
Statistics,1415,
Statistics,1416,
Statistics,1417,
Statistics,1418,
Statistics,1419,
Statistics,1420,
Statistics,1421,
Statistics,1422,
Statistics,1423,
Statistics,1424,
Statistics,1425,
Statistics,1426,
Statistics,1427,
Statistics,1428,
Statistics,1429,
Statistics,1430,
Statistics,1431,
Statistics,1432,
Statistics,1433,
Statistics,1434,
Statistics,1435,
Statistics,1436,
Statistics,1437,
Statistics,1438,
imputation values,0,Code values for item imputation variables Xvarname
imputation values,1,CodeValue,ValueLabel
imputation values,2,A,Not applicable
imputation values,3,B,Institution left item blank
imputation values,4,C,Analyst corrected reported value
imputation values,5,D,Do not know
imputation values,6,G,Data generated from other data values
imputation values,7,H,Value not derived - data not usable
imputation values,8,J,Logical imputation
imputation values,9,K,Ratio adjustment 
imputation values,10,L,Imputed using the Group Median procedure
imputation values,11,N,Imputed using Nearest Neighbor procedure
imputation values,12,P,Imputed using Carry Forward procedure
imputation values,13,R,Reported
imputation values,14,Z,Implied zero;
