sheet,row_idx,col_1,col_2,col_3,col_4,col_5,col_6,col_7,col_8,col_9,col_10,col_11,col_12,col_13,col_14,col_15,col_16,col_17,col_18,col_19,col_20,col_21,col_22,col_23,col_24,col_25,col_26,col_27,col_28,col_29,col_30,col_31,col_32,col_33,col_34,col_35,col_36,col_37,col_38,col_39,col_40,col_41,col_42,col_43,col_44,col_45,col_46,col_47,col_48,col_49,col_50
Introduction,0,"File Documentation for the Student Financial Aid Data File, 2020-21",,,,,,,,,
Introduction,1,(Final/revised release),,,,,,,,,
Introduction,2,Filename,SFA2021
Introduction,3,  Provisional release:,October 2022
Introduction,4,Filename,SFA2021_RV
Introduction,5,  Final/revised release:,November 2023
Introduction,6,,
Introduction,7,Overview,"This file contains data on the number of full-time, first-time degree/certificate-seeking undergraduate students and all undergraduate students who receive different types of student financial aid, including grants and loans, from different sources at each institution. Sources and types of aid reported for full-time, first-time degree/certificate-seeking undergraduate students include federal grants, Pell grants, other federal grants, state/local grants, grants from the institution, federal and nonfederal student loans. Types of aid reported for all undergraduates include total grants, Pell grants and federal loans. Included are the total and average dollar amount of aid received by these students. This file also contains the average net price at each institution for the following two groups: (1) full-time, first-time degree/certificate-seeking undergraduate students who receive grant and scholarship aid; and (2) full-time, first-time degree/certificate-seeking undergraduate students who receive Title IV federal student aid. For public institutions, group 1 and group 2 include only students who pay the in-district or in-state tuition rate.


",,,,,,,,
Introduction,8,,,,,,,,,,
Introduction,9,Note:,"Provisional release data have undergone all NCES data quality control procedures. Data are imputed for nonresponding institutions. These data are used for First Look (Provisional Data) Web tables. Final release data include revisions to the provisional release data that have been made by institutions during the subsequent data collection year. The final release data can be used when the most up to date data are required; however, these data may not match First Look Web tables based on provisional data. ",,,,,,,,
Introduction,10
Introduction,11,Contents of spreadsheet,,,,,,,,,
Introduction,12,Varlist,"Variable list: Lists all variables in the table. Includes the variable name, variable label and the Data type, format and maximum field width of each variable.  The data type describes a variable as either a numeric (N) or Alphanumeric (A) and the format of a variable defines a variable as either continuous (Cont) or categorical (Disc).  It all also lists the variable name of all imputation flag variables for each continuous variable. Imputation flag variable describes whether a value for the corresponding variable was reported, imputed or not applicable.",,,,,,,,
Introduction,13,Description,Long description or glossary definition of a variable. ,,,,,,,,
Introduction,14,Statistics,"This worksheet lists the sum, mean, minimum and maximum values of all continuous variables in the data file. (provisional release)",,,,,,,,
Introduction,15,StatisticsRV,"This worksheet lists the sum, mean, minimum and maximum values of all continuous variables in the data file.(final/revised release)",,,,,,,,
Introduction,16,Imputation code values,This worksheet lists the code values for all imputation flag variables.,,,,,,,,
varlist,0,varnumber,varname,DataType,Fieldwidth,format,imputationvar,varTitle
varlist,1,1,UNITID,N,6,Cont,,Unique identification number of the institution
varlist,2,70291,SCUGRAD,N,6,Cont,XSCUGRAD,Total number of undergraduates - financial aid cohort
varlist,3,70286,SCUGFFN,N,6,Cont,XSCUGFFN,Total number of full-time first-time degree/certificate seeking undergraduates - financial aid cohort
varlist,4,70296,SCUGFFP,N,6,Cont,XSCUGFFP,Full-time first-time degree/certificate seeking undergraduates as a percent of all undergraduates - financial aid cohort
varlist,5,70176,SCFA2,N,6,Cont,XSCFA2,Total number of undergraduates - fall cohort
varlist,6,70126,SCFA1N,N,6,Cont,XSCFA1N,Number of students in fall cohort
varlist,7,70131,SCFA1P,N,3,Cont,XSCFA1P,Students in fall cohort as a percentage of all undergraduates
varlist,8,70136,SCFA11N,N,6,Cont,XSCFA11N,Number of students in fall cohort who are paying in-district tuition rates
varlist,9,70141,SCFA11P,N,3,Cont,XSCFA11P,Percentage of students in fall cohort who are paying in-district tuition rates
varlist,10,70146,SCFA12N,N,6,Cont,XSCFA12N,Number of students in fall cohort who are paying in-state tuititon rates
varlist,11,70151,SCFA12P,N,3,Cont,XSCFA12P,Percentage of students in fall cohort who paying in-state tuition rates
varlist,12,70156,SCFA13N,N,6,Cont,XSCFA13N,Number of students in fall cohort who are paying out-of-state tuition rates
varlist,13,70161,SCFA13P,N,3,Cont,XSCFA13P,Percentage of students in fall cohort who are paying out-of-state tuition rates
varlist,14,70166,SCFA14N,N,6,Cont,XSCFA14N,Number of students in fall cohort whose residence/tuition rate is unknown
varlist,15,70171,SCFA14P,N,3,Cont,XSCFA14P,Percentage of students in fall cohort whose residence/ tuition rate is unknown
varlist,16,70191,SCFY2,N,6,Cont,XSCFY2,Total number of undergraduates - full-year cohort
varlist,17,70181,SCFY1N,N,6,Cont,XSCFY1N,Number of students in full-year cohort
varlist,18,70186,SCFY1P,N,3,Cont,XSCFY1P,Students in full-year cohort as a percentage of all  undergraduates
varlist,19,70401,UAGRNTN,N,6,Cont,XUAGRNTN,"Number of undergraduate students awarded federal, state, local, institutional or other sources of grant aid"
varlist,20,70406,UAGRNTP,N,3,Cont,XUAGRNTP,"Percent of undergraduate students awarded federal, state, local, institutional or other sources of grant aid"
varlist,21,70301,UAGRNTT,N,10,Cont,XUAGRNTT,"Total amount of federal, state, local, institutional or other sources of grant aid awarded to undergraduate students"
varlist,22,70411,UAGRNTA,N,6,Cont,XUAGRNTA,"Average amount of federal, state, local, institutional or other sources of grant aid awarded to undergraduate students"
varlist,23,70306,UPGRNTN,N,6,Cont,XUPGRNTN,Number of undergraduate students awarded Pell grants
varlist,24,70416,UPGRNTP,N,3,Cont,XUPGRNTP,Percent of undergraduate students awarded Pell grants
varlist,25,70421,UPGRNTT,N,10,Cont,XUPGRNTT,Total amount of Pell grant aid awarded to undergraduate students
varlist,26,70426,UPGRNTA,N,6,Cont,XUPGRNTA,Average amount Pell grant aid awarded to undergraduate students
varlist,27,70431,UFLOANN,N,6,Cont,XUFLOANN,Number of undergraduate students awarded federal student loans
varlist,28,70436,UFLOANP,N,3,Cont,XUFLOANP,Percent of undergraduate students awarded federal student loans
varlist,29,70441,UFLOANT,N,10,Cont,XUFLOANT,Total amount of federal student loans awarded to undergraduate students
varlist,30,70446,UFLOANA,N,6,Cont,XUFLOANA,Average amount of federal student loans awarded to undergraduate students
varlist,31,70196,ANYAIDN,N,6,Cont,XANYAIDN,Number of full-time first-time undergraduates awarded any financial aid
varlist,32,70201,ANYAIDP,N,3,Cont,XANYAIDP,Percent of full-time first-time undergraduates awarded any financial aid
varlist,33,71099,AIDFSIN,N,6,Cont,XAIDFSIN,Number of full-time first-time undergraduates awarded any loans to students or grant aid  from federal state/local government or the institution
varlist,34,71100,AIDFSIP,N,3,Cont,XAIDFSIP,Percent of full-time first-time undergraduates awarded any loans to students or grant aid  from federal state/local government or the institution
varlist,35,70311,AGRNT_N,N,6,Cont,XAGRNT_N,"Number of full-time first-time undergraduates awarded federal, state, local or institutional grant aid"
varlist,36,70316,AGRNT_P,N,6,Cont,XAGRNT_P,"Percent of full-time first-time undergraduates awarded federal, state, local or institutional grant aid"
varlist,37,70451,AGRNT_T,N,10,Cont,XAGRNT_T,"Total amount of federal, state, local or institutional grant aid awarded to full-time first-time undergraduates"
varlist,38,70321,AGRNT_A,N,6,Cont,XAGRNT_A,"Average amount of federal, state, local or institutional grant aid awarded"
varlist,39,70206,FGRNT_N,N,6,Cont,XFGRNT_N,Number of full-time first-time undergraduates awarded federal grant aid
varlist,40,70211,FGRNT_P,N,3,Cont,XFGRNT_P,Percent of full-time first-time undergraduates awarded federal grant aid
varlist,41,70456,FGRNT_T,N,10,Cont,XFGRNT_T,Total amount of federal grant aid awarded to full-time first-time undergraduates
varlist,42,70216,FGRNT_A,N,6,Cont,XFGRNT_A,Average amount of federal grant aid awarded to full-time first-time undergraduates
varlist,43,70326,PGRNT_N,N,6,Cont,XPGRNT_N,Number of full-time first-time undergraduates awarded Pell grants
varlist,44,70331,PGRNT_P,N,6,Cont,XPGRNT_P,Percent of full-time first-time undergraduates awarded Pell grants
varlist,45,70461,PGRNT_T,N,10,Cont,XPGRNT_T,Total amount of Pell grant aid awarded to full-time first-time undergraduates
varlist,46,70336,PGRNT_A,N,6,Cont,XPGRNT_A,Average amount of Pell grant aid awarded to full-time first-time undergraduates
varlist,47,70341,OFGRT_N,N,6,Cont,XOFGRT_N,Number of full-time first-time undergraduates awarded other federal grant aid
varlist,48,70346,OFGRT_P,N,6,Cont,XOFGRT_P,Percent of full-time first-time undergraduates awarded other federal grant aid
varlist,49,70466,OFGRT_T,N,10,Cont,XOFGRT_T,Total amount of other federal grant aid awarded to full-time first-time undergraduates
varlist,50,70351,OFGRT_A,N,6,Cont,XOFGRT_A,Average amount of other federal grant aid awarded to full-time first-time undergraduates
varlist,51,70221,SGRNT_N,N,6,Cont,XSGRNT_N,Number of full-time first-time undergraduates awarded state/local grant aid
varlist,52,70226,SGRNT_P,N,3,Cont,XSGRNT_P,Percent of full-time first-time undergraduates awarded state/local grant aid
varlist,53,70471,SGRNT_T,N,10,Cont,XSGRNT_T,Total amount of state/local grant aid awarded to full-time first-time undergraduates
varlist,54,70231,SGRNT_A,N,6,Cont,XSGRNT_A,Average amount of state/local grant aid awarded to full-time first-time undergraduates
varlist,55,70236,IGRNT_N,N,6,Cont,XIGRNT_N,Number of full-time first-time undergraduates awarded  institutional grant aid
varlist,56,70241,IGRNT_P,N,3,Cont,XIGRNT_P,Percent of full-time first-time undergraduates awarded institutional grant aid
varlist,57,70476,IGRNT_T,N,10,Cont,XIGRNT_T,Total amount of institutional grant aid awarded to full-time first-time undergraduates
varlist,58,70246,IGRNT_A,N,6,Cont,XIGRNT_A,Average amount of institutional grant aid awarded to full-time first-time undergraduates
varlist,59,70251,LOAN_N,N,6,Cont,XLOAN_N,Number of full-time first-time undergraduates awarded student loans
varlist,60,70256,LOAN_P,N,3,Cont,XLOAN_P,Percent of full-time first-time undergraduates awarded student loans
varlist,61,70481,LOAN_T,N,10,Cont,XLOAN_T,Total amount of student loans awarded to full-time first-time undergraduates
varlist,62,70261,LOAN_A,N,6,Cont,XLOAN_A,Average amount of student loans awarded to full-time first-time undergraduates
varlist,63,70356,FLOAN_N,N,6,Cont,XFLOAN_N,Number of full-time first-time undergraduates awarded federal student loans
varlist,64,70361,FLOAN_P,N,6,Cont,XFLOAN_P,Percent of full-time first-time undergraduates awarded federal student loans
varlist,65,70486,FLOAN_T,N,10,Cont,XFLOAN_T,Total amount of federal student loans awarded to full-time first-time undergraduates
varlist,66,70366,FLOAN_A,N,6,Cont,XFLOAN_A,Average amount of federal student loans awarded to full-time first-time undergraduates
varlist,67,70371,OLOAN_N,N,6,Cont,XOLOAN_N,Number of full-time first-time undergraduates awarded other student loans
varlist,68,70376,OLOAN_P,N,6,Cont,XOLOAN_P,Percent of full-time first-time undergraduates awarded other student loans
varlist,69,70491,OLOAN_T,N,10,Cont,XOLOAN_T,Total amount of other student loans awarded to full-time first-time undergraduates
varlist,70,70381,OLOAN_A,N,6,Cont,XOLOAN_A,Average amount of other student loans awarded to full-time first-time undergraduates
varlist,71,70496,GISTN2,N,6,Cont,XGISTN2,"Total number, 2020-21"
varlist,72,70501,GISTON2,N,6,Cont,XGISTON2,"Number living on-campus, 2020-21"
varlist,73,70506,GISTWF2,N,6,Cont,XGISTWF2,"Number living off-campus with family, 2020-21"
varlist,74,70511,GISTOF2,N,6,Cont,XGISTOF2,"Number living off-campus not with family, 2020-21"
varlist,75,70516,GISTUN2,N,6,Cont,XGISTUN2,"Number living arrangement unknown, 2020-21"
varlist,76,70521,GISTT2,N,10,Cont,XGISTT2,"Total amount of grant and scholarship aid awarded, 2020-21"
varlist,77,70526,GISTA2,N,6,Cont,XGISTA2,"Average amount of grant and scholarship aid awarded, 2020-21"
varlist,78,70531,GISTN1,N,6,Cont,XGISTN1,"Total number, 2019-20"
varlist,79,70536,GISTON1,N,6,Cont,XGISTON1,"Number living on-campus, 2019-20"
varlist,80,70541,GISTWF1,N,6,Cont,XGISTWF1,"Number living off-campus with family, 2019-20"
varlist,81,70546,GISTOF1,N,6,Cont,XGISTOF1,"Number living off-campus not with family, 2019-20"
varlist,82,70551,GISTUN1,N,6,Cont,XGISTUN1,"Number living arrangement unknown, 2019-20"
varlist,83,70556,GISTT1,N,10,Cont,XGISTT1,"Total amount of grant and scholarship aid awarded, 2019-20"
varlist,84,70561,GISTA1,N,6,Cont,XGISTA1,"Average amount of grant and scholarship aid awarded, 2019-20"
varlist,85,70566,GISTN0,N,6,Cont,XGISTN0,"Total number, 2018-19"
varlist,86,70571,GISTON0,N,6,Cont,XGISTON0,"Number living on-campus, 2018-19"
varlist,87,70576,GISTWF0,N,6,Cont,XGISTWF0,"Number living off-campus with family, 2018-19"
varlist,88,70581,GISTOF0,N,6,Cont,XGISTOF0,"Number living off-campus not with family, 2018-19"
varlist,89,70586,GISTUN0,N,6,Cont,XGISTUN0,"Number living arrangement unknown, 2018-19"
varlist,90,70591,GISTT0,N,10,Cont,XGISTT0,"Total amount of grant and scholarship aid awarded, 2018-19"
varlist,91,70596,GISTA0,N,6,Cont,XGISTA0,"Average amount of grant and scholarship aid awarded, 2018-19"
varlist,92,70601,GIS4N2,N,6,Cont,XGIS4N2,"Total number in all income levels, 2020-21"
varlist,93,70606,GIS4ON2,N,6,Cont,XGIS4ON2,"Number living on-campus in all income levels, 2020-21"
varlist,94,70611,GIS4WF2,N,6,Cont,XGIS4WF2,"Number living off-campus with family in all income levels, 2020-21"
varlist,95,70616,GIS4OF2,N,6,Cont,XGIS4OF2,"Number living off-campus not with family in all income levels, 2020-21"
varlist,96,70621,GIS4UN2,N,6,Cont,XGIS4UN2,"Number living arrangement unknown in all income levels, 2020-21"
varlist,97,70626,GIS4T2,N,10,Cont,XGIS4T2,"Total amount of grant and scholarship aid awarded, all income levels, 2020-21"
varlist,98,70631,GIS4A2,N,6,Cont,XGIS4A2,"Average amount of grant and scholarship aid awarded, all income levels, 2020-21"
varlist,99,70636,GIS4N12,N,6,Cont,XGIS4N12,"Number in income level (0-30,000), 2020-21"
varlist,100,70641,GIS4T12,N,10,Cont,XGIS4T12,"Total amount of grant and scholarship aid awarded, income level (0-30,000), 2020-21"
varlist,101,70646,GIS4A12,N,6,Cont,XGIS4A12,"Average amount of grant and scholarship aid awarded, income level (0-30,000), 2020-21"
varlist,102,70651,GIS4N22,N,6,Cont,XGIS4N22,"Number in income level (30,001-48,000), 2020-21"
varlist,103,70656,GIS4T22,N,10,Cont,XGIS4T22,"Total amount of grant and scholarship aid awarded, income level (30,001-48,000), 2020-21"
varlist,104,70661,GIS4A22,N,6,Cont,XGIS4A22,"Average amount of grant and scholarship aid awarded, income level (30,001-48,000), 2020-21"
varlist,105,70666,GIS4N32,N,6,Cont,XGIS4N32,"Number in income level (48,001-75,000), 2020-21"
varlist,106,70671,GIS4T32,N,10,Cont,XGIS4T32,"Total amount of grant and scholarship aid awarded, income level (48,001-75,000), 2020-21"
varlist,107,70676,GIS4A32,N,6,Cont,XGIS4A32,"Average amount of grant and scholarship aid awarded, income level (48,001-75,000), 2020-21"
varlist,108,70681,GIS4N42,N,6,Cont,XGIS4N42,"Number in income level (75,001-110,000), 2020-21"
varlist,109,70686,GIS4T42,N,10,Cont,XGIS4T42,"Total amount of grant and scholarship aid awarded, income level (75,001-110,000), 2020-21"
varlist,110,70691,GIS4A42,N,6,Cont,XGIS4A42,"Average amount of grant and scholarship aid awarded, income level (75,001-110,000), 2020-21"
varlist,111,70696,GIS4N52,N,6,Cont,XGIS4N52,"Number in income level (110,001 or more), 2020-21"
varlist,112,70701,GIS4T52,N,10,Cont,XGIS4T52,"Total amount of grant and scholarship aid awarded, income level (110,001 or more), 2020-21"
varlist,113,70706,GIS4A52,N,6,Cont,XGIS4A52,"Average amount of grant and scholarship aid awarded, income level (110,001 or more), 2020-21"
varlist,114,71101,GIS4N1,N,6,Cont,XGIS4N1,"Total number in all income levels, 2019-20"
varlist,115,71106,GIS4ON1,N,6,Cont,XGIS4ON1,"Number living on-campus in all income levels, 2019-20"
varlist,116,71111,GIS4WF1,N,6,Cont,XGIS4WF1,"Number living off-campus with family in all income levels, 2019-20"
varlist,117,71116,GIS4OF1,N,6,Cont,XGIS4OF1,"Number living off-campus not with family in all income levels, 2019-20"
varlist,118,71121,GIS4UN1,N,6,Cont,XGIS4UN1,"Number living arrangement unknown in all income levels, 2019-20"
varlist,119,71126,GIS4T1,N,10,Cont,XGIS4T1,"Total amount of grant and scholarship aid awarded, all income levels, 2019-20"
varlist,120,71131,GIS4A1,N,6,Cont,XGIS4A1,"Average amount of grant and scholarship aid awarded, all income levels, 2019-20"
varlist,121,71136,GIS4N11,N,6,Cont,XGIS4N11,"Number in income level (0-30,000), 2019-20"
varlist,122,71141,GIS4T11,N,10,Cont,XGIS4T11,"Total amount of grant and scholarship aid awarded, income level (0-30,000), 2019-20"
varlist,123,71146,GIS4A11,N,6,Cont,XGIS4A11,"Average amount of grant and scholarship aid awarded, income level (0-30,000), 2019-20"
varlist,124,71151,GIS4N21,N,6,Cont,XGIS4N21,"Number in income level (30,001-48,000), 2019-20"
varlist,125,71156,GIS4T21,N,10,Cont,XGIS4T21,"Total amount of grant and scholarship aid awarded, income level (30,001-48,000), 2019-20"
varlist,126,71161,GIS4A21,N,6,Cont,XGIS4A21,"Average amount of grant and scholarship aid awarded, income level (30,001-48,000), 2019-20"
varlist,127,71166,GIS4N31,N,6,Cont,XGIS4N31,"Number in income level (48,001-75,000), 2019-20"
varlist,128,71171,GIS4T31,N,10,Cont,XGIS4T31,"Total amount of grant and scholarship aid awarded, income level (48,001-75,000), 2019-20"
varlist,129,71176,GIS4A31,N,6,Cont,XGIS4A31,"Average amount of grant and scholarship aid awarded, income level (48,001-75,000), 2019-20"
varlist,130,71181,GIS4N41,N,6,Cont,XGIS4N41,"Number in income level (75,001-110,000), 2019-20"
varlist,131,71186,GIS4T41,N,10,Cont,XGIS4T41,"Total amount of grant and scholarship aid awarded, income level (75,001-110,000), 2019-20"
varlist,132,71191,GIS4A41,N,6,Cont,XGIS4A41,"Average amount of grant and scholarship aid awarded, income level (75,001-110,000), 2019-20"
varlist,133,71196,GIS4N51,N,6,Cont,XGIS4N51,"Number in income level (110,001 or more), 2019-20"
varlist,134,71201,GIS4T51,N,10,Cont,XGIS4T51,"Total amount of grant and scholarship aid awarded, income level (110,001 or more), 2019-20"
varlist,135,71206,GIS4A51,N,6,Cont,XGIS4A51,"Average amount of grant and scholarship aid awarded, income level (110,001 or more), 2019-20"
varlist,136,71401,GIS4N0,N,6,Cont,XGIS4N0,"Total number in all income levels, 2018-19"
varlist,137,71406,GIS4ON0,N,6,Cont,XGIS4ON0,"Number living on-campus in all income levels, 2018-19"
varlist,138,71411,GIS4WF0,N,6,Cont,XGIS4WF0,"Number living off-campus with family in all income levels, 2018-19"
varlist,139,71416,GIS4OF0,N,6,Cont,XGIS4OF0,"Number living off-campus not with family in all income levels, 2018-19"
varlist,140,71421,GIS4UN0,N,6,Cont,XGIS4UN0,"Number living arrangement unknown in all income levels, 2018-19"
varlist,141,71426,GIS4T0,N,10,Cont,XGIS4T0,"Total amount of grant and scholarship aid awarded, all income levels, 2018-19"
varlist,142,71431,GIS4A0,N,6,Cont,XGIS4A0,"Average amount of grant and scholarship aid awarded, all income levels, 2018-19"
varlist,143,71436,GIS4N10,N,6,Cont,XGIS4N10,"Number in income level (0-30,000), 2018-19"
varlist,144,71441,GIS4T10,N,10,Cont,XGIS4T10,"Total amount of grant and scholarship aid awarded, income level (0-30,000), 2018-19"
varlist,145,71446,GIS4A10,N,6,Cont,XGIS4A10,"Average amount of grant and scholarship aid awarded, income level (0-30,000), 2018-19"
varlist,146,71451,GIS4N20,N,6,Cont,XGIS4N20,"Number in income level (30,001-48,000), 2018-19"
varlist,147,71456,GIS4T20,N,10,Cont,XGIS4T20,"Total amount of grant and scholarship aid awarded, income level (30,001-48,000), 2018-19"
varlist,148,71461,GIS4A20,N,6,Cont,XGIS4A20,"Average amount of grant and scholarship aid awarded, income level (30,001-48,000), 2018-19"
varlist,149,71466,GIS4N30,N,6,Cont,XGIS4N30,"Number in income level (48,001-75,000), 2018-19"
varlist,150,71471,GIS4T30,N,10,Cont,XGIS4T30,"Total amount of grant and scholarship aid awarded, income level (48,001-75,000), 2018-19"
varlist,151,71476,GIS4A30,N,6,Cont,XGIS4A30,"Average amount of grant and scholarship aid awarded, income level (48,001-75,000), 2018-19"
varlist,152,71481,GIS4N40,N,6,Cont,XGIS4N40,"Number in income level (75,001-110,000), 2018-19"
varlist,153,71486,GIS4T40,N,10,Cont,XGIS4T40,"Total amount of grant and scholarship aid awarded, income level (75,001-110,000), 2018-19"
varlist,154,71491,GIS4A40,N,6,Cont,XGIS4A40,"Average amount of grant and scholarship aid awarded, income level (75,001-110,000), 2018-19"
varlist,155,71496,GIS4N50,N,6,Cont,XGIS4N50,"Number in income level (110,001 or more), 2018-19"
varlist,156,71501,GIS4T50,N,10,Cont,XGIS4T50,"Total amount of grant and scholarship aid awarded, income level (110,001 or more), 2018-19"
varlist,157,71506,GIS4A50,N,6,Cont,XGIS4A50,"Average amount of grant and scholarship aid awarded, income level (110,001 or more), 2018-19"
varlist,158,71802,GIS4G2,N,6,Cont,XGIS4G2,"Number awarded grant and scholarship aid, all income levels, 2020-21"
varlist,159,71807,GIS4G12,N,6,Cont,XGIS4G12,"Number awarded grant and scholarship aid, income level (0-30,000), 2020-21"
varlist,160,71812,GIS4G22,N,6,Cont,XGIS4G22,"Number awarded grant and scholarship aid, income level (30,001-48,000), 2020-21"
varlist,161,71817,GIS4G32,N,6,Cont,XGIS4G32,"Number awarded grant and scholarship aid, income level (48,001-75,000), 2020-21"
varlist,162,71822,GIS4G42,N,6,Cont,XGIS4G42,"Number awarded grant and scholarship aid, income level (75,001-110,000), 2020-21"
varlist,163,71827,GIS4G52,N,6,Cont,XGIS4G52,"Number awarded grant and scholarship aid, income level (110,001 or more), 2020-21"
varlist,164,71832,GIS4G1,N,6,Cont,XGIS4G1,"Number awarded grant and scholarship aid, all income levels, 2019-20"
varlist,165,71837,GIS4G11,N,6,Cont,XGIS4G11,"Number awarded grant and scholarship aid, income level (0-30,000), 2019-20"
varlist,166,71842,GIS4G21,N,6,Cont,XGIS4G21,"Number awarded grant and scholarship aid, income level (30,001-48,000), 2019-20"
varlist,167,71847,GIS4G31,N,6,Cont,XGIS4G31,"Number awarded grant and scholarship aid, income level (48,001-75,000), 2019-20"
varlist,168,71852,GIS4G41,N,6,Cont,XGIS4G41,"Number awarded grant and scholarship aid, income level (75,001-110,000), 2019-20"
varlist,169,71857,GIS4G51,N,6,Cont,XGIS4G51,"Number awarded grant and scholarship aid, income level (110,001 or more), 2019-20"
varlist,170,71862,GIS4G0,N,6,Cont,XGIS4G0,"Number awarded grant and scholarship aid, all income levels, 2018-19"
varlist,171,71867,GIS4G10,N,6,Cont,XGIS4G10,"Number awarded grant and scholarship aid, income level (0-30,000), 2018-19"
varlist,172,71872,GIS4G20,N,6,Cont,XGIS4G20,"Number awarded grant and scholarship aid, income level (30,001-48,000), 2018-19"
varlist,173,71877,GIS4G30,N,6,Cont,XGIS4G30,"Number awarded grant and scholarship aid, income level (48,001-75,000), 2018-19"
varlist,174,71882,GIS4G40,N,6,Cont,XGIS4G40,"Number awarded grant and scholarship aid, income level (75,001-110,000), 2018-19"
varlist,175,71887,GIS4G50,N,6,Cont,XGIS4G50,"Number awarded grant and scholarship aid, income level (110,001 or more), 2018-19"
varlist,176,70711,NPIST2,N,6,Cont,XNPIST2,"Average net price-students awarded grant or scholarship aid, 2020-21"
varlist,177,70716,NPIST1,N,6,Cont,XNPIST1,"Average net price-students awarded grant or scholarship aid, 2019-20"
varlist,178,70721,NPIST0,N,6,Cont,XNPIST0,"Average net price-students awarded grant or scholarship aid, 2018-19"
varlist,179,70726,NPIS412,N,6,Cont,XNPIS412,"Average net price (income 0-30,000)-students awarded Title IV federal financial aid, 2020-21"
varlist,180,70731,NPIS422,N,6,Cont,XNPIS422,"Average net price (income 30,001-48,000)-students awarded Title IV federal financial aid, 2020-21"
varlist,181,70736,NPIS432,N,6,Cont,XNPIS432,"Average net price (income 48,001-75,000)-students awarded Title IV federal financial aid, 2020-21"
varlist,182,70741,NPIS442,N,6,Cont,XNPIS442,"Average net price (income 75,001-110,000)-students awarded Title IV federal financial aid, 2020-21"
varlist,183,70746,NPIS452,N,6,Cont,XNPIS452,"Average net price (income over 110,000)-students awarded Title IV federal financial aid, 2020-21"
varlist,184,71216,NPIS411,N,6,Cont,XNPIS411,"Average net price (income 0-30,000)-students awarded Title IV federal financial aid, 2019-20"
varlist,185,71221,NPIS421,N,6,Cont,XNPIS421,"Average net price (income 30,001-48,000)-students awarded Title IV federal financial aid, 2019-20"
varlist,186,71226,NPIS431,N,6,Cont,XNPIS431,"Average net price (income 48,001-75,000)-students awarded Title IV federal financial aid, 2019-20"
varlist,187,71231,NPIS441,N,6,Cont,XNPIS441,"Average net price (income 75,001-110,000)-students awarded Title IV federal financial aid, 2019-20"
varlist,188,71236,NPIS451,N,6,Cont,XNPIS451,"Average net price (income over 110,000)-students awarded Title IV federal financial aid, 2019-20"
varlist,189,71516,NPIS410,N,6,Cont,XNPIS410,"Average net price (income 0-30,000)-students awarded Title IV federal financial aid, 2018-19"
varlist,190,71521,NPIS420,N,6,Cont,XNPIS420,"Average net price (income 30,001-48,000)-students awarded Title IV federal financial aid, 2018-19"
varlist,191,71526,NPIS430,N,6,Cont,XNPIS430,"Average net price (income 48,001-75,000)-students awarded Title IV federal financial aid, 2018-19"
varlist,192,71531,NPIS440,N,6,Cont,XNPIS440,"Average net price (income 75,001-110,000)-students awarded Title IV federal financial aid, 2018-19"
varlist,193,71536,NPIS450,N,6,Cont,XNPIS450,"Average net price (income over 110,000)-students awarded Title IV federal financial aid, 2018-19"
varlist,194,70751,GRNTN2,N,6,Cont,XGRNTN2,"Total number, 2020-21"
varlist,195,70756,GRNTON2,N,6,Cont,XGRNTON2,"Number living on-campus, 2020-21"
varlist,196,70761,GRNTWF2,N,6,Cont,XGRNTWF2,"Number living off-campus with family, 2020-21"
varlist,197,70766,GRNTOF2,N,6,Cont,XGRNTOF2,"Number living off-campus not with family, 2020-21"
varlist,198,70771,GRNTUN2,N,6,Cont,XGRNTUN2,"Number living arrangement unknown, 2020-21"
varlist,199,70776,GRNTT2,N,10,Cont,XGRNTT2,"Total amount of grant and scholarship aid awarded, 2020-21"
varlist,200,70781,GRNTA2,N,6,Cont,XGRNTA2,"Average amount of grant and scholarship aid awarded, 2020-21"
varlist,201,70786,GRNTN1,N,6,Cont,XGRNTN1,"Total number, 2019-20"
varlist,202,70791,GRNTON1,N,6,Cont,XGRNTON1,"Number living on-campus, 2019-20"
varlist,203,70796,GRNTWF1,N,6,Cont,XGRNTWF1,"Number living off-campus with family, 2019-20"
varlist,204,70801,GRNTOF1,N,6,Cont,XGRNTOF1,"Number living off-campus not with family, 2019-20"
varlist,205,70806,GRNTUN1,N,6,Cont,XGRNTUN1,"Number living arrangement unknown, 2019-20"
varlist,206,70811,GRNTT1,N,10,Cont,XGRNTT1,"Total amount of grant and scholarship aid awarded, 2019-20"
varlist,207,70816,GRNTA1,N,6,Cont,XGRNTA1,"Average amount of grant and scholarship aid awarded, 2019-20"
varlist,208,70821,GRNTN0,N,6,Cont,XGRNTN0,"Total number, 2018-19"
varlist,209,70826,GRNTON0,N,6,Cont,XGRNTON0,"Number living on-campus, 2018-19"
varlist,210,70831,GRNTWF0,N,6,Cont,XGRNTWF0,"Number living off-campus with family, 2018-19"
varlist,211,70836,GRNTOF0,N,6,Cont,XGRNTOF0,"Number living off-campus not with family, 2018-19"
varlist,212,70841,GRNTUN0,N,6,Cont,XGRNTUN0,"Number living arrangement unknown, 2018-19"
varlist,213,70846,GRNTT0,N,10,Cont,XGRNTT0,"Total amount of grant and scholarship aid awarded, 2018-19"
varlist,214,70851,GRNTA0,N,6,Cont,XGRNTA0,"Average amount of grant and scholarship aid awarded, 2018-19"
varlist,215,70856,GRN4N2,N,6,Cont,XGRN4N2,"Total number in all income levels, 2020-21"
varlist,216,70861,GRN4ON2,N,6,Cont,XGRN4ON2,"Number living on-campus in all income levels, 2020-21"
varlist,217,70866,GRN4WF2,N,6,Cont,XGRN4WF2,"Number living off-campus with family in all income levels, 2020-21"
varlist,218,70871,GRN4OF2,N,6,Cont,XGRN4OF2,"Number living off-campus not with family in all income levels, 2020-21"
varlist,219,70876,GRN4UN2,N,6,Cont,XGRN4UN2,"Number living arrangement unknown in all income levels, 2020-21"
varlist,220,70881,GRN4T2,N,10,Cont,XGRN4T2,"Total amount of grant and scholarship aid awarded, all income levels, 2020-21"
varlist,221,70886,GRN4A2,N,6,Cont,XGRN4A2,"Average amount of grant and scholarship aid awarded, all income levels, 2020-21"
varlist,222,70891,GRN4N12,N,6,Cont,XGRN4N12,"Number in income level (0-30,000), 2020-21"
varlist,223,70896,GRN4T12,N,10,Cont,XGRN4T12,"Total amount of grant and scholarship aid awarded, income level (0-30,000), 2020-21"
varlist,224,70901,GRN4A12,N,6,Cont,XGRN4A12,"Average amount of grant and scholarship aid awarded, income level (0-30,000), 2020-21"
varlist,225,70906,GRN4N22,N,6,Cont,XGRN4N22,"Number in income level (30,001-48,000), 2020-21"
varlist,226,70911,GRN4T22,N,10,Cont,XGRN4T22,"Total amount of grant and scholarship aid awarded, income level (30,001-48,000), 2020-21"
varlist,227,70916,GRN4A22,N,6,Cont,XGRN4A22,"Average amount of grant and scholarship aid awarded, income level (30,001-48,000), 2020-21"
varlist,228,70921,GRN4N32,N,6,Cont,XGRN4N32,"Number in income level (48,001-75,000), 2020-21"
varlist,229,70926,GRN4T32,N,10,Cont,XGRN4T32,"Total amount of grant and scholarship aid awarded, income level (48,001-75,000), 2020-21"
varlist,230,70931,GRN4A32,N,6,Cont,XGRN4A32,"Average amount of grant and scholarship aid awarded, income level (48,001-75,000), 2020-21"
varlist,231,70936,GRN4N42,N,6,Cont,XGRN4N42,"Number in income level (75,001-110,000), 2020-21"
varlist,232,70941,GRN4T42,N,10,Cont,XGRN4T42,"Total amount of grant and scholarship aid awarded, income level (75,001-110,000), 2020-21"
varlist,233,70946,GRN4A42,N,6,Cont,XGRN4A42,"Average amount of grant and scholarship aid awarded, income level (75,001-110,000), 2020-21"
varlist,234,70951,GRN4N52,N,6,Cont,XGRN4N52,"Number in income level (110,001 or more), 2020-21"
varlist,235,70956,GRN4T52,N,10,Cont,XGRN4T52,"Total amount of grant and scholarship aid awarded, income level (110,001 or more), 2020-21"
varlist,236,70961,GRN4A52,N,6,Cont,XGRN4A52,"Average amount of grant and scholarship aid awarded, income level (110,001 or more), 2020-21"
varlist,237,71241,GRN4N1,N,6,Cont,XGRN4N1,"Total number in all income levels, 2019-20"
varlist,238,71246,GRN4ON1,N,6,Cont,XGRN4ON1,"Number living on-campus in all income levels, 2019-20"
varlist,239,71251,GRN4WF1,N,6,Cont,XGRN4WF1,"Number living off-campus with family in all income levels, 2019-20"
varlist,240,71256,GRN4OF1,N,6,Cont,XGRN4OF1,"Number living off-campus not with family in all income levels, 2019-20"
varlist,241,71261,GRN4UN1,N,6,Cont,XGRN4UN1,"Number living arrangement unknown in all income levels, 2019-20"
varlist,242,71266,GRN4T1,N,10,Cont,XGRN4T1,"Total amount of grant and scholarship aid awarded, all income levels, 2019-20"
varlist,243,71271,GRN4A1,N,6,Cont,XGRN4A1,"Average amount of grant and scholarship aid awarded, all income levels, 2019-20"
varlist,244,71276,GRN4N11,N,6,Cont,XGRN4N11,"Number in income level (0-30,000), 2019-20"
varlist,245,71281,GRN4T11,N,10,Cont,XGRN4T11,"Total amount of grant and scholarship aid awarded, income level (0-30,000), 2019-20"
varlist,246,71286,GRN4A11,N,6,Cont,XGRN4A11,"Average amount of grant and scholarship aid awarded, income level (0-30,000), 2019-20"
varlist,247,71291,GRN4N21,N,6,Cont,XGRN4N21,"Number in income level (30,001-48,000), 2019-20"
varlist,248,71296,GRN4T21,N,10,Cont,XGRN4T21,"Total amount of grant and scholarship aid awarded, income level (30,001-48,000), 2019-20"
varlist,249,71301,GRN4A21,N,6,Cont,XGRN4A21,"Average amount of grant and scholarship aid awarded, income level (30,001-48,000), 2019-20"
varlist,250,71306,GRN4N31,N,6,Cont,XGRN4N31,"Number in income level (48,001-75,000), 2019-20"
varlist,251,71311,GRN4T31,N,10,Cont,XGRN4T31,"Total amount of grant and scholarship aid awarded, income level (48,001-75,000), 2019-20"
varlist,252,71316,GRN4A31,N,6,Cont,XGRN4A31,"Average amount of grant and scholarship aid awarded, income level (48,001-75,000), 2019-20"
varlist,253,71321,GRN4N41,N,6,Cont,XGRN4N41,"Number in income level (75,001-110,000), 2019-20"
varlist,254,71326,GRN4T41,N,10,Cont,XGRN4T41,"Total amount of grant and scholarship aid awarded, income level (75,001-110,000), 2019-20"
varlist,255,71331,GRN4A41,N,6,Cont,XGRN4A41,"Average amount of grant and scholarship aid awarded, income level (75,001-110,000), 2019-20"
varlist,256,71336,GRN4N51,N,6,Cont,XGRN4N51,"Number in income level (110,001 or more), 2019-20"
varlist,257,71341,GRN4T51,N,10,Cont,XGRN4T51,"Total amount of grant and scholarship aid awarded, income level (110,001 or more), 2019-20"
varlist,258,71346,GRN4A51,N,6,Cont,XGRN4A51,"Average amount of grant and scholarship aid awarded, income level (110,001 or more), 2019-20"
varlist,259,71541,GRN4N0,N,6,Cont,XGRN4N0,"Total number in all income levels, 2018-19"
varlist,260,71546,GRN4ON0,N,6,Cont,XGRN4ON0,"Number living on-campus in all income levels, 2018-19"
varlist,261,71551,GRN4WF0,N,6,Cont,XGRN4WF0,"Number living off-campus with family in all income levels, 2018-19"
varlist,262,71556,GRN4OF0,N,6,Cont,XGRN4OF0,"Number living off-campus not with family in all income levels, 2018-19"
varlist,263,71561,GRN4UN0,N,6,Cont,XGRN4UN0,"Number living arrangement unknown in all income levels, 2018-19"
varlist,264,71566,GRN4T0,N,10,Cont,XGRN4T0,"Total amount of grant and scholarship aid awarded, all income levels, 2018-19"
varlist,265,71571,GRN4A0,N,6,Cont,XGRN4A0,"Average amount of grant and scholarship aid awarded, all income levels, 2018-19"
varlist,266,71576,GRN4N10,N,6,Cont,XGRN4N10,"Number in income level (0-30,000), 2018-19"
varlist,267,71581,GRN4T10,N,10,Cont,XGRN4T10,"Total amount of grant and scholarship aid awarded, income level (0-30,000), 2018-19"
varlist,268,71586,GRN4A10,N,6,Cont,XGRN4A10,"Average amount of grant and scholarship aid awarded, income level (0-30,000), 2018-19"
varlist,269,71591,GRN4N20,N,6,Cont,XGRN4N20,"Number in income level (30,001-48,000), 2018-19"
varlist,270,71596,GRN4T20,N,10,Cont,XGRN4T20,"Total amount of grant and scholarship aid awarded, income level (30,001-48,000), 2018-19"
varlist,271,71601,GRN4A20,N,6,Cont,XGRN4A20,"Average amount of grant and scholarship aid awarded, income level (30,001-48,000), 2018-19"
varlist,272,71606,GRN4N30,N,6,Cont,XGRN4N30,"Number in income level (48,001-75,000), 2018-19"
varlist,273,71611,GRN4T30,N,10,Cont,XGRN4T30,"Total amount of grant and scholarship aid awarded, income level (48,001-75,000), 2018-19"
varlist,274,71616,GRN4A30,N,6,Cont,XGRN4A30,"Average amount of grant and scholarship aid awarded, income level (48,001-75,000), 2018-19"
varlist,275,71621,GRN4N40,N,6,Cont,XGRN4N40,"Number in income level (75,001-110,000), 2018-19"
varlist,276,71626,GRN4T40,N,10,Cont,XGRN4T40,"Total amount of grant and scholarship aid awarded, income level (75,001-110,000), 2018-19"
varlist,277,71631,GRN4A40,N,6,Cont,XGRN4A40,"Average amount of grant and scholarship aid awarded, income level (75,001-110,000), 2018-19"
varlist,278,71636,GRN4N50,N,6,Cont,XGRN4N50,"Number in income level (110,001 or more), 2018-19"
varlist,279,71641,GRN4T50,N,10,Cont,XGRN4T50,"Total amount of grant and scholarship aid awarded, income level (110,001 or more), 2018-19"
varlist,280,71646,GRN4A50,N,6,Cont,XGRN4A50,"Average amount of grant and scholarship aid awarded, income level (110,001 or more), 2018-19"
varlist,281,71892,GRN4G2,N,6,Cont,XGRN4G2,"Number awarded grant and scholarship aid, all income levels, 2020-21"
varlist,282,71897,GRN4G12,N,6,Cont,XGRN4G12,"Number awarded grant and scholarship aid, income level (0-30,000), 2020-21"
varlist,283,71902,GRN4G22,N,6,Cont,XGRN4G22,"Number awarded grant and scholarship aid, income level (30,001-48,000), 2020-21"
varlist,284,71907,GRN4G32,N,6,Cont,XGRN4G32,"Number awarded grant and scholarship aid, income level (48,001-75,000), 2020-21"
varlist,285,71912,GRN4G42,N,6,Cont,XGRN4G42,"Number awarded grant and scholarship aid, income level (75,001-110,000), 2020-21"
varlist,286,71917,GRN4G52,N,6,Cont,XGRN4G52,"Number awarded grant and scholarship aid, income level (110,001 or more), 2020-21"
varlist,287,71922,GRN4G1,N,6,Cont,XGRN4G1,"Number awarded grant and scholarship aid, all income levels, 2019-20"
varlist,288,71927,GRN4G11,N,6,Cont,XGRN4G11,"Number awarded grant and scholarship aid, income level (0-30,000), 2019-20"
varlist,289,71932,GRN4G21,N,6,Cont,XGRN4G21,"Number awarded grant and scholarship aid, income level (30,001-48,000), 2019-20"
varlist,290,71937,GRN4G31,N,6,Cont,XGRN4G31,"Number awarded grant and scholarship aid, income level (48,001-75,000), 2019-20"
varlist,291,71942,GRN4G41,N,6,Cont,XGRN4G41,"Number awarded grant and scholarship aid, income level (75,001-110,000), 2019-20"
varlist,292,71947,GRN4G51,N,6,Cont,XGRN4G51,"Number awarded grant and scholarship aid, income level (110,001 or more), 2019-20"
varlist,293,71952,GRN4G0,N,6,Cont,XGRN4G0,"Number awarded grant and scholarship aid, all income levels, 2019-20"
varlist,294,71957,GRN4G10,N,6,Cont,XGRN4G10,"Number awarded grant and scholarship aid, income level (0-30,000), 2018-19"
varlist,295,71962,GRN4G20,N,6,Cont,XGRN4G20,"Number awarded grant and scholarship aid, income level (30,001-48,000), 2018-19"
varlist,296,71967,GRN4G30,N,6,Cont,XGRN4G30,"Number awarded grant and scholarship aid, income level (48,001-75,000), 2018-19"
varlist,297,71972,GRN4G40,N,6,Cont,XGRN4G40,"Number awarded grant and scholarship aid, income level (75,001-110,000), 2018-19"
varlist,298,71977,GRN4G50,N,6,Cont,XGRN4G50,"Number awarded grant and scholarship aid, income level (110,001 or more), 2018-19"
varlist,299,70966,NPGRN2,N,6,Cont,XNPGRN2,"Average net price-students awarded grant or scholarship aid, 2020-21"
varlist,300,70971,NPGRN1,N,6,Cont,XNPGRN1,"Average net price-students awarded grant or scholarship aid, 2019-20"
varlist,301,70976,NPGRN0,N,6,Cont,XNPGRN0,"Average net price-students awarded grant or scholarship aid, 2018-19"
varlist,302,70981,NPT412,N,6,Cont,XNPT412,"Average net price (income 0-30,000)-students awarded Title IV federal financial aid, 2020-21"
varlist,303,70986,NPT422,N,6,Cont,XNPT422,"Average net price (income 30,001-48,000)-students awarded Title IV federal financial aid, 2020-21"
varlist,304,70991,NPT432,N,6,Cont,XNPT432,"Average net price (income 48,001-75,000)-students awarded Title IV federal financial aid, 2020-21"
varlist,305,70996,NPT442,N,6,Cont,XNPT442,"Average net price (income 75,001-110,000)-students awarded Title IV federal financial aid, 2020-21"
varlist,306,71001,NPT452,N,6,Cont,XNPT452,"Average net price (income over 110,000)-students awarded Title IV federal financial aid, 2020-21"
varlist,307,71351,NPT411,N,6,Cont,XNPT411,"Average net price (income 0-30,000)-students awarded Title IV federal financial aid, 2019-20"
varlist,308,71356,NPT421,N,6,Cont,XNPT421,"Average net price (income 30,001-48,000)-students awarded Title IV federal financial aid, 2019-20"
varlist,309,71361,NPT431,N,6,Cont,XNPT431,"Average net price (income 48,001-75,000)-students awarded Title IV federal financial aid, 2019-20"
varlist,310,71366,NPT441,N,6,Cont,XNPT441,"Average net price (income 75,001-110,000)-students awarded Title IV federal financial aid, 2019-20"
varlist,311,71371,NPT451,N,6,Cont,XNPT451,"Average net price (income over 110,000)-students awarded Title IV federal financial aid, 2019-20"
varlist,312,71651,NPT410,N,6,Cont,XNPT410,"Average net price (income 0-30,000)-students awarded Title IV federal financial aid, 2018-19"
varlist,313,71656,NPT420,N,6,Cont,XNPT420,"Average net price (income 30,001-48,000)-students awarded Title IV federal financial aid, 2018-19"
varlist,314,71661,NPT430,N,6,Cont,XNPT430,"Average net price (income 48,001-75,000)-students awarded Title IV federal financial aid, 2018-19"
varlist,315,71666,NPT440,N,6,Cont,XNPT440,"Average net price (income 75,001-110,000)-students awarded Title IV federal financial aid, 2018-19"
varlist,316,71671,NPT450,N,6,Cont,XNPT450,"Average net price (income over 110,000)-students awarded Title IV federal financial aid, 2018-19"
Description,0,varnumber,varname,longDescription
Description,1,1,UNITID,Unique identification number of the institution
Description,2,70291,SCUGRAD,"Total number of undergraduate students - as reported on the student financial aid component

The number of undergraduate students include all undergraduate students enrolled at an institution as of October 15 (or the institution’s official fall reporting date) for institutions with standard academic terms.  Standard academic terms consist the following calendar systems:semester, quarter, trimester, or 4-1-4.

For institutions that do not operate on standard academic terms (program reporters) the number of undergraduate students are based on a full year cohort (unduplicated counts) of students enrolled during the 12-month period September 1 through August 31."
Description,3,70286,SCUGFFN,"Total number of full-time first-time degree/certificate-seeking undergraduate students - financial aid cohort

The number of full-time first-time degree/certificate-seeking undergraduate students include all full-time first-time degree/certificate-seeking undergraduate students enrolled at an institution as of October 15 (or the institution’s official fall reporting date) for institutions with standard academic terms.  Standard academic terms consist the following calendar systems:semester, quarter, trimester, or 4-1-4.

For institutions that do not operate on standard academic terms (program reporters) the number of full-time first-time degree/certificate-seeking undergraduate students are based on a full year cohort (unduplicated counts) of students enrolled during the 12-month period September 1 through
August 31."
Description,4,70296,SCUGFFP,"Full-time first-time degree/certificate seeking undergraduates as a percent of all undergraduates - as reported on the student financial aid component

The number of  undergraduate students include all undergraduate students enrolled at an institution as of October 15 (or the institution’s official fall reporting date) for institutions with standard academic terms.  Standard academic terms consist the foliowing calendar systems:semester, quarter, trimester, or 4-1-4

For institutions that do not operate on standard academic terms (program reporters) the number of undergraduate students are based on a full year cohort (unduplicated counts) of students enrolled during the 12-month period September 1 through August 31."
Description,5,70176,SCFA2,"Student Financial Aid and Student Counts - Fall Cohort

Total number of undergraduate students.

Undergraduate - A student enrolled in a 4- or 5-year bachelor's degree program, an associate's degree program, or a vocational or technical program below the baccalaureate."
Description,6,70126,SCFA1N,"Student Financial Aid and Student Counts - Fall Cohort

The number of full-time first-time degree/certificate-seeking undergraduates (2020 fall cohort).

Undergraduate - A student enrolled in a 4- or 5-year bachelor's degree program, an associate's degree program, or a vocational or technical program below the baccalaureate 

Full-time student - Undergraduate— A student enrolled for 12 or more semester credits , or 12 or more quarter credits, or 24 or more clock hours a week each term.        

First-time student (undergraduate) - A student attending any institution for the first time at the undergraduate level. Includes students enrolled in academic or occupational programs . Also includes students enrolled in the fall term who attended college for the first time in the prior summer term, and students who entered with advanced standing (college credits earned before graduation from high school). 

Degree/certificate-seeking students - Students enrolled in courses for credit who are recognized by the institution as seeking a degree or other formal award. At the undergraduate level, this is intended to include students enrolled in vocational or occupational programs."
Description,7,70131,SCFA1P,"Student Financial Aid and Student Counts - Fall Cohort

Percentage of all undergraduates who were full-time, first-time degree/certificate-seeking (2020 fall cohort).

Undergraduate - A student enrolled in a 4- or 5-year bachelor's degree program, an associate's degree program, or a vocational or technical program below the baccalaureate 

Full-time student - Undergraduate— A student enrolled for 12 or more semester credits , or 12 or more quarter credits, or 24 or more clock hours a week each term.        

First-time student (undergraduate) - A student attending any institution for the first time at the undergraduate level. Includes students enrolled in academic or occupational programs . Also includes students enrolled in the fall term who attended college for the first time in the prior summer term, and students who entered with advanced standing (college credits earned before graduation from high school). 

Degree/certificate-seeking students - Students enrolled in courses for credit who are recognized by the institution as seeking a degree or other formal award. At the undergraduate level, this is intended to include students enrolled in vocational or occupational programs."
Description,8,70136,SCFA11N,"Student Financial Aid and Student Counts - Fall Cohort

The number of full-time first-time degree/certificate-seeking undergraduates (2020 fall cohort) who are paying in-district tuition rates.

In-district student - A student who is a legal resident of the locality in which he/she attends school and thus is entitled to reduced tuition charges if offered by the institution.

Undergraduate - A student enrolled in a 4- or 5-year bachelor's degree program, an associate's degree program, or a vocational or technical program below the baccalaureate 

Full-time student - Undergraduate— A student enrolled for 12 or more semester credits , or 12 or more quarter credits, or 24 or more clock hours a week each term.        

First-time student (undergraduate) - A student attending any institution for the first time at the undergraduate level. Includes students enrolled in academic or occupational programs . Also includes students enrolled in the fall term who attended college for the first time in the prior summer term, and students who entered with advanced standing (college credits earned before graduation from high school). 

Degree/certificate-seeking students - Students enrolled in courses for credit who are recognized by the institution as seeking a degree or other formal award. At the undergraduate level, this is intended to include students enrolled in vocational or occupational programs."
Description,9,70141,SCFA11P,"Student Financial Aid and Student Counts - Fall Cohort

The percentage of full-time first-time degree/certificate-seeking undergraduates (2020 fall cohort) who are paying in-district tuition rates.

In-district student - A student who is a legal resident of the locality in which he/she attends school and thus is entitled to reduced tuition charges if offered by the institution.

Undergraduate - A student enrolled in a 4- or 5-year bachelor's degree program, an associate's degree program, or a vocational or technical program below the baccalaureate 

Full-time student - Undergraduate— A student enrolled for 12 or more semester credits , or 12 or more quarter credits, or 24 or more clock hours a week each term.        

First-time student (undergraduate) - A student attending any institution for the first time at the undergraduate level. Includes students enrolled in academic or occupational programs . Also includes students enrolled in the fall term who attended college for the first time in the prior summer term, and students who entered with advanced standing (college credits earned before graduation from high school). 

Degree/certificate-seeking students - Students enrolled in courses for credit who are recognized by the institution as seeking a degree or other formal award. At the undergraduate level, this is intended to include students enrolled in vocational or occupational programs."
Description,10,70146,SCFA12N,"Student Financial Aid and Student Counts - Fall Cohort

The number of full-time first-time degree/certificate-seeking undergraduates (2020 fall cohort) who are paying in-state tuition rates.

In-state student  A student who is a legal resident of the state in which he/she attends school. 

Undergraduate - A student enrolled in a 4- or 5-year bachelor's degree program, an associate's degree program, or a vocational or technical program below the baccalaureate 

Full-time student - Undergraduate— A student enrolled for 12 or more semester credits , or 12 or more quarter credits, or 24 or more clock hours a week each term.        

First-time student (undergraduate) - A student attending any institution for the first time at the undergraduate level. Includes students enrolled in academic or occupational programs . Also includes students enrolled in the fall term who attended college for the first time in the prior summer term, and students who entered with advanced standing (college credits earned before graduation from high school). 

Degree/certificate-seeking students - Students enrolled in courses for credit who are recognized by the institution as seeking a degree or other formal award. At the undergraduate level, this is intended to include students enrolled in vocational or occupational programs."
Description,11,70151,SCFA12P,"Student Financial Aid and Student Counts - Fall Cohort

The percentage of full-time first-time degree/certificate-seeking undergraduates (2020 fall cohort) who are paying in-state tuition rates.

In-state student  A student who is a legal resident of the state in which he/she attends school. 

Undergraduate - A student enrolled in a 4- or 5-year bachelor's degree program, an associate's degree program, or a vocational or technical program below the baccalaureate 

Full-time student - Undergraduate— A student enrolled for 12 or more semester credits , or 12 or more quarter credits, or 24 or more clock hours a week each term.        

First-time student (undergraduate) - A student attending any institution for the first time at the undergraduate level. Includes students enrolled in academic or occupational programs . Also includes students enrolled in the fall term who attended college for the first time in the prior summer term, and students who entered with advanced standing (college credits earned before graduation from high school). 

Degree/certificate-seeking students - Students enrolled in courses for credit who are recognized by the institution as seeking a degree or other formal award. At the undergraduate level, this is intended to include students enrolled in vocational or occupational programs."
Description,12,70156,SCFA13N,"Student Financial Aid and Student Counts - Fall Cohort

The number of full-time first-time degree/certificate-seeking undergraduates (2020 fall cohort) who are paying out-of-state tuition rates.

Out-of-state student  A student who is not a legal resident of the state in which he/she attends school. 

Undergraduate - A student enrolled in a 4- or 5-year bachelor's degree program, an associate's degree program, or a vocational or technical program below the baccalaureate 

Full-time student - Undergraduate— A student enrolled for 12 or more semester credits , or 12 or more quarter credits, or 24 or more clock hours a week each term.        

First-time student (undergraduate) - A student attending any institution for the first time at the undergraduate level. Includes students enrolled in academic or occupational programs . Also includes students enrolled in the fall term who attended college for the first time in the prior summer term, and students who entered with advanced standing (college credits earned before graduation from high school). 

Degree/certificate-seeking students - Students enrolled in courses for credit who are recognized by the institution as seeking a degree or other formal award. At the undergraduate level, this is intended to include students enrolled in vocational or occupational programs."
Description,13,70161,SCFA13P,"Student Financial Aid and Student Counts - Fall Cohort

The percentage of full-time first-time degree/certificate-seeking undergraduates (2020 fall cohort) who are paying out-of-state tuition rates.

Out-of-state student  A student who is not a legal resident of the state in which he/she attends school. 

Undergraduate - A student enrolled in a 4- or 5-year bachelor's degree program, an associate's degree program, or a vocational or technical program below the baccalaureate 

Full-time student - Undergraduate— A student enrolled for 12 or more semester credits , or 12 or more quarter credits, or 24 or more clock hours a week each term.        

First-time student (undergraduate) - A student attending any institution for the first time at the undergraduate level. Includes students enrolled in academic or occupational programs . Also includes students enrolled in the fall term who attended college for the first time in the prior summer term, and students who entered with advanced standing (college credits earned before graduation from high school). 

Degree/certificate-seeking students - Students enrolled in courses for credit who are recognized by the institution as seeking a degree or other formal award. At the undergraduate level, this is intended to include students enrolled in vocational or occupational programs."
Description,14,70166,SCFA14N,"Student Financial Aid and Student Counts - Fall Cohort

The number of full-time first-time degree/certificate-seeking undergraduates (2020 fall cohort) whose residence/tuition rate status is unknown.

Unknown residence - Status used when the reporting institution is unable to determine from existing records the home state or residence of the student.       

Undergraduate - A student enrolled in a 4- or 5-year bachelor's degree program, an associate's degree program, or a vocational or technical program below the baccalaureate 

Full-time student - Undergraduate— A student enrolled for 12 or more semester credits , or 12 or more quarter credits, or 24 or more clock hours a week each term.        

First-time student (undergraduate) - A student attending any institution for the first time at the undergraduate level. Includes students enrolled in academic or occupational programs . Also includes students enrolled in the fall term who attended college for the first time in the prior summer term, and students who entered with advanced standing (college credits earned before graduation from high school). 

Degree/certificate-seeking students - Students enrolled in courses for credit who are recognized by the institution as seeking a degree or other formal award. At the undergraduate level, this is intended to include students enrolled in vocational or occupational programs."
Description,15,70171,SCFA14P,"Student Financial Aid and Student Counts - Fall Cohort

The percentage of full-time first-time degree/certificate-seeking undergraduates (2020 fall cohort) whose residence/tuition rate status is unknown.

Unknown residence - Status used when the reporting institution is unable to determine from existing records the home state or residence of the student.       

Undergraduate - A student enrolled in a 4- or 5-year bachelor's degree program, an associate's degree program, or a vocational or technical program below the baccalaureate 

Full-time student - Undergraduate— A student enrolled for 12 or more semester credits , or 12 or more quarter credits, or 24 or more clock hours a week each term.        

First-time student (undergraduate) - A student attending any institution for the first time at the undergraduate level. Includes students enrolled in academic or occupational programs . Also includes students enrolled in the fall term who attended college for the first time in the prior summer term, and students who entered with advanced standing (college credits earned before graduation from high school). 

Degree/certificate-seeking students - Students enrolled in courses for credit who are recognized by the institution as seeking a degree or other formal award. At the undergraduate level, this is intended to include students enrolled in vocational or occupational programs."
Description,16,70191,SCFY2,"Student Financial Aid and Student Counts - Full Year Cohort

Total unduplicated count of all undergraduates enrolled.

Unduplicated count - The sum of students enrolled for credit with each student counted only once during the reporting period, regardless of when the student enrolled.

Undergraduate - A student enrolled in a 4- or 5-year bachelor's degree program, an associate's degree program, or a vocational or technical program below the baccalaureate"
Description,17,70181,SCFY1N,"Student Financial Aid and Student Counts - Full Year Cohort

Unduplicated count of full-time first-time degree\certificate-seeking undergraduate students (2020-21 full-year cohort).

Unduplicated count - The sum of students enrolled for credit with each student counted only once during the reporting period, regardless of when the student enrolled.

Undergraduate - A student enrolled in a 4- or 5-year bachelor's degree program, an associate's degree program, or a vocational or technical program below the baccalaureate 

Full-time student - Undergraduate— A student enrolled for 12 or more semester credits , or 12 or more quarter credits, or 24 or more clock hours a week each term.        

First-time student (undergraduate) - A student attending any institution for the first time at the undergraduate level. Includes students enrolled in academic or occupational programs . Also includes students enrolled in the fall term who attended college for the first time in the prior summer term, and students who entered with advanced standing (college credits earned before graduation from high school). 

Degree/certificate-seeking students - Students enrolled in courses for credit who are recognized by the institution as seeking a degree or other formal award. At the undergraduate level, this is intended to include students enrolled in vocational or occupational programs."
Description,18,70186,SCFY1P,"Student Financial Aid and Student Counts - Full Year Cohort

Percentage of the total unduplicated count of 
all undergraduates who were full-time, first-time degree/certificate-seeking (2020-21 full-year cohort).

Unduplicated count - The sum of students enrolled for credit with each student counted only once during the reporting period, regardless of when the student enrolled.

Undergraduate - A student enrolled in a 4- or 5-year bachelor's degree program, an associate's degree program, or a vocational or technical program below the baccalaureate 

Full-time student - Undergraduate— A student enrolled for 12 or more semester credits , or 12 or more quarter credits, or 24 or more clock hours a week each term.        

First-time student (undergraduate) - A student attending any institution for the first time at the undergraduate level. Includes students enrolled in academic or occupational programs . Also includes students enrolled in the fall term who attended college for the first time in the prior summer term, and students who entered with advanced standing (college credits earned before graduation from high school). 

Degree/certificate-seeking students - Students enrolled in courses for credit who are recognized by the institution as seeking a degree or other formal award. At the undergraduate level, this is intended to include students enrolled in vocational or occupational programs."
Description,19,70401,UAGRNTN,"Number of undergraduate students awarded grant aid.

Grant aid includes and grant or scholarship aid awarded, from the federal government, a state or local government, the institution, and other sources known by the institution

Undergraduate - A student enrolled in a 4- or 5-year bachelor's degree program, an associate's degree program, or a vocational or technical program below the baccalaureate"
Description,20,70406,UAGRNTP,"Percent of undergraduate students awarded grant aid.

Grant aid includes and grant or scholarship aid awarded, from the federal government, a state or local government, the institution, and other sources known by the institution

Undergraduate - A student enrolled in a 4- or 5-year bachelor's degree program, an associate's degree program, or a vocational or technical program below the baccalaureate"
Description,21,70301,UAGRNTT,"Total amount of grant or scholarship aid awarded to all undergraduates  from the federal government, state/local government, the institution, and other sources known to the institution"
Description,22,70411,UAGRNTA,"Average amount of federal, state, local, institutional or other sources of grant aid  awarded to undergraduate students

Grant aid includes and grant or scholarship aid awarded, from the federal government, a state or local government, the institution, and other sources known by the institution

Undergraduate - A student enrolled in a 4- or 5-year bachelor's degree program, an associate's degree program, or a vocational or technical program below the baccalaureate"
Description,23,70306,UPGRNTN,"Number of undergraduate students who were awarded Pell grants

Pell Grant program (Higher Education Act of 1965, Title IV, Part A, Subpart I, as amended.) -  Provides grant assistance to eligible undergraduate postsecondary students with demonstrated financial need to help meet education expenses."
Description,24,70416,UPGRNTP,"Percent of undergraduate students awarded Pell grant aid 

Pell Grant program (Higher Education Act of 1965, Title IV, Part A, Subpart I, as amended.) Provides grant assistance to eligible undergraduate postsecondary students with demonstrated financial need to help meet education expenses.

Undergraduate - A student enrolled in a 4- or 5-year bachelor's degree program, an associate's degree program, or a vocational or technical program below the baccalaureate"
Description,25,70421,UPGRNTT,"Total amount of Pell grant aid awarded to undergraduate students

Pell Grant program (Higher Education Act of 1965, Title IV, Part A, Subpart I, as amended.) Provides grant assistance to eligible undergraduate postsecondary students with demonstrated financial need to help meet education expenses.

Undergraduate - A student enrolled in a 4- or 5-year bachelor's degree program, an associate's degree program, or a vocational or technical program below the baccalaureate"
Description,26,70426,UPGRNTA,"Average amount Pell grant aid awarded to undergraduate students

Pell Grant program (Higher Education Act of 1965, Title IV, Part A, Subpart I, as amended.) Provides grant assistance to eligible undergraduate postsecondary students with demonstrated financial need to help meet education expenses.

Undergraduate - A student enrolled in a 4- or 5-year bachelor's degree program, an associate's degree program, or a vocational or technical program below the baccalaureate"
Description,27,70431,UFLOANN,"Number of undergraduates awarded federal student loans 

Loans to students - Any monies that must be repaid to the lending institution for which the student is the designated borrower. Includes all Title IV subsidized and unsubsidized loans. Does not include PLUS and other loans made directly to parents.

Undergraduate - A student enrolled in a 4- or 5-year bachelor's degree program, an associate's degree program, or a vocational or technical program below the bacc"
Description,28,70436,UFLOANP,"Percent of undergraduates awarded federal student loans

Loans to students - Any monies that must be repaid to the lending institution for which the student is the designated borrower. Includes all Title IV subsidized and unsubsidized loans. Does not include PLUS and other loans made directly to parents.

Undergraduate - A student enrolled in a 4- or 5-year bachelor's degree program, an associate's degree program, or a vocational or technical program below the bacc"
Description,29,70441,UFLOANT,"Total amount of student  federal loans awarded to undergraduate students. 

Loans to students - Any monies that must be repaid to the lending institution for which the student is the designated borrower. Includes all Title IV subsidized and unsubsidized loans. Does not include PLUS and other loans made directly to parents.

Undergraduate - A student enrolled in a 4- or 5-year bachelor's degree program, an associate's degree program, or a vocational or technical program below the baccalaureate"
Description,30,70446,UFLOANA,"Average amount of federal student loans awarded to undergraduate students. 

Loans to students - Any monies that must be repaid to the lending institution for which the student is the designated borrower. Includes all Title IV subsidized and unsubsidized loans. Does not include PLUS and other loans made directly to parents.

Undergraduate - A student enrolled in a 4- or 5-year bachelor's degree program, an associate's degree program, or a vocational or technical program below the baccalaureate"
Description,31,70196,ANYAIDN,"Student Financial Aid and Student Counts - Financial Aid

Number of full-time, first-time degree/certificate-seeking undergraduate students who were awarded any financial aid.  Includes those who were awarded Federal Work Study, any loans to students or grant or scholarship aid from the federal government, state/local government, or the institution.  Plus loans to parents are not included. Grant or scholarship aid from private or other sources (e.g., Rotary Club Scholarship).
       
Financial aid - Grants, loans, assistantships, scholarships, fellowships, tuition waivers, tuition discounts, veteran's benefits, employer aid (tuition reimbursement) and other monies (other than from relatives/friends) provided to students to meet expenses. This includes Title IV subsidized and unsubsidized loans made directly to students. 
                     
Undergraduate - A student enrolled in a 4- or 5-year bachelor's degree program, an associate's degree program, or a vocational or technical program below the baccalaureate 

Full-time student (Undergraduate) — A student enrolled for 12 or more semester credits, or 12 or more quarter credits, or 24 or more clock hours a week each term.        

First-time student (undergraduate) - A student attending any institution for the first time at the undergraduate level. Includes students enrolled in academic or occupational programs . Also includes students enrolled in the fall term who attended college for the first time in the prior summer term, and students who entered with advanced standing (college credits earned before graduation from high school). 

Degree/certificate-seeking students - Students enrolled in courses for credit who are recognized by the institution as seeking a degree or other formal award. At the undergraduate level, this is intended to include students enrolled in vocational or occupational programs."
Description,32,70201,ANYAIDP,"Student Financial Aid and Student Counts - Financial Aid

Percentage of all full-time, first-time degree/certificate-seeking undergraduate students who were awarded any financial aid.
       
Financial aid - Grants, loans, assistantships, scholarships, fellowships, tuition waivers, tuition discounts, veteran's benefits, employer aid (tuition reimbursement) and other monies (other than from relatives/friends) provided to students to meet expenses. This includes Title IV subsidized and unsubsidized loans made directly to students. 
                     
Undergraduate - A student enrolled in a 4- or 5-year bachelor's degree program, an associate's degree program, or a vocational or technical program below the baccalaureate 

Full-time student (Undergraduate) — A student enrolled for 12 or more semester credits, or 12 or more quarter credits, or 24 or more clock hours a week each term.        

First-time student (undergraduate) - A student attending any institution for the first time at the undergraduate level. Includes students enrolled in academic or occupational programs . Also includes students enrolled in the fall term who attended college for the first time in the prior summer term, and students who entered with advanced standing (college credits earned before graduation from high school). 

Degree/certificate-seeking students - Students enrolled in courses for credit who are recognized by the institution as seeking a degree or other formal award. At the undergraduate level, this is intended to include students enrolled in vocational or occupational programs."
Description,33,71099,AIDFSIN,"Student Financial Aid and Student Counts - Financial Aid

Number of full-time, first-time degree/certificate-seeking undergraduate students who were awarded any loans to students or grant or scholarship aid from the federal government, state/local government, or the institution.  Federal work study, loans to parents and grant or scholarship aid from private or other sources (e.g., Rotary Club Scholarship) are not included.
       
Financial aid - Grants, loans, assistantships, scholarships, fellowships, tuition waivers, tuition discounts, veteran's benefits, employer aid (tuition reimbursement) and other monies (other than from relatives/friends) provided to students to meet expenses. This includes Title IV subsidized and unsubsidized loans made directly to students. 
                     
Undergraduate - A student enrolled in a 4- or 5-year bachelor's degree program, an associate's degree program, or a vocational or technical program below the baccalaureate 

Full-time student (Undergraduate) — A student enrolled for 12 or more semester credits, or 12 or more quarter credits, or 24 or more clock hours a week each term.        

First-time student (undergraduate) - A student attending any institution for the first time at the undergraduate level. Includes students enrolled in academic or occupational programs . Also includes students enrolled in the fall term who attended college for the first time in the prior summer term, and students who entered with advanced standing (college credits earned before graduation from high school). 

Degree/certificate-seeking students - Students enrolled in courses for credit who are recognized by the institution as seeking a degree or other formal award. At the undergraduate level, this is intended to include students enrolled in vocational or occupational programs."
Description,34,71100,AIDFSIP,"Student Financial Aid and Student Counts - Financial Aid

Percentage of full-time, first-time degree/certificate-seeking undergraduate students who were awarded any loans to students or grant or scholarship aid from the federal government, state/local government, or the institution.  Federal work study, loans to parents and grant or scholarship aid from private or other sources (e.g., Rotary Club Scholarship) are not included.
       
Financial aid - Grants, loans, assistantships, scholarships, fellowships, tuition waivers, tuition discounts, veteran's benefits, employer aid (tuition reimbursement) and other monies (other than from relatives/friends) provided to students to meet expenses. This includes Title IV subsidized and unsubsidized loans made directly to students. 
                     
Undergraduate - A student enrolled in a 4- or 5-year bachelor's degree program, an associate's degree program, or a vocational or technical program below the baccalaureate 

Full-time student (Undergraduate) — A student enrolled for 12 or more semester credits, or 12 or more quarter credits, or 24 or more clock hours a week each term.        

First-time student (undergraduate) - A student attending any institution for the first time at the undergraduate level. Includes students enrolled in academic or occupational programs . Also includes students enrolled in the fall term who attended college for the first time in the prior summer term, and students who entered with advanced standing (college credits earned before graduation from high school). 

Degree/certificate-seeking students - Students enrolled in courses for credit who are recognized by the institution as seeking a degree or other formal award. At the undergraduate level, this is intended to include students enrolled in vocational or occupational programs."
Description,35,70311,AGRNT_N,"Number of full-time, first-time degree/certificate-seeking undergraduate students who were awarded any grant aid (grants/educational assistance funds).

Any grant aid include Federal, State and local government grants and institutional grants.
 
Undergraduate - A student enrolled in a 4- or 5-year bachelor's degree program, an associate's degree program, or a vocational or technical program below the baccalaureate 

Full-time student (Undergraduate) — A student enrolled for 12 or more semester credits, or 12 or more quarter credits, or 24 or more clock hours a week each term.        

First-time student (undergraduate) - A student attending any institution for the first time at the undergraduate level. Includes students enrolled in academic or occupational programs . Also includes students enrolled in the fall term who attended college for the first time in the prior summer term, and students who entered with advanced standing (college credits earned before graduation from high school). 

Degree/certificate-seeking students - Students enrolled in courses for credit who are recognized by the institution as seeking a degree or other formal award. At the undergraduate level, this is intended to include students enrolled in vocational or occupational programs."
Description,36,70316,AGRNT_P,"Percentage of full-time, first-time degree/certificate-seeking undergraduate students who were awarded any grant aid (grants/educational assistance funds).

Any grant aid include Federal, State and local government grants and institutional grants.
 
Undergraduate - A student enrolled in a 4- or 5-year bachelor's degree program, an associate's degree program, or a vocational or technical program below the baccalaureate 

Full-time student (Undergraduate) — A student enrolled for 12 or more semester credits, or 12 or more quarter credits, or 24 or more clock hours a week each term.        

First-time student (undergraduate) - A student attending any institution for the first time at the undergraduate level. Includes students enrolled in academic or occupational programs . Also includes students enrolled in the fall term who attended college for the first time in the prior summer term, and students who entered with advanced standing (college credits earned before graduation from high school). 

Degree/certificate-seeking students - Students enrolled in courses for credit who are recognized by the institution as seeking a degree or other formal award. At the undergraduate level, this is intended to include students enrolled in vocational or occupational programs."
Description,37,70451,AGRNT_T,"Total amount of grant aid awarded to full-time, first-time degree/certificate-seeking undergraduate students (grants/educational assistance funds). 

Any grant aid include Federal, State and local government grants and institutional grants. 

Undergraduate - A student enrolled in a 4- or 5-year bachelor's degree program, an associate's degree program, or a vocational or technical program below the baccalaureate 

Full-time student (Undergraduate) — A student enrolled for 12 or more semester credits, or 12 or more quarter credits, or 24 or more clock hours a week each term. 

First-time student (undergraduate) - A student attending any institution for the first time at the undergraduate level. Includes students enrolled in academic or occupational programs . Also includes students enrolled in the fall term who attended college for the first time in the prior summer term, and students who entered with advanced standing (college credits earned before graduation from high school). 

Degree/certificate-seeking students - Students enrolled in courses for credit who are recognized by the institution as seeking a degree or other formal award. At the undergraduate level, this is intended to include students enrolled in vocational or occupational programs"
Description,38,70321,AGRNT_A,"Average amount of grant aid awarded to full-time, first-time degree/certificate-seeking undergraduate students  (grants/educational assistance funds).

Any grant aid include Federal, State and local government grants and institutional grants.
 
Undergraduate - A student enrolled in a 4- or 5-year bachelor's degree program, an associate's degree program, or a vocational or technical program below the baccalaureate 

Full-time student (Undergraduate) — A student enrolled for 12 or more semester credits, or 12 or more quarter credits, or 24 or more clock hours a week each term.        

First-time student (undergraduate) - A student attending any institution for the first time at the undergraduate level. Includes students enrolled in academic or occupational programs . Also includes students enrolled in the fall term who attended college for the first time in the prior summer term, and students who entered with advanced standing (college credits earned before graduation from high school). 

Degree/certificate-seeking students - Students enrolled in courses for credit who are recognized by the institution as seeking a degree or other formal award. At the undergraduate level, this is intended to include students enrolled in vocational or occupational programs."
Description,39,70206,FGRNT_N,"Student Financial Aid and Student Counts - Financial Aid

Number of full-time, first-time degree/certificate-seeking undergraduate students who were awarded federal grants (grants/educational assistance funds).

Federal grants (grants/educational assistance funds) - Grants provided by federal agencies such as the U.S. Department of Education, including Title IV Pell Grants and Supplemental Educational Opportunity Grants (SEOG). Also includes need-based and merit-based educational assistance funds and training vouchers provided from other federal agencies and/or federally-sponsored educational benefits programs, including the Veteran's Administration, Department of Labor, and other federal agencies.
 
Undergraduate - A student enrolled in a 4- or 5-year bachelor's degree program, an associate's degree program, or a vocational or technical program below the baccalaureate 

Full-time student (Undergraduate) — A student enrolled for 12 or more semester credits, or 12 or more quarter credits, or 24 or more clock hours a week each term.        

First-time student (undergraduate) - A student attending any institution for the first time at the undergraduate level. Includes students enrolled in academic or occupational programs . Also includes students enrolled in the fall term who attended college for the first time in the prior summer term, and students who entered with advanced standing (college credits earned before graduation from high school). 

Degree/certificate-seeking students - Students enrolled in courses for credit who are recognized by the institution as seeking a degree or other formal award. At the undergraduate level, this is intended to include students enrolled in vocational or occupational programs."
Description,40,70211,FGRNT_P,"Student Financial Aid and Student Counts - Financial Aid

Percentage of full-time, first-time degree/certificate-seeking undergraduate students who were awarded federal grants (grants/educational assistance funds).

Federal grants (grants/educational assistance funds) - Grants provided by federal agencies such as the U.S. Department of Education, including Title IV Pell Grants and Supplemental Educational Opportunity Grants (SEOG). Also includes need-based and merit-based educational assistance funds and training vouchers provided from other federal agencies and/or federally-sponsored educational benefits programs, including the Veteran's Administration, Department of Labor, and other federal agencies.
 
Undergraduate - A student enrolled in a 4- or 5-year bachelor's degree program, an associate's degree program, or a vocational or technical program below the baccalaureate 

Full-time student (Undergraduate) — A student enrolled for 12 or more semester credits, or 12 or more quarter credits, or 24 or more clock hours a week each term.        

First-time student (undergraduate) - A student attending any institution for the first time at the undergraduate level. Includes students enrolled in academic or occupational programs . Also includes students enrolled in the fall term who attended college for the first time in the prior summer term, and students who entered with advanced standing (college credits earned before graduation from high school). 

Degree/certificate-seeking students - Students enrolled in courses for credit who are recognized by the institution as seeking a degree or other formal award. At the undergraduate level, this is intended to include students enrolled in vocational or occupational programs."
Description,41,70456,FGRNT_T,"Total amount of federal grants (grants/educational assistance funds) awarded to full-time, first-time degree/certificate-seeking undergraduate undergraduate students. 

Federal grants (grants/educational assistance funds) - Grants provided by federal agencies such as the U.S. Department of Education, including Title IV Pell Grants and Supplemental Educational Opportunity Grants (SEOG). Also includes need-based and merit-based educational assistance funds and training vouchers provided from other federal agencies and/or federally-sponsored educational benefits programs, including the Veteran's Administration, Department of Labor, and other federal agencies. 

Undergraduate - A student enrolled in a 4- or 5-year bachelor's degree program, an associate's degree program, or a vocational or technical program below the baccalaureate 

Full-time student (Undergraduate) — A student enrolled for 12 or more semester credits, or 12 or more quarter credits, or 24 or more clock hours a week each term. 

First-time student (undergraduate) - A student attending any institution for the first time at the undergraduate level. Includes students enrolled in academic or occupational programs . Also includes students enrolled in the fall term who attended college for the first time in the prior summer term, and students who entered with advanced standing (college credits earned before graduation from high school). 

Degree/certificate-seeking students - Students enrolled in courses for credit who are recognized by the institution as seeking a degree or other formal award. At the undergraduate level, this is intended to include students enrolled in vocational or occupational programs"
Description,42,70216,FGRNT_A,"Student Financial Aid and Student Counts - Financial Aid

Average amount of federal grants (grants/educational assistance funds) awarded to full-time, first-time degree/certificate-seeking undergraduate undergraduate students.

Federal grants (grants/educational assistance funds) - Grants provided by federal agencies such as the U.S. Department of Education, including Title IV Pell Grants and Supplemental Educational Opportunity Grants (SEOG). Also includes need-based and merit-based educational assistance funds and training vouchers provided from other federal agencies and/or federally-sponsored educational benefits programs, including the Veteran's Administration, Department of Labor, and other federal agencies.
 
Undergraduate - A student enrolled in a 4- or 5-year bachelor's degree program, an associate's degree program, or a vocational or technical program below the baccalaureate 

Full-time student (Undergraduate) — A student enrolled for 12 or more semester credits, or 12 or more quarter credits, or 24 or more clock hours a week each term.        

First-time student (undergraduate) - A student attending any institution for the first time at the undergraduate level. Includes students enrolled in academic or occupational programs . Also includes students enrolled in the fall term who attended college for the first time in the prior summer term, and students who entered with advanced standing (college credits earned before graduation from high school). 

Degree/certificate-seeking students - Students enrolled in courses for credit who are recognized by the institution as seeking a degree or other formal award. At the undergraduate level, this is intended to include students enrolled in vocational or occupational programs."
Description,43,70326,PGRNT_N,"Number of full-time, first-time degree/certificate-seeking undergraduate students who were awarded Pell grants

Pell Grant program (Higher Education Act of 1965, Title IV, Part A, Subpart I, as amended.) Provides grant assistance to eligible undergraduate postsecondary students with demonstrated financial need to help meet education expenses. 
 
Undergraduate - A student enrolled in a 4- or 5-year bachelor's degree program, an associate's degree program, or a vocational or technical program below the baccalaureate 

Full-time student (Undergraduate) — A student enrolled for 12 or more semester credits, or 12 or more quarter credits, or 24 or more clock hours a week each term.        

First-time student (undergraduate) - A student attending any institution for the first time at the undergraduate level. Includes students enrolled in academic or occupational programs . Also includes students enrolled in the fall term who attended college for the first time in the prior summer term, and students who entered with advanced standing (college credits earned before graduation from high school). 

Degree/certificate-seeking students - Students enrolled in courses for credit who are recognized by the institution as seeking a degree or other formal award. At the undergraduate level, this is intended to include students enrolled in vocational or occupational programs."
Description,44,70331,PGRNT_P,"Percentage of full-time, first-time degree/certificate-seeking undergraduate students who were awarded Pell grants.

Pell Grant program (Higher Education Act of 1965, Title IV, Part A, Subpart I, as amended.) Provides grant assistance to eligible undergraduate postsecondary students with demonstrated financial need to help meet education expenses. 
 
Undergraduate - A student enrolled in a 4- or 5-year bachelor's degree program, an associate's degree program, or a vocational or technical program below the baccalaureate 

Full-time student (Undergraduate) — A student enrolled for 12 or more semester credits, or 12 or more quarter credits, or 24 or more clock hours a week each term.        

First-time student (undergraduate) - A student attending any institution for the first time at the undergraduate level. Includes students enrolled in academic or occupational programs . Also includes students enrolled in the fall term who attended college for the first time in the prior summer term, and students who entered with advanced standing (college credits earned before graduation from high school). 

Degree/certificate-seeking students - Students enrolled in courses for credit who are recognized by the institution as seeking a degree or other formal award. At the undergraduate level, this is intended to include students enrolled in vocational or occupational programs."
Description,45,70461,PGRNT_T,"Total amount of Pell grant aid awarded to full-time, first-time degree/certificate-seeking undergraduate students. 

Pell Grant program (Higher Education Act of 1965, Title IV, Part A, Subpart I, as amended.) Provides grant assistance to eligible undergraduate postsecondary students with demonstrated financial need to help meet education expenses.

Undergraduate - A student enrolled in a 4- or 5-year bachelor's degree program, an associate's degree program, or a vocational or technical program below the baccalaureate 

Full-time student (Undergraduate) — A student enrolled for 12 or more semester credits, or 12 or more quarter credits, or 24 or more clock hours a week each term. 

First-time student (undergraduate) - A student attending any institution for the first time at the undergraduate level. Includes students enrolled in academic or occupational programs . Also includes students enrolled in the fall term who attended college for the first time in the prior summer term, and students who entered with advanced standing (college credits earned before graduation from high school). 

Degree/certificate-seeking students - Students enrolled in courses for credit who are recognized by the institution as seeking a degree or other formal award. At the undergraduate level, this is intended to include students enrolled in vocational or occupational programs"
Description,46,70336,PGRNT_A,"Average amount of Pell grant aid awarded to full-time, first-time degree/certificate-seeking undergraduate students.

Pell Grant program (Higher Education Act of 1965, Title IV, Part A, Subpart I, as amended.) Provides grant assistance to eligible undergraduate postsecondary students with demonstrated financial need to help meet education expenses. 

Undergraduate - A student enrolled in a 4- or 5-year bachelor's degree program, an associate's degree program, or a vocational or technical program below the baccalaureate 

Full-time student (Undergraduate) — A student enrolled for 12 or more semester credits, or 12 or more quarter credits, or 24 or more clock hours a week each term.        

First-time student (undergraduate) - A student attending any institution for the first time at the undergraduate level. Includes students enrolled in academic or occupational programs . Also includes students enrolled in the fall term who attended college for the first time in the prior summer term, and students who entered with advanced standing (college credits earned before graduation from high school). 

Degree/certificate-seeking students - Students enrolled in courses for credit who are recognized by the institution as seeking a degree or other formal award. At the undergraduate level, this is intended to include students enrolled in vocational or occupational programs."
Description,47,70341,OFGRT_N,"Number of full-time, first-time degree/certificate-seeking undergraduate students who were awarded other federal grants.

Other federal grants - Federal monies awarded to the institution under federal government student aid programs, such as Supplemental Educational Opportunity Grants (SEOG), DHHS training grants (aid portion only), State Student Incentive Grants (SSIG), and other federal student aid programs. Pell grants are not included in this classification. Note: if the federal government selects the student recipients and simply transmits the funds to the institution for disbursement to the student, the amounts are not considered as revenues and subsequently there are no discounts & allowances or scholarships and fellowships expenses. If the funds are made available to the institution for selection of student recipients, then the amounts awarded are considered as nonoperating revenues and subsequently as discounts & allowances or scholarships and fellowships expenses 
 
Undergraduate - A student enrolled in a 4- or 5-year bachelor's degree program, an associate's degree program, or a vocational or technical program below the baccalaureate 

Full-time student (Undergraduate) — A student enrolled for 12 or more semester credits, or 12 or more quarter credits, or 24 or more clock hours a week each term.        

First-time student (undergraduate) - A student attending any institution for the first time at the undergraduate level. Includes students enrolled in academic or occupational programs . Also includes students enrolled in the fall term who attended college for the first time in the prior summer term, and students who entered with advanced standing (college credits earned before graduation from high school). 

Degree/certificate-seeking students - Students enrolled in courses for credit who are recognized by the institution as seeking a degree or other formal award. At the undergraduate level, this is intended to include students enrolled in vocational or occupational programs."
Description,48,70346,OFGRT_P,"Percentage of full-time, first-time degree/certificate-seeking undergraduate students who were awarded other federal grants.

Other federal grants - Federal monies awarded to the institution under federal government student aid programs, such as Supplemental Educational Opportunity Grants (SEOG), DHHS training grants (aid portion only), State Student Incentive Grants (SSIG), and other federal student aid programs. Pell grants are not included in this classification. Note: if the federal government selects the student recipients and simply transmits the funds to the institution for disbursement to the student, the amounts are not considered as revenues and subsequently there are no discounts & allowances or scholarships and fellowships expenses. If the funds are made available to the institution for selection of student recipients, then the amounts awarded are considered as nonoperating revenues and subsequently as discounts & allowances or scholarships and fellowships expenses 
 
Undergraduate - A student enrolled in a 4- or 5-year bachelor's degree program, an associate's degree program, or a vocational or technical program below the baccalaureate 

Full-time student (Undergraduate) — A student enrolled for 12 or more semester credits, or 12 or more quarter credits, or 24 or more clock hours a week each term.        

First-time student (undergraduate) - A student attending any institution for the first time at the undergraduate level. Includes students enrolled in academic or occupational programs . Also includes students enrolled in the fall term who attended college for the first time in the prior summer term, and students who entered with advanced standing (college credits earned before graduation from high school). 

Degree/certificate-seeking students - Students enrolled in courses for credit who are recognized by the institution as seeking a degree or other formal award. At the undergraduate level, this is intended to include students enrolled in vocational or occupational programs."
Description,49,70466,OFGRT_T,"Total amount of other federal grant aid awarded to full-time, first-time degree/certificate-seeking undergraduate students. 

Other federal grants - Federal monies awarded to the institution under federal government student aid programs, such as Supplemental Educational Opportunity Grants (SEOG), DHHS training grants (aid portion only), State Student Incentive Grants (SSIG), and other federal student aid programs. Pell grants are not included in this classification. Note: if the federal government selects the student recipients and simply transmits the funds to the institution for disbursement to the student, the amounts are not considered as revenues and subsequently there are no discounts & allowances or scholarships and fellowships expenses. If the funds are made available to the institution for selection of student recipients, then the amounts awarded are considered as nonoperating revenues and subsequently as discounts & allowances or scholarships and fellowships expenses 


Undergraduate - A student enrolled in a 4- or 5-year bachelor's degree program, an associate's degree program, or a vocational or technical program below the baccalaureate 

Full-time student (Undergraduate) — A student enrolled for 12 or more semester credits, or 12 or more quarter credits, or 24 or more clock hours a week each term. 

First-time student (undergraduate) - A student attending any institution for the first time at the undergraduate level. Includes students enrolled in academic or occupational programs . Also includes students enrolled in the fall term who attended college for the first time in the prior summer term, and students who entered with advanced standing (college credits earned before graduation from high school). 

Degree/certificate-seeking students - Students enrolled in courses for credit who are recognized by the institution as seeking a degree or other formal award. At the undergraduate level, this is intended to include students enrolled in vocational or occupational programs"
Description,50,70351,OFGRT_A,"Average amount of other federal grant aid awarded to full-time, first-time degree/certificate-seeking undergraduate students.

Other federal grants - Federal monies awarded to the institution under federal government student aid programs, such as Supplemental Educational Opportunity Grants (SEOG), DHHS training grants (aid portion only), State Student Incentive Grants (SSIG), and other federal student aid programs. Pell grants are not included in this classification. Note: if the federal government selects the student recipients and simply transmits the funds to the institution for disbursement to the student, the amounts are not considered as revenues and subsequently there are no discounts & allowances or scholarships and fellowships expenses. If the funds are made available to the institution for selection of student recipients, then the amounts awarded are considered as nonoperating revenues and subsequently as discounts & allowances or scholarships and fellowships expenses 
 
Undergraduate - A student enrolled in a 4- or 5-year bachelor's degree program, an associate's degree program, or a vocational or technical program below the baccalaureate 

Full-time student (Undergraduate) — A student enrolled for 12 or more semester credits, or 12 or more quarter credits, or 24 or more clock hours a week each term.        

First-time student (undergraduate) - A student attending any institution for the first time at the undergraduate level. Includes students enrolled in academic or occupational programs . Also includes students enrolled in the fall term who attended college for the first time in the prior summer term, and students who entered with advanced standing (college credits earned before graduation from high school). 

Degree/certificate-seeking students - Students enrolled in courses for credit who are recognized by the institution as seeking a degree or other formal award. At the undergraduate level, this is intended to include students enrolled in vocational or occupational programs."
Description,51,70221,SGRNT_N,"Student Financial Aid and Student Counts - Financial Aid

Number of full-time, first-time degree/certificate-seeking undergraduate students who were awarded state/local grants (grants/scholarships/waivers).

State and local government grants - State and local monies awarded to the institution under state and local student aid programs, including the state portion of State Student Incentives Grants (SSIG). 
 
Undergraduate - A student enrolled in a 4- or 5-year bachelor's degree program, an associate's degree program, or a vocational or technical program below the baccalaureate 

Full-time student (Undergraduate) — A student enrolled for 12 or more semester credits, or 12 or more quarter credits, or 24 or more clock hours a week each term.        

First-time student (undergraduate) - A student attending any institution for the first time at the undergraduate level. Includes students enrolled in academic or occupational programs . Also includes students enrolled in the fall term who attended college for the first time in the prior summer term, and students who entered with advanced standing (college credits earned before graduation from high school). 

Degree/certificate-seeking students - Students enrolled in courses for credit who are recognized by the institution as seeking a degree or other formal award. At the undergraduate level, this is intended to include students enrolled in vocational or occupational programs."
Description,52,70226,SGRNT_P,"Student Financial Aid and Student Counts - Financial Aid

Percentage of full-time, first-time degree/certificate-seeking undergraduate students who were awarded state/local grants (grants/scholarships/waivers).

State and local government grants - State and local monies awarded to the institution under state and local student aid programs, including the state portion of State Student Incentives Grants (SSIG). 
 
Undergraduate - A student enrolled in a 4- or 5-year bachelor's degree program, an associate's degree program, or a vocational or technical program below the baccalaureate 

Full-time student (Undergraduate) — A student enrolled for 12 or more semester credits, or 12 or more quarter credits, or 24 or more clock hours a week each term.        

First-time student (undergraduate) - A student attending any institution for the first time at the undergraduate level. Includes students enrolled in academic or occupational programs . Also includes students enrolled in the fall term who attended college for the first time in the prior summer term, and students who entered with advanced standing (college credits earned before graduation from high school). 

Degree/certificate-seeking students - Students enrolled in courses for credit who are recognized by the institution as seeking a degree or other formal award. At the undergraduate level, this is intended to include students enrolled in vocational or occupational programs."
Description,53,70471,SGRNT_T,"Total amount of state/local grants (grants/scholarships/waivers) awarded to full-time, first-time degree/certificate-seeking undergraduate students. 

State and local government grants - State and local monies awarded to the institution under state and local student aid programs, including the state portion of State Student Incentives Grants (SSIG). 


Undergraduate - A student enrolled in a 4- or 5-year bachelor's degree program, an associate's degree program, or a vocational or technical program below the baccalaureate 

Full-time student (Undergraduate) — A student enrolled for 12 or more semester credits, or 12 or more quarter credits, or 24 or more clock hours a week each term. 

First-time student (undergraduate) - A student attending any institution for the first time at the undergraduate level. Includes students enrolled in academic or occupational programs . Also includes students enrolled in the fall term who attended college for the first time in the prior summer term, and students who entered with advanced standing (college credits earned before graduation from high school). 

Degree/certificate-seeking students - Students enrolled in courses for credit who are recognized by the institution as seeking a degree or other formal award. At the undergraduate level, this is intended to include students enrolled in vocational or occupational programs"
Description,54,70231,SGRNT_A,"Student Financial Aid and Student Counts - Financial Aid

Average amount of state/local grants (grants/scholarships/waivers) awarded to full-time, first-time degree/certificate-seeking undergraduate students.

State and local government grants - State and local monies awarded to the institution under state and local student aid programs, including the state portion of State Student Incentives Grants (SSIG). 
 
Undergraduate - A student enrolled in a 4- or 5-year bachelor's degree program, an associate's degree program, or a vocational or technical program below the baccalaureate 

Full-time student (Undergraduate) — A student enrolled for 12 or more semester credits, or 12 or more quarter credits, or 24 or more clock hours a week each term.        

First-time student (undergraduate) - A student attending any institution for the first time at the undergraduate level. Includes students enrolled in academic or occupational programs . Also includes students enrolled in the fall term who attended college for the first time in the prior summer term, and students who entered with advanced standing (college credits earned before graduation from high school). 

Degree/certificate-seeking students - Students enrolled in courses for credit who are recognized by the institution as seeking a degree or other formal award. At the undergraduate level, this is intended to include students enrolled in vocational or occupational programs."
Description,55,70236,IGRNT_N,"Student Financial Aid and Student Counts - Financial Aid

Number of full-time, first-time degree/certificate-seeking undergraduate students who were awarded institutional grants (scholarships/fellowships).

Institutional grants - Scholarships and fellowships granted and funded by the institution and/or individual departments within the institution, (i.e., instruction, research, public service) that may contribute indirectly to the enhancement of these programs . Includes scholarships targeted to certain individuals (e.g., based on state of residence, major field of study, athletic team participation) for which the institution designates the recipient. 
 
Undergraduate - A student enrolled in a 4- or 5-year bachelor's degree program, an associate's degree program, or a vocational or technical program below the baccalaureate 

Full-time student (Undergraduate) — A student enrolled for 12 or more semester credits, or 12 or more quarter credits, or 24 or more clock hours a week each term.        

First-time student (undergraduate) - A student attending any institution for the first time at the undergraduate level. Includes students enrolled in academic or occupational programs . Also includes students enrolled in the fall term who attended college for the first time in the prior summer term, and students who entered with advanced standing (college credits earned before graduation from high school). 

Degree/certificate-seeking students - Students enrolled in courses for credit who are recognized by the institution as seeking a degree or other formal award. At the undergraduate level, this is intended to include students enrolled in vocational or occupational programs."
Description,56,70241,IGRNT_P,"Student Financial Aid and Student Counts - Financial Aid

Percentage of full-time, first-time degree/certificate-seeking undergraduate students who were awarded institutional grants (scholarships/fellowships).

Institutional grants - Scholarships and fellowships granted and funded by the institution and/or individual departments within the institution, (i.e., instruction, research, public service) that may contribute indirectly to the enhancement of these programs . Includes scholarships targeted to certain individuals (e.g., based on state of residence, major field of study, athletic team participation) for which the institution designates the recipient. 
 
Undergraduate - A student enrolled in a 4- or 5-year bachelor's degree program, an associate's degree program, or a vocational or technical program below the baccalaureate 

Full-time student (Undergraduate) — A student enrolled for 12 or more semester credits, or 12 or more quarter credits, or 24 or more clock hours a week each term.        

First-time student (undergraduate) - A student attending any institution for the first time at the undergraduate level. Includes students enrolled in academic or occupational programs . Also includes students enrolled in the fall term who attended college for the first time in the prior summer term, and students who entered with advanced standing (college credits earned before graduation from high school). 

Degree/certificate-seeking students - Students enrolled in courses for credit who are recognized by the institution as seeking a degree or other formal award. At the undergraduate level, this is intended to include students enrolled in vocational or occupational programs."
Description,57,70476,IGRNT_T,"Total amount of institutional grants (scholarships/fellowships) awarded to full-time, first-time degree/certificate-seeking undergraduate students. 

Institutional grants - Scholarships and fellowships granted and funded by the institution and/or individual departments within the institution, (i.e., instruction, research, public service) that may contribute indirectly to the enhancement of these programs . Includes scholarships targeted to certain individuals (e.g., based on state of residence, major field of study, athletic team participation) for which the institution designates the recipient. 

Undergraduate - A student enrolled in a 4- or 5-year bachelor's degree program, an associate's degree program, or a vocational or technical program below the baccalaureate 

Full-time student (Undergraduate) — A student enrolled for 12 or more semester credits, or 12 or more quarter credits, or 24 or more clock hours a week each term. 

First-time student (undergraduate) - A student attending any institution for the first time at the undergraduate level. Includes students enrolled in academic or occupational programs . Also includes students enrolled in the fall term who attended college for the first time in the prior summer term, and students who entered with advanced standing (college credits earned before graduation from high school). 

Degree/certificate-seeking students - Students enrolled in courses for credit who are recognized by the institution as seeking a degree or other formal award. At the undergraduate level, this is intended to include students enrolled in vocational or occupational programs"
Description,58,70246,IGRNT_A,"Student Financial Aid and Student Counts - Financial Aid

Average amount of institutional grants (scholarships/fellowships) awarded to full-time, first-time degree/certificate-seeking undergraduate students.

Institutional grants - Scholarships and fellowships granted and funded by the institution and/or individual departments within the institution, (i.e., instruction, research, public service) that may contribute indirectly to the enhancement of these programs . Includes scholarships targeted to certain individuals (e.g., based on state of residence, major field of study, athletic team participation) for which the institution designates the recipient. 
 
Undergraduate - A student enrolled in a 4- or 5-year bachelor's degree program, an associate's degree program, or a vocational or technical program below the baccalaureate 

Full-time student (Undergraduate) — A student enrolled for 12 or more semester credits, or 12 or more quarter credits, or 24 or more clock hours a week each term.        

First-time student (undergraduate) - A student attending any institution for the first time at the undergraduate level. Includes students enrolled in academic or occupational programs . Also includes students enrolled in the fall term who attended college for the first time in the prior summer term, and students who entered with advanced standing (college credits earned before graduation from high school). 

Degree/certificate-seeking students - Students enrolled in courses for credit who are recognized by the institution as seeking a degree or other formal award. At the undergraduate level, this is intended to include students enrolled in vocational or occupational programs."
Description,59,70251,LOAN_N,"Student Financial Aid and Student Counts - Financial Aid

Number of full-time, first-time degree/certificate-seeking undergraduate students who were awarded student loans.

Loans to students - Any monies that must be repaid to the lending institution for which the student is the designated borrower. Includes all Title IV subsidized and unsubsidized loans and all institutionally- and privately-sponsored loans. Does not include PLUS and other loans made directly to parents. 
 
Undergraduate - A student enrolled in a 4- or 5-year bachelor's degree program, an associate's degree program, or a vocational or technical program below the baccalaureate 

Full-time student (Undergraduate) — A student enrolled for 12 or more semester credits, or 12 or more quarter credits, or 24 or more clock hours a week each term.        

First-time student (undergraduate) - A student attending any institution for the first time at the undergraduate level. Includes students enrolled in academic or occupational programs . Also includes students enrolled in the fall term who attended college for the first time in the prior summer term, and students who entered with advanced standing (college credits earned before graduation from high school). 

Degree/certificate-seeking students - Students enrolled in courses for credit who are recognized by the institution as seeking a degree or other formal award. At the undergraduate level, this is intended to include students enrolled in vocational or occupational programs."
Description,60,70256,LOAN_P,"Student Financial Aid and Student Counts - Financial Aid

Percentage of full-time, first-time degree/certificate-seeking undergraduate students who were awarded student loans.

Loans to students - Any monies that must be repaid to the lending institution for which the student is the designated borrower. Includes all Title IV subsidized and unsubsidized loans and all institutionally- and privately-sponsored loans. Does not include PLUS and other loans made directly to parents. 
 
Undergraduate - A student enrolled in a 4- or 5-year bachelor's degree program, an associate's degree program, or a vocational or technical program below the baccalaureate 

Full-time student (Undergraduate) — A student enrolled for 12 or more semester credits, or 12 or more quarter credits, or 24 or more clock hours a week each term.        

First-time student (undergraduate) - A student attending any institution for the first time at the undergraduate level. Includes students enrolled in academic or occupational programs . Also includes students enrolled in the fall term who attended college for the first time in the prior summer term, and students who entered with advanced standing (college credits earned before graduation from high school). 

Degree/certificate-seeking students - Students enrolled in courses for credit who are recognized by the institution as seeking a degree or other formal award. At the undergraduate level, this is intended to include students enrolled in vocational or occupational programs."
Description,61,70481,LOAN_T,"Total amount of student loans awarded to full-time, first-time degree/certificate-seeking undergraduate students. 

Loans to students - Any monies that must be repaid to the lending institution for which the student is the designated borrower. Includes all Title IV subsidized and unsubsidized loans and all institutionally- and privately-sponsored loans. Does not include PLUS and other loans made directly to parents

Undergraduate - A student enrolled in a 4- or 5-year bachelor's degree program, an associate's degree program, or a vocational or technical program below the baccalaureate 

Full-time student (Undergraduate) — A student enrolled for 12 or more semester credits, or 12 or more quarter credits, or 24 or more clock hours a week each term. 

First-time student (undergraduate) - A student attending any institution for the first time at the undergraduate level. Includes students enrolled in academic or occupational programs . Also includes students enrolled in the fall term who attended college for the first time in the prior summer term, and students who entered with advanced standing (college credits earned before graduation from high school). 

Degree/certificate-seeking students - Students enrolled in courses for credit who are recognized by the institution as seeking a degree or other formal award. At the undergraduate level, this is intended to include students enrolled in vocational or occupational programs"
Description,62,70261,LOAN_A,"Student Financial Aid and Student Counts - Financial Aid

Average amount of student loans awarded to full-time, first-time degree/certificate-seeking undergraduate students.

Loans to students - Any monies that must be repaid to the lending institution for which the student is the designated borrower. Includes all Title IV subsidized and unsubsidized loans and all institutionally- and privately-sponsored loans. Does not include PLUS and other loans made directly to parents. 
 
Undergraduate - A student enrolled in a 4- or 5-year bachelor's degree program, an associate's degree program, or a vocational or technical program below the baccalaureate 

Full-time student (Undergraduate) — A student enrolled for 12 or more semester credits, or 12 or more quarter credits, or 24 or more clock hours a week each term.        

First-time student (undergraduate) - A student attending any institution for the first time at the undergraduate level. Includes students enrolled in academic or occupational programs . Also includes students enrolled in the fall term who attended college for the first time in the prior summer term, and students who entered with advanced standing (college credits earned before graduation from high school). 

Degree/certificate-seeking students - Students enrolled in courses for credit who are recognized by the institution as seeking a degree or other formal award. At the undergraduate level, this is intended to include students enrolled in vocational or occupational programs."
Description,63,70356,FLOAN_N,"Number of full-time, first-time degree/certificate-seeking undergraduate students who were awarded federal student loans.

Loans to students - Any monies that must be repaid to the lending institution for which the student is the designated borrower. Includes all Title IV subsidized and unsubsidized loans. Does not include PLUS and other loans made directly to parents. 
 
Undergraduate - A student enrolled in a 4- or 5-year bachelor's degree program, an associate's degree program, or a vocational or technical program below the baccalaureate 

Full-time student (Undergraduate) — A student enrolled for 12 or more semester credits, or 12 or more quarter credits, or 24 or more clock hours a week each term.        

First-time student (undergraduate) - A student attending any institution for the first time at the undergraduate level. Includes students enrolled in academic or occupational programs . Also includes students enrolled in the fall term who attended college for the first time in the prior summer term, and students who entered with advanced standing (college credits earned before graduation from high school). 

Degree/certificate-seeking students - Students enrolled in courses for credit who are recognized by the institution as seeking a degree or other formal award. At the undergraduate level, this is intended to include students enrolled in vocational or occupational programs."
Description,64,70361,FLOAN_P,"Percentage  of full-time, first-time degree/certificate-seeking undergraduate students who were awarded federal student loans.

Loans to students - Any monies that must be repaid to the lending institution for which the student is the designated borrower. Includes all Title IV subsidized and unsubsidized loans. Does not include PLUS and other loans made directly to parents. 
 
Undergraduate - A student enrolled in a 4- or 5-year bachelor's degree program, an associate's degree program, or a vocational or technical program below the baccalaureate 

Full-time student (Undergraduate) — A student enrolled for 12 or more semester credits, or 12 or more quarter credits, or 24 or more clock hours a week each term.        

First-time student (undergraduate) - A student attending any institution for the first time at the undergraduate level. Includes students enrolled in academic or occupational programs . Also includes students enrolled in the fall term who attended college for the first time in the prior summer term, and students who entered with advanced standing (college credits earned before graduation from high school). 

Degree/certificate-seeking students - Students enrolled in courses for credit who are recognized by the institution as seeking a degree or other formal award. At the undergraduate level, this is intended to include students enrolled in vocational or occupational programs."
Description,65,70486,FLOAN_T,"Total amount of federal student loans awarded to full-time, first-time degree/certificate-seeking undergraduate students. 

Loans to students - Any monies that must be repaid to the lending institution for which the student is the designated borrower. Includes all Title IV subsidized and unsubsidized loans. Does not include PLUS and other loans made directly to parents.

Undergraduate - A student enrolled in a 4- or 5-year bachelor's degree program, an associate's degree program, or a vocational or technical program below the baccalaureate 

Full-time student (Undergraduate) — A student enrolled for 12 or more semester credits, or 12 or more quarter credits, or 24 or more clock hours a week each term. 

First-time student (undergraduate) - A student attending any institution for the first time at the undergraduate level. Includes students enrolled in academic or occupational programs . Also includes students enrolled in the fall term who attended college for the first time in the prior summer term, and students who entered with advanced standing (college credits earned before graduation from high school). 

Degree/certificate-seeking students - Students enrolled in courses for credit who are recognized by the institution as seeking a degree or other formal award. At the undergraduate level, this is intended to include students enrolled in vocational or occupational programs"
Description,66,70366,FLOAN_A,"Average amount of federal student loans awarded to full-time, first-time degree/certificate-seeking undergraduate students.

Loans to students - Any monies that must be repaid to the lending institution for which the student is the designated borrower. Includes all Title IV subsidized and unsubsidized loans. Does not include PLUS and other loans made directly to parents. 
 
Undergraduate - A student enrolled in a 4- or 5-year bachelor's degree program, an associate's degree program, or a vocational or technical program below the baccalaureate 

Full-time student (Undergraduate) — A student enrolled for 12 or more semester credits, or 12 or more quarter credits, or 24 or more clock hours a week each term.        

First-time student (undergraduate) - A student attending any institution for the first time at the undergraduate level. Includes students enrolled in academic or occupational programs . Also includes students enrolled in the fall term who attended college for the first time in the prior summer term, and students who entered with advanced standing (college credits earned before graduation from high school). 

Degree/certificate-seeking students - Students enrolled in courses for credit who are recognized by the institution as seeking a degree or other formal award. At the undergraduate level, this is intended to include students enrolled in vocational or occupational programs."
Description,67,70371,OLOAN_N,"Number of full-time, first-time degree/certificate-seeking undergraduate students who were awarded other student loans.

Loans to students - All nonfederal loans institutionally- and privately-sponsored loans. Does not include other loans made directly to parents.  
 
Undergraduate - A student enrolled in a 4- or 5-year bachelor's degree program, an associate's degree program, or a vocational or technical program below the baccalaureate 

Full-time student (Undergraduate) — A student enrolled for 12 or more semester credits, or 12 or more quarter credits, or 24 or more clock hours a week each term.        

First-time student (undergraduate) - A student attending any institution for the first time at the undergraduate level. Includes students enrolled in academic or occupational programs . Also includes students enrolled in the fall term who attended college for the first time in the prior summer term, and students who entered with advanced standing (college credits earned before graduation from high school). 

Degree/certificate-seeking students - Students enrolled in courses for credit who are recognized by the institution as seeking a degree or other formal award. At the undergraduate level, this is intended to include students enrolled in vocational or occupational programs."
Description,68,70376,OLOAN_P,"Percentage of full-time, first-time degree/certificate-seeking undergraduate students who were awarded other student loans.

Loans to students - All nonfederal loans institutionally- and privately-sponsored loans. Does not include other loans made directly to parents.  
 
Undergraduate - A student enrolled in a 4- or 5-year bachelor's degree program, an associate's degree program, or a vocational or technical program below the baccalaureate 

Full-time student (Undergraduate) — A student enrolled for 12 or more semester credits, or 12 or more quarter credits, or 24 or more clock hours a week each term.        

First-time student (undergraduate) - A student attending any institution for the first time at the undergraduate level. Includes students enrolled in academic or occupational programs . Also includes students enrolled in the fall term who attended college for the first time in the prior summer term, and students who entered with advanced standing (college credits earned before graduation from high school). 

Degree/certificate-seeking students - Students enrolled in courses for credit who are recognized by the institution as seeking a degree or other formal award. At the undergraduate level, this is intended to include students enrolled in vocational or occupational programs."
Description,69,70491,OLOAN_T,"Total amount of other student loans awarded to full-time, first-time degree/certificate-seeking undergraduate students. 

Loans to students - All nonfederal loans institutionally- and privately-sponsored loans. Does not include other loans made directly to parents. 

Undergraduate - A student enrolled in a 4- or 5-year bachelor's degree program, an associate's degree program, or a vocational or technical program below the baccalaureate 

Full-time student (Undergraduate) — A student enrolled for 12 or more semester credits, or 12 or more quarter credits, or 24 or more clock hours a week each term. 

First-time student (undergraduate) - A student attending any institution for the first time at the undergraduate level. Includes students enrolled in academic or occupational programs . Also includes students enrolled in the fall term who attended college for the first time in the prior summer term, and students who entered with advanced standing (college credits earned before graduation from high school). 

Degree/certificate-seeking students - Students enrolled in courses for credit who are recognized by the institution as seeking a degree or other formal award. At the undergraduate level, this is intended to include students enrolled in vocational or occupational programs"
Description,70,70381,OLOAN_A,"Average amount of other student loans awarded to full-time, first-time degree/certificate-seeking undergraduate students.

Loans to students - All nonfederal loans  institutionally- and privately-sponsored loans. Does not include other loans made directly to parents. 
 
Undergraduate - A student enrolled in a 4- or 5-year bachelor's degree program, an associate's degree program, or a vocational or technical program below the baccalaureate 

Full-time student (Undergraduate) — A student enrolled for 12 or more semester credits, or 12 or more quarter credits, or 24 or more clock hours a week each term.        

First-time student (undergraduate) - A student attending any institution for the first time at the undergraduate level. Includes students enrolled in academic or occupational programs . Also includes students enrolled in the fall term who attended college for the first time in the prior summer term, and students who entered with advanced standing (college credits earned before graduation from high school). 

Degree/certificate-seeking students - Students enrolled in courses for credit who are recognized by the institution as seeking a degree or other formal award. At the undergraduate level, this is intended to include students enrolled in vocational or occupational programs."
Description,71,70496,GISTN2,"Total number of full-time, first-time degree/certificate-seeking undergraduates paying the in-state or in-district tuition rate who were awarded grant or scholarship aid from federal, state or local governments, or the institution.  Students awarded only other sources of grant aid are excluded.

Applicable to public institutions with standard calendar systems (semester, quarter, trimester, 4-1-4) that report financial aid data for students enrolled for the FALL and awarded aid anytime during the full aid year.

Full-time, first-time degree/certificate-seeking undergraduates - A student enrolled in a 4- or 5-year bachelor's degree program, an associate's degree program, or a vocational or technical program below the baccalaureate level, who has no prior postsecondary experience, and is enrolled for 12 or more semester credits, or 12 or more quarter credits, or 24 or more clock hours a week each term.

In-state is the tuition charged by institutions to those students who meet the state's or institution's residency requirements. In-district tuition is the tuition charged by the institution to those students residing in the locality in which they attend school and may be a lower rate than in-state tuition if offered by the institution."
Description,72,70501,GISTON2,"Number of full-time, first-time degree/certificate-seeking undergraduates LIVING ON-CAMPUS, paying the in-state or in-district tuition rate who were awarded grant or scholarship aid from federal, state or local governments, or the institution.  Students awarded only other sources of grant aid are excluded.

Applicable to public institutions with standard calendar systems (semester, quarter, trimester, 4-1-4) that report financial aid data for students enrolled for the FALL and awarded aid anytime during the full aid year.

Full-time, first-time degree/certificate-seeking undergraduates - A student enrolled in a 4- or 5-year bachelor's degree program, an associate's degree program, or a vocational or technical program below the baccalaureate level, who has no prior postsecondary experience, and is enrolled for 12 or more semester credits, or 12 or more quarter credits, or 24 or more clock hours a week each term.

In-state tuition is the tuition charged by institutions to those students who meet the state's or institution's residency requirements. In-district tuition is the tuition charged by the institution to those students residing in the locality in which they attend schooland may be a lower rate than in-state tuition if offered by the institution.

On-campus housing - residence halls owned or controlled by an institution within the same reasonably contiguous geographic area and used by the institution in direct support of or in a manner related to, the institution's educational purposes.
Off-campus housing - housing facility that is occupied by students but is not owned or controlled by the educational institution."
Description,73,70506,GISTWF2,"Number of full-time, first-time degree/certificate-seeking undergraduates LIVING OFF-CAMPUS (WITH FAMILY), paying the in-state or in-district tuition rate who were awarded grant or scholarship aid from federal, state or local governments, or the institution.  Students awarded only other sources of grant aid are not included.

Applicable to public institutions with standard calendar systems (semester, quarter, trimester, 4-1-4) that report financial aid data for students enrolled for the FALL and awarded aid anytime during the full aid year.

Full-time, first-time degree/certificate-seeking undergraduates - A student enrolled in a 4- or 5-year bachelor's degree program, an associate's degree program, or a vocational or technical program below the baccalaureate level, who has no prior postsecondary experience, and is enrolled for 12 or more semester credits, or 12 or more quarter credits, or 24 or more clock hours a week each term.

In-state tuition is the tuition charged by institutions to those students who meet the state's or institution's residency requirements. In-district tuition is the tuition charged by the institution to those students residing in the locality in which they attend schooland may be a lower rate than in-state tuition if offered by the institution.

On-campus housing - residence halls owned or controlled by an institution within the same reasonably contiguous geographic area and used by the institution in direct support of or in a manner related to, the institution's educational purposes.
Off-campus housing - housing facility that is occupied by students but is not owned or controlled by the educational institution."
Description,74,70511,GISTOF2,"Number of full-time, first-time degree/certificate-seeking undergraduates LIVING OFF-CAMPUS (NOT WITH FAMILY), paying the in-state or in-district tuition rate who were awarded grant or scholarship aid from federal, state or local governments, or the institution.  Students awarded only other sources of grant aid are excluded.

Applicable to public institutions with standard calendar systems (semester, quarter, trimester, 4-1-4) that report financial aid data for students enrolled for the FALL and awarded aid anytime during the full aid year.

Full-time, first-time degree/certificate-seeking undergraduates - A student enrolled in a 4- or 5-year bachelor's degree program, an associate's degree program, or a vocational or technical program below the baccalaureate level, who has no prior postsecondary experience, and is enrolled for 12 or more semester credits, or 12 or more quarter credits, or 24 or more clock hours a week each term.

In-state tuition is the tuition charged by institutions to those students who meet the state's or institution's residency requirements. In-district tuition is the tuition charged by the institution to those students residing in the locality in which they attend schooland may be a lower rate than in-state tuition if offered by the institution.

On-campus housing - residence halls owned or controlled by an institution within the same reasonably contiguous geographic area and used by the institution in direct support of or in a manner related to, the institution's educational purposes.
Off-campus housing - housing facility that is occupied by students but is not owned or controlled by the educational institution."
Description,75,70516,GISTUN2,"Number of full-time, first-time degree/certificate-seeking undergraduates LIVING ARRANGEMENT UNKNOWN, paying the in-state or in-district tuition rate who were awarded grant or scholarship aid from federal, state or local governments, or the institution.  Students awarded only other sources of grant aid are excluded.

Applicable to public institutions with standard calendar systems (semester, quarter, trimester, 4-1-4) that report financial aid data for students enrolled for the FALL and awarded aid anytime during the full aid year.

Applicable to public institutions with standard calendar systems (semester, quarter, trimester, 4-1-4) that report financial aid data for students enrolled for the FALL and awarded aid anytime during the full aid year.

Full-time, first-time degree/certificate-seeking undergraduates - A student enrolled in a 4- or 5-year bachelor's degree program, an associate's degree program, or a vocational or technical program below the baccalaureate level, who has no prior postsecondary experience, and is enrolled for 12 or more semester credits, or 12 or more quarter credits, or 24 or more clock hours a week each term.

In-state tuition is the tuition charged by institutions to those students who meet the state's or institution's residency requirements. In-district tuition is the tuition charged by the institution to those students residing in the locality in which they attend schooland may be a lower rate than in-state tuition if offered by the institution."
Description,76,70521,GISTT2,"Total amount of grant and scholarship aid from federal, state or local governments, or institutional sources awarded to full-time, first-time degree/certificate-seeking undergraduates paying the in-state or in-district tuition rate who were awarded grant or scholarship aid from federal, state or local governments, or the institution. Other sources of grant aid are excluded. Aid awarded anytime during the full aid year is included.

Applicable to public institutions with standard calendar systems (semester, quarter, trimester, 4-1-4) that report financial aid data for students enrolled for the FALL and awarded aid anytime during the full aid year.

Full-time, first-time degree/certificate-seeking undergraduates - A student enrolled in a 4- or 5-year bachelor's degree program, an associate's degree program, or a vocational or technical program below the baccalaureate level, who has no prior postsecondary experience, and is enrolled for 12 or more semester credits, or 12 or more quarter credits, or 24 or more clock hours a week each term.

In-state tuition is the tuition charged by institutions to those students who meet the state's or institution's residency requirements. In-district tuition is the tuition charged by the institution to those students residing in the locality in which they attend schooland may be a lower rate than in-state tuition if offered by the institution"
Description,77,70526,GISTA2,"Average amount of grant and scholarship aid from federal, state or local governments, or institutional sources awarded to full-time, first-time degree/certificate-seeking undergraduates paying the in-state or in-district tuition rate who were awarded grant or scholarship aid from federal, state or local governments, or the institution. Other sources of grant aid are excluded. Aid awarded anytime during the full aid year is included.

Applicable to public institutions with standard calendar systems (semester, quarter, trimester, 4-1-4) that report financial aid data for students enrolled for the FALL and awarded aid anytime during the full aid year.

Full-time, first-time degree/certificate-seeking undergraduates - A student enrolled in a 4- or 5-year bachelor's degree program, an associate's degree program, or a vocational or technical program below the baccalaureate level, who has no prior postsecondary experience, and is enrolled for 12 or more semester credits, or 12 or more quarter credits, or 24 or more clock hours a week each term.

In-state tuition is the tuition charged by institutions to those students who meet the state's or institution's residency requirements. In-district tuition is the tuition charged by the institution to those students residing in the locality in which they attend schooland may be a lower rate than in-state tuition if offered by the institution."
Description,78,70531,GISTN1,"Total number of full-time, first-time degree/certificate-seeking undergraduates paying the in-state or in-district tuition rate who were awarded grant or scholarship aid from federal, state or local governments, or the institution.  Students awarded only other sources of grant aid are excluded.

Applicable to public institutions with standard calendar systems (semester, quarter, trimester, 4-1-4) that report financial aid data for students enrolled for the FALL and awarded aid anytime during the full aid year.

Full-time, first-time degree/certificate-seeking undergraduates - A student enrolled in a 4- or 5-year bachelor's degree program, an associate's degree program, or a vocational or technical program below the baccalaureate level, who has no prior postsecondary experience, and is enrolled for 12 or more semester credits, or 12 or more quarter credits, or 24 or more clock hours a week each term.

In-state is the tuition charged by institutions to those students who meet the state's or institution's residency requirements. In-district tuition is the tuition charged by the institution to those students residing in the locality in which they attend school and may be a lower rate than in-state tuition if offered by the institution."
Description,79,70536,GISTON1,"Number of full-time, first-time degree/certificate-seeking undergraduates LIVING ON-CAMPUS, paying the in-state or in-district tuition rate who were awarded grant or scholarship aid from federal, state or local governments, or the institution.  Students awarded only other sources of grant aid are excluded.

Applicable to public institutions with standard calendar systems (semester, quarter, trimester, 4-1-4) that report financial aid data for students enrolled for the FALL and awarded aid anytime during the full aid year.

Full-time, first-time degree/certificate-seeking undergraduates - A student enrolled in a 4- or 5-year bachelor's degree program, an associate's degree program, or a vocational or technical program below the baccalaureate level, who has no prior postsecondary experience, and is enrolled for 12 or more semester credits, or 12 or more quarter credits, or 24 or more clock hours a week each term.

In-state tuition is the tuition charged by institutions to those students who meet the state's or institution's residency requirements. In-district tuition is the tuition charged by the institution to those students residing in the locality in which they attend schooland may be a lower rate than in-state tuition if offered by the institution.

On-campus housing - residence halls owned or controlled by an institution within the same reasonably contiguous geographic area and used by the institution in direct support of or in a manner related to, the institution's educational purposes.
Off-campus housing - housing facility that is occupied by students but is not owned or controlled by the educational institution."
Description,80,70541,GISTWF1,"Number of full-time, first-time degree/certificate-seeking undergraduates LIVING OFF-CAMPUS (WITH FAMILY), paying the in-state or in-district tuition rate who were awarded grant or scholarship aid from federal, state or local governments, or the institution.  Students awarded only other sources of grant aid are not included.

Applicable to public institutions with standard calendar systems (semester, quarter, trimester, 4-1-4) that report financial aid data for students enrolled for the FALL and awarded aid anytime during the full aid year.

Full-time, first-time degree/certificate-seeking undergraduates - A student enrolled in a 4- or 5-year bachelor's degree program, an associate's degree program, or a vocational or technical program below the baccalaureate level, who has no prior postsecondary experience, and is enrolled for 12 or more semester credits, or 12 or more quarter credits, or 24 or more clock hours a week each term.

In-state tuition is the tuition charged by institutions to those students who meet the state's or institution's residency requirements. In-district tuition is the tuition charged by the institution to those students residing in the locality in which they attend schooland may be a lower rate than in-state tuition if offered by the institution.

On-campus housing - residence halls owned or controlled by an institution within the same reasonably contiguous geographic area and used by the institution in direct support of or in a manner related to, the institution's educational purposes.
Off-campus housing - housing facility that is occupied by students but is not owned or controlled by the educational institution."
Description,81,70546,GISTOF1,"Number of full-time, first-time degree/certificate-seeking undergraduates LIVING OFF-CAMPUS (NOT WITH FAMILY), paying the in-state or in-district tuition rate who were awarded grant or scholarship aid from federal, state or local governments, or the institution.  Students awarded only other sources of grant aid are excluded.

Applicable to public institutions with standard calendar systems (semester, quarter, trimester, 4-1-4) that report financial aid data for students enrolled for the FALL and awarded aid anytime during the full aid year.

Full-time, first-time degree/certificate-seeking undergraduates - A student enrolled in a 4- or 5-year bachelor's degree program, an associate's degree program, or a vocational or technical program below the baccalaureate level, who has no prior postsecondary experience, and is enrolled for 12 or more semester credits, or 12 or more quarter credits, or 24 or more clock hours a week each term.

In-state tuition is the tuition charged by institutions to those students who meet the state's or institution's residency requirements. In-district tuition is the tuition charged by the institution to those students residing in the locality in which they attend schooland may be a lower rate than in-state tuition if offered by the institution.

On-campus housing - residence halls owned or controlled by an institution within the same reasonably contiguous geographic area and used by the institution in direct support of or in a manner related to, the institution's educational purposes.
Off-campus housing - housing facility that is occupied by students but is not owned or controlled by the educational institution."
Description,82,70551,GISTUN1,"Number of full-time, first-time degree/certificate-seeking undergraduates LIVING ARRANGEMENT UNKNOWN, paying the in-state or in-district tuition rate who were awarded grant or scholarship aid from federal, state or local governments, or the institution.  Students awarded only other sources of grant aid are excluded.

Applicable to public institutions with standard calendar systems (semester, quarter, trimester, 4-1-4) that report financial aid data for students enrolled for the FALL and awarded aid anytime during the full aid year.

Applicable to public institutions with standard calendar systems (semester, quarter, trimester, 4-1-4) that report financial aid data for students enrolled for the FALL and awarded aid anytime during the full aid year.

Full-time, first-time degree/certificate-seeking undergraduates - A student enrolled in a 4- or 5-year bachelor's degree program, an associate's degree program, or a vocational or technical program below the baccalaureate level, who has no prior postsecondary experience, and is enrolled for 12 or more semester credits, or 12 or more quarter credits, or 24 or more clock hours a week each term.

In-state tuition is the tuition charged by institutions to those students who meet the state's or institution's residency requirements. In-district tuition is the tuition charged by the institution to those students residing in the locality in which they attend schooland may be a lower rate than in-state tuition if offered by the institution."
Description,83,70556,GISTT1,"Total amount of grant and scholarship aid from federal, state or local governments, or institutional sources awarded to full-time, first-time degree/certificate-seeking undergraduates paying the in-state or in-district tuition rate who were awarded grant or scholarship aid from federal, state or local governments, or the institution. Other sources of grant aid are excluded. Aid awarded anytime during the full aid year is included.

Applicable to public institutions with standard calendar systems (semester, quarter, trimester, 4-1-4) that report financial aid data for students enrolled for the FALL and awarded aid anytime during the full aid year.

Full-time, first-time degree/certificate-seeking undergraduates - A student enrolled in a 4- or 5-year bachelor's degree program, an associate's degree program, or a vocational or technical program below the baccalaureate level, who has no prior postsecondary experience, and is enrolled for 12 or more semester credits, or 12 or more quarter credits, or 24 or more clock hours a week each term.

In-state tuition is the tuition charged by institutions to those students who meet the state's or institution's residency requirements. In-district tuition is the tuition charged by the institution to those students residing in the locality in which they attend schooland may be a lower rate than in-state tuition if offered by the institution"
Description,84,70561,GISTA1,"Average amount of grant and scholarship aid from federal, state or local governments, or institutional sources awarded to full-time, first-time degree/certificate-seeking undergraduates paying the in-state or in-district tuition rate who were awarded grant or scholarship aid from federal, state or local governments, or the institution. Other sources of grant aid are excluded. Aid awarded anytime during the full aid year is included.

Applicable to public institutions with standard calendar systems (semester, quarter, trimester, 4-1-4) that report financial aid data for students enrolled for the FALL and awarded aid anytime during the full aid year.

Full-time, first-time degree/certificate-seeking undergraduates - A student enrolled in a 4- or 5-year bachelor's degree program, an associate's degree program, or a vocational or technical program below the baccalaureate level, who has no prior postsecondary experience, and is enrolled for 12 or more semester credits, or 12 or more quarter credits, or 24 or more clock hours a week each term.

In-state tuition is the tuition charged by institutions to those students who meet the state's or institution's residency requirements. In-district tuition is the tuition charged by the institution to those students residing in the locality in which they attend schooland may be a lower rate than in-state tuition if offered by the institution"
Description,85,70566,GISTN0,"Total number of full-time, first-time degree/certificate-seeking undergraduates paying the in-state or in-district tuition rate who were awarded grant or scholarship aid from federal, state or local governments, or the institution.  Students awarded only other sources of grant aid are excluded.

Applicable to public institutions with standard calendar systems (semester, quarter, trimester, 4-1-4) that report financial aid data for students enrolled for the FALL and awarded aid anytime during the full aid year.

Full-time, first-time degree/certificate-seeking undergraduates - A student enrolled in a 4- or 5-year bachelor's degree program, an associate's degree program, or a vocational or technical program below the baccalaureate level, who has no prior postsecondary experience, and is enrolled for 12 or more semester credits, or 12 or more quarter credits, or 24 or more clock hours a week each term.

In-state is the tuition charged by institutions to those students who meet the state's or institution's residency requirements. In-district tuition is the tuition charged by the institution to those students residing in the locality in which they attend school and may be a lower rate than in-state tuition if offered by the institution."
Description,86,70571,GISTON0,"Number of full-time, first-time degree/certificate-seeking undergraduates LIVING ON-CAMPUS, paying the in-state or in-district tuition rate who were awarded grant or scholarship aid from federal, state or local governments, or the institution.  Students awarded only other sources of grant aid are excluded.

Applicable to public institutions with standard calendar systems (semester, quarter, trimester, 4-1-4) that report financial aid data for students enrolled for the FALL and awarded aid anytime during the full aid year.

Full-time, first-time degree/certificate-seeking undergraduates - A student enrolled in a 4- or 5-year bachelor's degree program, an associate's degree program, or a vocational or technical program below the baccalaureate level, who has no prior postsecondary experience, and is enrolled for 12 or more semester credits, or 12 or more quarter credits, or 24 or more clock hours a week each term.

In-state tuition is the tuition charged by institutions to those students who meet the state's or institution's residency requirements. In-district tuition is the tuition charged by the institution to those students residing in the locality in which they attend schooland may be a lower rate than in-state tuition if offered by the institution.

On-campus housing - residence halls owned or controlled by an institution within the same reasonably contiguous geographic area and used by the institution in direct support of or in a manner related to, the institution's educational purposes.
Off-campus housing - housing facility that is occupied by students but is not owned or controlled by the educational institution."
Description,87,70576,GISTWF0,"Number of full-time, first-time degree/certificate-seeking undergraduates LIVING OFF-CAMPUS (WITH FAMILY), paying the in-state or in-district tuition rate who were awarded grant or scholarship aid from federal, state or local governments, or the institution.  Students awarded only other sources of grant aid are not included.

Applicable to public institutions with standard calendar systems (semester, quarter, trimester, 4-1-4) that report financial aid data for students enrolled for the FALL and awarded aid anytime during the full aid year.

Full-time, first-time degree/certificate-seeking undergraduates - A student enrolled in a 4- or 5-year bachelor's degree program, an associate's degree program, or a vocational or technical program below the baccalaureate level, who has no prior postsecondary experience, and is enrolled for 12 or more semester credits, or 12 or more quarter credits, or 24 or more clock hours a week each term.

In-state tuition is the tuition charged by institutions to those students who meet the state's or institution's residency requirements. In-district tuition is the tuition charged by the institution to those students residing in the locality in which they attend schooland may be a lower rate than in-state tuition if offered by the institution.

On-campus housing - residence halls owned or controlled by an institution within the same reasonably contiguous geographic area and used by the institution in direct support of or in a manner related to, the institution's educational purposes.
Off-campus housing - housing facility that is occupied by students but is not owned or controlled by the educational institution."
Description,88,70581,GISTOF0,"Number of full-time, first-time degree/certificate-seeking undergraduates LIVING OFF-CAMPUS (NOT WITH FAMILY), paying the in-state or in-district tuition rate who were awarded grant or scholarship aid from federal, state or local governments, or the institution.  Students awarded only other sources of grant aid are excluded.

Applicable to public institutions with standard calendar systems (semester, quarter, trimester, 4-1-4) that report financial aid data for students enrolled for the FALL and awarded aid anytime during the full aid year.

Full-time, first-time degree/certificate-seeking undergraduates - A student enrolled in a 4- or 5-year bachelor's degree program, an associate's degree program, or a vocational or technical program below the baccalaureate level, who has no prior postsecondary experience, and is enrolled for 12 or more semester credits, or 12 or more quarter credits, or 24 or more clock hours a week each term.

In-state tuition is the tuition charged by institutions to those students who meet the state's or institution's residency requirements. In-district tuition is the tuition charged by the institution to those students residing in the locality in which they attend schooland may be a lower rate than in-state tuition if offered by the institution.

On-campus housing - residence halls owned or controlled by an institution within the same reasonably contiguous geographic area and used by the institution in direct support of or in a manner related to, the institution's educational purposes.
Off-campus housing - housing facility that is occupied by students but is not owned or controlled by the educational institution."
Description,89,70586,GISTUN0,"Number of full-time, first-time degree/certificate-seeking undergraduates LIVING ARRANGEMENT UNKNOWN, paying the in-state or in-district tuition rate who were awarded grant or scholarship aid from federal, state or local governments, or the institution.  Students awarded only other sources of grant aid are excluded.

Applicable to public institutions with standard calendar systems (semester, quarter, trimester, 4-1-4) that report financial aid data for students enrolled for the FALL and awarded aid anytime during the full aid year.

Applicable to public institutions with standard calendar systems (semester, quarter, trimester, 4-1-4) that report financial aid data for students enrolled for the FALL and awarded aid anytime during the full aid year.

Full-time, first-time degree/certificate-seeking undergraduates - A student enrolled in a 4- or 5-year bachelor's degree program, an associate's degree program, or a vocational or technical program below the baccalaureate level, who has no prior postsecondary experience, and is enrolled for 12 or more semester credits, or 12 or more quarter credits, or 24 or more clock hours a week each term.

In-state tuition is the tuition charged by institutions to those students who meet the state's or institution's residency requirements. In-district tuition is the tuition charged by the institution to those students residing in the locality in which they attend schooland may be a lower rate than in-state tuition if offered by the institution.

On-campus housing - residence halls owned or controlled by an institution within the same reasonably contiguous geographic area and used by the institution in direct support of or in a manner related to, the institution's educational purposes.
Off-campus housing - housing facility that is occupied by students but is not owned or controlled by the educational institution."
Description,90,70591,GISTT0,"Total amount of grant and scholarship aid from federal, state or local governments, or institutional sources awarded to full-time, first-time degree/certificate-seeking undergraduates paying the in-state or in-district tuition rate who were awarded grant or scholarship aid from federal, state or local governments, or the institution. Other sources of grant aid are excluded. Aid awarded anytime during the full aid year is included.

Applicable to public institutions with standard calendar systems (semester, quarter, trimester, 4-1-4) that report financial aid data for students enrolled for the FALL and awarded aid anytime during the full aid year.

Full-time, first-time degree/certificate-seeking undergraduates - A student enrolled in a 4- or 5-year bachelor's degree program, an associate's degree program, or a vocational or technical program below the baccalaureate level, who has no prior postsecondary experience, and is enrolled for 12 or more semester credits, or 12 or more quarter credits, or 24 or more clock hours a week each term.

In-state tuition is the tuition charged by institutions to those students who meet the state's or institution's residency requirements. In-district tuition is the tuition charged by the institution to those students residing in the locality in which they attend schooland may be a lower rate than in-state tuition if offered by the institution"
Description,91,70596,GISTA0,"Average amount of grant and scholarship aid from federal, state or local governments, or institutional sources awarded to full-time, first-time degree/certificate-seeking undergraduates paying the in-state or in-district tuition rate who were awarded grant or scholarship aid from federal, state or local governments, or the institution. Other sources of grant aid are excluded. Aid awarded anytime during the full aid year is included.

Applicable to public institutions with standard calendar systems (semester, quarter, trimester, 4-1-4) that report financial aid data for students enrolled for the FALL and awarded aid anytime during the full aid year.

Full-time, first-time degree/certificate-seeking undergraduates - A student enrolled in a 4- or 5-year bachelor's degree program, an associate's degree program, or a vocational or technical program below the baccalaureate level, who has no prior postsecondary experience, and is enrolled for 12 or more semester credits, or 12 or more quarter credits, or 24 or more clock hours a week each term.

In-state tuition is the tuition charged by institutions to those students who meet the state's or institution's residency requirements. In-district tuition is the tuition charged by the institution to those students residing in the locality in which they attend schooland may be a lower rate than in-state tuition if offered by the institution"
Description,92,70601,GIS4N2,"Total number of full-time, first-time degree/certificate-seeking undergraduates paying the in-state or in-district tuition rate who were awarded title IV federal student aid .  Title IV federal student aid, includes federal grants or federal student loans. 

Applicable to public institutions with standard calendar systems (semester, quarter, trimester, 4-1-4) that report financial aid data for students enrolled for the FALL and awarded aid anytime during the full aid year.

Title IV aid to students includes grant aid, work study aid, and loan aid. These include: Federal Pell Grant, Federal Supplemental Educational Opportunity Grant (FSEOG), Academic Competitiveness Grant (ACG), National Science and Mathematics Access to Retain Talent Grant (National SMART Grant), Teacher Education Assistance for College and Higher Education (TEACH) Grant, Federal Work-Study, Federal Perkins Loan, Subsidized Direct or FFEL Stafford Loan, and Unsubsidized Direct or FFEL Stafford Loan.

Full-time, first-time degree/certificate-seeking undergraduates - A student enrolled in a 4- or 5-year bachelor's degree program, an associate's degree program, or a vocational or technical program below the baccalaureate level, who has no prior postsecondary experience, and is enrolled for 12 or more semester credits, or 12 or more quarter credits, or 24 or more clock hours a week each term.

In-state tuition is the tuition charged by institutions to those students who meet the state's or institution's residency requirements. In-district tuition is the tuition charged by the institution to those students residing in the locality in which they attend school and may be a lower rate than in-state tuition if offered by the institution."
Description,93,70606,GIS4ON2,"Total number of full-time, first-time degree/certificate-seeking undergraduates LIVING ON-CAMPUS, paying the in-state or in-district tuition rate who were awarded title IV federal student aid .  Title IV federal student aid, includes federal grants or federal student loans. 

Applicable to public institutions with standard calendar systems (semester, quarter, trimester, 4-1-4) that report financial aid data for students enrolled for the FALL and awarded aid anytime during the full aid year.

Title IV aid to students includes grant aid, work study aid, and loan aid. These include: Federal Pell Grant, Federal Supplemental Educational Opportunity Grant (FSEOG), Academic Competitiveness Grant (ACG), National Science and Mathematics Access to Retain Talent Grant (National SMART Grant), Teacher Education Assistance for College and Higher Education (TEACH) Grant, Federal Work-Study, Federal Perkins Loan, Subsidized Direct or FFEL Stafford Loan, and Unsubsidized Direct or FFEL Stafford Loan.

Full-time, first-time degree/certificate-seeking undergraduates - A student enrolled in a 4- or 5-year bachelor's degree program, an associate's degree program, or a vocational or technical program below the baccalaureate level, who has no prior postsecondary experience, and is enrolled for 12 or more semester credits, or 12 or more quarter credits, or 24 or more clock hours a week each term.

In-state tuition is the tuition charged by institutions to those students who meet the state's or institution's residency requirements. In-district tuition is the tuition charged by the institution to those students residing in the locality in which they attend schooland may be a lower rate than in-state tuition if offered by the institution.

On-campus housing - residence halls owned or controlled by an institution within the same reasonably contiguous geographic area and used by the institution in direct support of or in a manner related to, the institution's educational purposes.
Off-campus housing - housing facility that is occupied by students but is not owned or controlled by the educational institution."
Description,94,70611,GIS4WF2,"Total number of full-time, first-time degree/certificate-seeking undergraduates LIVING OFF-CAMPUS (WITH FAMILY), paying the in-state or in-district tuition rate who were awarded title IV federal student aid .  Title IV federal student aid, includes federal grants or federal student loans. 

Applicable to public institutions with standard calendar systems (semester, quarter, trimester, 4-1-4) that report financial aid data for students enrolled for the FALL and awarded aid anytime during the full aid year.

Title IV aid to students includes grant aid, work study aid, and loan aid. These include: Federal Pell Grant, Federal Supplemental Educational Opportunity Grant (FSEOG), Academic Competitiveness Grant (ACG), National Science and Mathematics Access to Retain Talent Grant (National SMART Grant), Teacher Education Assistance for College and Higher Education (TEACH) Grant, Federal Work-Study, Federal Perkins Loan, Subsidized Direct or FFEL Stafford Loan, and Unsubsidized Direct or FFEL Stafford Loan.

Full-time, first-time degree/certificate-seeking undergraduates - A student enrolled in a 4- or 5-year bachelor's degree program, an associate's degree program, or a vocational or technical program below the baccalaureate level, who has no prior postsecondary experience, and is enrolled for 12 or more semester credits, or 12 or more quarter credits, or 24 or more clock hours a week each term.

In-state tuition is the tuition charged by institutions to those students who meet the state's or institution's residency requirements. In-district tuition is the tuition charged by the institution to those students residing in the locality in which they attend schooland may be a lower rate than in-state tuition if offered by the institution.

On-campus housing - residence halls owned or controlled by an institution within the same reasonably contiguous geographic area and used by the institution in direct support of or in a manner related to, the institution's educational purposes.
Off-campus housing - housing facility that is occupied by students but is not owned or controlled by the educational institution."
Description,95,70616,GIS4OF2,"Total number of full-time, first-time degree/certificate-seeking undergraduates LIVING OFF-CAMPUS (NOT WITH FAMILY), paying the in-state or in-district tuition rate who were awarded title IV federal student aid .  Title IV federal student aid, includes federal grants or federal student loans. 

Applicable to public institutions with standard calendar systems (semester, quarter, trimester, 4-1-4) that report financial aid data for students enrolled for the FALL and awarded aid anytime during the full aid year.

Title IV aid to students includes grant aid, work study aid, and loan aid. These include: Federal Pell Grant, Federal Supplemental Educational Opportunity Grant (FSEOG), Academic Competitiveness Grant (ACG), National Science and Mathematics Access to Retain Talent Grant (National SMART Grant), Teacher Education Assistance for College and Higher Education (TEACH) Grant, Federal Work-Study, Federal Perkins Loan, Subsidized Direct or FFEL Stafford Loan, and Unsubsidized Direct or FFEL Stafford Loan.

Full-time, first-time degree/certificate-seeking undergraduates - A student enrolled in a 4- or 5-year bachelor's degree program, an associate's degree program, or a vocational or technical program below the baccalaureate level, who has no prior postsecondary experience, and is enrolled for 12 or more semester credits, or 12 or more quarter credits, or 24 or more clock hours a week each term.

In-state tuition is the tuition charged by institutions to those students who meet the state's or institution's residency requirements. In-district tuition is the tuition charged by the institution to those students residing in the locality in which they attend schooland may be a lower rate than in-state tuition if offered by the institution.

On-campus housing - residence halls owned or controlled by an institution within the same reasonably contiguous geographic area and used by the institution in direct support of or in a manner related to, the institution's educational purposes.
Off-campus housing - housing facility that is occupied by students but is not owned or controlled by the educational institution."
Description,96,70621,GIS4UN2,"Total number of full-time, first-time degree/certificate-seeking undergraduates LIVING ARRANGEMENT UNKNOWN, paying the in-state or in-district tuition rate who were awarded title IV federal student aid .  Title IV federal student aid, includes federal grants or federal student loans. 


Applicable to public institutions with standard calendar systems (semester, quarter, trimester, 4-1-4) that report financial aid data for students enrolled for the FALL and awarded aid anytime during the full aid year.

Title IV aid to students includes grant aid, work study aid, and loan aid. These include: Federal Pell Grant, Federal Supplemental Educational Opportunity Grant (FSEOG), Academic Competitiveness Grant (ACG), National Science and Mathematics Access to Retain Talent Grant (National SMART Grant), Teacher Education Assistance for College and Higher Education (TEACH) Grant, Federal Work-Study, Federal Perkins Loan, Subsidized Direct or FFEL Stafford Loan, and Unsubsidized Direct or FFEL Stafford Loan.

Full-time, first-time degree/certificate-seeking undergraduates - A student enrolled in a 4- or 5-year bachelor's degree program, an associate's degree program, or a vocational or technical program below the baccalaureate level, who has no prior postsecondary experience, and is enrolled for 12 or more semester credits, or 12 or more quarter credits, or 24 or more clock hours a week each term.

In-state tuition is the tuition charged by institutions to those students who meet the state's or institution's residency requirements. In-district tuition is the tuition charged by the institution to those students residing in the locality in which they attend schooland may be a lower rate than in-state tuition if offered by the institution.

On-campus housing - residence halls owned or controlled by an institution within the same reasonably contiguous geographic area and used by the institution in direct support of or in a manner related to, the institution's educational purposes.
Off-campus housing - housing facility that is occupied by students but is not owned or controlled by the educational institution."
Description,97,70626,GIS4T2,"Total amount of grant and scholarship aid from federal, state or local governments, or institutional sources awarded to full-time, first-time degree/certificate-seeking undergraduates paying the in-state or in-district tuition rate who were awarded title IV federal student aid .  Title IV federal student aid, includes federal grants or federal student loans. 

Applicable to public institutions with standard calendar systems (semester, quarter, trimester, 4-1-4) that report financial aid data for students enrolled for the FALL and awarded aid anytime during the full aid year.

Title IV aid to students includes grant aid, work study aid, and loan aid. These include: Federal Pell Grant, Federal Supplemental Educational Opportunity Grant (FSEOG), Academic Competitiveness Grant (ACG), National Science and Mathematics Access to Retain Talent Grant (National SMART Grant), Teacher Education Assistance for College and Higher Education (TEACH) Grant,  Work-Study, Federal Perkins Loan, Subsidized Direct or FFEL Stafford Loan, and Unsubsidized Direct or FFEL Stafford Loan.

Income level - The income that was used by the institution’s financial aid office to determine the student’s Expected Family Contribution (EFC). For dependent students this will include the parents’ adjusted gross income and the student’s adjusted gross income. For independent students this will include the student’s adjusted gross income.

Full-time, first-time degree/certificate-seeking undergraduates - A student enrolled in a 4- or 5-year bachelor's degree program, an associate's degree program, or a vocational or technical program below the baccalaureate level, who has no prior postsecondary experience, and is enrolled for 12 or more semester credits, or 12 or more quarter credits, or 24 or more clock hours a week each term.

In-state tuition is the tuition charged by institutions to those students who meet the state's or institution's residency requirements. In-district tuition is the tuition charged by the institution to those students residing in the locality in which they attend schooland may be a lower rate than in-state tuition if offered by the institution."
Description,98,70631,GIS4A2,"Average amount of grant and scholarship aid from federal, state or local governments, or institutional sources awarded to full-time, first-time degree/certificate-seeking undergraduates paying the in-state or in-district tuition rate who were awarded title IV federal student aid .  Title IV federal student aid, includes federal grants or federal student loans. 

Applicable to public institutions with standard calendar systems (semester, quarter, trimester, 4-1-4) that report financial aid data for students enrolled for the FALL and awarded aid anytime during the full aid year.

Title IV aid to students includes grant aid, work study aid, and loan aid. These include: Federal Pell Grant, Federal Supplemental Educational Opportunity Grant (FSEOG), Academic Competitiveness Grant (ACG), National Science and Mathematics Access to Retain Talent Grant (National SMART Grant), Teacher Education Assistance for College and Higher Education (TEACH) Grant, Federal Work-Study, Federal Perkins Loan, Subsidized Direct or FFEL Stafford Loan, and Unsubsidized Direct or FFEL Stafford Loan.

Income level - The income that was used by the institution’s financial aid office to determine the student’s Expected Family Contribution (EFC). For dependent students this will include the parents’ adjusted gross income and the student’s adjusted gross income. For independent students this will include the student’s adjusted gross income.

Full-time, first-time degree/certificate-seeking undergraduates - A student enrolled in a 4- or 5-year bachelor's degree program, an associate's degree program, or a vocational or technical program below the baccalaureate level, who has no prior postsecondary experience, and is enrolled for 12 or more semester credits, or 12 or more quarter credits, or 24 or more clock hours a week each term.

In-state tuition is the tuition charged by institutions to those students who meet the state's or institution's residency requirements. In-district tuition is the tuition charged by the institution to those students residing in the locality in which they attend schooland may be a lower rate than in-state tuition if offered by the institution."
Description,99,70636,GIS4N12,"Number of full-time, first-time degree/certificate-seeking undergraduates paying the in-state or in-district tuition rate who were awarded title IV federal student aid - INCOME LEVEL (0-30,000).  Title IV federal student aid, includes federal grants or federal student loans. 

Applicable to public institutions with standard calendar systems (semester, quarter, trimester, 4-1-4) that report financial aid data for students enrolled for the FALL and awarded aid anytime during the full aid year.

Title IV aid to students includes grant aid, work study aid, and loan aid. These include: Federal Pell Grant, Federal Supplemental Educational Opportunity Grant (FSEOG), Academic Competitiveness Grant (ACG), National Science and Mathematics Access to Retain Talent Grant (National SMART Grant), Teacher Education Assistance for College and Higher Education (TEACH) Grant, Federal Work-Study, Federal Perkins Loan, Subsidized Direct or FFEL Stafford Loan, and Unsubsidized Direct or FFEL Stafford Loan.

Income level - The income that was used by the institution’s financial aid office to determine the student’s Expected Family Contribution (EFC). For dependent students this will include the parents’ adjusted gross income and the student’s adjusted gross income. For independent students this will include the student’s adjusted gross income.

Full-time, first-time degree/certificate-seeking undergraduates - A student enrolled in a 4- or 5-year bachelor's degree program, an associate's degree program, or a vocational or technical program below the baccalaureate level, who has no prior postsecondary experience, and is enrolled for 12 or more semester credits, or 12 or more quarter credits, or 24 or more clock hours a week each term.

In-state tuition is the tuition charged by institutions to those students who meet the state's or institution's residency requirements. In-district tuition is the tuition charged by the institution to those students residing in the locality in which they attend school and may be a lower rate than in-state tuition if offered by the institution."
Description,100,70641,GIS4T12,"Total amount of grant and scholarship aid from federal, state or local governments, or institutional sources awarded to full-time, first-time degree/certificate-seeking undergraduates paying the in-state or in-district tuition rate who were awarded title IV federal student aid - INCOME LEVEL (0-30,000).  Title IV federal student aid, includes federal grants or federal student loans.

Applicable to public institutions with standard calendar systems (semester, quarter, trimester, 4-1-4) that report financial aid data for students enrolled for the FALL and awarded aid anytime during the full aid year.

Title IV aid to students includes grant aid, work study aid, and loan aid. These include: Federal Pell Grant, Federal Supplemental Educational Opportunity Grant (FSEOG), Academic Competitiveness Grant (ACG), National Science and Mathematics Access to Retain Talent Grant (National SMART Grant), Teacher Education Assistance for College and Higher Education (TEACH) Grant, Federal Work-Study, Federal Perkins Loan, Subsidized Direct or FFEL Stafford Loan, and Unsubsidized Direct or FFEL Stafford Loan.

Income level - The income that was used by the institution’s financial aid office to determine the student’s Expected Family Contribution (EFC). For dependent students this will include the parents’ adjusted gross income and the student’s adjusted gross income. For independent students this will include the student’s adjusted gross income.

Full-time, first-time degree/certificate-seeking undergraduates - A student enrolled in a 4- or 5-year bachelor's degree program, an associate's degree program, or a vocational or technical program below the baccalaureate level, who has no prior postsecondary experience, and is enrolled for 12 or more semester credits, or 12 or more quarter credits, or 24 or more clock hours a week each term.

In-state tuition is the tuition charged by institutions to those students who meet the state's or institution's residency requirements. In-district tuition is the tuition charged by the institution to those students residing in the locality in which they attend school and may be a lower rate than in-state tuition if offered by the institution."
Description,101,70646,GIS4A12,"Average amount of grant and scholarship aid from federal, state or local governments, or institutional sources awarded to full-time, first-time degree/certificate-seeking undergraduates paying the in-state or in-district tuition rate who were awarded title IV federal student aid - INCOME LEVEL (0-30,000).  Title IV federal student aid, includes federal grants or federal student loans.

Applicable to public institutions with standard calendar systems (semester, quarter, trimester, 4-1-4) that report financial aid data for students enrolled for the FALL and awarded aid anytime during the full aid year.

Title IV aid to students includes grant aid, work study aid, and loan aid. These include: Federal Pell Grant, Federal Supplemental Educational Opportunity Grant (FSEOG), Academic Competitiveness Grant (ACG), National Science and Mathematics Access to Retain Talent Grant (National SMART Grant), Teacher Education Assistance for College and Higher Education (TEACH) Grant, Federal Work-Study, Federal Perkins Loan, Subsidized Direct or FFEL Stafford Loan, and Unsubsidized Direct or FFEL Stafford Loan.

Income level - The income that was used by the institution’s financial aid office to determine the student’s Expected Family Contribution (EFC). For dependent students this will include the parents’ adjusted gross income and the student’s adjusted gross income. For independent students this will include the student’s adjusted gross income.

Full-time, first-time degree/certificate-seeking undergraduates - A student enrolled in a 4- or 5-year bachelor's degree program, an associate's degree program, or a vocational or technical program below the baccalaureate level, who has no prior postsecondary experience, and is enrolled for 12 or more semester credits, or 12 or more quarter credits, or 24 or more clock hours a week each term.

In-state tuition is the tuition charged by institutions to those students who meet the state's or institution's residency requirements. In-district tuition is the tuition charged by the institution to those students residing in the locality in which they attend school and may be a lower rate than in-state tuition if offered by the institution."
Description,102,70651,GIS4N22,"Number of full-time, first-time degree/certificate-seeking undergraduates paying the in-state or in-district tuition rate who were awarded title IV federal student aid - INCOME LEVEL (30,001-48,000).  Title IV federal student aid, includes federal grants or federal student loans. 

Applicable to public institutions with standard calendar systems (semester, quarter, trimester, 4-1-4) that report financial aid data for students enrolled for the FALL and awarded aid anytime during the full aid year.

Title IV aid to students includes grant aid, work study aid, and loan aid. These include: Federal Pell Grant, Federal Supplemental Educational Opportunity Grant (FSEOG), Academic Competitiveness Grant (ACG), National Science and Mathematics Access to Retain Talent Grant (National SMART Grant), Teacher Education Assistance for College and Higher Education (TEACH) Grant, Federal Work-Study, Federal Perkins Loan, Subsidized Direct or FFEL Stafford Loan, and Unsubsidized Direct or FFEL Stafford Loan.

Income level - The income that was used by the institution’s financial aid office to determine the student’s Expected Family Contribution (EFC). For dependent students this will include the parents’ adjusted gross income and the student’s adjusted gross income. For independent students this will include the student’s adjusted gross income.

Full-time, first-time degree/certificate-seeking undergraduates - A student enrolled in a 4- or 5-year bachelor's degree program, an associate's degree program, or a vocational or technical program below the baccalaureate level, who has no prior postsecondary experience, and is enrolled for 12 or more semester credits, or 12 or more quarter credits, or 24 or more clock hours a week each term.

In-state tuition is the tuition charged by institutions to those students who meet the state's or institution's residency requirements. In-district tuition is the tuition charged by the institution to those students residing in the locality in which they attend school and may be a lower rate than in-state tuition if offered by the institution."
Description,103,70656,GIS4T22,"Total amount of grant and scholarship aid from federal, state or local governments, or institutional sources awarded to full-time, first-time degree/certificate-seeking undergraduates paying the in-state or in-district tuition rate who were awarded title IV federal student aid - INCOME LEVEL (30,001-48,000).  Title IV federal student aid, includes federal grants or federal student loans.

Applicable to public institutions with standard calendar systems (semester, quarter, trimester, 4-1-4) that report financial aid data for students enrolled for the FALL and awarded aid anytime during the full aid year.

Title IV aid to students includes grant aid, work study aid, and loan aid. These include: Federal Pell Grant, Federal Supplemental Educational Opportunity Grant (FSEOG), Academic Competitiveness Grant (ACG), National Science and Mathematics Access to Retain Talent Grant (National SMART Grant), Teacher Education Assistance for College and Higher Education (TEACH) Grant, Federal Work-Study, Federal Perkins Loan, Subsidized Direct or FFEL Stafford Loan, and Unsubsidized Direct or FFEL Stafford Loan.

Income level - The income that was used by the institution’s financial aid office to determine the student’s Expected Family Contribution (EFC). For dependent students this will include the parents’ adjusted gross income and the student’s adjusted gross income. For independent students this will include the student’s adjusted gross income.

Full-time, first-time degree/certificate-seeking undergraduates - A student enrolled in a 4- or 5-year bachelor's degree program, an associate's degree program, or a vocational or technical program below the baccalaureate level, who has no prior postsecondary experience, and is enrolled for 12 or more semester credits, or 12 or more quarter credits, or 24 or more clock hours a week each term.

In-state tuition is the tuition charged by institutions to those students who meet the state's or institution's residency requirements. In-district tuition is the tuition charged by the institution to those students residing in the locality in which they attend school and may be a lower rate than in-state tuition if offered by the institution."
Description,104,70661,GIS4A22,"Average amount of grant and scholarship aid from federal, state or local governments, or institutional sources awarded to full-time, first-time degree/certificate-seeking undergraduates paying the in-state or in-district tuition rate who were awarded title IV federal student aid - INCOME LEVEL (30,001-48,000).  Title IV federal student aid, includes federal grants or federal student loans.

Applicable to public institutions with standard calendar systems (semester, quarter, trimester, 4-1-4) that report financial aid data for students enrolled for the FALL and awarded aid anytime during the full aid year.

Title IV aid to students includes grant aid, work study aid, and loan aid. These include: Federal Pell Grant, Federal Supplemental Educational Opportunity Grant (FSEOG), Academic Competitiveness Grant (ACG), National Science and Mathematics Access to Retain Talent Grant (National SMART Grant), Teacher Education Assistance for College and Higher Education (TEACH) Grant, Federal Work-Study, Federal Perkins Loan, Subsidized Direct or FFEL Stafford Loan, and Unsubsidized Direct or FFEL Stafford Loan.

Income level - The income that was used by the institution’s financial aid office to determine the student’s Expected Family Contribution (EFC). For dependent students this will include the parents’ adjusted gross income and the student’s adjusted gross income. For independent students this will include the student’s adjusted gross income.

Full-time, first-time degree/certificate-seeking undergraduates - A student enrolled in a 4- or 5-year bachelor's degree program, an associate's degree program, or a vocational or technical program below the baccalaureate level, who has no prior postsecondary experience, and is enrolled for 12 or more semester credits, or 12 or more quarter credits, or 24 or more clock hours a week each term.

In-state tuition is the tuition charged by institutions to those students who meet the state's or institution's residency requirements. In-district tuition is the tuition charged by the institution to those students residing in the locality in which they attend school and may be a lower rate than in-state tuition if offered by the institution."
Description,105,70666,GIS4N32,"Number of full-time, first-time degree/certificate-seeking undergraduates paying the in-state or in-district tuition rate who were awarded title IV federal student aid - INCOME LEVEL (48,001-75,000).  Title IV federal student aid, includes federal grants or federal student loans. 

Applicable to public institutions with standard calendar systems (semester, quarter, trimester, 4-1-4) that report financial aid data for students enrolled for the FALL and awarded aid anytime during the full aid year.

Title IV aid to students includes grant aid, work study aid, and loan aid. These include: Federal Pell Grant, Federal Supplemental Educational Opportunity Grant (FSEOG), Academic Competitiveness Grant (ACG), National Science and Mathematics Access to Retain Talent Grant (National SMART Grant), Teacher Education Assistance for College and Higher Education (TEACH) Grant, Federal Work-Study, Federal Perkins Loan, Subsidized Direct or FFEL Stafford Loan, and Unsubsidized Direct or FFEL Stafford Loan.

Income level - The income that was used by the institution’s financial aid office to determine the student’s Expected Family Contribution (EFC). For dependent students this will include the parents’ adjusted gross income and the student’s adjusted gross income. For independent students this will include the student’s adjusted gross income.

Full-time, first-time degree/certificate-seeking undergraduates - A student enrolled in a 4- or 5-year bachelor's degree program, an associate's degree program, or a vocational or technical program below the baccalaureate level, who has no prior postsecondary experience, and is enrolled for 12 or more semester credits, or 12 or more quarter credits, or 24 or more clock hours a week each term.

In-state tuition is the tuition charged by institutions to those students who meet the state's or institution's residency requirements. In-district tuition is the tuition charged by the institution to those students residing in the locality in which they attend school and may be a lower rate than in-state tuition if offered by the institution."
Description,106,70671,GIS4T32,"Total amount of grant and scholarship aid from federal, state or local governments, or institutional sources awarded to full-time, first-time degree/certificate-seeking undergraduates paying the in-state or in-district tuition rate who were awarded title IV federal student aid - INCOME LEVEL (48,001-75,000).  Title IV federal student aid, includes federal grants or federal student loans.

Applicable to public institutions with standard calendar systems (semester, quarter, trimester, 4-1-4) that report financial aid data for students enrolled for the FALL and awarded aid anytime during the full aid year.

Title IV aid to students includes grant aid, work study aid, and loan aid. These include: Federal Pell Grant, Federal Supplemental Educational Opportunity Grant (FSEOG), Academic Competitiveness Grant (ACG), National Science and Mathematics Access to Retain Talent Grant (National SMART Grant), Teacher Education Assistance for College and Higher Education (TEACH) Grant, Federal Work-Study, Federal Perkins Loan, Subsidized Direct or FFEL Stafford Loan, and Unsubsidized Direct or FFEL Stafford Loan.

Income level - The income that was used by the institution’s financial aid office to determine the student’s Expected Family Contribution (EFC). For dependent students this will include the parents’ adjusted gross income and the student’s adjusted gross income. For independent students this will include the student’s adjusted gross income.

Full-time, first-time degree/certificate-seeking undergraduates - A student enrolled in a 4- or 5-year bachelor's degree program, an associate's degree program, or a vocational or technical program below the baccalaureate level, who has no prior postsecondary experience, and is enrolled for 12 or more semester credits, or 12 or more quarter credits, or 24 or more clock hours a week each term.

In-state tuition is the tuition charged by institutions to those students who meet the state's or institution's residency requirements. In-district tuition is the tuition charged by the institution to those students residing in the locality in which they attend school and may be a lower rate than in-state tuition if offered by the institution."
Description,107,70676,GIS4A32,"Average amount of grant and scholarship aid from federal, state or local governments, or institutional sources awarded to full-time, first-time degree/certificate-seeking undergraduates paying the in-state or in-district tuition rate who were awarded title IV federal student aid - INCOME LEVEL (48,001-75,000).  Title IV federal student aid, includes federal grants or federal student loans.

Applicable to public institutions with standard calendar systems (semester, quarter, trimester, 4-1-4) that report financial aid data for students enrolled for the FALL and awarded aid anytime during the full aid year.

Title IV aid to students includes grant aid, work study aid, and loan aid. These include: Federal Pell Grant, Federal Supplemental Educational Opportunity Grant (FSEOG), Academic Competitiveness Grant (ACG), National Science and Mathematics Access to Retain Talent Grant (National SMART Grant), Teacher Education Assistance for College and Higher Education (TEACH) Grant, Federal Work-Study, Federal Perkins Loan, Subsidized Direct or FFEL Stafford Loan, and Unsubsidized Direct or FFEL Stafford Loan.

Income level - The income that was used by the institution’s financial aid office to determine the student’s Expected Family Contribution (EFC). For dependent students this will include the parents’ adjusted gross income and the student’s adjusted gross income. For independent students this will include the student’s adjusted gross income.

Full-time, first-time degree/certificate-seeking undergraduates - A student enrolled in a 4- or 5-year bachelor's degree program, an associate's degree program, or a vocational or technical program below the baccalaureate level, who has no prior postsecondary experience, and is enrolled for 12 or more semester credits, or 12 or more quarter credits, or 24 or more clock hours a week each term.

In-state tuition is the tuition charged by institutions to those students who meet the state's or institution's residency requirements. In-district tuition is the tuition charged by the institution to those students residing in the locality in which they attend school and may be a lower rate than in-state tuition if offered by the institution."
Description,108,70681,GIS4N42,"Number of full-time, first-time degree/certificate-seeking undergraduates paying the in-state or in-district tuition rate who were awarded title IV federal student aid - INCOME LEVEL (75,001-120,000).  Title IV federal student aid, includes federal grants or federal student loans. 

Applicable to public institutions with standard calendar systems (semester, quarter, trimester, 4-1-4) that report financial aid data for students enrolled for the FALL and awarded aid anytime during the full aid year.

Title IV aid to students includes grant aid, work study aid, and loan aid. These include: Federal Pell Grant, Federal Supplemental Educational Opportunity Grant (FSEOG), Academic Competitiveness Grant (ACG), National Science and Mathematics Access to Retain Talent Grant (National SMART Grant), Teacher Education Assistance for College and Higher Education (TEACH) Grant, Federal Work-Study, Federal Perkins Loan, Subsidized Direct or FFEL Stafford Loan, and Unsubsidized Direct or FFEL Stafford Loan.

Income level - The income that was used by the institution’s financial aid office to determine the student’s Expected Family Contribution (EFC). For dependent students this will include the parents’ adjusted gross income and the student’s adjusted gross income. For independent students this will include the student’s adjusted gross income.

Full-time, first-time degree/certificate-seeking undergraduates - A student enrolled in a 4- or 5-year bachelor's degree program, an associate's degree program, or a vocational or technical program below the baccalaureate level, who has no prior postsecondary experience, and is enrolled for 12 or more semester credits, or 12 or more quarter credits, or 24 or more clock hours a week each term.

In-state tuition is the tuition charged by institutions to those students who meet the state's or institution's residency requirements. In-district tuition is the tuition charged by the institution to those students residing in the locality in which they attend school and may be a lower rate than in-state tuition if offered by the institution."
Description,109,70686,GIS4T42,"Total amount of grant and scholarship aid from federal, state or local governments, or institutional sources awarded to full-time, first-time degree/certificate-seeking undergraduates paying the in-state or in-district tuition rate who were awarded title IV federal student aid - INCOME LEVEL (75,001-110,000).  Title IV federal student aid, includes federal grants or federal student loans.

Applicable to public institutions with standard calendar systems (semester, quarter, trimester, 4-1-4) that report financial aid data for students enrolled for the FALL and awarded aid anytime during the full aid year.

Title IV aid to students includes grant aid, work study aid, and loan aid. These include: Federal Pell Grant, Federal Supplemental Educational Opportunity Grant (FSEOG), Academic Competitiveness Grant (ACG), National Science and Mathematics Access to Retain Talent Grant (National SMART Grant), Teacher Education Assistance for College and Higher Education (TEACH) Grant, Federal Work-Study, Federal Perkins Loan, Subsidized Direct or FFEL Stafford Loan, and Unsubsidized Direct or FFEL Stafford Loan.

Income level - The income that was used by the institution’s financial aid office to determine the student’s Expected Family Contribution (EFC). For dependent students this will include the parents’ adjusted gross income and the student’s adjusted gross income. For independent students this will include the student’s adjusted gross income.

Full-time, first-time degree/certificate-seeking undergraduates - A student enrolled in a 4- or 5-year bachelor's degree program, an associate's degree program, or a vocational or technical program below the baccalaureate level, who has no prior postsecondary experience, and is enrolled for 12 or more semester credits, or 12 or more quarter credits, or 24 or more clock hours a week each term.

In-state tuition is the tuition charged by institutions to those students who meet the state's or institution's residency requirements. In-district tuition is the tuition charged by the institution to those students residing in the locality in which they attend school and may be a lower rate than in-state tuition if offered by the institution."
Description,110,70691,GIS4A42,"Average amount of grant and scholarship aid from federal, state or local governments, or institutional sources awarded to full-time, first-time degree/certificate-seeking undergraduates paying the in-state or in-district tuition rate who were awarded title IV federal student aid - INCOME LEVEL (75,001-110,000).  Title IV federal student aid, includes federal grants or federal student loans.

Applicable to public institutions with standard calendar systems (semester, quarter, trimester, 4-1-4) that report financial aid data for students enrolled for the FALL and awarded aid anytime during the full aid year.

Title IV aid to students includes grant aid, work study aid, and loan aid. These include: Federal Pell Grant, Federal Supplemental Educational Opportunity Grant (FSEOG), Academic Competitiveness Grant (ACG), National Science and Mathematics Access to Retain Talent Grant (National SMART Grant), Teacher Education Assistance for College and Higher Education (TEACH) Grant, Federal Work-Study, Federal Perkins Loan, Subsidized Direct or FFEL Stafford Loan, and Unsubsidized Direct or FFEL Stafford Loan.

Income level - The income that was used by the institution’s financial aid office to determine the student’s Expected Family Contribution (EFC). For dependent students this will include the parents’ adjusted gross income and the student’s adjusted gross income. For independent students this will include the student’s adjusted gross income.

Full-time, first-time degree/certificate-seeking undergraduates - A student enrolled in a 4- or 5-year bachelor's degree program, an associate's degree program, or a vocational or technical program below the baccalaureate level, who has no prior postsecondary experience, and is enrolled for 12 or more semester credits, or 12 or more quarter credits, or 24 or more clock hours a week each term.

In-state tuition is the tuition charged by institutions to those students who meet the state's or institution's residency requirements. In-district tuition is the tuition charged by the institution to those students residing in the locality in which they attend school and may be a lower rate than in-state tuition if offered by the institution."
Description,111,70696,GIS4N52,"Number of full-time, first-time degree/certificate-seeking undergraduates paying the in-state or in-district tuition rate who were awarded title IV federal student aid - INCOME LEVEL (110,001 or more).  Title IV federal student aid, includes federal grants or federal student loans. 

Applicable to public institutions with standard calendar systems (semester, quarter, trimester, 4-1-4) that report financial aid data for students enrolled for the FALL and awarded aid anytime during the full aid year.

Title IV aid to students includes grant aid, work study aid, and loan aid. These include: Federal Pell Grant, Federal Supplemental Educational Opportunity Grant (FSEOG), Academic Competitiveness Grant (ACG), National Science and Mathematics Access to Retain Talent Grant (National SMART Grant), Teacher Education Assistance for College and Higher Education (TEACH) Grant, Federal Work-Study, Federal Perkins Loan, Subsidized Direct or FFEL Stafford Loan, and Unsubsidized Direct or FFEL Stafford Loan.

Income level - The income that was used by the institution’s financial aid office to determine the student’s Expected Family Contribution (EFC). For dependent students this will include the parents’ adjusted gross income and the student’s adjusted gross income. For independent students this will include the student’s adjusted gross income.

Full-time, first-time degree/certificate-seeking undergraduates - A student enrolled in a 4- or 5-year bachelor's degree program, an associate's degree program, or a vocational or technical program below the baccalaureate level, who has no prior postsecondary experience, and is enrolled for 12 or more semester credits, or 12 or more quarter credits, or 24 or more clock hours a week each term.

In-state tuition is the tuition charged by institutions to those students who meet the state's or institution's residency requirements. In-district tuition is the tuition charged by the institution to those students residing in the locality in which they attend school and may be a lower rate than in-state tuition if offered by the institution."
Description,112,70701,GIS4T52,"Total amount of grant and scholarship aid from federal, state or local governments, or institutional sources awarded to full-time, first-time degree/certificate-seeking undergraduates paying the in-state or in-district tuition rate who were awarded title IV federal student aid - INCOME LEVEL (110,000 or more).  Title IV federal student aid, includes federal grants or federal student loans.

Applicable to public institutions with standard calendar systems (semester, quarter, trimester, 4-1-4) that report financial aid data for students enrolled for the FALL and awarded aid anytime during the full aid year.

Title IV aid to students includes grant aid, work study aid, and loan aid. These include: Federal Pell Grant, Federal Supplemental Educational Opportunity Grant (FSEOG), Academic Competitiveness Grant (ACG), National Science and Mathematics Access to Retain Talent Grant (National SMART Grant), Teacher Education Assistance for College and Higher Education (TEACH) Grant, Federal Work-Study, Federal Perkins Loan, Subsidized Direct or FFEL Stafford Loan, and Unsubsidized Direct or FFEL Stafford Loan.

Income level - The income that was used by the institution’s financial aid office to determine the student’s Expected Family Contribution (EFC). For dependent students this will include the parents’ adjusted gross income and the student’s adjusted gross income. For independent students this will include the student’s adjusted gross income.

Full-time, first-time degree/certificate-seeking undergraduates - A student enrolled in a 4- or 5-year bachelor's degree program, an associate's degree program, or a vocational or technical program below the baccalaureate level, who has no prior postsecondary experience, and is enrolled for 12 or more semester credits, or 12 or more quarter credits, or 24 or more clock hours a week each term.

In-state tuition is the tuition charged by institutions to those students who meet the state's or institution's residency requirements. In-district tuition is the tuition charged by the institution to those students residing in the locality in which they attend school and may be a lower rate than in-state tuition if offered by the institution."
Description,113,70706,GIS4A52,"Average amount of grant and scholarship aid from federal, state or local governments, or institutional sources awarded to full-time, first-time degree/certificate-seeking undergraduates paying the in-state or in-district tuition rate who were awarded title IV federal student aid - INCOME LEVEL (110,000 or more).  Title IV federal student aid, includes federal grants or federal student loans.

Applicable to public institutions with standard calendar systems (semester, quarter, trimester, 4-1-4) that report financial aid data for students enrolled for the FALL and awarded aid anytime during the full aid year.

Title IV aid to students includes grant aid, work study aid, and loan aid. These include: Federal Pell Grant, Federal Supplemental Educational Opportunity Grant (FSEOG), Academic Competitiveness Grant (ACG), National Science and Mathematics Access to Retain Talent Grant (National SMART Grant), Teacher Education Assistance for College and Higher Education (TEACH) Grant, Federal Work-Study, Federal Perkins Loan, Subsidized Direct or FFEL Stafford Loan, and Unsubsidized Direct or FFEL Stafford Loan.

Income level - The income that was used by the institution’s financial aid office to determine the student’s Expected Family Contribution (EFC). For dependent students this will include the parents’ adjusted gross income and the student’s adjusted gross income. For independent students this will include the student’s adjusted gross income.

Full-time, first-time degree/certificate-seeking undergraduates - A student enrolled in a 4- or 5-year bachelor's degree program, an associate's degree program, or a vocational or technical program below the baccalaureate level, who has no prior postsecondary experience, and is enrolled for 12 or more semester credits, or 12 or more quarter credits, or 24 or more clock hours a week each term.

In-state tuition is the tuition charged by institutions to those students who meet the state's or institution's residency requirements. In-district tuition is the tuition charged by the institution to those students residing in the locality in which they attend school and may be a lower rate than in-state tuition if offered by the institution."
Description,114,71101,GIS4N1,"Total number of full-time, first-time degree/certificate-seeking undergraduates paying the in-state or in-district tuition rate who were awarded title IV federal student aid .  Title IV federal student aid, includes federal grants or federal student loans. 

Applicable to public institutions with standard calendar systems (semester, quarter, trimester, 4-1-4) that report financial aid data for students enrolled for the FALL and awarded aid anytime during the full aid year.

Title IV aid to students includes grant aid, work study aid, and loan aid. These include: Federal Pell Grant, Federal Supplemental Educational Opportunity Grant (FSEOG), Academic Competitiveness Grant (ACG), National Science and Mathematics Access to Retain Talent Grant (National SMART Grant), Teacher Education Assistance for College and Higher Education (TEACH) Grant, Federal Work-Study, Federal Perkins Loan, Subsidized Direct or FFEL Stafford Loan, and Unsubsidized Direct or FFEL Stafford Loan.

Full-time, first-time degree/certificate-seeking undergraduates - A student enrolled in a 4- or 5-year bachelor's degree program, an associate's degree program, or a vocational or technical program below the baccalaureate level, who has no prior postsecondary experience, and is enrolled for 12 or more semester credits, or 12 or more quarter credits, or 24 or more clock hours a week each term.

In-state tuition is the tuition charged by institutions to those students who meet the state's or institution's residency requirements. In-district tuition is the tuition charged by the institution to those students residing in the locality in which they attend school and may be a lower rate than in-state tuition if offered by the institution."
Description,115,71106,GIS4ON1,"Total number of full-time, first-time degree/certificate-seeking undergraduates LIVING ON-CAMPUS, paying the in-state or in-district tuition rate who were awarded title IV federal student aid .  Title IV federal student aid, includes federal grants or federal student loans. 

Applicable to public institutions with standard calendar systems (semester, quarter, trimester, 4-1-4) that report financial aid data for students enrolled for the FALL and awarded aid anytime during the full aid year.

Title IV aid to students includes grant aid, work study aid, and loan aid. These include: Federal Pell Grant, Federal Supplemental Educational Opportunity Grant (FSEOG), Academic Competitiveness Grant (ACG), National Science and Mathematics Access to Retain Talent Grant (National SMART Grant), Teacher Education Assistance for College and Higher Education (TEACH) Grant, Federal Work-Study, Federal Perkins Loan, Subsidized Direct or FFEL Stafford Loan, and Unsubsidized Direct or FFEL Stafford Loan.

Full-time, first-time degree/certificate-seeking undergraduates - A student enrolled in a 4- or 5-year bachelor's degree program, an associate's degree program, or a vocational or technical program below the baccalaureate level, who has no prior postsecondary experience, and is enrolled for 12 or more semester credits, or 12 or more quarter credits, or 24 or more clock hours a week each term.

In-state tuition is the tuition charged by institutions to those students who meet the state's or institution's residency requirements. In-district tuition is the tuition charged by the institution to those students residing in the locality in which they attend schooland may be a lower rate than in-state tuition if offered by the institution.

On-campus housing - residence halls owned or controlled by an institution within the same reasonably contiguous geographic area and used by the institution in direct support of or in a manner related to, the institution's educational purposes.
Off-campus housing - housing facility that is occupied by students but is not owned or controlled by the educational institution."
Description,116,71111,GIS4WF1,"Total number of full-time, first-time degree/certificate-seeking undergraduates LIVING OFF-CAMPUS (WITH FAMILY), paying the in-state or in-district tuition rate who were awarded title IV federal student aid .  Title IV federal student aid, includes federal grants or federal student loans. 

Applicable to public institutions with standard calendar systems (semester, quarter, trimester, 4-1-4) that report financial aid data for students enrolled for the FALL and awarded aid anytime during the full aid year.

Title IV aid to students includes grant aid, work study aid, and loan aid. These include: Federal Pell Grant, Federal Supplemental Educational Opportunity Grant (FSEOG), Academic Competitiveness Grant (ACG), National Science and Mathematics Access to Retain Talent Grant (National SMART Grant), Teacher Education Assistance for College and Higher Education (TEACH) Grant, Federal Work-Study, Federal Perkins Loan, Subsidized Direct or FFEL Stafford Loan, and Unsubsidized Direct or FFEL Stafford Loan.

Full-time, first-time degree/certificate-seeking undergraduates - A student enrolled in a 4- or 5-year bachelor's degree program, an associate's degree program, or a vocational or technical program below the baccalaureate level, who has no prior postsecondary experience, and is enrolled for 12 or more semester credits, or 12 or more quarter credits, or 24 or more clock hours a week each term.

In-state tuition is the tuition charged by institutions to those students who meet the state's or institution's residency requirements. In-district tuition is the tuition charged by the institution to those students residing in the locality in which they attend schooland may be a lower rate than in-state tuition if offered by the institution.

On-campus housing - residence halls owned or controlled by an institution within the same reasonably contiguous geographic area and used by the institution in direct support of or in a manner related to, the institution's educational purposes.
Off-campus housing - housing facility that is occupied by students but is not owned or controlled by the educational institution."
Description,117,71116,GIS4OF1,"Total number of full-time, first-time degree/certificate-seeking undergraduates LIVING OFF-CAMPUS (NOT WITH FAMILY), paying the in-state or in-district tuition rate who were awarded title IV federal student aid .  Title IV federal student aid, includes federal grants or federal student loans. 

Applicable to public institutions with standard calendar systems (semester, quarter, trimester, 4-1-4) that report financial aid data for students enrolled for the FALL and awarded aid anytime during the full aid year.

Title IV aid to students includes grant aid, work study aid, and loan aid. These include: Federal Pell Grant, Federal Supplemental Educational Opportunity Grant (FSEOG), Academic Competitiveness Grant (ACG), National Science and Mathematics Access to Retain Talent Grant (National SMART Grant), Teacher Education Assistance for College and Higher Education (TEACH) Grant, Federal Work-Study, Federal Perkins Loan, Subsidized Direct or FFEL Stafford Loan, and Unsubsidized Direct or FFEL Stafford Loan.

Full-time, first-time degree/certificate-seeking undergraduates - A student enrolled in a 4- or 5-year bachelor's degree program, an associate's degree program, or a vocational or technical program below the baccalaureate level, who has no prior postsecondary experience, and is enrolled for 12 or more semester credits, or 12 or more quarter credits, or 24 or more clock hours a week each term.

In-state tuition is the tuition charged by institutions to those students who meet the state's or institution's residency requirements. In-district tuition is the tuition charged by the institution to those students residing in the locality in which they attend schooland may be a lower rate than in-state tuition if offered by the institution.

On-campus housing - residence halls owned or controlled by an institution within the same reasonably contiguous geographic area and used by the institution in direct support of or in a manner related to, the institution's educational purposes.
Off-campus housing - housing facility that is occupied by students but is not owned or controlled by the educational institution."
Description,118,71121,GIS4UN1,"Total number of full-time, first-time degree/certificate-seeking undergraduates LIVING ARRANGEMENT UNKNOWN, paying the in-state or in-district tuition rate who were awarded title IV federal student aid .  Title IV federal student aid, includes federal grants or federal student loans. 

Applicable to public institutions with standard calendar systems (semester, quarter, trimester, 4-1-4) that report financial aid data for students enrolled for the FALL and awarded aid anytime during the full aid year.

Title IV aid to students includes grant aid, work study aid, and loan aid. These include: Federal Pell Grant, Federal Supplemental Educational Opportunity Grant (FSEOG), Academic Competitiveness Grant (ACG), National Science and Mathematics Access to Retain Talent Grant (National SMART Grant), Teacher Education Assistance for College and Higher Education (TEACH) Grant, Federal Work-Study, Federal Perkins Loan, Subsidized Direct or FFEL Stafford Loan, and Unsubsidized Direct or FFEL Stafford Loan.

Full-time, first-time degree/certificate-seeking undergraduates - A student enrolled in a 4- or 5-year bachelor's degree program, an associate's degree program, or a vocational or technical program below the baccalaureate level, who has no prior postsecondary experience, and is enrolled for 12 or more semester credits, or 12 or more quarter credits, or 24 or more clock hours a week each term.

In-state tuition is the tuition charged by institutions to those students who meet the state's or institution's residency requirements. In-district tuition is the tuition charged by the institution to those students residing in the locality in which they attend schooland may be a lower rate than in-state tuition if offered by the institution.

On-campus housing - residence halls owned or controlled by an institution within the same reasonably contiguous geographic area and used by the institution in direct support of or in a manner related to, the institution's educational purposes.
Off-campus housing - housing facility that is occupied by students but is not owned or controlled by the educational institution."
Description,119,71126,GIS4T1,"Total amount of grant and scholarship aid from federal, state or local governments, or institutional sources awarded to full-time, first-time degree/certificate-seeking undergraduates paying the in-state or in-district tuition rate who were awarded title IV federal student aid .  Title IV federal student aid, includes federal grants or federal student loans. 

Applicable to public institutions with standard calendar systems (semester, quarter, trimester, 4-1-4) that report financial aid data for students enrolled for the FALL and awarded aid anytime during the full aid year.

Title IV aid to students includes grant aid, work study aid, and loan aid. These include: Federal Pell Grant, Federal Supplemental Educational Opportunity Grant (FSEOG), Academic Competitiveness Grant (ACG), National Science and Mathematics Access to Retain Talent Grant (National SMART Grant), Teacher Education Assistance for College and Higher Education (TEACH) Grant, Federal Work-Study, Federal Perkins Loan, Subsidized Direct or FFEL Stafford Loan, and Unsubsidized Direct or FFEL Stafford Loan.

Full-time, first-time degree/certificate-seeking undergraduates - A student enrolled in a 4- or 5-year bachelor's degree program, an associate's degree program, or a vocational or technical program below the baccalaureate level, who has no prior postsecondary experience, and is enrolled for 12 or more semester credits, or 12 or more quarter credits, or 24 or more clock hours a week each term.

In-state tuition is the tuition charged by institutions to those students who meet the state's or institution's residency requirements. In-district tuition is the tuition charged by the institution to those students residing in the locality in which they attend schooland may be a lower rate than in-state tuition if offered by the institution."
Description,120,71131,GIS4A1,"Average amount of grant and scholarship aid from federal, state or local governments, or institutional sources awarded to full-time, first-time degree/certificate-seeking undergraduates paying the in-state or in-district tuition rate who were awarded title IV federal student aid .  Title IV federal student aid, includes federal grants or federal student loans. 

Applicable to public institutions with standard calendar systems (semester, quarter, trimester, 4-1-4) that report financial aid data for students enrolled for the FALL and awarded aid anytime during the full aid year.

Title IV aid to students includes grant aid, work study aid, and loan aid. These include: Federal Pell Grant, Federal Supplemental Educational Opportunity Grant (FSEOG), Academic Competitiveness Grant (ACG), National Science and Mathematics Access to Retain Talent Grant (National SMART Grant), Teacher Education Assistance for College and Higher Education (TEACH) Grant, Federal Work-Study, Federal Perkins Loan, Subsidized Direct or FFEL Stafford Loan, and Unsubsidized Direct or FFEL Stafford Loan.

Full-time, first-time degree/certificate-seeking undergraduates - A student enrolled in a 4- or 5-year bachelor's degree program, an associate's degree program, or a vocational or technical program below the baccalaureate level, who has no prior postsecondary experience, and is enrolled for 12 or more semester credits, or 12 or more quarter credits, or 24 or more clock hours a week each term.

In-state tuition is the tuition charged by institutions to those students who meet the state's or institution's residency requirements. In-district tuition is the tuition charged by the institution to those students residing in the locality in which they attend schooland may be a lower rate than in-state tuition if offered by the institution."
Description,121,71136,GIS4N11,"Number of full-time, first-time degree/certificate-seeking undergraduates paying the in-state or in-district tuition rate who were awarded title IV federal student aid - INCOME LEVEL (0-30,000).  Title IV federal student aid, includes federal grants or federal student loans. 

Applicable to public institutions with standard calendar systems (semester, quarter, trimester, 4-1-4) that report financial aid data for students enrolled for the FALL and awarded aid anytime during the full aid year.

Title IV aid to students includes grant aid, work study aid, and loan aid. These include: Federal Pell Grant, Federal Supplemental Educational Opportunity Grant (FSEOG), Academic Competitiveness Grant (ACG), National Science and Mathematics Access to Retain Talent Grant (National SMART Grant), Teacher Education Assistance for College and Higher Education (TEACH) Grant, Federal Work-Study, Federal Perkins Loan, Subsidized Direct or FFEL Stafford Loan, and Unsubsidized Direct or FFEL Stafford Loan.

Income level - The income that was used by the institution’s financial aid office to determine the student’s Expected Family Contribution (EFC). For dependent students this will include the parents’ adjusted gross income and the student’s adjusted gross income. For independent students this will include the student’s adjusted gross income.

Full-time, first-time degree/certificate-seeking undergraduates - A student enrolled in a 4- or 5-year bachelor's degree program, an associate's degree program, or a vocational or technical program below the baccalaureate level, who has no prior postsecondary experience, and is enrolled for 12 or more semester credits, or 12 or more quarter credits, or 24 or more clock hours a week each term.

In-state tuition is the tuition charged by institutions to those students who meet the state's or institution's residency requirements. In-district tuition is the tuition charged by the institution to those students residing in the locality in which they attend school and may be a lower rate than in-state tuition if offered by the institution."
Description,122,71141,GIS4T11,"Total amount of grant and scholarship aid from federal, state or local governments, or institutional sources awarded to full-time, first-time degree/certificate-seeking undergraduates paying the in-state or in-district tuition rate who were awarded title IV federal student aid - INCOME LEVEL (0-30,000).  Title IV federal student aid, includes federal grants or federal student loans.

Applicable to public institutions with standard calendar systems (semester, quarter, trimester, 4-1-4) that report financial aid data for students enrolled for the FALL and awarded aid anytime during the full aid year.

Title IV aid to students includes grant aid, work study aid, and loan aid. These include: Federal Pell Grant, Federal Supplemental Educational Opportunity Grant (FSEOG), Academic Competitiveness Grant (ACG), National Science and Mathematics Access to Retain Talent Grant (National SMART Grant), Teacher Education Assistance for College and Higher Education (TEACH) Grant, Federal Work-Study, Federal Perkins Loan, Subsidized Direct or FFEL Stafford Loan, and Unsubsidized Direct or FFEL Stafford Loan.

Income level - The income that was used by the institution’s financial aid office to determine the student’s Expected Family Contribution (EFC). For dependent students this will include the parents’ adjusted gross income and the student’s adjusted gross income. For independent students this will include the student’s adjusted gross income.

Full-time, first-time degree/certificate-seeking undergraduates - A student enrolled in a 4- or 5-year bachelor's degree program, an associate's degree program, or a vocational or technical program below the baccalaureate level, who has no prior postsecondary experience, and is enrolled for 12 or more semester credits, or 12 or more quarter credits, or 24 or more clock hours a week each term.

In-state tuition is the tuition charged by institutions to those students who meet the state's or institution's residency requirements. In-district tuition is the tuition charged by the institution to those students residing in the locality in which they attend school and may be a lower rate than in-state tuition if offered by the institution."
Description,123,71146,GIS4A11,"Average amount of grant and scholarship aid from federal, state or local governments, or institutional sources awarded to full-time, first-time degree/certificate-seeking undergraduates paying the in-state or in-district tuition rate who were awarded title IV federal student aid - INCOME LEVEL (0-30,000).  Title IV federal student aid, includes federal grants or federal student loans.

Applicable to public institutions with standard calendar systems (semester, quarter, trimester, 4-1-4) that report financial aid data for students enrolled for the FALL and awarded aid anytime during the full aid year.

Title IV aid to students includes grant aid, work study aid, and loan aid. These include: Federal Pell Grant, Federal Supplemental Educational Opportunity Grant (FSEOG), Academic Competitiveness Grant (ACG), National Science and Mathematics Access to Retain Talent Grant (National SMART Grant), Teacher Education Assistance for College and Higher Education (TEACH) Grant, Federal Work-Study, Federal Perkins Loan, Subsidized Direct or FFEL Stafford Loan, and Unsubsidized Direct or FFEL Stafford Loan.

Income level - The income that was used by the institution’s financial aid office to determine the student’s Expected Family Contribution (EFC). For dependent students this will include the parents’ adjusted gross income and the student’s adjusted gross income. For independent students this will include the student’s adjusted gross income.

Full-time, first-time degree/certificate-seeking undergraduates - A student enrolled in a 4- or 5-year bachelor's degree program, an associate's degree program, or a vocational or technical program below the baccalaureate level, who has no prior postsecondary experience, and is enrolled for 12 or more semester credits, or 12 or more quarter credits, or 24 or more clock hours a week each term.

In-state tuition is the tuition charged by institutions to those students who meet the state's or institution's residency requirements. In-district tuition is the tuition charged by the institution to those students residing in the locality in which they attend school and may be a lower rate than in-state tuition if offered by the institution."
Description,124,71151,GIS4N21,"Number of full-time, first-time degree/certificate-seeking undergraduates paying the in-state or in-district tuition rate who were awarded title IV federal student aid - INCOME LEVEL (30,001-48,000).  Title IV federal student aid, includes federal grants or federal student loans. 

Applicable to public institutions with standard calendar systems (semester, quarter, trimester, 4-1-4) that report financial aid data for students enrolled for the FALL and awarded aid anytime during the full aid year.

Title IV aid to students includes grant aid, work study aid, and loan aid. These include: Federal Pell Grant, Federal Supplemental Educational Opportunity Grant (FSEOG), Academic Competitiveness Grant (ACG), National Science and Mathematics Access to Retain Talent Grant (National SMART Grant), Teacher Education Assistance for College and Higher Education (TEACH) Grant, Federal Work-Study, Federal Perkins Loan, Subsidized Direct or FFEL Stafford Loan, and Unsubsidized Direct or FFEL Stafford Loan.

Income level - The income that was used by the institution’s financial aid office to determine the student’s Expected Family Contribution (EFC). For dependent students this will include the parents’ adjusted gross income and the student’s adjusted gross income. For independent students this will include the student’s adjusted gross income.

Full-time, first-time degree/certificate-seeking undergraduates - A student enrolled in a 4- or 5-year bachelor's degree program, an associate's degree program, or a vocational or technical program below the baccalaureate level, who has no prior postsecondary experience, and is enrolled for 12 or more semester credits, or 12 or more quarter credits, or 24 or more clock hours a week each term.

In-state tuition is the tuition charged by institutions to those students who meet the state's or institution's residency requirements. In-district tuition is the tuition charged by the institution to those students residing in the locality in which they attend school and may be a lower rate than in-state tuition if offered by the institution."
Description,125,71156,GIS4T21,"Total amount of grant and scholarship aid from federal, state or local governments, or institutional sources awarded to full-time, first-time degree/certificate-seeking undergraduates paying the in-state or in-district tuition rate who were awarded title IV federal student aid - INCOME LEVEL (30,001-48,000).  Title IV federal student aid, includes federal grants or federal student loans.

Applicable to public institutions with standard calendar systems (semester, quarter, trimester, 4-1-4) that report financial aid data for students enrolled for the FALL and awarded aid anytime during the full aid year.

Title IV aid to students includes grant aid, work study aid, and loan aid. These include: Federal Pell Grant, Federal Supplemental Educational Opportunity Grant (FSEOG), Academic Competitiveness Grant (ACG), National Science and Mathematics Access to Retain Talent Grant (National SMART Grant), Teacher Education Assistance for College and Higher Education (TEACH) Grant, Federal Work-Study, Federal Perkins Loan, Subsidized Direct or FFEL Stafford Loan, and Unsubsidized Direct or FFEL Stafford Loan.

Income level - The income that was used by the institution’s financial aid office to determine the student’s Expected Family Contribution (EFC). For dependent students this will include the parents’ adjusted gross income and the student’s adjusted gross income. For independent students this will include the student’s adjusted gross income.

Full-time, first-time degree/certificate-seeking undergraduates - A student enrolled in a 4- or 5-year bachelor's degree program, an associate's degree program, or a vocational or technical program below the baccalaureate level, who has no prior postsecondary experience, and is enrolled for 12 or more semester credits, or 12 or more quarter credits, or 24 or more clock hours a week each term.

In-state tuition is the tuition charged by institutions to those students who meet the state's or institution's residency requirements. In-district tuition is the tuition charged by the institution to those students residing in the locality in which they attend school and may be a lower rate than in-state tuition if offered by the institution."
Description,126,71161,GIS4A21,"Average amount of grant and scholarship aid from federal, state or local governments, or institutional sources awarded to full-time, first-time degree/certificate-seeking undergraduates paying the in-state or in-district tuition rate who were awarded title IV federal student aid - INCOME LEVEL (30,001-48,000).  Title IV federal student aid, includes federal grants or federal student loans.

Applicable to public institutions with standard calendar systems (semester, quarter, trimester, 4-1-4) that report financial aid data for students enrolled for the FALL and awarded aid anytime during the full aid year.

Title IV aid to students includes grant aid, work study aid, and loan aid. These include: Federal Pell Grant, Federal Supplemental Educational Opportunity Grant (FSEOG), Academic Competitiveness Grant (ACG), National Science and Mathematics Access to Retain Talent Grant (National SMART Grant), Teacher Education Assistance for College and Higher Education (TEACH) Grant, Federal Work-Study, Federal Perkins Loan, Subsidized Direct or FFEL Stafford Loan, and Unsubsidized Direct or FFEL Stafford Loan.

Income level - The income that was used by the institution’s financial aid office to determine the student’s Expected Family Contribution (EFC). For dependent students this will include the parents’ adjusted gross income and the student’s adjusted gross income. For independent students this will include the student’s adjusted gross income.

Full-time, first-time degree/certificate-seeking undergraduates - A student enrolled in a 4- or 5-year bachelor's degree program, an associate's degree program, or a vocational or technical program below the baccalaureate level, who has no prior postsecondary experience, and is enrolled for 12 or more semester credits, or 12 or more quarter credits, or 24 or more clock hours a week each term.

In-state tuition is the tuition charged by institutions to those students who meet the state's or institution's residency requirements. In-district tuition is the tuition charged by the institution to those students residing in the locality in which they attend school and may be a lower rate than in-state tuition if offered by the institution."
Description,127,71166,GIS4N31,"Number of full-time, first-time degree/certificate-seeking undergraduates paying the in-state or in-district tuition rate who were awarded title IV federal student aid - INCOME LEVEL (48,001-75,000).  Title IV federal student aid, includes federal grants or federal student loans. 

Applicable to public institutions with standard calendar systems (semester, quarter, trimester, 4-1-4) that report financial aid data for students enrolled for the FALL and awarded aid anytime during the full aid year.

Title IV aid to students includes grant aid, work study aid, and loan aid. These include: Federal Pell Grant, Federal Supplemental Educational Opportunity Grant (FSEOG), Academic Competitiveness Grant (ACG), National Science and Mathematics Access to Retain Talent Grant (National SMART Grant), Teacher Education Assistance for College and Higher Education (TEACH) Grant, Federal Work-Study, Federal Perkins Loan, Subsidized Direct or FFEL Stafford Loan, and Unsubsidized Direct or FFEL Stafford Loan.

Income level - The income that was used by the institution’s financial aid office to determine the student’s Expected Family Contribution (EFC). For dependent students this will include the parents’ adjusted gross income and the student’s adjusted gross income. For independent students this will include the student’s adjusted gross income.

Full-time, first-time degree/certificate-seeking undergraduates - A student enrolled in a 4- or 5-year bachelor's degree program, an associate's degree program, or a vocational or technical program below the baccalaureate level, who has no prior postsecondary experience, and is enrolled for 12 or more semester credits, or 12 or more quarter credits, or 24 or more clock hours a week each term.

In-state tuition is the tuition charged by institutions to those students who meet the state's or institution's residency requirements. In-district tuition is the tuition charged by the institution to those students residing in the locality in which they attend school and may be a lower rate than in-state tuition if offered by the institution."
Description,128,71171,GIS4T31,"Total amount of grant and scholarship aid from federal, state or local governments, or institutional sources awarded to full-time, first-time degree/certificate-seeking undergraduates paying the in-state or in-district tuition rate who were awarded title IV federal student aid - INCOME LEVEL (48,001-75,000).  Title IV federal student aid, includes federal grants or federal student loans.

Applicable to public institutions with standard calendar systems (semester, quarter, trimester, 4-1-4) that report financial aid data for students enrolled for the FALL and awarded aid anytime during the full aid year.

Title IV aid to students includes grant aid, work study aid, and loan aid. These include: Federal Pell Grant, Federal Supplemental Educational Opportunity Grant (FSEOG), Academic Competitiveness Grant (ACG), National Science and Mathematics Access to Retain Talent Grant (National SMART Grant), Teacher Education Assistance for College and Higher Education (TEACH) Grant, Federal Work-Study, Federal Perkins Loan, Subsidized Direct or FFEL Stafford Loan, and Unsubsidized Direct or FFEL Stafford Loan.

Income level - The income that was used by the institution’s financial aid office to determine the student’s Expected Family Contribution (EFC). For dependent students this will include the parents’ adjusted gross income and the student’s adjusted gross income. For independent students this will include the student’s adjusted gross income.

Full-time, first-time degree/certificate-seeking undergraduates - A student enrolled in a 4- or 5-year bachelor's degree program, an associate's degree program, or a vocational or technical program below the baccalaureate level, who has no prior postsecondary experience, and is enrolled for 12 or more semester credits, or 12 or more quarter credits, or 24 or more clock hours a week each term.

In-state tuition is the tuition charged by institutions to those students who meet the state's or institution's residency requirements. In-district tuition is the tuition charged by the institution to those students residing in the locality in which they attend school and may be a lower rate than in-state tuition if offered by the institution."
Description,129,71176,GIS4A31,"Average amount of grant and scholarship aid from federal, state or local governments, or institutional sources awarded to full-time, first-time degree/certificate-seeking undergraduates paying the in-state or in-district tuition rate who were awarded title IV federal student aid - INCOME LEVEL (48,001-75,000).  Title IV federal student aid, includes federal grants or federal student loans.

Applicable to public institutions with standard calendar systems (semester, quarter, trimester, 4-1-4) that report financial aid data for students enrolled for the FALL and awarded aid anytime during the full aid year.

Title IV aid to students includes grant aid, work study aid, and loan aid. These include: Federal Pell Grant, Federal Supplemental Educational Opportunity Grant (FSEOG), Academic Competitiveness Grant (ACG), National Science and Mathematics Access to Retain Talent Grant (National SMART Grant), Teacher Education Assistance for College and Higher Education (TEACH) Grant, Federal Work-Study, Federal Perkins Loan, Subsidized Direct or FFEL Stafford Loan, and Unsubsidized Direct or FFEL Stafford Loan.

Income level - The income that was used by the institution’s financial aid office to determine the student’s Expected Family Contribution (EFC). For dependent students this will include the parents’ adjusted gross income and the student’s adjusted gross income. For independent students this will include the student’s adjusted gross income.

Full-time, first-time degree/certificate-seeking undergraduates - A student enrolled in a 4- or 5-year bachelor's degree program, an associate's degree program, or a vocational or technical program below the baccalaureate level, who has no prior postsecondary experience, and is enrolled for 12 or more semester credits, or 12 or more quarter credits, or 24 or more clock hours a week each term.

In-state tuition is the tuition charged by institutions to those students who meet the state's or institution's residency requirements. In-district tuition is the tuition charged by the institution to those students residing in the locality in which they attend school and may be a lower rate than in-state tuition if offered by the institution."
Description,130,71181,GIS4N41,"Number of full-time, first-time degree/certificate-seeking undergraduates paying the in-state or in-district tuition rate who were awarded title IV federal student aid - INCOME LEVEL (75,001-120,000).  Title IV federal student aid, includes federal grants or federal student loans. 

Applicable to public institutions with standard calendar systems (semester, quarter, trimester, 4-1-4) that report financial aid data for students enrolled for the FALL and awarded aid anytime during the full aid year.

Title IV aid to students includes grant aid, work study aid, and loan aid. These include: Federal Pell Grant, Federal Supplemental Educational Opportunity Grant (FSEOG), Academic Competitiveness Grant (ACG), National Science and Mathematics Access to Retain Talent Grant (National SMART Grant), Teacher Education Assistance for College and Higher Education (TEACH) Grant, Federal Work-Study, Federal Perkins Loan, Subsidized Direct or FFEL Stafford Loan, and Unsubsidized Direct or FFEL Stafford Loan.

Income level - The income that was used by the institution’s financial aid office to determine the student’s Expected Family Contribution (EFC). For dependent students this will include the parents’ adjusted gross income and the student’s adjusted gross income. For independent students this will include the student’s adjusted gross income.

Full-time, first-time degree/certificate-seeking undergraduates - A student enrolled in a 4- or 5-year bachelor's degree program, an associate's degree program, or a vocational or technical program below the baccalaureate level, who has no prior postsecondary experience, and is enrolled for 12 or more semester credits, or 12 or more quarter credits, or 24 or more clock hours a week each term.

In-state tuition is the tuition charged by institutions to those students who meet the state's or institution's residency requirements. In-district tuition is the tuition charged by the institution to those students residing in the locality in which they attend school and may be a lower rate than in-state tuition if offered by the institution."
Description,131,71186,GIS4T41,"Total amount of grant and scholarship aid from federal, state or local governments, or institutional sources awarded to full-time, first-time degree/certificate-seeking undergraduates paying the in-state or in-district tuition rate who were awarded title IV federal student aid - INCOME LEVEL (75,001-110,000).  Title IV federal student aid, includes federal grants or federal student loans.

Applicable to public institutions with standard calendar systems (semester, quarter, trimester, 4-1-4) that report financial aid data for students enrolled for the FALL and awarded aid anytime during the full aid year.

Title IV aid to students includes grant aid, work study aid, and loan aid. These include: Federal Pell Grant, Federal Supplemental Educational Opportunity Grant (FSEOG), Academic Competitiveness Grant (ACG), National Science and Mathematics Access to Retain Talent Grant (National SMART Grant), Teacher Education Assistance for College and Higher Education (TEACH) Grant, Federal Work-Study, Federal Perkins Loan, Subsidized Direct or FFEL Stafford Loan, and Unsubsidized Direct or FFEL Stafford Loan.

Income level - The income that was used by the institution’s financial aid office to determine the student’s Expected Family Contribution (EFC). For dependent students this will include the parents’ adjusted gross income and the student’s adjusted gross income. For independent students this will include the student’s adjusted gross income.

Full-time, first-time degree/certificate-seeking undergraduates - A student enrolled in a 4- or 5-year bachelor's degree program, an associate's degree program, or a vocational or technical program below the baccalaureate level, who has no prior postsecondary experience, and is enrolled for 12 or more semester credits, or 12 or more quarter credits, or 24 or more clock hours a week each term.

In-state tuition is the tuition charged by institutions to those students who meet the state's or institution's residency requirements. In-district tuition is the tuition charged by the institution to those students residing in the locality in which they attend school and may be a lower rate than in-state tuition if offered by the institution."
Description,132,71191,GIS4A41,"Average amount of grant and scholarship aid from federal, state or local governments, or institutional sources awarded to full-time, first-time degree/certificate-seeking undergraduates paying the in-state or in-district tuition rate who were awarded title IV federal student aid - INCOME LEVEL (75,001-110,000).  Title IV federal student aid, includes federal grants or federal student loans.

Applicable to public institutions with standard calendar systems (semester, quarter, trimester, 4-1-4) that report financial aid data for students enrolled for the FALL and awarded aid anytime during the full aid year.

Title IV aid to students includes grant aid, work study aid, and loan aid. These include: Federal Pell Grant, Federal Supplemental Educational Opportunity Grant (FSEOG), Academic Competitiveness Grant (ACG), National Science and Mathematics Access to Retain Talent Grant (National SMART Grant), Teacher Education Assistance for College and Higher Education (TEACH) Grant, Federal Work-Study, Federal Perkins Loan, Subsidized Direct or FFEL Stafford Loan, and Unsubsidized Direct or FFEL Stafford Loan.

Income level - The income that was used by the institution’s financial aid office to determine the student’s Expected Family Contribution (EFC). For dependent students this will include the parents’ adjusted gross income and the student’s adjusted gross income. For independent students this will include the student’s adjusted gross income.

Full-time, first-time degree/certificate-seeking undergraduates - A student enrolled in a 4- or 5-year bachelor's degree program, an associate's degree program, or a vocational or technical program below the baccalaureate level, who has no prior postsecondary experience, and is enrolled for 12 or more semester credits, or 12 or more quarter credits, or 24 or more clock hours a week each term.

In-state tuition is the tuition charged by institutions to those students who meet the state's or institution's residency requirements. In-district tuition is the tuition charged by the institution to those students residing in the locality in which they attend school and may be a lower rate than in-state tuition if offered by the institution."
Description,133,71196,GIS4N51,"Number of full-time, first-time degree/certificate-seeking undergraduates paying the in-state or in-district tuition rate who were awarded title IV federal student aid - INCOME LEVEL (110,001 or more).  Title IV federal student aid, includes federal grants or federal student loans. 

Applicable to public institutions with standard calendar systems (semester, quarter, trimester, 4-1-4) that report financial aid data for students enrolled for the FALL and awarded aid anytime during the full aid year.

Title IV aid to students includes grant aid, work study aid, and loan aid. These include: Federal Pell Grant, Federal Supplemental Educational Opportunity Grant (FSEOG), Academic Competitiveness Grant (ACG), National Science and Mathematics Access to Retain Talent Grant (National SMART Grant), Teacher Education Assistance for College and Higher Education (TEACH) Grant, Federal Work-Study, Federal Perkins Loan, Subsidized Direct or FFEL Stafford Loan, and Unsubsidized Direct or FFEL Stafford Loan.

Income level - The income that was used by the institution’s financial aid office to determine the student’s Expected Family Contribution (EFC). For dependent students this will include the parents’ adjusted gross income and the student’s adjusted gross income. For independent students this will include the student’s adjusted gross income.

Full-time, first-time degree/certificate-seeking undergraduates - A student enrolled in a 4- or 5-year bachelor's degree program, an associate's degree program, or a vocational or technical program below the baccalaureate level, who has no prior postsecondary experience, and is enrolled for 12 or more semester credits, or 12 or more quarter credits, or 24 or more clock hours a week each term.

In-state tuition is the tuition charged by institutions to those students who meet the state's or institution's residency requirements. In-district tuition is the tuition charged by the institution to those students residing in the locality in which they attend school and may be a lower rate than in-state tuition if offered by the institution."
Description,134,71201,GIS4T51,"Total amount of grant and scholarship aid from federal, state or local governments, or institutional sources awarded to full-time, first-time degree/certificate-seeking undergraduates paying the in-state or in-district tuition rate who were awarded title IV federal student aid - INCOME LEVEL (110,000 or more).  Title IV federal student aid, includes federal grants or federal student loans.

Applicable to public institutions with standard calendar systems (semester, quarter, trimester, 4-1-4) that report financial aid data for students enrolled for the FALL and awarded aid anytime during the full aid year.

Title IV aid to students includes grant aid, work study aid, and loan aid. These include: Federal Pell Grant, Federal Supplemental Educational Opportunity Grant (FSEOG), Academic Competitiveness Grant (ACG), National Science and Mathematics Access to Retain Talent Grant (National SMART Grant), Teacher Education Assistance for College and Higher Education (TEACH) Grant, Federal Work-Study, Federal Perkins Loan, Subsidized Direct or FFEL Stafford Loan, and Unsubsidized Direct or FFEL Stafford Loan.

Income level - The income that was used by the institution’s financial aid office to determine the student’s Expected Family Contribution (EFC). For dependent students this will include the parents’ adjusted gross income and the student’s adjusted gross income. For independent students this will include the student’s adjusted gross income.

Full-time, first-time degree/certificate-seeking undergraduates - A student enrolled in a 4- or 5-year bachelor's degree program, an associate's degree program, or a vocational or technical program below the baccalaureate level, who has no prior postsecondary experience, and is enrolled for 12 or more semester credits, or 12 or more quarter credits, or 24 or more clock hours a week each term.

In-state tuition is the tuition charged by institutions to those students who meet the state's or institution's residency requirements. In-district tuition is the tuition charged by the institution to those students residing in the locality in which they attend school and may be a lower rate than in-state tuition if offered by the institution."
Description,135,71206,GIS4A51,"Average amount of grant and scholarship aid from federal, state or local governments, or institutional sources awarded to full-time, first-time degree/certificate-seeking undergraduates paying the in-state or in-district tuition rate who were awarded title IV federal student aid - INCOME LEVEL (110,000 or more).  Title IV federal student aid, includes federal grants or federal student loans.

Applicable to public institutions with standard calendar systems (semester, quarter, trimester, 4-1-4) that report financial aid data for students enrolled for the FALL and awarded aid anytime during the full aid year.

Title IV aid to students includes grant aid, work study aid, and loan aid. These include: Federal Pell Grant, Federal Supplemental Educational Opportunity Grant (FSEOG), Academic Competitiveness Grant (ACG), National Science and Mathematics Access to Retain Talent Grant (National SMART Grant), Teacher Education Assistance for College and Higher Education (TEACH) Grant, Federal Work-Study, Federal Perkins Loan, Subsidized Direct or FFEL Stafford Loan, and Unsubsidized Direct or FFEL Stafford Loan.

Income level - The income that was used by the institution’s financial aid office to determine the student’s Expected Family Contribution (EFC). For dependent students this will include the parents’ adjusted gross income and the student’s adjusted gross income. For independent students this will include the student’s adjusted gross income.

Full-time, first-time degree/certificate-seeking undergraduates - A student enrolled in a 4- or 5-year bachelor's degree program, an associate's degree program, or a vocational or technical program below the baccalaureate level, who has no prior postsecondary experience, and is enrolled for 12 or more semester credits, or 12 or more quarter credits, or 24 or more clock hours a week each term.

In-state tuition is the tuition charged by institutions to those students who meet the state's or institution's residency requirements. In-district tuition is the tuition charged by the institution to those students residing in the locality in which they attend school and may be a lower rate than in-state tuition if offered by the institution."
Description,136,71401,GIS4N0,"Total number of full-time, first-time degree/certificate-seeking undergraduates paying the in-state or in-district tuition rate who were awarded title IV federal student aid .  Title IV federal student aid, includes federal grants or federal student loans. 

Applicable to public institutions with standard calendar systems (semester, quarter, trimester, 4-1-4) that report financial aid data for students enrolled for the FALL and awarded aid anytime during the full aid year.

Title IV aid to students includes grant aid, work study aid, and loan aid. These include: Federal Pell Grant, Federal Supplemental Educational Opportunity Grant (FSEOG), Academic Competitiveness Grant (ACG), National Science and Mathematics Access to Retain Talent Grant (National SMART Grant), Teacher Education Assistance for College and Higher Education (TEACH) Grant, Federal Work-Study, Federal Perkins Loan, Subsidized Direct or FFEL Stafford Loan, and Unsubsidized Direct or FFEL Stafford Loan.

Full-time, first-time degree/certificate-seeking undergraduates - A student enrolled in a 4- or 5-year bachelor's degree program, an associate's degree program, or a vocational or technical program below the baccalaureate level, who has no prior postsecondary experience, and is enrolled for 12 or more semester credits, or 12 or more quarter credits, or 24 or more clock hours a week each term.

In-state tuition is the tuition charged by institutions to those students who meet the state's or institution's residency requirements. In-district tuition is the tuition charged by the institution to those students residing in the locality in which they attend school and may be a lower rate than in-state tuition if offered by the institution."
Description,137,71406,GIS4ON0,"Total number of full-time, first-time degree/certificate-seeking undergraduates LIVING ON-CAMPUS, paying the in-state or in-district tuition rate who were awarded title IV federal student aid .  Title IV federal student aid, includes federal grants or federal student loans. 

Applicable to public institutions with standard calendar systems (semester, quarter, trimester, 4-1-4) that report financial aid data for students enrolled for the FALL and awarded aid anytime during the full aid year.

Title IV aid to students includes grant aid, work study aid, and loan aid. These include: Federal Pell Grant, Federal Supplemental Educational Opportunity Grant (FSEOG), Academic Competitiveness Grant (ACG), National Science and Mathematics Access to Retain Talent Grant (National SMART Grant), Teacher Education Assistance for College and Higher Education (TEACH) Grant, Federal Work-Study, Federal Perkins Loan, Subsidized Direct or FFEL Stafford Loan, and Unsubsidized Direct or FFEL Stafford Loan.

Full-time, first-time degree/certificate-seeking undergraduates - A student enrolled in a 4- or 5-year bachelor's degree program, an associate's degree program, or a vocational or technical program below the baccalaureate level, who has no prior postsecondary experience, and is enrolled for 12 or more semester credits, or 12 or more quarter credits, or 24 or more clock hours a week each term.

In-state tuition is the tuition charged by institutions to those students who meet the state's or institution's residency requirements. In-district tuition is the tuition charged by the institution to those students residing in the locality in which they attend schooland may be a lower rate than in-state tuition if offered by the institution.

On-campus housing - residence halls owned or controlled by an institution within the same reasonably contiguous geographic area and used by the institution in direct support of or in a manner related to, the institution's educational purposes.
Off-campus housing - housing facility that is occupied by students but is not owned or controlled by the educational institution."
Description,138,71411,GIS4WF0,"Total number of full-time, first-time degree/certificate-seeking undergraduates LIVING OFF-CAMPUS (WITH FAMILY), paying the in-state or in-district tuition rate who were awarded title IV federal student aid .  Title IV federal student aid, includes federal grants or federal student loans. 

Applicable to public institutions with standard calendar systems (semester, quarter, trimester, 4-1-4) that report financial aid data for students enrolled for the FALL and awarded aid anytime during the full aid year.

Title IV aid to students includes grant aid, work study aid, and loan aid. These include: Federal Pell Grant, Federal Supplemental Educational Opportunity Grant (FSEOG), Academic Competitiveness Grant (ACG), National Science and Mathematics Access to Retain Talent Grant (National SMART Grant), Teacher Education Assistance for College and Higher Education (TEACH) Grant, Federal Work-Study, Federal Perkins Loan, Subsidized Direct or FFEL Stafford Loan, and Unsubsidized Direct or FFEL Stafford Loan.

Full-time, first-time degree/certificate-seeking undergraduates - A student enrolled in a 4- or 5-year bachelor's degree program, an associate's degree program, or a vocational or technical program below the baccalaureate level, who has no prior postsecondary experience, and is enrolled for 12 or more semester credits, or 12 or more quarter credits, or 24 or more clock hours a week each term.

In-state tuition is the tuition charged by institutions to those students who meet the state's or institution's residency requirements. In-district tuition is the tuition charged by the institution to those students residing in the locality in which they attend schooland may be a lower rate than in-state tuition if offered by the institution.

On-campus housing - residence halls owned or controlled by an institution within the same reasonably contiguous geographic area and used by the institution in direct support of or in a manner related to, the institution's educational purposes.
Off-campus housing - housing facility that is occupied by students but is not owned or controlled by the educational institution."
Description,139,71416,GIS4OF0,"Total number of full-time, first-time degree/certificate-seeking undergraduates LIVING OFF-CAMPUS (NOT WITH FAMILY), paying the in-state or in-district tuition rate who were awarded title IV federal student aid .  Title IV federal student aid, includes federal grants or federal student loans. 

Applicable to public institutions with standard calendar systems (semester, quarter, trimester, 4-1-4) that report financial aid data for students enrolled for the FALL and awarded aid anytime during the full aid year.

Title IV aid to students includes grant aid, work study aid, and loan aid. These include: Federal Pell Grant, Federal Supplemental Educational Opportunity Grant (FSEOG), Academic Competitiveness Grant (ACG), National Science and Mathematics Access to Retain Talent Grant (National SMART Grant), Teacher Education Assistance for College and Higher Education (TEACH) Grant, Federal Work-Study, Federal Perkins Loan, Subsidized Direct or FFEL Stafford Loan, and Unsubsidized Direct or FFEL Stafford Loan.

Full-time, first-time degree/certificate-seeking undergraduates - A student enrolled in a 4- or 5-year bachelor's degree program, an associate's degree program, or a vocational or technical program below the baccalaureate level, who has no prior postsecondary experience, and is enrolled for 12 or more semester credits, or 12 or more quarter credits, or 24 or more clock hours a week each term.

In-state tuition is the tuition charged by institutions to those students who meet the state's or institution's residency requirements. In-district tuition is the tuition charged by the institution to those students residing in the locality in which they attend schooland may be a lower rate than in-state tuition if offered by the institution.

On-campus housing - residence halls owned or controlled by an institution within the same reasonably contiguous geographic area and used by the institution in direct support of or in a manner related to, the institution's educational purposes.
Off-campus housing - housing facility that is occupied by students but is not owned or controlled by the educational institution."
Description,140,71421,GIS4UN0,"Total number of full-time, first-time degree/certificate-seeking undergraduates LIVING ARRANGEMENT UNKNOWN, paying the in-state or in-district tuition rate who were awarded title IV federal student aid .  Title IV federal student aid, includes federal grants or federal student loans. 

Applicable to public institutions with standard calendar systems (semester, quarter, trimester, 4-1-4) that report financial aid data for students enrolled for the FALL and awarded aid anytime during the full aid year.

Title IV aid to students includes grant aid, work study aid, and loan aid. These include: Federal Pell Grant, Federal Supplemental Educational Opportunity Grant (FSEOG), Academic Competitiveness Grant (ACG), National Science and Mathematics Access to Retain Talent Grant (National SMART Grant), Teacher Education Assistance for College and Higher Education (TEACH) Grant, Federal Work-Study, Federal Perkins Loan, Subsidized Direct or FFEL Stafford Loan, and Unsubsidized Direct or FFEL Stafford Loan.

Full-time, first-time degree/certificate-seeking undergraduates - A student enrolled in a 4- or 5-year bachelor's degree program, an associate's degree program, or a vocational or technical program below the baccalaureate level, who has no prior postsecondary experience, and is enrolled for 12 or more semester credits, or 12 or more quarter credits, or 24 or more clock hours a week each term.

In-state tuition is the tuition charged by institutions to those students who meet the state's or institution's residency requirements. In-district tuition is the tuition charged by the institution to those students residing in the locality in which they attend schooland may be a lower rate than in-state tuition if offered by the institution.

On-campus housing - residence halls owned or controlled by an institution within the same reasonably contiguous geographic area and used by the institution in direct support of or in a manner related to, the institution's educational purposes.
Off-campus housing - housing facility that is occupied by students but is not owned or controlled by the educational institution."
Description,141,71426,GIS4T0,"Total amount of grant and scholarship aid from federal, state or local governments, or institutional sources awarded to full-time, first-time degree/certificate-seeking undergraduates paying the in-state or in-district tuition rate who were awarded title IV federal student aid .  Title IV federal student aid, includes federal grants or federal student loans. 

Income level - The income that was used by the institution’s financial aid office to determine the student’s Expected Family Contribution (EFC). For dependent students this will include the parents’ adjusted gross income and the student’s adjusted gross income. For independent students this will include the student’s adjusted gross income.

Applicable to public institutions with standard calendar systems (semester, quarter, trimester, 4-1-4) that report financial aid data for students enrolled for the FALL and awarded aid anytime during the full aid year.

Title IV aid to students includes grant aid, work study aid, and loan aid. These include: Federal Pell Grant, Federal Supplemental Educational Opportunity Grant (FSEOG), Academic Competitiveness Grant (ACG), National Science and Mathematics Access to Retain Talent Grant (National SMART Grant), Teacher Education Assistance for College and Higher Education (TEACH) Grant, Federal Work-Study, Federal Perkins Loan, Subsidized Direct or FFEL Stafford Loan, and Unsubsidized Direct or FFEL Stafford Loan.

Full-time, first-time degree/certificate-seeking undergraduates - A student enrolled in a 4- or 5-year bachelor's degree program, an associate's degree program, or a vocational or technical program below the baccalaureate level, who has no prior postsecondary experience, and is enrolled for 12 or more semester credits, or 12 or more quarter credits, or 24 or more clock hours a week each term.

In-state tuition is the tuition charged by institutions to those students who meet the state's or institution's residency requirements. In-district tuition is the tuition charged by the institution to those students residing in the locality in which they attend schooland may be a lower rate than in-state tuition if offered by the institution."
Description,142,71431,GIS4A0,"Average amount of grant and scholarship aid from federal, state or local governments, or institutional sources awarded to full-time, first-time degree/certificate-seeking undergraduates paying the in-state or in-district tuition rate who were awarded title IV federal student aid .  Title IV federal student aid, includes federal grants or federal student loans. 

Income level - The income that was used by the institution’s financial aid office to determine the student’s Expected Family Contribution (EFC). For dependent students this will include the parents’ adjusted gross income and the student’s adjusted gross income. For independent students this will include the student’s adjusted gross income.

Applicable to public institutions with standard calendar systems (semester, quarter, trimester, 4-1-4) that report financial aid data for students enrolled for the FALL and awarded aid anytime during the full aid year.

Title IV aid to students includes grant aid, work study aid, and loan aid. These include: Federal Pell Grant, Federal Supplemental Educational Opportunity Grant (FSEOG), Academic Competitiveness Grant (ACG), National Science and Mathematics Access to Retain Talent Grant (National SMART Grant), Teacher Education Assistance for College and Higher Education (TEACH) Grant, Federal Work-Study, Federal Perkins Loan, Subsidized Direct or FFEL Stafford Loan, and Unsubsidized Direct or FFEL Stafford Loan.

Full-time, first-time degree/certificate-seeking undergraduates - A student enrolled in a 4- or 5-year bachelor's degree program, an associate's degree program, or a vocational or technical program below the baccalaureate level, who has no prior postsecondary experience, and is enrolled for 12 or more semester credits, or 12 or more quarter credits, or 24 or more clock hours a week each term.

In-state tuition is the tuition charged by institutions to those students who meet the state's or institution's residency requirements. In-district tuition is the tuition charged by the institution to those students residing in the locality in which they attend schooland may be a lower rate than in-state tuition if offered by the institution."
Description,143,71436,GIS4N10,"Number of full-time, first-time degree/certificate-seeking undergraduates paying the in-state or in-district tuition rate who were awarded title IV federal student aid - INCOME LEVEL (0-30,000).  Title IV federal student aid, includes federal grants or federal student loans. 

Income level - The income that was used by the institution’s financial aid office to determine the student’s Expected Family Contribution (EFC). For dependent students this will include the parents’ adjusted gross income and the student’s adjusted gross income. For independent students this will include the student’s adjusted gross income.

Applicable to public institutions with standard calendar systems (semester, quarter, trimester, 4-1-4) that report financial aid data for students enrolled for the FALL and awarded aid anytime during the full aid year.

Title IV aid to students includes grant aid, work study aid, and loan aid. These include: Federal Pell Grant, Federal Supplemental Educational Opportunity Grant (FSEOG), Academic Competitiveness Grant (ACG), National Science and Mathematics Access to Retain Talent Grant (National SMART Grant), Teacher Education Assistance for College and Higher Education (TEACH) Grant, Federal Work-Study, Federal Perkins Loan, Subsidized Direct or FFEL Stafford Loan, and Unsubsidized Direct or FFEL Stafford Loan.

Full-time, first-time degree/certificate-seeking undergraduates - A student enrolled in a 4- or 5-year bachelor's degree program, an associate's degree program, or a vocational or technical program below the baccalaureate level, who has no prior postsecondary experience, and is enrolled for 12 or more semester credits, or 12 or more quarter credits, or 24 or more clock hours a week each term.

In-state tuition is the tuition charged by institutions to those students who meet the state's or institution's residency requirements. In-district tuition is the tuition charged by the institution to those students residing in the locality in which they attend school and may be a lower rate than in-state tuition if offered by the institution."
Description,144,71441,GIS4T10,"Total amount of grant and scholarship aid from federal, state or local governments, or institutional sources awarded to full-time, first-time degree/certificate-seeking undergraduates paying the in-state or in-district tuition rate who were awarded title IV federal student aid - INCOME LEVEL (0-30,000).  Title IV federal student aid, includes federal grants or federal student loans.

Income level - The income that was used by the institution’s financial aid office to determine the student’s Expected Family Contribution (EFC). For dependent students this will include the parents’ adjusted gross income and the student’s adjusted gross income. For independent students this will include the student’s adjusted gross income.

Applicable to public institutions with standard calendar systems (semester, quarter, trimester, 4-1-4) that report financial aid data for students enrolled for the FALL and awarded aid anytime during the full aid year.

Title IV aid to students includes grant aid, work study aid, and loan aid. These include: Federal Pell Grant, Federal Supplemental Educational Opportunity Grant (FSEOG), Academic Competitiveness Grant (ACG), National Science and Mathematics Access to Retain Talent Grant (National SMART Grant), Teacher Education Assistance for College and Higher Education (TEACH) Grant, Federal Work-Study, Federal Perkins Loan, Subsidized Direct or FFEL Stafford Loan, and Unsubsidized Direct or FFEL Stafford Loan.

Full-time, first-time degree/certificate-seeking undergraduates - A student enrolled in a 4- or 5-year bachelor's degree program, an associate's degree program, or a vocational or technical program below the baccalaureate level, who has no prior postsecondary experience, and is enrolled for 12 or more semester credits, or 12 or more quarter credits, or 24 or more clock hours a week each term.

In-state tuition is the tuition charged by institutions to those students who meet the state's or institution's residency requirements. In-district tuition is the tuition charged by the institution to those students residing in the locality in which they attend school and may be a lower rate than in-state tuition if offered by the institution."
Description,145,71446,GIS4A10,"Average amount of grant and scholarship aid from federal, state or local governments, or institutional sources awarded to full-time, first-time degree/certificate-seeking undergraduates paying the in-state or in-district tuition rate who were awarded title IV federal student aid - INCOME LEVEL (0-30,000).  Title IV federal student aid, includes federal grants or federal student loans.

Income level - The income that was used by the institution’s financial aid office to determine the student’s Expected Family Contribution (EFC). For dependent students this will include the parents’ adjusted gross income and the student’s adjusted gross income. For independent students this will include the student’s adjusted gross income.

Applicable to public institutions with standard calendar systems (semester, quarter, trimester, 4-1-4) that report financial aid data for students enrolled for the FALL and awarded aid anytime during the full aid year.

Title IV aid to students includes grant aid, work study aid, and loan aid. These include: Federal Pell Grant, Federal Supplemental Educational Opportunity Grant (FSEOG), Academic Competitiveness Grant (ACG), National Science and Mathematics Access to Retain Talent Grant (National SMART Grant), Teacher Education Assistance for College and Higher Education (TEACH) Grant, Federal Work-Study, Federal Perkins Loan, Subsidized Direct or FFEL Stafford Loan, and Unsubsidized Direct or FFEL Stafford Loan.

Full-time, first-time degree/certificate-seeking undergraduates - A student enrolled in a 4- or 5-year bachelor's degree program, an associate's degree program, or a vocational or technical program below the baccalaureate level, who has no prior postsecondary experience, and is enrolled for 12 or more semester credits, or 12 or more quarter credits, or 24 or more clock hours a week each term.

In-state tuition is the tuition charged by institutions to those students who meet the state's or institution's residency requirements. In-district tuition is the tuition charged by the institution to those students residing in the locality in which they attend school and may be a lower rate than in-state tuition if offered by the institution."
Description,146,71451,GIS4N20,"Number of full-time, first-time degree/certificate-seeking undergraduates paying the in-state or in-district tuition rate who were awarded title IV federal student aid - INCOME LEVEL (30,001-48,000).  Title IV federal student aid, includes federal grants or federal student loans. 

Income level - The income that was used by the institution’s financial aid office to determine the student’s Expected Family Contribution (EFC). For dependent students this will include the parents’ adjusted gross income and the student’s adjusted gross income. For independent students this will include the student’s adjusted gross income.

Applicable to public institutions with standard calendar systems (semester, quarter, trimester, 4-1-4) that report financial aid data for students enrolled for the FALL and awarded aid anytime during the full aid year.

Title IV aid to students includes grant aid, work study aid, and loan aid. These include: Federal Pell Grant, Federal Supplemental Educational Opportunity Grant (FSEOG), Academic Competitiveness Grant (ACG), National Science and Mathematics Access to Retain Talent Grant (National SMART Grant), Teacher Education Assistance for College and Higher Education (TEACH) Grant, Federal Work-Study, Federal Perkins Loan, Subsidized Direct or FFEL Stafford Loan, and Unsubsidized Direct or FFEL Stafford Loan.

Full-time, first-time degree/certificate-seeking undergraduates - A student enrolled in a 4- or 5-year bachelor's degree program, an associate's degree program, or a vocational or technical program below the baccalaureate level, who has no prior postsecondary experience, and is enrolled for 12 or more semester credits, or 12 or more quarter credits, or 24 or more clock hours a week each term.

In-state tuition is the tuition charged by institutions to those students who meet the state's or institution's residency requirements. In-district tuition is the tuition charged by the institution to those students residing in the locality in which they attend school and may be a lower rate than in-state tuition if offered by the institution."
Description,147,71456,GIS4T20,"Total amount of grant and scholarship aid from federal, state or local governments, or institutional sources awarded to full-time, first-time degree/certificate-seeking undergraduates paying the in-state or in-district tuition rate who were awarded title IV federal student aid - INCOME LEVEL (30,001-48,000).  Title IV federal student aid, includes federal grants or federal student loans.

Income level - The income that was used by the institution’s financial aid office to determine the student’s Expected Family Contribution (EFC). For dependent students this will include the parents’ adjusted gross income and the student’s adjusted gross income. For independent students this will include the student’s adjusted gross income.

Applicable to public institutions with standard calendar systems (semester, quarter, trimester, 4-1-4) that report financial aid data for students enrolled for the FALL and awarded aid anytime during the full aid year.

Title IV aid to students includes grant aid, work study aid, and loan aid. These include: Federal Pell Grant, Federal Supplemental Educational Opportunity Grant (FSEOG), Academic Competitiveness Grant (ACG), National Science and Mathematics Access to Retain Talent Grant (National SMART Grant), Teacher Education Assistance for College and Higher Education (TEACH) Grant, Federal Work-Study, Federal Perkins Loan, Subsidized Direct or FFEL Stafford Loan, and Unsubsidized Direct or FFEL Stafford Loan.

Full-time, first-time degree/certificate-seeking undergraduates - A student enrolled in a 4- or 5-year bachelor's degree program, an associate's degree program, or a vocational or technical program below the baccalaureate level, who has no prior postsecondary experience, and is enrolled for 12 or more semester credits, or 12 or more quarter credits, or 24 or more clock hours a week each term.

In-state tuition is the tuition charged by institutions to those students who meet the state's or institution's residency requirements. In-district tuition is the tuition charged by the institution to those students residing in the locality in which they attend school and may be a lower rate than in-state tuition if offered by the institution."
Description,148,71461,GIS4A20,"Average amount of grant and scholarship aid from federal, state or local governments, or institutional sources awarded to full-time, first-time degree/certificate-seeking undergraduates paying the in-state or in-district tuition rate who were awarded title IV federal student aid - INCOME LEVEL (30,001-48,000).  Title IV federal student aid, includes federal grants or federal student loans.

Income level - The income that was used by the institution’s financial aid office to determine the student’s Expected Family Contribution (EFC). For dependent students this will include the parents’ adjusted gross income and the student’s adjusted gross income. For independent students this will include the student’s adjusted gross income.

Applicable to public institutions with standard calendar systems (semester, quarter, trimester, 4-1-4) that report financial aid data for students enrolled for the FALL and awarded aid anytime during the full aid year.

Title IV aid to students includes grant aid, work study aid, and loan aid. These include: Federal Pell Grant, Federal Supplemental Educational Opportunity Grant (FSEOG), Academic Competitiveness Grant (ACG), National Science and Mathematics Access to Retain Talent Grant (National SMART Grant), Teacher Education Assistance for College and Higher Education (TEACH) Grant, Federal Work-Study, Federal Perkins Loan, Subsidized Direct or FFEL Stafford Loan, and Unsubsidized Direct or FFEL Stafford Loan.

Full-time, first-time degree/certificate-seeking undergraduates - A student enrolled in a 4- or 5-year bachelor's degree program, an associate's degree program, or a vocational or technical program below the baccalaureate level, who has no prior postsecondary experience, and is enrolled for 12 or more semester credits, or 12 or more quarter credits, or 24 or more clock hours a week each term.

In-state tuition is the tuition charged by institutions to those students who meet the state's or institution's residency requirements. In-district tuition is the tuition charged by the institution to those students residing in the locality in which they attend school and may be a lower rate than in-state tuition if offered by the institution."
Description,149,71466,GIS4N30,"Number of full-time, first-time degree/certificate-seeking undergraduates paying the in-state or in-district tuition rate who were awarded title IV federal student aid - INCOME LEVEL (48,001-75,000).  Title IV federal student aid, includes federal grants or federal student loans. 

Income level - The income that was used by the institution’s financial aid office to determine the student’s Expected Family Contribution (EFC). For dependent students this will include the parents’ adjusted gross income and the student’s adjusted gross income. For independent students this will include the student’s adjusted gross income.

Applicable to public institutions with standard calendar systems (semester, quarter, trimester, 4-1-4) that report financial aid data for students enrolled for the FALL and awarded aid anytime during the full aid year.

Title IV aid to students includes grant aid, work study aid, and loan aid. These include: Federal Pell Grant, Federal Supplemental Educational Opportunity Grant (FSEOG), Academic Competitiveness Grant (ACG), National Science and Mathematics Access to Retain Talent Grant (National SMART Grant), Teacher Education Assistance for College and Higher Education (TEACH) Grant, Federal Work-Study, Federal Perkins Loan, Subsidized Direct or FFEL Stafford Loan, and Unsubsidized Direct or FFEL Stafford Loan.

Full-time, first-time degree/certificate-seeking undergraduates - A student enrolled in a 4- or 5-year bachelor's degree program, an associate's degree program, or a vocational or technical program below the baccalaureate level, who has no prior postsecondary experience, and is enrolled for 12 or more semester credits, or 12 or more quarter credits, or 24 or more clock hours a week each term.

In-state tuition is the tuition charged by institutions to those students who meet the state's or institution's residency requirements. In-district tuition is the tuition charged by the institution to those students residing in the locality in which they attend school and may be a lower rate than in-state tuition if offered by the institution."
Description,150,71471,GIS4T30,"Total amount of grant and scholarship aid from federal, state or local governments, or institutional sources awarded to full-time, first-time degree/certificate-seeking undergraduates paying the in-state or in-district tuition rate who were awarded title IV federal student aid - INCOME LEVEL (48,001-75,000).  Title IV federal student aid, includes federal grants or federal student loans.

Income level - The income that was used by the institution’s financial aid office to determine the student’s Expected Family Contribution (EFC). For dependent students this will include the parents’ adjusted gross income and the student’s adjusted gross income. For independent students this will include the student’s adjusted gross income.

Applicable to public institutions with standard calendar systems (semester, quarter, trimester, 4-1-4) that report financial aid data for students enrolled for the FALL and awarded aid anytime during the full aid year.

Title IV aid to students includes grant aid, work study aid, and loan aid. These include: Federal Pell Grant, Federal Supplemental Educational Opportunity Grant (FSEOG), Academic Competitiveness Grant (ACG), National Science and Mathematics Access to Retain Talent Grant (National SMART Grant), Teacher Education Assistance for College and Higher Education (TEACH) Grant, Federal Work-Study, Federal Perkins Loan, Subsidized Direct or FFEL Stafford Loan, and Unsubsidized Direct or FFEL Stafford Loan.

Full-time, first-time degree/certificate-seeking undergraduates - A student enrolled in a 4- or 5-year bachelor's degree program, an associate's degree program, or a vocational or technical program below the baccalaureate level, who has no prior postsecondary experience, and is enrolled for 12 or more semester credits, or 12 or more quarter credits, or 24 or more clock hours a week each term.

In-state tuition is the tuition charged by institutions to those students who meet the state's or institution's residency requirements. In-district tuition is the tuition charged by the institution to those students residing in the locality in which they attend school and may be a lower rate than in-state tuition if offered by the institution."
Description,151,71476,GIS4A30,"Average amount of grant and scholarship aid from federal, state or local governments, or institutional sources awarded to full-time, first-time degree/certificate-seeking undergraduates paying the in-state or in-district tuition rate who were awarded title IV federal student aid - INCOME LEVEL (48,001-75,000).  Title IV federal student aid, includes federal grants or federal student loans.

Income level - The income that was used by the institution’s financial aid office to determine the student’s Expected Family Contribution (EFC). For dependent students this will include the parents’ adjusted gross income and the student’s adjusted gross income. For independent students this will include the student’s adjusted gross income.

Applicable to public institutions with standard calendar systems (semester, quarter, trimester, 4-1-4) that report financial aid data for students enrolled for the FALL and awarded aid anytime during the full aid year.

Title IV aid to students includes grant aid, work study aid, and loan aid. These include: Federal Pell Grant, Federal Supplemental Educational Opportunity Grant (FSEOG), Academic Competitiveness Grant (ACG), National Science and Mathematics Access to Retain Talent Grant (National SMART Grant), Teacher Education Assistance for College and Higher Education (TEACH) Grant, Federal Work-Study, Federal Perkins Loan, Subsidized Direct or FFEL Stafford Loan, and Unsubsidized Direct or FFEL Stafford Loan.

Full-time, first-time degree/certificate-seeking undergraduates - A student enrolled in a 4- or 5-year bachelor's degree program, an associate's degree program, or a vocational or technical program below the baccalaureate level, who has no prior postsecondary experience, and is enrolled for 12 or more semester credits, or 12 or more quarter credits, or 24 or more clock hours a week each term.

In-state tuition is the tuition charged by institutions to those students who meet the state's or institution's residency requirements. In-district tuition is the tuition charged by the institution to those students residing in the locality in which they attend school and may be a lower rate than in-state tuition if offered by the institution."
Description,152,71481,GIS4N40,"Number of full-time, first-time degree/certificate-seeking undergraduates paying the in-state or in-district tuition rate who were awarded title IV federal student aid - INCOME LEVEL (75,001-120,000).  Title IV federal student aid, includes federal grants or federal student loans. 

Income level - The income that was used by the institution’s financial aid office to determine the student’s Expected Family Contribution (EFC). For dependent students this will include the parents’ adjusted gross income and the student’s adjusted gross income. For independent students this will include the student’s adjusted gross income.

Applicable to public institutions with standard calendar systems (semester, quarter, trimester, 4-1-4) that report financial aid data for students enrolled for the FALL and awarded aid anytime during the full aid year.

Title IV aid to students includes grant aid, work study aid, and loan aid. These include: Federal Pell Grant, Federal Supplemental Educational Opportunity Grant (FSEOG), Academic Competitiveness Grant (ACG), National Science and Mathematics Access to Retain Talent Grant (National SMART Grant), Teacher Education Assistance for College and Higher Education (TEACH) Grant, Federal Work-Study, Federal Perkins Loan, Subsidized Direct or FFEL Stafford Loan, and Unsubsidized Direct or FFEL Stafford Loan.

Full-time, first-time degree/certificate-seeking undergraduates - A student enrolled in a 4- or 5-year bachelor's degree program, an associate's degree program, or a vocational or technical program below the baccalaureate level, who has no prior postsecondary experience, and is enrolled for 12 or more semester credits, or 12 or more quarter credits, or 24 or more clock hours a week each term.

In-state tuition is the tuition charged by institutions to those students who meet the state's or institution's residency requirements. In-district tuition is the tuition charged by the institution to those students residing in the locality in which they attend school and may be a lower rate than in-state tuition if offered by the institution."
Description,153,71486,GIS4T40,"Total amount of grant and scholarship aid from federal, state or local governments, or institutional sources awarded to full-time, first-time degree/certificate-seeking undergraduates paying the in-state or in-district tuition rate who were awarded title IV federal student aid - INCOME LEVEL (75,001-110,000).  Title IV federal student aid, includes federal grants or federal student loans.

Income level - The income that was used by the institution’s financial aid office to determine the student’s Expected Family Contribution (EFC). For dependent students this will include the parents’ adjusted gross income and the student’s adjusted gross income. For independent students this will include the student’s adjusted gross income.

Applicable to public institutions with standard calendar systems (semester, quarter, trimester, 4-1-4) that report financial aid data for students enrolled for the FALL and awarded aid anytime during the full aid year.

Title IV aid to students includes grant aid, work study aid, and loan aid. These include: Federal Pell Grant, Federal Supplemental Educational Opportunity Grant (FSEOG), Academic Competitiveness Grant (ACG), National Science and Mathematics Access to Retain Talent Grant (National SMART Grant), Teacher Education Assistance for College and Higher Education (TEACH) Grant, Federal Work-Study, Federal Perkins Loan, Subsidized Direct or FFEL Stafford Loan, and Unsubsidized Direct or FFEL Stafford Loan.

Full-time, first-time degree/certificate-seeking undergraduates - A student enrolled in a 4- or 5-year bachelor's degree program, an associate's degree program, or a vocational or technical program below the baccalaureate level, who has no prior postsecondary experience, and is enrolled for 12 or more semester credits, or 12 or more quarter credits, or 24 or more clock hours a week each term.

In-state tuition is the tuition charged by institutions to those students who meet the state's or institution's residency requirements. In-district tuition is the tuition charged by the institution to those students residing in the locality in which they attend school and may be a lower rate than in-state tuition if offered by the institution."
Description,154,71491,GIS4A40,"Average amount of grant and scholarship aid from federal, state or local governments, or institutional sources awarded to full-time, first-time degree/certificate-seeking undergraduates paying the in-state or in-district tuition rate who were awarded title IV federal student aid - INCOME LEVEL (75,001-110,000).  Title IV federal student aid, includes federal grants or federal student loans.

Income level - The income that was used by the institution’s financial aid office to determine the student’s Expected Family Contribution (EFC). For dependent students this will include the parents’ adjusted gross income and the student’s adjusted gross income. For independent students this will include the student’s adjusted gross income.

Applicable to public institutions with standard calendar systems (semester, quarter, trimester, 4-1-4) that report financial aid data for students enrolled for the FALL and awarded aid anytime during the full aid year.

Title IV aid to students includes grant aid, work study aid, and loan aid. These include: Federal Pell Grant, Federal Supplemental Educational Opportunity Grant (FSEOG), Academic Competitiveness Grant (ACG), National Science and Mathematics Access to Retain Talent Grant (National SMART Grant), Teacher Education Assistance for College and Higher Education (TEACH) Grant, Federal Work-Study, Federal Perkins Loan, Subsidized Direct or FFEL Stafford Loan, and Unsubsidized Direct or FFEL Stafford Loan.

Full-time, first-time degree/certificate-seeking undergraduates - A student enrolled in a 4- or 5-year bachelor's degree program, an associate's degree program, or a vocational or technical program below the baccalaureate level, who has no prior postsecondary experience, and is enrolled for 12 or more semester credits, or 12 or more quarter credits, or 24 or more clock hours a week each term.

In-state tuition is the tuition charged by institutions to those students who meet the state's or institution's residency requirements. In-district tuition is the tuition charged by the institution to those students residing in the locality in which they attend school and may be a lower rate than in-state tuition if offered by the institution."
Description,155,71496,GIS4N50,"Number of full-time, first-time degree/certificate-seeking undergraduates paying the in-state or in-district tuition rate who were awarded title IV federal student aid - INCOME LEVEL (110,001 or more).  Title IV federal student aid, includes federal grants or federal student loans. 

Income level - The income that was used by the institution’s financial aid office to determine the student’s Expected Family Contribution (EFC). For dependent students this will include the parents’ adjusted gross income and the student’s adjusted gross income. For independent students this will include the student’s adjusted gross income.

Applicable to public institutions with standard calendar systems (semester, quarter, trimester, 4-1-4) that report financial aid data for students enrolled for the FALL and awarded aid anytime during the full aid year.

Title IV aid to students includes grant aid, work study aid, and loan aid. These include: Federal Pell Grant, Federal Supplemental Educational Opportunity Grant (FSEOG), Academic Competitiveness Grant (ACG), National Science and Mathematics Access to Retain Talent Grant (National SMART Grant), Teacher Education Assistance for College and Higher Education (TEACH) Grant, Federal Work-Study, Federal Perkins Loan, Subsidized Direct or FFEL Stafford Loan, and Unsubsidized Direct or FFEL Stafford Loan.

Full-time, first-time degree/certificate-seeking undergraduates - A student enrolled in a 4- or 5-year bachelor's degree program, an associate's degree program, or a vocational or technical program below the baccalaureate level, who has no prior postsecondary experience, and is enrolled for 12 or more semester credits, or 12 or more quarter credits, or 24 or more clock hours a week each term.

In-state tuition is the tuition charged by institutions to those students who meet the state's or institution's residency requirements. In-district tuition is the tuition charged by the institution to those students residing in the locality in which they attend school and may be a lower rate than in-state tuition if offered by the institution."
Description,156,71501,GIS4T50,"Total amount of grant and scholarship aid from federal, state or local governments, or institutional sources awarded to full-time, first-time degree/certificate-seeking undergraduates paying the in-state or in-district tuition rate who were awarded title IV federal student aid - INCOME LEVEL (110,000 or more).  Title IV federal student aid, includes federal grants or federal student loans.

Income level - The income that was used by the institution’s financial aid office to determine the student’s Expected Family Contribution (EFC). For dependent students this will include the parents’ adjusted gross income and the student’s adjusted gross income. For independent students this will include the student’s adjusted gross income.

Applicable to public institutions with standard calendar systems (semester, quarter, trimester, 4-1-4) that report financial aid data for students enrolled for the FALL and awarded aid anytime during the full aid year.

Title IV aid to students includes grant aid, work study aid, and loan aid. These include: Federal Pell Grant, Federal Supplemental Educational Opportunity Grant (FSEOG), Academic Competitiveness Grant (ACG), National Science and Mathematics Access to Retain Talent Grant (National SMART Grant), Teacher Education Assistance for College and Higher Education (TEACH) Grant, Federal Work-Study, Federal Perkins Loan, Subsidized Direct or FFEL Stafford Loan, and Unsubsidized Direct or FFEL Stafford Loan.

Full-time, first-time degree/certificate-seeking undergraduates - A student enrolled in a 4- or 5-year bachelor's degree program, an associate's degree program, or a vocational or technical program below the baccalaureate level, who has no prior postsecondary experience, and is enrolled for 12 or more semester credits, or 12 or more quarter credits, or 24 or more clock hours a week each term.

In-state tuition is the tuition charged by institutions to those students who meet the state's or institution's residency requirements. In-district tuition is the tuition charged by the institution to those students residing in the locality in which they attend school and may be a lower rate than in-state tuition if offered by the institution."
Description,157,71506,GIS4A50,"Average amount of grant and scholarship aid from federal, state or local governments, or institutional sources awarded to full-time, first-time degree/certificate-seeking undergraduates paying the in-state or in-district tuition rate who were awarded title IV federal student aid - INCOME LEVEL (110,000 or more).  Title IV federal student aid, includes federal grants or federal student loans.

Income level - The income that was used by the institution’s financial aid office to determine the student’s Expected Family Contribution (EFC). For dependent students this will include the parents’ adjusted gross income and the student’s adjusted gross income. For independent students this will include the student’s adjusted gross income.

Applicable to public institutions with standard calendar systems (semester, quarter, trimester, 4-1-4) that report financial aid data for students enrolled for the FALL and awarded aid anytime during the full aid year.

Title IV aid to students includes grant aid, work study aid, and loan aid. These include: Federal Pell Grant, Federal Supplemental Educational Opportunity Grant (FSEOG), Academic Competitiveness Grant (ACG), National Science and Mathematics Access to Retain Talent Grant (National SMART Grant), Teacher Education Assistance for College and Higher Education (TEACH) Grant, Federal Work-Study, Federal Perkins Loan, Subsidized Direct or FFEL Stafford Loan, and Unsubsidized Direct or FFEL Stafford Loan.

Full-time, first-time degree/certificate-seeking undergraduates - A student enrolled in a 4- or 5-year bachelor's degree program, an associate's degree program, or a vocational or technical program below the baccalaureate level, who has no prior postsecondary experience, and is enrolled for 12 or more semester credits, or 12 or more quarter credits, or 24 or more clock hours a week each term.

In-state tuition is the tuition charged by institutions to those students who meet the state's or institution's residency requirements. In-district tuition is the tuition charged by the institution to those students residing in the locality in which they attend school and may be a lower rate than in-state tuition if offered by the institution."
Description,158,71802,GIS4G2,"The number of full-time, first-time degree/certificate-seeking undergraduate students who paid the in-state or in-district tuition rate and were awarded any Title IV federal student aid and were awarded any grant or scholarship aid from the following sources: the federal government, state/local government, or the institution.

Students awarded Title IV federal student aid include students who were awarded federal grant aid or who were awarded federal work study or federal student loans.

Title IV federal student aid includes the following: 

Federal Pell Grant, Federal Supplemental Educational Opportunity Grant (FSEOG), Academic Competitiveness Grant (ACG), National Science and Mathematics Access to Retain Talent Grant (National SMART Grant), Teacher Education Assistance for College and Higher Education (TEACH) Grant ; Federal Work Study; Federal Perkins Loan, Subsidized Direct or FFEL Stafford Loan, and Unsubsidized Direct or FFEL Stafford Loan.

This variable includes Title IV recipients who were awarded grants or scholarship aid from the federal government, state/local government, or a grant or scholarship from the institution. Students that awarded grant or scholarship aid from private or other sources, or loans or Federal work study are excluded.

Applicable to public institutions with standard calendar systems (semester, quarter, trimester, 4-1-4) that report financial aid data for students enrolled for the FALL and awarded aid anytime during the full aid year.

Full-time, first-time degree/certificate-seeking undergraduates - A student enrolled in a 4- or 5-year bachelor's degree program, an associate's degree program, or a vocational or technical program below the baccalaureate level, who has no prior postsecondary experience, and is enrolled for 12 or more semester credits, or 12 or more quarter credits, or 24 or more clock hours a week each term.

In-state tuition is the tuition charged by institutions to those students who meet the state's or institution's residency requirements. In-district tuition is the tuition charged by the institution to those students residing in the locality in which they attend school and may be a lower rate than in-state tuition if offered by the institution."
Description,159,71807,GIS4G12,"The number of full-time, first-time degree/certificate-seeking undergraduate students who paid the in-state or in-district tuition rate and were awarded any Title IV federal student aid and were awarded any grant or scholarship aid from the following sources: the federal government, state/local government, or the institution. - INCOME LEVEL (0-30,000)

Students awarded Title IV federal student aid include students who were awarded federal grant aid or who were awarded federal work study or federal student loans.

Title IV federal student aid includes the following: 

Federal Pell Grant, Federal Supplemental Educational Opportunity Grant (FSEOG), Academic Competitiveness Grant (ACG), National Science and Mathematics Access to Retain Talent Grant (National SMART Grant), Teacher Education Assistance for College and Higher Education (TEACH) Grant ; Federal Work Study; Federal Perkins Loan, Subsidized Direct or FFEL Stafford Loan, and Unsubsidized Direct or FFEL Stafford Loan.

This variable includes Title IV recipients who were awarded grants or scholarship aid from the federal government, state/local government, or a grant or scholarship from the institution. Students that awarded grant or scholarship aid from private or other sources, or loans or Federal work study are excluded.

Income level - The income that was used by the institution’s financial aid office to determine the student’s Expected Family Contribution (EFC). For dependent students this will include the parents’ adjusted gross income and the student’s adjusted gross income. For independent students this will include the student’s adjusted gross income.

Applicable to public institutions with standard calendar systems (semester, quarter, trimester, 4-1-4) that report financial aid data for students enrolled for the FALL and awarded aid anytime during the full aid year.

Full-time, first-time degree/certificate-seeking undergraduates - A student enrolled in a 4- or 5-year bachelor's degree program, an associate's degree program, or a vocational or technical program below the baccalaureate level, who has no prior postsecondary experience, and is enrolled for 12 or more semester credits, or 12 or more quarter credits, or 24 or more clock hours a week each term.

In-state tuition is the tuition charged by institutions to those students who meet the state's or institution's residency requirements. In-district tuition is the tuition charged by the institution to those students residing in the locality in which they attend school and may be a lower rate than in-state tuition if offered by the institution."
Description,160,71812,GIS4G22,"The number of full-time, first-time degree/certificate-seeking undergraduate students who paid the in-state or in-district tuition rate and were awarded any Title IV federal student aid and were awarded any grant or scholarship aid from the following sources: the federal government, state/local government, or the institution. - INCOME LEVEL (30,001-48,000)

Students awarded Title IV federal student aid include students who were awarded federal grant aid or who were awarded federal work study or federal student loans.

Title IV federal student aid includes the following: 

Federal Pell Grant, Federal Supplemental Educational Opportunity Grant (FSEOG), Academic Competitiveness Grant (ACG), National Science and Mathematics Access to Retain Talent Grant (National SMART Grant), Teacher Education Assistance for College and Higher Education (TEACH) Grant ; Federal Work Study; Federal Perkins Loan, Subsidized Direct or FFEL Stafford Loan, and Unsubsidized Direct or FFEL Stafford Loan.

This variable includes Title IV recipients who were awarded grants or scholarship aid from the federal government, state/local government, or a grant or scholarship from the institution. Students that awarded grant or scholarship aid from private or other sources, or loans or Federal work study are excluded.

Income level - The income that was used by the institution’s financial aid office to determine the student’s Expected Family Contribution (EFC). For dependent students this will include the parents’ adjusted gross income and the student’s adjusted gross income. For independent students this will include the student’s adjusted gross income.

Applicable to public institutions with standard calendar systems (semester, quarter, trimester, 4-1-4) that report financial aid data for students enrolled for the FALL and awarded aid anytime during the full aid year.

Full-time, first-time degree/certificate-seeking undergraduates - A student enrolled in a 4- or 5-year bachelor's degree program, an associate's degree program, or a vocational or technical program below the baccalaureate level, who has no prior postsecondary experience, and is enrolled for 12 or more semester credits, or 12 or more quarter credits, or 24 or more clock hours a week each term.

In-state tuition is the tuition charged by institutions to those students who meet the state's or institution's residency requirements. In-district tuition is the tuition charged by the institution to those students residing in the locality in which they attend school and may be a lower rate than in-state tuition if offered by the institution."
Description,161,71817,GIS4G32,"The number of full-time, first-time degree/certificate-seeking undergraduate students who paid the in-state or in-district tuition rate and were awarded any Title IV federal student aid and were awarded any grant or scholarship aid from the following sources: the federal government, state/local government, or the institution. - INCOME LEVEL (48,001-75,000)

Students awarded Title IV federal student aid include students who were awarded federal grant aid or who were awarded federal work study or federal student loans.

Title IV federal student aid includes the following: 

Federal Pell Grant, Federal Supplemental Educational Opportunity Grant (FSEOG), Academic Competitiveness Grant (ACG), National Science and Mathematics Access to Retain Talent Grant (National SMART Grant), Teacher Education Assistance for College and Higher Education (TEACH) Grant ; Federal Work Study; Federal Perkins Loan, Subsidized Direct or FFEL Stafford Loan, and Unsubsidized Direct or FFEL Stafford Loan.

This variable includes Title IV recipients who were awarded grants or scholarship aid from the federal government, state/local government, or a grant or scholarship from the institution. Students that awarded grant or scholarship aid from private or other sources, or loans or Federal work study are excluded.

Income level - The income that was used by the institution’s financial aid office to determine the student’s Expected Family Contribution (EFC). For dependent students this will include the parents’ adjusted gross income and the student’s adjusted gross income. For independent students this will include the student’s adjusted gross income.

Applicable to public institutions with standard calendar systems (semester, quarter, trimester, 4-1-4) that report financial aid data for students enrolled for the FALL and awarded aid anytime during the full aid year.

Full-time, first-time degree/certificate-seeking undergraduates - A student enrolled in a 4- or 5-year bachelor's degree program, an associate's degree program, or a vocational or technical program below the baccalaureate level, who has no prior postsecondary experience, and is enrolled for 12 or more semester credits, or 12 or more quarter credits, or 24 or more clock hours a week each term.

In-state tuition is the tuition charged by institutions to those students who meet the state's or institution's residency requirements. In-district tuition is the tuition charged by the institution to those students residing in the locality in which they attend school and may be a lower rate than in-state tuition if offered by the institution."
Description,162,71822,GIS4G42,"The number of full-time, first-time degree/certificate-seeking undergraduate students who paid the in-state or in-district tuition rate and were awarded any Title IV federal student aid and were awarded any grant or scholarship aid from the following sources: the federal government, state/local government, or the institution. - INCOME LEVEL (75,001-110,00)

Students awarded Title IV federal student aid include students who were awarded federal grant aid or who were awarded federal work study or federal student loans.

Title IV federal student aid includes the following: 

Federal Pell Grant, Federal Supplemental Educational Opportunity Grant (FSEOG), Academic Competitiveness Grant (ACG), National Science and Mathematics Access to Retain Talent Grant (National SMART Grant), Teacher Education Assistance for College and Higher Education (TEACH) Grant ; Federal Work Study; Federal Perkins Loan, Subsidized Direct or FFEL Stafford Loan, and Unsubsidized Direct or FFEL Stafford Loan.

This variable includes Title IV recipients who were awarded grants or scholarship aid from the federal government, state/local government, or a grant or scholarship from the institution. Students that awarded grant or scholarship aid from private or other sources, or loans or Federal work study are excluded.

Income level - The income that was used by the institution’s financial aid office to determine the student’s Expected Family Contribution (EFC). For dependent students this will include the parents’ adjusted gross income and the student’s adjusted gross income. For independent students this will include the student’s adjusted gross income.

Applicable to public institutions with standard calendar systems (semester, quarter, trimester, 4-1-4) that report financial aid data for students enrolled for the FALL and awarded aid anytime during the full aid year.

Full-time, first-time degree/certificate-seeking undergraduates - A student enrolled in a 4- or 5-year bachelor's degree program, an associate's degree program, or a vocational or technical program below the baccalaureate level, who has no prior postsecondary experience, and is enrolled for 12 or more semester credits, or 12 or more quarter credits, or 24 or more clock hours a week each term.

In-state tuition is the tuition charged by institutions to those students who meet the state's or institution's residency requirements. In-district tuition is the tuition charged by the institution to those students residing in the locality in which they attend school and may be a lower rate than in-state tuition if offered by the institution."
Description,163,71827,GIS4G52,"The number of full-time, first-time degree/certificate-seeking undergraduate students who paid the in-state or in-district tuition rate and were awarded any Title IV federal student aid and were awarded any grant or scholarship aid from the following sources: the federal government, state/local government, or the institution. - INCOME LEVEL (110,001 or more)

Students awarded Title IV federal student aid include students who were awarded federal grant aid or who were awarded federal work study or federal student loans.

Title IV federal student aid includes the following: 

Federal Pell Grant, Federal Supplemental Educational Opportunity Grant (FSEOG), Academic Competitiveness Grant (ACG), National Science and Mathematics Access to Retain Talent Grant (National SMART Grant), Teacher Education Assistance for College and Higher Education (TEACH) Grant ; Federal Work Study; Federal Perkins Loan, Subsidized Direct or FFEL Stafford Loan, and Unsubsidized Direct or FFEL Stafford Loan.

This variable includes Title IV recipients who were awarded grants or scholarship aid from the federal government, state/local government, or a grant or scholarship from the institution. Students that awarded grant or scholarship aid from private or other sources, or loans or Federal work study are excluded.

Income level - The income that was used by the institution’s financial aid office to determine the student’s Expected Family Contribution (EFC). For dependent students this will include the parents’ adjusted gross income and the student’s adjusted gross income. For independent students this will include the student’s adjusted gross income.

Applicable to public institutions with standard calendar systems (semester, quarter, trimester, 4-1-4) that report financial aid data for students enrolled for the FALL and awarded aid anytime during the full aid year.

Full-time, first-time degree/certificate-seeking undergraduates - A student enrolled in a 4- or 5-year bachelor's degree program, an associate's degree program, or a vocational or technical program below the baccalaureate level, who has no prior postsecondary experience, and is enrolled for 12 or more semester credits, or 12 or more quarter credits, or 24 or more clock hours a week each term.

In-state tuition is the tuition charged by institutions to those students who meet the state's or institution's residency requirements. In-district tuition is the tuition charged by the institution to those students residing in the locality in which they attend school and may be a lower rate than in-state tuition if offered by the institution."
Description,164,71832,GIS4G1,"The number of full-time, first-time degree/certificate-seeking undergraduate students who paid the in-state or in-district tuition rate and were awarded any Title IV federal student aid and were awarded any grant or scholarship aid from the following sources: the federal government, state/local government, or the institution. 

Students awarded Title IV federal student aid include students who were awarded federal grant aid or who were awarded federal work study or federal student loans.

Title IV federal student aid includes the following: 

Federal Pell Grant, Federal Supplemental Educational Opportunity Grant (FSEOG), Academic Competitiveness Grant (ACG), National Science and Mathematics Access to Retain Talent Grant (National SMART Grant), Teacher Education Assistance for College and Higher Education (TEACH) Grant ; Federal Work Study; Federal Perkins Loan, Subsidized Direct or FFEL Stafford Loan, and Unsubsidized Direct or FFEL Stafford Loan.

This variable includes Title IV recipients who were awarded grants or scholarship aid from the federal government, state/local government, or a grant or scholarship from the institution. Students that awarded grant or scholarship aid from private or other sources, or loans or Federal work study are excluded.

Income level - The income that was used by the institution’s financial aid office to determine the student’s Expected Family Contribution (EFC). For dependent students this will include the parents’ adjusted gross income and the student’s adjusted gross income. For independent students this will include the student’s adjusted gross income.

Applicable to public institutions with standard calendar systems (semester, quarter, trimester, 4-1-4) that report financial aid data for students enrolled for the FALL and awarded aid anytime during the full aid year.

Full-time, first-time degree/certificate-seeking undergraduates - A student enrolled in a 4- or 5-year bachelor's degree program, an associate's degree program, or a vocational or technical program below the baccalaureate level, who has no prior postsecondary experience, and is enrolled for 12 or more semester credits, or 12 or more quarter credits, or 24 or more clock hours a week each term.

In-state tuition is the tuition charged by institutions to those students who meet the state's or institution's residency requirements. In-district tuition is the tuition charged by the institution to those students residing in the locality in which they attend school and may be a lower rate than in-state tuition if offered by the institution."
Description,165,71837,GIS4G11,"The number of full-time, first-time degree/certificate-seeking undergraduate students who paid the in-state or in-district tuition rate and were awarded any Title IV federal student aid and were awarded any grant or scholarship aid from the following sources: the federal government, state/local government, or the institution. - INCOME LEVEL (0-30,000)

Students awarded Title IV federal student aid include students who were awarded federal grant aid or who were awarded federal work study or federal student loans.

Title IV federal student aid includes the following: 

Federal Pell Grant, Federal Supplemental Educational Opportunity Grant (FSEOG), Academic Competitiveness Grant (ACG), National Science and Mathematics Access to Retain Talent Grant (National SMART Grant), Teacher Education Assistance for College and Higher Education (TEACH) Grant ; Federal Work Study; Federal Perkins Loan, Subsidized Direct or FFEL Stafford Loan, and Unsubsidized Direct or FFEL Stafford Loan.

This variable includes Title IV recipients who were awarded grants or scholarship aid from the federal government, state/local government, or a grant or scholarship from the institution. Students that awarded grant or scholarship aid from private or other sources, or loans or Federal work study are excluded.

Income level - The income that was used by the institution’s financial aid office to determine the student’s Expected Family Contribution (EFC). For dependent students this will include the parents’ adjusted gross income and the student’s adjusted gross income. For independent students this will include the student’s adjusted gross income.

Applicable to public institutions with standard calendar systems (semester, quarter, trimester, 4-1-4) that report financial aid data for students enrolled for the FALL and awarded aid anytime during the full aid year.

Full-time, first-time degree/certificate-seeking undergraduates - A student enrolled in a 4- or 5-year bachelor's degree program, an associate's degree program, or a vocational or technical program below the baccalaureate level, who has no prior postsecondary experience, and is enrolled for 12 or more semester credits, or 12 or more quarter credits, or 24 or more clock hours a week each term.

In-state tuition is the tuition charged by institutions to those students who meet the state's or institution's residency requirements. In-district tuition is the tuition charged by the institution to those students residing in the locality in which they attend school and may be a lower rate than in-state tuition if offered by the institution."
Description,166,71842,GIS4G21,"The number of full-time, first-time degree/certificate-seeking undergraduate students who paid the in-state or in-district tuition rate and were awarded any Title IV federal student aid and were awarded any grant or scholarship aid from the following sources: the federal government, state/local government, or the institution. - INCOME LEVEL (30,001-48,000)

Students awarded Title IV federal student aid include students who were awarded federal grant aid or who were awarded federal work study or federal student loans.

Title IV federal student aid includes the following: 

Federal Pell Grant, Federal Supplemental Educational Opportunity Grant (FSEOG), Academic Competitiveness Grant (ACG), National Science and Mathematics Access to Retain Talent Grant (National SMART Grant), Teacher Education Assistance for College and Higher Education (TEACH) Grant ; Federal Work Study; Federal Perkins Loan, Subsidized Direct or FFEL Stafford Loan, and Unsubsidized Direct or FFEL Stafford Loan.

This variable includes Title IV recipients who were awarded grants or scholarship aid from the federal government, state/local government, or a grant or scholarship from the institution. Students that awarded grant or scholarship aid from private or other sources, or loans or Federal work study are excluded.

Income level - The income that was used by the institution’s financial aid office to determine the student’s Expected Family Contribution (EFC). For dependent students this will include the parents’ adjusted gross income and the student’s adjusted gross income. For independent students this will include the student’s adjusted gross income.

Applicable to public institutions with standard calendar systems (semester, quarter, trimester, 4-1-4) that report financial aid data for students enrolled for the FALL and awarded aid anytime during the full aid year.

Full-time, first-time degree/certificate-seeking undergraduates - A student enrolled in a 4- or 5-year bachelor's degree program, an associate's degree program, or a vocational or technical program below the baccalaureate level, who has no prior postsecondary experience, and is enrolled for 12 or more semester credits, or 12 or more quarter credits, or 24 or more clock hours a week each term.

In-state tuition is the tuition charged by institutions to those students who meet the state's or institution's residency requirements. In-district tuition is the tuition charged by the institution to those students residing in the locality in which they attend school and may be a lower rate than in-state tuition if offered by the institution."
Description,167,71847,GIS4G31,"The number of full-time, first-time degree/certificate-seeking undergraduate students who paid the in-state or in-district tuition rate and were awarded any Title IV federal student aid and were awarded any grant or scholarship aid from the following sources: the federal government, state/local government, or the institution. - INCOME LEVEL (48,001-75,000)

Students awarded Title IV federal student aid include students who were awarded federal grant aid or who were awarded federal work study or federal student loans.

Title IV federal student aid includes the following: 

Federal Pell Grant, Federal Supplemental Educational Opportunity Grant (FSEOG), Academic Competitiveness Grant (ACG), National Science and Mathematics Access to Retain Talent Grant (National SMART Grant), Teacher Education Assistance for College and Higher Education (TEACH) Grant ; Federal Work Study; Federal Perkins Loan, Subsidized Direct or FFEL Stafford Loan, and Unsubsidized Direct or FFEL Stafford Loan.

This variable includes Title IV recipients who were awarded grants or scholarship aid from the federal government, state/local government, or a grant or scholarship from the institution. Students that awarded grant or scholarship aid from private or other sources, or loans or Federal work study are excluded.

Income level - The income that was used by the institution’s financial aid office to determine the student’s Expected Family Contribution (EFC). For dependent students this will include the parents’ adjusted gross income and the student’s adjusted gross income. For independent students this will include the student’s adjusted gross income.

Applicable to public institutions with standard calendar systems (semester, quarter, trimester, 4-1-4) that report financial aid data for students enrolled for the FALL and awarded aid anytime during the full aid year.

Full-time, first-time degree/certificate-seeking undergraduates - A student enrolled in a 4- or 5-year bachelor's degree program, an associate's degree program, or a vocational or technical program below the baccalaureate level, who has no prior postsecondary experience, and is enrolled for 12 or more semester credits, or 12 or more quarter credits, or 24 or more clock hours a week each term.

In-state tuition is the tuition charged by institutions to those students who meet the state's or institution's residency requirements. In-district tuition is the tuition charged by the institution to those students residing in the locality in which they attend school and may be a lower rate than in-state tuition if offered by the institution."
Description,168,71852,GIS4G41,"The number of full-time, first-time degree/certificate-seeking undergraduate students who paid the in-state or in-district tuition rate and were awarded any Title IV federal student aid and were awarded any grant or scholarship aid from the following sources: the federal government, state/local government, or the institution. - INCOME LEVEL (75,001-110,000)

Students awarded Title IV federal student aid include students who were awarded federal grant aid or who were awarded federal work study or federal student loans.

Title IV federal student aid includes the following: 

Federal Pell Grant, Federal Supplemental Educational Opportunity Grant (FSEOG), Academic Competitiveness Grant (ACG), National Science and Mathematics Access to Retain Talent Grant (National SMART Grant), Teacher Education Assistance for College and Higher Education (TEACH) Grant ; Federal Work Study; Federal Perkins Loan, Subsidized Direct or FFEL Stafford Loan, and Unsubsidized Direct or FFEL Stafford Loan.

This variable includes Title IV recipients who were awarded grants or scholarship aid from the federal government, state/local government, or a grant or scholarship from the institution. Students that awarded grant or scholarship aid from private or other sources, or loans or Federal work study are excluded.

Income level - The income that was used by the institution’s financial aid office to determine the student’s Expected Family Contribution (EFC). For dependent students this will include the parents’ adjusted gross income and the student’s adjusted gross income. For independent students this will include the student’s adjusted gross income.

Applicable to public institutions with standard calendar systems (semester, quarter, trimester, 4-1-4) that report financial aid data for students enrolled for the FALL and awarded aid anytime during the full aid year.

Full-time, first-time degree/certificate-seeking undergraduates - A student enrolled in a 4- or 5-year bachelor's degree program, an associate's degree program, or a vocational or technical program below the baccalaureate level, who has no prior postsecondary experience, and is enrolled for 12 or more semester credits, or 12 or more quarter credits, or 24 or more clock hours a week each term.

In-state tuition is the tuition charged by institutions to those students who meet the state's or institution's residency requirements. In-district tuition is the tuition charged by the institution to those students residing in the locality in which they attend school and may be a lower rate than in-state tuition if offered by the institution."
Description,169,71857,GIS4G51,"The number of full-time, first-time degree/certificate-seeking undergraduate students who paid the in-state or in-district tuition rate and were awarded any Title IV federal student aid and were awarded any grant or scholarship aid from the following sources: the federal government, state/local government, or the institution. - INCOME LEVEL (110,001 or more)

Students awarded Title IV federal student aid include students who were awarded federal grant aid or who were awarded federal work study or federal student loans.

Title IV federal student aid includes the following: 

Federal Pell Grant, Federal Supplemental Educational Opportunity Grant (FSEOG), Academic Competitiveness Grant (ACG), National Science and Mathematics Access to Retain Talent Grant (National SMART Grant), Teacher Education Assistance for College and Higher Education (TEACH) Grant ; Federal Work Study; Federal Perkins Loan, Subsidized Direct or FFEL Stafford Loan, and Unsubsidized Direct or FFEL Stafford Loan.

This variable includes Title IV recipients who were awarded grants or scholarship aid from the federal government, state/local government, or a grant or scholarship from the institution. Students that awarded grant or scholarship aid from private or other sources, or loans or Federal work study are excluded.

Income level - The income that was used by the institution’s financial aid office to determine the student’s Expected Family Contribution (EFC). For dependent students this will include the parents’ adjusted gross income and the student’s adjusted gross income. For independent students this will include the student’s adjusted gross income.

Applicable to public institutions with standard calendar systems (semester, quarter, trimester, 4-1-4) that report financial aid data for students enrolled for the FALL and awarded aid anytime during the full aid year.

Full-time, first-time degree/certificate-seeking undergraduates - A student enrolled in a 4- or 5-year bachelor's degree program, an associate's degree program, or a vocational or technical program below the baccalaureate level, who has no prior postsecondary experience, and is enrolled for 12 or more semester credits, or 12 or more quarter credits, or 24 or more clock hours a week each term.

In-state tuition is the tuition charged by institutions to those students who meet the state's or institution's residency requirements. In-district tuition is the tuition charged by the institution to those students residing in the locality in which they attend school and may be a lower rate than in-state tuition if offered by the institution."
Description,170,71862,GIS4G0,"The number of full-time, first-time degree/certificate-seeking undergraduate students who paid the in-state or in-district tuition rate and were awarded any Title IV federal student aid and were awarded any grant or scholarship aid from the following sources: the federal government, state/local government, or the institution. 

Students awarded Title IV federal student aid include students who were awarded federal grant aid or who were awarded federal work study or federal student loans.

Title IV federal student aid includes the following: 

Federal Pell Grant, Federal Supplemental Educational Opportunity Grant (FSEOG), Academic Competitiveness Grant (ACG), National Science and Mathematics Access to Retain Talent Grant (National SMART Grant), Teacher Education Assistance for College and Higher Education (TEACH) Grant ; Federal Work Study; Federal Perkins Loan, Subsidized Direct or FFEL Stafford Loan, and Unsubsidized Direct or FFEL Stafford Loan.

This variable includes Title IV recipients who were awarded grants or scholarship aid from the federal government, state/local government, or a grant or scholarship from the institution. Students that awarded grant or scholarship aid from private or other sources, or loans or Federal work study are excluded.

Income level - The income that was used by the institution’s financial aid office to determine the student’s Expected Family Contribution (EFC). For dependent students this will include the parents’ adjusted gross income and the student’s adjusted gross income. For independent students this will include the student’s adjusted gross income.

Applicable to public institutions with standard calendar systems (semester, quarter, trimester, 4-1-4) that report financial aid data for students enrolled for the FALL and awarded aid anytime during the full aid year.

Full-time, first-time degree/certificate-seeking undergraduates - A student enrolled in a 4- or 5-year bachelor's degree program, an associate's degree program, or a vocational or technical program below the baccalaureate level, who has no prior postsecondary experience, and is enrolled for 12 or more semester credits, or 12 or more quarter credits, or 24 or more clock hours a week each term.

In-state tuition is the tuition charged by institutions to those students who meet the state's or institution's residency requirements. In-district tuition is the tuition charged by the institution to those students residing in the locality in which they attend school and may be a lower rate than in-state tuition if offered by the institution."
Description,171,71867,GIS4G10,"The number of full-time, first-time degree/certificate-seeking undergraduate students who paid the in-state or in-district tuition rate and were awarded any Title IV federal student aid and were awarded any grant or scholarship aid from the following sources: the federal government, state/local government, or the institution. - INCOME LEVEL (0-30,000)

Students awarded Title IV federal student aid include students who were awarded federal grant aid or who were awarded federal work study or federal student loans.

Title IV federal student aid includes the following: 

Federal Pell Grant, Federal Supplemental Educational Opportunity Grant (FSEOG), Academic Competitiveness Grant (ACG), National Science and Mathematics Access to Retain Talent Grant (National SMART Grant), Teacher Education Assistance for College and Higher Education (TEACH) Grant ; Federal Work Study; Federal Perkins Loan, Subsidized Direct or FFEL Stafford Loan, and Unsubsidized Direct or FFEL Stafford Loan.

This variable includes Title IV recipients who were awarded grants or scholarship aid from the federal government, state/local government, or a grant or scholarship from the institution. Students that awarded grant or scholarship aid from private or other sources, or loans or Federal work study are excluded.

Income level - The income that was used by the institution’s financial aid office to determine the student’s Expected Family Contribution (EFC). For dependent students this will include the parents’ adjusted gross income and the student’s adjusted gross income. For independent students this will include the student’s adjusted gross income.

Applicable to public institutions with standard calendar systems (semester, quarter, trimester, 4-1-4) that report financial aid data for students enrolled for the FALL and awarded aid anytime during the full aid year.

Full-time, first-time degree/certificate-seeking undergraduates - A student enrolled in a 4- or 5-year bachelor's degree program, an associate's degree program, or a vocational or technical program below the baccalaureate level, who has no prior postsecondary experience, and is enrolled for 12 or more semester credits, or 12 or more quarter credits, or 24 or more clock hours a week each term.

In-state tuition is the tuition charged by institutions to those students who meet the state's or institution's residency requirements. In-district tuition is the tuition charged by the institution to those students residing in the locality in which they attend school and may be a lower rate than in-state tuition if offered by the institution."
Description,172,71872,GIS4G20,"The number of full-time, first-time degree/certificate-seeking undergraduate students who paid the in-state or in-district tuition rate and were awarded any Title IV federal student aid and were awarded any grant or scholarship aid from the following sources: the federal government, state/local government, or the institution. - INCOME LEVEL (30,001-48,000)

Students awarded Title IV federal student aid include students who were awarded federal grant aid or who were awarded federal work study or federal student loans.

Title IV federal student aid includes the following: 

Federal Pell Grant, Federal Supplemental Educational Opportunity Grant (FSEOG), Academic Competitiveness Grant (ACG), National Science and Mathematics Access to Retain Talent Grant (National SMART Grant), Teacher Education Assistance for College and Higher Education (TEACH) Grant ; Federal Work Study; Federal Perkins Loan, Subsidized Direct or FFEL Stafford Loan, and Unsubsidized Direct or FFEL Stafford Loan.

This variable includes Title IV recipients who were awarded grants or scholarship aid from the federal government, state/local government, or a grant or scholarship from the institution. Students that awarded grant or scholarship aid from private or other sources, or loans or Federal work study are excluded.

Income level - The income that was used by the institution’s financial aid office to determine the student’s Expected Family Contribution (EFC). For dependent students this will include the parents’ adjusted gross income and the student’s adjusted gross income. For independent students this will include the student’s adjusted gross income.

Applicable to public institutions with standard calendar systems (semester, quarter, trimester, 4-1-4) that report financial aid data for students enrolled for the FALL and awarded aid anytime during the full aid year.

Full-time, first-time degree/certificate-seeking undergraduates - A student enrolled in a 4- or 5-year bachelor's degree program, an associate's degree program, or a vocational or technical program below the baccalaureate level, who has no prior postsecondary experience, and is enrolled for 12 or more semester credits, or 12 or more quarter credits, or 24 or more clock hours a week each term.

In-state tuition is the tuition charged by institutions to those students who meet the state's or institution's residency requirements. In-district tuition is the tuition charged by the institution to those students residing in the locality in which they attend school and may be a lower rate than in-state tuition if offered by the institution."
Description,173,71877,GIS4G30,"The number of full-time, first-time degree/certificate-seeking undergraduate students who paid the in-state or in-district tuition rate and were awarded any Title IV federal student aid and were awarded any grant or scholarship aid from the following sources: the federal government, state/local government, or the institution. - INCOME LEVEL (48,001-75,000)

Students awarded Title IV federal student aid include students who were awarded federal grant aid or who were awarded federal work study or federal student loans.

Title IV federal student aid includes the following: 

Federal Pell Grant, Federal Supplemental Educational Opportunity Grant (FSEOG), Academic Competitiveness Grant (ACG), National Science and Mathematics Access to Retain Talent Grant (National SMART Grant), Teacher Education Assistance for College and Higher Education (TEACH) Grant ; Federal Work Study; Federal Perkins Loan, Subsidized Direct or FFEL Stafford Loan, and Unsubsidized Direct or FFEL Stafford Loan.

This variable includes Title IV recipients who were awarded grants or scholarship aid from the federal government, state/local government, or a grant or scholarship from the institution. Students that awarded grant or scholarship aid from private or other sources, or loans or Federal work study are excluded.

Income level - The income that was used by the institution’s financial aid office to determine the student’s Expected Family Contribution (EFC). For dependent students this will include the parents’ adjusted gross income and the student’s adjusted gross income. For independent students this will include the student’s adjusted gross income.

Applicable to public institutions with standard calendar systems (semester, quarter, trimester, 4-1-4) that report financial aid data for students enrolled for the FALL and awarded aid anytime during the full aid year.

Full-time, first-time degree/certificate-seeking undergraduates - A student enrolled in a 4- or 5-year bachelor's degree program, an associate's degree program, or a vocational or technical program below the baccalaureate level, who has no prior postsecondary experience, and is enrolled for 12 or more semester credits, or 12 or more quarter credits, or 24 or more clock hours a week each term.

In-state tuition is the tuition charged by institutions to those students who meet the state's or institution's residency requirements. In-district tuition is the tuition charged by the institution to those students residing in the locality in which they attend school and may be a lower rate than in-state tuition if offered by the institution."
Description,174,71882,GIS4G40,"The number of full-time, first-time degree/certificate-seeking undergraduate students who paid the in-state or in-district tuition rate and were awarded any Title IV federal student aid and were awarded any grant or scholarship aid from the following sources: the federal government, state/local government, or the institution. - INCOME LEVEL (75,001-110,000)

Students awarded Title IV federal student aid include students who were awarded federal grant aid or who were awarded federal work study or federal student loans.

Title IV federal student aid includes the following: 

Federal Pell Grant, Federal Supplemental Educational Opportunity Grant (FSEOG), Academic Competitiveness Grant (ACG), National Science and Mathematics Access to Retain Talent Grant (National SMART Grant), Teacher Education Assistance for College and Higher Education (TEACH) Grant ; Federal Work Study; Federal Perkins Loan, Subsidized Direct or FFEL Stafford Loan, and Unsubsidized Direct or FFEL Stafford Loan.

This variable includes Title IV recipients who were awarded grants or scholarship aid from the federal government, state/local government, or a grant or scholarship from the institution. Students that awarded grant or scholarship aid from private or other sources, or loans or Federal work study are excluded.

Income level - The income that was used by the institution’s financial aid office to determine the student’s Expected Family Contribution (EFC). For dependent students this will include the parents’ adjusted gross income and the student’s adjusted gross income. For independent students this will include the student’s adjusted gross income.

Applicable to public institutions with standard calendar systems (semester, quarter, trimester, 4-1-4) that report financial aid data for students enrolled for the FALL and awarded aid anytime during the full aid year.

Full-time, first-time degree/certificate-seeking undergraduates - A student enrolled in a 4- or 5-year bachelor's degree program, an associate's degree program, or a vocational or technical program below the baccalaureate level, who has no prior postsecondary experience, and is enrolled for 12 or more semester credits, or 12 or more quarter credits, or 24 or more clock hours a week each term.

In-state tuition is the tuition charged by institutions to those students who meet the state's or institution's residency requirements. In-district tuition is the tuition charged by the institution to those students residing in the locality in which they attend school and may be a lower rate than in-state tuition if offered by the institution."
Description,175,71887,GIS4G50,"The number of full-time, first-time degree/certificate-seeking undergraduate students who paid the in-state or in-district tuition rate and were awarded any Title IV federal student aid and were awarded any grant or scholarship aid from the following sources: the federal government, state/local government, or the institution. - INCOME LEVEL (110,001 or more)

Students awarded Title IV federal student aid include students who were awarded federal grant aid or who were awarded federal work study or federal student loans.

Title IV federal student aid includes the following: 

Federal Pell Grant, Federal Supplemental Educational Opportunity Grant (FSEOG), Academic Competitiveness Grant (ACG), National Science and Mathematics Access to Retain Talent Grant (National SMART Grant), Teacher Education Assistance for College and Higher Education (TEACH) Grant ; Federal Work Study; Federal Perkins Loan, Subsidized Direct or FFEL Stafford Loan, and Unsubsidized Direct or FFEL Stafford Loan.

This variable includes Title IV recipients who were awarded grants or scholarship aid from the federal government, state/local government, or a grant or scholarship from the institution. Students that awarded grant or scholarship aid from private or other sources, or loans or Federal work study are excluded.

Income level - The income that was used by the institution’s financial aid office to determine the student’s Expected Family Contribution (EFC). For dependent students this will include the parents’ adjusted gross income and the student’s adjusted gross income. For independent students this will include the student’s adjusted gross income.

Applicable to public institutions with standard calendar systems (semester, quarter, trimester, 4-1-4) that report financial aid data for students enrolled for the FALL and awarded aid anytime during the full aid year.

Full-time, first-time degree/certificate-seeking undergraduates - A student enrolled in a 4- or 5-year bachelor's degree program, an associate's degree program, or a vocational or technical program below the baccalaureate level, who has no prior postsecondary experience, and is enrolled for 12 or more semester credits, or 12 or more quarter credits, or 24 or more clock hours a week each term.

In-state tuition is the tuition charged by institutions to those students who meet the state's or institution's residency requirements. In-district tuition is the tuition charged by the institution to those students residing in the locality in which they attend school and may be a lower rate than in-state tuition if offered by the institution."
Description,176,70711,NPIST2,"Average net price for full-time, first-time degree/certificate-seeking undergraduates paying the in-state or in-district tuition rate who were awarded grant or scholarship aid from federal, state or local governments, or the institution. Other sources of grant aid are excluded. Aid awarded anytime during the full aid year is included.

Average net price is generated by subtracting the average amount of federal, state or local government, or institutional grant and scholarship aid from the total cost of attendance.  Total cost of attendance is the sum of published tuition and required fees (lower of in-district or in-state), books and supplies and the weighted average room and board and other expenses.

The weighted average for room and board and other expenses is generated as follows:

  (amount for on-campus room, board and other expenses * # of students living on-campus. 
  +  amount for off-campus (with family) room, board and other expenses * # of students living off-campus with family
  +  amount for off-campus (not with family) room, board and other expenses * # of students living off-campus not with family)

divided by the total # of students.

Students whose living arrangements are unknown are excluded from the calculation.  For some institutions the # of students by living arrangement will be known, but dollar amounts will not be known.  In this case the # of students with no corresponding dollar amount will be excluded from the denominator.

Applicable to public institutions with standard calendar systems (semester, quarter, trimester, 4-1-4) that report financial aid data for students enrolled for the FALL and awarded aid anytime during the full aid year.

Full-time, first-time degree/certificate-seeking undergraduates - A student enrolled in a 4- or 5-year bachelor's degree program, an associate's degree program, or a vocational or technical program below the baccalaureate level, who has no prior postsecondary experience, and is enrolled for 12 or more semester credits, or 12 or more quarter credits, or 24 or more clock hours a week each term.

In-state tuition is the tuition charged by institutions to those students who meet the state's or institution's residency requirements. In-district tuition is the tuition charged by the institution to those students residing in the locality in which they attend school and may be a lower rate than in-state tuition if offered by the institution."
Description,177,70716,NPIST1,"Average net price for full-time, first-time degree/certificate-seeking undergraduates paying the in-state or in-district tuition rate who were awarded grant or scholarship aid from federal, state or local governments, or the institution. Other sources of grant aid are excluded. Aid awarded anytime during the full aid year is included.

Average net price is generated by subtracting the average amount of federal, state or local government, or institutional grant and scholarship aid from the total cost of attendance.  Total cost of attendance is the sum of published tuition and required fees (lower of in-district or in-state), books and supplies and the weighted average room and board and other expenses.

The weighted average for room and board and other expenses is generated as follows:

  (amount for on-campus room, board and other expenses * # of students living on-campus. 
  +  amount for off-campus (with family) room, board and other expenses * # of students living off-campus with family
  +  amount for off-campus (not with family) room, board and other expenses * # of students living off-campus not with family)

divided by the total # of students.

Students whose living arrangements are unknown are excluded from the calculation.  For some institutions the # of students by living arrangement will be known, but dollar amounts will not be known.  In this case the # of students with no corresponding dollar amount will be excluded from the denominator.

Applicable to public institutions with standard calendar systems (semester, quarter, trimester, 4-1-4) that report financial aid data for students enrolled for the FALL and awarded aid anytime during the full aid year.

Full-time, first-time degree/certificate-seeking undergraduates - A student enrolled in a 4- or 5-year bachelor's degree program, an associate's degree program, or a vocational or technical program below the baccalaureate level, who has no prior postsecondary experience, and is enrolled for 12 or more semester credits, or 12 or more quarter credits, or 24 or more clock hours a week each term.

In-state tuition is the tuition charged by institutions to those students who meet the state's or institution's residency requirements. In-district tuition is the tuition charged by the institution to those students residing in the locality in which they attend school and may be a lower rate than in-state tuition if offered by the institution."
Description,178,70721,NPIST0,"Average net price for full-time, first-time degree/certificate-seeking undergraduates paying the in-state or in-district tuition rate who were awarded grant or scholarship aid from federal, state or local governments, or the institution. Other sources of grant aid are excluded. Aid awarded anytime during the full aid year is included.

Average net price is generated by subtracting the average amount of federal, state or local government, or institutional grant and scholarship aid from the total cost of attendance.  Total cost of attendance is the sum of published tuition and required fees (lower of in-district or in-state), books and supplies and the weighted average room and board and other expenses.

The weighted average for room and board and other expenses is generated as follows:

  (amount for on-campus room, board and other expenses * # of students living on-campus. 
  +  amount for off-campus (with family) room, board and other expenses * # of students living off-campus with family
  +  amount for off-campus (not with family) room, board and other expenses * # of students living off-campus not with family)

divided by the total # of students.

Students whose living arrangements are unknown are excluded from the calculation.  For some institutions the # of students by living arrangement will be known, but dollar amounts will not be known.  In this case the # of students with no corresponding dollar amount will be excluded from the denominator.

Applicable to public institutions with standard calendar systems (semester, quarter, trimester, 4-1-4) that report financial aid data for students enrolled for the FALL and awarded aid anytime during the full aid year.

Full-time, first-time degree/certificate-seeking undergraduates - A student enrolled in a 4- or 5-year bachelor's degree program, an associate's degree program, or a vocational or technical program below the baccalaureate level, who has no prior postsecondary experience, and is enrolled for 12 or more semester credits, or 12 or more quarter credits, or 24 or more clock hours a week each term.

In-state tuition is the tuition charged by institutions to those students who meet the state's or institution's residency requirements. In-district tuition is the tuition charged by the institution to those students residing in the locality in which they attend school and may be a lower rate than in-state tuition if offered by the institution."
Description,179,70726,NPIS412,"Average net price for full-time, first-time degree/certificate-seeking undergraduates paying the in-state or in-district tuition rate who were awarded title IV federal student aid - INCOME LEVEL (0-30,000).  Title IV federal student aid, includes federal grants or federal student loans. 

Average net price is generated by subtracting the average amount of federal, state or local government, or institutional grant and scholarship aid from the total cost of attendance.  Total cost of attendance is the sum of published tuition and required fees (lower of in-district or in-state), books and supplies and the weighted average room and board and other expenses.

The weighted average for room and board and other expenses is generated as follows:

  (amount for on-campus room, board and other expenses * # of students living on-campus. 
  +  amount for off-campus (with family) room, board and other expenses * # of students living off-campus with family
  +  amount for off-campus (not with family) room, board and other expenses * # of students living off-campus not with family)

divided by the total # of students.

Students whose living arrangements are unknown are excluded from the calculation.  For some institutions the # of students by living arrangement will be known, but dollar amounts will not be known.  In this case the # of students with no corresponding dollar amount will be excluded from the denominator.

Applicable to public institutions with standard calendar systems (semester, quarter, trimester, 4-1-4) that report financial aid data for students enrolled for the FALL and awarded aid anytime during the full aid year.

Title IV aid to students includes grant aid, work study aid, and loan aid. These include: Federal Pell Grant, Federal Supplemental Educational Opportunity Grant (FSEOG), Academic Competitiveness Grant (ACG), National Science and Mathematics Access to Retain Talent Grant (National SMART Grant), Teacher Education Assistance for College and Higher Education (TEACH) Grant, Federal Work-Study, Federal Perkins Loan, Subsidized Direct or FFEL Stafford Loan, and Unsubsidized Direct or FFEL Stafford Loan.

Full-time, first-time degree/certificate-seeking undergraduates - A student enrolled in a 4- or 5-year bachelor's degree program, an associate's degree program, or a vocational or technical program below the baccalaureate level, who has no prior postsecondary experience, and is enrolled for 12 or more semester credits, or 12 or more quarter credits, or 24 or more clock hours a week each term.

In-state tuition is the tuition charged by institutions to those students who meet the state's or institution's residency requirements. In-district tuition is the tuition charged by the institution to those students residing in the locality in which they attend school and may be a lower rate than in-state tuition if offered by the institution."
Description,180,70731,NPIS422,"Average net price for full-time, first-time degree/certificate-seeking undergraduates paying the in-state or in-district tuition rate who were awarded title IV federal student aid - INCOME LEVEL (30,001-48,000).  Title IV federal student aid, includes federal grants or federal student loans. 

Average net price is generated by subtracting the average amount of federal, state or local government, or institutional grant and scholarship aid from the total cost of attendance.  Total cost of attendance is the sum of published tuition and required fees (lower of in-district or in-state), books and supplies and the weighted average room and board and other expenses.

The weighted average for room and board and other expenses is generated as follows:

  (amount for on-campus room, board and other expenses * # of students living on-campus. 
  +  amount for off-campus (with family) room, board and other expenses * # of students living off-campus with family
  +  amount for off-campus (not with family) room, board and other expenses * # of students living off-campus not with family)

divided by the total # of students.

Students whose living arrangements are unknown are excluded from the calculation.  For some institutions the # of students by living arrangement will be known, but dollar amounts will not be known.  In this case the # of students with no corresponding dollar amount will be excluded from the denominator.

Applicable to public institutions with standard calendar systems (semester, quarter, trimester, 4-1-4) that report financial aid data for students enrolled for the FALL and awarded aid anytime during the full aid year.

Title IV aid to students includes grant aid, work study aid, and loan aid. These include: Federal Pell Grant, Federal Supplemental Educational Opportunity Grant (FSEOG), Academic Competitiveness Grant (ACG), National Science and Mathematics Access to Retain Talent Grant (National SMART Grant), Teacher Education Assistance for College and Higher Education (TEACH) Grant, Federal Work-Study, Federal Perkins Loan, Subsidized Direct or FFEL Stafford Loan, and Unsubsidized Direct or FFEL Stafford Loan.

Full-time, first-time degree/certificate-seeking undergraduates - A student enrolled in a 4- or 5-year bachelor's degree program, an associate's degree program, or a vocational or technical program below the baccalaureate level, who has no prior postsecondary experience, and is enrolled for 12 or more semester credits, or 12 or more quarter credits, or 24 or more clock hours a week each term.

In-state tuition is the tuition charged by institutions to those students who meet the state's or institution's residency requirements. In-district tuition is the tuition charged by the institution to those students residing in the locality in which they attend school and may be a lower rate than in-state tuition if offered by the institution."
Description,181,70736,NPIS432,"Average net price for full-time, first-time degree/certificate-seeking undergraduates paying the in-state or in-district tuition rate who were awarded title IV federal student aid - INCOME LEVEL (48,001-75,000).  Title IV federal student aid, includes federal grants or federal student loans. 

Average net price is generated by subtracting the average amount of federal, state or local government, or institutional grant and scholarship aid from the total cost of attendance.  Total cost of attendance is the sum of published tuition and required fees (lower of in-district or in-state), books and supplies and the weighted average room and board and other expenses.

The weighted average for room and board and other expenses is generated as follows:

  (amount for on-campus room, board and other expenses * # of students living on-campus. 
  +  amount for off-campus (with family) room, board and other expenses * # of students living off-campus with family
  +  amount for off-campus (not with family) room, board and other expenses * # of students living off-campus not with family)

divided by the total # of students.

Students whose living arrangements are unknown are excluded from the calculation.  For some institutions the # of students by living arrangement will be known, but dollar amounts will not be known.  In this case the # of students with no corresponding dollar amount will be excluded from the denominator.

Applicable to public institutions with standard calendar systems (semester, quarter, trimester, 4-1-4) that report financial aid data for students enrolled for the FALL and awarded aid anytime during the full aid year.

Title IV aid to students includes grant aid, work study aid, and loan aid. These include: Federal Pell Grant, Federal Supplemental Educational Opportunity Grant (FSEOG), Academic Competitiveness Grant (ACG), National Science and Mathematics Access to Retain Talent Grant (National SMART Grant), Teacher Education Assistance for College and Higher Education (TEACH) Grant, Federal Work-Study, Federal Perkins Loan, Subsidized Direct or FFEL Stafford Loan, and Unsubsidized Direct or FFEL Stafford Loan.


Full-time, first-time degree/certificate-seeking undergraduates - A student enrolled in a 4- or 5-year bachelor's degree program, an associate's degree program, or a vocational or technical program below the baccalaureate level, who has no prior postsecondary experience, and is enrolled for 12 or more semester credits, or 12 or more quarter credits, or 24 or more clock hours a week each term.

In-state tuition is the tuition charged by institutions to those students who meet the state's or institution's residency requirements. In-district tuition is the tuition charged by the institution to those students residing in the locality in which they attend school and may be a lower rate than in-state tuition if offered by the institution."
Description,182,70741,NPIS442,"Average net price for full-time, first-time degree/certificate-seeking undergraduates paying the in-state or in-district tuition rate who were awarded title IV federal student aid - INCOME LEVEL (75,001-110,000).  Title IV federal student aid, includes federal grants or federal student loans. 

Average net price is generated by subtracting the average amount of federal, state or local government, or institutional grant and scholarship aid from the total cost of attendance.  Total cost of attendance is the sum of published tuition and required fees (lower of in-district or in-state), books and supplies and the weighted average room and board and other expenses.

The weighted average for room and board and other expenses is generated as follows:

  (amount for on-campus room, board and other expenses * # of students living on-campus. 
  +  amount for off-campus (with family) room, board and other expenses * # of students living off-campus with family
  +  amount for off-campus (not with family) room, board and other expenses * # of students living off-campus not with family)

divided by the total # of students.

Students whose living arrangements are unknown are excluded from the calculation.  For some institutions the # of students by living arrangement will be known, but dollar amounts will not be known.  In this case the # of students with no corresponding dollar amount will be excluded from the denominator.

Applicable to public institutions with standard calendar systems (semester, quarter, trimester, 4-1-4) that report financial aid data for students enrolled for the FALL and awarded aid anytime during the full aid year.

Title IV aid to students includes grant aid, work study aid, and loan aid. These include: Federal Pell Grant, Federal Supplemental Educational Opportunity Grant (FSEOG), Academic Competitiveness Grant (ACG), National Science and Mathematics Access to Retain Talent Grant (National SMART Grant), Teacher Education Assistance for College and Higher Education (TEACH) Grant, Federal Work-Study, Federal Perkins Loan, Subsidized Direct or FFEL Stafford Loan, and Unsubsidized Direct or FFEL Stafford Loan.

Full-time, first-time degree/certificate-seeking undergraduates - A student enrolled in a 4- or 5-year bachelor's degree program, an associate's degree program, or a vocational or technical program below the baccalaureate level, who has no prior postsecondary experience, and is enrolled for 12 or more semester credits, or 12 or more quarter credits, or 24 or more clock hours a week each term.

In-state tuition is the tuition charged by institutions to those students who meet the state's or institution's residency requirements. In-district tuition is the tuition charged by the institution to those students residing in the locality in which they attend school and may be a lower rate than in-state tuition if offered by the institution."
Description,183,70746,NPIS452,"Average net price for full-time, first-time degree/certificate-seeking undergraduates paying the in-state or in-district tuition rate who were awarded title IV federal student aid - INCOME LEVEL (110,001 or more).  Title IV federal student aid, includes federal grants or federal student loans. 

Average net price is generated by subtracting the average amount of federal, state or local government, or institutional grant and scholarship aid from the total cost of attendance.  Total cost of attendance is the sum of published tuition and required fees (lower of in-district or in-state), books and supplies and the weighted average room and board and other expenses.

The weighted average for room and board and other expenses is generated as follows:

  (amount for on-campus room, board and other expenses * # of students living on-campus. 
  +  amount for off-campus (with family) room, board and other expenses * # of students living off-campus with family
  +  amount for off-campus (not with family) room, board and other expenses * # of students living off-campus not with family)

divided by the total # of students.

Students whose living arrangements are unknown are excluded from the calculation.  For some institutions the # of students by living arrangement will be known, but dollar amounts will not be known.  In this case the # of students with no corresponding dollar amount will be excluded from the denominator.

Applicable to public institutions with standard calendar systems (semester, quarter, trimester, 4-1-4) that report financial aid data for students enrolled for the FALL and awarded aid anytime during the full aid year.

Title IV aid to students includes grant aid, work study aid, and loan aid. These include: Federal Pell Grant, Federal Supplemental Educational Opportunity Grant (FSEOG), Academic Competitiveness Grant (ACG), National Science and Mathematics Access to Retain Talent Grant (National SMART Grant), Teacher Education Assistance for College and Higher Education (TEACH) Grant, Federal Work-Study, Federal Perkins Loan, Subsidized Direct or FFEL Stafford Loan, and Unsubsidized Direct or FFEL Stafford Loan.

Full-time, first-time degree/certificate-seeking undergraduates - A student enrolled in a 4- or 5-year bachelor's degree program, an associate's degree program, or a vocational or technical program below the baccalaureate level, who has no prior postsecondary experience, and is enrolled for 12 or more semester credits, or 12 or more quarter credits, or 24 or more clock hours a week each term.

In-state tuition is the tuition charged by institutions to those students who meet the state's or institution's residency requirements. In-district tuition is the tuition charged by the institution to those students residing in the locality in which they attend school and may be a lower rate than in-state tuition if offered by the institution."
Description,184,71216,NPIS411,"Average net price for full-time, first-time degree/certificate-seeking undergraduates paying the in-state or in-district tuition rate who were awarded title IV federal student aid - INCOME LEVEL (0-30,000).  Title IV federal student aid, includes federal grants or federal student loans. 

Average net price is generated by subtracting the average amount of federal, state or local government, or institutional grant and scholarship aid from the total cost of attendance.  Total cost of attendance is the sum of published tuition and required fees (lower of in-district or in-state), books and supplies and the weighted average room and board and other expenses.

The weighted average for room and board and other expenses is generated as follows:

  (amount for on-campus room, board and other expenses * # of students living on-campus. 
  +  amount for off-campus (with family) room, board and other expenses * # of students living off-campus with family
  +  amount for off-campus (not with family) room, board and other expenses * # of students living off-campus not with family)

divided by the total # of students.

Students whose living arrangements are unknown are excluded from the calculation.  For some institutions the # of students by living arrangement will be known, but dollar amounts will not be known.  In this case the # of students with no corresponding dollar amount will be excluded from the denominator.

Applicable to public institutions with standard calendar systems (semester, quarter, trimester, 4-1-4) that report financial aid data for students enrolled for the FALL and awarded aid anytime during the full aid year.

Title IV aid to students includes grant aid, work study aid, and loan aid. These include: Federal Pell Grant, Federal Supplemental Educational Opportunity Grant (FSEOG), Academic Competitiveness Grant (ACG), National Science and Mathematics Access to Retain Talent Grant (National SMART Grant), Teacher Education Assistance for College and Higher Education (TEACH) Grant, Federal Work-Study, Federal Perkins Loan, Subsidized Direct or FFEL Stafford Loan, and Unsubsidized Direct or FFEL Stafford Loan.

Full-time, first-time degree/certificate-seeking undergraduates - A student enrolled in a 4- or 5-year bachelor's degree program, an associate's degree program, or a vocational or technical program below the baccalaureate level, who has no prior postsecondary experience, and is enrolled for 12 or more semester credits, or 12 or more quarter credits, or 24 or more clock hours a week each term.

In-state tuition is the tuition charged by institutions to those students who meet the state's or institution's residency requirements. In-district tuition is the tuition charged by the institution to those students residing in the locality in which they attend school and may be a lower rate than in-state tuition if offered by the institution."
Description,185,71221,NPIS421,"Average net price for full-time, first-time degree/certificate-seeking undergraduates paying the in-state or in-district tuition rate who were awarded title IV federal student aid - INCOME LEVEL (30,001-48,000).  Title IV federal student aid, includes federal grants or federal student loans. 

Average net price is generated by subtracting the average amount of federal, state or local government, or institutional grant and scholarship aid from the total cost of attendance.  Total cost of attendance is the sum of published tuition and required fees (lower of in-district or in-state), books and supplies and the weighted average room and board and other expenses.

The weighted average for room and board and other expenses is generated as follows:

  (amount for on-campus room, board and other expenses * # of students living on-campus. 
  +  amount for off-campus (with family) room, board and other expenses * # of students living off-campus with family
  +  amount for off-campus (not with family) room, board and other expenses * # of students living off-campus not with family)

divided by the total # of students.

Students whose living arrangements are unknown are excluded from the calculation.  For some institutions the # of students by living arrangement will be known, but dollar amounts will not be known.  In this case the # of students with no corresponding dollar amount will be excluded from the denominator.

Applicable to public institutions with standard calendar systems (semester, quarter, trimester, 4-1-4) that report financial aid data for students enrolled for the FALL and awarded aid anytime during the full aid year.

Title IV aid to students includes grant aid, work study aid, and loan aid. These include: Federal Pell Grant, Federal Supplemental Educational Opportunity Grant (FSEOG), Academic Competitiveness Grant (ACG), National Science and Mathematics Access to Retain Talent Grant (National SMART Grant), Teacher Education Assistance for College and Higher Education (TEACH) Grant, Federal Work-Study, Federal Perkins Loan, Subsidized Direct or FFEL Stafford Loan, and Unsubsidized Direct or FFEL Stafford Loan.

Full-time, first-time degree/certificate-seeking undergraduates - A student enrolled in a 4- or 5-year bachelor's degree program, an associate's degree program, or a vocational or technical program below the baccalaureate level, who has no prior postsecondary experience, and is enrolled for 12 or more semester credits, or 12 or more quarter credits, or 24 or more clock hours a week each term.

In-state tuition is the tuition charged by institutions to those students who meet the state's or institution's residency requirements. In-district tuition is the tuition charged by the institution to those students residing in the locality in which they attend school and may be a lower rate than in-state tuition if offered by the institution."
Description,186,71226,NPIS431,"Average net price for full-time, first-time degree/certificate-seeking undergraduates paying the in-state or in-district tuition rate who were awarded title IV federal student aid - INCOME LEVEL (48,001-75,000).  Title IV federal student aid, includes federal grants or federal student loans. 

Average net price is generated by subtracting the average amount of federal, state or local government, or institutional grant and scholarship aid from the total cost of attendance.  Total cost of attendance is the sum of published tuition and required fees (lower of in-district or in-state), books and supplies and the weighted average room and board and other expenses.

The weighted average for room and board and other expenses is generated as follows:

  (amount for on-campus room, board and other expenses * # of students living on-campus. 
  +  amount for off-campus (with family) room, board and other expenses * # of students living off-campus with family
  +  amount for off-campus (not with family) room, board and other expenses * # of students living off-campus not with family)

divided by the total # of students.

Students whose living arrangements are unknown are excluded from the calculation.  For some institutions the # of students by living arrangement will be known, but dollar amounts will not be known.  In this case the # of students with no corresponding dollar amount will be excluded from the denominator.

Applicable to public institutions with standard calendar systems (semester, quarter, trimester, 4-1-4) that report financial aid data for students enrolled for the FALL and awarded aid anytime during the full aid year.

Title IV aid to students includes grant aid, work study aid, and loan aid. These include: Federal Pell Grant, Federal Supplemental Educational Opportunity Grant (FSEOG), Academic Competitiveness Grant (ACG), National Science and Mathematics Access to Retain Talent Grant (National SMART Grant), Teacher Education Assistance for College and Higher Education (TEACH) Grant, Federal Work-Study, Federal Perkins Loan, Subsidized Direct or FFEL Stafford Loan, and Unsubsidized Direct or FFEL Stafford Loan.


Full-time, first-time degree/certificate-seeking undergraduates - A student enrolled in a 4- or 5-year bachelor's degree program, an associate's degree program, or a vocational or technical program below the baccalaureate level, who has no prior postsecondary experience, and is enrolled for 12 or more semester credits, or 12 or more quarter credits, or 24 or more clock hours a week each term.

In-state tuition is the tuition charged by institutions to those students who meet the state's or institution's residency requirements. In-district tuition is the tuition charged by the institution to those students residing in the locality in which they attend school and may be a lower rate than in-state tuition if offered by the institution."
Description,187,71231,NPIS441,"Average net price for full-time, first-time degree/certificate-seeking undergraduates paying the in-state or in-district tuition rate who were awarded title IV federal student aid - INCOME LEVEL (75,001-110,000).  Title IV federal student aid, includes federal grants or federal student loans. 

Average net price is generated by subtracting the average amount of federal, state or local government, or institutional grant and scholarship aid from the total cost of attendance.  Total cost of attendance is the sum of published tuition and required fees (lower of in-district or in-state), books and supplies and the weighted average room and board and other expenses.

The weighted average for room and board and other expenses is generated as follows:

  (amount for on-campus room, board and other expenses * # of students living on-campus. 
  +  amount for off-campus (with family) room, board and other expenses * # of students living off-campus with family
  +  amount for off-campus (not with family) room, board and other expenses * # of students living off-campus not with family)

divided by the total # of students.

Students whose living arrangements are unknown are excluded from the calculation.  For some institutions the # of students by living arrangement will be known, but dollar amounts will not be known.  In this case the # of students with no corresponding dollar amount will be excluded from the denominator.

Applicable to public institutions with standard calendar systems (semester, quarter, trimester, 4-1-4) that report financial aid data for students enrolled for the FALL and awarded aid anytime during the full aid year.

Title IV aid to students includes grant aid, work study aid, and loan aid. These include: Federal Pell Grant, Federal Supplemental Educational Opportunity Grant (FSEOG), Academic Competitiveness Grant (ACG), National Science and Mathematics Access to Retain Talent Grant (National SMART Grant), Teacher Education Assistance for College and Higher Education (TEACH) Grant, Federal Work-Study, Federal Perkins Loan, Subsidized Direct or FFEL Stafford Loan, and Unsubsidized Direct or FFEL Stafford Loan.

Full-time, first-time degree/certificate-seeking undergraduates - A student enrolled in a 4- or 5-year bachelor's degree program, an associate's degree program, or a vocational or technical program below the baccalaureate level, who has no prior postsecondary experience, and is enrolled for 12 or more semester credits, or 12 or more quarter credits, or 24 or more clock hours a week each term.

In-state tuition is the tuition charged by institutions to those students who meet the state's or institution's residency requirements. In-district tuition is the tuition charged by the institution to those students residing in the locality in which they attend school and may be a lower rate than in-state tuition if offered by the institution."
Description,188,71236,NPIS451,"Average net price for full-time, first-time degree/certificate-seeking undergraduates paying the in-state or in-district tuition rate who were awarded title IV federal student aid - INCOME LEVEL (110,001 or more).  Title IV federal student aid, includes federal grants or federal student loans. 

Average net price is generated by subtracting the average amount of federal, state or local government, or institutional grant and scholarship aid from the total cost of attendance.  Total cost of attendance is the sum of published tuition and required fees (lower of in-district or in-state), books and supplies and the weighted average room and board and other expenses.

The weighted average for room and board and other expenses is generated as follows:

  (amount for on-campus room, board and other expenses * # of students living on-campus. 
  +  amount for off-campus (with family) room, board and other expenses * # of students living off-campus with family
  +  amount for off-campus (not with family) room, board and other expenses * # of students living off-campus not with family)

divided by the total # of students.

Students whose living arrangements are unknown are excluded from the calculation.  For some institutions the # of students by living arrangement will be known, but dollar amounts will not be known.  In this case the # of students with no corresponding dollar amount will be excluded from the denominator.

Applicable to public institutions with standard calendar systems (semester, quarter, trimester, 4-1-4) that report financial aid data for students enrolled for the FALL and awarded aid anytime during the full aid year.

Title IV aid to students includes grant aid, work study aid, and loan aid. These include: Federal Pell Grant, Federal Supplemental Educational Opportunity Grant (FSEOG), Academic Competitiveness Grant (ACG), National Science and Mathematics Access to Retain Talent Grant (National SMART Grant), Teacher Education Assistance for College and Higher Education (TEACH) Grant, Federal Work-Study, Federal Perkins Loan, Subsidized Direct or FFEL Stafford Loan, and Unsubsidized Direct or FFEL Stafford Loan.

Full-time, first-time degree/certificate-seeking undergraduates - A student enrolled in a 4- or 5-year bachelor's degree program, an associate's degree program, or a vocational or technical program below the baccalaureate level, who has no prior postsecondary experience, and is enrolled for 12 or more semester credits, or 12 or more quarter credits, or 24 or more clock hours a week each term.

In-state tuition is the tuition charged by institutions to those students who meet the state's or institution's residency requirements. In-district tuition is the tuition charged by the institution to those students residing in the locality in which they attend school and may be a lower rate than in-state tuition if offered by the institution."
Description,189,71516,NPIS410,"Average net price for full-time, first-time degree/certificate-seeking undergraduates paying the in-state or in-district tuition rate who were awarded title IV federal student aid - INCOME LEVEL (0-30,000).  Title IV federal student aid, includes federal grants or federal student loans. 

Average net price is generated by subtracting the average amount of federal, state or local government, or institutional grant and scholarship aid from the total cost of attendance.  Total cost of attendance is the sum of published tuition and required fees (lower of in-district or in-state), books and supplies and the weighted average room and board and other expenses.

The weighted average for room and board and other expenses is generated as follows:

  (amount for on-campus room, board and other expenses * # of students living on-campus. 
  +  amount for off-campus (with family) room, board and other expenses * # of students living off-campus with family
  +  amount for off-campus (not with family) room, board and other expenses * # of students living off-campus not with family)

divided by the total # of students.

Students whose living arrangements are unknown are excluded from the calculation.  For some institutions the # of students by living arrangement will be known, but dollar amounts will not be known.  In this case the # of students with no corresponding dollar amount will be excluded from the denominator.

Applicable to public institutions with standard calendar systems (semester, quarter, trimester, 4-1-4) that report financial aid data for students enrolled for the FALL and awarded aid anytime during the full aid year.

Title IV aid to students includes grant aid, work study aid, and loan aid. These include: Federal Pell Grant, Federal Supplemental Educational Opportunity Grant (FSEOG), Academic Competitiveness Grant (ACG), National Science and Mathematics Access to Retain Talent Grant (National SMART Grant), Teacher Education Assistance for College and Higher Education (TEACH) Grant, Federal Work-Study, Federal Perkins Loan, Subsidized Direct or FFEL Stafford Loan, and Unsubsidized Direct or FFEL Stafford Loan.

Full-time, first-time degree/certificate-seeking undergraduates - A student enrolled in a 4- or 5-year bachelor's degree program, an associate's degree program, or a vocational or technical program below the baccalaureate level, who has no prior postsecondary experience, and is enrolled for 12 or more semester credits, or 12 or more quarter credits, or 24 or more clock hours a week each term.

In-state tuition is the tuition charged by institutions to those students who meet the state's or institution's residency requirements. In-district tuition is the tuition charged by the institution to those students residing in the locality in which they attend school and may be a lower rate than in-state tuition if offered by the institution."
Description,190,71521,NPIS420,"Average net price for full-time, first-time degree/certificate-seeking undergraduates paying the in-state or in-district tuition rate who were awarded title IV federal student aid - INCOME LEVEL (30,001-48,000).  Title IV federal student aid, includes federal grants or federal student loans. 

Average net price is generated by subtracting the average amount of federal, state or local government, or institutional grant and scholarship aid from the total cost of attendance.  Total cost of attendance is the sum of published tuition and required fees (lower of in-district or in-state), books and supplies and the weighted average room and board and other expenses.

The weighted average for room and board and other expenses is generated as follows:

  (amount for on-campus room, board and other expenses * # of students living on-campus. 
  +  amount for off-campus (with family) room, board and other expenses * # of students living off-campus with family
  +  amount for off-campus (not with family) room, board and other expenses * # of students living off-campus not with family)

divided by the total # of students.

Students whose living arrangements are unknown are excluded from the calculation.  For some institutions the # of students by living arrangement will be known, but dollar amounts will not be known.  In this case the # of students with no corresponding dollar amount will be excluded from the denominator.

Applicable to public institutions with standard calendar systems (semester, quarter, trimester, 4-1-4) that report financial aid data for students enrolled for the FALL and awarded aid anytime during the full aid year.

Title IV aid to students includes grant aid, work study aid, and loan aid. These include: Federal Pell Grant, Federal Supplemental Educational Opportunity Grant (FSEOG), Academic Competitiveness Grant (ACG), National Science and Mathematics Access to Retain Talent Grant (National SMART Grant), Teacher Education Assistance for College and Higher Education (TEACH) Grant, Federal Work-Study, Federal Perkins Loan, Subsidized Direct or FFEL Stafford Loan, and Unsubsidized Direct or FFEL Stafford Loan.

Full-time, first-time degree/certificate-seeking undergraduates - A student enrolled in a 4- or 5-year bachelor's degree program, an associate's degree program, or a vocational or technical program below the baccalaureate level, who has no prior postsecondary experience, and is enrolled for 12 or more semester credits, or 12 or more quarter credits, or 24 or more clock hours a week each term.

In-state tuition is the tuition charged by institutions to those students who meet the state's or institution's residency requirements. In-district tuition is the tuition charged by the institution to those students residing in the locality in which they attend school and may be a lower rate than in-state tuition if offered by the institution."
Description,191,71526,NPIS430,"Average net price for full-time, first-time degree/certificate-seeking undergraduates paying the in-state or in-district tuition rate who were awarded title IV federal student aid - INCOME LEVEL (48,001-75,000).  Title IV federal student aid, includes federal grants or federal student loans. 

Average net price is generated by subtracting the average amount of federal, state or local government, or institutional grant and scholarship aid from the total cost of attendance.  Total cost of attendance is the sum of published tuition and required fees (lower of in-district or in-state), books and supplies and the weighted average room and board and other expenses.

The weighted average for room and board and other expenses is generated as follows:

  (amount for on-campus room, board and other expenses * # of students living on-campus. 
  +  amount for off-campus (with family) room, board and other expenses * # of students living off-campus with family
  +  amount for off-campus (not with family) room, board and other expenses * # of students living off-campus not with family)

divided by the total # of students.

Students whose living arrangements are unknown are excluded from the calculation.  For some institutions the # of students by living arrangement will be known, but dollar amounts will not be known.  In this case the # of students with no corresponding dollar amount will be excluded from the denominator.

Applicable to public institutions with standard calendar systems (semester, quarter, trimester, 4-1-4) that report financial aid data for students enrolled for the FALL and awarded aid anytime during the full aid year.

Title IV aid to students includes grant aid, work study aid, and loan aid. These include: Federal Pell Grant, Federal Supplemental Educational Opportunity Grant (FSEOG), Academic Competitiveness Grant (ACG), National Science and Mathematics Access to Retain Talent Grant (National SMART Grant), Teacher Education Assistance for College and Higher Education (TEACH) Grant, Federal Work-Study, Federal Perkins Loan, Subsidized Direct or FFEL Stafford Loan, and Unsubsidized Direct or FFEL Stafford Loan.


Full-time, first-time degree/certificate-seeking undergraduates - A student enrolled in a 4- or 5-year bachelor's degree program, an associate's degree program, or a vocational or technical program below the baccalaureate level, who has no prior postsecondary experience, and is enrolled for 12 or more semester credits, or 12 or more quarter credits, or 24 or more clock hours a week each term.

In-state tuition is the tuition charged by institutions to those students who meet the state's or institution's residency requirements. In-district tuition is the tuition charged by the institution to those students residing in the locality in which they attend school and may be a lower rate than in-state tuition if offered by the institution."
Description,192,71531,NPIS440,"Average net price for full-time, first-time degree/certificate-seeking undergraduates paying the in-state or in-district tuition rate who were awarded title IV federal student aid - INCOME LEVEL (75,001-110,000).  Title IV federal student aid, includes federal grants or federal student loans. 

Average net price is generated by subtracting the average amount of federal, state or local government, or institutional grant and scholarship aid from the total cost of attendance.  Total cost of attendance is the sum of published tuition and required fees (lower of in-district or in-state), books and supplies and the weighted average room and board and other expenses.

The weighted average for room and board and other expenses is generated as follows:

  (amount for on-campus room, board and other expenses * # of students living on-campus. 
  +  amount for off-campus (with family) room, board and other expenses * # of students living off-campus with family
  +  amount for off-campus (not with family) room, board and other expenses * # of students living off-campus not with family)

divided by the total # of students.

Students whose living arrangements are unknown are excluded from the calculation.  For some institutions the # of students by living arrangement will be known, but dollar amounts will not be known.  In this case the # of students with no corresponding dollar amount will be excluded from the denominator.

Applicable to public institutions with standard calendar systems (semester, quarter, trimester, 4-1-4) that report financial aid data for students enrolled for the FALL and awarded aid anytime during the full aid year.

Title IV aid to students includes grant aid, work study aid, and loan aid. These include: Federal Pell Grant, Federal Supplemental Educational Opportunity Grant (FSEOG), Academic Competitiveness Grant (ACG), National Science and Mathematics Access to Retain Talent Grant (National SMART Grant), Teacher Education Assistance for College and Higher Education (TEACH) Grant, Federal Work-Study, Federal Perkins Loan, Subsidized Direct or FFEL Stafford Loan, and Unsubsidized Direct or FFEL Stafford Loan.

Full-time, first-time degree/certificate-seeking undergraduates - A student enrolled in a 4- or 5-year bachelor's degree program, an associate's degree program, or a vocational or technical program below the baccalaureate level, who has no prior postsecondary experience, and is enrolled for 12 or more semester credits, or 12 or more quarter credits, or 24 or more clock hours a week each term.

In-state tuition is the tuition charged by institutions to those students who meet the state's or institution's residency requirements. In-district tuition is the tuition charged by the institution to those students residing in the locality in which they attend school and may be a lower rate than in-state tuition if offered by the institution."
Description,193,71536,NPIS450,"Average net price for full-time, first-time degree/certificate-seeking undergraduates paying the in-state or in-district tuition rate who were awarded title IV federal student aid - INCOME LEVEL (110,001 or more).  Title IV federal student aid, includes federal grants or federal student loans. 

Average net price is generated by subtracting the average amount of federal, state or local government, or institutional grant and scholarship aid from the total cost of attendance.  Total cost of attendance is the sum of published tuition and required fees (lower of in-district or in-state), books and supplies and the weighted average room and board and other expenses.

The weighted average for room and board and other expenses is generated as follows:

  (amount for on-campus room, board and other expenses * # of students living on-campus. 
  +  amount for off-campus (with family) room, board and other expenses * # of students living off-campus with family
  +  amount for off-campus (not with family) room, board and other expenses * # of students living off-campus not with family)

divided by the total # of students.

Students whose living arrangements are unknown are excluded from the calculation.  For some institutions the # of students by living arrangement will be known, but dollar amounts will not be known.  In this case the # of students with no corresponding dollar amount will be excluded from the denominator.

Applicable to public institutions with standard calendar systems (semester, quarter, trimester, 4-1-4) that report financial aid data for students enrolled for the FALL and awarded aid anytime during the full aid year.

Title IV aid to students includes grant aid, work study aid, and loan aid. These include: Federal Pell Grant, Federal Supplemental Educational Opportunity Grant (FSEOG), Academic Competitiveness Grant (ACG), National Science and Mathematics Access to Retain Talent Grant (National SMART Grant), Teacher Education Assistance for College and Higher Education (TEACH) Grant, Federal Work-Study, Federal Perkins Loan, Subsidized Direct or FFEL Stafford Loan, and Unsubsidized Direct or FFEL Stafford Loan.

Full-time, first-time degree/certificate-seeking undergraduates - A student enrolled in a 4- or 5-year bachelor's degree program, an associate's degree program, or a vocational or technical program below the baccalaureate level, who has no prior postsecondary experience, and is enrolled for 12 or more semester credits, or 12 or more quarter credits, or 24 or more clock hours a week each term.

In-state tuition is the tuition charged by institutions to those students who meet the state's or institution's residency requirements. In-district tuition is the tuition charged by the institution to those students residing in the locality in which they attend school and may be a lower rate than in-state tuition if offered by the institution."
Description,194,70751,GRNTN2,"Total number of full-time, first-time degree/certificate-seeking undergraduates who were awarded grant or scholarship aid from federal, state or local governments, or the institution.  Students awarded only other sources of grant aid are excluded.

Applicable to private not-for-profit and for-profit institutions with standard calendar systems (semester, quarter, trimester, 4-1-4) that report financial aid data for students enrolled for the FALL and awarded aid anytime during the full aid year.

Also, applicable to public or private institutions that measure courses primarily by clock hours, or offers primarily occupational programs measured in credit hours with calendar systems that are continuous or differs by programs. These institutions report financial aid data for  students enrolled between the 12-month period (September 1 through August 31) and awarded aid anytime during the full aid year.

Full-time, first-time degree/certificate-seeking undergraduates - A student enrolled in a 4- or 5-year bachelor's degree program, an associate's degree program, or a vocational or technical program below the baccalaureate level, who has no prior postsecondary experience, and is enrolled for 12 or more semester credits, or 12 or more quarter credits, or 24 or more clock hours a week each term."
Description,195,70756,GRNTON2,"Total number of full-time, first-time degree/certificate-seeking undergraduates LIVING ON-CAMPUS, who were awarded grant or scholarship aid from federal, state or local governments, or the institution.  Students awarded only other sources of grant aid are excluded.

Applicable to private not-for-profit and for-profit institutions with standard calendar systems (semester, quarter, trimester, 4-1-4) that report financial aid data for students enrolled for the FALL and awarded aid anytime during the full aid year.

Also, applicable to public or private institutions that measure courses primarily by clock hours, or offers primarily occupational programs measured in credit hours with calendar systems that are continuous or differs by programs. These institutions report financial aid data for  students enrolled between the 12-month period (September 1 through August 31) and awarded aid anytime during the full aid year.

Full-time, first-time degree/certificate-seeking undergraduates - A student enrolled in a 4- or 5-year bachelor's degree program, an associate's degree program, or a vocational or technical program below the baccalaureate level, who has no prior postsecondary experience, and is enrolled for 12 or more semester credits, or 12 or more quarter credits, or 24 or more clock hours a week each term.

On-campus housing - residence halls owned or controlled by an institution within the same reasonably contiguous geographic area and used by the institution in direct support of or in a manner related to, the institution's educational purposes.
Off-campus housing - housing facility that is occupied by students but is not owned or controlled by the educational institution."
Description,196,70761,GRNTWF2,"Total number of full-time, first-time degree/certificate-seeking undergraduates LIVING OFF-CAMPUS (WITH FAMILY), who were awarded grant or scholarship aid from federal, state or local governments, or the institution.  Students awarded only other sources of grant aid are excluded.

Applicable to private not-for-profit and for-profit institutions with standard calendar systems (semester, quarter, trimester, 4-1-4) that report financial aid data for students enrolled for the FALL and awarded aid anytime during the full aid year.

Also, applicable to public or private institutions that measure courses primarily by clock hours, or offers primarily occupational programs measured in credit hours with calendar systems that are continuous or differs by programs. These institutions report financial aid data for  students enrolled between the 12-month period (September 1 through August 31) and awarded aid anytime during the full aid year.

Full-time, first-time degree/certificate-seeking undergraduates - A student enrolled in a 4- or 5-year bachelor's degree program, an associate's degree program, or a vocational or technical program below the baccalaureate level, who has no prior postsecondary experience, and is enrolled for 12 or more semester credits, or 12 or more quarter credits, or 24 or more clock hours a week each term.

On-campus housing - residence halls owned or controlled by an institution within the same reasonably contiguous geographic area and used by the institution in direct support of or in a manner related to, the institution's educational purposes.
Off-campus housing - housing facility that is occupied by students but is not owned or controlled by the educational institution."
Description,197,70766,GRNTOF2,"Total number of full-time, first-time degree/certificate-seeking undergraduates LIVING OFF-CAMPUS (NOT WITH FAMILY), who were awarded grant or scholarship aid from federal, state or local governments, or the institution.  Students awarded only other sources of grant aid are excluded.

Applicable to private not-for-profit and for-profit institutions with standard calendar systems (semester, quarter, trimester, 4-1-4) that report financial aid data for students enrolled for the FALL and awarded aid anytime during the full aid year.

Also, applicable to public or private institutions that measure courses primarily by clock hours, or offers primarily occupational programs measured in credit hours with calendar systems that are continuous or differs by programs. These institutions report financial aid data for  students enrolled between the 12-month period (September 1 through August 31) and awarded aid anytime during the full aid year.

Full-time, first-time degree/certificate-seeking undergraduates - A student enrolled in a 4- or 5-year bachelor's degree program, an associate's degree program, or a vocational or technical program below the baccalaureate level, who has no prior postsecondary experience, and is enrolled for 12 or more semester credits, or 12 or more quarter credits, or 24 or more clock hours a week each term.

On-campus housing - residence halls owned or controlled by an institution within the same reasonably contiguous geographic area and used by the institution in direct support of or in a manner related to, the institution's educational purposes.
Off-campus housing - housing facility that is occupied by students but is not owned or controlled by the educational institution."
Description,198,70771,GRNTUN2,"Total number of full-time, first-time degree/certificate-seeking undergraduates LIVING ARRANGEMENT UNKNOWN, who were awarded grant or scholarship aid from federal, state or local governments, or the institution.  Students awarded only other sources of grant aid are excluded.

Applicable to private not-for-profit and for-profit institutions with standard calendar systems (semester, quarter, trimester, 4-1-4) that report financial aid data for students enrolled for the FALL and awarded aid anytime during the full aid year.

Also, applicable to public or private institutions that measure courses primarily by clock hours, or offers primarily occupational programs measured in credit hours with calendar systems that are continuous or differs by programs. These institutions report financial aid data for  students enrolled between the 12-month period (September 1 through August 31) and awarded aid anytime during the full aid year.

Full-time, first-time degree/certificate-seeking undergraduates - A student enrolled in a 4- or 5-year bachelor's degree program, an associate's degree program, or a vocational or technical program below the baccalaureate level, who has no prior postsecondary experience, and is enrolled for 12 or more semester credits, or 12 or more quarter credits, or 24 or more clock hours a week each term.

On-campus housing - residence halls owned or controlled by an institution within the same reasonably contiguous geographic area and used by the institution in direct support of or in a manner related to, the institution's educational purposes.
Off-campus housing - housing facility that is occupied by students but is not owned or controlled by the educational institution."
Description,199,70776,GRNTT2,"Total amount of grant and scholarship aid from federal, state or local governments, or institutional sources awarded to full-time, first-time degree/certificate-seeking undergraduates who were awarded grant or scholarship aid from federal, state or local governments, or the institution. Other sources of grant aid are excluded. Aid awarded anytime during the full aid year is included.

Applicable to private not-for-profit and for-profit institutions with standard calendar systems (semester, quarter, trimester, 4-1-4) that report financial aid data for students enrolled for the FALL and awarded aid anytime during the full aid year.

Also, applicable to public or private institutions that measure courses primarily by clock hours, or offers primarily occupational programs measured in credit hours with calendar systems that are continuous or differs by programs. These institutions report financial aid data for  students enrolled between the 12-month period (September 1 through August 31) and awarded aid anytime during the full aid year.

Full-time, first-time degree/certificate-seeking undergraduates - A student enrolled in a 4- or 5-year bachelor's degree program, an associate's degree program, or a vocational or technical program below the baccalaureate level, who has no prior postsecondary experience, and is enrolled for 12 or more semester credits, or 12 or more quarter credits, or 24 or more clock hours a week each term."
Description,200,70781,GRNTA2,"Average amount of grant and scholarship aid from federal, state or local governments, or institutional sources awarded to full-time, first-time degree/certificate-seeking undergraduates who were awarded grant or scholarship aid from federal, state or local governments, or the institution. Other sources of grant aid are excluded. Aid awarded anytime during the full aid year is included.

Applicable to private not-for-profit and for-profit institutions with standard calendar systems (semester, quarter, trimester, 4-1-4) that report financial aid data for students enrolled for the FALL and awarded aid anytime during the full aid year.

Also, applicable to public or private institutions that measure courses primarily by clock hours, or offers primarily occupational programs measured in credit hours with calendar systems that are continuous or differs by programs. These institutions report financial aid data for  students enrolled between the 12-month period (September 1 through August 31) and awarded aid anytime during the full aid year.

Full-time, first-time degree/certificate-seeking undergraduates - A student enrolled in a 4- or 5-year bachelor's degree program, an associate's degree program, or a vocational or technical program below the baccalaureate level, who has no prior postsecondary experience, and is enrolled for 12 or more semester credits, or 12 or more quarter credits, or 24 or more clock hours a week each term."
Description,201,70786,GRNTN1,"Total number of full-time, first-time degree/certificate-seeking undergraduates who were awarded grant or scholarship aid from federal, state or local governments, or the institution.  Students awarded only other sources of grant aid are excluded.

Applicable to private not-for-profit and for-profit institutions with standard calendar systems (semester, quarter, trimester, 4-1-4) that report financial aid data for students enrolled for the FALL and awarded aid anytime during the full aid year.

Also, applicable to public or private institutions that measure courses primarily by clock hours, or offers primarily occupational programs measured in credit hours with calendar systems that are continuous or differs by programs. These institutions report financial aid data for  students enrolled between the 12-month period (September 1 through August 31) and awarded aid anytime during the full aid year.

Full-time, first-time degree/certificate-seeking undergraduates - A student enrolled in a 4- or 5-year bachelor's degree program, an associate's degree program, or a vocational or technical program below the baccalaureate level, who has no prior postsecondary experience, and is enrolled for 12 or more semester credits, or 12 or more quarter credits, or 24 or more clock hours a week each term."
Description,202,70791,GRNTON1,"Total number of full-time, first-time degree/certificate-seeking undergraduates LIVING ON-CAMPUS, who were awarded grant or scholarship aid from federal, state or local governments, or the institution.  Students awarded only other sources of grant aid are excluded.

Applicable to private not-for-profit and for-profit institutions with standard calendar systems (semester, quarter, trimester, 4-1-4) that report financial aid data for students enrolled for the FALL and awarded aid anytime during the full aid year.

Also, applicable to public or private institutions that measure courses primarily by clock hours, or offers primarily occupational programs measured in credit hours with calendar systems that are continuous or differs by programs. These institutions report financial aid data for  students enrolled between the 12-month period (September 1 through August 31) and awarded aid anytime during the full aid year.

Full-time, first-time degree/certificate-seeking undergraduates - A student enrolled in a 4- or 5-year bachelor's degree program, an associate's degree program, or a vocational or technical program below the baccalaureate level, who has no prior postsecondary experience, and is enrolled for 12 or more semester credits, or 12 or more quarter credits, or 24 or more clock hours a week each term.

On-campus housing - residence halls owned or controlled by an institution within the same reasonably contiguous geographic area and used by the institution in direct support of or in a manner related to, the institution's educational purposes.
Off-campus housing - housing facility that is occupied by students but is not owned or controlled by the educational institution."
Description,203,70796,GRNTWF1,"Total number of full-time, first-time degree/certificate-seeking undergraduates LIVING OFF-CAMPUS (WITH FAMILY), who were awarded grant or scholarship aid from federal, state or local governments, or the institution.  Students awarded only other sources of grant aid are excluded.

Applicable to private not-for-profit and for-profit institutions with standard calendar systems (semester, quarter, trimester, 4-1-4) that report financial aid data for students enrolled for the FALL and awarded aid anytime during the full aid year.

Also, applicable to public or private institutions that measure courses primarily by clock hours, or offers primarily occupational programs measured in credit hours with calendar systems that are continuous or differs by programs. These institutions report financial aid data for  students enrolled between the 12-month period (September 1 through August 31) and awarded aid anytime during the full aid year.

Full-time, first-time degree/certificate-seeking undergraduates - A student enrolled in a 4- or 5-year bachelor's degree program, an associate's degree program, or a vocational or technical program below the baccalaureate level, who has no prior postsecondary experience, and is enrolled for 12 or more semester credits, or 12 or more quarter credits, or 24 or more clock hours a week each term.

On-campus housing - residence halls owned or controlled by an institution within the same reasonably contiguous geographic area and used by the institution in direct support of or in a manner related to, the institution's educational purposes.
Off-campus housing - housing facility that is occupied by students but is not owned or controlled by the educational institution."
Description,204,70801,GRNTOF1,"Total number of full-time, first-time degree/certificate-seeking undergraduates LIVING OFF-CAMPUS (NOT WITH FAMILY), who were awarded grant or scholarship aid from federal, state or local governments, or the institution.  Students awarded only other sources of grant aid are excluded.

Applicable to private not-for-profit and for-profit institutions with standard calendar systems (semester, quarter, trimester, 4-1-4) that report financial aid data for students enrolled for the FALL and awarded aid anytime during the full aid year.

Also, applicable to public or private institutions that measure courses primarily by clock hours, or offers primarily occupational programs measured in credit hours with calendar systems that are continuous or differs by programs. These institutions report financial aid data for  students enrolled between the 12-month period (September 1 through August 31) and awarded aid anytime during the full aid year.

Full-time, first-time degree/certificate-seeking undergraduates - A student enrolled in a 4- or 5-year bachelor's degree program, an associate's degree program, or a vocational or technical program below the baccalaureate level, who has no prior postsecondary experience, and is enrolled for 12 or more semester credits, or 12 or more quarter credits, or 24 or more clock hours a week each term.

On-campus housing - residence halls owned or controlled by an institution within the same reasonably contiguous geographic area and used by the institution in direct support of or in a manner related to, the institution's educational purposes.
Off-campus housing - housing facility that is occupied by students but is not owned or controlled by the educational institution."
Description,205,70806,GRNTUN1,"Total number of full-time, first-time degree/certificate-seeking undergraduates LIVING ARRANGEMENT UNKNOWN, who were awarded grant or scholarship aid from federal, state or local governments, or the institution.  Students awarded only other sources of grant aid are excluded.

Applicable to private not-for-profit and for-profit institutions with standard calendar systems (semester, quarter, trimester, 4-1-4) that report financial aid data for students enrolled for the FALL and awarded aid anytime during the full aid year.

Also, applicable to public or private institutions that measure courses primarily by clock hours, or offers primarily occupational programs measured in credit hours with calendar systems that are continuous or differs by programs. These institutions report financial aid data for  students enrolled between the 12-month period (September 1 through August 31) and awarded aid anytime during the full aid year.

Full-time, first-time degree/certificate-seeking undergraduates - A student enrolled in a 4- or 5-year bachelor's degree program, an associate's degree program, or a vocational or technical program below the baccalaureate level, who has no prior postsecondary experience, and is enrolled for 12 or more semester credits, or 12 or more quarter credits, or 24 or more clock hours a week each term.

On-campus housing - residence halls owned or controlled by an institution within the same reasonably contiguous geographic area and used by the institution in direct support of or in a manner related to, the institution's educational purposes.
Off-campus housing - housing facility that is occupied by students but is not owned or controlled by the educational institution."
Description,206,70811,GRNTT1,"Total amount of grant and scholarship aid from federal, state or local governments, or institutional sources awarded to full-time, first-time degree/certificate-seeking undergraduates who were awarded grant or scholarship aid from federal, state or local governments, or the institution. Other sources of grant aid are excluded. Aid awarded anytime during the full aid year is included.

Applicable to private not-for-profit and for-profit institutions with standard calendar systems (semester, quarter, trimester, 4-1-4) that report financial aid data for students enrolled for the FALL and awarded aid anytime during the full aid year.

Also, applicable to public or private institutions that measure courses primarily by clock hours, or offers primarily occupational programs measured in credit hours with calendar systems that are continuous or differs by programs. These institutions report financial aid data for  students enrolled between the 12-month period (September 1 through August 31) and awarded aid anytime during the full aid year.

Full-time, first-time degree/certificate-seeking undergraduates - A student enrolled in a 4- or 5-year bachelor's degree program, an associate's degree program, or a vocational or technical program below the baccalaureate level, who has no prior postsecondary experience, and is enrolled for 12 or more semester credits, or 12 or more quarter credits, or 24 or more clock hours a week each term."
Description,207,70816,GRNTA1,"Average amount of grant and scholarship aid from federal, state or local governments, or institutional sources awarded to full-time, first-time degree/certificate-seeking undergraduates who were awarded grant or scholarship aid from federal, state or local governments, or the institution. Other sources of grant aid are excluded. Aid awarded anytime during the full aid year is included.

Applicable to private not-for-profit and for-profit institutions with standard calendar systems (semester, quarter, trimester, 4-1-4) that report financial aid data for students enrolled for the FALL and awarded aid anytime during the full aid year.

Also, applicable to public or private institutions that measure courses primarily by clock hours, or offers primarily occupational programs measured in credit hours with calendar systems that are continuous or differs by programs. These institutions report financial aid data for  students enrolled between the 12-month period (September 1 through August 31) and awarded aid anytime during the full aid year.

Full-time, first-time degree/certificate-seeking undergraduates - A student enrolled in a 4- or 5-year bachelor's degree program, an associate's degree program, or a vocational or technical program below the baccalaureate level, who has no prior postsecondary experience, and is enrolled for 12 or more semester credits, or 12 or more quarter credits, or 24 or more clock hours a week each term."
Description,208,70821,GRNTN0,"Total number of full-time, first-time degree/certificate-seeking undergraduates who were awarded grant or scholarship aid from federal, state or local governments, or the institution.  Students awarded only other sources of grant aid are excluded.

Applicable to private not-for-profit and for-profit institutions with standard calendar systems (semester, quarter, trimester, 4-1-4) that report financial aid data for students enrolled for the FALL and awarded aid anytime during the full aid year.

Also, applicable to public or private institutions that measure courses primarily by clock hours, or offers primarily occupational programs measured in credit hours with calendar systems that are continuous or differs by programs. These institutions report financial aid data for  students enrolled between the 12-month period (September 1 through August 31) and awarded aid anytime during the full aid year.

Full-time, first-time degree/certificate-seeking undergraduates - A student enrolled in a 4- or 5-year bachelor's degree program, an associate's degree program, or a vocational or technical program below the baccalaureate level, who has no prior postsecondary experience, and is enrolled for 12 or more semester credits, or 12 or more quarter credits, or 24 or more clock hours a week each term."
Description,209,70826,GRNTON0,"Total number of full-time, first-time degree/certificate-seeking undergraduates LIVING ON-CAMPUS, who were awarded grant or scholarship aid from federal, state or local governments, or the institution.  Students awarded only other sources of grant aid are excluded.

Applicable to private not-for-profit and for-profit institutions with standard calendar systems (semester, quarter, trimester, 4-1-4) that report financial aid data for students enrolled for the FALL and awarded aid anytime during the full aid year.

Also, applicable to public or private institutions that measure courses primarily by clock hours, or offers primarily occupational programs measured in credit hours with calendar systems that are continuous or differs by programs. These institutions report financial aid data for  students enrolled between the 12-month period (September 1 through August 31) and awarded aid anytime during the full aid year.

Full-time, first-time degree/certificate-seeking undergraduates - A student enrolled in a 4- or 5-year bachelor's degree program, an associate's degree program, or a vocational or technical program below the baccalaureate level, who has no prior postsecondary experience, and is enrolled for 12 or more semester credits, or 12 or more quarter credits, or 24 or more clock hours a week each term.

On-campus housing - residence halls owned or controlled by an institution within the same reasonably contiguous geographic area and used by the institution in direct support of or in a manner related to, the institution's educational purposes.
Off-campus housing - housing facility that is occupied by students but is not owned or controlled by the educational institution."
Description,210,70831,GRNTWF0,"Total number of full-time, first-time degree/certificate-seeking undergraduates LIVING OFF-CAMPUS (WITH FAMILY), who were awarded grant or scholarship aid from federal, state or local governments, or the institution.  Students awarded only other sources of grant aid are excluded.

Applicable to private not-for-profit and for-profit institutions with standard calendar systems (semester, quarter, trimester, 4-1-4) that report financial aid data for students enrolled for the FALL and awarded aid anytime during the full aid year.

Also, applicable to public or private institutions that measure courses primarily by clock hours, or offers primarily occupational programs measured in credit hours with calendar systems that are continuous or differs by programs. These institutions report financial aid data for  students enrolled between the 12-month period (September 1 through August 31) and awarded aid anytime during the full aid year.

Full-time, first-time degree/certificate-seeking undergraduates - A student enrolled in a 4- or 5-year bachelor's degree program, an associate's degree program, or a vocational or technical program below the baccalaureate level, who has no prior postsecondary experience, and is enrolled for 12 or more semester credits, or 12 or more quarter credits, or 24 or more clock hours a week each term.

On-campus housing - residence halls owned or controlled by an institution within the same reasonably contiguous geographic area and used by the institution in direct support of or in a manner related to, the institution's educational purposes.
Off-campus housing - housing facility that is occupied by students but is not owned or controlled by the educational institution."
Description,211,70836,GRNTOF0,"Total number of full-time, first-time degree/certificate-seeking undergraduates LIVING OFF-CAMPUS (NOT WITH FAMILY), who were awarded grant or scholarship aid from federal, state or local governments, or the institution.  Students awarded only other sources of grant aid are excluded.

Applicable to private not-for-profit and for-profit institutions with standard calendar systems (semester, quarter, trimester, 4-1-4) that report financial aid data for students enrolled for the FALL and awarded aid anytime during the full aid year.

Also, applicable to public or private institutions that measure courses primarily by clock hours, or offers primarily occupational programs measured in credit hours with calendar systems that are continuous or differs by programs. These institutions report financial aid data for  students enrolled between the 12-month period (September 1 through August 31) and awarded aid anytime during the full aid year.

Full-time, first-time degree/certificate-seeking undergraduates - A student enrolled in a 4- or 5-year bachelor's degree program, an associate's degree program, or a vocational or technical program below the baccalaureate level, who has no prior postsecondary experience, and is enrolled for 12 or more semester credits, or 12 or more quarter credits, or 24 or more clock hours a week each term.

On-campus housing - residence halls owned or controlled by an institution within the same reasonably contiguous geographic area and used by the institution in direct support of or in a manner related to, the institution's educational purposes.
Off-campus housing - housing facility that is occupied by students but is not owned or controlled by the educational institution."
Description,212,70841,GRNTUN0,"Total number of full-time, first-time degree/certificate-seeking undergraduates LIVING ARRANGEMENT UNKNOWN, who were awarded grant or scholarship aid from federal, state or local governments, or the institution.  Students awarded only other sources of grant aid are excluded.

Applicable to private not-for-profit and for-profit institutions with standard calendar systems (semester, quarter, trimester, 4-1-4) that report financial aid data for students enrolled for the FALL and awarded aid anytime during the full aid year.

Also, applicable to public or private institutions that measure courses primarily by clock hours, or offers primarily occupational programs measured in credit hours with calendar systems that are continuous or differs by programs. These institutions report financial aid data for  students enrolled between the 12-month period (September 1 through August 31) and awarded aid anytime during the full aid year.

Full-time, first-time degree/certificate-seeking undergraduates - A student enrolled in a 4- or 5-year bachelor's degree program, an associate's degree program, or a vocational or technical program below the baccalaureate level, who has no prior postsecondary experience, and is enrolled for 12 or more semester credits, or 12 or more quarter credits, or 24 or more clock hours a week each term.

On-campus housing - residence halls owned or controlled by an institution within the same reasonably contiguous geographic area and used by the institution in direct support of or in a manner related to, the institution's educational purposes.
Off-campus housing - housing facility that is occupied by students but is not owned or controlled by the educational institution."
Description,213,70846,GRNTT0,"Total amount of grant and scholarship aid from federal, state or local governments, or institutional sources awarded to full-time, first-time degree/certificate-seeking undergraduates who were awarded grant or scholarship aid from federal, state or local governments, or the institution. Other sources of grant aid are excluded. Aid awarded anytime during the full aid year is included.

Applicable to private not-for-profit and for-profit institutions with standard calendar systems (semester, quarter, trimester, 4-1-4) that report financial aid data for students enrolled for the FALL and awarded aid anytime during the full aid year.

Also, applicable to public or private institutions that measure courses primarily by clock hours, or offers primarily occupational programs measured in credit hours with calendar systems that are continuous or differs by programs. These institutions report financial aid data for  students enrolled between the 12-month period (September 1 through August 31) and awarded aid anytime during the full aid year.

Full-time, first-time degree/certificate-seeking undergraduates - A student enrolled in a 4- or 5-year bachelor's degree program, an associate's degree program, or a vocational or technical program below the baccalaureate level, who has no prior postsecondary experience, and is enrolled for 12 or more semester credits, or 12 or more quarter credits, or 24 or more clock hours a week each term."
Description,214,70851,GRNTA0,"Average amount of grant and scholarship aid from federal, state or local governments, or institutional sources awarded to full-time, first-time degree/certificate-seeking undergraduates who were awarded grant or scholarship aid from federal, state or local governments, or the institution. Other sources of grant aid are excluded. Aid awarded anytime during the full aid year is included.

Applicable to private not-for-profit and for-profit institutions with standard calendar systems (semester, quarter, trimester, 4-1-4) that report financial aid data for students enrolled for the FALL and awarded aid anytime during the full aid year.

Also, applicable to public or private institutions that measure courses primarily by clock hours, or offers primarily occupational programs measured in credit hours with calendar systems that are continuous or differs by programs. These institutions report financial aid data for  students enrolled between the 12-month period (September 1 through August 31) and awarded aid anytime during the full aid year.

Full-time, first-time degree/certificate-seeking undergraduates - A student enrolled in a 4- or 5-year bachelor's degree program, an associate's degree program, or a vocational or technical program below the baccalaureate level, who has no prior postsecondary experience, and is enrolled for 12 or more semester credits, or 12 or more quarter credits, or 24 or more clock hours a week each term."
Description,215,70856,GRN4N2,"Total number of full-time, first-time degree/certificate-seeking undergraduates who were awarded title IV federal student aid .  Title IV federal student aid, includes federal grants or federal student loans. 

Applicable to private not-for-profit and for-profit institutions with standard calendar systems (semester, quarter, trimester, 4-1-4) that report financial aid data for students enrolled for the FALL and awarded aid anytime during the full aid year.

Also, applicable to public or private institutions that measure courses primarily by clock hours, or offers primarily occupational programs measured in credit hours with calendar systems that are continuous or differs by programs. These institutions report financial aid data for  students enrolled between the 12-month period (September 1 through August 31) and awarded aid anytime during the full aid year.

Title IV aid to students includes grant aid, work study aid, and loan aid. These include: Federal Pell Grant, Federal Supplemental Educational Opportunity Grant (FSEOG), Academic Competitiveness Grant (ACG), National Science and Mathematics Access to Retain Talent Grant (National SMART Grant), Teacher Education Assistance for College and Higher Education (TEACH) Grant, Federal Work-Study, Federal Perkins Loan, Subsidized Direct or FFEL Stafford Loan, and Unsubsidized Direct or FFEL Stafford Loan.

Full-time, first-time degree/certificate-seeking undergraduates - A student enrolled in a 4- or 5-year bachelor's degree program, an associate's degree program, or a vocational or technical program below the baccalaureate level, who has no prior postsecondary experience, and is enrolled for 12 or more semester credits, or 12 or more quarter credits, or 24 or more clock hours a week each term."
Description,216,70861,GRN4ON2,"Total number of full-time, first-time degree/certificate-seeking undergraduates LIVING ON-CAMPUS, who were awarded title IV federal student aid .  Title IV federal student aid, includes federal grants or federal student loans. 

Applicable to private not-for-profit and for-profit institutions with standard calendar systems (semester, quarter, trimester, 4-1-4) that report financial aid data for students enrolled for the FALL and awarded aid anytime during the full aid year.

Also, applicable to public or private institutions that measure courses primarily by clock hours, or offers primarily occupational programs measured in credit hours with calendar systems that are continuous or differs by programs. These institutions report financial aid data for  students enrolled between the 12-month period (September 1 through August 31) and awarded aid anytime during the full aid year.

Title IV aid to students includes grant aid, work study aid, and loan aid. These include: Federal Pell Grant, Federal Supplemental Educational Opportunity Grant (FSEOG), Academic Competitiveness Grant (ACG), National Science and Mathematics Access to Retain Talent Grant (National SMART Grant), Teacher Education Assistance for College and Higher Education (TEACH) Grant, Federal Work-Study, Federal Perkins Loan, Subsidized Direct or FFEL Stafford Loan, and Unsubsidized Direct or FFEL Stafford Loan.

Full-time, first-time degree/certificate-seeking undergraduates - A student enrolled in a 4- or 5-year bachelor's degree program, an associate's degree program, or a vocational or technical program below the baccalaureate level, who has no prior postsecondary experience, and is enrolled for 12 or more semester credits, or 12 or more quarter credits, or 24 or more clock hours a week each term.

On-campus housing - residence halls owned or controlled by an institution within the same reasonably contiguous geographic area and used by the institution in direct support of or in a manner related to, the institution's educational purposes.
Off-campus housing - housing facility that is occupied by students but is not owned or controlled by the educational institution."
Description,217,70866,GRN4WF2,"Total number of full-time, first-time degree/certificate-seeking undergraduates LIVING OFF-CAMPUS (WITH FAMILY), who were awarded title IV federal student aid .  Title IV federal student aid, includes federal grants or federal student loans. 

Applicable to private not-for-profit and for-profit institutions with standard calendar systems (semester, quarter, trimester, 4-1-4) that report financial aid data for students enrolled for the FALL and awarded aid anytime during the full aid year.

Also, applicable to public or private institutions that measure courses primarily by clock hours, or offers primarily occupational programs measured in credit hours with calendar systems that are continuous or differs by programs. These institutions report financial aid data for  students enrolled between the 12-month period (September 1 through August 31) and awarded aid anytime during the full aid year.

Title IV aid to students includes grant aid, work study aid, and loan aid. These include: Federal Pell Grant, Federal Supplemental Educational Opportunity Grant (FSEOG), Academic Competitiveness Grant (ACG), National Science and Mathematics Access to Retain Talent Grant (National SMART Grant), Teacher Education Assistance for College and Higher Education (TEACH) Grant, Federal Work-Study, Federal Perkins Loan, Subsidized Direct or FFEL Stafford Loan, and Unsubsidized Direct or FFEL Stafford Loan.

Full-time, first-time degree/certificate-seeking undergraduates - A student enrolled in a 4- or 5-year bachelor's degree program, an associate's degree program, or a vocational or technical program below the baccalaureate level, who has no prior postsecondary experience, and is enrolled for 12 or more semester credits, or 12 or more quarter credits, or 24 or more clock hours a week each term.

On-campus housing - residence halls owned or controlled by an institution within the same reasonably contiguous geographic area and used by the institution in direct support of or in a manner related to, the institution's educational purposes.
Off-campus housing - housing facility that is occupied by students but is not owned or controlled by the educational institution."
Description,218,70871,GRN4OF2,"Total number of full-time, first-time degree/certificate-seeking undergraduates LIVING OFF-CAMPUS (NOT WITH FAMILY), who were awarded title IV federal student aid .  Title IV federal student aid, includes federal grants or federal student loans. 

Applicable to private not-for-profit and for-profit institutions with standard calendar systems (semester, quarter, trimester, 4-1-4) that report financial aid data for students enrolled for the FALL and awarded aid anytime during the full aid year.

Also, applicable to public or private institutions that measure courses primarily by clock hours, or offers primarily occupational programs measured in credit hours with calendar systems that are continuous or differs by programs. These institutions report financial aid data for  students enrolled between the 12-month period (September 1 through August 31) and awarded aid anytime during the full aid year.

Title IV aid to students includes grant aid, work study aid, and loan aid. These include: Federal Pell Grant, Federal Supplemental Educational Opportunity Grant (FSEOG), Academic Competitiveness Grant (ACG), National Science and Mathematics Access to Retain Talent Grant (National SMART Grant), Teacher Education Assistance for College and Higher Education (TEACH) Grant, Federal Work-Study, Federal Perkins Loan, Subsidized Direct or FFEL Stafford Loan, and Unsubsidized Direct or FFEL Stafford Loan.

Full-time, first-time degree/certificate-seeking undergraduates - A student enrolled in a 4- or 5-year bachelor's degree program, an associate's degree program, or a vocational or technical program below the baccalaureate level, who has no prior postsecondary experience, and is enrolled for 12 or more semester credits, or 12 or more quarter credits, or 24 or more clock hours a week each term.

On-campus housing - residence halls owned or controlled by an institution within the same reasonably contiguous geographic area and used by the institution in direct support of or in a manner related to, the institution's educational purposes.
Off-campus housing - housing facility that is occupied by students but is not owned or controlled by the educational institution."
Description,219,70876,GRN4UN2,"Total number of full-time, first-time degree/certificate-seeking undergraduates LIVING ARRANGEMENT UNKNOWN, who were awarded title IV federal student aid .  Title IV federal student aid, includes federal grants or federal student loans. 

Applicable to private not-for-profit and for-profit institutions with standard calendar systems (semester, quarter, trimester, 4-1-4) that report financial aid data for students enrolled for the FALL and awarded aid anytime during the full aid year.

Also, applicable to public or private institutions that measure courses primarily by clock hours, or offers primarily occupational programs measured in credit hours with calendar systems that are continuous or differs by programs. These institutions report financial aid data for  students enrolled between the 12-month period (September 1 through August 31) and awarded aid anytime during the full aid year.

Title IV aid to students includes grant aid, work study aid, and loan aid. These include: Federal Pell Grant, Federal Supplemental Educational Opportunity Grant (FSEOG), Academic Competitiveness Grant (ACG), National Science and Mathematics Access to Retain Talent Grant (National SMART Grant), Teacher Education Assistance for College and Higher Education (TEACH) Grant, Federal Work-Study, Federal Perkins Loan, Subsidized Direct or FFEL Stafford Loan, and Unsubsidized Direct or FFEL Stafford Loan.

Full-time, first-time degree/certificate-seeking undergraduates - A student enrolled in a 4- or 5-year bachelor's degree program, an associate's degree program, or a vocational or technical program below the baccalaureate level, who has no prior postsecondary experience, and is enrolled for 12 or more semester credits, or 12 or more quarter credits, or 24 or more clock hours a week each term.

On-campus housing - residence halls owned or controlled by an institution within the same reasonably contiguous geographic area and used by the institution in direct support of or in a manner related to, the institution's educational purposes.
Off-campus housing - housing facility that is occupied by students but is not owned or controlled by the educational institution."
Description,220,70881,GRN4T2,"Total amount of grant and scholarship aid from federal, state or local governments, or institutional sources awarded to full-time, first-time degree/certificate-seeking undergraduates who were awarded title IV federal student aid - (All INCOME LEVELS).  Title IV federal student aid, includes federal grants or federal student loans. 

Applicable to private not-for-profit and for-profit institutions with standard calendar systems (semester, quarter, trimester, 4-1-4) that report financial aid data for students enrolled for the FALL and awarded aid anytime during the full aid year.

Also, applicable to public or private institutions that measure courses primarily by clock hours, or offers primarily occupational programs measured in credit hours with calendar systems that are continuous or differs by programs. These institutions report financial aid data for  students enrolled between the 12-month period (September 1 through August 31) and awarded aid anytime during the full aid year.

Title IV aid to students includes grant aid, work study aid, and loan aid. These include: Federal Pell Grant, Federal Supplemental Educational Opportunity Grant (FSEOG), Academic Competitiveness Grant (ACG), National Science and Mathematics Access to Retain Talent Grant (National SMART Grant), Teacher Education Assistance for College and Higher Education (TEACH) Grant, Federal Work-Study, Federal Perkins Loan, Subsidized Direct or FFEL Stafford Loan, and Unsubsidized Direct or FFEL Stafford Loan.

Full-time, first-time degree/certificate-seeking undergraduates - A student enrolled in a 4- or 5-year bachelor's degree program, an associate's degree program, or a vocational or technical program below the baccalaureate level, who has no prior postsecondary experience, and is enrolled for 12 or more semester credits, or 12 or more quarter credits, or 24 or more clock hours a week each term."
Description,221,70886,GRN4A2,"Average amount of grant and scholarship aid from federal, state or local governments, or institutional sources awarded to full-time, first-time degree/certificate-seeking undergraduates who were awarded title IV federal student aid - (All INCOME LEVELS).  Title IV federal student aid, includes federal grants or federal student loans. 

Applicable to private not-for-profit and for-profit institutions with standard calendar systems (semester, quarter, trimester, 4-1-4) that report financial aid data for students enrolled for the FALL and awarded aid anytime during the full aid year.

Also, applicable to public or private institutions that measure courses primarily by clock hours, or offers primarily occupational programs measured in credit hours with calendar systems that are continuous or differs by programs. These institutions report financial aid data for  students enrolled between the 12-month period (September 1 through August 31) and awarded aid anytime during the full aid year.

Title IV aid to students includes grant aid, work study aid, and loan aid. These include: Federal Pell Grant, Federal Supplemental Educational Opportunity Grant (FSEOG), Academic Competitiveness Grant (ACG), National Science and Mathematics Access to Retain Talent Grant (National SMART Grant), Teacher Education Assistance for College and Higher Education (TEACH) Grant, Federal Work-Study, Federal Perkins Loan, Subsidized Direct or FFEL Stafford Loan, and Unsubsidized Direct or FFEL Stafford Loan.

Full-time, first-time degree/certificate-seeking undergraduates - A student enrolled in a 4- or 5-year bachelor's degree program, an associate's degree program, or a vocational or technical program below the baccalaureate level, who has no prior postsecondary experience, and is enrolled for 12 or more semester credits, or 12 or more quarter credits, or 24 or more clock hours a week each term."
Description,222,70891,GRN4N12,"Number of full-time, first-time degree/certificate-seeking undergraduates who were awarded title IV federal student aid -(INCOME LEVEL 0-30,000).  Title IV federal student aid, includes federal grants or federal student loans. 

Applicable to private not-for-profit and for-profit institutions with standard calendar systems (semester, quarter, trimester, 4-1-4) that report financial aid data for students enrolled for the FALL and awarded aid anytime during the full aid year.

Also, applicable to public or private institutions that measure courses primarily by clock hours, or offers primarily occupational programs measured in credit hours with calendar systems that are continuous or differs by programs. These institutions report financial aid data for  students enrolled between the 12-month period (September 1 through August 31) and awarded aid anytime during the full aid year.Income level - The income that was used by the institution’s financial aid office to determine the student’s Expected Family Contribution (EFC). For dependent students this will include the parents’ adjusted gross income and the student’s adjusted gross income. For independent students this will include the student’s adjusted gross income.

Income level - The income that was used by the institution’s financial aid office to determine the student’s Expected Family Contribution (EFC). For dependent students this will include the parents’ adjusted gross income and the student’s adjusted gross income. For independent students this will include the student’s adjusted gross income.

Title IV aid to students includes grant aid, work study aid, and loan aid. These include: Federal Pell Grant, Federal Supplemental Educational Opportunity Grant (FSEOG), Academic Competitiveness Grant (ACG), National Science and Mathematics Access to Retain Talent Grant (National SMART Grant), Teacher Education Assistance for College and Higher Education (TEACH) Grant, Federal Work-Study, Federal Perkins Loan, Subsidized Direct or FFEL Stafford Loan, and Unsubsidized Direct or FFEL Stafford Loan.

Full-time, first-time degree/certificate-seeking undergraduates - A student enrolled in a 4- or 5-year bachelor's degree program, an associate's degree program, or a vocational or technical program below the baccalaureate level, who has no prior postsecondary experience, and is enrolled for 12 or more semester credits, or 12 or more quarter credits, or 24 or more clock hours a week each term."
Description,223,70896,GRN4T12,"Total amount of grant and scholarship aid from federal, state or local governments, or institutional sources awarded to full-time, first-time degree/certificate-seeking undergraduates who were awarded title IV federal student aid - (INCOME LEVEL 0-30,000).  Title IV federal student aid, includes federal grants or federal student loans. 

Applicable to private not-for-profit and for-profit institutions with standard calendar systems (semester, quarter, trimester, 4-1-4) that report financial aid data for students enrolled for the FALL and awarded aid anytime during the full aid year.

Also, applicable to public or private institutions that measure courses primarily by clock hours, or offers primarily occupational programs measured in credit hours with calendar systems that are continuous or differs by programs. These institutions report financial aid data for  students enrolled between the 12-month period (September 1 through August 31) and awarded aid anytime during the full aid year.

Income level - The income that was used by the institution’s financial aid office to determine the student’s Expected Family Contribution (EFC). For dependent students this will include the parents’ adjusted grossncome and the student’s adjusted gross income. For independent students this will include the student’s adjusted gross income.

Title IV aid to students includes grant aid, work study aid, and loan aid. These include: Federal Pell Grant, Federal Supplemental Educational Opportunity Grant (FSEOG), Academic Competitiveness Grant (ACG), National Science and Mathematics Access to Retain Talent Grant (National SMART Grant), Teacher Education Assistance for College and Higher Education (TEACH) Grant, Federal Work-Study, Federal Perkins Loan, Subsidized Direct or FFEL Stafford Loan, and Unsubsidized Direct or FFEL Stafford Loan.

Full-time, first-time degree/certificate-seeking undergraduates - A student enrolled in a 4- or 5-year bachelor's degree program, an associate's degree program, or a vocational or technical program below the baccalaureate level, who has no prior postsecondary experience, and is enrolled for 12 or more semester credits, or 12 or more quarter credits, or 24 or more clock hours a week each term."
Description,224,70901,GRN4A12,"Average amount of grant and scholarship aid from federal, state or local governments, or institutional sources awarded to full-time, first-time degree/certificate-seeking undergraduates who were awarded title IV federal student aid - (INCOME LEVEL 0-30,000).  Title IV federal student aid, includes federal grants or federal student loans. 

Applicable to private not-for-profit and for-profit institutions with standard calendar systems (semester, quarter, trimester, 4-1-4) that report financial aid data for students enrolled for the FALL and awarded aid anytime during the full aid year.

Also, applicable to public or private institutions that measure courses primarily by clock hours, or offers primarily occupational programs measured in credit hours with calendar systems that are continuous or differs by programs. These institutions report financial aid data for  students enrolled between the 12-month period (September 1 through August 31) and awarded aid anytime during the full aid year.

Income level - The income that was used by the institution’s financial aid office to determine the student’s Expected Family Contribution (EFC). For dependent students this will include the parents’ adjusted grossncome and the student’s adjusted gross income. For independent students this will include the student’s adjusted gross income.

Title IV aid to students includes grant aid, work study aid, and loan aid. These include: Federal Pell Grant, Federal Supplemental Educational Opportunity Grant (FSEOG), Academic Competitiveness Grant (ACG), National Science and Mathematics Access to Retain Talent Grant (National SMART Grant), Teacher Education Assistance for College and Higher Education (TEACH) Grant, Federal Work-Study, Federal Perkins Loan, Subsidized Direct or FFEL Stafford Loan, and Unsubsidized Direct or FFEL Stafford Loan.

Full-time, first-time degree/certificate-seeking undergraduates - A student enrolled in a 4- or 5-year bachelor's degree program, an associate's degree program, or a vocational or technical program below the baccalaureate level, who has no prior postsecondary experience, and is enrolled for 12 or more semester credits, or 12 or more quarter credits, or 24 or more clock hours a week each term."
Description,225,70906,GRN4N22,"Number of full-time, first-time degree/certificate-seeking undergraduates who were awarded title IV federal student aid (INCOME LEVEL 30,001-48,000) .  Title IV federal student aid, includes federal grants or federal student loans. 

Applicable to private not-for-profit and for-profit institutions with standard calendar systems (semester, quarter, trimester, 4-1-4) that report financial aid data for students enrolled for the FALL and awarded aid anytime during the full aid year.

Also, applicable to public or private institutions that measure courses primarily by clock hours, or offers primarily occupational programs measured in credit hours with calendar systems that are continuous or differs by programs. These institutions report financial aid data for  students enrolled between the 12-month period (September 1 through August 31) and awarded aid anytime during the full aid year.

Income level - The income that was used by the institution’s financial aid office to determine the student’s Expected Family Contribution (EFC). For dependent students this will include the parents’ adjusted grossncome and the student’s adjusted gross income. For independent students this will include the student’s adjusted gross income.

Title IV aid to students includes grant aid, work study aid, and loan aid. These include: Federal Pell Grant, Federal Supplemental Educational Opportunity Grant (FSEOG), Academic Competitiveness Grant (ACG), National Science and Mathematics Access to Retain Talent Grant (National SMART Grant), Teacher Education Assistance for College and Higher Education (TEACH) Grant, Federal Work-Study, Federal Perkins Loan, Subsidized Direct or FFEL Stafford Loan, and Unsubsidized Direct or FFEL Stafford Loan.

Full-time, first-time degree/certificate-seeking undergraduates - A student enrolled in a 4- or 5-year bachelor's degree program, an associate's degree program, or a vocational or technical program below the baccalaureate level, who has no prior postsecondary experience, and is enrolled for 12 or more semester credits, or 12 or more quarter credits, or 24 or more clock hours a week each term."
Description,226,70911,GRN4T22,"Total amount of grant and scholarship aid from federal, state or local governments, or institutional sources awarded to full-time, first-time degree/certificate-seeking undergraduates who were awarded title IV federal student aid - (INCOME LEVEL 30,001-48,000).  Title IV federal student aid, includes federal grants or federal student loans. 

Applicable to private not-for-profit and for-profit institutions with standard calendar systems (semester, quarter, trimester, 4-1-4) that report financial aid data for students enrolled for the FALL and awarded aid anytime during the full aid year.

Also, applicable to public or private institutions that measure courses primarily by clock hours, or offers primarily occupational programs measured in credit hours with calendar systems that are continuous or differs by programs. These institutions report financial aid data for  students enrolled between the 12-month period (September 1 through August 31) and awarded aid anytime during the full aid year.

Income level - The income that was used by the institution’s financial aid office to determine the student’s Expected Family Contribution (EFC). For dependent students this will include the parents’ adjusted grossncome and the student’s adjusted gross income. For independent students this will include the student’s adjusted gross income.

Title IV aid to students includes grant aid, work study aid, and loan aid. These include: Federal Pell Grant, Federal Supplemental Educational Opportunity Grant (FSEOG), Academic Competitiveness Grant (ACG), National Science and Mathematics Access to Retain Talent Grant (National SMART Grant), Teacher Education Assistance for College and Higher Education (TEACH) Grant, Federal Work-Study, Federal Perkins Loan, Subsidized Direct or FFEL Stafford Loan, and Unsubsidized Direct or FFEL Stafford Loan.

Full-time, first-time degree/certificate-seeking undergraduates - A student enrolled in a 4- or 5-year bachelor's degree program, an associate's degree program, or a vocational or technical program below the baccalaureate level, who has no prior postsecondary experience, and is enrolled for 12 or more semester credits, or 12 or more quarter credits, or 24 or more clock hours a week each term."
Description,227,70916,GRN4A22,"Average amount of grant and scholarship aid from federal, state or local governments, or institutional sources awarded to full-time, first-time degree/certificate-seeking undergraduates who were awarded title IV federal student aid - (INCOME LEVEL 30,001-48,000).  Title IV federal student aid, includes federal grants or federal student loans. 

Applicable to private not-for-profit and for-profit institutions with standard calendar systems (semester, quarter, trimester, 4-1-4) that report financial aid data for students enrolled for the FALL and awarded aid anytime during the full aid year.

Also, applicable to public or private institutions that measure courses primarily by clock hours, or offers primarily occupational programs measured in credit hours with calendar systems that are continuous or differs by programs. These institutions report financial aid data for  students enrolled between the 12-month period (September 1 through August 31) and awarded aid anytime during the full aid year.

Income level - The income that was used by the institution’s financial aid office to determine the student’s Expected Family Contribution (EFC). For dependent students this will include the parents’ adjusted grossncome and the student’s adjusted gross income. For independent students this will include the student’s adjusted gross income.

Title IV aid to students includes grant aid, work study aid, and loan aid. These include: Federal Pell Grant, Federal Supplemental Educational Opportunity Grant (FSEOG), Academic Competitiveness Grant (ACG), National Science and Mathematics Access to Retain Talent Grant (National SMART Grant), Teacher Education Assistance for College and Higher Education (TEACH) Grant, Federal Work-Study, Federal Perkins Loan, Subsidized Direct or FFEL Stafford Loan, and Unsubsidized Direct or FFEL Stafford Loan.

Full-time, first-time degree/certificate-seeking undergraduates - A student enrolled in a 4- or 5-year bachelor's degree program, an associate's degree program, or a vocational or technical program below the baccalaureate level, who has no prior postsecondary experience, and is enrolled for 12 or more semester credits, or 12 or more quarter credits, or 24 or more clock hours a week each term."
Description,228,70921,GRN4N32,"Number of full-time, first-time degree/certificate-seeking undergraduates who were awarded title IV federal student aid (INCOME LEVEL 48,001-75,000) .  Title IV federal student aid, includes federal grants or federal student loans. 

Applicable to private not-for-profit and for-profit institutions with standard calendar systems (semester, quarter, trimester, 4-1-4) that report financial aid data for students enrolled for the FALL and awarded aid anytime during the full aid year.

Also, applicable to public or private institutions that measure courses primarily by clock hours, or offers primarily occupational programs measured in credit hours with calendar systems that are continuous or differs by programs. These institutions report financial aid data for  students enrolled between the 12-month period (September 1 through August 31) and awarded aid anytime during the full aid year.

Income level - The income that was used by the institution’s financial aid office to determine the student’s Expected Family Contribution (EFC). For dependent students this will include the parents’ adjusted grossncome and the student’s adjusted gross income. For independent students this will include the student’s adjusted gross income.

Title IV aid to students includes grant aid, work study aid, and loan aid. These include: Federal Pell Grant, Federal Supplemental Educational Opportunity Grant (FSEOG), Academic Competitiveness Grant (ACG), National Science and Mathematics Access to Retain Talent Grant (National SMART Grant), Teacher Education Assistance for College and Higher Education (TEACH) Grant, Federal Work-Study, Federal Perkins Loan, Subsidized Direct or FFEL Stafford Loan, and Unsubsidized Direct or FFEL Stafford Loan.

Full-time, first-time degree/certificate-seeking undergraduates - A student enrolled in a 4- or 5-year bachelor's degree program, an associate's degree program, or a vocational or technical program below the baccalaureate level, who has no prior postsecondary experience, and is enrolled for 12 or more semester credits, or 12 or more quarter credits, or 24 or more clock hours a week each term."
Description,229,70926,GRN4T32,"Total amount of grant and scholarship aid from federal, state or local governments, or institutional sources awarded to full-time, first-time degree/certificate-seeking undergraduates who were awarded title IV federal student aid - (INCOME LEVEL 48,001-75,000).  Title IV federal student aid, includes federal grants or federal student loans. 

Applicable to private not-for-profit and for-profit institutions with standard calendar systems (semester, quarter, trimester, 4-1-4) that report financial aid data for students enrolled for the FALL and awarded aid anytime during the full aid year.

Also, applicable to public or private institutions that measure courses primarily by clock hours, or offers primarily occupational programs measured in credit hours with calendar systems that are continuous or differs by programs. These institutions report financial aid data for  students enrolled between the 12-month period (September 1 through August 31) and awarded aid anytime during the full aid year.

Income level - The income that was used by the institution’s financial aid office to determine the student’s Expected Family Contribution (EFC). For dependent students this will include the parents’ adjusted grossncome and the student’s adjusted gross income. For independent students this will include the student’s adjusted gross income.

Title IV aid to students includes grant aid, work study aid, and loan aid. These include: Federal Pell Grant, Federal Supplemental Educational Opportunity Grant (FSEOG), Academic Competitiveness Grant (ACG), National Science and Mathematics Access to Retain Talent Grant (National SMART Grant), Teacher Education Assistance for College and Higher Education (TEACH) Grant, Federal Work-Study, Federal Perkins Loan, Subsidized Direct or FFEL Stafford Loan, and Unsubsidized Direct or FFEL Stafford Loan.

Full-time, first-time degree/certificate-seeking undergraduates - A student enrolled in a 4- or 5-year bachelor's degree program, an associate's degree program, or a vocational or technical program below the baccalaureate level, who has no prior postsecondary experience, and is enrolled for 12 or more semester credits, or 12 or more quarter credits, or 24 or more clock hours a week each term."
Description,230,70931,GRN4A32,"Average amount of grant and scholarship aid from federal, state or local governments, or institutional sources awarded to full-time, first-time degree/certificate-seeking undergraduates who were awarded title IV federal student aid - (INCOME LEVEL 48,001-75,000).  Title IV federal student aid, includes federal grants or federal student loans. 

Applicable to private not-for-profit and for-profit institutions with standard calendar systems (semester, quarter, trimester, 4-1-4) that report financial aid data for students enrolled for the FALL and awarded aid anytime during the full aid year.

Also, applicable to public or private institutions that measure courses primarily by clock hours, or offers primarily occupational programs measured in credit hours with calendar systems that are continuous or differs by programs. These institutions report financial aid data for  students enrolled between the 12-month period (September 1 through August 31) and awarded aid anytime during the full aid year.

Income level - The income that was used by the institution’s financial aid office to determine the student’s Expected Family Contribution (EFC). For dependent students this will include the parents’ adjusted grossncome and the student’s adjusted gross income. For independent students this will include the student’s adjusted gross income.

Title IV aid to students includes grant aid, work study aid, and loan aid. These include: Federal Pell Grant, Federal Supplemental Educational Opportunity Grant (FSEOG), Academic Competitiveness Grant (ACG), National Science and Mathematics Access to Retain Talent Grant (National SMART Grant), Teacher Education Assistance for College and Higher Education (TEACH) Grant, Federal Work-Study, Federal Perkins Loan, Subsidized Direct or FFEL Stafford Loan, and Unsubsidized Direct or FFEL Stafford Loan.

Full-time, first-time degree/certificate-seeking undergraduates - A student enrolled in a 4- or 5-year bachelor's degree program, an associate's degree program, or a vocational or technical program below the baccalaureate level, who has no prior postsecondary experience, and is enrolled for 12 or more semester credits, or 12 or more quarter credits, or 24 or more clock hours a week each term."
Description,231,70936,GRN4N42,"Number of full-time, first-time degree/certificate-seeking undergraduates who were awarded title IV federal student aid  (INCOME LEVEL 75,001-110,000) .  Title IV federal student aid, includes federal grants or federal student loans. 

Applicable to private not-for-profit and for-profit institutions with standard calendar systems (semester, quarter, trimester, 4-1-4) that report financial aid data for students enrolled for the FALL and awarded aid anytime during the full aid year.

Also, applicable to public or private institutions that measure courses primarily by clock hours, or offers primarily occupational programs measured in credit hours with calendar systems that are continuous or differs by programs. These institutions report financial aid data for  students enrolled between the 12-month period (September 1 through August 31) and awarded aid anytime during the full aid year.

Income level - The income that was used by the institution’s financial aid office to determine the student’s Expected Family Contribution (EFC). For dependent students this will include the parents’ adjusted grossncome and the student’s adjusted gross income. For independent students this will include the student’s adjusted gross income.

Title IV aid to students includes grant aid, work study aid, and loan aid. These include: Federal Pell Grant, Federal Supplemental Educational Opportunity Grant (FSEOG), Academic Competitiveness Grant (ACG), National Science and Mathematics Access to Retain Talent Grant (National SMART Grant), Teacher Education Assistance for College and Higher Education (TEACH) Grant, Federal Work-Study, Federal Perkins Loan, Subsidized Direct or FFEL Stafford Loan, and Unsubsidized Direct or FFEL Stafford Loan.

Full-time, first-time degree/certificate-seeking undergraduates - A student enrolled in a 4- or 5-year bachelor's degree program, an associate's degree program, or a vocational or technical program below the baccalaureate level, who has no prior postsecondary experience, and is enrolled for 12 or more semester credits, or 12 or more quarter credits, or 24 or more clock hours a week each term."
Description,232,70941,GRN4T42,"Total amount of grant and scholarship aid from federal, state or local governments, or institutional sources awarded to full-time, first-time degree/certificate-seeking undergraduates who were awarded title IV federal student aid - (INCOME LEVEL 75,001-110,000).  Title IV federal student aid, includes federal grants or federal student loans. 

Applicable to private not-for-profit and for-profit institutions with standard calendar systems (semester, quarter, trimester, 4-1-4) that report financial aid data for students enrolled for the FALL and awarded aid anytime during the full aid year.

Also, applicable to public or private institutions that measure courses primarily by clock hours, or offers primarily occupational programs measured in credit hours with calendar systems that are continuous or differs by programs. These institutions report financial aid data for  students enrolled between the 12-month period (September 1 through August 31) and awarded aid anytime during the full aid year.

Income level - The income that was used by the institution’s financial aid office to determine the student’s Expected Family Contribution (EFC). For dependent students this will include the parents’ adjusted grossncome and the student’s adjusted gross income. For independent students this will include the student’s adjusted gross income.

Title IV aid to students includes grant aid, work study aid, and loan aid. These include: Federal Pell Grant, Federal Supplemental Educational Opportunity Grant (FSEOG), Academic Competitiveness Grant (ACG), National Science and Mathematics Access to Retain Talent Grant (National SMART Grant), Teacher Education Assistance for College and Higher Education (TEACH) Grant, Federal Work-Study, Federal Perkins Loan, Subsidized Direct or FFEL Stafford Loan, and Unsubsidized Direct or FFEL Stafford Loan.

Full-time, first-time degree/certificate-seeking undergraduates - A student enrolled in a 4- or 5-year bachelor's degree program, an associate's degree program, or a vocational or technical program below the baccalaureate level, who has no prior postsecondary experience, and is enrolled for 12 or more semester credits, or 12 or more quarter credits, or 24 or more clock hours a week each term."
Description,233,70946,GRN4A42,"Average amount of grant and scholarship aid from federal, state or local governments, or institutional sources awarded to full-time, first-time degree/certificate-seeking undergraduates who were awarded title IV federal student aid - (INCOME LEVEL 75,001-110,000).  Title IV federal student aid, includes federal grants or federal student loans. 

Applicable to private not-for-profit and for-profit institutions with standard calendar systems (semester, quarter, trimester, 4-1-4) that report financial aid data for students enrolled for the FALL and awarded aid anytime during the full aid year.

Also, applicable to public or private institutions that measure courses primarily by clock hours, or offers primarily occupational programs measured in credit hours with calendar systems that are continuous or differs by programs. These institutions report financial aid data for  students enrolled between the 12-month period (September 1 through August 31) and awarded aid anytime during the full aid year.

Income level - The income that was used by the institution’s financial aid office to determine the student’s Expected Family Contribution (EFC). For dependent students this will include the parents’ adjusted grossncome and the student’s adjusted gross income. For independent students this will include the student’s adjusted gross income.

Title IV aid to students includes grant aid, work study aid, and loan aid. These include: Federal Pell Grant, Federal Supplemental Educational Opportunity Grant (FSEOG), Academic Competitiveness Grant (ACG), National Science and Mathematics Access to Retain Talent Grant (National SMART Grant), Teacher Education Assistance for College and Higher Education (TEACH) Grant, Federal Work-Study, Federal Perkins Loan, Subsidized Direct or FFEL Stafford Loan, and Unsubsidized Direct or FFEL Stafford Loan.

Full-time, first-time degree/certificate-seeking undergraduates - A student enrolled in a 4- or 5-year bachelor's degree program, an associate's degree program, or a vocational or technical program below the baccalaureate level, who has no prior postsecondary experience, and is enrolled for 12 or more semester credits, or 12 or more quarter credits, or 24 or more clock hours a week each term."
Description,234,70951,GRN4N52,"Number of full-time, first-time degree/certificate-seeking undergraduates who were awarded title IV federal student aid (INCOME LEVEL 110,001 or more) .  Title IV federal student aid, includes federal grants or federal student loans. 

Applicable to private not-for-profit and for-profit institutions with standard calendar systems (semester, quarter, trimester, 4-1-4) that report financial aid data for students enrolled for the FALL and awarded aid anytime during the full aid year.

Also, applicable to public or private institutions that measure courses primarily by clock hours, or offers primarily occupational programs measured in credit hours with calendar systems that are continuous or differs by programs. These institutions report financial aid data for  students enrolled between the 12-month period (September 1 through August 31) and awarded aid anytime during the full aid year.

Income level - The income that was used by the institution’s financial aid office to determine the student’s Expected Family Contribution (EFC). For dependent students this will include the parents’ adjusted grossncome and the student’s adjusted gross income. For independent students this will include the student’s adjusted gross income.

Title IV aid to students includes grant aid, work study aid, and loan aid. These include: Federal Pell Grant, Federal Supplemental Educational Opportunity Grant (FSEOG), Academic Competitiveness Grant (ACG), National Science and Mathematics Access to Retain Talent Grant (National SMART Grant), Teacher Education Assistance for College and Higher Education (TEACH) Grant, Federal Work-Study, Federal Perkins Loan, Subsidized Direct or FFEL Stafford Loan, and Unsubsidized Direct or FFEL Stafford Loan.

Full-time, first-time degree/certificate-seeking undergraduates - A student enrolled in a 4- or 5-year bachelor's degree program, an associate's degree program, or a vocational or technical program below the baccalaureate level, who has no prior postsecondary experience, and is enrolled for 12 or more semester credits, or 12 or more quarter credits, or 24 or more clock hours a week each term."
Description,235,70956,GRN4T52,"Total amount of grant and scholarship aid from federal, state or local governments, or institutional sources awarded to full-time, first-time degree/certificate-seeking undergraduates who were awarded title IV federal student aid - (INCOME LEVEL 110,001 or more).  Title IV federal student aid, includes federal grants or federal student loans. 

Applicable to private not-for-profit and for-profit institutions with standard calendar systems (semester, quarter, trimester, 4-1-4) that report financial aid data for students enrolled for the FALL and awarded aid anytime during the full aid year.

Also, applicable to public or private institutions that measure courses primarily by clock hours, or offers primarily occupational programs measured in credit hours with calendar systems that are continuous or differs by programs. These institutions report financial aid data for  students enrolled between the 12-month period (September 1 through August 31) and awarded aid anytime during the full aid year.

Income level - The income that was used by the institution’s financial aid office to determine the student’s Expected Family Contribution (EFC). For dependent students this will include the parents’ adjusted grossncome and the student’s adjusted gross income. For independent students this will include the student’s adjusted gross income.

Title IV aid to students includes grant aid, work study aid, and loan aid. These include: Federal Pell Grant, Federal Supplemental Educational Opportunity Grant (FSEOG), Academic Competitiveness Grant (ACG), National Science and Mathematics Access to Retain Talent Grant (National SMART Grant), Teacher Education Assistance for College and Higher Education (TEACH) Grant, Federal Work-Study, Federal Perkins Loan, Subsidized Direct or FFEL Stafford Loan, and Unsubsidized Direct or FFEL Stafford Loan.

Full-time, first-time degree/certificate-seeking undergraduates - A student enrolled in a 4- or 5-year bachelor's degree program, an associate's degree program, or a vocational or technical program below the baccalaureate level, who has no prior postsecondary experience, and is enrolled for 12 or more semester credits, or 12 or more quarter credits, or 24 or more clock hours a week each term."
Description,236,70961,GRN4A52,"Average amount of grant and scholarship aid from federal, state or local governments, or institutional sources awarded to full-time, first-time degree/certificate-seeking undergraduates who were awarded title IV federal student aid - (INCOME LEVEL 110,001 or more).  Title IV federal student aid, includes federal grants or federal student loans. 

Applicable to private not-for-profit and for-profit institutions with standard calendar systems (semester, quarter, trimester, 4-1-4) that report financial aid data for students enrolled for the FALL and awarded aid anytime during the full aid year.

Also, applicable to public or private institutions that measure courses primarily by clock hours, or offers primarily occupational programs measured in credit hours with calendar systems that are continuous or differs by programs. These institutions report financial aid data for  students enrolled between the 12-month period (September 1 through August 31) and awarded aid anytime during the full aid year.

Income level - The income that was used by the institution’s financial aid office to determine the student’s Expected Family Contribution (EFC). For dependent students this will include the parents’ adjusted grossncome and the student’s adjusted gross income. For independent students this will include the student’s adjusted gross income.

Title IV aid to students includes grant aid, work study aid, and loan aid. These include: Federal Pell Grant, Federal Supplemental Educational Opportunity Grant (FSEOG), Academic Competitiveness Grant (ACG), National Science and Mathematics Access to Retain Talent Grant (National SMART Grant), Teacher Education Assistance for College and Higher Education (TEACH) Grant, Federal Work-Study, Federal Perkins Loan, Subsidized Direct or FFEL Stafford Loan, and Unsubsidized Direct or FFEL Stafford Loan.

Full-time, first-time degree/certificate-seeking undergraduates - A student enrolled in a 4- or 5-year bachelor's degree program, an associate's degree program, or a vocational or technical program below the baccalaureate level, who has no prior postsecondary experience, and is enrolled for 12 or more semester credits, or 12 or more quarter credits, or 24 or more clock hours a week each term."
Description,237,71241,GRN4N1,"Total number of full-time, first-time degree/certificate-seeking undergraduates who were awarded title IV federal student aid .  Title IV federal student aid, includes federal grants or federal student loans. 

Applicable to private not-for-profit and for-profit institutions with standard calendar systems (semester, quarter, trimester, 4-1-4) that report financial aid data for students enrolled for the FALL and awarded aid anytime during the full aid year.

Also, applicable to public or private institutions that measure courses primarily by clock hours, or offers primarily occupational programs measured in credit hours with calendar systems that are continuous or differs by programs. These institutions report financial aid data for  students enrolled between the 12-month period (September 1 through August 31) and awarded aid anytime during the full aid year.

Income level - The income that was used by the institution’s financial aid office to determine the student’s Expected Family Contribution (EFC). For dependent students this will include the parents’ adjusted grossncome and the student’s adjusted gross income. For independent students this will include the student’s adjusted gross income.

Title IV aid to students includes grant aid, work study aid, and loan aid. These include: Federal Pell Grant, Federal Supplemental Educational Opportunity Grant (FSEOG), Academic Competitiveness Grant (ACG), National Science and Mathematics Access to Retain Talent Grant (National SMART Grant), Teacher Education Assistance for College and Higher Education (TEACH) Grant, Federal Work-Study, Federal Perkins Loan, Subsidized Direct or FFEL Stafford Loan, and Unsubsidized Direct or FFEL Stafford Loan.

Full-time, first-time degree/certificate-seeking undergraduates - A student enrolled in a 4- or 5-year bachelor's degree program, an associate's degree program, or a vocational or technical program below the baccalaureate level, who has no prior postsecondary experience, and is enrolled for 12 or more semester credits, or 12 or more quarter credits, or 24 or more clock hours a week each term."
Description,238,71246,GRN4ON1,"Total number of full-time, first-time degree/certificate-seeking undergraduates LIVING ON-CAMPUS, who were awarded title IV federal student aid .  Title IV federal student aid, includes federal grants or federal student loans. 

Applicable to private not-for-profit and for-profit institutions with standard calendar systems (semester, quarter, trimester, 4-1-4) that report financial aid data for students enrolled for the FALL and awarded aid anytime during the full aid year.

Also, applicable to public or private institutions that measure courses primarily by clock hours, or offers primarily occupational programs measured in credit hours with calendar systems that are continuous or differs by programs. These institutions report financial aid data for  students enrolled between the 12-month period (September 1 through August 31) and awarded aid anytime during the full aid year.

Title IV aid to students includes grant aid, work study aid, and loan aid. These include: Federal Pell Grant, Federal Supplemental Educational Opportunity Grant (FSEOG), Academic Competitiveness Grant (ACG), National Science and Mathematics Access to Retain Talent Grant (National SMART Grant), Teacher Education Assistance for College and Higher Education (TEACH) Grant, Federal Work-Study, Federal Perkins Loan, Subsidized Direct or FFEL Stafford Loan, and Unsubsidized Direct or FFEL Stafford Loan.

Full-time, first-time degree/certificate-seeking undergraduates - A student enrolled in a 4- or 5-year bachelor's degree program, an associate's degree program, or a vocational or technical program below the baccalaureate level, who has no prior postsecondary experience, and is enrolled for 12 or more semester credits, or 12 or more quarter credits, or 24 or more clock hours a week each term.

On-campus housing - residence halls owned or controlled by an institution within the same reasonably contiguous geographic area and used by the institution in direct support of or in a manner related to, the institution's educational purposes.
Off-campus housing - housing facility that is occupied by students but is not owned or controlled by the educational institution."
Description,239,71251,GRN4WF1,"Total number of full-time, first-time degree/certificate-seeking undergraduates LIVING OFF-CAMPUS (WITH FAMILY), who were awarded title IV federal student aid .  Title IV federal student aid, includes federal grants or federal student loans. 

Applicable to private not-for-profit and for-profit institutions with standard calendar systems (semester, quarter, trimester, 4-1-4) that report financial aid data for students enrolled for the FALL and awarded aid anytime during the full aid year.

Also, applicable to public or private institutions that measure courses primarily by clock hours, or offers primarily occupational programs measured in credit hours with calendar systems that are continuous or differs by programs. These institutions report financial aid data for  students enrolled between the 12-month period (September 1 through August 31) and awarded aid anytime during the full aid year.

Title IV aid to students includes grant aid, work study aid, and loan aid. These include: Federal Pell Grant, Federal Supplemental Educational Opportunity Grant (FSEOG), Academic Competitiveness Grant (ACG), National Science and Mathematics Access to Retain Talent Grant (National SMART Grant), Teacher Education Assistance for College and Higher Education (TEACH) Grant, Federal Work-Study, Federal Perkins Loan, Subsidized Direct or FFEL Stafford Loan, and Unsubsidized Direct or FFEL Stafford Loan.

Full-time, first-time degree/certificate-seeking undergraduates - A student enrolled in a 4- or 5-year bachelor's degree program, an associate's degree program, or a vocational or technical program below the baccalaureate level, who has no prior postsecondary experience, and is enrolled for 12 or more semester credits, or 12 or more quarter credits, or 24 or more clock hours a week each term.

On-campus housing - residence halls owned or controlled by an institution within the same reasonably contiguous geographic area and used by the institution in direct support of or in a manner related to, the institution's educational purposes.
Off-campus housing - housing facility that is occupied by students but is not owned or controlled by the educational institution."
Description,240,71256,GRN4OF1,"Total number of full-time, first-time degree/certificate-seeking undergraduates LIVING OFF-CAMPUS (NOT WITH FAMILY), who were awarded title IV federal student aid .  Title IV federal student aid, includes federal grants or federal student loans. 

Applicable to private not-for-profit and for-profit institutions with standard calendar systems (semester, quarter, trimester, 4-1-4) that report financial aid data for students enrolled for the FALL and awarded aid anytime during the full aid year.

Also, applicable to public or private institutions that measure courses primarily by clock hours, or offers primarily occupational programs measured in credit hours with calendar systems that are continuous or differs by programs. These institutions report financial aid data for  students enrolled between the 12-month period (September 1 through August 31) and awarded aid anytime during the full aid year.

Title IV aid to students includes grant aid, work study aid, and loan aid. These include: Federal Pell Grant, Federal Supplemental Educational Opportunity Grant (FSEOG), Academic Competitiveness Grant (ACG), National Science and Mathematics Access to Retain Talent Grant (National SMART Grant), Teacher Education Assistance for College and Higher Education (TEACH) Grant, Federal Work-Study, Federal Perkins Loan, Subsidized Direct or FFEL Stafford Loan, and Unsubsidized Direct or FFEL Stafford Loan.

Full-time, first-time degree/certificate-seeking undergraduates - A student enrolled in a 4- or 5-year bachelor's degree program, an associate's degree program, or a vocational or technical program below the baccalaureate level, who has no prior postsecondary experience, and is enrolled for 12 or more semester credits, or 12 or more quarter credits, or 24 or more clock hours a week each term.

On-campus housing - residence halls owned or controlled by an institution within the same reasonably contiguous geographic area and used by the institution in direct support of or in a manner related to, the institution's educational purposes.
Off-campus housing - housing facility that is occupied by students but is not owned or controlled by the educational institution."
Description,241,71261,GRN4UN1,"Total number of full-time, first-time degree/certificate-seeking undergraduates LIVING ARRANGEMENT UNKNOWN, who were awarded title IV federal student aid .  Title IV federal student aid, includes federal grants or federal student loans. 

Applicable to private not-for-profit and for-profit institutions with standard calendar systems (semester, quarter, trimester, 4-1-4) that report financial aid data for students enrolled for the FALL and awarded aid anytime during the full aid year.

Also, applicable to public or private institutions that measure courses primarily by clock hours, or offers primarily occupational programs measured in credit hours with calendar systems that are continuous or differs by programs. These institutions report financial aid data for  students enrolled between the 12-month period (September 1 through August 31) and awarded aid anytime during the full aid year.

Title IV aid to students includes grant aid, work study aid, and loan aid. These include: Federal Pell Grant, Federal Supplemental Educational Opportunity Grant (FSEOG), Academic Competitiveness Grant (ACG), National Science and Mathematics Access to Retain Talent Grant (National SMART Grant), Teacher Education Assistance for College and Higher Education (TEACH) Grant, Federal Work-Study, Federal Perkins Loan, Subsidized Direct or FFEL Stafford Loan, and Unsubsidized Direct or FFEL Stafford Loan.

Full-time, first-time degree/certificate-seeking undergraduates - A student enrolled in a 4- or 5-year bachelor's degree program, an associate's degree program, or a vocational or technical program below the baccalaureate level, who has no prior postsecondary experience, and is enrolled for 12 or more semester credits, or 12 or more quarter credits, or 24 or more clock hours a week each term.

On-campus housing - residence halls owned or controlled by an institution within the same reasonably contiguous geographic area and used by the institution in direct support of or in a manner related to, the institution's educational purposes.
Off-campus housing - housing facility that is occupied by students but is not owned or controlled by the educational institution."
Description,242,71266,GRN4T1,"Total amount of grant and scholarship aid from federal, state or local governments, or institutional sources awarded to full-time, first-time degree/certificate-seeking undergraduates who were awarded title IV federal student aid - (All INCOME LEVELS).  Title IV federal student aid, includes federal grants or federal student loans. 

Applicable to private not-for-profit and for-profit institutions with standard calendar systems (semester, quarter, trimester, 4-1-4) that report financial aid data for students enrolled for the FALL and awarded aid anytime during the full aid year.

Also, applicable to public or private institutions that measure courses primarily by clock hours, or offers primarily occupational programs measured in credit hours with calendar systems that are continuous or differs by programs. These institutions report financial aid data for  students enrolled between the 12-month period (September 1 through August 31) and awarded aid anytime during the full aid year.

Title IV aid to students includes grant aid, work study aid, and loan aid. These include: Federal Pell Grant, Federal Supplemental Educational Opportunity Grant (FSEOG), Academic Competitiveness Grant (ACG), National Science and Mathematics Access to Retain Talent Grant (National SMART Grant), Teacher Education Assistance for College and Higher Education (TEACH) Grant, Federal Work-Study, Federal Perkins Loan, Subsidized Direct or FFEL Stafford Loan, and Unsubsidized Direct or FFEL Stafford Loan.

Full-time, first-time degree/certificate-seeking undergraduates - A student enrolled in a 4- or 5-year bachelor's degree program, an associate's degree program, or a vocational or technical program below the baccalaureate level, who has no prior postsecondary experience, and is enrolled for 12 or more semester credits, or 12 or more quarter credits, or 24 or more clock hours a week each term."
Description,243,71271,GRN4A1,"Average amount of grant and scholarship aid from federal, state or local governments, or institutional sources awarded to full-time, first-time degree/certificate-seeking undergraduates who were awarded title IV federal student aid - (All INCOME LEVELS).  Title IV federal student aid, includes federal grants or federal student loans. 

Applicable to private not-for-profit and for-profit institutions with standard calendar systems (semester, quarter, trimester, 4-1-4) that report financial aid data for students enrolled for the FALL and awarded aid anytime during the full aid year.

Also, applicable to public or private institutions that measure courses primarily by clock hours, or offers primarily occupational programs measured in credit hours with calendar systems that are continuous or differs by programs. These institutions report financial aid data for  students enrolled between the 12-month period (September 1 through August 31) and awarded aid anytime during the full aid year.

Title IV aid to students includes grant aid, work study aid, and loan aid. These include: Federal Pell Grant, Federal Supplemental Educational Opportunity Grant (FSEOG), Academic Competitiveness Grant (ACG), National Science and Mathematics Access to Retain Talent Grant (National SMART Grant), Teacher Education Assistance for College and Higher Education (TEACH) Grant, Federal Work-Study, Federal Perkins Loan, Subsidized Direct or FFEL Stafford Loan, and Unsubsidized Direct or FFEL Stafford Loan.

Full-time, first-time degree/certificate-seeking undergraduates - A student enrolled in a 4- or 5-year bachelor's degree program, an associate's degree program, or a vocational or technical program below the baccalaureate level, who has no prior postsecondary experience, and is enrolled for 12 or more semester credits, or 12 or more quarter credits, or 24 or more clock hours a week each term."
Description,244,71276,GRN4N11,"Number of full-time, first-time degree/certificate-seeking undergraduates who were awarded title IV federal student aid -(INCOME LEVEL 0-30,000).  Title IV federal student aid, includes federal grants or federal student loans. 

Applicable to private not-for-profit and for-profit institutions with standard calendar systems (semester, quarter, trimester, 4-1-4) that report financial aid data for students enrolled for the FALL and awarded aid anytime during the full aid year.

Also, applicable to public or private institutions that measure courses primarily by clock hours, or offers primarily occupational programs measured in credit hours with calendar systems that are continuous or differs by programs. These institutions report financial aid data for  students enrolled between the 12-month period (September 1 through August 31) and awarded aid anytime during the full aid year.

Income level - The income that was used by the institution’s financial aid office to determine the student’s Expected Family Contribution (EFC). For dependent students this will include the parents’ adjusted grossncome and the student’s adjusted gross income. For independent students this will include the student’s adjusted gross income.

Title IV aid to students includes grant aid, work study aid, and loan aid. These include: Federal Pell Grant, Federal Supplemental Educational Opportunity Grant (FSEOG), Academic Competitiveness Grant (ACG), National Science and Mathematics Access to Retain Talent Grant (National SMART Grant), Teacher Education Assistance for College and Higher Education (TEACH) Grant, Federal Work-Study, Federal Perkins Loan, Subsidized Direct or FFEL Stafford Loan, and Unsubsidized Direct or FFEL Stafford Loan.

Full-time, first-time degree/certificate-seeking undergraduates - A student enrolled in a 4- or 5-year bachelor's degree program, an associate's degree program, or a vocational or technical program below the baccalaureate level, who has no prior postsecondary experience, and is enrolled for 12 or more semester credits, or 12 or more quarter credits, or 24 or more clock hours a week each term."
Description,245,71281,GRN4T11,"Total amount of grant and scholarship aid from federal, state or local governments, or institutional sources awarded to full-time, first-time degree/certificate-seeking undergraduates who were awarded title IV federal student aid - (INCOME LEVEL 0-30,000).  Title IV federal student aid, includes federal grants or federal student loans. 

Applicable to private not-for-profit and for-profit institutions with standard calendar systems (semester, quarter, trimester, 4-1-4) that report financial aid data for students enrolled for the FALL and awarded aid anytime during the full aid year.

Also, applicable to public or private institutions that measure courses primarily by clock hours, or offers primarily occupational programs measured in credit hours with calendar systems that are continuous or differs by programs. These institutions report financial aid data for  students enrolled between the 12-month period (September 1 through August 31) and awarded aid anytime during the full aid year.

Income level - The income that was used by the institution’s financial aid office to determine the student’s Expected Family Contribution (EFC). For dependent students this will include the parents’ adjusted grossncome and the student’s adjusted gross income. For independent students this will include the student’s adjusted gross income.

Title IV aid to students includes grant aid, work study aid, and loan aid. These include: Federal Pell Grant, Federal Supplemental Educational Opportunity Grant (FSEOG), Academic Competitiveness Grant (ACG), National Science and Mathematics Access to Retain Talent Grant (National SMART Grant), Teacher Education Assistance for College and Higher Education (TEACH) Grant, Federal Work-Study, Federal Perkins Loan, Subsidized Direct or FFEL Stafford Loan, and Unsubsidized Direct or FFEL Stafford Loan.

Full-time, first-time degree/certificate-seeking undergraduates - A student enrolled in a 4- or 5-year bachelor's degree program, an associate's degree program, or a vocational or technical program below the baccalaureate level, who has no prior postsecondary experience, and is enrolled for 12 or more semester credits, or 12 or more quarter credits, or 24 or more clock hours a week each term."
Description,246,71286,GRN4A11,"Average amount of grant and scholarship aid from federal, state or local governments, or institutional sources awarded to full-time, first-time degree/certificate-seeking undergraduates who were awarded title IV federal student aid - (INCOME LEVEL 0-30,000).  Title IV federal student aid, includes federal grants or federal student loans. 

Applicable to private not-for-profit and for-profit institutions with standard calendar systems (semester, quarter, trimester, 4-1-4) that report financial aid data for students enrolled for the FALL and awarded aid anytime during the full aid year.

Also, applicable to public or private institutions that measure courses primarily by clock hours, or offers primarily occupational programs measured in credit hours with calendar systems that are continuous or differs by programs. These institutions report financial aid data for  students enrolled between the 12-month period (September 1 through August 31) and awarded aid anytime during the full aid year.

Income level - The income that was used by the institution’s financial aid office to determine the student’s Expected Family Contribution (EFC). For dependent students this will include the parents’ adjusted grossncome and the student’s adjusted gross income. For independent students this will include the student’s adjusted gross income.

Title IV aid to students includes grant aid, work study aid, and loan aid. These include: Federal Pell Grant, Federal Supplemental Educational Opportunity Grant (FSEOG), Academic Competitiveness Grant (ACG), National Science and Mathematics Access to Retain Talent Grant (National SMART Grant), Teacher Education Assistance for College and Higher Education (TEACH) Grant, Federal Work-Study, Federal Perkins Loan, Subsidized Direct or FFEL Stafford Loan, and Unsubsidized Direct or FFEL Stafford Loan.

Full-time, first-time degree/certificate-seeking undergraduates - A student enrolled in a 4- or 5-year bachelor's degree program, an associate's degree program, or a vocational or technical program below the baccalaureate level, who has no prior postsecondary experience, and is enrolled for 12 or more semester credits, or 12 or more quarter credits, or 24 or more clock hours a week each term."
Description,247,71291,GRN4N21,"Number of full-time, first-time degree/certificate-seeking undergraduates who were awarded title IV federal student aid (INCOME LEVEL 30,001-48,000) .  Title IV federal student aid, includes federal grants or federal student loans. 

Applicable to private not-for-profit and for-profit institutions with standard calendar systems (semester, quarter, trimester, 4-1-4) that report financial aid data for students enrolled for the FALL and awarded aid anytime during the full aid year.

Also, applicable to public or private institutions that measure courses primarily by clock hours, or offers primarily occupational programs measured in credit hours with calendar systems that are continuous or differs by programs. These institutions report financial aid data for  students enrolled between the 12-month period (September 1 through August 31) and awarded aid anytime during the full aid year.

Income level - The income that was used by the institution’s financial aid office to determine the student’s Expected Family Contribution (EFC). For dependent students this will include the parents’ adjusted grossncome and the student’s adjusted gross income. For independent students this will include the student’s adjusted gross income.

Title IV aid to students includes grant aid, work study aid, and loan aid. These include: Federal Pell Grant, Federal Supplemental Educational Opportunity Grant (FSEOG), Academic Competitiveness Grant (ACG), National Science and Mathematics Access to Retain Talent Grant (National SMART Grant), Teacher Education Assistance for College and Higher Education (TEACH) Grant, Federal Work-Study, Federal Perkins Loan, Subsidized Direct or FFEL Stafford Loan, and Unsubsidized Direct or FFEL Stafford Loan.

Full-time, first-time degree/certificate-seeking undergraduates - A student enrolled in a 4- or 5-year bachelor's degree program, an associate's degree program, or a vocational or technical program below the baccalaureate level, who has no prior postsecondary experience, and is enrolled for 12 or more semester credits, or 12 or more quarter credits, or 24 or more clock hours a week each term."
Description,248,71296,GRN4T21,"Total amount of grant and scholarship aid from federal, state or local governments, or institutional sources awarded to full-time, first-time degree/certificate-seeking undergraduates who were awarded title IV federal student aid - (INCOME LEVEL 30,001-48,000).  Title IV federal student aid, includes federal grants or federal student loans. 

Applicable to private not-for-profit and for-profit institutions with standard calendar systems (semester, quarter, trimester, 4-1-4) that report financial aid data for students enrolled for the FALL and awarded aid anytime during the full aid year.

Also, applicable to public or private institutions that measure courses primarily by clock hours, or offers primarily occupational programs measured in credit hours with calendar systems that are continuous or differs by programs. These institutions report financial aid data for  students enrolled between the 12-month period (September 1 through August 31) and awarded aid anytime during the full aid year.

Income level - The income that was used by the institution’s financial aid office to determine the student’s Expected Family Contribution (EFC). For dependent students this will include the parents’ adjusted grossncome and the student’s adjusted gross income. For independent students this will include the student’s adjusted gross income.

Title IV aid to students includes grant aid, work study aid, and loan aid. These include: Federal Pell Grant, Federal Supplemental Educational Opportunity Grant (FSEOG), Academic Competitiveness Grant (ACG), National Science and Mathematics Access to Retain Talent Grant (National SMART Grant), Teacher Education Assistance for College and Higher Education (TEACH) Grant, Federal Work-Study, Federal Perkins Loan, Subsidized Direct or FFEL Stafford Loan, and Unsubsidized Direct or FFEL Stafford Loan.

Full-time, first-time degree/certificate-seeking undergraduates - A student enrolled in a 4- or 5-year bachelor's degree program, an associate's degree program, or a vocational or technical program below the baccalaureate level, who has no prior postsecondary experience, and is enrolled for 12 or more semester credits, or 12 or more quarter credits, or 24 or more clock hours a week each term."
Description,249,71301,GRN4A21,"Average amount of grant and scholarship aid from federal, state or local governments, or institutional sources awarded to full-time, first-time degree/certificate-seeking undergraduates who were awarded title IV federal student aid - (INCOME LEVEL 30,001-48,000).  Title IV federal student aid, includes federal grants or federal student loans. 

Applicable to private not-for-profit and for-profit institutions with standard calendar systems (semester, quarter, trimester, 4-1-4) that report financial aid data for students enrolled for the FALL and awarded aid anytime during the full aid year.

Also, applicable to public or private institutions that measure courses primarily by clock hours, or offers primarily occupational programs measured in credit hours with calendar systems that are continuous or differs by programs. These institutions report financial aid data for  students enrolled between the 12-month period (September 1 through August 31) and awarded aid anytime during the full aid year.

Income level - The income that was used by the institution’s financial aid office to determine the student’s Expected Family Contribution (EFC). For dependent students this will include the parents’ adjusted grossncome and the student’s adjusted gross income. For independent students this will include the student’s adjusted gross income.

Title IV aid to students includes grant aid, work study aid, and loan aid. These include: Federal Pell Grant, Federal Supplemental Educational Opportunity Grant (FSEOG), Academic Competitiveness Grant (ACG), National Science and Mathematics Access to Retain Talent Grant (National SMART Grant), Teacher Education Assistance for College and Higher Education (TEACH) Grant, Federal Work-Study, Federal Perkins Loan, Subsidized Direct or FFEL Stafford Loan, and Unsubsidized Direct or FFEL Stafford Loan.

Full-time, first-time degree/certificate-seeking undergraduates - A student enrolled in a 4- or 5-year bachelor's degree program, an associate's degree program, or a vocational or technical program below the baccalaureate level, who has no prior postsecondary experience, and is enrolled for 12 or more semester credits, or 12 or more quarter credits, or 24 or more clock hours a week each term."
Description,250,71306,GRN4N31,"Number of full-time, first-time degree/certificate-seeking undergraduates who were awarded title IV federal student aid (INCOME LEVEL 48,001-75,000) .  Title IV federal student aid, includes federal grants or federal student loans. 

Applicable to private not-for-profit and for-profit institutions with standard calendar systems (semester, quarter, trimester, 4-1-4) that report financial aid data for students enrolled for the FALL and awarded aid anytime during the full aid year.

Also, applicable to public or private institutions that measure courses primarily by clock hours, or offers primarily occupational programs measured in credit hours with calendar systems that are continuous or differs by programs. These institutions report financial aid data for  students enrolled between the 12-month period (September 1 through August 31) and awarded aid anytime during the full aid year.

Income level - The income that was used by the institution’s financial aid office to determine the student’s Expected Family Contribution (EFC). For dependent students this will include the parents’ adjusted grossncome and the student’s adjusted gross income. For independent students this will include the student’s adjusted gross income.

Title IV aid to students includes grant aid, work study aid, and loan aid. These include: Federal Pell Grant, Federal Supplemental Educational Opportunity Grant (FSEOG), Academic Competitiveness Grant (ACG), National Science and Mathematics Access to Retain Talent Grant (National SMART Grant), Teacher Education Assistance for College and Higher Education (TEACH) Grant, Federal Work-Study, Federal Perkins Loan, Subsidized Direct or FFEL Stafford Loan, and Unsubsidized Direct or FFEL Stafford Loan.

Full-time, first-time degree/certificate-seeking undergraduates - A student enrolled in a 4- or 5-year bachelor's degree program, an associate's degree program, or a vocational or technical program below the baccalaureate level, who has no prior postsecondary experience, and is enrolled for 12 or more semester credits, or 12 or more quarter credits, or 24 or more clock hours a week each term."
Description,251,71311,GRN4T31,"Total amount of grant and scholarship aid from federal, state or local governments, or institutional sources awarded to full-time, first-time degree/certificate-seeking undergraduates who were awarded title IV federal student aid - (INCOME LEVEL 48,001-75,000).  Title IV federal student aid, includes federal grants or federal student loans. 

Applicable to private not-for-profit and for-profit institutions with standard calendar systems (semester, quarter, trimester, 4-1-4) that report financial aid data for students enrolled for the FALL and awarded aid anytime during the full aid year.

Also, applicable to public or private institutions that measure courses primarily by clock hours, or offers primarily occupational programs measured in credit hours with calendar systems that are continuous or differs by programs. These institutions report financial aid data for  students enrolled between the 12-month period (September 1 through August 31) and awarded aid anytime during the full aid year.

Income level - The income that was used by the institution’s financial aid office to determine the student’s Expected Family Contribution (EFC). For dependent students this will include the parents’ adjusted grossncome and the student’s adjusted gross income. For independent students this will include the student’s adjusted gross income.

Title IV aid to students includes grant aid, work study aid, and loan aid. These include: Federal Pell Grant, Federal Supplemental Educational Opportunity Grant (FSEOG), Academic Competitiveness Grant (ACG), National Science and Mathematics Access to Retain Talent Grant (National SMART Grant), Teacher Education Assistance for College and Higher Education (TEACH) Grant, Federal Work-Study, Federal Perkins Loan, Subsidized Direct or FFEL Stafford Loan, and Unsubsidized Direct or FFEL Stafford Loan.

Full-time, first-time degree/certificate-seeking undergraduates - A student enrolled in a 4- or 5-year bachelor's degree program, an associate's degree program, or a vocational or technical program below the baccalaureate level, who has no prior postsecondary experience, and is enrolled for 12 or more semester credits, or 12 or more quarter credits, or 24 or more clock hours a week each term."
Description,252,71316,GRN4A31,"Average amount of grant and scholarship aid from federal, state or local governments, or institutional sources awarded to full-time, first-time degree/certificate-seeking undergraduates who were awarded title IV federal student aid - (INCOME LEVEL 48,001-75,000).  Title IV federal student aid, includes federal grants or federal student loans. 

Applicable to private not-for-profit and for-profit institutions with standard calendar systems (semester, quarter, trimester, 4-1-4) that report financial aid data for students enrolled for the FALL and awarded aid anytime during the full aid year.

Also, applicable to public or private institutions that measure courses primarily by clock hours, or offers primarily occupational programs measured in credit hours with calendar systems that are continuous or differs by programs. These institutions report financial aid data for  students enrolled between the 12-month period (September 1 through August 31) and awarded aid anytime during the full aid year.

Income level - The income that was used by the institution’s financial aid office to determine the student’s Expected Family Contribution (EFC). For dependent students this will include the parents’ adjusted grossncome and the student’s adjusted gross income. For independent students this will include the student’s adjusted gross income.

Title IV aid to students includes grant aid, work study aid, and loan aid. These include: Federal Pell Grant, Federal Supplemental Educational Opportunity Grant (FSEOG), Academic Competitiveness Grant (ACG), National Science and Mathematics Access to Retain Talent Grant (National SMART Grant), Teacher Education Assistance for College and Higher Education (TEACH) Grant, Federal Work-Study, Federal Perkins Loan, Subsidized Direct or FFEL Stafford Loan, and Unsubsidized Direct or FFEL Stafford Loan.

Full-time, first-time degree/certificate-seeking undergraduates - A student enrolled in a 4- or 5-year bachelor's degree program, an associate's degree program, or a vocational or technical program below the baccalaureate level, who has no prior postsecondary experience, and is enrolled for 12 or more semester credits, or 12 or more quarter credits, or 24 or more clock hours a week each term."
Description,253,71321,GRN4N41,"Number of full-time, first-time degree/certificate-seeking undergraduates who were awarded title IV federal student aid  (INCOME LEVEL 75,001-110,000) .  Title IV federal student aid, includes federal grants or federal student loans. 

Applicable to private not-for-profit and for-profit institutions with standard calendar systems (semester, quarter, trimester, 4-1-4) that report financial aid data for students enrolled for the FALL and awarded aid anytime during the full aid year.

Also, applicable to public or private institutions that measure courses primarily by clock hours, or offers primarily occupational programs measured in credit hours with calendar systems that are continuous or differs by programs. These institutions report financial aid data for  students enrolled between the 12-month period (September 1 through August 31) and awarded aid anytime during the full aid year.

Income level - The income that was used by the institution’s financial aid office to determine the student’s Expected Family Contribution (EFC). For dependent students this will include the parents’ adjusted grossncome and the student’s adjusted gross income. For independent students this will include the student’s adjusted gross income.

Title IV aid to students includes grant aid, work study aid, and loan aid. These include: Federal Pell Grant, Federal Supplemental Educational Opportunity Grant (FSEOG), Academic Competitiveness Grant (ACG), National Science and Mathematics Access to Retain Talent Grant (National SMART Grant), Teacher Education Assistance for College and Higher Education (TEACH) Grant, Federal Work-Study, Federal Perkins Loan, Subsidized Direct or FFEL Stafford Loan, and Unsubsidized Direct or FFEL Stafford Loan.

Full-time, first-time degree/certificate-seeking undergraduates - A student enrolled in a 4- or 5-year bachelor's degree program, an associate's degree program, or a vocational or technical program below the baccalaureate level, who has no prior postsecondary experience, and is enrolled for 12 or more semester credits, or 12 or more quarter credits, or 24 or more clock hours a week each term."
Description,254,71326,GRN4T41,"Total amount of grant and scholarship aid from federal, state or local governments, or institutional sources awarded to full-time, first-time degree/certificate-seeking undergraduates who were awarded title IV federal student aid - (INCOME LEVEL 75,001-110,000).  Title IV federal student aid, includes federal grants or federal student loans. 

Applicable to private not-for-profit and for-profit institutions with standard calendar systems (semester, quarter, trimester, 4-1-4) that report financial aid data for students enrolled for the FALL and awarded aid anytime during the full aid year.

Also, applicable to public or private institutions that measure courses primarily by clock hours, or offers primarily occupational programs measured in credit hours with calendar systems that are continuous or differs by programs. These institutions report financial aid data for  students enrolled between the 12-month period (September 1 through August 31) and awarded aid anytime during the full aid year.

Income level - The income that was used by the institution’s financial aid office to determine the student’s Expected Family Contribution (EFC). For dependent students this will include the parents’ adjusted grossncome and the student’s adjusted gross income. For independent students this will include the student’s adjusted gross income.

Title IV aid to students includes grant aid, work study aid, and loan aid. These include: Federal Pell Grant, Federal Supplemental Educational Opportunity Grant (FSEOG), Academic Competitiveness Grant (ACG), National Science and Mathematics Access to Retain Talent Grant (National SMART Grant), Teacher Education Assistance for College and Higher Education (TEACH) Grant, Federal Work-Study, Federal Perkins Loan, Subsidized Direct or FFEL Stafford Loan, and Unsubsidized Direct or FFEL Stafford Loan.

Full-time, first-time degree/certificate-seeking undergraduates - A student enrolled in a 4- or 5-year bachelor's degree program, an associate's degree program, or a vocational or technical program below the baccalaureate level, who has no prior postsecondary experience, and is enrolled for 12 or more semester credits, or 12 or more quarter credits, or 24 or more clock hours a week each term."
Description,255,71331,GRN4A41,"Average amount of grant and scholarship aid from federal, state or local governments, or institutional sources awarded to full-time, first-time degree/certificate-seeking undergraduates who were awarded title IV federal student aid - (INCOME LEVEL 75,001-110,000).  Title IV federal student aid, includes federal grants or federal student loans. 

Applicable to private not-for-profit and for-profit institutions with standard calendar systems (semester, quarter, trimester, 4-1-4) that report financial aid data for students enrolled for the FALL and awarded aid anytime during the full aid year.

Also, applicable to public or private institutions that measure courses primarily by clock hours, or offers primarily occupational programs measured in credit hours with calendar systems that are continuous or differs by programs. These institutions report financial aid data for  students enrolled between the 12-month period (September 1 through August 31) and awarded aid anytime during the full aid year.

Income level - The income that was used by the institution’s financial aid office to determine the student’s Expected Family Contribution (EFC). For dependent students this will include the parents’ adjusted grossncome and the student’s adjusted gross income. For independent students this will include the student’s adjusted gross income.

Title IV aid to students includes grant aid, work study aid, and loan aid. These include: Federal Pell Grant, Federal Supplemental Educational Opportunity Grant (FSEOG), Academic Competitiveness Grant (ACG), National Science and Mathematics Access to Retain Talent Grant (National SMART Grant), Teacher Education Assistance for College and Higher Education (TEACH) Grant, Federal Work-Study, Federal Perkins Loan, Subsidized Direct or FFEL Stafford Loan, and Unsubsidized Direct or FFEL Stafford Loan.

Full-time, first-time degree/certificate-seeking undergraduates - A student enrolled in a 4- or 5-year bachelor's degree program, an associate's degree program, or a vocational or technical program below the baccalaureate level, who has no prior postsecondary experience, and is enrolled for 12 or more semester credits, or 12 or more quarter credits, or 24 or more clock hours a week each term."
Description,256,71336,GRN4N51,"Number of full-time, first-time degree/certificate-seeking undergraduates who were awarded title IV federal student aid (INCOME LEVEL 110,001 or more) .  Title IV federal student aid, includes federal grants or federal student loans. 

Applicable to private not-for-profit and for-profit institutions with standard calendar systems (semester, quarter, trimester, 4-1-4) that report financial aid data for students enrolled for the FALL and awarded aid anytime during the full aid year.

Also, applicable to public or private institutions that measure courses primarily by clock hours, or offers primarily occupational programs measured in credit hours with calendar systems that are continuous or differs by programs. These institutions report financial aid data for  students enrolled between the 12-month period (September 1 through August 31) and awarded aid anytime during the full aid year.

Income level - The income that was used by the institution’s financial aid office to determine the student’s Expected Family Contribution (EFC). For dependent students this will include the parents’ adjusted grossncome and the student’s adjusted gross income. For independent students this will include the student’s adjusted gross income.

Title IV aid to students includes grant aid, work study aid, and loan aid. These include: Federal Pell Grant, Federal Supplemental Educational Opportunity Grant (FSEOG), Academic Competitiveness Grant (ACG), National Science and Mathematics Access to Retain Talent Grant (National SMART Grant), Teacher Education Assistance for College and Higher Education (TEACH) Grant, Federal Work-Study, Federal Perkins Loan, Subsidized Direct or FFEL Stafford Loan, and Unsubsidized Direct or FFEL Stafford Loan.

Full-time, first-time degree/certificate-seeking undergraduates - A student enrolled in a 4- or 5-year bachelor's degree program, an associate's degree program, or a vocational or technical program below the baccalaureate level, who has no prior postsecondary experience, and is enrolled for 12 or more semester credits, or 12 or more quarter credits, or 24 or more clock hours a week each term."
Description,257,71341,GRN4T51,"Total amount of grant and scholarship aid from federal, state or local governments, or institutional sources awarded to full-time, first-time degree/certificate-seeking undergraduates who were awarded title IV federal student aid - (INCOME LEVEL 110,001 or more).  Title IV federal student aid, includes federal grants or federal student loans. 

Applicable to private not-for-profit and for-profit institutions with standard calendar systems (semester, quarter, trimester, 4-1-4) that report financial aid data for students enrolled for the FALL and awarded aid anytime during the full aid year.

Also, applicable to public or private institutions that measure courses primarily by clock hours, or offers primarily occupational programs measured in credit hours with calendar systems that are continuous or differs by programs. These institutions report financial aid data for  students enrolled between the 12-month period (September 1 through August 31) and awarded aid anytime during the full aid year.

Income level - The income that was used by the institution’s financial aid office to determine the student’s Expected Family Contribution (EFC). For dependent students this will include the parents’ adjusted grossncome and the student’s adjusted gross income. For independent students this will include the student’s adjusted gross income.

Title IV aid to students includes grant aid, work study aid, and loan aid. These include: Federal Pell Grant, Federal Supplemental Educational Opportunity Grant (FSEOG), Academic Competitiveness Grant (ACG), National Science and Mathematics Access to Retain Talent Grant (National SMART Grant), Teacher Education Assistance for College and Higher Education (TEACH) Grant, Federal Work-Study, Federal Perkins Loan, Subsidized Direct or FFEL Stafford Loan, and Unsubsidized Direct or FFEL Stafford Loan.

Full-time, first-time degree/certificate-seeking undergraduates - A student enrolled in a 4- or 5-year bachelor's degree program, an associate's degree program, or a vocational or technical program below the baccalaureate level, who has no prior postsecondary experience, and is enrolled for 12 or more semester credits, or 12 or more quarter credits, or 24 or more clock hours a week each term."
Description,258,71346,GRN4A51,"Average amount of grant and scholarship aid from federal, state or local governments, or institutional sources awarded to full-time, first-time degree/certificate-seeking undergraduates who were awarded title IV federal student aid - (INCOME LEVEL 110,001 or more).  Title IV federal student aid, includes federal grants or federal student loans. 

Applicable to private not-for-profit and for-profit institutions with standard calendar systems (semester, quarter, trimester, 4-1-4) that report financial aid data for students enrolled for the FALL and awarded aid anytime during the full aid year.

Also, applicable to public or private institutions that measure courses primarily by clock hours, or offers primarily occupational programs measured in credit hours with calendar systems that are continuous or differs by programs. These institutions report financial aid data for  students enrolled between the 12-month period (September 1 through August 31) and awarded aid anytime during the full aid year.

Income level - The income that was used by the institution’s financial aid office to determine the student’s Expected Family Contribution (EFC). For dependent students this will include the parents’ adjusted grossncome and the student’s adjusted gross income. For independent students this will include the student’s adjusted gross income.

Title IV aid to students includes grant aid, work study aid, and loan aid. These include: Federal Pell Grant, Federal Supplemental Educational Opportunity Grant (FSEOG), Academic Competitiveness Grant (ACG), National Science and Mathematics Access to Retain Talent Grant (National SMART Grant), Teacher Education Assistance for College and Higher Education (TEACH) Grant, Federal Work-Study, Federal Perkins Loan, Subsidized Direct or FFEL Stafford Loan, and Unsubsidized Direct or FFEL Stafford Loan.

Full-time, first-time degree/certificate-seeking undergraduates - A student enrolled in a 4- or 5-year bachelor's degree program, an associate's degree program, or a vocational or technical program below the baccalaureate level, who has no prior postsecondary experience, and is enrolled for 12 or more semester credits, or 12 or more quarter credits, or 24 or more clock hours a week each term."
Description,259,71541,GRN4N0,"Total number of full-time, first-time degree/certificate-seeking undergraduates who were awarded title IV federal student aid .  Title IV federal student aid, includes federal grants or federal student loans. 

Applicable to private not-for-profit and for-profit institutions with standard calendar systems (semester, quarter, trimester, 4-1-4) that report financial aid data for students enrolled for the FALL and awarded aid anytime during the full aid year.

Also, applicable to public or private institutions that measure courses primarily by clock hours, or offers primarily occupational programs measured in credit hours with calendar systems that are continuous or differs by programs. These institutions report financial aid data for  students enrolled between the 12-month period (September 1 through August 31) and awarded aid anytime during the full aid year.

Title IV aid to students includes grant aid, work study aid, and loan aid. These include: Federal Pell Grant, Federal Supplemental Educational Opportunity Grant (FSEOG), Academic Competitiveness Grant (ACG), National Science and Mathematics Access to Retain Talent Grant (National SMART Grant), Teacher Education Assistance for College and Higher Education (TEACH) Grant, Federal Work-Study, Federal Perkins Loan, Subsidized Direct or FFEL Stafford Loan, and Unsubsidized Direct or FFEL Stafford Loan.

Full-time, first-time degree/certificate-seeking undergraduates - A student enrolled in a 4- or 5-year bachelor's degree program, an associate's degree program, or a vocational or technical program below the baccalaureate level, who has no prior postsecondary experience, and is enrolled for 12 or more semester credits, or 12 or more quarter credits, or 24 or more clock hours a week each term."
Description,260,71546,GRN4ON0,"Total number of full-time, first-time degree/certificate-seeking undergraduates LIVING ON-CAMPUS, who were awarded title IV federal student aid .  Title IV federal student aid, includes federal grants or federal student loans. 

Applicable to private not-for-profit and for-profit institutions with standard calendar systems (semester, quarter, trimester, 4-1-4) that report financial aid data for students enrolled for the FALL and awarded aid anytime during the full aid year.

Also, applicable to public or private institutions that measure courses primarily by clock hours, or offers primarily occupational programs measured in credit hours with calendar systems that are continuous or differs by programs. These institutions report financial aid data for  students enrolled between the 12-month period (September 1 through August 31) and awarded aid anytime during the full aid year.

Title IV aid to students includes grant aid, work study aid, and loan aid. These include: Federal Pell Grant, Federal Supplemental Educational Opportunity Grant (FSEOG), Academic Competitiveness Grant (ACG), National Science and Mathematics Access to Retain Talent Grant (National SMART Grant), Teacher Education Assistance for College and Higher Education (TEACH) Grant, Federal Work-Study, Federal Perkins Loan, Subsidized Direct or FFEL Stafford Loan, and Unsubsidized Direct or FFEL Stafford Loan.

Full-time, first-time degree/certificate-seeking undergraduates - A student enrolled in a 4- or 5-year bachelor's degree program, an associate's degree program, or a vocational or technical program below the baccalaureate level, who has no prior postsecondary experience, and is enrolled for 12 or more semester credits, or 12 or more quarter credits, or 24 or more clock hours a week each term.

On-campus housing - residence halls owned or controlled by an institution within the same reasonably contiguous geographic area and used by the institution in direct support of or in a manner related to, the institution's educational purposes.
Off-campus housing - housing facility that is occupied by students but is not owned or controlled by the educational institution."
Description,261,71551,GRN4WF0,"Total number of full-time, first-time degree/certificate-seeking undergraduates LIVING OFF-CAMPUS (WITH FAMILY), who were awarded title IV federal student aid .  Title IV federal student aid, includes federal grants or federal student loans. 

Applicable to private not-for-profit and for-profit institutions with standard calendar systems (semester, quarter, trimester, 4-1-4) that report financial aid data for students enrolled for the FALL and awarded aid anytime during the full aid year.

Also, applicable to public or private institutions that measure courses primarily by clock hours, or offers primarily occupational programs measured in credit hours with calendar systems that are continuous or differs by programs. These institutions report financial aid data for  students enrolled between the 12-month period (September 1 through August 31) and awarded aid anytime during the full aid year.

Title IV aid to students includes grant aid, work study aid, and loan aid. These include: Federal Pell Grant, Federal Supplemental Educational Opportunity Grant (FSEOG), Academic Competitiveness Grant (ACG), National Science and Mathematics Access to Retain Talent Grant (National SMART Grant), Teacher Education Assistance for College and Higher Education (TEACH) Grant, Federal Work-Study, Federal Perkins Loan, Subsidized Direct or FFEL Stafford Loan, and Unsubsidized Direct or FFEL Stafford Loan.

Full-time, first-time degree/certificate-seeking undergraduates - A student enrolled in a 4- or 5-year bachelor's degree program, an associate's degree program, or a vocational or technical program below the baccalaureate level, who has no prior postsecondary experience, and is enrolled for 12 or more semester credits, or 12 or more quarter credits, or 24 or more clock hours a week each term.

On-campus housing - residence halls owned or controlled by an institution within the same reasonably contiguous geographic area and used by the institution in direct support of or in a manner related to, the institution's educational purposes.
Off-campus housing - housing facility that is occupied by students but is not owned or controlled by the educational institution."
Description,262,71556,GRN4OF0,"Total number of full-time, first-time degree/certificate-seeking undergraduates LIVING OFF-CAMPUS (NOT WITH FAMILY), who were awarded title IV federal student aid .  Title IV federal student aid, includes federal grants or federal student loans. 

Applicable to private not-for-profit and for-profit institutions with standard calendar systems (semester, quarter, trimester, 4-1-4) that report financial aid data for students enrolled for the FALL and awarded aid anytime during the full aid year.

Also, applicable to public or private institutions that measure courses primarily by clock hours, or offers primarily occupational programs measured in credit hours with calendar systems that are continuous or differs by programs. These institutions report financial aid data for  students enrolled between the 12-month period (September 1 through August 31) and awarded aid anytime during the full aid year.

Title IV aid to students includes grant aid, work study aid, and loan aid. These include: Federal Pell Grant, Federal Supplemental Educational Opportunity Grant (FSEOG), Academic Competitiveness Grant (ACG), National Science and Mathematics Access to Retain Talent Grant (National SMART Grant), Teacher Education Assistance for College and Higher Education (TEACH) Grant, Federal Work-Study, Federal Perkins Loan, Subsidized Direct or FFEL Stafford Loan, and Unsubsidized Direct or FFEL Stafford Loan.

Full-time, first-time degree/certificate-seeking undergraduates - A student enrolled in a 4- or 5-year bachelor's degree program, an associate's degree program, or a vocational or technical program below the baccalaureate level, who has no prior postsecondary experience, and is enrolled for 12 or more semester credits, or 12 or more quarter credits, or 24 or more clock hours a week each term.

On-campus housing - residence halls owned or controlled by an institution within the same reasonably contiguous geographic area and used by the institution in direct support of or in a manner related to, the institution's educational purposes.
Off-campus housing - housing facility that is occupied by students but is not owned or controlled by the educational institution."
Description,263,71561,GRN4UN0,"Total number of full-time, first-time degree/certificate-seeking undergraduates LIVING ARRANGEMENT UNKNOWN, who were awarded title IV federal student aid .  Title IV federal student aid, includes federal grants or federal student loans. 

Applicable to private not-for-profit and for-profit institutions with standard calendar systems (semester, quarter, trimester, 4-1-4) that report financial aid data for students enrolled for the FALL and awarded aid anytime during the full aid year.

Also, applicable to public or private institutions that measure courses primarily by clock hours, or offers primarily occupational programs measured in credit hours with calendar systems that are continuous or differs by programs. These institutions report financial aid data for  students enrolled between the 12-month period (September 1 through August 31) and awarded aid anytime during the full aid year.

Title IV aid to students includes grant aid, work study aid, and loan aid. These include: Federal Pell Grant, Federal Supplemental Educational Opportunity Grant (FSEOG), Academic Competitiveness Grant (ACG), National Science and Mathematics Access to Retain Talent Grant (National SMART Grant), Teacher Education Assistance for College and Higher Education (TEACH) Grant, Federal Work-Study, Federal Perkins Loan, Subsidized Direct or FFEL Stafford Loan, and Unsubsidized Direct or FFEL Stafford Loan.

Full-time, first-time degree/certificate-seeking undergraduates - A student enrolled in a 4- or 5-year bachelor's degree program, an associate's degree program, or a vocational or technical program below the baccalaureate level, who has no prior postsecondary experience, and is enrolled for 12 or more semester credits, or 12 or more quarter credits, or 24 or more clock hours a week each term.

On-campus housing - residence halls owned or controlled by an institution within the same reasonably contiguous geographic area and used by the institution in direct support of or in a manner related to, the institution's educational purposes.
Off-campus housing - housing facility that is occupied by students but is not owned or controlled by the educational institution."
Description,264,71566,GRN4T0,"Total amount of grant and scholarship aid from federal, state or local governments, or institutional sources awarded to full-time, first-time degree/certificate-seeking undergraduates who were awarded title IV federal student aid - (All INCOME LEVELS).  Title IV federal student aid, includes federal grants or federal student loans. 

Applicable to private not-for-profit and for-profit institutions with standard calendar systems (semester, quarter, trimester, 4-1-4) that report financial aid data for students enrolled for the FALL and awarded aid anytime during the full aid year.

Also, applicable to public or private institutions that measure courses primarily by clock hours, or offers primarily occupational programs measured in credit hours with calendar systems that are continuous or differs by programs. These institutions report financial aid data for  students enrolled between the 12-month period (September 1 through August 31) and awarded aid anytime during the full aid year.

Title IV aid to students includes grant aid, work study aid, and loan aid. These include: Federal Pell Grant, Federal Supplemental Educational Opportunity Grant (FSEOG), Academic Competitiveness Grant (ACG), National Science and Mathematics Access to Retain Talent Grant (National SMART Grant), Teacher Education Assistance for College and Higher Education (TEACH) Grant, Federal Work-Study, Federal Perkins Loan, Subsidized Direct or FFEL Stafford Loan, and Unsubsidized Direct or FFEL Stafford Loan.

Full-time, first-time degree/certificate-seeking undergraduates - A student enrolled in a 4- or 5-year bachelor's degree program, an associate's degree program, or a vocational or technical program below the baccalaureate level, who has no prior postsecondary experience, and is enrolled for 12 or more semester credits, or 12 or more quarter credits, or 24 or more clock hours a week each term."
Description,265,71571,GRN4A0,"Average amount of grant and scholarship aid from federal, state or local governments, or institutional sources awarded to full-time, first-time degree/certificate-seeking undergraduates who were awarded title IV federal student aid - (All INCOME LEVELS).  Title IV federal student aid, includes federal grants or federal student loans. 

Applicable to private not-for-profit and for-profit institutions with standard calendar systems (semester, quarter, trimester, 4-1-4) that report financial aid data for students enrolled for the FALL and awarded aid anytime during the full aid year.

Also, applicable to public or private institutions that measure courses primarily by clock hours, or offers primarily occupational programs measured in credit hours with calendar systems that are continuous or differs by programs. These institutions report financial aid data for  students enrolled between the 12-month period (September 1 through August 31) and awarded aid anytime during the full aid year.

Title IV aid to students includes grant aid, work study aid, and loan aid. These include: Federal Pell Grant, Federal Supplemental Educational Opportunity Grant (FSEOG), Academic Competitiveness Grant (ACG), National Science and Mathematics Access to Retain Talent Grant (National SMART Grant), Teacher Education Assistance for College and Higher Education (TEACH) Grant, Federal Work-Study, Federal Perkins Loan, Subsidized Direct or FFEL Stafford Loan, and Unsubsidized Direct or FFEL Stafford Loan.

Full-time, first-time degree/certificate-seeking undergraduates - A student enrolled in a 4- or 5-year bachelor's degree program, an associate's degree program, or a vocational or technical program below the baccalaureate level, who has no prior postsecondary experience, and is enrolled for 12 or more semester credits, or 12 or more quarter credits, or 24 or more clock hours a week each term."
Description,266,71576,GRN4N10,"Number of full-time, first-time degree/certificate-seeking undergraduates who were awarded title IV federal student aid -(INCOME LEVEL 0-30,000).  Title IV federal student aid, includes federal grants or federal student loans. 

Applicable to private not-for-profit and for-profit institutions with standard calendar systems (semester, quarter, trimester, 4-1-4) that report financial aid data for students enrolled for the FALL and awarded aid anytime during the full aid year.

Also, applicable to public or private institutions that measure courses primarily by clock hours, or offers primarily occupational programs measured in credit hours with calendar systems that are continuous or differs by programs. These institutions report financial aid data for  students enrolled between the 12-month period (September 1 through August 31) and awarded aid anytime during the full aid year.

Title IV aid to students includes grant aid, work study aid, and loan aid. These include: Federal Pell Grant, Federal Supplemental Educational Opportunity Grant (FSEOG), Academic Competitiveness Grant (ACG), National Science and Mathematics Access to Retain Talent Grant (National SMART Grant), Teacher Education Assistance for College and Higher Education (TEACH) Grant, Federal Work-Study, Federal Perkins Loan, Subsidized Direct or FFEL Stafford Loan, and Unsubsidized Direct or FFEL Stafford Loan.

Full-time, first-time degree/certificate-seeking undergraduates - A student enrolled in a 4- or 5-year bachelor's degree program, an associate's degree program, or a vocational or technical program below the baccalaureate level, who has no prior postsecondary experience, and is enrolled for 12 or more semester credits, or 12 or more quarter credits, or 24 or more clock hours a week each term."
Description,267,71581,GRN4T10,"Total amount of grant and scholarship aid from federal, state or local governments, or institutional sources awarded to full-time, first-time degree/certificate-seeking undergraduates who were awarded title IV federal student aid - (INCOME LEVEL 0-30,000).  Title IV federal student aid, includes federal grants or federal student loans. 

Applicable to private not-for-profit and for-profit institutions with standard calendar systems (semester, quarter, trimester, 4-1-4) that report financial aid data for students enrolled for the FALL and awarded aid anytime during the full aid year.

Also, applicable to public or private institutions that measure courses primarily by clock hours, or offers primarily occupational programs measured in credit hours with calendar systems that are continuous or differs by programs. These institutions report financial aid data for  students enrolled between the 12-month period (September 1 through August 31) and awarded aid anytime during the full aid year.

Income level - The income that was used by the institution’s financial aid office to determine the student’s Expected Family Contribution (EFC). For dependent students this will include the parents’ adjusted grossncome and the student’s adjusted gross income. For independent students this will include the student’s adjusted gross income.

Title IV aid to students includes grant aid, work study aid, and loan aid. These include: Federal Pell Grant, Federal Supplemental Educational Opportunity Grant (FSEOG), Academic Competitiveness Grant (ACG), National Science and Mathematics Access to Retain Talent Grant (National SMART Grant), Teacher Education Assistance for College and Higher Education (TEACH) Grant, Federal Work-Study, Federal Perkins Loan, Subsidized Direct or FFEL Stafford Loan, and Unsubsidized Direct or FFEL Stafford Loan.

Full-time, first-time degree/certificate-seeking undergraduates - A student enrolled in a 4- or 5-year bachelor's degree program, an associate's degree program, or a vocational or technical program below the baccalaureate level, who has no prior postsecondary experience, and is enrolled for 12 or more semester credits, or 12 or more quarter credits, or 24 or more clock hours a week each term."
Description,268,71586,GRN4A10,"Average amount of grant and scholarship aid from federal, state or local governments, or institutional sources awarded to full-time, first-time degree/certificate-seeking undergraduates who were awarded title IV federal student aid - (INCOME LEVEL 0-30,000).  Title IV federal student aid, includes federal grants or federal student loans. 

Applicable to private not-for-profit and for-profit institutions with standard calendar systems (semester, quarter, trimester, 4-1-4) that report financial aid data for students enrolled for the FALL and awarded aid anytime during the full aid year.

Also, applicable to public or private institutions that measure courses primarily by clock hours, or offers primarily occupational programs measured in credit hours with calendar systems that are continuous or differs by programs. These institutions report financial aid data for  students enrolled between the 12-month period (September 1 through August 31) and awarded aid anytime during the full aid year.

Income level - The income that was used by the institution’s financial aid office to determine the student’s Expected Family Contribution (EFC). For dependent students this will include the parents’ adjusted grossncome and the student’s adjusted gross income. For independent students this will include the student’s adjusted gross income.

Title IV aid to students includes grant aid, work study aid, and loan aid. These include: Federal Pell Grant, Federal Supplemental Educational Opportunity Grant (FSEOG), Academic Competitiveness Grant (ACG), National Science and Mathematics Access to Retain Talent Grant (National SMART Grant), Teacher Education Assistance for College and Higher Education (TEACH) Grant, Federal Work-Study, Federal Perkins Loan, Subsidized Direct or FFEL Stafford Loan, and Unsubsidized Direct or FFEL Stafford Loan.

Full-time, first-time degree/certificate-seeking undergraduates - A student enrolled in a 4- or 5-year bachelor's degree program, an associate's degree program, or a vocational or technical program below the baccalaureate level, who has no prior postsecondary experience, and is enrolled for 12 or more semester credits, or 12 or more quarter credits, or 24 or more clock hours a week each term."
Description,269,71591,GRN4N20,"Number of full-time, first-time degree/certificate-seeking undergraduates who were awarded title IV federal student aid (INCOME LEVEL 30,001-48,000) .  Title IV federal student aid, includes federal grants or federal student loans. 

Applicable to private not-for-profit and for-profit institutions with standard calendar systems (semester, quarter, trimester, 4-1-4) that report financial aid data for students enrolled for the FALL and awarded aid anytime during the full aid year.

Also, applicable to public or private institutions that measure courses primarily by clock hours, or offers primarily occupational programs measured in credit hours with calendar systems that are continuous or differs by programs. These institutions report financial aid data for  students enrolled between the 12-month period (September 1 through August 31) and awarded aid anytime during the full aid year.

Income level - The income that was used by the institution’s financial aid office to determine the student’s Expected Family Contribution (EFC). For dependent students this will include the parents’ adjusted grossncome and the student’s adjusted gross income. For independent students this will include the student’s adjusted gross income.

Title IV aid to students includes grant aid, work study aid, and loan aid. These include: Federal Pell Grant, Federal Supplemental Educational Opportunity Grant (FSEOG), Academic Competitiveness Grant (ACG), National Science and Mathematics Access to Retain Talent Grant (National SMART Grant), Teacher Education Assistance for College and Higher Education (TEACH) Grant, Federal Work-Study, Federal Perkins Loan, Subsidized Direct or FFEL Stafford Loan, and Unsubsidized Direct or FFEL Stafford Loan.

Full-time, first-time degree/certificate-seeking undergraduates - A student enrolled in a 4- or 5-year bachelor's degree program, an associate's degree program, or a vocational or technical program below the baccalaureate level, who has no prior postsecondary experience, and is enrolled for 12 or more semester credits, or 12 or more quarter credits, or 24 or more clock hours a week each term."
Description,270,71596,GRN4T20,"Total amount of grant and scholarship aid from federal, state or local governments, or institutional sources awarded to full-time, first-time degree/certificate-seeking undergraduates who were awarded title IV federal student aid - (INCOME LEVEL 30,001-48,000).  Title IV federal student aid, includes federal grants or federal student loans. 

Applicable to private not-for-profit and for-profit institutions with standard calendar systems (semester, quarter, trimester, 4-1-4) that report financial aid data for students enrolled for the FALL and awarded aid anytime during the full aid year.

Also, applicable to public or private institutions that measure courses primarily by clock hours, or offers primarily occupational programs measured in credit hours with calendar systems that are continuous or differs by programs. These institutions report financial aid data for  students enrolled between the 12-month period (September 1 through August 31) and awarded aid anytime during the full aid year.

Income level - The income that was used by the institution’s financial aid office to determine the student’s Expected Family Contribution (EFC). For dependent students this will include the parents’ adjusted grossncome and the student’s adjusted gross income. For independent students this will include the student’s adjusted gross income.

Title IV aid to students includes grant aid, work study aid, and loan aid. These include: Federal Pell Grant, Federal Supplemental Educational Opportunity Grant (FSEOG), Academic Competitiveness Grant (ACG), National Science and Mathematics Access to Retain Talent Grant (National SMART Grant), Teacher Education Assistance for College and Higher Education (TEACH) Grant, Federal Work-Study, Federal Perkins Loan, Subsidized Direct or FFEL Stafford Loan, and Unsubsidized Direct or FFEL Stafford Loan.

Full-time, first-time degree/certificate-seeking undergraduates - A student enrolled in a 4- or 5-year bachelor's degree program, an associate's degree program, or a vocational or technical program below the baccalaureate level, who has no prior postsecondary experience, and is enrolled for 12 or more semester credits, or 12 or more quarter credits, or 24 or more clock hours a week each term."
Description,271,71601,GRN4A20,"Average amount of grant and scholarship aid from federal, state or local governments, or institutional sources awarded to full-time, first-time degree/certificate-seeking undergraduates who were awarded title IV federal student aid - (INCOME LEVEL 30,001-48,000).  Title IV federal student aid, includes federal grants or federal student loans. 

Applicable to private not-for-profit and for-profit institutions with standard calendar systems (semester, quarter, trimester, 4-1-4) that report financial aid data for students enrolled for the FALL and awarded aid anytime during the full aid year.

Also, applicable to public or private institutions that measure courses primarily by clock hours, or offers primarily occupational programs measured in credit hours with calendar systems that are continuous or differs by programs. These institutions report financial aid data for  students enrolled between the 12-month period (September 1 through August 31) and awarded aid anytime during the full aid year.

Income level - The income that was used by the institution’s financial aid office to determine the student’s Expected Family Contribution (EFC). For dependent students this will include the parents’ adjusted grossncome and the student’s adjusted gross income. For independent students this will include the student’s adjusted gross income.

Title IV aid to students includes grant aid, work study aid, and loan aid. These include: Federal Pell Grant, Federal Supplemental Educational Opportunity Grant (FSEOG), Academic Competitiveness Grant (ACG), National Science and Mathematics Access to Retain Talent Grant (National SMART Grant), Teacher Education Assistance for College and Higher Education (TEACH) Grant, Federal Work-Study, Federal Perkins Loan, Subsidized Direct or FFEL Stafford Loan, and Unsubsidized Direct or FFEL Stafford Loan.

Full-time, first-time degree/certificate-seeking undergraduates - A student enrolled in a 4- or 5-year bachelor's degree program, an associate's degree program, or a vocational or technical program below the baccalaureate level, who has no prior postsecondary experience, and is enrolled for 12 or more semester credits, or 12 or more quarter credits, or 24 or more clock hours a week each term."
Description,272,71606,GRN4N30,"Number of full-time, first-time degree/certificate-seeking undergraduates who were awarded title IV federal student aid (INCOME LEVEL 48,001-75,000) .  Title IV federal student aid, includes federal grants or federal student loans. 

Applicable to private not-for-profit and for-profit institutions with standard calendar systems (semester, quarter, trimester, 4-1-4) that report financial aid data for students enrolled for the FALL and awarded aid anytime during the full aid year.

Also, applicable to public or private institutions that measure courses primarily by clock hours, or offers primarily occupational programs measured in credit hours with calendar systems that are continuous or differs by programs. These institutions report financial aid data for  students enrolled between the 12-month period (September 1 through August 31) and awarded aid anytime during the full aid year.

Income level - The income that was used by the institution’s financial aid office to determine the student’s Expected Family Contribution (EFC). For dependent students this will include the parents’ adjusted grossncome and the student’s adjusted gross income. For independent students this will include the student’s adjusted gross income.

Title IV aid to students includes grant aid, work study aid, and loan aid. These include: Federal Pell Grant, Federal Supplemental Educational Opportunity Grant (FSEOG), Academic Competitiveness Grant (ACG), National Science and Mathematics Access to Retain Talent Grant (National SMART Grant), Teacher Education Assistance for College and Higher Education (TEACH) Grant, Federal Work-Study, Federal Perkins Loan, Subsidized Direct or FFEL Stafford Loan, and Unsubsidized Direct or FFEL Stafford Loan.

Full-time, first-time degree/certificate-seeking undergraduates - A student enrolled in a 4- or 5-year bachelor's degree program, an associate's degree program, or a vocational or technical program below the baccalaureate level, who has no prior postsecondary experience, and is enrolled for 12 or more semester credits, or 12 or more quarter credits, or 24 or more clock hours a week each term."
Description,273,71611,GRN4T30,"Total amount of grant and scholarship aid from federal, state or local governments, or institutional sources awarded to full-time, first-time degree/certificate-seeking undergraduates who were awarded title IV federal student aid - (INCOME LEVEL 48,001-75,000).  Title IV federal student aid, includes federal grants or federal student loans. 

Applicable to private not-for-profit and for-profit institutions with standard calendar systems (semester, quarter, trimester, 4-1-4) that report financial aid data for students enrolled for the FALL and awarded aid anytime during the full aid year.

Also, applicable to public or private institutions that measure courses primarily by clock hours, or offers primarily occupational programs measured in credit hours with calendar systems that are continuous or differs by programs. These institutions report financial aid data for  students enrolled between the 12-month period (September 1 through August 31) and awarded aid anytime during the full aid year.

Title IV aid to students includes grant aid, work study aid, and loan aid. These include: Federal Pell Grant, Federal Supplemental Educational Opportunity Grant (FSEOG), Academic Competitiveness Grant (ACG), National Science and Mathematics Access to Retain Talent Grant (National SMART Grant), Teacher Education Assistance for College and Higher Education (TEACH) Grant, Federal Work-Study, Federal Perkins Loan, Subsidized Direct or FFEL Stafford Loan, and Unsubsidized Direct or FFEL Stafford Loan.

Income level - The income that was used by the institution’s financial aid office to determine the student’s Expected Family Contribution (EFC). For dependent students this will include the parents’ adjusted grossncome and the student’s adjusted gross income. For independent students this will include the student’s adjusted gross income.

Full-time, first-time degree/certificate-seeking undergraduates - A student enrolled in a 4- or 5-year bachelor's degree program, an associate's degree program, or a vocational or technical program below the baccalaureate level, who has no prior postsecondary experience, and is enrolled for 12 or more semester credits, or 12 or more quarter credits, or 24 or more clock hours a week each term."
Description,274,71616,GRN4A30,"Average amount of grant and scholarship aid from federal, state or local governments, or institutional sources awarded to full-time, first-time degree/certificate-seeking undergraduates who were awarded title IV federal student aid - (INCOME LEVEL 48,001-75,000).  Title IV federal student aid, includes federal grants or federal student loans. 

Applicable to private not-for-profit and for-profit institutions with standard calendar systems (semester, quarter, trimester, 4-1-4) that report financial aid data for students enrolled for the FALL and awarded aid anytime during the full aid year.

Also, applicable to public or private institutions that measure courses primarily by clock hours, or offers primarily occupational programs measured in credit hours with calendar systems that are continuous or differs by programs. These institutions report financial aid data for  students enrolled between the 12-month period (September 1 through August 31) and awarded aid anytime during the full aid year.

Income level - The income that was used by the institution’s financial aid office to determine the student’s Expected Family Contribution (EFC). For dependent students this will include the parents’ adjusted grossncome and the student’s adjusted gross income. For independent students this will include the student’s adjusted gross income.

Title IV aid to students includes grant aid, work study aid, and loan aid. These include: Federal Pell Grant, Federal Supplemental Educational Opportunity Grant (FSEOG), Academic Competitiveness Grant (ACG), National Science and Mathematics Access to Retain Talent Grant (National SMART Grant), Teacher Education Assistance for College and Higher Education (TEACH) Grant, Federal Work-Study, Federal Perkins Loan, Subsidized Direct or FFEL Stafford Loan, and Unsubsidized Direct or FFEL Stafford Loan.

Full-time, first-time degree/certificate-seeking undergraduates - A student enrolled in a 4- or 5-year bachelor's degree program, an associate's degree program, or a vocational or technical program below the baccalaureate level, who has no prior postsecondary experience, and is enrolled for 12 or more semester credits, or 12 or more quarter credits, or 24 or more clock hours a week each term."
Description,275,71621,GRN4N40,"Number of full-time, first-time degree/certificate-seeking undergraduates who were awarded title IV federal student aid  (INCOME LEVEL 75,001-110,000) .  Title IV federal student aid, includes federal grants or federal student loans. 

Applicable to private not-for-profit and for-profit institutions with standard calendar systems (semester, quarter, trimester, 4-1-4) that report financial aid data for students enrolled for the FALL and awarded aid anytime during the full aid year.

Also, applicable to public or private institutions that measure courses primarily by clock hours, or offers primarily occupational programs measured in credit hours with calendar systems that are continuous or differs by programs. These institutions report financial aid data for  students enrolled between the 12-month period (September 1 through August 31) and awarded aid anytime during the full aid year.

Income level - The income that was used by the institution’s financial aid office to determine the student’s Expected Family Contribution (EFC). For dependent students this will include the parents’ adjusted grossncome and the student’s adjusted gross income. For independent students this will include the student’s adjusted gross income.

Title IV aid to students includes grant aid, work study aid, and loan aid. These include: Federal Pell Grant, Federal Supplemental Educational Opportunity Grant (FSEOG), Academic Competitiveness Grant (ACG), National Science and Mathematics Access to Retain Talent Grant (National SMART Grant), Teacher Education Assistance for College and Higher Education (TEACH) Grant, Federal Work-Study, Federal Perkins Loan, Subsidized Direct or FFEL Stafford Loan, and Unsubsidized Direct or FFEL Stafford Loan.

Full-time, first-time degree/certificate-seeking undergraduates - A student enrolled in a 4- or 5-year bachelor's degree program, an associate's degree program, or a vocational or technical program below the baccalaureate level, who has no prior postsecondary experience, and is enrolled for 12 or more semester credits, or 12 or more quarter credits, or 24 or more clock hours a week each term."
Description,276,71626,GRN4T40,"Total amount of grant and scholarship aid from federal, state or local governments, or institutional sources awarded to full-time, first-time degree/certificate-seeking undergraduates who were awarded title IV federal student aid - (INCOME LEVEL 75,001-110,000).  Title IV federal student aid, includes federal grants or federal student loans. 

Applicable to private not-for-profit and for-profit institutions with standard calendar systems (semester, quarter, trimester, 4-1-4) that report financial aid data for students enrolled for the FALL and awarded aid anytime during the full aid year.

Also, applicable to public or private institutions that measure courses primarily by clock hours, or offers primarily occupational programs measured in credit hours with calendar systems that are continuous or differs by programs. These institutions report financial aid data for  students enrolled between the 12-month period (September 1 through August 31) and awarded aid anytime during the full aid year.

Income level - The income that was used by the institution’s financial aid office to determine the student’s Expected Family Contribution (EFC). For dependent students this will include the parents’ adjusted grossncome and the student’s adjusted gross income. For independent students this will include the student’s adjusted gross income.

Title IV aid to students includes grant aid, work study aid, and loan aid. These include: Federal Pell Grant, Federal Supplemental Educational Opportunity Grant (FSEOG), Academic Competitiveness Grant (ACG), National Science and Mathematics Access to Retain Talent Grant (National SMART Grant), Teacher Education Assistance for College and Higher Education (TEACH) Grant, Federal Work-Study, Federal Perkins Loan, Subsidized Direct or FFEL Stafford Loan, and Unsubsidized Direct or FFEL Stafford Loan.

Full-time, first-time degree/certificate-seeking undergraduates - A student enrolled in a 4- or 5-year bachelor's degree program, an associate's degree program, or a vocational or technical program below the baccalaureate level, who has no prior postsecondary experience, and is enrolled for 12 or more semester credits, or 12 or more quarter credits, or 24 or more clock hours a week each term."
Description,277,71631,GRN4A40,"Average amount of grant and scholarship aid from federal, state or local governments, or institutional sources awarded to full-time, first-time degree/certificate-seeking undergraduates who were awarded title IV federal student aid - (INCOME LEVEL 75,001-110,000).  Title IV federal student aid, includes federal grants or federal student loans. 

Applicable to private not-for-profit and for-profit institutions with standard calendar systems (semester, quarter, trimester, 4-1-4) that report financial aid data for students enrolled for the FALL and awarded aid anytime during the full aid year.

Also, applicable to public or private institutions that measure courses primarily by clock hours, or offers primarily occupational programs measured in credit hours with calendar systems that are continuous or differs by programs. These institutions report financial aid data for  students enrolled between the 12-month period (September 1 through August 31) and awarded aid anytime during the full aid year.

Income level - The income that was used by the institution’s financial aid office to determine the student’s Expected Family Contribution (EFC). For dependent students this will include the parents’ adjusted grossncome and the student’s adjusted gross income. For independent students this will include the student’s adjusted gross income.

Title IV aid to students includes grant aid, work study aid, and loan aid. These include: Federal Pell Grant, Federal Supplemental Educational Opportunity Grant (FSEOG), Academic Competitiveness Grant (ACG), National Science and Mathematics Access to Retain Talent Grant (National SMART Grant), Teacher Education Assistance for College and Higher Education (TEACH) Grant, Federal Work-Study, Federal Perkins Loan, Subsidized Direct or FFEL Stafford Loan, and Unsubsidized Direct or FFEL Stafford Loan.

Full-time, first-time degree/certificate-seeking undergraduates - A student enrolled in a 4- or 5-year bachelor's degree program, an associate's degree program, or a vocational or technical program below the baccalaureate level, who has no prior postsecondary experience, and is enrolled for 12 or more semester credits, or 12 or more quarter credits, or 24 or more clock hours a week each term."
Description,278,71636,GRN4N50,"Number of full-time, first-time degree/certificate-seeking undergraduates who were awarded title IV federal student aid (INCOME LEVEL 110,001 or more) .  Title IV federal student aid, includes federal grants or federal student loans. 

Applicable to private not-for-profit and for-profit institutions with standard calendar systems (semester, quarter, trimester, 4-1-4) that report financial aid data for students enrolled for the FALL and awarded aid anytime during the full aid year.

Also, applicable to public or private institutions that measure courses primarily by clock hours, or offers primarily occupational programs measured in credit hours with calendar systems that are continuous or differs by programs. These institutions report financial aid data for  students enrolled between the 12-month period (September 1 through August 31) and awarded aid anytime during the full aid year.

Income level - The income that was used by the institution’s financial aid office to determine the student’s Expected Family Contribution (EFC). For dependent students this will include the parents’ adjusted grossncome and the student’s adjusted gross income. For independent students this will include the student’s adjusted gross income.

Title IV aid to students includes grant aid, work study aid, and loan aid. These include: Federal Pell Grant, Federal Supplemental Educational Opportunity Grant (FSEOG), Academic Competitiveness Grant (ACG), National Science and Mathematics Access to Retain Talent Grant (National SMART Grant), Teacher Education Assistance for College and Higher Education (TEACH) Grant, Federal Work-Study, Federal Perkins Loan, Subsidized Direct or FFEL Stafford Loan, and Unsubsidized Direct or FFEL Stafford Loan.

Full-time, first-time degree/certificate-seeking undergraduates - A student enrolled in a 4- or 5-year bachelor's degree program, an associate's degree program, or a vocational or technical program below the baccalaureate level, who has no prior postsecondary experience, and is enrolled for 12 or more semester credits, or 12 or more quarter credits, or 24 or more clock hours a week each term."
Description,279,71641,GRN4T50,"Total amount of grant and scholarship aid from federal, state or local governments, or institutional sources awarded to full-time, first-time degree/certificate-seeking undergraduates who were awarded title IV federal student aid - (INCOME LEVEL 110,001 or more).  Title IV federal student aid, includes federal grants or federal student loans. 

Applicable to private not-for-profit and for-profit institutions with standard calendar systems (semester, quarter, trimester, 4-1-4) that report financial aid data for students enrolled for the FALL and awarded aid anytime during the full aid year.

Also, applicable to public or private institutions that measure courses primarily by clock hours, or offers primarily occupational programs measured in credit hours with calendar systems that are continuous or differs by programs. These institutions report financial aid data for  students enrolled between the 12-month period (September 1 through August 31) and awarded aid anytime during the full aid year.

Income level - The income that was used by the institution’s financial aid office to determine the student’s Expected Family Contribution (EFC). For dependent students this will include the parents’ adjusted grossncome and the student’s adjusted gross income. For independent students this will include the student’s adjusted gross income.

Title IV aid to students includes grant aid, work study aid, and loan aid. These include: Federal Pell Grant, Federal Supplemental Educational Opportunity Grant (FSEOG), Academic Competitiveness Grant (ACG), National Science and Mathematics Access to Retain Talent Grant (National SMART Grant), Teacher Education Assistance for College and Higher Education (TEACH) Grant, Federal Work-Study, Federal Perkins Loan, Subsidized Direct or FFEL Stafford Loan, and Unsubsidized Direct or FFEL Stafford Loan.

Full-time, first-time degree/certificate-seeking undergraduates - A student enrolled in a 4- or 5-year bachelor's degree program, an associate's degree program, or a vocational or technical program below the baccalaureate level, who has no prior postsecondary experience, and is enrolled for 12 or more semester credits, or 12 or more quarter credits, or 24 or more clock hours a week each term."
Description,280,71646,GRN4A50,"Average amount of grant and scholarship aid from federal, state or local governments, or institutional sources awarded to full-time, first-time degree/certificate-seeking undergraduates who were awarded title IV federal student aid - (INCOME LEVEL 110,001 or more).  Title IV federal student aid, includes federal grants or federal student loans. 

Applicable to private not-for-profit and for-profit institutions with standard calendar systems (semester, quarter, trimester, 4-1-4) that report financial aid data for students enrolled for the FALL and awarded aid anytime during the full aid year.

Also, applicable to public or private institutions that measure courses primarily by clock hours, or offers primarily occupational programs measured in credit hours with calendar systems that are continuous or differs by programs. These institutions report financial aid data for  students enrolled between the 12-month period (September 1 through August 31) and awarded aid anytime during the full aid year.

Income level - The income that was used by the institution’s financial aid office to determine the student’s Expected Family Contribution (EFC). For dependent students this will include the parents’ adjusted gross income and the student’s adjusted gross income. For independent students this will include the student’s adjusted gross income.

Title IV aid to students includes grant aid, work study aid, and loan aid. These include: Federal Pell Grant, Federal Supplemental Educational Opportunity Grant (FSEOG), Academic Competitiveness Grant (ACG), National Science and Mathematics Access to Retain Talent Grant (National SMART Grant), Teacher Education Assistance for College and Higher Education (TEACH) Grant, Federal Work-Study, Federal Perkins Loan, Subsidized Direct or FFEL Stafford Loan, and Unsubsidized Direct or FFEL Stafford Loan.

Full-time, first-time degree/certificate-seeking undergraduates - A student enrolled in a 4- or 5-year bachelor's degree program, an associate's degree program, or a vocational or technical program below the baccalaureate level, who has no prior postsecondary experience, and is enrolled for 12 or more semester credits, or 12 or more quarter credits, or 24 or more clock hours a week each term."
Description,281,71892,GRN4G2,"The number of full-time, first-time degree/certificate-seeking undergraduate students who were awarded any Title IV federal student aid and were awarded any grant or scholarship aid from the following sources: the federal government, state/local government, or the institution.

Students awarded Title IV federal student aid include students who were awarded federal grant aid or who were awarded federal work study or federal student loans.

Title IV federal student aid includes the following: 

Federal Pell Grant, Federal Supplemental Educational Opportunity Grant (FSEOG), Academic Competitiveness Grant (ACG), National Science and Mathematics Access to Retain Talent Grant (National SMART Grant), Teacher Education Assistance for College and Higher Education (TEACH) Grant ; Federal Work Study; Federal Perkins Loan, Subsidized Direct or FFEL Stafford Loan, and Unsubsidized Direct or FFEL Stafford Loan.

This variable includes Title IV recipients who were awarded grants or scholarship aid from the federal government, state/local government, or a grant or scholarship from the institution. Students that awarded grant or scholarship aid from private or other sources, or loans or Federal work study are excluded.

Applicable to private not-for-profit and for-profit institutions with standard calendar systems (semester, quarter, trimester, 4-1-4) that report financial aid data for students enrolled for the FALL and awarded aid anytime during the full aid year.

Also, applicable to public or private institutions that measure courses primarily by clock hours, or offers primarily occupational programs measured in credit hours with calendar systems that are continuous or differs by programs. These institutions report financial aid data for  students enrolled between the 12-month period (September 1 through August 31) and awarded aid anytime during the full aid year.

Title IV federal grant aid to students includes Federal Pell Grant, Federal Supplemental Educational Opportunity Grant (FSEOG), Academic Competitiveness Grant (ACG), National Science and Mathematics Access to Retain Talent Grant (National SMART Grant), Teacher Education Assistance for College and Higher Education (TEACH) Grant .

Full-time, first-time degree/certificate-seeking undergraduates - A student enrolled in a 4- or 5-year bachelor's degree program, an associate's degree program, or a vocational or technical program below the baccalaureate level, who has no prior postsecondary experience, and is enrolled for 12 or more semester credits, or 12 or more quarter credits, or 24 or more clock hours a week each term."
Description,282,71897,GRN4G12,"The number of full-time, first-time degree/certificate-seeking undergraduate students who were awarded any Title IV federal student aid and were awarded any grant or scholarship aid from the following sources: the federal government, state/local government, or the institution. INCOME LEVEL (0-30,000)

Students awarded Title IV federal student aid include students who were awarded federal grant aid or who were awarded federal work study or federal student loans.

Title IV federal student aid includes the following: 

Federal Pell Grant, Federal Supplemental Educational Opportunity Grant (FSEOG), Academic Competitiveness Grant (ACG), National Science and Mathematics Access to Retain Talent Grant (National SMART Grant), Teacher Education Assistance for College and Higher Education (TEACH) Grant ; Federal Work Study; Federal Perkins Loan, Subsidized Direct or FFEL Stafford Loan, and Unsubsidized Direct or FFEL Stafford Loan.

This variable includes Title IV recipients who were awarded grants or scholarship aid from the federal government, state/local government, or a grant or scholarship from the institution. Students that awarded grant or scholarship aid from private or other sources, or loans or Federal work study are excluded.

Applicable to private not-for-profit and for-profit institutions with standard calendar systems (semester, quarter, trimester, 4-1-4) that report financial aid data for students enrolled for the FALL and awarded aid anytime during the full aid year.

Also, applicable to private institutions that measure courses primarily by clock hours, or offers primarily occupational programs measured in credit hours with calendar systems that are continuous or differs by programs. These institutions report financial aid data for  students enrolled between the 12-month period (September 1 through August 31) and awarded aid anytime during the full aid year.

Income level - The income that was used by the institution’s financial aid office to determine the student’s Expected Family Contribution (EFC). For dependent students this will include the parents’ adjusted grossincome and the student’s adjusted gross income. For independent students this will include the student’s adjusted gross income.

Title IV federal grant aid to students includes Federal Pell Grant, Federal Supplemental Educational Opportunity Grant (FSEOG), Academic Competitiveness Grant (ACG), National Science and Mathematics Access to Retain Talent Grant (National SMART Grant), Teacher Education Assistance for College and Higher Education (TEACH) Grant .

Full-time, first-time degree/certificate-seeking undergraduates - A student enrolled in a 4- or 5-year bachelor's degree program, an associate's degree program, or a vocational or technical program below the baccalaureate level, who has no prior postsecondary experience, and is enrolled for 12 or more semester credits, or 12 or more quarter credits, or 24 or more clock hours a week each term."
Description,283,71902,GRN4G22,"The number of full-time, first-time degree/certificate-seeking undergraduate students who were awarded any Title IV federal student aid and were awarded any grant or scholarship aid from the following sources: the federal government, state/local government, or the institution. INCOME LEVEL (30,001-48,000)

Students awarded Title IV federal student aid include students who were awarded federal grant aid or who were awarded federal work study or federal student loans.

Title IV federal student aid includes the following: 

Federal Pell Grant, Federal Supplemental Educational Opportunity Grant (FSEOG), Academic Competitiveness Grant (ACG), National Science and Mathematics Access to Retain Talent Grant (National SMART Grant), Teacher Education Assistance for College and Higher Education (TEACH) Grant ; Federal Work Study; Federal Perkins Loan, Subsidized Direct or FFEL Stafford Loan, and Unsubsidized Direct or FFEL Stafford Loan.

This variable includes Title IV recipients who were awarded grants or scholarship aid from the federal government, state/local government, or a grant or scholarship from the institution. Students that awarded grant or scholarship aid from private or other sources, or loans or Federal work study are excluded.

Applicable to private not-for-profit and for-profit institutions with standard calendar systems (semester, quarter, trimester, 4-1-4) that report financial aid data for students enrolled for the FALL and awarded aid anytime during the full aid year.

Also, applicable to private institutions that measure courses primarily by clock hours, or offers primarily occupational programs measured in credit hours with calendar systems that are continuous or differs by programs. These institutions report financial aid data for  students enrolled between the 12-month period (September 1 through August 31) and awarded aid anytime during the full aid year.

Income level - The income that was used by the institution’s financial aid office to determine the student’s Expected Family Contribution (EFC). For dependent students this will include the parents’ adjusted grossncome and the student’s adjusted gross income. For independent students this will include the student’s adjusted gross income.

Title IV federal grant aid to students includes Federal Pell Grant, Federal Supplemental Educational Opportunity Grant (FSEOG), Academic Competitiveness Grant (ACG), National Science and Mathematics Access to Retain Talent Grant (National SMART Grant), Teacher Education Assistance for College and Higher Education (TEACH) Grant .

Full-time, first-time degree/certificate-seeking undergraduates - A student enrolled in a 4- or 5-year bachelor's degree program, an associate's degree program, or a vocational or technical program below the baccalaureate level, who has no prior postsecondary experience, and is enrolled for 12 or more semester credits, or 12 or more quarter credits, or 24 or more clock hours a week each term."
Description,284,71907,GRN4G32,"The number of full-time, first-time degree/certificate-seeking undergraduate students who were awarded any Title IV federal student aid and were awarded any grant or scholarship aid from the following sources: the federal government, state/local government, or the institution. INCOME LEVEL (48,001-75,000)

Students awarded Title IV federal student aid include students who were awarded federal grant aid or who were awarded federal work study or federal student loans.

Title IV federal student aid includes the following: 

Federal Pell Grant, Federal Supplemental Educational Opportunity Grant (FSEOG), Academic Competitiveness Grant (ACG), National Science and Mathematics Access to Retain Talent Grant (National SMART Grant), Teacher Education Assistance for College and Higher Education (TEACH) Grant ; Federal Work Study; Federal Perkins Loan, Subsidized Direct or FFEL Stafford Loan, and Unsubsidized Direct or FFEL Stafford Loan.

This variable includes Title IV recipients who were awarded grants or scholarship aid from the federal government, state/local government, or a grant or scholarship from the institution. Students that awarded grant or scholarship aid from private or other sources, or loans or Federal work study are excluded.

Applicable to private not-for-profit and for-profit institutions with standard calendar systems (semester, quarter, trimester, 4-1-4) that report financial aid data for students enrolled for the FALL and awarded aid anytime during the full aid year.

Also, applicable to private institutions that measure courses primarily by clock hours, or offers primarily occupational programs measured in credit hours with calendar systems that are continuous or differs by programs. These institutions report financial aid data for  students enrolled between the 12-month period (September 1 through August 31) and awarded aid anytime during the full aid year.

Income level - The income that was used by the institution’s financial aid office to determine the student’s Expected Family Contribution (EFC). For dependent students this will include the parents’ adjusted grossncome and the student’s adjusted gross income. For independent students this will include the student’s adjusted gross income.

Title IV federal grant aid to students includes Federal Pell Grant, Federal Supplemental Educational Opportunity Grant (FSEOG), Academic Competitiveness Grant (ACG), National Science and Mathematics Access to Retain Talent Grant (National SMART Grant), Teacher Education Assistance for College and Higher Education (TEACH) Grant .

Full-time, first-time degree/certificate-seeking undergraduates - A student enrolled in a 4- or 5-year bachelor's degree program, an associate's degree program, or a vocational or technical program below the baccalaureate level, who has no prior postsecondary experience, and is enrolled for 12 or more semester credits, or 12 or more quarter credits, or 24 or more clock hours a week each term."
Description,285,71912,GRN4G42,"The number of full-time, first-time degree/certificate-seeking undergraduate students who were awarded any Title IV federal student aid and were awarded any grant or scholarship aid from the following sources: the federal government, state/local government, or the institution. INCOME LEVEL (75,001-110,000)

Students awarded Title IV federal student aid include students who were awarded federal grant aid or who were awarded federal work study or federal student loans.

Title IV federal student aid includes the following: 

Federal Pell Grant, Federal Supplemental Educational Opportunity Grant (FSEOG), Academic Competitiveness Grant (ACG), National Science and Mathematics Access to Retain Talent Grant (National SMART Grant), Teacher Education Assistance for College and Higher Education (TEACH) Grant ; Federal Work Study; Federal Perkins Loan, Subsidized Direct or FFEL Stafford Loan, and Unsubsidized Direct or FFEL Stafford Loan.

This variable includes Title IV recipients who were awarded grants or scholarship aid from the federal government, state/local government, or a grant or scholarship from the institution. Students that awarded grant or scholarship aid from private or other sources, or loans or Federal work study are excluded.

Applicable to private not-for-profit and for-profit institutions with standard calendar systems (semester, quarter, trimester, 4-1-4) that report financial aid data for students enrolled for the FALL and awarded aid anytime during the full aid year.

Also, applicable to private institutions that measure courses primarily by clock hours, or offers primarily occupational programs measured in credit hours with calendar systems that are continuous or differs by programs. These institutions report financial aid data for  students enrolled between the 12-month period (September 1 through August 31) and awarded aid anytime during the full aid year.

Income level - The income that was used by the institution’s financial aid office to determine the student’s Expected Family Contribution (EFC). For dependent students this will include the parents’ adjusted grossncome and the student’s adjusted gross income. For independent students this will include the student’s adjusted gross income.

Title IV federal grant aid to students includes Federal Pell Grant, Federal Supplemental Educational Opportunity Grant (FSEOG), Academic Competitiveness Grant (ACG), National Science and Mathematics Access to Retain Talent Grant (National SMART Grant), Teacher Education Assistance for College and Higher Education (TEACH) Grant .

Full-time, first-time degree/certificate-seeking undergraduates - A student enrolled in a 4- or 5-year bachelor's degree program, an associate's degree program, or a vocational or technical program below the baccalaureate level, who has no prior postsecondary experience, and is enrolled for 12 or more semester credits, or 12 or more quarter credits, or 24 or more clock hours a week each term."
Description,286,71917,GRN4G52,"The number of full-time, first-time degree/certificate-seeking undergraduate students who were awarded any Title IV federal student aid and were awarded any grant or scholarship aid from the following sources: the federal government, state/local government, or the institution. INCOME LEVEL (110,001 or more)

Students awarded Title IV federal student aid include students who were awarded federal grant aid or who were awarded federal work study or federal student loans.

Title IV federal student aid includes the following: 

Federal Pell Grant, Federal Supplemental Educational Opportunity Grant (FSEOG), Academic Competitiveness Grant (ACG), National Science and Mathematics Access to Retain Talent Grant (National SMART Grant), Teacher Education Assistance for College and Higher Education (TEACH) Grant ; Federal Work Study; Federal Perkins Loan, Subsidized Direct or FFEL Stafford Loan, and Unsubsidized Direct or FFEL Stafford Loan.

This variable includes Title IV recipients who were awarded grants or scholarship aid from the federal government, state/local government, or a grant or scholarship from the institution. Students that awarded grant or scholarship aid from private or other sources, or loans or Federal work study are excluded.

Applicable to private not-for-profit and for-profit institutions with standard calendar systems (semester, quarter, trimester, 4-1-4) that report financial aid data for students enrolled for the FALL and awarded aid anytime during the full aid year.

Also, applicable to private institutions that measure courses primarily by clock hours, or offers primarily occupational programs measured in credit hours with calendar systems that are continuous or differs by programs. These institutions report financial aid data for  students enrolled between the 12-month period (September 1 through August 31) and awarded aid anytime during the full aid year.

Income level - The income that was used by the institution’s financial aid office to determine the student’s Expected Family Contribution (EFC). For dependent students this will include the parents’ adjusted grossncome and the student’s adjusted gross income. For independent students this will include the student’s adjusted gross income.

Title IV federal grant aid to students includes Federal Pell Grant, Federal Supplemental Educational Opportunity Grant (FSEOG), Academic Competitiveness Grant (ACG), National Science and Mathematics Access to Retain Talent Grant (National SMART Grant), Teacher Education Assistance for College and Higher Education (TEACH) Grant .

Full-time, first-time degree/certificate-seeking undergraduates - A student enrolled in a 4- or 5-year bachelor's degree program, an associate's degree program, or a vocational or technical program below the baccalaureate level, who has no prior postsecondary experience, and is enrolled for 12 or more semester credits, or 12 or more quarter credits, or 24 or more clock hours a week each term."
Description,287,71922,GRN4G1,"The number of full-time, first-time degree/certificate-seeking undergraduate students who were awarded any Title IV federal student aid and were awarded any grant or scholarship aid from the following sources: the federal government, state/local government, or the institution. 

Students awarded Title IV federal student aid include students who were awarded federal grant aid or who were awarded federal work study or federal student loans.

Title IV federal student aid includes the following: 

Federal Pell Grant, Federal Supplemental Educational Opportunity Grant (FSEOG), Academic Competitiveness Grant (ACG), National Science and Mathematics Access to Retain Talent Grant (National SMART Grant), Teacher Education Assistance for College and Higher Education (TEACH) Grant ; Federal Work Study; Federal Perkins Loan, Subsidized Direct or FFEL Stafford Loan, and Unsubsidized Direct or FFEL Stafford Loan.

This variable includes Title IV recipients who were awarded grants or scholarship aid from the federal government, state/local government, or a grant or scholarship from the institution. Students that awarded grant or scholarship aid from private or other sources, or loans or Federal work study are excluded.

Applicable to private not-for-profit and for-profit institutions with standard calendar systems (semester, quarter, trimester, 4-1-4) that report financial aid data for students enrolled for the FALL and awarded aid anytime during the full aid year.

Also, applicable to private institutions that measure courses primarily by clock hours, or offers primarily occupational programs measured in credit hours with calendar systems that are continuous or differs by programs. These institutions report financial aid data for  students enrolled between the 12-month period (September 1 through August 31) and awarded aid anytime during the full aid year.

Title IV federal grant aid to students includes Federal Pell Grant, Federal Supplemental Educational Opportunity Grant (FSEOG), Academic Competitiveness Grant (ACG), National Science and Mathematics Access to Retain Talent Grant (National SMART Grant), Teacher Education Assistance for College and Higher Education (TEACH) Grant .

Full-time, first-time degree/certificate-seeking undergraduates - A student enrolled in a 4- or 5-year bachelor's degree program, an associate's degree program, or a vocational or technical program below the baccalaureate level, who has no prior postsecondary experience, and is enrolled for 12 or more semester credits, or 12 or more quarter credits, or 24 or more clock hours a week each term."
Description,288,71927,GRN4G11,"The number of full-time, first-time degree/certificate-seeking undergraduate students who were awarded any Title IV federal student aid and were awarded any grant or scholarship aid from the following sources: the federal government, state/local government, or the institution. INCOME LEVEL (0-30,000)

Students awarded Title IV federal student aid include students who were awarded federal grant aid or who were awarded federal work study or federal student loans.

Title IV federal student aid includes the following: 

Federal Pell Grant, Federal Supplemental Educational Opportunity Grant (FSEOG), Academic Competitiveness Grant (ACG), National Science and Mathematics Access to Retain Talent Grant (National SMART Grant), Teacher Education Assistance for College and Higher Education (TEACH) Grant ; Federal Work Study; Federal Perkins Loan, Subsidized Direct or FFEL Stafford Loan, and Unsubsidized Direct or FFEL Stafford Loan.

This variable includes Title IV recipients who were awarded grants or scholarship aid from the federal government, state/local government, or a grant or scholarship from the institution. Students that awarded grant or scholarship aid from private or other sources, or loans or Federal work study are excluded.

Applicable to private not-for-profit and for-profit institutions with standard calendar systems (semester, quarter, trimester, 4-1-4) that report financial aid data for students enrolled for the FALL and awarded aid anytime during the full aid year.

Also, applicable to private institutions that measure courses primarily by clock hours, or offers primarily occupational programs measured in credit hours with calendar systems that are continuous or differs by programs. These institutions report financial aid data for  students enrolled between the 12-month period (September 1 through August 31) and awarded aid anytime during the full aid year.

Income level - The income that was used by the institution’s financial aid office to determine the student’s Expected Family Contribution (EFC). For dependent students this will include the parents’ adjusted grossncome and the student’s adjusted gross income. For independent students this will include the student’s adjusted gross income.

Title IV federal grant aid to students includes Federal Pell Grant, Federal Supplemental Educational Opportunity Grant (FSEOG), Academic Competitiveness Grant (ACG), National Science and Mathematics Access to Retain Talent Grant (National SMART Grant), Teacher Education Assistance for College and Higher Education (TEACH) Grant .

Full-time, first-time degree/certificate-seeking undergraduates - A student enrolled in a 4- or 5-year bachelor's degree program, an associate's degree program, or a vocational or technical program below the baccalaureate level, who has no prior postsecondary experience, and is enrolled for 12 or more semester credits, or 12 or more quarter credits, or 24 or more clock hours a week each term."
Description,289,71932,GRN4G21,"The number of full-time, first-time degree/certificate-seeking undergraduate students who were awarded any Title IV federal student aid and were awarded any grant or scholarship aid from the following sources: the federal government, state/local government, or the institution. INCOME LEVEL (30,001-48,000)

Students awarded Title IV federal student aid include students who were awarded federal grant aid or who were awarded federal work study or federal student loans.

Title IV federal student aid includes the following: 

Federal Pell Grant, Federal Supplemental Educational Opportunity Grant (FSEOG), Academic Competitiveness Grant (ACG), National Science and Mathematics Access to Retain Talent Grant (National SMART Grant), Teacher Education Assistance for College and Higher Education (TEACH) Grant ; Federal Work Study; Federal Perkins Loan, Subsidized Direct or FFEL Stafford Loan, and Unsubsidized Direct or FFEL Stafford Loan.

This variable includes Title IV recipients who were awarded grants or scholarship aid from the federal government, state/local government, or a grant or scholarship from the institution. Students that awarded grant or scholarship aid from private or other sources, or loans or Federal work study are excluded.

Applicable to private not-for-profit and for-profit institutions with standard calendar systems (semester, quarter, trimester, 4-1-4) that report financial aid data for students enrolled for the FALL and awarded aid anytime during the full aid year.

Also, applicable to private institutions that measure courses primarily by clock hours, or offers primarily occupational programs measured in credit hours with calendar systems that are continuous or differs by programs. These institutions report financial aid data for  students enrolled between the 12-month period (September 1 through August 31) and awarded aid anytime during the full aid year.

Income level - The income that was used by the institution’s financial aid office to determine the student’s Expected Family Contribution (EFC). For dependent students this will include the parents’ adjusted grossncome and the student’s adjusted gross income. For independent students this will include the student’s adjusted gross income.

Title IV federal grant aid to students includes Federal Pell Grant, Federal Supplemental Educational Opportunity Grant (FSEOG), Academic Competitiveness Grant (ACG), National Science and Mathematics Access to Retain Talent Grant (National SMART Grant), Teacher Education Assistance for College and Higher Education (TEACH) Grant .

Full-time, first-time degree/certificate-seeking undergraduates - A student enrolled in a 4- or 5-year bachelor's degree program, an associate's degree program, or a vocational or technical program below the baccalaureate level, who has no prior postsecondary experience, and is enrolled for 12 or more semester credits, or 12 or more quarter credits, or 24 or more clock hours a week each term."
Description,290,71937,GRN4G31,"The number of full-time, first-time degree/certificate-seeking undergraduate students who were awarded any Title IV federal student aid and were awarded any grant or scholarship aid from the following sources: the federal government, state/local government, or the institution. INCOME LEVEL (48,001-75,000)

Students awarded Title IV federal student aid include students who were awarded federal grant aid or who were awarded federal work study or federal student loans.

Title IV federal student aid includes the following: 

Federal Pell Grant, Federal Supplemental Educational Opportunity Grant (FSEOG), Academic Competitiveness Grant (ACG), National Science and Mathematics Access to Retain Talent Grant (National SMART Grant), Teacher Education Assistance for College and Higher Education (TEACH) Grant ; Federal Work Study; Federal Perkins Loan, Subsidized Direct or FFEL Stafford Loan, and Unsubsidized Direct or FFEL Stafford Loan.

This variable includes Title IV recipients who were awarded grants or scholarship aid from the federal government, state/local government, or a grant or scholarship from the institution. Students that awarded grant or scholarship aid from private or other sources, or loans or Federal work study are excluded.

Applicable to private not-for-profit and for-profit institutions with standard calendar systems (semester, quarter, trimester, 4-1-4) that report financial aid data for students enrolled for the FALL and awarded aid anytime during the full aid year.

Also, applicable to private institutions that measure courses primarily by clock hours, or offers primarily occupational programs measured in credit hours with calendar systems that are continuous or differs by programs. These institutions report financial aid data for  students enrolled between the 12-month period (September 1 through August 31) and awarded aid anytime during the full aid year.

Income level - The income that was used by the institution’s financial aid office to determine the student’s Expected Family Contribution (EFC). For dependent students this will include the parents’ adjusted grossncome and the student’s adjusted gross income. For independent students this will include the student’s adjusted gross income.

Title IV federal grant aid to students includes Federal Pell Grant, Federal Supplemental Educational Opportunity Grant (FSEOG), Academic Competitiveness Grant (ACG), National Science and Mathematics Access to Retain Talent Grant (National SMART Grant), Teacher Education Assistance for College and Higher Education (TEACH) Grant .

Full-time, first-time degree/certificate-seeking undergraduates - A student enrolled in a 4- or 5-year bachelor's degree program, an associate's degree program, or a vocational or technical program below the baccalaureate level, who has no prior postsecondary experience, and is enrolled for 12 or more semester credits, or 12 or more quarter credits, or 24 or more clock hours a week each term."
Description,291,71942,GRN4G41,"The number of full-time, first-time degree/certificate-seeking undergraduate students who were awarded any Title IV federal student aid and were awarded any grant or scholarship aid from the following sources: the federal government, state/local government, or the institution. INCOME LEVEL (75,001-110,000)

Students awarded Title IV federal student aid include students who were awarded federal grant aid or who were awarded federal work study or federal student loans.

Title IV federal student aid includes the following: 

Federal Pell Grant, Federal Supplemental Educational Opportunity Grant (FSEOG), Academic Competitiveness Grant (ACG), National Science and Mathematics Access to Retain Talent Grant (National SMART Grant), Teacher Education Assistance for College and Higher Education (TEACH) Grant ; Federal Work Study; Federal Perkins Loan, Subsidized Direct or FFEL Stafford Loan, and Unsubsidized Direct or FFEL Stafford Loan.

This variable includes Title IV recipients who were awarded grants or scholarship aid from the federal government, state/local government, or a grant or scholarship from the institution. Students that awarded grant or scholarship aid from private or other sources, or loans or Federal work study are excluded.

Applicable to private not-for-profit and for-profit institutions with standard calendar systems (semester, quarter, trimester, 4-1-4) that report financial aid data for students enrolled for the FALL and awarded aid anytime during the full aid year.

Also, applicable to private institutions that measure courses primarily by clock hours, or offers primarily occupational programs measured in credit hours with calendar systems that are continuous or differs by programs. These institutions report financial aid data for  students enrolled between the 12-month period (September 1 through August 31) and awarded aid anytime during the full aid year.

Income level - The income that was used by the institution’s financial aid office to determine the student’s Expected Family Contribution (EFC). For dependent students this will include the parents’ adjusted grossncome and the student’s adjusted gross income. For independent students this will include the student’s adjusted gross income.

Title IV federal grant aid to students includes Federal Pell Grant, Federal Supplemental Educational Opportunity Grant (FSEOG), Academic Competitiveness Grant (ACG), National Science and Mathematics Access to Retain Talent Grant (National SMART Grant), Teacher Education Assistance for College and Higher Education (TEACH) Grant .

Full-time, first-time degree/certificate-seeking undergraduates - A student enrolled in a 4- or 5-year bachelor's degree program, an associate's degree program, or a vocational or technical program below the baccalaureate level, who has no prior postsecondary experience, and is enrolled for 12 or more semester credits, or 12 or more quarter credits, or 24 or more clock hours a week each term."
Description,292,71947,GRN4G51,"The number of full-time, first-time degree/certificate-seeking undergraduate students who were awarded any Title IV federal student aid and were awarded any grant or scholarship aid from the following sources: the federal government, state/local government, or the institution. INCOME LEVEL (110,001 or more)

Students awarded Title IV federal student aid include students who were awarded federal grant aid or who were awarded federal work study or federal student loans.

Title IV federal student aid includes the following: 

Federal Pell Grant, Federal Supplemental Educational Opportunity Grant (FSEOG), Academic Competitiveness Grant (ACG), National Science and Mathematics Access to Retain Talent Grant (National SMART Grant), Teacher Education Assistance for College and Higher Education (TEACH) Grant ; Federal Work Study; Federal Perkins Loan, Subsidized Direct or FFEL Stafford Loan, and Unsubsidized Direct or FFEL Stafford Loan.

This variable includes Title IV recipients who were awarded grants or scholarship aid from the federal government, state/local government, or a grant or scholarship from the institution. Students that awarded grant or scholarship aid from private or other sources, or loans or Federal work study are excluded.

Applicable to private not-for-profit and for-profit institutions with standard calendar systems (semester, quarter, trimester, 4-1-4) that report financial aid data for students enrolled for the FALL and awarded aid anytime during the full aid year.

Also, applicable to private institutions that measure courses primarily by clock hours, or offers primarily occupational programs measured in credit hours with calendar systems that are continuous or differs by programs. These institutions report financial aid data for  students enrolled between the 12-month period (September 1 through August 31) and awarded aid anytime during the full aid year.

Income level - The income that was used by the institution’s financial aid office to determine the student’s Expected Family Contribution (EFC). For dependent students this will include the parents’ adjusted grossncome and the student’s adjusted gross income. For independent students this will include the student’s adjusted gross income.

Title IV federal grant aid to students includes Federal Pell Grant, Federal Supplemental Educational Opportunity Grant (FSEOG), Academic Competitiveness Grant (ACG), National Science and Mathematics Access to Retain Talent Grant (National SMART Grant), Teacher Education Assistance for College and Higher Education (TEACH) Grant .

Full-time, first-time degree/certificate-seeking undergraduates - A student enrolled in a 4- or 5-year bachelor's degree program, an associate's degree program, or a vocational or technical program below the baccalaureate level, who has no prior postsecondary experience, and is enrolled for 12 or more semester credits, or 12 or more quarter credits, or 24 or more clock hours a week each term."
Description,293,71952,GRN4G0,"The number of full-time, first-time degree/certificate-seeking undergraduate students who were awarded any Title IV federal student aid and were awarded any grant or scholarship aid from the following sources: the federal government, state/local government, or the institution. 

Students awarded Title IV federal student aid include students who were awarded federal grant aid or who were awarded federal work study or federal student loans.

Title IV federal student aid includes the following: 

Federal Pell Grant, Federal Supplemental Educational Opportunity Grant (FSEOG), Academic Competitiveness Grant (ACG), National Science and Mathematics Access to Retain Talent Grant (National SMART Grant), Teacher Education Assistance for College and Higher Education (TEACH) Grant ; Federal Work Study; Federal Perkins Loan, Subsidized Direct or FFEL Stafford Loan, and Unsubsidized Direct or FFEL Stafford Loan.

This variable includes Title IV recipients who were awarded grants or scholarship aid from the federal government, state/local government, or a grant or scholarship from the institution. Students that awarded grant or scholarship aid from private or other sources, or loans or Federal work study are excluded.

Applicable to private not-for-profit and for-profit institutions with standard calendar systems (semester, quarter, trimester, 4-1-4) that report financial aid data for students enrolled for the FALL and awarded aid anytime during the full aid year.

Also, applicable to private institutions that measure courses primarily by clock hours, or offers primarily occupational programs measured in credit hours with calendar systems that are continuous or differs by programs. These institutions report financial aid data for  students enrolled between the 12-month period (September 1 through August 31) and awarded aid anytime during the full aid year.

Title IV federal grant aid to students includes Federal Pell Grant, Federal Supplemental Educational Opportunity Grant (FSEOG), Academic Competitiveness Grant (ACG), National Science and Mathematics Access to Retain Talent Grant (National SMART Grant), Teacher Education Assistance for College and Higher Education (TEACH) Grant .

Full-time, first-time degree/certificate-seeking undergraduates - A student enrolled in a 4- or 5-year bachelor's degree program, an associate's degree program, or a vocational or technical program below the baccalaureate level, who has no prior postsecondary experience, and is enrolled for 12 or more semester credits, or 12 or more quarter credits, or 24 or more clock hours a week each term."
Description,294,71957,GRN4G10,"The number of full-time, first-time degree/certificate-seeking undergraduate students who were awarded any Title IV federal student aid and were awarded any grant or scholarship aid from the following sources: the federal government, state/local government, or the institution. INCOME LEVEL (0-30,000)

Students awarded Title IV federal student aid include students who were awarded federal grant aid or who were awarded federal work study or federal student loans.

Title IV federal student aid includes the following: 

Federal Pell Grant, Federal Supplemental Educational Opportunity Grant (FSEOG), Academic Competitiveness Grant (ACG), National Science and Mathematics Access to Retain Talent Grant (National SMART Grant), Teacher Education Assistance for College and Higher Education (TEACH) Grant ; Federal Work Study; Federal Perkins Loan, Subsidized Direct or FFEL Stafford Loan, and Unsubsidized Direct or FFEL Stafford Loan.

This variable includes Title IV recipients who were awarded grants or scholarship aid from the federal government, state/local government, or a grant or scholarship from the institution. Students that awarded grant or scholarship aid from private or other sources, or loans or Federal work study are excluded.

Applicable to private not-for-profit and for-profit institutions with standard calendar systems (semester, quarter, trimester, 4-1-4) that report financial aid data for students enrolled for the FALL and awarded aid anytime during the full aid year.

Also, applicable to private institutions that measure courses primarily by clock hours, or offers primarily occupational programs measured in credit hours with calendar systems that are continuous or differs by programs. These institutions report financial aid data for  students enrolled between the 12-month period (September 1 through August 31) and awarded aid anytime during the full aid year.

Income level - The income that was used by the institution’s financial aid office to determine the student’s Expected Family Contribution (EFC). For dependent students this will include the parents’ adjusted grossncome and the student’s adjusted gross income. For independent students this will include the student’s adjusted gross income.

Title IV federal grant aid to students includes Federal Pell Grant, Federal Supplemental Educational Opportunity Grant (FSEOG), Academic Competitiveness Grant (ACG), National Science and Mathematics Access to Retain Talent Grant (National SMART Grant), Teacher Education Assistance for College and Higher Education (TEACH) Grant .

Full-time, first-time degree/certificate-seeking undergraduates - A student enrolled in a 4- or 5-year bachelor's degree program, an associate's degree program, or a vocational or technical program below the baccalaureate level, who has no prior postsecondary experience, and is enrolled for 12 or more semester credits, or 12 or more quarter credits, or 24 or more clock hours a week each term."
Description,295,71962,GRN4G20,"The number of full-time, first-time degree/certificate-seeking undergraduate students who were awarded any Title IV federal student aid and were awarded any grant or scholarship aid from the following sources: the federal government, state/local government, or the institution. INCOME LEVEL (30,001-48,000)

Students awarded Title IV federal student aid include students who were awarded federal grant aid or who were awarded federal work study or federal student loans.

Title IV federal student aid includes the following: 

Federal Pell Grant, Federal Supplemental Educational Opportunity Grant (FSEOG), Academic Competitiveness Grant (ACG), National Science and Mathematics Access to Retain Talent Grant (National SMART Grant), Teacher Education Assistance for College and Higher Education (TEACH) Grant ; Federal Work Study; Federal Perkins Loan, Subsidized Direct or FFEL Stafford Loan, and Unsubsidized Direct or FFEL Stafford Loan.

This variable includes Title IV recipients who were awarded grants or scholarship aid from the federal government, state/local government, or a grant or scholarship from the institution. Students that awarded grant or scholarship aid from private or other sources, or loans or Federal work study are excluded.

Applicable to private not-for-profit and for-profit institutions with standard calendar systems (semester, quarter, trimester, 4-1-4) that report financial aid data for students enrolled for the FALL and awarded aid anytime during the full aid year.

Also, applicable to private institutions that measure courses primarily by clock hours, or offers primarily occupational programs measured in credit hours with calendar systems that are continuous or differs by programs. These institutions report financial aid data for  students enrolled between the 12-month period (September 1 through August 31) and awarded aid anytime during the full aid year.

Income level - The income that was used by the institution’s financial aid office to determine the student’s Expected Family Contribution (EFC). For dependent students this will include the parents’ adjusted grossncome and the student’s adjusted gross income. For independent students this will include the student’s adjusted gross income.

Title IV federal grant aid to students includes Federal Pell Grant, Federal Supplemental Educational Opportunity Grant (FSEOG), Academic Competitiveness Grant (ACG), National Science and Mathematics Access to Retain Talent Grant (National SMART Grant), Teacher Education Assistance for College and Higher Education (TEACH) Grant .

Full-time, first-time degree/certificate-seeking undergraduates - A student enrolled in a 4- or 5-year bachelor's degree program, an associate's degree program, or a vocational or technical program below the baccalaureate level, who has no prior postsecondary experience, and is enrolled for 12 or more semester credits, or 12 or more quarter credits, or 24 or more clock hours a week each term."
Description,296,71967,GRN4G30,"The number of full-time, first-time degree/certificate-seeking undergraduate students who were awarded any Title IV federal student aid and were awarded any grant or scholarship aid from the following sources: the federal government, state/local government, or the institution. INCOME LEVEL (48,001-75,000)

Students awarded Title IV federal student aid include students who were awarded federal grant aid or who were awarded federal work study or federal student loans.

Title IV federal student aid includes the following: 

Federal Pell Grant, Federal Supplemental Educational Opportunity Grant (FSEOG), Academic Competitiveness Grant (ACG), National Science and Mathematics Access to Retain Talent Grant (National SMART Grant), Teacher Education Assistance for College and Higher Education (TEACH) Grant ; Federal Work Study; Federal Perkins Loan, Subsidized Direct or FFEL Stafford Loan, and Unsubsidized Direct or FFEL Stafford Loan.

This variable includes Title IV recipients who were awarded grants or scholarship aid from the federal government, state/local government, or a grant or scholarship from the institution. Students that awarded grant or scholarship aid from private or other sources, or loans or Federal work study are excluded.

Applicable to private not-for-profit and for-profit institutions with standard calendar systems (semester, quarter, trimester, 4-1-4) that report financial aid data for students enrolled for the FALL and awarded aid anytime during the full aid year.

Also, applicable to private institutions that measure courses primarily by clock hours, or offers primarily occupational programs measured in credit hours with calendar systems that are continuous or differs by programs. These institutions report financial aid data for  students enrolled between the 12-month period (September 1 through August 31) and awarded aid anytime during the full aid year.

Income level - The income that was used by the institution’s financial aid office to determine the student’s Expected Family Contribution (EFC). For dependent students this will include the parents’ adjusted grossncome and the student’s adjusted gross income. For independent students this will include the student’s adjusted gross income.

Title IV federal grant aid to students includes Federal Pell Grant, Federal Supplemental Educational Opportunity Grant (FSEOG), Academic Competitiveness Grant (ACG), National Science and Mathematics Access to Retain Talent Grant (National SMART Grant), Teacher Education Assistance for College and Higher Education (TEACH) Grant .

Full-time, first-time degree/certificate-seeking undergraduates - A student enrolled in a 4- or 5-year bachelor's degree program, an associate's degree program, or a vocational or technical program below the baccalaureate level, who has no prior postsecondary experience, and is enrolled for 12 or more semester credits, or 12 or more quarter credits, or 24 or more clock hours a week each term."
Description,297,71972,GRN4G40,"The number of full-time, first-time degree/certificate-seeking undergraduate students who were awarded any Title IV federal student aid and were awarded any grant or scholarship aid from the following sources: the federal government, state/local government, or the institution. INCOME LEVEL (75,001-110,000)

Students awarded Title IV federal student aid include students who were awarded federal grant aid or who were awarded federal work study or federal student loans.

Title IV federal student aid includes the following: 

Federal Pell Grant, Federal Supplemental Educational Opportunity Grant (FSEOG), Academic Competitiveness Grant (ACG), National Science and Mathematics Access to Retain Talent Grant (National SMART Grant), Teacher Education Assistance for College and Higher Education (TEACH) Grant ; Federal Work Study; Federal Perkins Loan, Subsidized Direct or FFEL Stafford Loan, and Unsubsidized Direct or FFEL Stafford Loan.

This variable includes Title IV recipients who were awarded grants or scholarship aid from the federal government, state/local government, or a grant or scholarship from the institution. Students that awarded grant or scholarship aid from private or other sources, or loans or Federal work study are excluded.

Applicable to private not-for-profit and for-profit institutions with standard calendar systems (semester, quarter, trimester, 4-1-4) that report financial aid data for students enrolled for the FALL and awarded aid anytime during the full aid year.

Also, applicable to private institutions that measure courses primarily by clock hours, or offers primarily occupational programs measured in credit hours with calendar systems that are continuous or differs by programs. These institutions report financial aid data for  students enrolled between the 12-month period (September 1 through August 31) and awarded aid anytime during the full aid year.

Income level - The income that was used by the institution’s financial aid office to determine the student’s Expected Family Contribution (EFC). For dependent students this will include the parents’ adjusted grossncome and the student’s adjusted gross income. For independent students this will include the student’s adjusted gross income.

Title IV federal grant aid to students includes Federal Pell Grant, Federal Supplemental Educational Opportunity Grant (FSEOG), Academic Competitiveness Grant (ACG), National Science and Mathematics Access to Retain Talent Grant (National SMART Grant), Teacher Education Assistance for College and Higher Education (TEACH) Grant .

Full-time, first-time degree/certificate-seeking undergraduates - A student enrolled in a 4- or 5-year bachelor's degree program, an associate's degree program, or a vocational or technical program below the baccalaureate level, who has no prior postsecondary experience, and is enrolled for 12 or more semester credits, or 12 or more quarter credits, or 24 or more clock hours a week each term."
Description,298,71977,GRN4G50,"The number of full-time, first-time degree/certificate-seeking undergraduate students who were awarded any Title IV federal student aid and were awarded any grant or scholarship aid from the following sources: the federal government, state/local government, or the institution. INCOME LEVEL (110,001 or more)

Students awarded Title IV federal student aid include students who were awarded federal grant aid or who were awarded federal work study or federal student loans.

Title IV federal student aid includes the following: 

Federal Pell Grant, Federal Supplemental Educational Opportunity Grant (FSEOG), Academic Competitiveness Grant (ACG), National Science and Mathematics Access to Retain Talent Grant (National SMART Grant), Teacher Education Assistance for College and Higher Education (TEACH) Grant ; Federal Work Study; Federal Perkins Loan, Subsidized Direct or FFEL Stafford Loan, and Unsubsidized Direct or FFEL Stafford Loan.

This variable includes Title IV recipients who were awarded grants or scholarship aid from the federal government, state/local government, or a grant or scholarship from the institution. Students that awarded grant or scholarship aid from private or other sources, or loans or Federal work study are excluded.

Applicable to private not-for-profit and for-profit institutions with standard calendar systems (semester, quarter, trimester, 4-1-4) that report financial aid data for students enrolled for the FALL and awarded aid anytime during the full aid year.

Also, applicable to private institutions that measure courses primarily by clock hours, or offers primarily occupational programs measured in credit hours with calendar systems that are continuous or differs by programs. These institutions report financial aid data for  students enrolled between the 12-month period (September 1 through August 31) and awarded aid anytime during the full aid year.

Income level - The income that was used by the institution’s financial aid office to determine the student’s Expected Family Contribution (EFC). For dependent students this will include the parents’ adjusted grossncome and the student’s adjusted gross income. For independent students this will include the student’s adjusted gross income.

Title IV federal grant aid to students includes Federal Pell Grant, Federal Supplemental Educational Opportunity Grant (FSEOG), Academic Competitiveness Grant (ACG), National Science and Mathematics Access to Retain Talent Grant (National SMART Grant), Teacher Education Assistance for College and Higher Education (TEACH) Grant .

Full-time, first-time degree/certificate-seeking undergraduates - A student enrolled in a 4- or 5-year bachelor's degree program, an associate's degree program, or a vocational or technical program below the baccalaureate level, who has no prior postsecondary experience, and is enrolled for 12 or more semester credits, or 12 or more quarter credits, or 24 or more clock hours a week each term."
Description,299,70966,NPGRN2,"Average net price for full-time, first-time degree/certificate-seeking undergraduates who were awarded grant or scholarship aid from federal, state or local governments, or the institution. Other sources of grant aid are excluded. Aid awarded anytime during the full aid year is included.

Applicable to private not-for-profit and for-profit institutions with standard calendar systems (semester, quarter, trimester, 4-1-4) that report financial aid data for students enrolled for the FALL and awarded aid anytime during the full aid year. These institutions report cost of attendance for the full academic year.

Also, applicable to public or private institutions that measure courses primarily by clock hours, or offers primarily occupational programs measured in credit hours with calendar systems that are continuous, or differs by programs. These institutions report financial aid data for students enrolled between the 12-month period (September 1 through August 31) and awarded aid anytime during the full aid year. These institutions report cost of attendance for their largest program for the length of that program.

For institutions that report cost of attendance for the full academic year an average yearly net price is generated by subtracting the average amount of federal, state or local government, or institutional grant and scholarship aid from the total cost of attendance.  Total cost of attendance is the sum of published tuition and required fees, books and supplies and the weighted average room and board and other expenses.

The weighted average for room and board and other expenses is generated as follows:

  (amount for on-campus room, board and other expenses * # of students living on-campus. 
  +  amount for off-campus (with family) room, board and other expenses * # of students living off-campus with family
  +  amount for off-campus (not with family) room, board and other expenses * # of students living off-campus not with family)

divided by the total # of students.

Students whose living arrangements are unknown are excluded from the calculation.  For some institutions the # of students by living arrangement will be known, but dollar amounts will not be known.  In this case the # of students with no corresponding dollar amount will be excluded from the denominator.

For institutions that report the cost of attendance for their largest program for the length of that program, the cost of attendance is generated as stated above, but is then divided by the number of months to complete the program to produce a monthly cost of attendance. The average amount of federal, state or local government, or institutional grant and scholarship aid is also divided by 12 to produce a monthly average. The average net price is generated by subtracting the average monthly grant and scholarship aid from the average monthly cost of attendance and the difference is multiplied by the number of months to complete the program.

Full-time, first-time degree/certificate-seeking undergraduates - A student enrolled in a 4- or 5-year bachelor's degree program, an associate's degree program, or a vocational or technical program below the baccalaureate level, who has no prior postsecondary experience, and is enrolled for 12 or more semester credits, or 12 or more quarter credits, or 24 or more clock hours a week each term."
Description,300,70971,NPGRN1,"Average net price for full-time, first-time degree/certificate-seeking undergraduates who were awarded grant or scholarship aid from federal, state or local governments, or the institution. Other sources of grant aid are excluded. Aid awarded anytime during the full aid year is included.

Applicable to private not-for-profit and for-profit institutions with standard calendar systems (semester, quarter, trimester, 4-1-4) that report financial aid data for students enrolled for the FALL and awarded aid anytime during the full aid year. These institutions report cost of attendance for the full academic year.

Also, applicable to public or private institutions that measure courses primarily by clock hours, or offers primarily occupational programs measured in credit hours with calendar systems that are continuous, or differs by programs. These institutions report financial aid data for students enrolled between the 12-month period (September 1 through August 31) and awarded aid anytime during the full aid year. These institutions report cost of attendance for their largest program for the length of that program.

For institutions that report cost of attendance for the full academic year an average yearly net price is generated by subtracting the average amount of federal, state or local government, or institutional grant and scholarship aid from the total cost of attendance.  Total cost of attendance is the sum of published tuition and required fees, books and supplies and the weighted average room and board and other expenses.

The weighted average for room and board and other expenses is generated as follows:

  (amount for on-campus room, board and other expenses * # of students living on-campus. 
  +  amount for off-campus (with family) room, board and other expenses * # of students living off-campus with family
  +  amount for off-campus (not with family) room, board and other expenses * # of students living off-campus not with family)

divided by the total # of students.

Students whose living arrangements are unknown are excluded from the calculation.  For some institutions the # of students by living arrangement will be known, but dollar amounts will not be known.  In this case the # of students with no corresponding dollar amount will be excluded from the denominator.

For institutions that report the cost of attendance for their largest program for the length of that program, the cost of attendance is generated as stated above, but is then divided by the number of months to complete the program to produce a monthly cost of attendance. The average amount of federal, state or local government, or institutional grant and scholarship aid is also divided by 12 to produce a monthly average. The average net price is generated by subtracting the average monthly grant and scholarship aid from the average monthly cost of attendance and the difference is multiplied by the number of months to complete the program.

Full-time, first-time degree/certificate-seeking undergraduates - A student enrolled in a 4- or 5-year bachelor's degree program, an associate's degree program, or a vocational or technical program below the baccalaureate level, who has no prior postsecondary experience, and is enrolled for 12 or more semester credits, or 12 or more quarter credits, or 24 or more clock hours a week each term."
Description,301,70976,NPGRN0,"Average net price for full-time, first-time degree/certificate-seeking undergraduates who were awarded grant or scholarship aid from federal, state or local governments, or the institution. Other sources of grant aid are excluded. Aid awarded anytime during the full aid year is included.

Applicable to private not-for-profit and for-profit institutions with standard calendar systems (semester, quarter, trimester, 4-1-4) that report financial aid data for students enrolled for the FALL and awarded aid anytime during the full aid year. These institutions report cost of attendance for the full academic year.

Also, applicable to public or private institutions that measure courses primarily by clock hours, or offers primarily occupational programs measured in credit hours with calendar systems that are continuous, or differs by programs. These institutions report financial aid data for students enrolled between the 12-month period (September 1 through August 31) and awarded aid anytime during the full aid year. These institutions report cost of attendance for their largest program for the length of that program.

For institutions that report cost of attendance for the full academic year an average yearly net price is generated by subtracting the average amount of federal, state or local government, or institutional grant and scholarship aid from the total cost of attendance.  Total cost of attendance is the sum of published tuition and required fees, books and supplies and the weighted average room and board and other expenses.

The weighted average for room and board and other expenses is generated as follows:

  (amount for on-campus room, board and other expenses * # of students living on-campus. 
  +  amount for off-campus (with family) room, board and other expenses * # of students living off-campus with family
  +  amount for off-campus (not with family) room, board and other expenses * # of students living off-campus not with family)

divided by the total # of students.

Students whose living arrangements are unknown are excluded from the calculation.  For some institutions the # of students by living arrangement will be known, but dollar amounts will not be known.  In this case the # of students with no corresponding dollar amount will be excluded from the denominator.

For institutions that report the cost of attendance for their largest program for the length of that program, the cost of attendance is generated as stated above, but is then divided by the number of months to complete the program to produce a monthly cost of attendance. The average amount of federal, state or local government, or institutional grant and scholarship aid is also divided by 12 to produce a monthly average. The average net price is generated by subtracting the average monthly grant and scholarship aid from the average monthly cost of attendance and the difference is multiplied by the number of months to complete the program.

Full-time, first-time degree/certificate-seeking undergraduates - A student enrolled in a 4- or 5-year bachelor's degree program, an associate's degree program, or a vocational or technical program below the baccalaureate level, who has no prior postsecondary experience, and is enrolled for 12 or more semester credits, or 12 or more quarter credits, or 24 or more clock hours a week each term."
Description,302,70981,NPT412,"Average net price for full-time, first-time degree/certificate-seeking undergraduates who were awarded title IV federal student aid - INCOME LEVEL (0-30,000).  Title IV federal student aid, includes federal grants or federal student loans. 

Applicable to private not-for-profit and for-profit institutions with standard calendar systems (semester, quarter, trimester, 4-1-4) that report financial aid data for students enrolled for the FALL and awarded aid anytime during the full aid year. These institutions report cost of attendance for the full academic year.

Also, applicable to public or private institutions that measure courses primarily by clock hours, or offers primarily occupational programs measured in credit hours with calendar systems that are continuous, or differs by programs. These institutions report financial aid data for students enrolled between the 12-month period (September 1 through August 31) and awarded aid anytime during the full aid year. These institutions report cost of attendance for their largest program for the length of that program.

For institutions that report cost of attendance for the full academic year an average yearly net price is generated by subtracting the average amount of federal, state or local government, or institutional grant and scholarship aid from the total cost of attendance.  Total cost of attendance is the sum of published tuition and required fees, books and supplies and the weighted average room and board and other expenses.

The weighted average for room and board and other expenses is generated as follows:

  (amount for on-campus room, board and other expenses * # of students living on-campus. 
  +  amount for off-campus (with family) room, board and other expenses * # of students living off-campus with family
  +  amount for off-campus (not with family) room, board and other expenses * # of students living off-campus not with family)

divided by the total # of students.

Students whose living arrangements are unknown are excluded from the calculation.  For some institutions the # of students by living arrangement will be known, but dollar amounts will not be known.  In this case the # of students with no corresponding dollar amount will be excluded from the denominator.

For institutions that report the cost of attendance for their largest program for the length of that program, the cost of attendance is generated as stated above, but is then divided by the number of months to complete the program to produce a monthly cost of attendance. The average amount of federal, state or local government, or institutional grant and scholarship aid is also divided by 12 to produce a monthly average. The average net price is generated by subtracting the average monthly grant and scholarship aid from the average monthly cost of attendance and the difference is multiplied by the number of months to complete the program.

Full-time, first-time degree/certificate-seeking undergraduates - A student enrolled in a 4- or 5-year bachelor's degree program, an associate's degree program, or a vocational or technical program below the baccalaureate level, who has no prior postsecondary experience, and is enrolled for 12 or more semester credits, or 12 or more quarter credits, or 24 or more clock hours a week each term."
Description,303,70986,NPT422,"Average net price for full-time, first-time degree/certificate-seeking undergraduates who were awarded title IV federal student aid - INCOME LEVEL (30,001-48,000).  Title IV federal student aid, includes federal grants or federal student loans. 

Applicable to private not-for-profit and for-profit institutions with standard calendar systems (semester, quarter, trimester, 4-1-4) that report financial aid data for students enrolled for the FALL and awarded aid anytime during the full aid year. These institutions report cost of attendance for the full academic year.

Also, applicable to public or private institutions that measure courses primarily by clock hours, or offers primarily occupational programs measured in credit hours with calendar systems that are continuous, or differs by programs. These institutions report financial aid data for students enrolled between the 12-month period (September 1 through August 31) and awarded aid anytime during the full aid year. These institutions report cost of attendance for their largest program for the length of that program.

For institutions that report cost of attendance for the full academic year an average yearly net price is generated by subtracting the average amount of federal, state or local government, or institutional grant and scholarship aid from the total cost of attendance.  Total cost of attendance is the sum of published tuition and required fees, books and supplies and the weighted average room and board and other expenses.

The weighted average for room and board and other expenses is generated as follows:

  (amount for on-campus room, board and other expenses * # of students living on-campus. 
  +  amount for off-campus (with family) room, board and other expenses * # of students living off-campus with family
  +  amount for off-campus (not with family) room, board and other expenses * # of students living off-campus not with family)

divided by the total # of students.

Students whose living arrangements are unknown are excluded from the calculation.  For some institutions the # of students by living arrangement will be known, but dollar amounts will not be known.  In this case the # of students with no corresponding dollar amount will be excluded from the denominator.

For institutions that report the cost of attendance for their largest program for the length of that program, the cost of attendance is generated as stated above, but is then divided by the number of months to complete the program to produce a monthly cost of attendance. The average amount of federal, state or local government, or institutional grant and scholarship aid is also divided by 12 to produce a monthly average. The average net price is generated by subtracting the average monthly grant and scholarship aid from the average monthly cost of attendance and the difference is multiplied by the number of months to complete the program.

Full-time, first-time degree/certificate-seeking undergraduates - A student enrolled in a 4- or 5-year bachelor's degree program, an associate's degree program, or a vocational or technical program below the baccalaureate level, who has no prior postsecondary experience, and is enrolled for 12 or more semester credits, or 12 or more quarter credits, or 24 or more clock hours a week each term."
Description,304,70991,NPT432,"Average net price for full-time, first-time degree/certificate-seeking undergraduates who were awarded title IV federal student aid - INCOME LEVEL (48,001-75,000).  Title IV federal student aid, includes federal grants or federal student loans. 

Applicable to private not-for-profit and for-profit institutions with standard calendar systems (semester, quarter, trimester, 4-1-4) that report financial aid data for students enrolled for the FALL and awarded aid anytime during the full aid year. These institutions report cost of attendance for the full academic year.

Also, applicable to public or private institutions that measure courses primarily by clock hours, or offers primarily occupational programs measured in credit hours with calendar systems that are continuous, or differs by programs. These institutions report financial aid data for students enrolled between the 12-month period (September 1 through August 31) and awarded aid anytime during the full aid year. These institutions report cost of attendance for their largest program for the length of that program.

For institutions that report cost of attendance for the full academic year an average yearly net price is generated by subtracting the average amount of federal, state or local government, or institutional grant and scholarship aid from the total cost of attendance.  Total cost of attendance is the sum of published tuition and required fees, books and supplies and the weighted average room and board and other expenses.

The weighted average for room and board and other expenses is generated as follows:

  (amount for on-campus room, board and other expenses * # of students living on-campus. 
  +  amount for off-campus (with family) room, board and other expenses * # of students living off-campus with family
  +  amount for off-campus (not with family) room, board and other expenses * # of students living off-campus not with family)

divided by the total # of students.

Students whose living arrangements are unknown are excluded from the calculation.  For some institutions the # of students by living arrangement will be known, but dollar amounts will not be known.  In this case the # of students with no corresponding dollar amount will be excluded from the denominator.

For institutions that report the cost of attendance for their largest program for the length of that program, the cost of attendance is generated as stated above, but is then divided by the number of months to complete the program to produce a monthly cost of attendance. The average amount of federal, state or local government, or institutional grant and scholarship aid is also divided by 12 to produce a monthly average. The average net price is generated by subtracting the average monthly grant and scholarship aid from the average monthly cost of attendance and the difference is multiplied by the number of months to complete the program.

Full-time, first-time degree/certificate-seeking undergraduates - A student enrolled in a 4- or 5-year bachelor's degree program, an associate's degree program, or a vocational or technical program below the baccalaureate level, who has no prior postsecondary experience, and is enrolled for 12 or more semester credits, or 12 or more quarter credits, or 24 or more clock hours a week each term."
Description,305,70996,NPT442,"Average net price for full-time, first-time degree/certificate-seeking undergraduates who were awarded title IV federal student aid - INCOME LEVEL (75,001-110,000).  Title IV federal student aid, includes federal grants or federal student loans. 

Applicable to private not-for-profit and for-profit institutions with standard calendar systems (semester, quarter, trimester, 4-1-4) that report financial aid data for students enrolled for the FALL and awarded aid anytime during the full aid year. These institutions report cost of attendance for the full academic year.

Also, applicable to public or private institutions that measure courses primarily by clock hours, or offers primarily occupational programs measured in credit hours with calendar systems that are continuous, or differs by programs. These institutions report financial aid data for students enrolled between the 12-month period (September 1 through August 31) and awarded aid anytime during the full aid year. These institutions report cost of attendance for their largest program for the length of that program.

For institutions that report cost of attendance for the full academic year an average yearly net price is generated by subtracting the average amount of federal, state or local government, or institutional grant and scholarship aid from the total cost of attendance.  Total cost of attendance is the sum of published tuition and required fees, books and supplies and the weighted average room and board and other expenses.

The weighted average for room and board and other expenses is generated as follows:

  (amount for on-campus room, board and other expenses * # of students living on-campus. 
  +  amount for off-campus (with family) room, board and other expenses * # of students living off-campus with family
  +  amount for off-campus (not with family) room, board and other expenses * # of students living off-campus not with family)

divided by the total # of students.

Students whose living arrangements are unknown are excluded from the calculation.  For some institutions the # of students by living arrangement will be known, but dollar amounts will not be known.  In this case the # of students with no corresponding dollar amount will be excluded from the denominator.

For institutions that report the cost of attendance for their largest program for the length of that program, the cost of attendance is generated as stated above, but is then divided by the number of months to complete the program to produce a monthly cost of attendance. The average amount of federal, state or local government, or institutional grant and scholarship aid is also divided by 12 to produce a monthly average. The average net price is generated by subtracting the average monthly grant and scholarship aid from the average monthly cost of attendance and the difference is multiplied by the number of months to complete the program.

Full-time, first-time degree/certificate-seeking undergraduates - A student enrolled in a 4- or 5-year bachelor's degree program, an associate's degree program, or a vocational or technical program below the baccalaureate level, who has no prior postsecondary experience, and is enrolled for 12 or more semester credits, or 12 or more quarter credits, or 24 or more clock hours a week each term."
Description,306,71001,NPT452,"Average net price for full-time, first-time degree/certificate-seeking undergraduates who were awarded title IV federal student aid - INCOME LEVEL (110,001 or more).  Title IV federal student aid, includes federal grants or federal student loans. 

Applicable to private not-for-profit and for-profit institutions with standard calendar systems (semester, quarter, trimester, 4-1-4) that report financial aid data for students enrolled for the FALL and awarded aid anytime during the full aid year. These institutions report cost of attendance for the full academic year.

Also, applicable to public or private institutions that measure courses primarily by clock hours, or offers primarily occupational programs measured in credit hours with calendar systems that are continuous, or differs by programs. These institutions report financial aid data for students enrolled between the 12-month period (September 1 through August 31) and awarded aid anytime during the full aid year. These institutions report cost of attendance for their largest program for the length of that program.

For institutions that report cost of attendance for the full academic year an average yearly net price is generated by subtracting the average amount of federal, state or local government, or institutional grant and scholarship aid from the total cost of attendance.  Total cost of attendance is the sum of published tuition and required fees, books and supplies and the weighted average room and board and other expenses.

The weighted average for room and board and other expenses is generated as follows:

  (amount for on-campus room, board and other expenses * # of students living on-campus. 
  +  amount for off-campus (with family) room, board and other expenses * # of students living off-campus with family
  +  amount for off-campus (not with family) room, board and other expenses * # of students living off-campus not with family)

divided by the total # of students.

Students whose living arrangements are unknown are excluded from the calculation.  For some institutions the # of students by living arrangement will be known, but dollar amounts will not be known.  In this case the # of students with no corresponding dollar amount will be excluded from the denominator.

For institutions that report the cost of attendance for their largest program for the length of that program, the cost of attendance is generated as stated above, but is then divided by the number of months to complete the program to produce a monthly cost of attendance. The average amount of federal, state or local government, or institutional grant and scholarship aid is also divided by 12 to produce a monthly average. The average net price is generated by subtracting the average monthly grant and scholarship aid from the average monthly cost of attendance and the difference is multiplied by the number of months to complete the program.

Full-time, first-time degree/certificate-seeking undergraduates - A student enrolled in a 4- or 5-year bachelor's degree program, an associate's degree program, or a vocational or technical program below the baccalaureate level, who has no prior postsecondary experience, and is enrolled for 12 or more semester credits, or 12 or more quarter credits, or 24 or more clock hours a week each term."
Description,307,71351,NPT411,"Average net price for full-time, first-time degree/certificate-seeking undergraduates who were awarded title IV federal student aid - INCOME LEVEL (0-30,000).  Title IV federal student aid, includes federal grants or federal student loans. 

Applicable to private not-for-profit and for-profit institutions with standard calendar systems (semester, quarter, trimester, 4-1-4) that report financial aid data for students enrolled for the FALL and awarded aid anytime during the full aid year. These institutions report cost of attendance for the full academic year.

Also, applicable to public or private institutions that measure courses primarily by clock hours, or offers primarily occupational programs measured in credit hours with calendar systems that are continuous, or differs by programs. These institutions report financial aid data for students enrolled between the 12-month period (September 1 through August 31) and awarded aid anytime during the full aid year. These institutions report cost of attendance for their largest program for the length of that program.

For institutions that report cost of attendance for the full academic year an average yearly net price is generated by subtracting the average amount of federal, state or local government, or institutional grant and scholarship aid from the total cost of attendance.  Total cost of attendance is the sum of published tuition and required fees, books and supplies and the weighted average room and board and other expenses.

The weighted average for room and board and other expenses is generated as follows:

  (amount for on-campus room, board and other expenses * # of students living on-campus. 
  +  amount for off-campus (with family) room, board and other expenses * # of students living off-campus with family
  +  amount for off-campus (not with family) room, board and other expenses * # of students living off-campus not with family)

divided by the total # of students.

Students whose living arrangements are unknown are excluded from the calculation.  For some institutions the # of students by living arrangement will be known, but dollar amounts will not be known.  In this case the # of students with no corresponding dollar amount will be excluded from the denominator.

For institutions that report the cost of attendance for their largest program for the length of that program, the cost of attendance is generated as stated above, but is then divided by the number of months to complete the program to produce a monthly cost of attendance. The average amount of federal, state or local government, or institutional grant and scholarship aid is also divided by 12 to produce a monthly average. The average net price is generated by subtracting the average monthly grant and scholarship aid from the average monthly cost of attendance and the difference is multiplied by the number of months to complete the program.

Full-time, first-time degree/certificate-seeking undergraduates - A student enrolled in a 4- or 5-year bachelor's degree program, an associate's degree program, or a vocational or technical program below the baccalaureate level, who has no prior postsecondary experience, and is enrolled for 12 or more semester credits, or 12 or more quarter credits, or 24 or more clock hours a week each term."
Description,308,71356,NPT421,"Average net price for full-time, first-time degree/certificate-seeking undergraduates who were awarded title IV federal student aid - INCOME LEVEL (30,001-48,000).  Title IV federal student aid, includes federal grants or federal student loans. 

Applicable to private not-for-profit and for-profit institutions with standard calendar systems (semester, quarter, trimester, 4-1-4) that report financial aid data for students enrolled for the FALL and awarded aid anytime during the full aid year. These institutions report cost of attendance for the full academic year.

Also, applicable to public or private institutions that measure courses primarily by clock hours, or offers primarily occupational programs measured in credit hours with calendar systems that are continuous, or differs by programs. These institutions report financial aid data for students enrolled between the 12-month period (September 1 through August 31) and awarded aid anytime during the full aid year. These institutions report cost of attendance for their largest program for the length of that program.

For institutions that report cost of attendance for the full academic year an average yearly net price is generated by subtracting the average amount of federal, state or local government, or institutional grant and scholarship aid from the total cost of attendance.  Total cost of attendance is the sum of published tuition and required fees, books and supplies and the weighted average room and board and other expenses.

The weighted average for room and board and other expenses is generated as follows:

  (amount for on-campus room, board and other expenses * # of students living on-campus. 
  +  amount for off-campus (with family) room, board and other expenses * # of students living off-campus with family
  +  amount for off-campus (not with family) room, board and other expenses * # of students living off-campus not with family)

divided by the total # of students.

Students whose living arrangements are unknown are excluded from the calculation.  For some institutions the # of students by living arrangement will be known, but dollar amounts will not be known.  In this case the # of students with no corresponding dollar amount will be excluded from the denominator.

For institutions that report the cost of attendance for their largest program for the length of that program, the cost of attendance is generated as stated above, but is then divided by the number of months to complete the program to produce a monthly cost of attendance. The average amount of federal, state or local government, or institutional grant and scholarship aid is also divided by 12 to produce a monthly average. The average net price is generated by subtracting the average monthly grant and scholarship aid from the average monthly cost of attendance and the difference is multiplied by the number of months to complete the program.

Full-time, first-time degree/certificate-seeking undergraduates - A student enrolled in a 4- or 5-year bachelor's degree program, an associate's degree program, or a vocational or technical program below the baccalaureate level, who has no prior postsecondary experience, and is enrolled for 12 or more semester credits, or 12 or more quarter credits, or 24 or more clock hours a week each term."
Description,309,71361,NPT431,"Average net price for full-time, first-time degree/certificate-seeking undergraduates who were awarded title IV federal student aid - INCOME LEVEL (48,001-75,000).  Title IV federal student aid, includes federal grants or federal student loans. 

Applicable to private not-for-profit and for-profit institutions with standard calendar systems (semester, quarter, trimester, 4-1-4) that report financial aid data for students enrolled for the FALL and awarded aid anytime during the full aid year. These institutions report cost of attendance for the full academic year.

Also, applicable to public or private institutions that measure courses primarily by clock hours, or offers primarily occupational programs measured in credit hours with calendar systems that are continuous, or differs by programs. These institutions report financial aid data for students enrolled between the 12-month period (September 1 through August 31) and awarded aid anytime during the full aid year. These institutions report cost of attendance for their largest program for the length of that program.

For institutions that report cost of attendance for the full academic year an average yearly net price is generated by subtracting the average amount of federal, state or local government, or institutional grant and scholarship aid from the total cost of attendance.  Total cost of attendance is the sum of published tuition and required fees, books and supplies and the weighted average room and board and other expenses.

The weighted average for room and board and other expenses is generated as follows:

  (amount for on-campus room, board and other expenses * # of students living on-campus. 
  +  amount for off-campus (with family) room, board and other expenses * # of students living off-campus with family
  +  amount for off-campus (not with family) room, board and other expenses * # of students living off-campus not with family)

divided by the total # of students.

Students whose living arrangements are unknown are excluded from the calculation.  For some institutions the # of students by living arrangement will be known, but dollar amounts will not be known.  In this case the # of students with no corresponding dollar amount will be excluded from the denominator.

For institutions that report the cost of attendance for their largest program for the length of that program, the cost of attendance is generated as stated above, but is then divided by the number of months to complete the program to produce a monthly cost of attendance. The average amount of federal, state or local government, or institutional grant and scholarship aid is also divided by 12 to produce a monthly average. The average net price is generated by subtracting the average monthly grant and scholarship aid from the average monthly cost of attendance and the difference is multiplied by the number of months to complete the program.

Full-time, first-time degree/certificate-seeking undergraduates - A student enrolled in a 4- or 5-year bachelor's degree program, an associate's degree program, or a vocational or technical program below the baccalaureate level, who has no prior postsecondary experience, and is enrolled for 12 or more semester credits, or 12 or more quarter credits, or 24 or more clock hours a week each term."
Description,310,71366,NPT441,"Average net price for full-time, first-time degree/certificate-seeking undergraduates who were awarded title IV federal student aid - INCOME LEVEL (75,001-110,000).  Title IV federal student aid, includes federal grants or federal student loans. 

Applicable to private not-for-profit and for-profit institutions with standard calendar systems (semester, quarter, trimester, 4-1-4) that report financial aid data for students enrolled for the FALL and awarded aid anytime during the full aid year. These institutions report cost of attendance for the full academic year.

Also, applicable to public or private institutions that measure courses primarily by clock hours, or offers primarily occupational programs measured in credit hours with calendar systems that are continuous, or differs by programs. These institutions report financial aid data for students enrolled between the 12-month period (September 1 through August 31) and awarded aid anytime during the full aid year. These institutions report cost of attendance for their largest program for the length of that program.

For institutions that report cost of attendance for the full academic year an average yearly net price is generated by subtracting the average amount of federal, state or local government, or institutional grant and scholarship aid from the total cost of attendance.  Total cost of attendance is the sum of published tuition and required fees, books and supplies and the weighted average room and board and other expenses.

The weighted average for room and board and other expenses is generated as follows:

  (amount for on-campus room, board and other expenses * # of students living on-campus. 
  +  amount for off-campus (with family) room, board and other expenses * # of students living off-campus with family
  +  amount for off-campus (not with family) room, board and other expenses * # of students living off-campus not with family)

divided by the total # of students.

Students whose living arrangements are unknown are excluded from the calculation.  For some institutions the # of students by living arrangement will be known, but dollar amounts will not be known.  In this case the # of students with no corresponding dollar amount will be excluded from the denominator.

For institutions that report the cost of attendance for their largest program for the length of that program, the cost of attendance is generated as stated above, but is then divided by the number of months to complete the program to produce a monthly cost of attendance. The average amount of federal, state or local government, or institutional grant and scholarship aid is also divided by 12 to produce a monthly average. The average net price is generated by subtracting the average monthly grant and scholarship aid from the average monthly cost of attendance and the difference is multiplied by the number of months to complete the program.

Full-time, first-time degree/certificate-seeking undergraduates - A student enrolled in a 4- or 5-year bachelor's degree program, an associate's degree program, or a vocational or technical program below the baccalaureate level, who has no prior postsecondary experience, and is enrolled for 12 or more semester credits, or 12 or more quarter credits, or 24 or more clock hours a week each term."
Description,311,71371,NPT451,"Average net price for full-time, first-time degree/certificate-seeking undergraduates who were awarded title IV federal student aid - INCOME LEVEL (110,001 or more).  Title IV federal student aid, includes federal grants or federal student loans. 

Applicable to private not-for-profit and for-profit institutions with standard calendar systems (semester, quarter, trimester, 4-1-4) that report financial aid data for students enrolled for the FALL and awarded aid anytime during the full aid year. These institutions report cost of attendance for the full academic year.

Also, applicable to public or private institutions that measure courses primarily by clock hours, or offers primarily occupational programs measured in credit hours with calendar systems that are continuous, or differs by programs. These institutions report financial aid data for students enrolled between the 12-month period (September 1 through August 31) and awarded aid anytime during the full aid year. These institutions report cost of attendance for their largest program for the length of that program.

For institutions that report cost of attendance for the full academic year an average yearly net price is generated by subtracting the average amount of federal, state or local government, or institutional grant and scholarship aid from the total cost of attendance.  Total cost of attendance is the sum of published tuition and required fees, books and supplies and the weighted average room and board and other expenses.

The weighted average for room and board and other expenses is generated as follows:

  (amount for on-campus room, board and other expenses * # of students living on-campus. 
  +  amount for off-campus (with family) room, board and other expenses * # of students living off-campus with family
  +  amount for off-campus (not with family) room, board and other expenses * # of students living off-campus not with family)

divided by the total # of students.

Students whose living arrangements are unknown are excluded from the calculation.  For some institutions the # of students by living arrangement will be known, but dollar amounts will not be known.  In this case the # of students with no corresponding dollar amount will be excluded from the denominator.

For institutions that report the cost of attendance for their largest program for the length of that program, the cost of attendance is generated as stated above, but is then divided by the number of months to complete the program to produce a monthly cost of attendance. The average amount of federal, state or local government, or institutional grant and scholarship aid is also divided by 12 to produce a monthly average. The average net price is generated by subtracting the average monthly grant and scholarship aid from the average monthly cost of attendance and the difference is multiplied by the number of months to complete the program.

Full-time, first-time degree/certificate-seeking undergraduates - A student enrolled in a 4- or 5-year bachelor's degree program, an associate's degree program, or a vocational or technical program below the baccalaureate level, who has no prior postsecondary experience, and is enrolled for 12 or more semester credits, or 12 or more quarter credits, or 24 or more clock hours a week each term."
Description,312,71651,NPT410,"Average net price for full-time, first-time degree/certificate-seeking undergraduates who were awarded title IV federal student aid - INCOME LEVEL (0-30,000).  Title IV federal student aid, includes federal grants or federal student loans. 

Applicable to private not-for-profit and for-profit institutions with standard calendar systems (semester, quarter, trimester, 4-1-4) that report financial aid data for students enrolled for the FALL and awarded aid anytime during the full aid year. These institutions report cost of attendance for the full academic year.

Also, applicable to public or private institutions that measure courses primarily by clock hours, or offers primarily occupational programs measured in credit hours with calendar systems that are continuous, or differs by programs. These institutions report financial aid data for students enrolled between the 12-month period (September 1 through August 31) and awarded aid anytime during the full aid year. These institutions report cost of attendance for their largest program for the length of that program.

For institutions that report cost of attendance for the full academic year an average yearly net price is generated by subtracting the average amount of federal, state or local government, or institutional grant and scholarship aid from the total cost of attendance.  Total cost of attendance is the sum of published tuition and required fees, books and supplies and the weighted average room and board and other expenses.

The weighted average for room and board and other expenses is generated as follows:

  (amount for on-campus room, board and other expenses * # of students living on-campus. 
  +  amount for off-campus (with family) room, board and other expenses * # of students living off-campus with family
  +  amount for off-campus (not with family) room, board and other expenses * # of students living off-campus not with family)

divided by the total # of students.

Students whose living arrangements are unknown are excluded from the calculation.  For some institutions the # of students by living arrangement will be known, but dollar amounts will not be known.  In this case the # of students with no corresponding dollar amount will be excluded from the denominator.

For institutions that report the cost of attendance for their largest program for the length of that program, the cost of attendance is generated as stated above, but is then divided by the number of months to complete the program to produce a monthly cost of attendance. The average amount of federal, state or local government, or institutional grant and scholarship aid is also divided by 12 to produce a monthly average. The average net price is generated by subtracting the average monthly grant and scholarship aid from the average monthly cost of attendance and the difference is multiplied by the number of months to complete the program.

Full-time, first-time degree/certificate-seeking undergraduates - A student enrolled in a 4- or 5-year bachelor's degree program, an associate's degree program, or a vocational or technical program below the baccalaureate level, who has no prior postsecondary experience, and is enrolled for 12 or more semester credits, or 12 or more quarter credits, or 24 or more clock hours a week each term."
Description,313,71656,NPT420,"Average net price for full-time, first-time degree/certificate-seeking undergraduates who were awarded title IV federal student aid - INCOME LEVEL (30,001-48,000).  Title IV federal student aid, includes federal grants or federal student loans. 

Applicable to private not-for-profit and for-profit institutions with standard calendar systems (semester, quarter, trimester, 4-1-4) that report financial aid data for students enrolled for the FALL and awarded aid anytime during the full aid year. These institutions report cost of attendance for the full academic year.

Also, applicable to public or private institutions that measure courses primarily by clock hours, or offers primarily occupational programs measured in credit hours with calendar systems that are continuous, or differs by programs. These institutions report financial aid data for students enrolled between the 12-month period (September 1 through August 31) and awarded aid anytime during the full aid year. These institutions report cost of attendance for their largest program for the length of that program.

For institutions that report cost of attendance for the full academic year an average yearly net price is generated by subtracting the average amount of federal, state or local government, or institutional grant and scholarship aid from the total cost of attendance.  Total cost of attendance is the sum of published tuition and required fees, books and supplies and the weighted average room and board and other expenses.

The weighted average for room and board and other expenses is generated as follows:

  (amount for on-campus room, board and other expenses * # of students living on-campus. 
  +  amount for off-campus (with family) room, board and other expenses * # of students living off-campus with family
  +  amount for off-campus (not with family) room, board and other expenses * # of students living off-campus not with family)

divided by the total # of students.

Students whose living arrangements are unknown are excluded from the calculation.  For some institutions the # of students by living arrangement will be known, but dollar amounts will not be known.  In this case the # of students with no corresponding dollar amount will be excluded from the denominator.

For institutions that report the cost of attendance for their largest program for the length of that program, the cost of attendance is generated as stated above, but is then divided by the number of months to complete the program to produce a monthly cost of attendance. The average amount of federal, state or local government, or institutional grant and scholarship aid is also divided by 12 to produce a monthly average. The average net price is generated by subtracting the average monthly grant and scholarship aid from the average monthly cost of attendance and the difference is multiplied by the number of months to complete the program.

Full-time, first-time degree/certificate-seeking undergraduates - A student enrolled in a 4- or 5-year bachelor's degree program, an associate's degree program, or a vocational or technical program below the baccalaureate level, who has no prior postsecondary experience, and is enrolled for 12 or more semester credits, or 12 or more quarter credits, or 24 or more clock hours a week each term."
Description,314,71661,NPT430,"Average net price for full-time, first-time degree/certificate-seeking undergraduates who were awarded title IV federal student aid - INCOME LEVEL (48,001-75,000).  Title IV federal student aid, includes federal grants or federal student loans. 

Applicable to private not-for-profit and for-profit institutions with standard calendar systems (semester, quarter, trimester, 4-1-4) that report financial aid data for students enrolled for the FALL and awarded aid anytime during the full aid year. These institutions report cost of attendance for the full academic year.

Also, applicable to public or private institutions that measure courses primarily by clock hours, or offers primarily occupational programs measured in credit hours with calendar systems that are continuous, or differs by programs. These institutions report financial aid data for students enrolled between the 12-month period (September 1 through August 31) and awarded aid anytime during the full aid year. These institutions report cost of attendance for their largest program for the length of that program.

For institutions that report cost of attendance for the full academic year an average yearly net price is generated by subtracting the average amount of federal, state or local government, or institutional grant and scholarship aid from the total cost of attendance.  Total cost of attendance is the sum of published tuition and required fees, books and supplies and the weighted average room and board and other expenses.

The weighted average for room and board and other expenses is generated as follows:

  (amount for on-campus room, board and other expenses * # of students living on-campus. 
  +  amount for off-campus (with family) room, board and other expenses * # of students living off-campus with family
  +  amount for off-campus (not with family) room, board and other expenses * # of students living off-campus not with family)

divided by the total # of students.

Students whose living arrangements are unknown are excluded from the calculation.  For some institutions the # of students by living arrangement will be known, but dollar amounts will not be known.  In this case the # of students with no corresponding dollar amount will be excluded from the denominator.

For institutions that report the cost of attendance for their largest program for the length of that program, the cost of attendance is generated as stated above, but is then divided by the number of months to complete the program to produce a monthly cost of attendance. The average amount of federal, state or local government, or institutional grant and scholarship aid is also divided by 12 to produce a monthly average. The average net price is generated by subtracting the average monthly grant and scholarship aid from the average monthly cost of attendance and the difference is multiplied by the number of months to complete the program.

Full-time, first-time degree/certificate-seeking undergraduates - A student enrolled in a 4- or 5-year bachelor's degree program, an associate's degree program, or a vocational or technical program below the baccalaureate level, who has no prior postsecondary experience, and is enrolled for 12 or more semester credits, or 12 or more quarter credits, or 24 or more clock hours a week each term."
Description,315,71666,NPT440,"Average net price for full-time, first-time degree/certificate-seeking undergraduates who were awarded title IV federal student aid - INCOME LEVEL (75,001-110,000).  Title IV federal student aid, includes federal grants or federal student loans. 

Applicable to private not-for-profit and for-profit institutions with standard calendar systems (semester, quarter, trimester, 4-1-4) that report financial aid data for students enrolled for the FALL and awarded aid anytime during the full aid year. These institutions report cost of attendance for the full academic year.

Also, applicable to public or private institutions that measure courses primarily by clock hours, or offers primarily occupational programs measured in credit hours with calendar systems that are continuous, or differs by programs. These institutions report financial aid data for students enrolled between the 12-month period (September 1 through August 31) and awarded aid anytime during the full aid year. These institutions report cost of attendance for their largest program for the length of that program.

For institutions that report cost of attendance for the full academic year an average yearly net price is generated by subtracting the average amount of federal, state or local government, or institutional grant and scholarship aid from the total cost of attendance.  Total cost of attendance is the sum of published tuition and required fees, books and supplies and the weighted average room and board and other expenses.

The weighted average for room and board and other expenses is generated as follows:

  (amount for on-campus room, board and other expenses * # of students living on-campus. 
  +  amount for off-campus (with family) room, board and other expenses * # of students living off-campus with family
  +  amount for off-campus (not with family) room, board and other expenses * # of students living off-campus not with family)

divided by the total # of students.

Students whose living arrangements are unknown are excluded from the calculation.  For some institutions the # of students by living arrangement will be known, but dollar amounts will not be known.  In this case the # of students with no corresponding dollar amount will be excluded from the denominator.

For institutions that report the cost of attendance for their largest program for the length of that program, the cost of attendance is generated as stated above, but is then divided by the number of months to complete the program to produce a monthly cost of attendance. The average amount of federal, state or local government, or institutional grant and scholarship aid is also divided by 12 to produce a monthly average. The average net price is generated by subtracting the average monthly grant and scholarship aid from the average monthly cost of attendance and the difference is multiplied by the number of months to complete the program.

Full-time, first-time degree/certificate-seeking undergraduates - A student enrolled in a 4- or 5-year bachelor's degree program, an associate's degree program, or a vocational or technical program below the baccalaureate level, who has no prior postsecondary experience, and is enrolled for 12 or more semester credits, or 12 or more quarter credits, or 24 or more clock hours a week each term."
Description,316,71671,NPT450,"Average net price for full-time, first-time degree/certificate-seeking undergraduates who were awarded title IV federal student aid - INCOME LEVEL (110,001 or more).  Title IV federal student aid, includes federal grants or federal student loans. 

Applicable to private not-for-profit and for-profit institutions with standard calendar systems (semester, quarter, trimester, 4-1-4) that report financial aid data for students enrolled for the FALL and awarded aid anytime during the full aid year. These institutions report cost of attendance for the full academic year.

Also, applicable to public or private institutions that measure courses primarily by clock hours, or offers primarily occupational programs measured in credit hours with calendar systems that are continuous, or differs by programs. These institutions report financial aid data for students enrolled between the 12-month period (September 1 through August 31) and awarded aid anytime during the full aid year. These institutions report cost of attendance for their largest program for the length of that program.

For institutions that report cost of attendance for the full academic year an average yearly net price is generated by subtracting the average amount of federal, state or local government, or institutional grant and scholarship aid from the total cost of attendance.  Total cost of attendance is the sum of published tuition and required fees, books and supplies and the weighted average room and board and other expenses.

The weighted average for room and board and other expenses is generated as follows:

  (amount for on-campus room, board and other expenses * # of students living on-campus. 
  +  amount for off-campus (with family) room, board and other expenses * # of students living off-campus with family
  +  amount for off-campus (not with family) room, board and other expenses * # of students living off-campus not with family)

divided by the total # of students.

Students whose living arrangements are unknown are excluded from the calculation.  For some institutions the # of students by living arrangement will be known, but dollar amounts will not be known.  In this case the # of students with no corresponding dollar amount will be excluded from the denominator.

For institutions that report the cost of attendance for their largest program for the length of that program, the cost of attendance is generated as stated above, but is then divided by the number of months to complete the program to produce a monthly cost of attendance. The average amount of federal, state or local government, or institutional grant and scholarship aid is also divided by 12 to produce a monthly average. The average net price is generated by subtracting the average monthly grant and scholarship aid from the average monthly cost of attendance and the difference is multiplied by the number of months to complete the program.

Full-time, first-time degree/certificate-seeking undergraduates - A student enrolled in a 4- or 5-year bachelor's degree program, an associate's degree program, or a vocational or technical program below the baccalaureate level, who has no prior postsecondary experience, and is enrolled for 12 or more semester credits, or 12 or more quarter credits, or 24 or more clock hours a week each term."
Statistics,0,varnumber,varname,n,sum,mean,min,max,varTitle
Statistics,1,70291,SCUGRAD,5779,16791836,2905.6646478629523,0,111519,Total number of undergraduates - financial aid cohort
Statistics,2,70286,SCUGFFN,5779,2478866,428.94376189652189,0,15259,Total number of full-time first-time degree/certificate seeking undergraduates - financial aid cohort
Statistics,3,70296,SCUGFFP,5779,134735,23.314587298840628,0,100,Full-time first-time degree/certificate seeking undergraduates as a percent of all undergraduates - financial aid cohort
Statistics,4,70176,SCFA2,3582,15886706,4435.1496370742598,0,111519,Total number of undergraduates - fall cohort
Statistics,5,70126,SCFA1N,3582,2165036,604.42099385817983,0,15259,Number of students in fall cohort
Statistics,6,70131,SCFA1P,3582,56521,15.779173646007816,0,100,Students in fall cohort as a percentage of all undergraduates
Statistics,7,70136,SCFA11N,1580,177038,112.0493670886076,0,5029,Number of students in fall cohort who are paying in-district tuition rates
Statistics,8,70141,SCFA11P,1580,26779,16.94873417721519,0,100,Percentage of students in fall cohort who are paying in-district tuition rates
Statistics,9,70146,SCFA12N,1580,1213776,768.21265822784812,0,9671,Number of students in fall cohort who are paying in-state tuititon rates
Statistics,10,70151,SCFA12P,1580,116044,73.445569620253167,0,100,Percentage of students in fall cohort who paying in-state tuition rates
Statistics,11,70156,SCFA13N,1580,222669,140.92974683544304,0,5588,Number of students in fall cohort who are paying out-of-state tuition rates
Statistics,12,70161,SCFA13P,1580,13745,8.6993670886075947,0,81,Percentage of students in fall cohort who are paying out-of-state tuition rates
Statistics,13,70166,SCFA14N,1580,7387,4.6753164556962021,0,530,Number of students in fall cohort whose residence/tuition rate is unknown
Statistics,14,70171,SCFA14P,1580,1446,0.91518987341772151,0,54,Percentage of students in fall cohort whose residence/ tuition rate is unknown
Statistics,15,70191,SCFY2,2197,905130,411.98452435138825,1,28016,Total number of undergraduates - full-year cohort
Statistics,16,70181,SCFY1N,2197,313830,142.84478834774694,0,10055,Number of students in full-year cohort
Statistics,17,70186,SCFY1P,2197,78214,35.60036413290851,0,100,Students in full-year cohort as a percentage of all  undergraduates
Statistics,18,70401,UAGRNTN,5779,10750841,1860.3289496452674,0,54567,"Number of undergraduate students awarded federal, state, local, institutional or other sources of grant aid"
Statistics,19,70406,UAGRNTP,5779,389010,67.314414258522234,0,100,"Percent of undergraduate students awarded federal, state, local, institutional or other sources of grant aid"
Statistics,20,70301,UAGRNTT,5779,103653641775,17936259.175462883,0,588059754,"Total amount of federal, state, local, institutional or other sources of grant aid awarded to undergraduate students"
Statistics,21,70411,UAGRNTA,5738,48097426,8382.2631578947367,254,57953,"Average amount of federal, state, local, institutional or other sources of grant aid awarded to undergraduate students"
Statistics,22,70306,UPGRNTN,5779,5456904,944.26440560650633,0,49962,Number of undergraduate students awarded Pell grants
Statistics,23,70416,UPGRNTP,5779,250056,43.269769856376534,0,100,Percent of undergraduate students awarded Pell grants
Statistics,24,70421,UPGRNTT,5779,24967512380,4320386.2917459765,0,148135844,Total amount of Pell grant aid awarded to undergraduate students
Statistics,25,70426,UPGRNTA,5688,25724499,4522.5912447257388,254,12344,Average amount Pell grant aid awarded to undergraduate students
Statistics,26,70431,UFLOANN,5779,5031041,870.57293649420319,0,69092,Number of undergraduate students awarded federal student loans
Statistics,27,70436,UFLOANP,5779,242890,42.029762934763802,0,100,Percent of undergraduate students awarded federal student loans
Statistics,28,70441,UFLOANT,5779,33171612855,5740026.4500778681,0,487777835,Total amount of federal student loans awarded to undergraduate students
Statistics,29,70446,UFLOANA,5104,33638337,6590.5832680250787,221,91616,Average amount of federal student loans awarded to undergraduate students
Statistics,30,70196,ANYAIDN,5484,2112346,385.18344274252371,0,11491,Number of full-time first-time undergraduates awarded any financial aid
Statistics,31,70201,ANYAIDP,5484,467967,85.333150984682717,0,100,Percent of full-time first-time undergraduates awarded any financial aid
Statistics,32,71099,AIDFSIN,5484,2076793,378.70040116703137,0,11332,Number of full-time first-time undergraduates awarded any loans to students or grant aid  from federal state/local government or the institution
Statistics,33,71100,AIDFSIP,5484,462737,84.379467541940187,0,100,Percent of full-time first-time undergraduates awarded any loans to students or grant aid  from federal state/local government or the institution
Statistics,34,70311,AGRNT_N,5484,1977509,360.59609773887672,0,11009,"Number of full-time first-time undergraduates awarded federal, state, local or institutional grant aid"
Statistics,35,70316,AGRNT_P,5484,434513,79.232859226841725,0,100,"Percent of full-time first-time undergraduates awarded federal, state, local or institutional grant aid"
Statistics,36,70451,AGRNT_T,5484,23334155999,4254951.8597738873,0,134318870,"Total amount of federal, state, local or institutional grant aid awarded to full-time first-time undergraduates"
Statistics,37,70321,AGRNT_A,5438,50519701,9290.125229863921,100,59840,"Average amount of federal, state, local or institutional grant aid awarded"
Statistics,38,70206,FGRNT_N,5484,1313044,239.43180160466812,0,8459,Number of full-time first-time undergraduates awarded federal grant aid
Statistics,39,70211,FGRNT_P,5484,341561,62.28318745441284,0,100,Percent of full-time first-time undergraduates awarded federal grant aid
Statistics,40,70456,FGRNT_T,5484,6214907196,1133279.9409190372,0,49745390,Total amount of federal grant aid awarded to full-time first-time undergraduates
Statistics,41,70216,FGRNT_A,5394,26601260,4931.6388579903596,100,15932,Average amount of federal grant aid awarded to full-time first-time undergraduates
Statistics,42,70326,PGRNT_N,5484,1022150,186.38767323121809,0,8457,Number of full-time first-time undergraduates awarded Pell grants
Statistics,43,70331,PGRNT_P,5484,294827,53.76130561633844,0,100,Percent of full-time first-time undergraduates awarded Pell grants
Statistics,44,70461,PGRNT_T,5484,5074957903,925411.72556528077,0,49689898,Total amount of Pell grant aid awarded to full-time first-time undergraduates
Statistics,45,70336,PGRNT_A,5377,26156123,4864.4454156592892,141,10001,Average amount of Pell grant aid awarded to full-time first-time undergraduates
Statistics,46,70341,OFGRT_N,5484,888974,162.1032093362509,0,5752,Number of full-time first-time undergraduates awarded other federal grant aid
Statistics,47,70346,OFGRT_P,5484,180969,32.999452954048138,0,100,Percent of full-time first-time undergraduates awarded other federal grant aid
Statistics,48,70466,OFGRT_T,5484,1139949293,207868.21535375639,0,10729611,Total amount of other federal grant aid awarded to full-time first-time undergraduates
Statistics,49,70351,OFGRT_A,4227,5613049,1327.9037142181216,60,16642,Average amount of other federal grant aid awarded to full-time first-time undergraduates
Statistics,50,70221,SGRNT_N,5484,792613,144.53191101385849,0,6294,Number of full-time first-time undergraduates awarded state/local grant aid
Statistics,51,70226,SGRNT_P,5484,123992,22.609773887673231,0,100,Percent of full-time first-time undergraduates awarded state/local grant aid
Statistics,52,70471,SGRNT_T,5484,3108078070,566753.84208606859,0,49301161,Total amount of state/local grant aid awarded to full-time first-time undergraduates
Statistics,53,70231,SGRNT_A,3730,12973168,3478.061126005362,100,23695,Average amount of state/local grant aid awarded to full-time first-time undergraduates
Statistics,54,70236,IGRNT_N,5484,1221931,222.8174690007294,0,10694,Number of full-time first-time undergraduates awarded  institutional grant aid
Statistics,55,70241,IGRNT_P,5484,193277,35.243800145878922,0,100,Percent of full-time first-time undergraduates awarded institutional grant aid
Statistics,56,70476,IGRNT_T,5484,14011170733,2554918.076768782,0,109515366,Total amount of institutional grant aid awarded to full-time first-time undergraduates
Statistics,57,70246,IGRNT_A,3819,28262980,7400.6231997905206,45,57022,Average amount of institutional grant aid awarded to full-time first-time undergraduates
Statistics,58,70251,LOAN_N,5484,976920,178.14004376367615,0,8379,Number of full-time first-time undergraduates awarded student loans
Statistics,59,70256,LOAN_P,5484,268112,48.889861415025528,0,100,Percent of full-time first-time undergraduates awarded student loans
Statistics,60,70481,LOAN_T,5484,7031708093,1282222.4823121808,0,78679591,Total amount of student loans awarded to full-time first-time undergraduates
Statistics,61,70261,LOAN_A,4851,32648873,6730.3386930529787,111,51034,Average amount of student loans awarded to full-time first-time undergraduates
Statistics,62,70356,FLOAN_N,5484,954216,174,0,8379,Number of full-time first-time undergraduates awarded federal student loans
Statistics,63,70361,FLOAN_P,5484,263865,48.115426695842451,0,100,Percent of full-time first-time undergraduates awarded federal student loans
Statistics,64,70486,FLOAN_T,5484,5324119668,970846.03719912469,0,39620534,Total amount of federal student loans awarded to full-time first-time undergraduates
Statistics,65,70366,FLOAN_A,4772,28201949,5909.880343671417,111,52419,Average amount of federal student loans awarded to full-time first-time undergraduates
Statistics,66,70371,OLOAN_N,5484,129509,23.615791393143692,0,1969,Number of full-time first-time undergraduates awarded other student loans
Statistics,67,70376,OLOAN_P,5484,25027,4.5636396790663749,0,100,Percent of full-time first-time undergraduates awarded other student loans
Statistics,68,70491,OLOAN_T,5484,1707588425,311376.44511305616,0,39059057,Total amount of other student loans awarded to full-time first-time undergraduates
Statistics,69,70381,OLOAN_A,2665,29547110,11087.095684803002,206,62388,Average amount of other student loans awarded to full-time first-time undergraduates
Statistics,70,70496,GISTN2,1831,1076915,588.15674494811583,1,7477,"Total number, 2020-21"
Statistics,71,70501,GISTON2,798,403737,505.93609022556393,0,5388,"Number living on-campus, 2020-21"
Statistics,72,70506,GISTWF2,1825,413333,226.48383561643837,0,4835,"Number living off-campus with family, 2020-21"
Statistics,73,70511,GISTOF2,1825,206782,113.30520547945206,0,2820,"Number living off-campus not with family, 2020-21"
Statistics,74,70516,GISTUN2,1825,53063,29.075616438356164,0,1737,"Number living arrangement unknown, 2020-21"
Statistics,75,70521,GISTT2,1831,8320544051,4544262.1796832336,180,89783966,"Total amount of grant and scholarship aid awarded, 2020-21"
Statistics,76,70526,GISTA2,1831,11543906,6304.7001638448937,180,21635,"Average amount of grant and scholarship aid awarded, 2020-21"
Statistics,77,70531,GISTN1,1831,1193878,652.03604587657014,0,8143,"Total number, 2019-20"
Statistics,78,70536,GISTON1,798,487304,610.65664160401002,0,6138,"Number living on-campus, 2019-20"
Statistics,79,70541,GISTWF1,1820,437413,240.33681318681317,0,6692,"Number living off-campus with family, 2019-20"
Statistics,80,70546,GISTOF1,1820,220661,121.24230769230769,0,2542,"Number living off-campus not with family, 2019-20"
Statistics,81,70551,GISTUN1,1820,48500,26.64835164835165,0,1192,"Number living arrangement unknown, 2019-20"
Statistics,82,70556,GISTT1,1826,9130272216,5000149.0777656082,1390,99612386,"Total amount of grant and scholarship aid awarded, 2019-20"
Statistics,83,70561,GISTA1,1826,11596689,6350.8702081051479,509,21425,"Average amount of grant and scholarship aid awarded, 2019-20"
Statistics,84,70566,GISTN0,1831,1148788,627.41015838339706,0,6075,"Total number, 2018-19"
Statistics,85,70571,GISTON0,798,482169,604.22180451127815,0,4666,"Number living on-campus, 2018-19"
Statistics,86,70576,GISTWF0,1814,411735,226.9762954796031,0,5065,"Number living off-campus with family, 2018-19"
Statistics,87,70581,GISTOF0,1814,208550,114.96692392502756,0,2366,"Number living off-campus not with family, 2018-19"
Statistics,88,70586,GISTUN0,1814,46334,25.542447629547961,0,782,"Number living arrangement unknown, 2018-19"
Statistics,89,70591,GISTT0,1820,8684605862,4771761.462637363,438,71530952,"Total amount of grant and scholarship aid awarded, 2018-19"
Statistics,90,70596,GISTA0,1820,11367440,6245.8461538461543,438,20670,"Average amount of grant and scholarship aid awarded, 2018-19"
Statistics,91,70601,GIS4N2,1821,815512,447.83745194947829,1,6180,"Total number in all income levels, 2020-21"
Statistics,92,70606,GIS4ON2,798,319339,400.17418546365917,0,3861,"Number living on-campus in all income levels, 2020-21"
Statistics,93,70611,GIS4WF2,1815,314752,173.41707988980716,0,3801,"Number living off-campus with family in all income levels, 2020-21"
Statistics,94,70616,GIS4OF2,1815,167552,92.315151515151513,0,1797,"Number living off-campus not with family in all income levels, 2020-21"
Statistics,95,70621,GIS4UN2,1815,13869,7.641322314049587,0,897,"Number living arrangement unknown in all income levels, 2020-21"
Statistics,96,70626,GIS4T2,1821,6584309823,3615765.9654036243,0,65643657,"Total amount of grant and scholarship aid awarded, all income levels, 2020-21"
Statistics,97,70631,GIS4A2,1821,12273904,6740.1998901702364,0,22270,"Average amount of grant and scholarship aid awarded, all income levels, 2020-21"
Statistics,98,70636,GIS4N12,1821,326360,179.22020867655135,0,2686,"Number in income level (0-30,000), 2020-21"
Statistics,99,70641,GIS4T12,1821,3345096469,1836955.7764964306,0,34680489,"Total amount of grant and scholarship aid awarded, income level (0-30,000), 2020-21"
Statistics,100,70646,GIS4A12,1805,15708766,8702.9174515235463,0,36455,"Average amount of grant and scholarship aid awarded, income level (0-30,000), 2020-21"
Statistics,101,70651,GIS4N22,1821,150472,82.631521142229545,0,947,"Number in income level (30,001-48,000), 2020-21"
Statistics,102,70656,GIS4T22,1821,1521506513,835533.50521691376,0,15544856,"Total amount of grant and scholarship aid awarded, income level (30,001-48,000), 2020-21"
Statistics,103,70661,GIS4A22,1726,13893981,8049.8151796060256,0,34317,"Average amount of grant and scholarship aid awarded, income level (30,001-48,000), 2020-21"
Statistics,104,70666,GIS4N32,1821,128628,70.635914332784182,0,866,"Number in income level (48,001-75,000), 2020-21"
Statistics,105,70671,GIS4T32,1821,978545391,537367.04612850084,0,10871239,"Total amount of grant and scholarship aid awarded, income level (48,001-75,000), 2020-21"
Statistics,106,70676,GIS4A32,1679,9771397,5819.7718880285884,0,29369,"Average amount of grant and scholarship aid awarded, income level (48,001-75,000), 2020-21"
Statistics,107,70681,GIS4N42,1821,85006,46.680944535969246,0,1015,"Number in income level (75,001-110,000), 2020-21"
Statistics,108,70686,GIS4T42,1821,381755127,209640.37726523887,0,3937318,"Total amount of grant and scholarship aid awarded, income level (75,001-110,000), 2020-21"
Statistics,109,70691,GIS4A42,1530,5240175,3424.9509803921569,0,22739,"Average amount of grant and scholarship aid awarded, income level (75,001-110,000), 2020-21"
Statistics,110,70696,GIS4N52,1821,125046,68.668863261943983,0,2460,"Number in income level (110,001 or more), 2020-21"
Statistics,111,70701,GIS4T52,1821,357406323,196269.26029654036,0,5510320,"Total amount of grant and scholarship aid awarded, income level (110,001 or more), 2020-21"
Statistics,112,70706,GIS4A52,1291,2741148,2123.2749806351667,0,12099,"Average amount of grant and scholarship aid awarded, income level (110,001 or more), 2020-21"
Statistics,113,71101,GIS4N1,1821,975809,535.86436024162549,0,6737,"Total number in all income levels, 2019-20"
Statistics,114,71106,GIS4ON1,796,413565,519.5540201005025,0,4373,"Number living on-campus in all income levels, 2019-20"
Statistics,115,71111,GIS4WF1,1805,358047,198.36398891966758,0,5652,"Number living off-campus with family in all income levels, 2019-20"
Statistics,116,71116,GIS4OF1,1805,190057,105.29473684210527,0,2282,"Number living off-campus not with family in all income levels, 2019-20"
Statistics,117,71121,GIS4UN1,1805,14140,7.8337950138504153,0,576,"Number living arrangement unknown in all income levels, 2019-20"
Statistics,118,71126,GIS4T1,1811,7482791251,4131856.019326339,2745,74851281,"Total amount of grant and scholarship aid awarded, all income levels, 2019-20"
Statistics,119,71131,GIS4A1,1811,11765091,6496.4610712313643,688,22984,"Average amount of grant and scholarship aid awarded, all income levels, 2019-20"
Statistics,120,71136,GIS4N11,1811,409710,226.23412479293208,0,4610,"Number in income level (0-30,000), 2019-20"
Statistics,121,71141,GIS4T11,1811,3951027055,2181682.526228603,0,37458970,"Total amount of grant and scholarship aid awarded, income level (0-30,000), 2019-20"
Statistics,122,71146,GIS4A11,1806,15173140,8401.5171650055363,947,33623,"Average amount of grant and scholarship aid awarded, income level (0-30,000), 2019-20"
Statistics,123,71151,GIS4N21,1811,176276,97.336278299282171,0,1214,"Number in income level (30,001-48,000), 2019-20"
Statistics,124,71156,GIS4T21,1811,1681103759,928273.74875759252,0,18596031,"Total amount of grant and scholarship aid awarded, income level (30,001-48,000), 2019-20"
Statistics,125,71161,GIS4A21,1738,13444735,7735.75086306099,0,32088,"Average amount of grant and scholarship aid awarded, income level (30,001-48,000), 2019-20"
Statistics,126,71166,GIS4N31,1811,150708,83.218111540585312,0,1006,"Number in income level (48,001-75,000), 2019-20"
Statistics,127,71171,GIS4T31,1811,1061699751,586250.55273329653,0,11172137,"Total amount of grant and scholarship aid awarded, income level (48,001-75,000), 2019-20"
Statistics,128,71176,GIS4A31,1693,9315411,5502.3101004134669,0,28600,"Average amount of grant and scholarship aid awarded, income level (48,001-75,000), 2019-20"
Statistics,129,71181,GIS4N41,1811,101607,56.105466593042514,0,1162,"Number in income level (75,001-110,000), 2019-20"
Statistics,130,71186,GIS4T41,1811,424122803,234192.60242959691,0,5562264,"Total amount of grant and scholarship aid awarded, income level (75,001-110,000), 2019-20"
Statistics,131,71191,GIS4A41,1540,4864717,3158.9071428571428,0,20123,"Average amount of grant and scholarship aid awarded, income level (75,001-110,000), 2019-20"
Statistics,132,71196,GIS4N51,1811,137508,75.929320817228046,0,2552,"Number in income level (110,001 or more), 2019-20"
Statistics,133,71201,GIS4T51,1811,364837883,201456.58917725013,0,5212288,"Total amount of grant and scholarship aid awarded, income level (110,001 or more), 2019-20"
Statistics,134,71206,GIS4A51,1314,2507943,1908.6324200913241,0,13663,"Average amount of grant and scholarship aid awarded, income level (110,001 or more), 2019-20"
Statistics,135,71401,GIS4N0,1821,968442,531.81878088962105,0,6806,"Total number in all income levels, 2018-19"
Statistics,136,71406,GIS4ON0,796,424070,532.751256281407,0,4305,"Number living on-campus in all income levels, 2018-19"
Statistics,137,71411,GIS4WF0,1799,346810,192.7793218454697,0,4346,"Number living off-campus with family in all income levels, 2018-19"
Statistics,138,71416,GIS4OF0,1799,183865,102.20400222345748,0,1773,"Number living off-campus not with family in all income levels, 2018-19"
Statistics,139,71421,GIS4UN0,1799,13697,7.6136742634797105,0,1471,"Number living arrangement unknown in all income levels, 2018-19"
Statistics,140,71426,GIS4T0,1805,7168723519,3971591.9772853185,438,63602478,"Total amount of grant and scholarship aid awarded, all income levels, 2018-19"
Statistics,141,71431,GIS4A0,1805,11354977,6290.8459833795014,438,22523,"Average amount of grant and scholarship aid awarded, all income levels, 2018-19"
Statistics,142,71436,GIS4N10,1805,409671,226.9645429362881,0,3562,"Number in income level (0-30,000), 2018-19"
Statistics,143,71441,GIS4T10,1805,3825270784,2119263.5922437673,0,28677215,"Total amount of grant and scholarship aid awarded, income level (0-30,000), 2018-19"
Statistics,144,71446,GIS4A10,1802,14703403,8159.4911209766924,610,34510,"Average amount of grant and scholarship aid awarded, income level (0-30,000), 2018-19"
Statistics,145,71451,GIS4N20,1805,173399,96.065927977839337,0,927,"Number in income level (30,001-48,000), 2018-19"
Statistics,146,71456,GIS4T20,1805,1616436349,895532.60332409968,0,16249463,"Total amount of grant and scholarship aid awarded, income level (30,001-48,000), 2018-19"
Statistics,147,71461,GIS4A20,1734,12860235,7416.5138408304501,0,34258,"Average amount of grant and scholarship aid awarded, income level (30,001-48,000), 2018-19"
Statistics,148,71466,GIS4N30,1805,148738,82.403324099722994,0,1092,"Number in income level (48,001-75,000), 2018-19"
Statistics,149,71471,GIS4T30,1805,1002082494,555170.35678670357,0,11339701,"Total amount of grant and scholarship aid awarded, income level (48,001-75,000), 2018-19"
Statistics,150,71476,GIS4A30,1682,8763664,5210.2639714625448,0,27500,"Average amount of grant and scholarship aid awarded, income level (48,001-75,000), 2018-19"
Statistics,151,71481,GIS4N40,1805,105141,58.249861495844875,0,1261,"Number in income level (75,001-110,000), 2018-19"
Statistics,152,71486,GIS4T40,1805,406702998,225320.22049861494,0,5550076,"Total amount of grant and scholarship aid awarded, income level (75,001-110,000), 2018-19"
Statistics,153,71491,GIS4A40,1541,4354347,2825.6632057105776,0,18805,"Average amount of grant and scholarship aid awarded, income level (75,001-110,000), 2018-19"
Statistics,154,71496,GIS4N50,1805,131493,72.849307479224379,0,2424,"Number in income level (110,001 or more), 2018-19"
Statistics,155,71501,GIS4T50,1805,318230894,176305.20443213297,0,5359053,"Total amount of grant and scholarship aid awarded, income level (110,001 or more), 2018-19"
Statistics,156,71506,GIS4A50,1299,2225555,1713.2832948421863,0,10272,"Average amount of grant and scholarship aid awarded, income level (110,001 or more), 2018-19"
Statistics,157,71802,GIS4G2,1821,740354,406.56452498627129,0,4519,"Number awarded grant and scholarship aid, all income levels, 2020-21"
Statistics,158,71807,GIS4G12,1821,323789,177.80834706205383,0,2685,"Number awarded grant and scholarship aid, income level (0-30,000), 2020-21"
Statistics,159,71812,GIS4G22,1821,149102,81.879187259747397,0,945,"Number awarded grant and scholarship aid, income level (30,001-48,000), 2020-21"
Statistics,160,71817,GIS4G32,1821,123022,67.557386051619986,0,837,"Number awarded grant and scholarship aid, income level (48,001-75,000), 2020-21"
Statistics,161,71822,GIS4G42,1821,67359,36.990115321252063,0,693,"Number awarded grant and scholarship aid, income level (75,001-110,000), 2020-21"
Statistics,162,71827,GIS4G52,1821,77082,42.329489291598023,0,1194,"Number awarded grant and scholarship aid, income level (110,001 or more), 2020-21"
Statistics,163,71832,GIS4G1,1811,878297,484.9790171176146,1,6342,"Number awarded grant and scholarship aid, all income levels, 2019-20"
Statistics,164,71837,GIS4G11,1811,406076,224.22749861954722,0,4604,"Number awarded grant and scholarship aid, income level (0-30,000), 2019-20"
Statistics,165,71842,GIS4G21,1811,174480,96.344561016013259,0,1210,"Number awarded grant and scholarship aid, income level (30,001-48,000), 2019-20"
Statistics,166,71847,GIS4G31,1811,142779,78.839867476532305,0,955,"Number awarded grant and scholarship aid, income level (48,001-75,000), 2019-20"
Statistics,167,71852,GIS4G41,1811,76372,42.171176145775817,0,799,"Number awarded grant and scholarship aid, income level (75,001-110,000), 2019-20"
Statistics,168,71857,GIS4G51,1811,78590,43.395913859745995,0,1173,"Number awarded grant and scholarship aid, income level (110,001 or more), 2019-20"
Statistics,169,71862,GIS4G0,1805,860246,476.59058171745153,1,4853,"Number awarded grant and scholarship aid, all income levels, 2018-19"
Statistics,170,71867,GIS4G10,1805,405507,224.65761772853185,0,3560,"Number awarded grant and scholarship aid, income level (0-30,000), 2018-19"
Statistics,171,71872,GIS4G20,1805,171349,94.930193905817177,0,923,"Number awarded grant and scholarship aid, income level (30,001-48,000), 2018-19"
Statistics,172,71877,GIS4G30,1805,139137,77.084210526315786,0,1037,"Number awarded grant and scholarship aid, income level (48,001-75,000), 2018-19"
Statistics,173,71882,GIS4G40,1805,75063,41.586149584487536,0,865,"Number awarded grant and scholarship aid, income level (75,001-110,000), 2018-19"
Statistics,174,71887,GIS4G50,1805,69190,38.332409972299168,0,1134,"Number awarded grant and scholarship aid, income level (110,001 or more), 2018-19"
Statistics,175,70711,NPIST2,1831,18712841,10220.011469142544,-583,34633,"Average net price-students awarded grant or scholarship aid, 2020-21"
Statistics,176,70716,NPIST1,1826,18389696,10071.027382256298,-2010,33927,"Average net price-students awarded grant or scholarship aid, 2019-20"
Statistics,177,70721,NPIST0,1820,17860255,9813.3269230769238,-2802,30585,"Average net price-students awarded grant or scholarship aid, 2018-19"
Statistics,178,70726,NPIS412,1805,14512359,8040.0880886426594,-4855,35550,"Average net price (income 0-30,000)-students awarded Title IV federal financial aid, 2020-21"
Statistics,179,70731,NPIS422,1726,15122930,8761.8366164542294,-3943,46770,"Average net price (income 30,001-48,000)-students awarded Title IV federal financial aid, 2020-21"
Statistics,180,70736,NPIS432,1679,18501691,11019.470518165575,-543,36478,"Average net price (income 48,001-75,000)-students awarded Title IV federal financial aid, 2020-21"
Statistics,181,70741,NPIS442,1530,20967001,13703.922222222222,-3762,40574,"Average net price (income 75,001-110,000)-students awarded Title IV federal financial aid, 2020-21"
Statistics,182,70746,NPIS452,1291,20167569,15621.664601084431,2587,40574,"Average net price (income over 110,000)-students awarded Title IV federal financial aid, 2020-21"
Statistics,183,71216,NPIS411,1806,14792665,8190.8444075304542,-1696,36000,"Average net price (income 0-30,000)-students awarded Title IV federal financial aid, 2019-20"
Statistics,184,71221,NPIS421,1738,15549930,8947.0253164556962,-7211,36287,"Average net price (income 30,001-48,000)-students awarded Title IV federal financial aid, 2019-20"
Statistics,185,71226,NPIS431,1693,19026239,11238.180153573538,-1455,36074,"Average net price (income 48,001-75,000)-students awarded Title IV federal financial aid, 2019-20"
Statistics,186,71231,NPIS441,1540,21223467,13781.472077922079,-105,32381,"Average net price (income 75,001-110,000)-students awarded Title IV federal financial aid, 2019-20"
Statistics,187,71236,NPIS451,1314,20436111,15552.595890410959,687,37076,"Average net price (income over 110,000)-students awarded Title IV federal financial aid, 2019-20"
Statistics,188,71516,NPIS410,1802,14481761,8036.4933407325198,-1367,31258,"Average net price (income 0-30,000)-students awarded Title IV federal financial aid, 2018-19"
Statistics,189,71521,NPIS420,1734,15381039,8870.2647058823532,-2093,31658,"Average net price (income 30,001-48,000)-students awarded Title IV federal financial aid, 2018-19"
Statistics,190,71526,NPIS430,1682,18650221,11088.121878715814,-2085,33209,"Average net price (income 48,001-75,000)-students awarded Title IV federal financial aid, 2018-19"
Statistics,191,71531,NPIS440,1541,21259988,13796.228423101882,256,34706,"Average net price (income 75,001-110,000)-students awarded Title IV federal financial aid, 2018-19"
Statistics,192,71536,NPIS450,1299,20040967,15427.996150885296,385,33425,"Average net price (income over 110,000)-students awarded Title IV federal financial aid, 2018-19"
Statistics,193,70751,GRNTN2,3540,583419,164.80762711864406,1,6591,"Total number, 2020-21"
Statistics,194,70756,GRNTON2,1173,305835,260.72890025575447,0,5031,"Number living on-campus, 2020-21"
Statistics,195,70761,GRNTWF2,3488,137825,39.514048165137616,0,2298,"Number living off-campus with family, 2020-21"
Statistics,196,70766,GRNTOF2,3488,120455,34.534116972477065,0,2412,"Number living off-campus not with family, 2020-21"
Statistics,197,70771,GRNTUN2,3493,19304,5.5264815344975666,0,787,"Number living arrangement unknown, 2020-21"
Statistics,198,70776,GRNTT2,3540,11987534605,3386309.2104519773,170,124307611,"Total amount of grant and scholarship aid awarded, 2020-21"
Statistics,199,70781,GRNTA2,3540,37958298,10722.683050847458,100,59840,"Average amount of grant and scholarship aid awarded, 2020-21"
Statistics,200,70786,GRNTN1,3540,612598,173.0502824858757,0,5647,"Total number, 2019-20"
Statistics,201,70791,GRNTON1,1167,369227,316.38988860325622,0,4275,"Number living on-campus, 2019-20"
Statistics,202,70796,GRNTWF1,3404,113419,33.319330199764984,0,2080,"Number living off-campus with family, 2019-20"
Statistics,203,70801,GRNTOF1,3404,114060,33.507638072855464,0,2597,"Number living off-campus not with family, 2019-20"
Statistics,204,70806,GRNTUN1,3404,15892,4.6686251468860167,0,835,"Number living arrangement unknown, 2019-20"
Statistics,205,70811,GRNTT1,3455,12151501032,3517076.999131693,450,98458232,"Total amount of grant and scholarship aid awarded, 2019-20"
Statistics,206,70816,GRNTA1,3455,36511504,10567.729088277858,150,59134,"Average amount of grant and scholarship aid awarded, 2019-20"
Statistics,207,70821,GRNTN0,3540,607428,171.58983050847456,0,3367,"Total number, 2018-19"
Statistics,208,70826,GRNTON0,1165,378241,324.6703862660944,0,3116,"Number living on-campus, 2018-19"
Statistics,209,70831,GRNTWF0,3334,108794,32.631673665266945,0,1804,"Number living off-campus with family, 2018-19"
Statistics,210,70836,GRNTOF0,3334,106857,32.050689862027596,0,2379,"Number living off-campus not with family, 2018-19"
Statistics,211,70841,GRNTUN0,3334,13536,4.0599880023995203,0,630,"Number living arrangement unknown, 2018-19"
Statistics,212,70846,GRNTT0,3385,11894488011,3513881.2440177253,450,101861567,"Total amount of grant and scholarship aid awarded, 2018-19"
Statistics,213,70851,GRNTA0,3385,35210340,10401.872968980797,150,57627,"Average amount of grant and scholarship aid awarded, 2018-19"
Statistics,214,70856,GRN4N2,3498,467932,133.77129788450543,1,4454,"Total number in all income levels, 2020-21"
Statistics,215,70861,GRN4ON2,1153,220630,191.3529921942758,0,3813,"Number living on-campus in all income levels, 2020-21"
Statistics,216,70866,GRN4WF2,3451,120868,35.024050999710227,0,1576,"Number living off-campus with family in all income levels, 2020-21"
Statistics,217,70871,GRN4OF2,3451,120272,34.851347435525938,0,2827,"Number living off-campus not with family in all income levels, 2020-21"
Statistics,218,70876,GRN4UN2,3456,6162,1.7829861111111112,0,417,"Number living arrangement unknown in all income levels, 2020-21"
Statistics,219,70881,GRN4T2,3498,8930292209,2552970.900228702,0,93466332,"Total amount of grant and scholarship aid awarded, all income levels, 2020-21"
Statistics,220,70886,GRN4A2,3498,37315375,10667.631503716409,0,63669,"Average amount of grant and scholarship aid awarded, all income levels, 2020-21"
Statistics,221,70891,GRN4N12,3498,189790,54.256718124642653,0,2377,"Number in income level (0-30,000), 2020-21"
Statistics,222,70896,GRN4T12,3498,2678194198,765635.84848484851,0,29826172,"Total amount of grant and scholarship aid awarded, income level (0-30,000), 2020-21"
Statistics,223,70901,GRN4A12,3433,43803580,12759.563064375183,0,78538,"Average amount of grant and scholarship aid awarded, income level (0-30,000), 2020-21"
Statistics,224,70906,GRN4N22,3498,62161,17.770440251572328,0,620,"Number in income level (30,001-48,000), 2020-21"
Statistics,225,70911,GRN4T22,3498,1363397377,389764.83047455689,0,16211379,"Total amount of grant and scholarship aid awarded, income level (30,001-48,000), 2020-21"
Statistics,226,70916,GRN4A22,2800,38814897,13862.463214285714,0,78215,"Average amount of grant and scholarship aid awarded, income level (30,001-48,000), 2020-21"
Statistics,227,70921,GRN4N32,3498,58023,16.587478559176674,0,696,"Number in income level (48,001-75,000), 2020-21"
Statistics,228,70926,GRN4T32,3498,1405792274,401884.58376214979,0,16058043,"Total amount of grant and scholarship aid awarded, income level (48,001-75,000), 2020-21"
Statistics,229,70931,GRN4A32,2568,32943946,12828.639408099689,0,75363,"Average amount of grant and scholarship aid awarded, income level (48,001-75,000), 2020-21"
Statistics,230,70936,GRN4N42,3498,51605,14.752715837621498,0,686,"Number in income level (75,001-110,000), 2020-21"
Statistics,231,70941,GRN4T42,3498,1219036120,348495.17438536306,0,13623090,"Total amount of grant and scholarship aid awarded, income level (75,001-110,000), 2020-21"
Statistics,232,70946,GRN4A42,2141,25324364,11828.287716020552,0,67883,"Average amount of grant and scholarship aid awarded, income level (75,001-110,000), 2020-21"
Statistics,233,70951,GRN4N52,3498,106353,30.403945111492281,0,1402,"Number in income level (110,001 or more), 2020-21"
Statistics,234,70956,GRN4T52,3498,2263872240,647190.46312178392,0,26562467,"Total amount of grant and scholarship aid awarded, income level (110,001 or more), 2020-21"
Statistics,235,70961,GRN4A52,1877,19595370,10439.728289824188,0,57953,"Average amount of grant and scholarship aid awarded, income level (110,001 or more), 2020-21"
Statistics,236,71241,GRN4N1,3498,496294,141.87935963407662,0,3873,"Total number in all income levels, 2019-20"
Statistics,237,71246,GRN4ON1,1144,270296,236.27272727272728,0,3341,"Number living on-campus in all income levels, 2019-20"
Statistics,238,71251,GRN4WF1,3361,106721,31.752752157096101,0,2101,"Number living off-campus with family in all income levels, 2019-20"
Statistics,239,71256,GRN4OF1,3361,114787,34.152633144897351,0,2492,"Number living off-campus not with family in all income levels, 2019-20"
Statistics,240,71261,GRN4UN1,3361,4490,1.3359119309729248,0,251,"Number living arrangement unknown in all income levels, 2019-20"
Statistics,241,71266,GRN4T1,3407,9172560248,2692268.9310243614,0,83365053,"Total amount of grant and scholarship aid awarded, all income levels, 2019-20"
Statistics,242,71271,GRN4A1,3407,35822385,10514.348400352215,0,64314,"Average amount of grant and scholarship aid awarded, all income levels, 2019-20"
Statistics,243,71276,GRN4N11,3407,202651,59.480774875256827,0,3124,"Number in income level (0-30,000), 2019-20"
Statistics,244,71281,GRN4T11,3407,2779731608,815888.34986791899,0,30306781,"Total amount of grant and scholarship aid awarded, income level (0-30,000), 2019-20"
Statistics,245,71286,GRN4A11,3359,42466854,12642.707353378983,0,79031,"Average amount of grant and scholarship aid awarded, income level (0-30,000), 2019-20"
Statistics,246,71291,GRN4N21,3407,64901,19.049310243616084,0,611,"Number in income level (30,001-48,000), 2019-20"
Statistics,247,71296,GRN4T21,3407,1389906158,407956.01937188144,0,13895958,"Total amount of grant and scholarship aid awarded, income level (30,001-48,000), 2019-20"
Statistics,248,71301,GRN4A21,2806,37929936,13517.439771917319,0,78773,"Average amount of grant and scholarship aid awarded, income level (30,001-48,000), 2019-20"
Statistics,249,71306,GRN4N31,3407,60735,17.826533607279131,0,609,"Number in income level (48,001-75,000), 2019-20"
Statistics,250,71311,GRN4T31,3407,1431082685,420041.87995303789,0,13654168,"Total amount of grant and scholarship aid awarded, income level (48,001-75,000), 2019-20"
Statistics,251,71316,GRN4A31,2544,31698638,12460.156446540881,0,73830,"Average amount of grant and scholarship aid awarded, income level (48,001-75,000), 2019-20"
Statistics,252,71321,GRN4N41,3407,56333,16.534487819195775,0,681,"Number in income level (75,001-110,000), 2019-20"
Statistics,253,71326,GRN4T41,3407,1289836920,378584.36160845321,0,11048923,"Total amount of grant and scholarship aid awarded, income level (75,001-110,000), 2019-20"
Statistics,254,71331,GRN4A41,2111,24396948,11557.057318806254,0,66637,"Average amount of grant and scholarship aid awarded, income level (75,001-110,000), 2019-20"
Statistics,255,71336,GRN4N51,3407,111674,32.777810390372764,0,1207,"Number in income level (110,001 or more), 2019-20"
Statistics,256,71341,GRN4T51,3407,2282002877,669798.3202230701,0,22473599,"Total amount of grant and scholarship aid awarded, income level (110,001 or more), 2019-20"
Statistics,257,71346,GRN4A51,1779,18714631,10519.747611017425,0,53007,"Average amount of grant and scholarship aid awarded, income level (110,001 or more), 2019-20"
Statistics,258,71541,GRN4N0,3498,498365,142.47141223556318,0,2963,"Total number in all income levels, 2018-19"
Statistics,259,71546,GRN4ON0,1139,281657,247.28446005267779,0,2370,"Number living on-campus in all income levels, 2018-19"
Statistics,260,71551,GRN4WF0,3267,103784,31.767370676461585,0,1804,"Number living off-campus with family in all income levels, 2018-19"
Statistics,261,71556,GRN4OF0,3267,108018,33.0633608815427,0,2157,"Number living off-campus not with family in all income levels, 2018-19"
Statistics,262,71561,GRN4UN0,3267,4906,1.5016835016835017,0,268,"Number living arrangement unknown in all income levels, 2018-19"
Statistics,263,71566,GRN4T0,3313,9070948129,2737986.1542408695,0,86114138,"Total amount of grant and scholarship aid awarded, all income levels, 2018-19"
Statistics,264,71571,GRN4A0,3313,34231761,10332.55689707214,0,60091,"Average amount of grant and scholarship aid awarded, all income levels, 2018-19"
Statistics,265,71576,GRN4N10,3313,198697,59.974947177784486,0,2310,"Number in income level (0-30,000), 2018-19"
Statistics,266,71581,GRN4T10,3313,2720510149,821162.13371566555,0,28774658,"Total amount of grant and scholarship aid awarded, income level (0-30,000), 2018-19"
Statistics,267,71586,GRN4A10,3276,40654113,12409.680402930402,0,82913,"Average amount of grant and scholarship aid awarded, income level (0-30,000), 2018-19"
Statistics,268,71591,GRN4N20,3313,64993,19.61756715967401,0,456,"Number in income level (30,001-48,000), 2018-19"
Statistics,269,71596,GRN4T20,3313,1373137747,414469.58859040146,0,16861884,"Total amount of grant and scholarship aid awarded, income level (30,001-48,000), 2018-19"
Statistics,270,71601,GRN4A20,2732,36178902,13242.643484626647,0,76419,"Average amount of grant and scholarship aid awarded, income level (30,001-48,000), 2018-19"
Statistics,271,71606,GRN4N30,3313,63318,19.111983096891034,0,383,"Number in income level (48,001-75,000), 2018-19"
Statistics,272,71611,GRN4T30,3313,1458824872,440333.49592514336,0,13247153,"Total amount of grant and scholarship aid awarded, income level (48,001-75,000), 2018-19"
Statistics,273,71616,GRN4A30,2482,30246285,12186.25503626108,0,71733,"Average amount of grant and scholarship aid awarded, income level (48,001-75,000), 2018-19"
Statistics,274,71621,GRN4N40,3313,60205,18.17235134319348,0,403,"Number in income level (75,001-110,000), 2018-19"
Statistics,275,71626,GRN4T40,3313,1344413340,405799.37820706307,0,10759142,"Total amount of grant and scholarship aid awarded, income level (75,001-110,000), 2018-19"
Statistics,276,71631,GRN4A40,2047,23223711,11345.242305813386,0,62408,"Average amount of grant and scholarship aid awarded, income level (75,001-110,000), 2018-19"
Statistics,277,71636,GRN4N50,3313,111152,33.550256565046787,0,1132,"Number in income level (110,001 or more), 2018-19"
Statistics,278,71641,GRN4T50,3313,2174062021,656221.55780259578,0,23600358,"Total amount of grant and scholarship aid awarded, income level (110,001 or more), 2018-19"
Statistics,279,71646,GRN4A50,1759,17934877,10196.06424104605,0,54171,"Average amount of grant and scholarship aid awarded, income level (110,001 or more), 2018-19"
Statistics,280,71892,GRN4G2,3498,445246,127.28587764436821,0,4392,"Number awarded grant and scholarship aid, all income levels, 2020-21"
Statistics,281,71897,GRN4G12,3498,184157,52.646369353916526,0,2349,"Number awarded grant and scholarship aid, income level (0-30,000), 2020-21"
Statistics,282,71902,GRN4G22,3498,59868,17.114922813036021,0,620,"Number awarded grant and scholarship aid, income level (30,001-48,000), 2020-21"
Statistics,283,71907,GRN4G32,3498,55342,15.821040594625501,0,690,"Number awarded grant and scholarship aid, income level (48,001-75,000), 2020-21"
Statistics,284,71912,GRN4G42,3498,47547,13.5926243567753,0,663,"Number awarded grant and scholarship aid, income level (75,001-110,000), 2020-21"
Statistics,285,71917,GRN4G52,3498,98332,28.110920526014866,0,1369,"Number awarded grant and scholarship aid, income level (110,001 or more), 2020-21"
Statistics,286,71922,GRN4G1,3407,472877,138.79571470501907,0,3836,"Number awarded grant and scholarship aid, all income levels, 2019-20"
Statistics,287,71927,GRN4G11,3407,196640,57.716466099207516,0,3084,"Number awarded grant and scholarship aid, income level (0-30,000), 2019-20"
Statistics,288,71932,GRN4G21,3407,62515,18.348987378925742,0,503,"Number awarded grant and scholarship aid, income level (30,001-48,000), 2019-20"
Statistics,289,71937,GRN4G31,3407,58053,17.039330789550924,0,602,"Number awarded grant and scholarship aid, income level (48,001-75,000), 2019-20"
Statistics,290,71942,GRN4G41,3407,52259,15.338714411505723,0,669,"Number awarded grant and scholarship aid, income level (75,001-110,000), 2019-20"
Statistics,291,71947,GRN4G51,3407,103410,30.352216025829176,0,1190,"Number awarded grant and scholarship aid, income level (110,001 or more), 2019-20"
Statistics,292,71952,GRN4G0,3313,471768,142.39903410805917,0,2493,"Number awarded grant and scholarship aid, all income levels, 2019-20"
Statistics,293,71957,GRN4G10,3313,191415,57.776939329912466,0,2309,"Number awarded grant and scholarship aid, income level (0-30,000), 2018-19"
Statistics,294,71962,GRN4G20,3313,62168,18.764865680651976,0,365,"Number awarded grant and scholarship aid, income level (30,001-48,000), 2018-19"
Statistics,295,71967,GRN4G30,3313,60193,18.168729248415332,0,330,"Number awarded grant and scholarship aid, income level (48,001-75,000), 2018-19"
Statistics,296,71972,GRN4G40,3313,55809,16.845457289465742,0,383,"Number awarded grant and scholarship aid, income level (75,001-110,000), 2018-19"
Statistics,297,71977,GRN4G50,3313,102183,30.843042559613643,0,910,"Number awarded grant and scholarship aid, income level (110,001 or more), 2018-19"
Statistics,298,70966,NPGRN2,3539,70781804,20000.509748516532,-1104,115511,"Average net price-students awarded grant or scholarship aid, 2020-21"
Statistics,299,70971,NPGRN1,3454,68259521,19762.45541401274,-1410,111426,"Average net price-students awarded grant or scholarship aid, 2019-20"
Statistics,300,70976,NPGRN0,3384,65436098,19336.908392434987,340,110429,"Average net price-students awarded grant or scholarship aid, 2018-19"
Statistics,301,70981,NPT412,3432,62007692,18067.509324009323,-6711,69257,"Average net price (income 0-30,000)-students awarded Title IV federal financial aid, 2020-21"
Statistics,302,70986,NPT422,2799,52886525,18894.792783136836,-8846,106569,"Average net price (income 30,001-48,000)-students awarded Title IV federal financial aid, 2020-21"
Statistics,303,70991,NPT432,2567,53476288,20832.2119205298,-8561,107529,"Average net price (income 48,001-75,000)-students awarded Title IV federal financial aid, 2020-21"
Statistics,304,70996,NPT442,2140,51467713,24050.333177570094,-134,109912,"Average net price (income 75,001-110,000)-students awarded Title IV federal financial aid, 2020-21"
Statistics,305,71001,NPT452,1876,51129754,27254.66631130064,0,107087,"Average net price (income over 110,000)-students awarded Title IV federal financial aid, 2020-21"
Statistics,306,71351,NPT411,3358,60076502,17890.560452650388,-539,111962,"Average net price (income 0-30,000)-students awarded Title IV federal financial aid, 2019-20"
Statistics,307,71356,NPT421,2805,52734199,18800.070944741532,-2603,113384,"Average net price (income 30,001-48,000)-students awarded Title IV federal financial aid, 2019-20"
Statistics,308,71361,NPT431,2543,53318394,20966.729846637831,-10009,113427,"Average net price (income 48,001-75,000)-students awarded Title IV federal financial aid, 2019-20"
Statistics,309,71366,NPT441,2110,50853832,24101.342180094787,2553,114189,"Average net price (income 75,001-110,000)-students awarded Title IV federal financial aid, 2019-20"
Statistics,310,71371,NPT451,1778,48886204,27495.052868391453,7092,107698,"Average net price (income over 110,000)-students awarded Title IV federal financial aid, 2019-20"
Statistics,311,71651,NPT410,3275,57209882,17468.666259541984,-7808,108219,"Average net price (income 0-30,000)-students awarded Title IV federal financial aid, 2018-19"
Statistics,312,71656,NPT420,2731,50513187,18496.223727572316,-1314,107970,"Average net price (income 30,001-48,000)-students awarded Title IV federal financial aid, 2018-19"
Statistics,313,71661,NPT430,2481,51231483,20649.52962515115,1959,106087,"Average net price (income 48,001-75,000)-students awarded Title IV federal financial aid, 2018-19"
Statistics,314,71666,NPT440,2046,48463633,23687.015151515152,2512,103587,"Average net price (income 75,001-110,000)-students awarded Title IV federal financial aid, 2018-19"
Statistics,315,71671,NPT450,1758,47578274,27063.864618885098,5013,108712,"Average net price (income over 110,000)-students awarded Title IV federal financial aid, 2018-19"
Statistics,316,,,,,,
Statistics,317,,,,,,
Statistics,318,,,,,,
Statistics,319,,,,,,
Statistics,320,,,,,,
Statistics,321,,,,,,
Statistics,322,,,,,,
Statistics,323,,,,,,
StatisticsRV,0,varnumber,varname,n,sum,mean,min,max,varTitle
StatisticsRV,1,70291,SCUGRAD,5779,16791921,2905.6793562900157,0,111519,Total number of undergraduates - financial aid cohort
StatisticsRV,2,70286,SCUGFFN,5779,2474468,428.18273057622429,0,15259,Total number of full-time first-time degree/certificate seeking undergraduates - financial aid cohort
StatisticsRV,3,70296,SCUGFFP,5779,134156,23.214396954490397,0,100,Full-time first-time degree/certificate seeking undergraduates as a percent of all undergraduates - financial aid cohort
StatisticsRV,4,70176,SCFA2,3582,15886629,4435.1281407035176,0,111519,Total number of undergraduates - fall cohort
StatisticsRV,5,70126,SCFA1N,3582,2164927,604.39056393076498,0,15259,Number of students in fall cohort
StatisticsRV,6,70131,SCFA1P,3582,56518,15.778336125069794,0,100,Students in fall cohort as a percentage of all undergraduates
StatisticsRV,7,70136,SCFA11N,1580,176687,111.82721518987341,0,5029,Number of students in fall cohort who are paying in-district tuition rates
StatisticsRV,8,70141,SCFA11P,1580,26749,16.929746835443037,0,100,Percentage of students in fall cohort who are paying in-district tuition rates
StatisticsRV,9,70146,SCFA12N,1580,1214030,768.37341772151899,0,9671,Number of students in fall cohort who are paying in-state tuititon rates
StatisticsRV,10,70151,SCFA12P,1580,116074,73.464556962025313,0,100,Percentage of students in fall cohort who paying in-state tuition rates
StatisticsRV,11,70156,SCFA13N,1580,222781,141.00063291139242,0,5588,Number of students in fall cohort who are paying out-of-state tuition rates
StatisticsRV,12,70161,SCFA13P,1580,13753,8.7044303797468352,0,81,Percentage of students in fall cohort who are paying out-of-state tuition rates
StatisticsRV,13,70166,SCFA14N,1580,7263,4.5968354430379748,0,530,Number of students in fall cohort whose residence/tuition rate is unknown
StatisticsRV,14,70171,SCFA14P,1580,1437,0.90949367088607591,0,54,Percentage of students in fall cohort whose residence/ tuition rate is unknown
StatisticsRV,15,70191,SCFY2,2197,905292,412.05826126536186,1,28016,Total number of undergraduates - full-year cohort
StatisticsRV,16,70181,SCFY1N,2197,309541,140.89258079198908,0,10055,Number of students in full-year cohort
StatisticsRV,17,70186,SCFY1P,2197,77638,35.338188438780158,0,100,Students in full-year cohort as a percentage of all  undergraduates
StatisticsRV,18,70401,UAGRNTN,5779,10766666,1863.0673126838553,0,54567,"Number of undergraduate students awarded federal, state, local, institutional or other sources of grant aid"
StatisticsRV,19,70406,UAGRNTP,5779,389234,67.35317528984254,0,100,"Percent of undergraduate students awarded federal, state, local, institutional or other sources of grant aid"
StatisticsRV,20,70301,UAGRNTT,5779,103742855027,17951696.664993942,0,588059754,"Total amount of federal, state, local, institutional or other sources of grant aid awarded to undergraduate students"
StatisticsRV,21,70411,UAGRNTA,5738,48082726,8379.7012896479609,254,57953,"Average amount of federal, state, local, institutional or other sources of grant aid awarded to undergraduate students"
StatisticsRV,22,70306,UPGRNTN,5779,5460795,944.93770548537805,0,49962,Number of undergraduate students awarded Pell grants
StatisticsRV,23,70416,UPGRNTP,5779,250130,43.282574839937702,0,100,Percent of undergraduate students awarded Pell grants
StatisticsRV,24,70421,UPGRNTT,5779,24992174978,4324653.9155563246,0,148135844,Total amount of Pell grant aid awarded to undergraduate students
StatisticsRV,25,70426,UPGRNTA,5688,25731169,4523.7638888888887,254,12344,Average amount Pell grant aid awarded to undergraduate students
StatisticsRV,26,70431,UFLOANN,5779,5029259,870.2645786468247,0,69092,Number of undergraduate students awarded federal student loans
StatisticsRV,27,70436,UFLOANP,5779,243029,42.05381553902059,0,100,Percent of undergraduate students awarded federal student loans
StatisticsRV,28,70441,UFLOANT,5779,33156049740,5737333.4037030628,0,487777835,Total amount of federal student loans awarded to undergraduate students
StatisticsRV,29,70446,UFLOANA,5104,33633753,6589.6851489028213,221,91616,Average amount of federal student loans awarded to undergraduate students
StatisticsRV,30,70196,ANYAIDN,5485,2110722,384.81713764813128,0,11491,Number of full-time first-time undergraduates awarded any financial aid
StatisticsRV,31,70201,ANYAIDP,5485,468235,85.36645396536008,0,100,Percent of full-time first-time undergraduates awarded any financial aid
StatisticsRV,32,71099,AIDFSIN,5485,2075716,378.43500455788512,0,11332,Number of full-time first-time undergraduates awarded any loans to students or grant aid  from federal state/local government or the institution
StatisticsRV,33,71100,AIDFSIP,5485,462995,84.411121239744759,0,100,Percent of full-time first-time undergraduates awarded any loans to students or grant aid  from federal state/local government or the institution
StatisticsRV,34,70311,AGRNT_N,5485,1976324,360.31431175934364,0,11009,"Number of full-time first-time undergraduates awarded federal, state, local or institutional grant aid"
StatisticsRV,35,70316,AGRNT_P,5485,434783,79.267639015496812,0,100,"Percent of full-time first-time undergraduates awarded federal, state, local or institutional grant aid"
StatisticsRV,36,70451,AGRNT_T,5485,23354406714,4257868.1338195074,0,134318870,"Total amount of federal, state, local or institutional grant aid awarded to full-time first-time undergraduates"
StatisticsRV,37,70321,AGRNT_A,5439,50583183,9300.0888030888036,100,59840,"Average amount of federal, state, local or institutional grant aid awarded"
StatisticsRV,38,70206,FGRNT_N,5485,1312781,239.34020054694622,0,8459,Number of full-time first-time undergraduates awarded federal grant aid
StatisticsRV,39,70211,FGRNT_P,5485,341942,62.341294439380128,0,100,Percent of full-time first-time undergraduates awarded federal grant aid
StatisticsRV,40,70456,FGRNT_T,5485,6218784483,1133780.2156791249,0,49745390,Total amount of federal grant aid awarded to full-time first-time undergraduates
StatisticsRV,41,70216,FGRNT_A,5395,26651214,4939.9840593141798,100,15932,Average amount of federal grant aid awarded to full-time first-time undergraduates
StatisticsRV,42,70326,PGRNT_N,5485,1020337,186.02315405651777,0,8457,Number of full-time first-time undergraduates awarded Pell grants
StatisticsRV,43,70331,PGRNT_P,5485,295079,53.797447584320878,0,100,Percent of full-time first-time undergraduates awarded Pell grants
StatisticsRV,44,70461,PGRNT_T,5485,5070084336,924354.48240656336,0,49689898,Total amount of Pell grant aid awarded to full-time first-time undergraduates
StatisticsRV,45,70336,PGRNT_A,5378,26180434,4868.0613611007811,141,10001,Average amount of Pell grant aid awarded to full-time first-time undergraduates
StatisticsRV,46,70341,OFGRT_N,5485,893890,162.96991795806747,0,5752,Number of full-time first-time undergraduates awarded other federal grant aid
StatisticsRV,47,70346,OFGRT_P,5485,182153,33.209298085688239,0,100,Percent of full-time first-time undergraduates awarded other federal grant aid
StatisticsRV,48,70466,OFGRT_T,5485,1148700147,209425.73327256154,0,10729611,Total amount of other federal grant aid awarded to full-time first-time undergraduates
StatisticsRV,49,70351,OFGRT_A,4228,5623555,1330.0745033112582,60,16642,Average amount of other federal grant aid awarded to full-time first-time undergraduates
StatisticsRV,50,70221,SGRNT_N,5485,790963,144.20474020054695,0,6294,Number of full-time first-time undergraduates awarded state/local grant aid
StatisticsRV,51,70226,SGRNT_P,5485,124123,22.629535095715589,0,100,Percent of full-time first-time undergraduates awarded state/local grant aid
StatisticsRV,52,70471,SGRNT_T,5485,3102849499,565697.26508659986,0,49301161,Total amount of state/local grant aid awarded to full-time first-time undergraduates
StatisticsRV,53,70231,SGRNT_A,3729,12966577,3477.2263341378384,100,23695,Average amount of state/local grant aid awarded to full-time first-time undergraduates
StatisticsRV,54,70236,IGRNT_N,5485,1224465,223.23883318140383,0,10694,Number of full-time first-time undergraduates awarded  institutional grant aid
StatisticsRV,55,70241,IGRNT_P,5485,193372,35.254694621695535,0,100,Percent of full-time first-time undergraduates awarded institutional grant aid
StatisticsRV,56,70476,IGRNT_T,5485,14032772732,2558390.6530537829,0,109515366,Total amount of institutional grant aid awarded to full-time first-time undergraduates
StatisticsRV,57,70246,IGRNT_A,3819,28272512,7403.1191411364234,45,57022,Average amount of institutional grant aid awarded to full-time first-time undergraduates
StatisticsRV,58,70251,LOAN_N,5485,974531,177.67201458523246,0,8379,Number of full-time first-time undergraduates awarded student loans
StatisticsRV,59,70256,LOAN_P,5485,268352,48.924703737465819,0,100,Percent of full-time first-time undergraduates awarded student loans
StatisticsRV,60,70481,LOAN_T,5485,7012443566,1278476.4933454876,0,78679591,Total amount of student loans awarded to full-time first-time undergraduates
StatisticsRV,61,70261,LOAN_A,4852,32651050,6729.4002473206929,111,51034,Average amount of student loans awarded to full-time first-time undergraduates
StatisticsRV,62,70356,FLOAN_N,5485,952196,173.6,0,8379,Number of full-time first-time undergraduates awarded federal student loans
StatisticsRV,63,70361,FLOAN_P,5485,264163,48.160984503190519,0,100,Percent of full-time first-time undergraduates awarded federal student loans
StatisticsRV,64,70486,FLOAN_T,5485,5305433719,967262.30063810397,0,39620534,Total amount of federal student loans awarded to full-time first-time undergraduates
StatisticsRV,65,70366,FLOAN_A,4773,28199901,5908.2130735386545,111,52419,Average amount of federal student loans awarded to full-time first-time undergraduates
StatisticsRV,66,70371,OLOAN_N,5485,128618,23.449042844120328,0,1969,Number of full-time first-time undergraduates awarded other student loans
StatisticsRV,67,70376,OLOAN_P,5485,24918,4.5429352780309937,0,100,Percent of full-time first-time undergraduates awarded other student loans
StatisticsRV,68,70491,OLOAN_T,5485,1707009847,311214.19270738377,0,39059057,Total amount of other student loans awarded to full-time first-time undergraduates
StatisticsRV,69,70381,OLOAN_A,2661,29546149,11103.400601277715,206,62388,Average amount of other student loans awarded to full-time first-time undergraduates
StatisticsRV,70,70496,GISTN2,1831,1077882,588.68487165483339,1,7477,"Total number, 2020-21"
StatisticsRV,71,70501,GISTON2,798,405388,508.0050125313283,0,5388,"Number living on-campus, 2020-21"
StatisticsRV,72,70506,GISTWF2,1825,413512,226.58191780821917,0,4835,"Number living off-campus with family, 2020-21"
StatisticsRV,73,70511,GISTOF2,1825,205987,112.86958904109589,0,2820,"Number living off-campus not with family, 2020-21"
StatisticsRV,74,70516,GISTUN2,1825,52995,29.038356164383561,0,1737,"Number living arrangement unknown, 2020-21"
StatisticsRV,75,70521,GISTT2,1831,8340144125,4554966.7531403601,180,89783966,"Total amount of grant and scholarship aid awarded, 2020-21"
StatisticsRV,76,70526,GISTA2,1831,11558057,6312.428727471327,180,21635,"Average amount of grant and scholarship aid awarded, 2020-21"
StatisticsRV,77,70531,GISTN1,1831,1193878,652.03604587657014,0,8143,"Total number, 2019-20"
StatisticsRV,78,70536,GISTON1,798,487304,610.65664160401002,0,6138,"Number living on-campus, 2019-20"
StatisticsRV,79,70541,GISTWF1,1820,437413,240.33681318681317,0,6692,"Number living off-campus with family, 2019-20"
StatisticsRV,80,70546,GISTOF1,1820,220661,121.24230769230769,0,2542,"Number living off-campus not with family, 2019-20"
StatisticsRV,81,70551,GISTUN1,1820,48500,26.64835164835165,0,1192,"Number living arrangement unknown, 2019-20"
StatisticsRV,82,70556,GISTT1,1826,9130272216,5000149.0777656082,1390,99612386,"Total amount of grant and scholarship aid awarded, 2019-20"
StatisticsRV,83,70561,GISTA1,1826,11596689,6350.8702081051479,509,21425,"Average amount of grant and scholarship aid awarded, 2019-20"
StatisticsRV,84,70566,GISTN0,1831,1148788,627.41015838339706,0,6075,"Total number, 2018-19"
StatisticsRV,85,70571,GISTON0,798,482169,604.22180451127815,0,4666,"Number living on-campus, 2018-19"
StatisticsRV,86,70576,GISTWF0,1814,411735,226.9762954796031,0,5065,"Number living off-campus with family, 2018-19"
StatisticsRV,87,70581,GISTOF0,1814,208550,114.96692392502756,0,2366,"Number living off-campus not with family, 2018-19"
StatisticsRV,88,70586,GISTUN0,1814,46334,25.542447629547961,0,782,"Number living arrangement unknown, 2018-19"
StatisticsRV,89,70591,GISTT0,1820,8684605862,4771761.462637363,438,71530952,"Total amount of grant and scholarship aid awarded, 2018-19"
StatisticsRV,90,70596,GISTA0,1820,11367440,6245.8461538461543,438,20670,"Average amount of grant and scholarship aid awarded, 2018-19"
StatisticsRV,91,70601,GIS4N2,1821,815809,448.00054914881935,1,6180,"Total number in all income levels, 2020-21"
StatisticsRV,92,70606,GIS4ON2,798,320138,401.17543859649123,0,3861,"Number living on-campus in all income levels, 2020-21"
StatisticsRV,93,70611,GIS4WF2,1815,314855,173.47382920110192,0,3801,"Number living off-campus with family in all income levels, 2020-21"
StatisticsRV,94,70616,GIS4OF2,1815,167307,92.180165289256195,0,1797,"Number living off-campus not with family in all income levels, 2020-21"
StatisticsRV,95,70621,GIS4UN2,1815,13509,7.4429752066115702,0,897,"Number living arrangement unknown in all income levels, 2020-21"
StatisticsRV,96,70626,GIS4T2,1821,6595940228,3622152.7885777047,0,65643657,"Total amount of grant and scholarship aid awarded, all income levels, 2020-21"
StatisticsRV,97,70631,GIS4A2,1821,12293059,6750.7188358045032,0,22270,"Average amount of grant and scholarship aid awarded, all income levels, 2020-21"
StatisticsRV,98,70636,GIS4N12,1821,326515,179.30532674354751,0,2686,"Number in income level (0-30,000), 2020-21"
StatisticsRV,99,70641,GIS4T12,1821,3352039239,1840768.3904448105,0,34680489,"Total amount of grant and scholarship aid awarded, income level (0-30,000), 2020-21"
StatisticsRV,100,70646,GIS4A12,1805,15732054,8715.819390581717,0,36455,"Average amount of grant and scholarship aid awarded, income level (0-30,000), 2020-21"
StatisticsRV,101,70651,GIS4N22,1821,150738,82.777594728171337,0,947,"Number in income level (30,001-48,000), 2020-21"
StatisticsRV,102,70656,GIS4T22,1821,1525097269,837505.36463481607,0,15544856,"Total amount of grant and scholarship aid awarded, income level (30,001-48,000), 2020-21"
StatisticsRV,103,70661,GIS4A22,1725,13905926,8061.4063768115939,0,34317,"Average amount of grant and scholarship aid awarded, income level (30,001-48,000), 2020-21"
StatisticsRV,104,70666,GIS4N32,1821,128777,70.717737506864367,0,866,"Number in income level (48,001-75,000), 2020-21"
StatisticsRV,105,70671,GIS4T32,1821,980776694,538592.36353651842,0,10871239,"Total amount of grant and scholarship aid awarded, income level (48,001-75,000), 2020-21"
StatisticsRV,106,70676,GIS4A32,1678,9777025,5826.5941597139454,0,29369,"Average amount of grant and scholarship aid awarded, income level (48,001-75,000), 2020-21"
StatisticsRV,107,70681,GIS4N42,1821,84931,46.639758374519495,0,1015,"Number in income level (75,001-110,000), 2020-21"
StatisticsRV,108,70686,GIS4T42,1821,381005099,209228.50027457441,0,3937318,"Total amount of grant and scholarship aid awarded, income level (75,001-110,000), 2020-21"
StatisticsRV,109,70691,GIS4A42,1530,5234647,3421.3379084967319,0,22739,"Average amount of grant and scholarship aid awarded, income level (75,001-110,000), 2020-21"
StatisticsRV,110,70696,GIS4N52,1821,124848,68.560131795716643,0,2460,"Number in income level (110,001 or more), 2020-21"
StatisticsRV,111,70701,GIS4T52,1821,357021927,196058.16968698517,0,5510320,"Total amount of grant and scholarship aid awarded, income level (110,001 or more), 2020-21"
StatisticsRV,112,70706,GIS4A52,1293,2740274,2119.3147718484147,0,12099,"Average amount of grant and scholarship aid awarded, income level (110,001 or more), 2020-21"
StatisticsRV,113,71101,GIS4N1,1821,975809,535.86436024162549,0,6737,"Total number in all income levels, 2019-20"
StatisticsRV,114,71106,GIS4ON1,796,413565,519.5540201005025,0,4373,"Number living on-campus in all income levels, 2019-20"
StatisticsRV,115,71111,GIS4WF1,1805,358047,198.36398891966758,0,5652,"Number living off-campus with family in all income levels, 2019-20"
StatisticsRV,116,71116,GIS4OF1,1805,190057,105.29473684210527,0,2282,"Number living off-campus not with family in all income levels, 2019-20"
StatisticsRV,117,71121,GIS4UN1,1805,14140,7.8337950138504153,0,576,"Number living arrangement unknown in all income levels, 2019-20"
StatisticsRV,118,71126,GIS4T1,1811,7482791251,4131856.019326339,2745,74851281,"Total amount of grant and scholarship aid awarded, all income levels, 2019-20"
StatisticsRV,119,71131,GIS4A1,1811,11765091,6496.4610712313643,688,22984,"Average amount of grant and scholarship aid awarded, all income levels, 2019-20"
StatisticsRV,120,71136,GIS4N11,1811,409710,226.23412479293208,0,4610,"Number in income level (0-30,000), 2019-20"
StatisticsRV,121,71141,GIS4T11,1811,3951027055,2181682.526228603,0,37458970,"Total amount of grant and scholarship aid awarded, income level (0-30,000), 2019-20"
StatisticsRV,122,71146,GIS4A11,1806,15173140,8401.5171650055363,947,33623,"Average amount of grant and scholarship aid awarded, income level (0-30,000), 2019-20"
StatisticsRV,123,71151,GIS4N21,1811,176276,97.336278299282171,0,1214,"Number in income level (30,001-48,000), 2019-20"
StatisticsRV,124,71156,GIS4T21,1811,1681103759,928273.74875759252,0,18596031,"Total amount of grant and scholarship aid awarded, income level (30,001-48,000), 2019-20"
StatisticsRV,125,71161,GIS4A21,1738,13444735,7735.75086306099,0,32088,"Average amount of grant and scholarship aid awarded, income level (30,001-48,000), 2019-20"
StatisticsRV,126,71166,GIS4N31,1811,150708,83.218111540585312,0,1006,"Number in income level (48,001-75,000), 2019-20"
StatisticsRV,127,71171,GIS4T31,1811,1061699751,586250.55273329653,0,11172137,"Total amount of grant and scholarship aid awarded, income level (48,001-75,000), 2019-20"
StatisticsRV,128,71176,GIS4A31,1693,9315411,5502.3101004134669,0,28600,"Average amount of grant and scholarship aid awarded, income level (48,001-75,000), 2019-20"
StatisticsRV,129,71181,GIS4N41,1811,101607,56.105466593042514,0,1162,"Number in income level (75,001-110,000), 2019-20"
StatisticsRV,130,71186,GIS4T41,1811,424122803,234192.60242959691,0,5562264,"Total amount of grant and scholarship aid awarded, income level (75,001-110,000), 2019-20"
StatisticsRV,131,71191,GIS4A41,1540,4864717,3158.9071428571428,0,20123,"Average amount of grant and scholarship aid awarded, income level (75,001-110,000), 2019-20"
StatisticsRV,132,71196,GIS4N51,1811,137508,75.929320817228046,0,2552,"Number in income level (110,001 or more), 2019-20"
StatisticsRV,133,71201,GIS4T51,1811,364837883,201456.58917725013,0,5212288,"Total amount of grant and scholarship aid awarded, income level (110,001 or more), 2019-20"
StatisticsRV,134,71206,GIS4A51,1314,2507943,1908.6324200913241,0,13663,"Average amount of grant and scholarship aid awarded, income level (110,001 or more), 2019-20"
StatisticsRV,135,71401,GIS4N0,1821,968442,531.81878088962105,0,6806,"Total number in all income levels, 2018-19"
StatisticsRV,136,71406,GIS4ON0,796,424070,532.751256281407,0,4305,"Number living on-campus in all income levels, 2018-19"
StatisticsRV,137,71411,GIS4WF0,1799,346810,192.7793218454697,0,4346,"Number living off-campus with family in all income levels, 2018-19"
StatisticsRV,138,71416,GIS4OF0,1799,183865,102.20400222345748,0,1773,"Number living off-campus not with family in all income levels, 2018-19"
StatisticsRV,139,71421,GIS4UN0,1799,13697,7.6136742634797105,0,1471,"Number living arrangement unknown in all income levels, 2018-19"
StatisticsRV,140,71426,GIS4T0,1805,7168723519,3971591.9772853185,438,63602478,"Total amount of grant and scholarship aid awarded, all income levels, 2018-19"
StatisticsRV,141,71431,GIS4A0,1805,11354977,6290.8459833795014,438,22523,"Average amount of grant and scholarship aid awarded, all income levels, 2018-19"
StatisticsRV,142,71436,GIS4N10,1805,409671,226.9645429362881,0,3562,"Number in income level (0-30,000), 2018-19"
StatisticsRV,143,71441,GIS4T10,1805,3825270784,2119263.5922437673,0,28677215,"Total amount of grant and scholarship aid awarded, income level (0-30,000), 2018-19"
StatisticsRV,144,71446,GIS4A10,1802,14703403,8159.4911209766924,610,34510,"Average amount of grant and scholarship aid awarded, income level (0-30,000), 2018-19"
StatisticsRV,145,71451,GIS4N20,1805,173399,96.065927977839337,0,927,"Number in income level (30,001-48,000), 2018-19"
StatisticsRV,146,71456,GIS4T20,1805,1616436349,895532.60332409968,0,16249463,"Total amount of grant and scholarship aid awarded, income level (30,001-48,000), 2018-19"
StatisticsRV,147,71461,GIS4A20,1734,12860235,7416.5138408304501,0,34258,"Average amount of grant and scholarship aid awarded, income level (30,001-48,000), 2018-19"
StatisticsRV,148,71466,GIS4N30,1805,148738,82.403324099722994,0,1092,"Number in income level (48,001-75,000), 2018-19"
StatisticsRV,149,71471,GIS4T30,1805,1002082494,555170.35678670357,0,11339701,"Total amount of grant and scholarship aid awarded, income level (48,001-75,000), 2018-19"
StatisticsRV,150,71476,GIS4A30,1682,8763664,5210.2639714625448,0,27500,"Average amount of grant and scholarship aid awarded, income level (48,001-75,000), 2018-19"
StatisticsRV,151,71481,GIS4N40,1805,105141,58.249861495844875,0,1261,"Number in income level (75,001-110,000), 2018-19"
StatisticsRV,152,71486,GIS4T40,1805,406702998,225320.22049861494,0,5550076,"Total amount of grant and scholarship aid awarded, income level (75,001-110,000), 2018-19"
StatisticsRV,153,71491,GIS4A40,1541,4354347,2825.6632057105776,0,18805,"Average amount of grant and scholarship aid awarded, income level (75,001-110,000), 2018-19"
StatisticsRV,154,71496,GIS4N50,1805,131493,72.849307479224379,0,2424,"Number in income level (110,001 or more), 2018-19"
StatisticsRV,155,71501,GIS4T50,1805,318230894,176305.20443213297,0,5359053,"Total amount of grant and scholarship aid awarded, income level (110,001 or more), 2018-19"
StatisticsRV,156,71506,GIS4A50,1299,2225555,1713.2832948421863,0,10272,"Average amount of grant and scholarship aid awarded, income level (110,001 or more), 2018-19"
StatisticsRV,157,71802,GIS4G2,1821,740306,406.53816584294344,0,4519,"Number awarded grant and scholarship aid, all income levels, 2020-21"
StatisticsRV,158,71807,GIS4G12,1821,323956,177.90005491488193,0,2685,"Number awarded grant and scholarship aid, income level (0-30,000), 2020-21"
StatisticsRV,159,71812,GIS4G22,1821,149365,82.023613399231195,0,945,"Number awarded grant and scholarship aid, income level (30,001-48,000), 2020-21"
StatisticsRV,160,71817,GIS4G32,1821,123150,67.627677100494239,0,837,"Number awarded grant and scholarship aid, income level (48,001-75,000), 2020-21"
StatisticsRV,161,71822,GIS4G42,1821,67176,36.889621087314666,0,693,"Number awarded grant and scholarship aid, income level (75,001-110,000), 2020-21"
StatisticsRV,162,71827,GIS4G52,1821,76659,42.097199341021415,0,1194,"Number awarded grant and scholarship aid, income level (110,001 or more), 2020-21"
StatisticsRV,163,71832,GIS4G1,1811,878297,484.9790171176146,1,6342,"Number awarded grant and scholarship aid, all income levels, 2019-20"
StatisticsRV,164,71837,GIS4G11,1811,406076,224.22749861954722,0,4604,"Number awarded grant and scholarship aid, income level (0-30,000), 2019-20"
StatisticsRV,165,71842,GIS4G21,1811,174480,96.344561016013259,0,1210,"Number awarded grant and scholarship aid, income level (30,001-48,000), 2019-20"
StatisticsRV,166,71847,GIS4G31,1811,142779,78.839867476532305,0,955,"Number awarded grant and scholarship aid, income level (48,001-75,000), 2019-20"
StatisticsRV,167,71852,GIS4G41,1811,76372,42.171176145775817,0,799,"Number awarded grant and scholarship aid, income level (75,001-110,000), 2019-20"
StatisticsRV,168,71857,GIS4G51,1811,78590,43.395913859745995,0,1173,"Number awarded grant and scholarship aid, income level (110,001 or more), 2019-20"
StatisticsRV,169,71862,GIS4G0,1805,860246,476.59058171745153,1,4853,"Number awarded grant and scholarship aid, all income levels, 2018-19"
StatisticsRV,170,71867,GIS4G10,1805,405507,224.65761772853185,0,3560,"Number awarded grant and scholarship aid, income level (0-30,000), 2018-19"
StatisticsRV,171,71872,GIS4G20,1805,171349,94.930193905817177,0,923,"Number awarded grant and scholarship aid, income level (30,001-48,000), 2018-19"
StatisticsRV,172,71877,GIS4G30,1805,139137,77.084210526315786,0,1037,"Number awarded grant and scholarship aid, income level (48,001-75,000), 2018-19"
StatisticsRV,173,71882,GIS4G40,1805,75063,41.586149584487536,0,865,"Number awarded grant and scholarship aid, income level (75,001-110,000), 2018-19"
StatisticsRV,174,71887,GIS4G50,1805,69190,38.332409972299168,0,1134,"Number awarded grant and scholarship aid, income level (110,001 or more), 2018-19"
StatisticsRV,175,70711,NPIST2,1831,18696493,10211.08301474604,-583,34633,"Average net price-students awarded grant or scholarship aid, 2020-21"
StatisticsRV,176,70716,NPIST1,1826,18389696,10071.027382256298,-2010,33927,"Average net price-students awarded grant or scholarship aid, 2019-20"
StatisticsRV,177,70721,NPIST0,1820,17860255,9813.3269230769238,-2802,30585,"Average net price-students awarded grant or scholarship aid, 2018-19"
StatisticsRV,178,70726,NPIS412,1805,14486760,8025.9058171745155,-4855,35550,"Average net price (income 0-30,000)-students awarded Title IV federal financial aid, 2020-21"
StatisticsRV,179,70731,NPIS422,1725,15094576,8750.4788405797099,-3943,46770,"Average net price (income 30,001-48,000)-students awarded Title IV federal financial aid, 2020-21"
StatisticsRV,180,70736,NPIS432,1678,18479654,11012.904648390942,-543,36478,"Average net price (income 48,001-75,000)-students awarded Title IV federal financial aid, 2020-21"
StatisticsRV,181,70741,NPIS442,1530,20959401,13698.954901960784,-3762,40574,"Average net price (income 75,001-110,000)-students awarded Title IV federal financial aid, 2020-21"
StatisticsRV,182,70746,NPIS452,1293,20188098,15613.37819025522,2587,40574,"Average net price (income over 110,000)-students awarded Title IV federal financial aid, 2020-21"
StatisticsRV,183,71216,NPIS411,1806,14792665,8190.8444075304542,-1696,36000,"Average net price (income 0-30,000)-students awarded Title IV federal financial aid, 2019-20"
StatisticsRV,184,71221,NPIS421,1738,15549930,8947.0253164556962,-7211,36287,"Average net price (income 30,001-48,000)-students awarded Title IV federal financial aid, 2019-20"
StatisticsRV,185,71226,NPIS431,1693,19026239,11238.180153573538,-1455,36074,"Average net price (income 48,001-75,000)-students awarded Title IV federal financial aid, 2019-20"
StatisticsRV,186,71231,NPIS441,1540,21223467,13781.472077922079,-105,32381,"Average net price (income 75,001-110,000)-students awarded Title IV federal financial aid, 2019-20"
StatisticsRV,187,71236,NPIS451,1314,20436111,15552.595890410959,687,37076,"Average net price (income over 110,000)-students awarded Title IV federal financial aid, 2019-20"
StatisticsRV,188,71516,NPIS410,1802,14481761,8036.4933407325198,-1367,31258,"Average net price (income 0-30,000)-students awarded Title IV federal financial aid, 2018-19"
StatisticsRV,189,71521,NPIS420,1734,15381039,8870.2647058823532,-2093,31658,"Average net price (income 30,001-48,000)-students awarded Title IV federal financial aid, 2018-19"
StatisticsRV,190,71526,NPIS430,1682,18650221,11088.121878715814,-2085,33209,"Average net price (income 48,001-75,000)-students awarded Title IV federal financial aid, 2018-19"
StatisticsRV,191,71531,NPIS440,1541,21259988,13796.228423101882,256,34706,"Average net price (income 75,001-110,000)-students awarded Title IV federal financial aid, 2018-19"
StatisticsRV,192,71536,NPIS450,1299,20040967,15427.996150885296,385,33425,"Average net price (income over 110,000)-students awarded Title IV federal financial aid, 2018-19"
StatisticsRV,193,70751,GRNTN2,3541,582402,164.4738774357526,1,6591,"Total number, 2020-21"
StatisticsRV,194,70756,GRNTON2,1173,305871,260.75959079283888,0,5031,"Number living on-campus, 2020-21"
StatisticsRV,195,70761,GRNTWF2,3489,137666,39.457151046145029,0,2298,"Number living off-campus with family, 2020-21"
StatisticsRV,196,70766,GRNTOF2,3489,119613,34.282889079965607,0,2386,"Number living off-campus not with family, 2020-21"
StatisticsRV,197,70771,GRNTUN2,3494,19252,5.5100171722953633,0,787,"Number living arrangement unknown, 2020-21"
StatisticsRV,198,70776,GRNTT2,3541,11981597939,3383676.3453826602,170,124307611,"Total amount of grant and scholarship aid awarded, 2020-21"
StatisticsRV,199,70781,GRNTA2,3541,37969782,10722.89805139791,100,59840,"Average amount of grant and scholarship aid awarded, 2020-21"
StatisticsRV,200,70786,GRNTN1,3541,612603,173.00282406099973,0,5647,"Total number, 2019-20"
StatisticsRV,201,70791,GRNTON1,1167,369227,316.38988860325622,0,4275,"Number living on-campus, 2019-20"
StatisticsRV,202,70796,GRNTWF1,3405,113424,33.311013215859028,0,2080,"Number living off-campus with family, 2019-20"
StatisticsRV,203,70801,GRNTOF1,3405,114060,33.497797356828194,0,2597,"Number living off-campus not with family, 2019-20"
StatisticsRV,204,70806,GRNTUN1,3405,15892,4.6672540381791485,0,835,"Number living arrangement unknown, 2019-20"
StatisticsRV,205,70811,GRNTT1,3456,12151528757,3516067.3486689813,450,98458232,"Total amount of grant and scholarship aid awarded, 2019-20"
StatisticsRV,206,70816,GRNTA1,3456,36517049,10566.275752314816,150,59134,"Average amount of grant and scholarship aid awarded, 2019-20"
StatisticsRV,207,70821,GRNTN0,3541,607433,171.54278452414573,0,3367,"Total number, 2018-19"
StatisticsRV,208,70826,GRNTON0,1165,378241,324.6703862660944,0,3116,"Number living on-campus, 2018-19"
StatisticsRV,209,70831,GRNTWF0,3335,108795,32.622188905547226,0,1804,"Number living off-campus with family, 2018-19"
StatisticsRV,210,70836,GRNTOF0,3335,106861,32.042278860569716,0,2379,"Number living off-campus not with family, 2018-19"
StatisticsRV,211,70841,GRNTUN0,3335,13536,4.0587706146926541,0,630,"Number living arrangement unknown, 2018-19"
StatisticsRV,212,70846,GRNTT0,3386,11894515191,3512851.5035440046,450,101861567,"Total amount of grant and scholarship aid awarded, 2018-19"
StatisticsRV,213,70851,GRNTA0,3386,35215776,10400.406379208505,150,57627,"Average amount of grant and scholarship aid awarded, 2018-19"
StatisticsRV,214,70856,GRN4N2,3499,466970,133.45813089454128,1,4454,"Total number in all income levels, 2020-21"
StatisticsRV,215,70861,GRN4ON2,1153,220699,191.41283607979184,0,3813,"Number living on-campus in all income levels, 2020-21"
StatisticsRV,216,70866,GRN4WF2,3452,120510,34.910196987253769,0,1576,"Number living off-campus with family in all income levels, 2020-21"
StatisticsRV,217,70871,GRN4OF2,3452,119792,34.702201622247969,0,2827,"Number living off-campus not with family in all income levels, 2020-21"
StatisticsRV,218,70876,GRN4UN2,3457,5969,1.7266415967601967,0,417,"Number living arrangement unknown in all income levels, 2020-21"
StatisticsRV,219,70881,GRN4T2,3499,8926345348,2551113.2746498999,0,93466332,"Total amount of grant and scholarship aid awarded, all income levels, 2020-21"
StatisticsRV,220,70886,GRN4A2,3499,37352645,10675.234352672192,0,63669,"Average amount of grant and scholarship aid awarded, all income levels, 2020-21"
StatisticsRV,221,70891,GRN4N12,3499,189010,54.018290940268649,0,2380,"Number in income level (0-30,000), 2020-21"
StatisticsRV,222,70896,GRN4T12,3499,2674759231,764435.33323806804,0,29826172,"Total amount of grant and scholarship aid awarded, income level (0-30,000), 2020-21"
StatisticsRV,223,70901,GRN4A12,3434,43872986,12776.058823529413,0,78538,"Average amount of grant and scholarship aid awarded, income level (0-30,000), 2020-21"
StatisticsRV,224,70906,GRN4N22,3499,62053,17.734495570162903,0,620,"Number in income level (30,001-48,000), 2020-21"
StatisticsRV,225,70911,GRN4T22,3499,1363198337,389596.55244355532,0,16211379,"Total amount of grant and scholarship aid awarded, income level (30,001-48,000), 2020-21"
StatisticsRV,226,70916,GRN4A22,2802,38854089,13866.555674518202,0,78215,"Average amount of grant and scholarship aid awarded, income level (30,001-48,000), 2020-21"
StatisticsRV,227,70921,GRN4N32,3499,57965,16.566161760503,0,696,"Number in income level (48,001-75,000), 2020-21"
StatisticsRV,228,70926,GRN4T32,3499,1406030093,401837.69448413834,0,16058043,"Total amount of grant and scholarship aid awarded, income level (48,001-75,000), 2020-21"
StatisticsRV,229,70931,GRN4A32,2565,32956321,12848.468226120858,0,75363,"Average amount of grant and scholarship aid awarded, income level (48,001-75,000), 2020-21"
StatisticsRV,230,70936,GRN4N42,3499,51595,14.745641611889111,0,686,"Number in income level (75,001-110,000), 2020-21"
StatisticsRV,231,70941,GRN4T42,3499,1219175016,348435.27179194055,0,13623090,"Total amount of grant and scholarship aid awarded, income level (75,001-110,000), 2020-21"
StatisticsRV,232,70946,GRN4A42,2140,25338124,11840.244859813085,0,67883,"Average amount of grant and scholarship aid awarded, income level (75,001-110,000), 2020-21"
StatisticsRV,233,70951,GRN4N52,3499,106347,30.393541011717634,0,1402,"Number in income level (110,001 or more), 2020-21"
StatisticsRV,234,70956,GRN4T52,3499,2263182671,646808.42269219772,0,26562467,"Total amount of grant and scholarship aid awarded, income level (110,001 or more), 2020-21"
StatisticsRV,235,70961,GRN4A52,1873,19564374,10445.47463961559,0,57953,"Average amount of grant and scholarship aid awarded, income level (110,001 or more), 2020-21"
StatisticsRV,236,71241,GRN4N1,3499,496300,141.84052586453274,0,3873,"Total number in all income levels, 2019-20"
StatisticsRV,237,71246,GRN4ON1,1144,270296,236.27272727272728,0,3341,"Number living on-campus in all income levels, 2019-20"
StatisticsRV,238,71251,GRN4WF1,3362,106726,31.744794765020821,0,2101,"Number living off-campus with family in all income levels, 2019-20"
StatisticsRV,239,71256,GRN4OF1,3362,114788,34.142772159428908,0,2492,"Number living off-campus not with family in all income levels, 2019-20"
StatisticsRV,240,71261,GRN4UN1,3362,4490,1.3355145746579418,0,251,"Number living arrangement unknown in all income levels, 2019-20"
StatisticsRV,241,71266,GRN4T1,3408,9172587973,2691487.0812793425,0,83365053,"Total amount of grant and scholarship aid awarded, all income levels, 2019-20"
StatisticsRV,242,71271,GRN4A1,3408,35827006,10512.6191314554,0,64314,"Average amount of grant and scholarship aid awarded, all income levels, 2019-20"
StatisticsRV,243,71276,GRN4N11,3408,202657,59.465082159624416,0,3124,"Number in income level (0-30,000), 2019-20"
StatisticsRV,244,71281,GRN4T11,3408,2779759333,815657.08127934276,0,30306781,"Total amount of grant and scholarship aid awarded, income level (0-30,000), 2019-20"
StatisticsRV,245,71286,GRN4A11,3360,42471475,12640.319940476191,0,79031,"Average amount of grant and scholarship aid awarded, income level (0-30,000), 2019-20"
StatisticsRV,246,71291,GRN4N21,3408,64901,19.043720657276996,0,611,"Number in income level (30,001-48,000), 2019-20"
StatisticsRV,247,71296,GRN4T21,3408,1389906158,407836.31396713614,0,13895958,"Total amount of grant and scholarship aid awarded, income level (30,001-48,000), 2019-20"
StatisticsRV,248,71301,GRN4A21,2806,37929936,13517.439771917319,0,78773,"Average amount of grant and scholarship aid awarded, income level (30,001-48,000), 2019-20"
StatisticsRV,249,71306,GRN4N31,3408,60735,17.821302816901408,0,609,"Number in income level (48,001-75,000), 2019-20"
StatisticsRV,250,71311,GRN4T31,3408,1431082685,419918.62822769955,0,13654168,"Total amount of grant and scholarship aid awarded, income level (48,001-75,000), 2019-20"
StatisticsRV,251,71316,GRN4A31,2544,31698638,12460.156446540881,0,73830,"Average amount of grant and scholarship aid awarded, income level (48,001-75,000), 2019-20"
StatisticsRV,252,71321,GRN4N41,3408,56333,16.52963615023474,0,681,"Number in income level (75,001-110,000), 2019-20"
StatisticsRV,253,71326,GRN4T41,3408,1289836920,378473.27464788733,0,11048923,"Total amount of grant and scholarship aid awarded, income level (75,001-110,000), 2019-20"
StatisticsRV,254,71331,GRN4A41,2111,24396948,11557.057318806254,0,66637,"Average amount of grant and scholarship aid awarded, income level (75,001-110,000), 2019-20"
StatisticsRV,255,71336,GRN4N51,3408,111674,32.768192488262912,0,1207,"Number in income level (110,001 or more), 2019-20"
StatisticsRV,256,71341,GRN4T51,3408,2282002877,669601.78315727704,0,22473599,"Total amount of grant and scholarship aid awarded, income level (110,001 or more), 2019-20"
StatisticsRV,257,71346,GRN4A51,1779,18714631,10519.747611017425,0,53007,"Average amount of grant and scholarship aid awarded, income level (110,001 or more), 2019-20"
StatisticsRV,258,71541,GRN4N0,3499,498371,142.4324092597885,0,2963,"Total number in all income levels, 2018-19"
StatisticsRV,259,71546,GRN4ON0,1139,281657,247.28446005267779,0,2370,"Number living on-campus in all income levels, 2018-19"
StatisticsRV,260,71551,GRN4WF0,3268,103786,31.758261933904528,0,1804,"Number living off-campus with family in all income levels, 2018-19"
StatisticsRV,261,71556,GRN4OF0,3268,108022,33.054467564259483,0,2157,"Number living off-campus not with family in all income levels, 2018-19"
StatisticsRV,262,71561,GRN4UN0,3268,4906,1.5012239902080784,0,268,"Number living arrangement unknown in all income levels, 2018-19"
StatisticsRV,263,71566,GRN4T0,3314,9070975309,2737168.1680748342,0,86114138,"Total amount of grant and scholarship aid awarded, all income levels, 2018-19"
StatisticsRV,264,71571,GRN4A0,3314,34236291,10330.805974652987,0,60091,"Average amount of grant and scholarship aid awarded, all income levels, 2018-19"
StatisticsRV,265,71576,GRN4N10,3314,198702,59.958358479179239,0,2310,"Number in income level (0-30,000), 2018-19"
StatisticsRV,266,71581,GRN4T10,3314,2720531234,820920.71031985513,0,28774658,"Total amount of grant and scholarship aid awarded, income level (0-30,000), 2018-19"
StatisticsRV,267,71586,GRN4A10,3277,40658330,12407.180347879157,0,82913,"Average amount of grant and scholarship aid awarded, income level (0-30,000), 2018-19"
StatisticsRV,268,71591,GRN4N20,3314,64994,19.611949305974655,0,456,"Number in income level (30,001-48,000), 2018-19"
StatisticsRV,269,71596,GRN4T20,3314,1373143842,414346.36149668077,0,16861884,"Total amount of grant and scholarship aid awarded, income level (30,001-48,000), 2018-19"
StatisticsRV,270,71601,GRN4A20,2733,36184997,13240.028174167581,0,76419,"Average amount of grant and scholarship aid awarded, income level (30,001-48,000), 2018-19"
StatisticsRV,271,71606,GRN4N30,3314,63318,19.106216053108028,0,383,"Number in income level (48,001-75,000), 2018-19"
StatisticsRV,272,71611,GRN4T30,3314,1458824872,440200.62522631261,0,13247153,"Total amount of grant and scholarship aid awarded, income level (48,001-75,000), 2018-19"
StatisticsRV,273,71616,GRN4A30,2482,30246285,12186.25503626108,0,71733,"Average amount of grant and scholarship aid awarded, income level (48,001-75,000), 2018-19"
StatisticsRV,274,71621,GRN4N40,3314,60205,18.166867833433916,0,403,"Number in income level (75,001-110,000), 2018-19"
StatisticsRV,275,71626,GRN4T40,3314,1344413340,405676.9281834641,0,10759142,"Total amount of grant and scholarship aid awarded, income level (75,001-110,000), 2018-19"
StatisticsRV,276,71631,GRN4A40,2047,23223711,11345.242305813386,0,62408,"Average amount of grant and scholarship aid awarded, income level (75,001-110,000), 2018-19"
StatisticsRV,277,71636,GRN4N50,3314,111152,33.540132770066386,0,1132,"Number in income level (110,001 or more), 2018-19"
StatisticsRV,278,71641,GRN4T50,3314,2174062021,656023.54284852138,0,23600358,"Total amount of grant and scholarship aid awarded, income level (110,001 or more), 2018-19"
StatisticsRV,279,71646,GRN4A50,1759,17934877,10196.06424104605,0,54171,"Average amount of grant and scholarship aid awarded, income level (110,001 or more), 2018-19"
StatisticsRV,280,71892,GRN4G2,3499,444192,126.94827093455272,0,4392,"Number awarded grant and scholarship aid, all income levels, 2020-21"
StatisticsRV,281,71897,GRN4G12,3499,183262,52.375535867390681,0,2249,"Number awarded grant and scholarship aid, income level (0-30,000), 2020-21"
StatisticsRV,282,71902,GRN4G22,3499,59767,17.081166047442128,0,620,"Number awarded grant and scholarship aid, income level (30,001-48,000), 2020-21"
StatisticsRV,283,71907,GRN4G32,3499,55290,15.801657616461846,0,690,"Number awarded grant and scholarship aid, income level (48,001-75,000), 2020-21"
StatisticsRV,284,71912,GRN4G42,3499,47542,13.587310660188626,0,663,"Number awarded grant and scholarship aid, income level (75,001-110,000), 2020-21"
StatisticsRV,285,71917,GRN4G52,3499,98331,28.102600743069448,0,1369,"Number awarded grant and scholarship aid, income level (110,001 or more), 2020-21"
StatisticsRV,286,71922,GRN4G1,3408,472882,138.75645539906102,0,3836,"Number awarded grant and scholarship aid, all income levels, 2019-20"
StatisticsRV,287,71927,GRN4G11,3408,196645,57.70099765258216,0,3084,"Number awarded grant and scholarship aid, income level (0-30,000), 2019-20"
StatisticsRV,288,71932,GRN4G21,3408,62515,18.343603286384976,0,503,"Number awarded grant and scholarship aid, income level (30,001-48,000), 2019-20"
StatisticsRV,289,71937,GRN4G31,3408,58053,17.034330985915492,0,602,"Number awarded grant and scholarship aid, income level (48,001-75,000), 2019-20"
StatisticsRV,290,71942,GRN4G41,3408,52259,15.334213615023474,0,669,"Number awarded grant and scholarship aid, income level (75,001-110,000), 2019-20"
StatisticsRV,291,71947,GRN4G51,3408,103410,30.343309859154928,0,1190,"Number awarded grant and scholarship aid, income level (110,001 or more), 2019-20"
StatisticsRV,292,71952,GRN4G0,3314,471773,142.35757392878696,0,2493,"Number awarded grant and scholarship aid, all income levels, 2019-20"
StatisticsRV,293,71957,GRN4G10,3314,191419,57.760712130356062,0,2309,"Number awarded grant and scholarship aid, income level (0-30,000), 2018-19"
StatisticsRV,294,71962,GRN4G20,3314,62169,18.759505129752565,0,365,"Number awarded grant and scholarship aid, income level (30,001-48,000), 2018-19"
StatisticsRV,295,71967,GRN4G30,3314,60193,18.163246831623415,0,330,"Number awarded grant and scholarship aid, income level (48,001-75,000), 2018-19"
StatisticsRV,296,71972,GRN4G40,3314,55809,16.840374170187086,0,383,"Number awarded grant and scholarship aid, income level (75,001-110,000), 2018-19"
StatisticsRV,297,71977,GRN4G50,3314,102183,30.833735666867835,0,910,"Number awarded grant and scholarship aid, income level (110,001 or more), 2018-19"
StatisticsRV,298,70966,NPGRN2,3540,70813890,20003.923728813559,-1104,115511,"Average net price-students awarded grant or scholarship aid, 2020-21"
StatisticsRV,299,70971,NPGRN1,3455,68267954,19759.176266280752,-1410,111426,"Average net price-students awarded grant or scholarship aid, 2019-20"
StatisticsRV,300,70976,NPGRN0,3385,65451800,19335.834564254063,340,110429,"Average net price-students awarded grant or scholarship aid, 2018-19"
StatisticsRV,301,70981,NPT412,3433,61978507,18053.745120885524,-6711,69257,"Average net price (income 0-30,000)-students awarded Title IV federal financial aid, 2020-21"
StatisticsRV,302,70986,NPT422,2801,52888302,18881.935737236701,-8846,106569,"Average net price (income 30,001-48,000)-students awarded Title IV federal financial aid, 2020-21"
StatisticsRV,303,70991,NPT432,2564,53402601,20827.847503900157,-8561,107529,"Average net price (income 48,001-75,000)-students awarded Title IV federal financial aid, 2020-21"
StatisticsRV,304,70996,NPT442,2139,51414904,24036.888265544647,-134,109912,"Average net price (income 75,001-110,000)-students awarded Title IV federal financial aid, 2020-21"
StatisticsRV,305,71001,NPT452,1872,51045546,27267.919871794871,0,107087,"Average net price (income over 110,000)-students awarded Title IV federal financial aid, 2020-21"
StatisticsRV,306,71351,NPT411,3359,60087769,17888.5885680262,-539,111962,"Average net price (income 0-30,000)-students awarded Title IV federal financial aid, 2019-20"
StatisticsRV,307,71356,NPT421,2805,52734199,18800.070944741532,-2603,113384,"Average net price (income 30,001-48,000)-students awarded Title IV federal financial aid, 2019-20"
StatisticsRV,308,71361,NPT431,2543,53318394,20966.729846637831,-10009,113427,"Average net price (income 48,001-75,000)-students awarded Title IV federal financial aid, 2019-20"
StatisticsRV,309,71366,NPT441,2110,50853832,24101.342180094787,2553,114189,"Average net price (income 75,001-110,000)-students awarded Title IV federal financial aid, 2019-20"
StatisticsRV,310,71371,NPT451,1778,48886204,27495.052868391453,7092,107698,"Average net price (income over 110,000)-students awarded Title IV federal financial aid, 2019-20"
StatisticsRV,311,71651,NPT410,3276,57225715,17468.166971916973,-7808,108219,"Average net price (income 0-30,000)-students awarded Title IV federal financial aid, 2018-19"
StatisticsRV,312,71656,NPT420,2732,50527142,18494.56149341142,-1314,107970,"Average net price (income 30,001-48,000)-students awarded Title IV federal financial aid, 2018-19"
StatisticsRV,313,71661,NPT430,2481,51231483,20649.52962515115,1959,106087,"Average net price (income 48,001-75,000)-students awarded Title IV federal financial aid, 2018-19"
StatisticsRV,314,71666,NPT440,2046,48463633,23687.015151515152,2512,103587,"Average net price (income 75,001-110,000)-students awarded Title IV federal financial aid, 2018-19"
StatisticsRV,315,71671,NPT450,1758,47578274,27063.864618885098,5013,108712,"Average net price (income over 110,000)-students awarded Title IV federal financial aid, 2018-19"
StatisticsRV,316,,,,,,
StatisticsRV,317,,,,,,
StatisticsRV,318,,,,,,
StatisticsRV,319,,,,,,
StatisticsRV,320,,,,,,
StatisticsRV,321,,,,,,
StatisticsRV,322,,,,,,
StatisticsRV,323,,,,,,
imputation values,0,Code values for item imputation variables Xvarname
imputation values,1,CodeValue,ValueLabel
imputation values,2,A,Not applicable
imputation values,3,B,Institution left item blank
imputation values,4,C,Analyst corrected reported value
imputation values,5,D,Do not know
imputation values,6,G,Data generated from other data values
imputation values,7,H,Value not derived - data not usable
imputation values,8,J,Logical imputation
imputation values,9,K,Ratio adjustment 
imputation values,10,L,Imputed using the Group Median procedure
imputation values,11,N,Imputed using Nearest Neighbor procedure
imputation values,12,P,Imputed using Carry Forward procedure
imputation values,13,R,Reported
imputation values,14,Z,Implied zero;
